Name,Value,Min,Max,Type,Description,Solution_0_SELECTED,Solution_1,Solution_2,Solution_3,Solution_4,Solution_5,Solution_6,Solution_7,Solution_8,Solution_9,Solution_10,Solution_11,Solution_12,Solution_13,Solution_14,Solution_15,Solution_16,Solution_17,Solution_18,Solution_19,Solution_20,Solution_21,Solution_22,Solution_23,Solution_24,Solution_25,Solution_26,Solution_27,Solution_28,Solution_29,Solution_30,Solution_31,Solution_32,Solution_33,Solution_34,Solution_35,Solution_36,Solution_37,Solution_38,Solution_39,Solution_40,Solution_41,Solution_42,Solution_43,Solution_44,Solution_45,Solution_46,Solution_47,Solution_48,Solution_49,Solution_50,Solution_51,Solution_52,Solution_53,Solution_54,Solution_55,Solution_56,Solution_57,Solution_58,Solution_59,Solution_60,Solution_61,Solution_62,Solution_63,Solution_64,Solution_65,Solution_66,Solution_67,Solution_68,Solution_69,Solution_70,Solution_71,Solution_72,Solution_73,Solution_74,Solution_75,Solution_76,Solution_77,Solution_78,Solution_79,Solution_80,Solution_81,Solution_82,Solution_83,Solution_84,Solution_85,Solution_86,Solution_87,Solution_88,Solution_89,Solution_90,Solution_91,Solution_92,Solution_93,Solution_94,Solution_95,Solution_96,Solution_97,Solution_98,Solution_99,Solution_100,Solution_101,Solution_102,Solution_103,Solution_104,Solution_105,Solution_106,Solution_107,Solution_108,Solution_109,Solution_110,Solution_111,Solution_112,Solution_113,Solution_114,Solution_115,Solution_116,Solution_117,Solution_118,Solution_119,Solution_120,Solution_121,Solution_122,Solution_123,Solution_124,Solution_125,Solution_126,Solution_127,Solution_128,Solution_129,Solution_130,Solution_131,Solution_132,Solution_133,Solution_134,Solution_135,Solution_136,Solution_137,Solution_138,Solution_139,Solution_140,Solution_141,Solution_142,Solution_143,Solution_144,Solution_145,Solution_146,Solution_147,Solution_148,Solution_149,Solution_150,Solution_151,Solution_152,Solution_153,Solution_154,Solution_155,Solution_156,Solution_157,Solution_158,Solution_159,Solution_160,Solution_161,Solution_162,Solution_163,Solution_164,Solution_165,Solution_166,Solution_167,Solution_168,Solution_169,Solution_170,Solution_171,Solution_172,Solution_173,Solution_174,Solution_175,Solution_176,Solution_177,Solution_178,Solution_179,Solution_180,Solution_181,Solution_182,Solution_183,Solution_184,Solution_185,Solution_186,Solution_187,Solution_188,Solution_189,Solution_190,Solution_191,Solution_192,Solution_193,Solution_194,Solution_195,Solution_196,Solution_197,Solution_198,Solution_199,Solution_200,Solution_201,Solution_202,Solution_203,Solution_204,Solution_205,Solution_206,Solution_207,Solution_208,Solution_209,Solution_210,Solution_211,Solution_212,Solution_213,Solution_214,Solution_215,Solution_216,Solution_217,Solution_218,Solution_219,Solution_220,Solution_221,Solution_222,Solution_223,Solution_224,Solution_225,Solution_226,Solution_227,Solution_228,Solution_229,Solution_230,Solution_231,Solution_232,Solution_233,Solution_234,Solution_235,Solution_236,Solution_237,Solution_238,Solution_239,Solution_240,Solution_241,Solution_242,Solution_243,Solution_244,Solution_245,Solution_246,Solution_247,Solution_248,Solution_249,Solution_250,Solution_251,Solution_252,Solution_253,Solution_254,Solution_255,Solution_256,Solution_257,Solution_258,Solution_259,Solution_260,Solution_261,Solution_262,Solution_263,Solution_264,Solution_265,Solution_266,Solution_267,Solution_268,Solution_269,Solution_270,Solution_271,Solution_272,Solution_273,Solution_274,Solution_275,Solution_276,Solution_277,Solution_278,Solution_279,Solution_280,Solution_281,Solution_282,Solution_283,Solution_284,Solution_285,Solution_286,Solution_287,Solution_288,Solution_289,Solution_290,Solution_291,Solution_292,Solution_293,Solution_294,Solution_295,Solution_296,Solution_297,Solution_298,Solution_299,Solution_300,Solution_301,Solution_302,Solution_303,Solution_304,Solution_305,Solution_306,Solution_307,Solution_308,Solution_309,Solution_310,Solution_311,Solution_312,Solution_313,Solution_314,Solution_315,Solution_316,Solution_317,Solution_318,Solution_319,Solution_320,Solution_321,Solution_322,Solution_323,Solution_324,Solution_325,Solution_326,Solution_327,Solution_328,Solution_329,Solution_330,Solution_331,Solution_332,Solution_333,Solution_334,Solution_335,Solution_336,Solution_337,Solution_338,Solution_339,Solution_340,Solution_341,Solution_342,Solution_343,Solution_344,Solution_345,Solution_346,Solution_347,Solution_348,Solution_349,Solution_350,Solution_351,Solution_352,Solution_353,Solution_354,Solution_355,Solution_356,Solution_357,Solution_358,Solution_359,Solution_360,Solution_361,Solution_362,Solution_363,Solution_364,Solution_365,Solution_366,Solution_367,Solution_368,Solution_369,Solution_370,Solution_371,Solution_372,Solution_373,Solution_374,Solution_375,Solution_376,Solution_377,Solution_378,Solution_379,Solution_380,Solution_381,Solution_382,Solution_383,Solution_384,Solution_385,Solution_386,Solution_387,Solution_388,Solution_389,Solution_390,Solution_391,Solution_392,Solution_393,Solution_394,Solution_395,Solution_396,Solution_397,Solution_398,Solution_399,Solution_400,Solution_401,Solution_402,Solution_403,Solution_404,Solution_405,Solution_406,Solution_407,Solution_408,Solution_409,Solution_410,Solution_411,Solution_412,Solution_413,Solution_414,Solution_415,Solution_416,Solution_417,Solution_418,Solution_419,Solution_420,Solution_421,Solution_422,Solution_423,Solution_424,Solution_425,Solution_426,Solution_427,Solution_428,Solution_429,Solution_430,Solution_431,Solution_432,Solution_433,Solution_434,Solution_435,Solution_436,Solution_437,Solution_438,Solution_439,Solution_440,Solution_441,Solution_442,Solution_443,Solution_444,Solution_445,Solution_446,Solution_447,Solution_448,Solution_449,Solution_450,Solution_451,Solution_452,Solution_453,Solution_454,Solution_455,Solution_456,Solution_457,Solution_458,Solution_459,Solution_460,Solution_461,Solution_462,Solution_463,Solution_464,Solution_465,Solution_466,Solution_467,Solution_468,Solution_469,Solution_470,Solution_471,Solution_472,Solution_473,Solution_474,Solution_475,Solution_476,Solution_477,Solution_478,Solution_479,Solution_480,Solution_481
__indicatorName,BB Strategy,,,,Strategy identifier,,,,,,,,,,,,,,,,,,,,,,,,,,,,,,,,,,,,,,,,,,,,,,,,,,,,,,,,,,,,,,,,,,,,,,,,,,,,,,,,,,,,,,,,,,,,,,,,,,,,,,,,,,,,,,,,,,,,,,,,,,,,,,,,,,,,,,,,,,,,,,,,,,,,,,,,,,,,,,,,,,,,,,,,,,,,,,,,,,,,,,,,,,,,,,,,,,,,,,,,,,,,,,,,,,,,,,,,,,,,,,,,,,,,,,,,,,,,,,,,,,,,,,,,,,,,,,,,,,,,,,,,,,,,,,,,,,,,,,,,,,,,,,,,,,,,,,,,,,,,,,,,,,,,,,,,,,,,,,,,,,,,,,,,,,,,,,,,,,,,,,,,,,,,,,,,,,,,,,,,,,,,,,,,,,,,,,,,,,,,,,,,,,,,,,,,,,,,,,,,,,,,,,,,,,,,,,,,,,,,,,,,,,,,,,,,,,,,,,,,,,,,,,,,,,,,,,,,,,,,,,,,,,,,,,,,,,,,,,,,,,
=== ENTRY CRITERIA ===,,,,,,,,,,,,,,,,,,,,,,,,,,,,,,,,,,,,,,,,,,,,,,,,,,,,,,,,,,,,,,,,,,,,,,,,,,,,,,,,,,,,,,,,,,,,,,,,,,,,,,,,,,,,,,,,,,,,,,,,,,,,,,,,,,,,,,,,,,,,,,,,,,,,,,,,,,,,,,,,,,,,,,,,,,,,,,,,,,,,,,,,,,,,,,,,,,,,,,,,,,,,,,,,,,,,,,,,,,,,,,,,,,,,,,,,,,,,,,,,,,,,,,,,,,,,,,,,,,,,,,,,,,,,,,,,,,,,,,,,,,,,,,,,,,,,,,,,,,,,,,,,,,,,,,,,,,,,,,,,,,,,,,,,,,,,,,,,,,,,,,,,,,,,,,,,,,,,,,,,,,,,,,,,,,,,,,,,,,,,,,,,,,,,,,,,,,,,,,,,,,,,,,,,,,,,,,,,,,,,,,,,,,,,,,,,,,,,,,,,,,,,,,,,,,,,,,,,,,,,,,,,,,,,,,,,,,,,,,,,,,,,,,,
Enable Long Trades,true,false,true,bool,Allow long entries,,,,,,,,,,,,,,,,,,,,,,,,,,,,,,,,,,,,,,,,,,,,,,,,,,,,,,,,,,,,,,,,,,,,,,,,,,,,,,,,,,,,,,,,,,,,,,,,,,,,,,,,,,,,,,,,,,,,,,,,,,,,,,,,,,,,,,,,,,,,,,,,,,,,,,,,,,,,,,,,,,,,,,,,,,,,,,,,,,,,,,,,,,,,,,,,,,,,,,,,,,,,,,,,,,,,,,,,,,,,,,,,,,,,,,,,,,,,,,,,,,,,,,,,,,,,,,,,,,,,,,,,,,,,,,,,,,,,,,,,,,,,,,,,,,,,,,,,,,,,,,,,,,,,,,,,,,,,,,,,,,,,,,,,,,,,,,,,,,,,,,,,,,,,,,,,,,,,,,,,,,,,,,,,,,,,,,,,,,,,,,,,,,,,,,,,,,,,,,,,,,,,,,,,,,,,,,,,,,,,,,,,,,,,,,,,,,,,,,,,,,,,,,,,,,,,,,,,,,,,,,,,,,,,,,,,,,,,,,,,,,
Enable Short Trades,true,false,true,bool,Allow short entries,,,,,,,,,,,,,,,,,,,,,,,,,,,,,,,,,,,,,,,,,,,,,,,,,,,,,,,,,,,,,,,,,,,,,,,,,,,,,,,,,,,,,,,,,,,,,,,,,,,,,,,,,,,,,,,,,,,,,,,,,,,,,,,,,,,,,,,,,,,,,,,,,,,,,,,,,,,,,,,,,,,,,,,,,,,,,,,,,,,,,,,,,,,,,,,,,,,,,,,,,,,,,,,,,,,,,,,,,,,,,,,,,,,,,,,,,,,,,,,,,,,,,,,,,,,,,,,,,,,,,,,,,,,,,,,,,,,,,,,,,,,,,,,,,,,,,,,,,,,,,,,,,,,,,,,,,,,,,,,,,,,,,,,,,,,,,,,,,,,,,,,,,,,,,,,,,,,,,,,,,,,,,,,,,,,,,,,,,,,,,,,,,,,,,,,,,,,,,,,,,,,,,,,,,,,,,,,,,,,,,,,,,,,,,,,,,,,,,,,,,,,,,,,,,,,,,,,,,,,,,,,,,,,,,,,,,,,,,,,,,,
Bollinger Band Length,30,2,7,int,Lookback period for BB,5,4,4,4,4,2,4,4,3,5,3,3,3,4,2,2,4,2,2,2,2,2,2,4,2,2,2,2,2,2,4,2,2,2,2,2,2,2,2,2,2,2,2,2,2,4,3,3,4,3,2,4,3,2,3,2,2,2,3,2,3,3,3,3,2,3,2,3,4,4,2,2,3,4,4,3,3,3,3,3,2,3,2,3,3,3,2,3,2,3,2,3,2,3,2,2,4,3,2,3,2,2,3,2,3,2,2,3,3,4,2,3,4,2,3,2,5,2,2,4,2,4,2,2,2,2,2,4,2,4,2,3,4,2,4,4,2,3,2,2,3,2,2,2,4,2,4,2,2,2,3,2,2,2,2,2,2,2,4,3,2,4,2,2,4,2,2,2,2,3,5,2,2,4,4,3,2,3,2,3,4,3,2,4,3,3,4,3,2,4,2,3,2,3,3,3,3,3,5,3,4,4,3,4,3,3,3,3,3,3,3,3,3,3,5,3,4,4,3,3,4,4,3,4,3,3,3,3,2,3,3,5,3,3,4,4,3,4,3,4,3,3,4,3,3,4,3,3,5,3,3,4,3,4,3,3,5,3,4,4,3,4,4,4,4,6,3,5,5,5,4,3,2,2,4,4,3,6,4,4,4,5,4,4,3,5,5,5,4,5,3,2,3,3,3,4,5,4,4,4,4,3,4,3,4,6,3,3,3,3,4,3,3,2,2,2,2,3,4,3,3,4,3,4,4,4,4,3,4,4,4,2,4,4,4,5,5,4,4,4,4,4,5,4,4,4,4,4,5,4,4,4,2,2,4,4,4,4,4,4,4,4,4,4,4,4,4,4,3,4,4,4,4,3,4,4,2,4,3,3,2,3,3,3,4,4,3,4,3,4,3,4,4,2,4,4,4,4,4,6,3,4,4,3,6,4,4,2,4,2,4,4,4,2,2,4,4,2,4,4,4,4,4,4,4,4,4,2,3,4,4,4,4,4,4,4,4,4,2,2,6,6,3,4,4,4,4,4,2,6,4,4,4,6,4,4,5,4,4,4,4,4,6,4,6,4,4,4,4,4,4,2,4,4,4,3,5,2,2,2,2,2
Bollinger Band StdDev,2,1,3,float,StdDev multiplier for BB width (Max capped at 3.0 to prevent overfitting),2.3107,2.3686,2.379,2.3274,2.379,1.0,2.3734,2.282,2.1352,2.2749,2.1352,2.1352,2.1352,1.9701,1.0,1.0549,2.282,1.0,1.0,1.0,1.0,1.0,1.0,2.2926,1.0,1.0,1.0,1.0,1.0,1.2293,2.2413,1.0108,1.0,1.0,1.0,1.0,1.0,1.0,1.0,1.0,1.0,1.0,1.0,1.0,1.0,2.0534,2.0678,2.2154,2.2926,2.0371,1.0,1.9701,2.0443,1.0,1.6217,1.0001,1.0,1.0001,1.6217,1.0,2.1441,2.043,2.1441,1.6217,1.0755,1.8127,1.0,1.6217,2.288,2.0608,1.0,1.0,1.8703,2.1091,2.0608,1.7562,1.7562,1.7562,1.7562,1.7562,1.0001,1.9389,1.0001,1.9069,1.9069,2.043,1.0001,1.9069,1.0,1.8,1.0,2.0516,1.0,1.8089,1.0001,1.0,2.119,1.7199,1.0,1.6491,1.0,1.0,1.4073,1.0,1.4379,1.0001,1.0001,1.5101,1.6805,2.2536,1.0,1.5692,2.1465,1.0001,1.6561,1.0,1.9353,1.0,1.0,2.288,1.0,2.0608,1.0,1.0,1.0001,1.0001,1.0,2.1776,1.0,2.2985,1.0,1.522,2.14,1.0,2.2735,2.185,1.0,1.6839,1.0,1.0,1.6444,1.0,1.0,1.0,2.1317,1.0,2.288,1.0,1.0001,1.0,1.3529,1.0,1.0077,1.0,1.0,1.0,1.0,1.0,2.1486,1.8925,1.0,2.185,1.0,1.0,2.1132,1.0,1.0,1.0,1.0,1.708,2.2575,1.1041,1.0,2.1172,2.1172,1.708,1.0,1.7097,1.0,1.8528,1.9452,1.8242,1.0,2.0213,1.5201,2.1277,1.8312,1.7296,1.0371,2.0213,1.0363,1.8279,1.0,2.0988,1.9771,1.886,2.1237,2.1237,2.5675,1.5692,2.4991,2.2211,1.6217,2.2643,2.032,1.5692,2.0558,2.2522,1.8375,1.8774,1.8375,1.969,2.1357,1.8774,2.0522,1.5692,2.2181,2.0335,2.0988,1.5661,2.297,2.0098,1.5661,2.2705,1.8111,1.8111,1.8111,1.9728,1.0,2.1357,2.0059,2.5675,1.9752,2.0059,2.1835,2.1229,2.0589,2.1999,2.1776,2.2588,1.8407,2.1741,2.0958,1.8293,1.9688,2.2536,1.9081,1.285,2.5426,1.977,1.8631,2.1889,1.6948,2.237,1.977,2.0059,2.5426,1.8938,2.1894,2.147,1.9069,2.1358,2.2588,2.2588,2.0109,2.5675,1.9975,2.5675,2.5366,2.4442,2.0566,1.8732,1.0,1.0,1.9205,2.192,2.0589,2.4202,2.137,2.1933,2.0747,2.5675,2.1999,2.0493,1.7119,2.5675,2.4484,2.4484,2.215,2.5675,1.3156,1.0001,1.372,1.3238,1.8564,2.1471,2.5675,1.9359,1.9629,2.1076,2.2261,1.9286,2.3212,1.9477,2.0643,2.3566,1.3827,2.0998,1.882,1.9477,2.0701,1.8279,1.4582,1.0,1.0001,1.0001,1.0001,1.5757,2.1835,1.4196,1.8326,2.1243,1.4692,2.1134,2.0632,1.9612,2.1834,1.9233,2.206,2.1541,2.0249,1.0,2.1243,2.1229,2.2019,2.123,2.5675,2.1115,2.2357,2.3502,2.3502,2.3815,2.3211,2.2647,1.753,1.753,2.1224,2.1184,2.4316,2.1992,2.1224,1.9776,1.0,1.0,2.1992,2.1999,2.1562,2.1403,2.1351,2.1136,2.1147,2.154,2.2391,2.1977,2.2668,2.2051,2.1977,2.2703,1.2452,2.1146,2.0724,2.0203,2.182,2.1315,2.182,1.9534,1.0,2.2046,1.7787,1.7787,1.0,1.7147,1.7147,1.8366,1.9674,2.0351,1.3331,2.1296,2.1321,2.189,1.7496,2.0698,2.235,1.0,2.1293,2.1769,2.1331,2.1441,1.9303,2.335,1.6185,2.1564,2.1491,1.7197,2.4252,1.891,2.1006,1.0001,2.2554,1.0,1.8442,2.1115,2.1115,1.0,1.0,2.0919,2.208,1.0,2.0205,2.0717,2.2217,2.0205,2.0205,2.0957,2.1436,2.0646,2.0842,1.0,1.9947,2.2549,2.0186,2.1597,2.2549,2.1704,2.2476,2.1101,2.1976,2.1094,1.0,1.0,2.4252,2.4252,2.012,2.1858,2.1335,2.2045,2.1119,2.1976,1.3052,2.4252,2.1119,2.1023,2.1023,2.4252,2.2475,2.1882,2.3036,2.1102,2.1749,2.1023,2.2475,2.2552,2.4252,2.068,2.3685,2.1252,2.1142,2.2145,1.9733,2.115,2.141,1.0001,2.2312,2.2247,2.2247,1.6162,2.4419,1.0001,1.0,1.0,1.0,1.0
Long Entry on Wick Touch,0,0,1,int,"Enter if low touches lower band (0=false, 1=true) - OPTIMIZABLE",1,1,1,1,1,1,1,1,1,1,1,1,1,1,1,1,1,1,1,1,1,1,1,1,1,1,1,1,1,1,1,1,1,1,1,1,1,1,1,1,1,1,1,1,1,1,1,1,1,1,1,1,1,1,1,1,1,1,1,1,1,1,1,1,1,1,1,1,1,1,1,1,1,1,1,1,1,1,1,1,1,1,1,1,1,1,1,1,1,1,1,1,1,1,1,1,1,1,1,1,1,1,1,1,1,1,1,1,1,1,1,1,1,1,1,1,1,1,1,1,1,1,1,1,1,1,1,1,1,1,1,1,1,1,1,1,1,1,1,1,1,1,1,1,1,1,1,1,1,1,1,1,1,1,1,1,1,1,1,1,1,1,1,1,1,1,1,1,1,1,1,1,1,1,1,1,1,1,1,1,1,1,1,1,1,1,1,1,1,1,1,1,1,1,1,1,1,1,1,1,1,1,1,1,1,1,1,1,1,1,1,1,1,1,1,1,1,1,1,1,1,1,1,1,1,1,1,1,1,1,1,1,1,1,1,1,1,1,1,0,1,1,1,1,1,1,1,1,1,1,1,1,1,1,1,1,1,1,1,1,1,1,0,0,1,1,1,1,1,1,0,1,1,1,1,1,1,1,1,1,1,1,1,1,1,1,1,1,1,1,1,1,1,1,1,1,1,1,1,1,1,1,1,1,1,1,1,1,1,1,1,1,1,1,1,1,1,1,1,1,1,1,1,1,1,1,1,1,1,1,1,1,1,1,1,1,1,1,1,1,1,1,1,1,1,1,1,1,1,1,1,1,1,1,1,1,1,1,1,1,1,1,1,1,1,1,1,1,1,1,1,1,1,1,1,1,1,1,1,1,1,1,1,1,1,1,1,1,1,1,1,1,1,1,1,1,1,1,1,1,1,1,1,1,1,1,1,1,1,1,1,1,1,1,1,1,1,1,1,1,1,1,1,1,1,1,1,1,1,1,1,1,1,1,1,1,1,1,1,1,1,1,1,1,1,1,1,1,1,1,1,1,1,1,1,1,1,1,1,1,1,1,1,1,1,1,1,1,1,1,1,1,1,1,1,1,1,1,1,1,1,1
Long Entry on Body in Zone,1,0,1,int,"Enter if close ≤ lower band (0=false, 1=true) - OPTIMIZABLE",0,1,1,0,1,1,1,1,1,1,1,1,1,1,1,0,1,0,0,0,1,0,0,1,0,1,0,0,1,0,0,1,0,0,1,0,1,0,0,0,1,1,0,1,0,1,1,1,1,1,0,1,1,1,1,0,1,0,1,0,1,1,1,1,1,1,0,1,1,1,1,1,1,1,1,1,1,1,1,1,0,1,0,1,1,1,0,1,0,1,0,1,1,1,0,1,1,1,0,1,0,0,1,0,0,0,0,1,1,1,0,1,1,0,1,0,1,0,1,1,0,1,0,0,1,0,0,0,0,1,0,1,1,0,1,1,0,0,0,0,1,0,0,0,1,1,1,0,0,1,1,0,0,0,0,0,0,0,1,1,0,1,0,0,1,0,0,0,0,1,1,1,1,1,1,1,0,1,1,1,1,1,1,1,1,1,1,1,0,1,0,1,0,1,1,1,1,1,1,1,1,1,1,1,1,1,1,1,1,1,1,1,1,1,1,1,1,1,1,1,1,1,1,1,1,1,1,1,1,1,1,1,1,1,1,1,1,1,1,1,1,1,1,1,1,1,1,1,1,1,1,1,1,1,1,1,1,1,1,1,1,1,1,1,1,1,1,1,0,1,1,0,1,0,1,1,1,1,1,1,1,0,1,1,0,1,1,1,1,1,0,0,0,1,1,1,0,1,1,1,1,1,1,1,1,1,0,1,1,1,0,0,1,0,0,0,0,1,1,1,1,1,1,1,1,1,1,1,1,1,1,1,1,1,1,1,1,1,1,1,1,1,1,1,1,1,1,1,1,1,1,1,0,0,1,1,1,1,1,1,1,1,1,1,1,1,1,1,1,1,1,1,1,1,1,1,1,1,1,1,1,0,0,1,1,1,1,1,1,1,1,1,1,0,1,1,1,1,1,1,1,1,1,0,1,1,1,0,1,0,1,1,1,0,0,1,1,1,1,1,1,1,1,1,1,1,1,0,1,1,1,1,1,1,1,1,1,1,1,1,1,1,0,1,1,1,1,1,0,1,1,1,1,1,1,1,1,1,1,1,1,1,1,1,1,1,1,1,1,1,1,1,1,1,1,1,1,1,1,0,0,0
Long Trigger (% From Lower Band),0.5,0,2,float,% below lower band to trigger (min 0.5% to avoid band extremes),0.0,0.0,0.0,0.0,0.0,0.0295,0.0,0.0,0.0,0.0,0.0,0.0,0.0,0.0,0.0295,0.0044,0.0,0.0147,0.0186,0.0186,0.0,0.0,0.0112,0.0,0.0,0.0186,0.0,0.0,0.0186,0.0252,0.0,0.0231,0.0,0.0192,0.0,0.0,0.0186,0.0,0.0,0.0115,0.0019,0.0186,0.0,0.0,0.0,0.0,0.0054,0.0075,0.0,0.0,0.0,0.0,0.0245,0.022,0.0,0.0,0.022,0.0,0.0,0.0201,0.0,0.019,0.0,0.0,0.022,0.0,0.0257,0.0,0.0,0.0,0.0097,0.0097,0.0,0.0,0.0,0.1874,0.1874,0.1874,0.1874,0.1874,0.0,0.0,0.0257,0.0,0.0,0.019,0.0,0.0,0.0201,0.1543,0.0186,0.0,0.0263,0.0,0.0248,0.0,0.0,0.1467,0.0186,0.0,0.0,0.0,0.0,0.0239,0.0,0.028,0.023,0.0,0.0,0.0,0.0185,0.1326,0.0,0.023,0.0,0.0014,0.0,0.0116,0.0,0.0,0.0,0.0,0.0251,0.0252,0.0016,0.0257,0.0257,0.0028,0.0196,0.0,0.0183,0.0,0.0,0.0232,0.0,0.0,0.0205,0.0,0.0205,0.0205,0.0,0.0,0.0205,0.0178,0.0,0.0173,0.0,0.0062,0.0163,0.0241,0.0,0.02,0.0168,0.0174,0.0143,0.0,0.0214,0.0038,0.0,0.0302,0.0032,0.0,0.0174,0.0174,0.0,0.0188,0.0094,0.0182,0.0174,0.0,0.0,0.0,0.0177,0.0022,0.0022,0.0,0.0242,0.0,0.0107,0.0084,0.0546,0.0,0.0188,0.4582,0.0056,0.0405,0.515,0.1748,0.0178,0.3242,0.007,0.042,0.0199,0.0007,0.0108,0.0,0.0063,0.0063,0.0,0.2572,0.0,0.0,0.2259,0.3339,0.008,0.1748,0.0287,0.0,0.0,0.0,0.0,0.0,0.0,0.0,0.0,0.2776,0.0724,0.0,0.0007,0.0047,0.0,0.6582,0.0047,0.0,0.0169,0.0169,0.0169,0.0081,0.019,0.0,0.0084,0.0017,0.0,0.0084,0.0,0.0,0.0,0.0,0.2407,0.0811,0.0,0.0,0.0,0.0183,0.0063,0.0,0.0028,0.1726,0.0,0.0,0.0511,0.0,0.0,0.0,0.0,0.0084,0.0,0.0,0.01,0.0,0.0,0.0,0.0811,0.0811,0.0,0.0,0.0,0.0,0.0,0.0,0.0811,0.0,0.0277,0.0,0.0123,0.0,0.0,0.0,0.0,0.0,0.2228,0.0,0.0,0.0,0.0,0.0,0.0,0.0,0.0045,0.0,0.0,0.0,0.0011,0.0114,0.0,0.0,0.0,0.0,0.0,0.0036,0.0,0.0,0.0,0.0,0.0,0.0,0.3254,0.0,0.0,0.0,0.0,0.0014,0.197,0.0,0.0,0.0,0.0,0.0,0.0,0.0,0.0,0.0345,0.0,0.0,0.0005,0.0,0.0,0.0,0.0,0.0,0.0,0.026,0.0345,0.0,0.0,0.0,0.0,0.0,0.0,0.0,0.0,0.0,0.0,0.0,0.0001,0.0001,0.0057,0.0,0.0,0.0,0.0,0.0,0.0136,0.0207,0.0,0.0,0.0,0.0,0.0,0.0,0.0,0.0,0.0057,0.0,0.0,0.0,0.0,0.0,0.0,0.0001,0.0,0.0,0.0,0.0009,0.0,0.0,0.0191,0.0,0.0,0.0,0.0154,0.0,0.0,0.0203,0.0,0.0,0.0,0.0,0.0004,0.0,0.0073,0.0,0.0,0.0269,0.0,0.0,0.0,0.0,0.0,0.0,0.0,0.0,0.0,0.0,0.0,0.0,0.0,0.0264,0.0,0.0303,0.0,0.0,0.0,0.0269,0.0269,0.0,0.0,0.027,0.0,0.0,0.0,0.0,0.0,0.0,0.0,0.0,0.0,0.0207,0.0,0.0,0.0,0.0,0.0,0.0,0.0,0.0,0.0,0.0,0.0,0.0,0.0,0.0,0.0,0.0,0.0,0.0,0.0,0.0,0.022,0.0,0.0,0.0,0.0,0.0,0.0,0.0,0.0,0.0,0.0,0.0,0.0,0.0,0.0,0.0,0.0,0.0,0.0,0.0,0.0,0.0,0.1281,0.0,0.0,0.0,0.0,0.3035,0.0,0.0,0.0018,0.0,0.0,0.0
Short Entry on Wick Touch,0,0,1,int,"Enter if high touches upper band (0=false, 1=true) - OPTIMIZABLE",1,1,1,1,1,1,1,1,1,1,1,1,1,1,1,1,1,1,1,1,1,1,1,1,1,1,1,1,1,1,1,1,1,1,1,1,1,1,1,1,1,1,1,1,1,1,1,1,1,1,1,1,1,1,1,1,1,1,1,1,1,1,1,1,1,1,1,1,1,1,0,1,1,1,1,1,1,1,1,1,1,1,1,1,1,1,1,1,1,1,1,1,1,1,1,1,1,1,1,1,1,1,1,1,1,1,1,1,1,1,1,1,1,1,1,1,1,1,1,1,1,1,1,1,1,1,1,1,1,1,1,1,1,1,1,1,1,1,1,1,1,1,1,1,1,1,1,1,1,1,1,1,1,1,1,1,1,1,1,1,1,1,1,1,1,1,1,1,1,1,1,1,1,1,1,1,1,1,1,1,1,1,1,1,1,1,1,1,1,1,1,1,1,1,1,1,1,1,1,1,1,1,1,1,1,1,1,1,1,1,1,1,1,1,1,1,1,1,1,1,1,1,1,1,1,1,1,1,1,1,1,1,1,1,1,1,1,1,1,1,1,1,1,1,1,1,1,1,1,1,1,1,1,1,1,1,1,1,1,1,1,1,1,1,1,1,1,1,1,1,1,1,1,1,1,0,1,1,1,1,1,1,1,1,1,1,1,1,1,1,1,1,1,1,1,1,1,0,1,1,1,1,1,1,1,1,1,1,1,1,1,1,1,1,1,1,1,1,1,1,1,1,1,1,1,1,1,1,1,1,1,1,1,1,1,1,1,1,1,1,1,1,1,1,1,1,1,1,1,1,1,1,1,1,1,1,1,1,1,1,1,1,1,1,1,1,1,1,1,1,1,1,0,1,0,1,1,1,1,1,1,1,1,1,1,1,1,1,1,1,1,1,1,1,1,0,1,1,1,1,1,0,1,1,1,1,1,1,1,1,1,1,1,1,1,1,1,1,1,1,1,1,1,1,1,1,1,1,1,1,1,1,1,1,1,1,1,1,1,1,1,1,1,1,1,1,1,1,1,1,1,1,1,1,1,1,1,1,1,1,1,1,1,1,1,1,1,1,1,1,1,1,1,1,1,1,1,1,1,1,1,1
Short Entry on Body in Zone,1,0,1,int,"Enter if close ≥ upper band (0=false, 1=true) - OPTIMIZABLE",0,1,0,0,0,1,0,1,0,0,0,0,0,0,1,0,1,0,0,0,0,1,1,1,1,0,1,0,0,0,0,0,0,0,0,0,0,0,0,0,0,0,1,1,0,1,0,0,1,1,0,0,1,1,1,1,1,0,1,0,1,1,1,1,1,1,0,1,1,1,0,0,1,0,1,1,1,1,1,1,1,1,0,1,1,1,1,1,0,1,0,1,1,0,0,1,1,1,0,1,0,0,1,0,1,0,0,1,1,1,0,0,1,0,1,0,1,0,0,1,0,1,0,0,0,0,0,1,0,1,0,1,0,0,1,0,0,1,0,0,1,0,0,0,0,0,1,1,0,0,0,0,0,0,0,0,0,0,0,1,0,0,0,0,0,0,0,1,0,0,1,0,0,1,1,0,0,0,1,0,1,1,0,1,1,0,1,0,0,1,0,1,0,1,1,1,0,0,0,0,1,0,1,1,0,0,0,0,0,0,0,0,1,0,0,0,1,0,1,0,1,1,1,1,1,1,1,1,0,1,1,0,0,1,1,1,1,1,1,1,1,1,0,0,1,1,1,1,0,1,1,1,1,1,1,1,0,0,1,1,1,1,1,1,1,0,0,0,0,0,1,1,0,0,0,1,1,0,0,1,1,0,1,1,0,0,0,0,1,0,0,0,0,0,1,1,0,1,1,0,0,1,0,1,1,1,0,1,1,1,0,0,0,0,0,0,0,1,1,0,1,1,1,1,0,1,0,1,1,1,0,1,1,1,1,1,0,1,1,1,1,0,0,1,1,1,1,1,0,1,1,1,1,0,1,1,1,1,1,1,0,1,1,1,1,1,1,1,1,1,1,1,1,0,1,1,1,1,0,0,1,0,0,1,1,1,1,1,1,1,0,1,1,0,1,1,1,1,1,1,1,1,1,0,1,1,1,0,1,0,0,1,1,0,0,1,1,1,1,1,1,1,1,1,1,1,1,0,1,1,0,1,1,1,1,1,1,1,1,1,1,1,1,1,1,1,1,1,0,1,1,1,1,1,1,1,1,1,1,1,1,1,1,1,1,1,1,1,1,1,1,1,1,1,1,1,1,0,0,1,1,1
Short Trigger (% From Upper Band),0.5,0,2,float,% above upper band to trigger (min 0.5% to avoid band extremes),0.0,0.0,0.0,0.0,0.0,0.8144,0.0,0.0,0.0,0.0,0.0,0.0,0.0,2.0,1.2354,1.7259,0.0,1.3511,0.7368,0.9036,0.3641,0.5379,1.3177,0.0,0.8311,0.6545,0.5195,1.4781,1.0332,0.0,0.0,0.8974,1.5231,1.3143,1.5118,1.5231,0.6545,1.3294,1.2862,1.205,1.2081,0.7032,1.4026,0.1776,1.5231,1.4025,0.2048,0.0076,0.0,0.0,1.5231,1.7175,0.0,1.1367,0.0,1.4026,1.256,1.1873,0.0,1.2264,0.0,0.0,0.0,0.0,1.1367,0.2204,1.1702,0.0,0.0,0.0389,0.3053,0.3053,0.1551,0.7034,0.0389,0.0,0.0,0.0,0.0,0.0,1.4026,0.1391,1.1702,0.1391,0.0877,0.0,1.4026,0.1391,1.2264,0.0051,0.6716,0.2702,0.7965,1.778,1.3628,0.7283,0.0,0.0,0.6716,0.0,1.5886,1.5886,0.0,1.1414,0.0,1.3489,1.1019,0.1091,0.4773,0.0,1.0028,0.0,0.0,1.334,0.5484,1.4254,0.0,0.5712,1.5954,0.0,1.4254,0.0389,1.2558,0.92,1.1559,1.3988,0.804,0.0,1.2434,0.0,0.8634,0.0307,0.0,1.3294,0.0,0.0,1.8206,0.0342,1.574,1.574,0.0,1.1983,1.574,1.312,0.0,1.4595,0.0,1.0407,1.5428,0.3919,0.0,1.2737,1.8319,1.4181,1.4704,1.5186,1.05,1.0679,0.0,0.0,1.3137,0.0,1.2335,1.2335,0.0,1.1883,1.156,1.2139,0.9393,0.0239,0.0,0.0,1.2603,0.0,0.0,0.0239,0.9293,1.2089,0.8099,0.2155,0.0,1.3462,0.4707,0.0063,0.0264,0.0,0.0063,0.0,1.0845,0.0063,0.3373,0.0,0.7137,0.2588,0.0,1.0457,0.2507,0.2507,0.0,0.0,0.0,0.6213,0.0,0.0,0.3158,0.0,0.0,0.0,1.8681,1.8681,1.8681,2.0,0.1228,1.8681,0.0,0.0,0.0,0.191,0.2588,0.8277,0.0287,0.0,0.8277,1.8575,0.1244,0.277,0.277,0.4227,1.0693,0.1228,0.3647,0.0,1.8681,0.4451,0.0,0.0,0.0887,0.0612,0.0,0.0,0.0517,0.7451,2.0,0.6767,0.3241,0.0,0.3434,0.0,0.0016,0.1184,0.0,0.551,0.4045,1.4282,0.0921,0.3647,0.0016,0.1649,0.0,0.0368,0.1391,0.3685,0.0,0.0,0.4908,0.0,0.2552,0.0,0.0,0.0016,0.0,0.2781,2.0,0.3943,1.1636,0.5819,0.0887,0.0,0.2871,0.3258,0.0,0.0,0.0474,0.2554,0.1319,0.0,0.0,0.0,1.1598,0.0,1.7822,0.6194,1.5676,0.2021,0.0,0.5646,0.0,0.5414,1.0551,0.0012,0.0,0.5444,1.1635,0.2986,0.4493,0.0,0.0,0.0828,0.8585,0.2986,0.0,0.7464,0.0,0.8974,0.8974,0.5731,0.8974,0.4486,2.0,0.9017,0.1221,0.0,1.2687,0.007,0.0478,0.7176,0.0,0.0,0.0264,0.0136,2.0,1.4142,0.0,0.0,0.1555,0.4427,0.0,0.0,0.0044,0.0203,0.0,0.0,0.0,0.2354,0.3359,0.3168,0.0507,0.2051,0.0,0.0347,0.0507,0.0,0.3407,1.6479,0.0347,0.3067,0.0,0.036,0.2931,0.1708,0.1735,0.3725,0.0,0.1583,0.1632,0.1583,0.1583,0.1504,0.3328,0.1762,0.0035,0.0507,0.7865,0.1677,0.7865,0.552,1.3876,0.2063,0.6586,0.4358,0.4994,0.1641,0.4877,0.0,1.0442,0.1703,1.3714,0.1658,0.4124,1.064,0.5291,0.0722,0.2063,1.0551,0.4881,0.9952,1.1745,0.0483,0.1856,0.0,2.0,1.2675,0.6321,0.1641,0.0,0.0,0.0464,1.5689,0.0,1.5338,2.0,0.3617,0.3617,1.0551,1.0551,0.3839,0.1458,0.5236,0.7474,0.3416,0.0541,0.3736,0.294,0.5515,0.3145,0.1684,0.395,1.2601,0.5418,0.1914,1.3566,0.3526,0.1914,0.5401,0.0376,0.1531,0.2096,0.3533,1.1367,1.1367,0.0,0.0,0.0,0.1799,0.3098,0.1606,0.3595,0.2058,0.0,0.0,0.3595,0.1531,0.1531,0.0,0.4545,0.1486,0.0,0.2429,0.1579,0.1531,0.4545,0.2323,0.0,0.1799,0.0,0.3088,0.4771,0.0,0.6284,0.0,0.0,0.3093,0.4158,1.0936,1.0936,0.0,0.0,1.5202,1.1265,1.5376,1.5376,1.3796
ATR Length for Filter,26,5,20,int,ATR period for entry filter (separate from trailing stop ATR),5,5,5,5,5,5,5,5,6,6,6,6,6,7,6,6,5,14,9,9,7,5,5,14,7,8,7,5,8,5,6,5,7,7,7,7,8,5,7,7,5,8,6,7,7,14,12,10,14,7,7,7,10,6,6,6,6,7,6,6,12,10,13,6,6,5,6,6,5,20,5,5,5,6,20,14,14,14,14,14,6,5,6,5,5,10,6,5,6,20,9,17,9,7,6,5,20,16,9,5,7,7,18,6,18,6,6,5,5,5,7,11,7,6,6,7,5,9,5,5,7,20,5,6,9,6,6,5,6,5,7,14,5,5,5,5,20,12,20,20,20,5,20,5,5,7,5,6,5,7,6,8,6,7,7,6,7,5,5,5,6,5,7,7,5,7,7,7,7,20,5,7,5,5,5,20,11,9,5,20,18,5,5,20,20,20,20,7,5,20,5,20,8,5,6,5,19,19,18,7,5,5,6,5,19,7,20,20,8,8,8,8,19,8,6,7,5,5,5,7,6,5,7,5,20,20,20,11,7,19,10,18,8,10,5,16,19,5,15,12,20,20,5,20,9,5,18,11,6,7,19,5,20,5,7,10,6,7,15,5,5,5,12,12,8,18,6,18,5,6,12,7,5,7,6,5,19,6,20,5,5,18,13,6,7,18,18,18,11,18,6,7,5,7,7,6,18,9,5,6,5,5,5,20,16,6,5,20,5,20,5,5,19,7,7,7,7,9,5,5,18,6,6,10,5,8,16,7,5,16,6,7,6,16,12,5,18,5,6,5,5,10,5,5,7,7,5,15,6,5,5,16,5,6,5,5,5,5,6,5,5,15,5,20,5,20,20,5,10,6,7,5,7,20,7,5,6,5,5,5,15,7,7,20,5,5,5,7,13,5,13,5,5,6,6,7,5,15,20,6,5,7,17,7,6,5,7,6,20,5,7,5,5,6,6,5,5,6,5,5,5,5,5,5,5,5,5,6,6,5,19,5,5,15,5,5,5,5,5,5,6,6,5,5,5,5,5,5,5,6,5,5,5,6,5,5,9,5,5,5,5,5,6,5,6,5,5,5,5,5,5,5,5,5,5,5,6,9,8,5,5,5
Max ATR Filter (Points),4,2,7,float,Maximum ATR value to allow entries for mean reversion (ATR <= max). Low ATR = exhausted move ready to reverse (good). High ATR = strong momentum (bad for mean reversion). Range 1.0-6.0 points,5.216,5.7076,5.6271,5.0956,5.7239,5.1011,5.7007,5.9463,5.2765,5.4306,5.5282,5.5282,5.5282,5.0353,5.1011,5.2553,5.9463,4.478,4.9615,4.9615,4.432,5.2254,4.7745,5.4835,5.609,5.096,4.7941,4.5124,5.096,4.8791,5.2609,5.5696,4.5137,5.1623,5.1918,4.5137,5.096,5.5973,4.8154,4.6217,5.3039,5.096,4.4507,5.2873,4.4885,5.2039,5.4561,5.5585,5.7022,5.2864,4.4885,5.0353,5.4153,5.2935,4.4188,4.6493,5.2853,5.2575,4.7064,4.5426,5.3964,5.3316,5.5841,4.7064,5.2935,4.2074,4.6788,4.8331,5.7953,5.4751,4.8698,4.8698,4.2476,5.5061,5.4751,4.6701,4.6701,4.6701,4.6701,4.6701,4.6493,4.1936,4.6788,4.1936,4.2928,5.657,4.699,4.0635,4.5426,5.5522,4.9615,5.3935,6.0709,5.307,4.6788,5.6986,5.6329,5.5219,5.1237,5.0959,5.8718,5.8718,5.03,4.6788,5.03,4.703,4.6788,4.5535,4.2132,5.6293,4.5354,4.7729,5.5537,4.6788,3.7455,6.0079,5.2982,5.7606,5.0576,5.7953,6.0079,5.5416,5.2732,5.6118,4.745,5.1294,5.1294,5.6055,5.2594,5.855,4.7905,5.5408,5.7685,5.3685,5.8792,5.8751,5.4791,5.7881,5.4791,5.4791,4.5139,5.2001,5.2822,5.2508,5.8751,5.178,5.9707,3.9514,4.7312,5.2738,5.2884,4.4882,5.3129,5.0871,5.1009,6.135,4.9956,5.5736,5.9788,6.086,4.5929,6.0393,5.5131,5.5131,6.0897,5.4357,5.2216,5.609,5.3073,6.0491,5.423,5.1548,5.3978,5.031,5.031,6.0722,5.4882,5.2733,5.1705,5.0016,4.803,4.8747,5.5964,5.0967,5.9031,5.3971,4.9507,3.6283,5.6795,5.0967,4.9254,5.3746,5.0144,5.0194,5.0843,5.169,5.4882,5.4882,5.4134,3.541,5.3374,4.7971,4.7064,5.4982,5.5299,3.6283,5.4468,5.4468,5.2837,5.445,4.941,5.3439,5.3966,5.445,5.9996,3.6283,5.1938,4.8566,5.396,5.0126,5.0235,5.3893,5.0126,4.9896,4.5366,4.5366,4.5366,5.1918,5.9928,5.5596,5.4365,5.5846,5.445,5.4365,5.0693,5.4262,5.3068,4.9006,5.437,5.4581,5.5086,5.5922,4.7094,5.0942,5.5649,5.4127,5.5373,5.7449,5.5099,5.4827,4.8645,5.5609,4.8882,4.4887,5.4827,5.4365,5.5481,4.9108,6.3061,5.0688,4.2134,5.5912,5.5991,5.5991,4.6447,5.5846,5.3054,5.5809,5.5567,5.4055,5.5991,4.9993,6.1812,3.256,4.6824,5.5982,5.1543,5.8262,5.0156,5.7441,5.7665,5.5741,5.2102,5.1142,5.2688,5.5846,5.5846,5.5846,5.6037,5.5846,4.4171,2.9546,5.3905,5.2245,4.9675,5.5679,5.6869,5.5576,4.5296,5.9417,5.6577,5.301,5.6867,5.3006,5.5475,5.6996,5.2343,5.7041,5.1351,5.3006,5.3847,5.7548,5.6211,2.7221,2.7221,2.7221,2.7221,6.04,4.6746,5.3165,4.4165,5.8642,5.2765,5.9347,5.8784,5.6752,5.6997,6.6703,5.907,6.5705,5.5781,6.2647,5.8257,5.9329,5.6957,5.3725,5.9326,6.8932,5.9429,6.1042,6.1042,6.0904,5.8989,6.0194,5.5855,5.5855,6.2162,6.0756,5.9996,6.1068,6.2162,5.9329,7.0,6.473,6.1068,5.945,6.8878,6.1132,6.1394,6.1658,6.016,5.9832,6.2162,6.0881,6.0236,6.0881,6.0881,6.2602,6.3335,6.2929,6.2151,6.261,6.3645,6.2282,6.3645,6.1665,6.5207,6.2849,6.1401,6.1401,7.0,6.2966,6.2966,6.5824,6.2684,6.2121,6.0878,6.4729,6.3698,6.5215,6.4203,6.433,6.4693,6.8784,6.5111,6.6426,6.566,6.3082,6.2273,6.4362,6.4636,6.5536,6.5752,6.5488,6.6952,7.0,6.6316,7.0,6.6718,7.0,6.3184,6.7268,6.7268,6.9954,6.9954,6.7269,6.6794,6.9489,6.7551,6.7446,6.7234,6.7551,6.7551,6.6918,6.8189,6.7018,6.7911,7.0,6.7015,6.8166,6.5913,6.8546,6.8166,6.8087,7.0,6.9518,6.9538,6.9166,5.2935,5.2935,7.0,7.0,6.8642,7.0,6.9523,6.9398,6.9349,7.0,7.0,7.0,6.9349,6.9518,6.9518,7.0,6.9697,7.0,6.9663,7.0,6.882,6.9176,7.0,7.0,7.0,7.0,7.0,7.0,7.0,7.0,7.0,7.0,7.0,5.8969,6.9518,7.0,7.0,7.0,6.9595,4.745,6.5569,7.0,7.0,7.0
Min ATR Filter (Points),0.5,1.3,2.5,float,Minimum ATR floor (optional) to ensure stops aren't too tight. Default 0.5 points. ATR must be >= this AND <= Max ATR Filter,2.4672,2.5,2.5,2.4651,2.5,2.4928,2.5,2.5,2.3627,2.4777,2.3627,2.3627,2.3627,2.5,2.4928,2.4434,2.5,2.5,2.5,2.5,2.4899,2.5,2.3179,2.5,2.4923,2.4822,2.4795,2.4428,2.4822,2.4965,2.4903,2.4839,2.4765,2.5,2.4809,2.4765,2.4822,2.5,2.4816,2.3915,2.5,2.4237,2.3406,2.3927,2.3982,2.3869,2.4516,2.3667,2.5,2.3857,2.3982,2.4981,2.3243,2.5,2.3939,2.3406,2.5,2.4775,2.4742,2.3427,2.4954,2.3356,2.4954,2.4764,2.5,2.5,2.43,2.4764,2.5,2.5,2.5,2.4984,2.5,2.3726,2.5,2.2172,2.2172,2.2172,2.2172,2.2172,2.3039,2.5,2.3363,2.5,2.5,2.3356,2.3101,2.5,2.3427,2.5,2.5,2.5,2.4983,2.5,2.4317,2.5,2.3178,2.496,2.5,2.4999,2.4891,2.4891,2.5,2.2874,2.5,2.5,2.4059,2.4466,2.5,2.5,2.4006,2.5,2.4957,2.2891,2.5,2.3852,2.5,2.4033,2.5,2.5,2.3852,2.3757,2.5,2.2724,2.3093,2.3363,2.3363,2.432,2.4245,2.5,2.3809,2.4134,2.5,2.5,2.5,2.5,2.5,2.4492,2.4858,2.4858,2.4809,2.4977,2.5,2.4977,2.5,2.4573,2.5,2.4684,2.5,2.4373,2.5,2.0583,2.4421,2.428,2.4516,2.186,2.4536,2.5,2.5,2.5,2.3474,2.5,2.4415,2.4415,2.3576,2.4483,2.4701,2.4923,2.4415,2.5,2.481,2.4745,2.5,2.4554,2.4554,2.5,2.4903,2.5,2.442,2.4096,2.5,2.5,2.5,2.3534,2.4137,2.4995,2.5,2.5,2.4381,2.4031,2.4629,2.4322,2.5,2.4971,2.4985,2.5,2.4584,2.4584,2.4994,2.5,2.4784,2.4613,2.5,2.2013,2.4465,2.5,2.4456,2.5,2.5,2.5,2.5,2.5,2.5,2.5,2.5,2.5,2.3316,2.5,2.3328,2.5,2.5,2.2813,2.5,2.4984,2.4383,2.4383,2.4383,2.5,2.4493,2.5,2.5,2.4994,2.5,2.5,2.4591,2.3719,2.4413,2.5,2.5,2.1292,2.4669,2.4973,2.4867,2.493,2.4292,2.5,2.5,2.4938,2.5,2.5,2.4262,2.5,2.5,2.4787,2.5,2.5,2.5,2.4767,2.5,2.4839,2.5,2.4321,2.1292,2.1292,2.5,2.5,2.5,2.4994,2.4991,2.5,2.1292,2.3369,2.2529,2.3387,2.5,2.5,2.4413,2.4973,2.4435,2.5,2.4898,2.4994,2.4187,2.5,2.4399,2.4994,2.4994,2.4994,2.5,2.4994,2.476,2.445,2.2677,2.4918,2.5,2.5,2.4994,2.5,2.463,2.4966,2.5,2.5,2.5,2.5,2.2085,2.5,2.4716,2.4856,2.4851,2.5,2.4999,2.5,2.3489,2.4405,2.4405,2.4405,2.4405,2.0392,2.4725,2.4811,2.3731,2.4548,2.4454,2.4586,2.4994,2.4904,2.3818,2.4199,2.4985,2.5,2.4381,2.3068,2.4548,2.3719,2.361,2.4997,2.4994,2.4106,2.2422,2.3437,2.4481,2.4991,2.5,2.5,2.4419,2.4419,2.5,2.3639,2.5,2.4477,2.5,2.3719,2.4928,2.4233,2.4477,2.4101,2.4712,2.436,2.4055,2.4253,2.5,2.2651,2.5,2.366,2.2706,2.366,2.2392,2.4212,2.5,2.3916,2.4626,2.5,2.5,2.4789,2.5,2.395,2.2237,2.4211,2.5,2.5,2.4994,2.4381,2.4381,2.5,2.4459,2.3201,2.4734,2.497,2.5,2.45,2.4767,2.4107,2.5,2.2762,2.5,2.5,2.3741,2.5,2.4087,2.5,2.5,2.3917,2.4019,2.4381,2.5,2.4076,2.4653,2.5,2.499,2.5,2.5,2.4999,2.4999,2.2321,2.2321,2.5,2.5,2.5,2.5,2.4342,2.4945,2.4296,2.4296,2.5,2.4293,2.5,2.4333,2.4233,2.4544,2.5,2.5,2.4806,2.5,2.4023,2.5,2.5,2.4169,2.5,2.5,2.5,2.5,2.5,2.5,2.4241,2.4933,2.4929,2.5,2.4169,2.444,2.4873,2.5,2.5,2.5,2.5,2.5,2.4082,2.5,2.4363,2.4231,2.5,2.5,2.4336,2.5,2.4241,2.3165,2.2249,2.3963,2.4666,2.5,2.3432,2.5,2.4701,2.1257,2.3017,2.3017,2.1935,2.5,1.9463,2.4869,2.5,2.5,2.5
Enable Trend Filter,1,0,1,int,"Trade with trend only (Long > EMA, Short < EMA) - OPTIMIZABLE",0,0,0,0,0,0,0,0,0,0,0,0,0,0,0,1,0,1,0,0,1,1,1,0,1,0,1,1,0,1,0,0,1,0,1,1,0,1,1,1,1,0,1,1,1,0,0,0,0,0,1,0,0,0,1,1,0,1,1,1,0,0,0,1,0,0,1,1,0,0,1,1,0,0,0,0,0,0,0,0,1,0,1,0,0,0,1,0,1,0,0,0,0,0,1,1,0,0,0,1,1,1,1,1,1,1,1,1,0,0,1,0,0,1,0,1,0,0,0,0,1,0,1,1,1,1,1,0,1,0,1,1,0,1,0,0,1,0,1,1,1,1,1,1,0,1,0,1,1,1,1,1,1,1,1,1,1,1,0,0,1,0,1,1,0,1,1,1,1,0,0,1,1,1,1,0,1,1,1,0,1,1,1,1,0,1,1,1,1,1,1,1,1,0,1,1,0,0,0,1,0,0,1,1,0,1,1,1,1,1,1,1,0,1,0,1,1,0,0,1,0,1,1,0,0,0,0,0,1,0,0,0,1,0,0,1,0,0,0,1,0,0,0,0,0,0,0,1,0,1,1,0,1,0,1,0,0,1,0,0,0,0,1,1,0,0,0,0,0,0,1,0,1,1,0,0,0,0,0,0,0,0,0,0,0,0,0,0,0,0,1,1,1,1,1,0,0,0,0,1,0,1,0,1,0,0,1,0,1,1,0,0,1,1,1,1,1,1,0,1,0,0,1,0,0,0,1,0,0,0,0,1,0,1,0,0,0,0,0,0,0,0,0,0,1,1,0,0,0,0,0,1,0,1,0,0,0,0,0,0,0,0,0,0,0,0,0,0,1,0,0,0,0,0,0,0,1,0,1,1,0,0,0,1,0,0,1,0,0,0,0,0,0,1,0,0,0,0,0,0,1,0,0,0,0,0,0,1,0,0,0,0,0,1,1,0,0,1,0,0,0,0,0,0,0,0,0,1,1,0,0,0,0,0,0,0,0,0,0,0,0,0,0,0,0,0,0,0,1,0,0,0,0,0,0,0,0,0,0,0,0,0,0,0,0,0,0,0,0,1,0,0,0,0,0,1,0,1,0,0,0,0
Trend EMA Length,200,30,200,int,EMA Length for trend filter,84,102,93,86,93,185,105,102,200,130,200,200,200,116,185,44,102,142,67,67,160,138,185,58,105,106,121,152,106,111,126,126,153,73,106,153,106,125,153,150,83,106,175,103,153,79,167,186,58,95,153,116,200,176,105,175,176,155,105,131,104,190,104,105,176,119,155,105,95,149,121,121,119,81,149,106,106,106,106,106,175,119,155,119,119,190,175,119,131,82,67,125,139,51,155,99,116,96,67,112,170,170,47,155,47,153,155,106,119,89,97,85,155,155,109,154,106,153,105,95,154,149,86,156,98,155,155,200,71,95,149,69,89,125,95,105,146,101,146,146,95,102,146,125,105,80,95,150,152,137,59,122,38,78,104,158,81,150,74,129,149,105,86,86,182,143,111,105,86,145,110,151,132,70,70,145,132,30,157,83,101,45,155,92,123,111,92,94,188,92,116,115,64,53,49,105,150,150,110,94,111,108,105,70,148,94,109,109,73,73,73,73,147,73,103,94,93,114,53,73,98,100,73,90,112,112,112,30,133,147,128,110,73,128,108,115,140,126,88,107,122,141,161,56,125,89,118,135,32,87,95,30,101,100,87,128,32,147,121,69,119,200,107,107,120,110,42,110,197,153,107,137,109,155,124,135,140,118,92,143,121,110,65,126,111,110,110,110,30,110,125,155,65,117,75,169,110,120,109,70,119,128,47,97,147,146,61,147,72,97,125,83,97,57,57,57,57,87,108,118,113,123,191,115,161,127,107,103,58,107,104,178,123,115,113,87,110,117,80,82,82,103,71,63,108,108,118,114,103,82,118,115,190,78,82,126,110,68,110,99,135,107,118,113,93,113,113,94,88,63,91,118,107,99,107,107,149,98,98,98,106,147,147,95,117,80,140,75,130,113,100,117,98,150,121,107,114,108,115,109,60,107,125,147,123,112,84,177,104,158,90,118,118,150,150,117,59,151,103,109,120,103,103,96,120,101,200,78,98,135,117,120,135,115,133,115,116,116,176,176,123,123,117,116,121,108,115,116,71,123,115,115,115,123,48,115,99,107,115,115,48,116,123,116,123,123,126,92,42,97,111,154,115,123,123,103,96,98,91,178,177,177
Enable ADX Filter,1,0,1,int,Trade only when ADX < Threshold (Ranging Markets) - OPTIMIZABLE,0,0,0,0,0,1,0,0,1,1,1,1,1,0,1,1,0,0,1,1,1,1,1,0,1,1,1,1,1,1,0,0,1,1,1,1,1,1,1,0,1,1,1,1,1,0,0,1,0,1,1,0,1,1,0,1,1,1,0,1,1,0,1,0,1,1,1,0,0,0,0,0,1,0,0,0,0,0,0,0,1,1,1,1,1,0,1,1,1,1,0,1,1,0,1,1,0,1,0,0,1,1,1,1,1,1,1,0,1,0,1,0,0,1,1,1,0,1,1,0,1,0,1,1,1,1,1,0,1,0,1,1,0,1,0,0,1,1,1,1,1,1,1,1,0,1,0,1,1,1,1,1,1,1,1,1,1,0,0,0,1,0,1,1,0,1,1,1,1,1,0,1,1,0,0,1,1,1,1,1,0,1,1,0,1,0,0,0,1,0,1,1,1,1,1,1,1,1,0,0,0,0,0,0,0,0,1,1,1,1,1,1,1,1,0,0,0,0,1,0,0,0,0,0,1,1,1,0,1,1,0,0,1,0,0,0,1,0,1,0,1,1,1,1,1,0,1,0,0,1,1,0,1,0,1,0,0,1,0,0,1,0,0,0,0,0,0,0,0,0,0,1,1,1,0,0,1,0,0,0,0,0,0,0,1,0,0,0,0,0,1,1,1,1,1,0,0,0,0,0,0,0,0,1,0,0,1,0,0,1,0,1,1,1,1,1,1,1,0,1,0,0,0,0,0,0,0,1,0,0,0,1,0,0,0,0,0,0,0,0,0,0,0,0,0,0,0,0,0,0,0,0,1,1,0,0,0,0,0,0,0,0,0,0,0,0,0,0,0,0,0,0,0,0,0,0,1,0,1,1,1,1,1,0,0,0,1,0,0,0,1,0,0,1,0,0,0,1,0,0,0,0,0,1,0,0,0,1,0,1,0,0,0,1,1,0,0,1,0,0,0,0,0,0,0,0,0,1,0,0,0,0,0,0,0,0,0,0,1,1,0,0,1,0,0,0,0,0,1,0,0,0,0,0,0,0,0,0,0,0,0,0,0,0,0,0,0,0,0,0,0,1,0,0,0,0,0,1,1,1,1,1
ADX Period,14,10,30,int,Lookback period for ADX calculation,22,21,30,24,30,26,18,21,21,24,21,21,21,19,26,22,21,30,23,23,22,20,22,23,18,28,19,21,28,24,29,25,21,25,18,21,28,20,19,21,22,28,21,17,20,21,24,23,23,20,21,19,21,28,23,21,28,21,23,19,29,19,29,23,28,23,22,23,22,28,21,21,23,19,28,25,25,25,25,25,21,23,22,23,23,19,21,23,19,28,23,27,27,28,22,23,24,26,23,23,20,20,18,22,18,22,22,19,23,22,21,26,25,22,29,20,21,27,21,22,20,28,19,20,20,22,22,20,19,30,21,29,23,20,28,30,18,30,18,18,19,18,18,24,30,19,22,21,23,25,16,22,20,19,18,20,22,20,22,17,21,30,19,19,18,20,19,18,19,26,24,25,27,22,21,26,18,24,18,29,29,21,22,28,28,11,28,18,24,28,17,28,22,28,23,25,29,29,22,18,30,24,23,28,21,18,27,27,18,18,18,18,29,18,22,18,28,23,28,30,25,28,30,21,19,19,19,30,27,29,29,22,18,29,28,26,29,25,30,24,28,28,28,23,28,22,28,27,23,23,22,28,28,23,23,29,23,23,29,28,23,26,24,25,24,22,21,22,22,23,24,25,17,21,24,22,30,28,30,26,28,22,21,30,27,22,22,22,23,22,21,21,17,24,22,29,22,24,26,25,24,26,28,25,25,24,30,26,30,25,23,18,23,22,22,22,22,26,29,30,21,26,21,25,25,29,30,26,27,25,21,23,26,26,24,22,22,25,28,27,27,21,24,23,21,21,26,26,22,23,26,26,23,19,23,25,26,27,24,27,30,26,26,27,23,27,27,26,22,26,23,26,24,29,24,28,28,26,21,21,26,25,25,30,25,26,23,25,29,25,30,24,25,20,25,25,26,30,28,22,16,25,25,25,24,27,26,22,30,22,26,25,25,20,20,28,26,23,26,26,24,26,26,24,25,25,26,19,27,23,25,25,23,25,25,25,25,24,28,28,24,24,13,25,25,22,25,25,18,24,25,25,25,24,26,25,25,27,25,25,26,25,24,25,24,25,24,23,25,28,28,23,25,25,25,24,19,20,20,21,21,21
Max ADX Threshold,25,15,25,int,Maximum ADX allowed for entry. Lower = Only extremely choppy. Higher = Allow some trend.,22,25,24,23,24,25,24,25,18,22,18,18,18,21,25,20,25,19,24,24,20,21,24,25,20,23,22,20,23,22,24,24,22,23,23,22,23,20,22,19,23,23,22,22,22,21,18,21,25,24,22,21,21,24,24,22,24,22,24,21,19,21,19,24,24,24,22,24,25,24,23,23,24,25,24,24,24,24,24,24,22,24,22,24,24,21,22,24,21,24,24,25,24,24,22,24,24,21,24,24,20,20,25,22,25,22,22,23,24,22,20,24,24,22,24,21,25,23,25,25,21,24,25,22,25,22,22,25,20,25,19,23,25,20,25,22,20,24,20,20,24,21,20,18,22,23,25,20,22,19,25,19,20,23,23,20,21,20,22,25,19,22,21,21,21,20,23,20,21,22,25,19,19,25,25,22,23,24,20,22,24,24,23,24,25,25,24,24,21,24,21,24,25,24,23,24,23,23,24,24,22,19,24,24,24,24,23,23,24,24,24,24,23,24,25,24,24,24,24,23,24,24,23,22,23,23,23,21,20,23,18,24,24,18,22,23,22,25,19,24,24,22,24,24,23,22,24,23,25,24,24,25,23,23,24,18,25,24,20,24,24,22,24,24,24,24,20,24,25,21,24,25,25,20,21,25,22,24,24,25,17,24,25,16,24,24,24,24,24,24,19,20,21,23,24,25,24,24,22,25,25,25,25,24,24,24,19,21,25,24,24,25,24,25,25,25,25,25,18,25,24,23,21,24,25,23,24,23,25,24,25,20,23,23,22,24,24,23,25,25,25,24,24,25,23,23,23,22,25,25,23,23,18,20,25,25,25,25,23,25,19,24,23,22,25,22,22,25,24,23,20,23,22,20,22,25,23,25,25,25,22,24,24,20,21,25,25,19,24,19,23,23,25,22,24,24,21,23,23,22,25,24,24,24,24,22,20,21,18,25,25,25,25,22,22,25,25,22,18,15,25,18,18,23,25,25,15,20,17,25,21,25,25,25,25,25,25,25,24,24,24,24,24,25,25,25,25,25,21,24,25,25,25,24,25,25,22,25,25,25,25,25,24,25,24,25,25,24,25,24,24,24,25,25,25,25,25,25,25,25,25,25
RTH Start (HH:MM),09:30,09:30,09:30,str,Regular trading hours start (Eastern Time),,,,,,,,,,,,,,,,,,,,,,,,,,,,,,,,,,,,,,,,,,,,,,,,,,,,,,,,,,,,,,,,,,,,,,,,,,,,,,,,,,,,,,,,,,,,,,,,,,,,,,,,,,,,,,,,,,,,,,,,,,,,,,,,,,,,,,,,,,,,,,,,,,,,,,,,,,,,,,,,,,,,,,,,,,,,,,,,,,,,,,,,,,,,,,,,,,,,,,,,,,,,,,,,,,,,,,,,,,,,,,,,,,,,,,,,,,,,,,,,,,,,,,,,,,,,,,,,,,,,,,,,,,,,,,,,,,,,,,,,,,,,,,,,,,,,,,,,,,,,,,,,,,,,,,,,,,,,,,,,,,,,,,,,,,,,,,,,,,,,,,,,,,,,,,,,,,,,,,,,,,,,,,,,,,,,,,,,,,,,,,,,,,,,,,,,,,,,,,,,,,,,,,,,,,,,,,,,,,,,,,,,,,,,,,,,,,,,,,,,,,,,,,,,,,,,,,,,,,,,,,,,,,,,,,,,,,,,,,,,,,
RTH End (HH:MM),16:00,16:00,16:00,str,Regular trading hours end (Eastern Time),,,,,,,,,,,,,,,,,,,,,,,,,,,,,,,,,,,,,,,,,,,,,,,,,,,,,,,,,,,,,,,,,,,,,,,,,,,,,,,,,,,,,,,,,,,,,,,,,,,,,,,,,,,,,,,,,,,,,,,,,,,,,,,,,,,,,,,,,,,,,,,,,,,,,,,,,,,,,,,,,,,,,,,,,,,,,,,,,,,,,,,,,,,,,,,,,,,,,,,,,,,,,,,,,,,,,,,,,,,,,,,,,,,,,,,,,,,,,,,,,,,,,,,,,,,,,,,,,,,,,,,,,,,,,,,,,,,,,,,,,,,,,,,,,,,,,,,,,,,,,,,,,,,,,,,,,,,,,,,,,,,,,,,,,,,,,,,,,,,,,,,,,,,,,,,,,,,,,,,,,,,,,,,,,,,,,,,,,,,,,,,,,,,,,,,,,,,,,,,,,,,,,,,,,,,,,,,,,,,,,,,,,,,,,,,,,,,,,,,,,,,,,,,,,,,,,,,,,,,,,,,,,,,,,,,,,,,,,,,,,,
Enable RTH Filter,1,0,1,int,"Restrict entries to RTH only (0=false, 1=true) - OPTIMIZABLE",0,0,0,0,0,0,0,0,0,0,0,0,0,0,0,0,0,0,0,0,0,0,0,0,0,0,0,0,0,0,0,0,0,0,0,0,0,0,0,0,0,0,0,0,0,0,0,0,0,0,0,0,0,0,0,0,0,0,0,0,0,0,0,0,0,0,0,0,0,0,0,0,0,0,0,0,0,0,0,0,0,0,0,0,0,0,0,0,0,0,0,0,0,0,0,0,0,0,0,0,0,0,0,0,0,0,0,0,0,0,0,0,0,0,0,0,0,0,0,0,0,0,0,0,0,0,0,0,0,0,0,0,0,0,0,0,0,0,0,0,0,0,0,0,0,0,0,0,0,0,0,0,0,0,0,0,0,0,0,0,0,0,0,0,0,0,0,0,0,0,0,0,0,0,0,0,0,0,0,0,0,0,0,0,0,0,0,0,0,0,0,0,0,0,0,0,0,0,0,0,0,0,0,0,0,0,0,0,0,0,0,0,0,0,0,0,0,0,0,0,0,0,0,0,0,0,0,0,0,0,0,0,0,0,0,0,0,0,0,0,0,0,0,0,0,0,0,0,0,0,0,0,0,0,0,0,0,0,0,0,0,0,0,0,0,0,0,0,0,0,0,0,0,0,0,0,0,0,0,0,0,0,0,0,0,0,0,0,0,0,0,0,0,0,0,0,0,0,0,0,0,0,0,0,0,0,0,0,0,0,0,0,0,0,0,0,0,0,0,0,0,0,0,0,0,0,0,0,0,0,0,0,0,0,0,0,0,0,0,0,0,0,0,0,0,0,0,0,0,0,0,0,0,0,0,0,0,0,0,0,0,0,0,0,0,0,0,0,0,0,0,0,0,0,0,0,0,0,0,0,0,0,0,0,0,0,0,0,0,0,0,0,0,0,0,0,0,0,0,0,0,0,0,0,0,0,0,0,0,0,0,0,0,0,0,0,0,0,0,0,0,0,0,0,0,0,0,0,0,0,0,0,0,0,0,0,0,0,0,0,0,0,0,0,0,0,0,0,0,0,0,0,0,0,0,0,0,0,0,0,0,0,0,0,0,0,0,0,0,0,0,0,0,0,0,0,0,0,0,0,0,0
RTH Exit Buffer (minutes),0,0,60,int,Minutes before RTH end to start closing positions (0 = no auto-close),22,21,21,22,21,54,21,21,35,20,35,35,35,34,54,50,21,43,44,44,60,60,60,17,57,59,42,53,59,28,17,53,48,46,60,48,59,59,58,56,56,59,60,47,48,14,20,37,17,28,48,34,43,55,24,60,55,42,24,59,24,43,24,24,55,33,58,24,18,1,24,24,33,42,1,36,36,36,36,36,60,33,58,33,33,43,60,33,59,41,44,18,54,41,58,60,34,39,44,21,57,57,60,58,60,54,58,46,33,17,58,43,14,58,3,58,43,40,46,18,58,1,59,60,60,58,58,24,22,18,51,41,13,59,18,19,56,8,56,56,36,57,56,59,19,60,18,60,38,55,46,51,52,59,59,57,46,24,19,28,56,19,56,56,37,56,59,57,56,60,25,56,57,13,13,60,58,52,57,26,60,48,60,0,34,29,0,12,56,0,33,47,60,40,54,49,38,38,31,12,26,54,24,6,42,12,34,34,49,49,49,49,33,49,18,12,0,31,40,56,7,13,56,8,60,60,60,53,56,33,18,31,49,18,43,29,33,29,59,26,36,27,39,36,17,17,36,23,38,33,60,26,49,8,33,18,38,60,23,0,33,14,26,26,30,31,35,31,18,13,26,25,38,60,17,14,33,8,22,29,18,31,5,17,43,31,31,31,41,31,60,60,60,54,37,24,31,29,60,13,19,37,25,60,12,13,60,33,23,60,35,53,19,53,53,53,53,43,0,47,46,29,60,32,37,26,28,13,20,17,20,57,29,29,29,34,31,29,12,29,29,31,26,16,47,47,17,29,18,15,17,29,59,60,15,29,1,28,8,25,18,13,17,30,28,30,30,24,33,43,33,17,30,35,30,17,60,28,41,41,26,60,60,0,17,28,32,23,22,18,19,17,28,60,17,30,35,17,26,16,45,32,21,60,9,29,28,59,10,22,30,31,31,60,60,17,31,59,14,21,34,14,14,27,20,30,24,60,34,13,37,30,13,22,29,30,22,18,55,55,9,9,39,29,19,10,21,22,39,9,21,30,30,9,31,25,16,15,42,30,31,27,9,29,6,21,13,20,27,23,0,56,30,28,28,23,23,60,32,30,30,30
Enable Maintenance Filter,true,false,true,bool,Exit positions before maintenance periods,,,,,,,,,,,,,,,,,,,,,,,,,,,,,,,,,,,,,,,,,,,,,,,,,,,,,,,,,,,,,,,,,,,,,,,,,,,,,,,,,,,,,,,,,,,,,,,,,,,,,,,,,,,,,,,,,,,,,,,,,,,,,,,,,,,,,,,,,,,,,,,,,,,,,,,,,,,,,,,,,,,,,,,,,,,,,,,,,,,,,,,,,,,,,,,,,,,,,,,,,,,,,,,,,,,,,,,,,,,,,,,,,,,,,,,,,,,,,,,,,,,,,,,,,,,,,,,,,,,,,,,,,,,,,,,,,,,,,,,,,,,,,,,,,,,,,,,,,,,,,,,,,,,,,,,,,,,,,,,,,,,,,,,,,,,,,,,,,,,,,,,,,,,,,,,,,,,,,,,,,,,,,,,,,,,,,,,,,,,,,,,,,,,,,,,,,,,,,,,,,,,,,,,,,,,,,,,,,,,,,,,,,,,,,,,,,,,,,,,,,,,,,,,,,,,,,,,,,,,,,,,,,,,,,,,,,,,,,,,,,,
Daily Maintenance Start (HH:MM),17:00,17:00,17:00,str,Daily maintenance period start in Eastern Time (ES: 4:00 PM CT = 5:00 PM ET),,,,,,,,,,,,,,,,,,,,,,,,,,,,,,,,,,,,,,,,,,,,,,,,,,,,,,,,,,,,,,,,,,,,,,,,,,,,,,,,,,,,,,,,,,,,,,,,,,,,,,,,,,,,,,,,,,,,,,,,,,,,,,,,,,,,,,,,,,,,,,,,,,,,,,,,,,,,,,,,,,,,,,,,,,,,,,,,,,,,,,,,,,,,,,,,,,,,,,,,,,,,,,,,,,,,,,,,,,,,,,,,,,,,,,,,,,,,,,,,,,,,,,,,,,,,,,,,,,,,,,,,,,,,,,,,,,,,,,,,,,,,,,,,,,,,,,,,,,,,,,,,,,,,,,,,,,,,,,,,,,,,,,,,,,,,,,,,,,,,,,,,,,,,,,,,,,,,,,,,,,,,,,,,,,,,,,,,,,,,,,,,,,,,,,,,,,,,,,,,,,,,,,,,,,,,,,,,,,,,,,,,,,,,,,,,,,,,,,,,,,,,,,,,,,,,,,,,,,,,,,,,,,,,,,,,,,,,,,,,,,
Daily Maintenance End (HH:MM),17:30,17:30,17:30,str,Daily maintenance period end in Eastern Time (ES: 4:30 PM CT = 5:30 PM ET),,,,,,,,,,,,,,,,,,,,,,,,,,,,,,,,,,,,,,,,,,,,,,,,,,,,,,,,,,,,,,,,,,,,,,,,,,,,,,,,,,,,,,,,,,,,,,,,,,,,,,,,,,,,,,,,,,,,,,,,,,,,,,,,,,,,,,,,,,,,,,,,,,,,,,,,,,,,,,,,,,,,,,,,,,,,,,,,,,,,,,,,,,,,,,,,,,,,,,,,,,,,,,,,,,,,,,,,,,,,,,,,,,,,,,,,,,,,,,,,,,,,,,,,,,,,,,,,,,,,,,,,,,,,,,,,,,,,,,,,,,,,,,,,,,,,,,,,,,,,,,,,,,,,,,,,,,,,,,,,,,,,,,,,,,,,,,,,,,,,,,,,,,,,,,,,,,,,,,,,,,,,,,,,,,,,,,,,,,,,,,,,,,,,,,,,,,,,,,,,,,,,,,,,,,,,,,,,,,,,,,,,,,,,,,,,,,,,,,,,,,,,,,,,,,,,,,,,,,,,,,,,,,,,,,,,,,,,,,,,,,
Weekend Maintenance Start Day,4,4,4,int,"Weekend maintenance start day (0=Monday, 1=Tuesday, 2=Wednesday, 3=Thursday, 4=Friday, 5=Saturday, 6=Sunday). For ES futures: 4 (Friday)",,,,,,,,,,,,,,,,,,,,,,,,,,,,,,,,,,,,,,,,,,,,,,,,,,,,,,,,,,,,,,,,,,,,,,,,,,,,,,,,,,,,,,,,,,,,,,,,,,,,,,,,,,,,,,,,,,,,,,,,,,,,,,,,,,,,,,,,,,,,,,,,,,,,,,,,,,,,,,,,,,,,,,,,,,,,,,,,,,,,,,,,,,,,,,,,,,,,,,,,,,,,,,,,,,,,,,,,,,,,,,,,,,,,,,,,,,,,,,,,,,,,,,,,,,,,,,,,,,,,,,,,,,,,,,,,,,,,,,,,,,,,,,,,,,,,,,,,,,,,,,,,,,,,,,,,,,,,,,,,,,,,,,,,,,,,,,,,,,,,,,,,,,,,,,,,,,,,,,,,,,,,,,,,,,,,,,,,,,,,,,,,,,,,,,,,,,,,,,,,,,,,,,,,,,,,,,,,,,,,,,,,,,,,,,,,,,,,,,,,,,,,,,,,,,,,,,,,,,,,,,,,,,,,,,,,,,,,,,,,,,
Weekend Maintenance Start Time (HH:MM),17:00,17:00,17:00,str,Weekend maintenance start time in Eastern Time (ES: Fri 4:00 PM CT = 5:00 PM ET),,,,,,,,,,,,,,,,,,,,,,,,,,,,,,,,,,,,,,,,,,,,,,,,,,,,,,,,,,,,,,,,,,,,,,,,,,,,,,,,,,,,,,,,,,,,,,,,,,,,,,,,,,,,,,,,,,,,,,,,,,,,,,,,,,,,,,,,,,,,,,,,,,,,,,,,,,,,,,,,,,,,,,,,,,,,,,,,,,,,,,,,,,,,,,,,,,,,,,,,,,,,,,,,,,,,,,,,,,,,,,,,,,,,,,,,,,,,,,,,,,,,,,,,,,,,,,,,,,,,,,,,,,,,,,,,,,,,,,,,,,,,,,,,,,,,,,,,,,,,,,,,,,,,,,,,,,,,,,,,,,,,,,,,,,,,,,,,,,,,,,,,,,,,,,,,,,,,,,,,,,,,,,,,,,,,,,,,,,,,,,,,,,,,,,,,,,,,,,,,,,,,,,,,,,,,,,,,,,,,,,,,,,,,,,,,,,,,,,,,,,,,,,,,,,,,,,,,,,,,,,,,,,,,,,,,,,,,,,,,,,
Weekend Maintenance End Day,6,6,6,int,"Weekend maintenance end day (0=Monday, 1=Tuesday, 2=Wednesday, 3=Thursday, 4=Friday, 5=Saturday, 6=Sunday). For ES futures: 6 (Sunday)",,,,,,,,,,,,,,,,,,,,,,,,,,,,,,,,,,,,,,,,,,,,,,,,,,,,,,,,,,,,,,,,,,,,,,,,,,,,,,,,,,,,,,,,,,,,,,,,,,,,,,,,,,,,,,,,,,,,,,,,,,,,,,,,,,,,,,,,,,,,,,,,,,,,,,,,,,,,,,,,,,,,,,,,,,,,,,,,,,,,,,,,,,,,,,,,,,,,,,,,,,,,,,,,,,,,,,,,,,,,,,,,,,,,,,,,,,,,,,,,,,,,,,,,,,,,,,,,,,,,,,,,,,,,,,,,,,,,,,,,,,,,,,,,,,,,,,,,,,,,,,,,,,,,,,,,,,,,,,,,,,,,,,,,,,,,,,,,,,,,,,,,,,,,,,,,,,,,,,,,,,,,,,,,,,,,,,,,,,,,,,,,,,,,,,,,,,,,,,,,,,,,,,,,,,,,,,,,,,,,,,,,,,,,,,,,,,,,,,,,,,,,,,,,,,,,,,,,,,,,,,,,,,,,,,,,,,,,,,,,,,
Weekend Maintenance End Time (HH:MM),18:00,18:00,18:00,str,Weekend maintenance end time in Eastern Time (ES: Sun 5:00 PM CT = 6:00 PM ET),,,,,,,,,,,,,,,,,,,,,,,,,,,,,,,,,,,,,,,,,,,,,,,,,,,,,,,,,,,,,,,,,,,,,,,,,,,,,,,,,,,,,,,,,,,,,,,,,,,,,,,,,,,,,,,,,,,,,,,,,,,,,,,,,,,,,,,,,,,,,,,,,,,,,,,,,,,,,,,,,,,,,,,,,,,,,,,,,,,,,,,,,,,,,,,,,,,,,,,,,,,,,,,,,,,,,,,,,,,,,,,,,,,,,,,,,,,,,,,,,,,,,,,,,,,,,,,,,,,,,,,,,,,,,,,,,,,,,,,,,,,,,,,,,,,,,,,,,,,,,,,,,,,,,,,,,,,,,,,,,,,,,,,,,,,,,,,,,,,,,,,,,,,,,,,,,,,,,,,,,,,,,,,,,,,,,,,,,,,,,,,,,,,,,,,,,,,,,,,,,,,,,,,,,,,,,,,,,,,,,,,,,,,,,,,,,,,,,,,,,,,,,,,,,,,,,,,,,,,,,,,,,,,,,,,,,,,,,,,,,,
Maintenance Buffer Minutes,5,1,30,int,Minutes before/after maintenance to exit/block trading,30,20,23,21,23,22,23,20,17,29,17,17,17,1,22,27,20,14,23,23,19,15,23,15,23,24,20,25,24,21,27,16,25,23,26,25,24,25,18,27,29,24,18,20,25,17,17,17,15,1,25,1,26,23,21,18,23,18,21,23,18,23,18,21,23,24,18,21,17,19,18,18,24,11,19,24,24,24,24,24,18,24,18,24,24,23,18,24,23,18,23,24,22,17,18,29,15,18,23,19,16,16,15,18,15,17,18,21,24,25,26,22,25,18,25,25,3,22,30,17,25,19,28,18,30,18,18,16,24,17,26,17,16,25,17,17,30,17,30,30,23,16,30,24,17,26,17,30,17,22,16,27,25,26,26,25,25,16,16,19,29,17,25,25,1,25,26,23,25,18,18,13,29,17,17,18,26,19,25,23,21,1,12,18,25,23,18,20,24,18,18,20,26,18,26,1,21,21,16,20,21,11,21,17,18,20,23,23,3,3,3,3,22,3,20,20,18,16,18,27,21,18,27,23,21,21,21,17,25,22,14,16,3,14,11,22,22,17,18,22,16,17,18,24,22,25,17,26,11,16,20,7,23,21,16,14,11,20,26,17,24,20,22,22,17,16,22,16,15,19,22,21,17,19,1,17,22,24,21,17,18,16,17,13,23,16,16,16,4,16,20,19,17,27,1,17,16,17,25,17,13,6,20,17,23,22,18,21,19,17,16,17,15,19,19,19,19,24,18,18,22,20,18,22,17,21,21,18,16,12,1,22,20,22,24,21,16,19,18,18,18,14,21,16,17,17,17,21,20,17,17,22,19,22,17,17,23,17,15,17,13,26,17,27,17,27,27,17,14,17,16,17,17,14,17,19,16,21,24,24,21,21,21,21,12,16,21,18,14,15,24,17,21,17,17,17,17,11,22,25,24,17,20,21,17,2,18,17,12,18,16,17,17,17,17,17,3,20,18,17,17,18,18,15,17,17,17,22,16,16,17,17,16,19,21,17,17,17,23,23,17,17,17,17,17,17,17,17,22,17,17,17,17,17,16,17,17,14,22,17,16,17,16,17,15,17,17,23,11,15,19,21,17,29,29,19,20,30,28,18,18,18
Volume MA Length,50,75,200,int,Rolling window for average volume calculation (used by volume filter),92,110,87,85,87,115,88,110,75,92,75,75,75,151,115,200,110,200,170,170,200,185,200,75,75,173,195,200,173,200,76,200,200,170,164,200,173,200,200,200,147,173,200,130,200,135,174,76,75,148,200,151,104,115,200,200,115,200,200,187,200,107,200,200,115,75,200,200,120,92,148,148,75,75,92,167,167,167,167,167,200,75,200,75,75,107,200,75,187,76,170,170,129,136,200,151,116,75,170,143,164,164,94,200,94,82,200,200,75,78,164,167,88,200,151,172,152,200,200,120,172,92,200,197,169,200,200,84,162,126,200,180,75,200,117,129,171,150,171,171,200,163,171,200,129,165,120,200,95,91,126,200,168,162,161,152,174,161,114,166,200,129,169,169,152,199,165,75,169,177,200,82,142,85,85,177,160,133,75,169,116,138,101,109,98,150,109,155,174,109,147,147,200,145,149,140,159,159,132,155,77,129,200,117,181,155,123,123,148,148,148,148,195,148,101,155,106,146,145,75,99,103,75,111,149,149,149,166,200,195,165,132,148,165,137,149,189,76,200,168,166,155,175,150,158,78,124,75,94,92,188,105,188,89,92,165,94,114,75,108,75,81,168,167,104,132,178,132,99,92,168,200,119,200,128,114,189,129,83,75,107,132,103,161,200,132,132,132,79,132,115,200,200,158,135,123,132,103,128,97,130,176,145,75,75,86,128,193,94,75,92,125,161,169,169,169,169,172,140,200,182,80,170,146,98,109,126,200,75,136,132,88,80,149,160,90,132,162,98,124,124,145,82,114,75,75,84,172,101,112,84,149,187,171,112,75,92,116,94,116,132,200,84,200,109,200,200,117,110,99,94,84,111,181,111,101,199,133,77,77,136,200,200,178,113,96,200,75,164,98,170,97,133,198,75,96,98,75,191,75,145,91,110,200,118,149,94,200,183,200,175,75,75,198,198,104,115,75,98,95,75,98,98,159,92,83,98,171,97,75,111,81,75,103,92,75,89,77,115,115,117,117,75,80,87,75,75,89,196,117,75,75,75,117,113,94,147,96,82,75,113,85,117,80,103,86,101,75,122,140,86,111,75,88,88,109,112,169,143,200,200,200
Max Volume Multiplier,1.2,2,4,float,"Volume filter for mean reversion - MAX volume allowed (volume <= avg * multiplier). Low volume = exhausted move ready to reverse. High volume = strong momentum (bad for mean reversion). Range 0.5-3.0 (1.0 = no filter, lower = more restrictive)",3.3904,3.2933,3.3261,3.3635,3.3261,3.1504,3.423,3.0475,3.4221,3.3242,3.4221,3.4221,2.9676,2.6139,3.1504,2.7928,3.2933,3.1075,2.8903,2.8903,3.0702,3.0099,3.0074,4.0,3.0813,3.0587,3.3673,3.0347,2.8276,2.8655,3.3546,3.0673,3.1821,2.839,3.2808,3.1821,3.1865,3.0018,3.0062,2.6675,2.6653,3.1366,2.9937,3.2724,3.1821,4.0,3.1602,3.3797,3.9374,2.6744,3.1821,2.6139,2.0,2.8888,2.8864,2.9937,2.6988,3.1404,2.8864,2.5822,2.7609,2.0148,2.8016,2.8864,2.8888,2.075,2.9994,2.8864,3.1012,3.4271,2.6779,2.6779,2.4628,2.9231,3.2975,2.8152,2.8152,2.8152,2.8152,2.8152,2.9937,3.0829,2.9994,3.0829,3.0829,2.0148,2.9937,3.0829,2.8145,3.5384,3.0683,2.8946,3.0792,3.3549,2.9994,2.865,3.3897,3.5809,3.0683,3.6639,3.0551,3.0551,2.6921,2.9994,2.6921,2.8666,2.8175,3.0482,2.4628,3.0454,2.7387,3.0537,3.6633,2.9994,2.2213,3.1531,3.2196,3.0454,2.8575,3.1012,3.1531,3.4271,2.3166,2.7229,2.3852,2.9994,3.069,3.0559,3.2342,3.1037,2.5245,2.9356,2.4649,3.0018,3.1162,3.5709,3.124,2.7879,3.1605,3.1605,2.9692,2.9313,3.1605,3.0041,3.5709,3.2752,3.1012,2.7667,2.8959,3.1219,2.7319,2.6512,2.9851,3.2072,3.2129,3.1646,3.0469,2.668,3.5804,3.3422,2.9236,3.7917,3.1127,3.1127,3.3787,3.1112,3.2619,3.0305,3.1127,3.9635,2.2739,3.0232,3.3125,3.1502,3.1502,3.9635,3.1707,3.0491,2.8338,2.3774,3.0363,3.0102,3.1396,3.3071,3.0694,2.3067,3.0342,2.568,2.5043,3.2565,3.1101,2.6481,2.8748,2.0,3.0219,2.9635,2.7913,2.7869,3.3141,3.1006,2.8371,3.5052,2.8864,3.341,3.1657,3.1608,2.2247,2.2247,2.9429,2.9966,2.9429,2.9097,2.769,2.4528,3.6394,3.2167,3.2155,2.9523,2.0,3.0501,3.1747,3.4044,3.0501,3.218,3.2001,3.0831,3.0831,3.1132,3.0537,2.769,3.1114,3.4466,2.9429,3.1114,3.4075,3.5497,2.8921,2.4063,3.195,3.6213,2.9049,2.2767,4.0,2.9803,2.9636,2.2023,2.595,3.1655,2.8548,3.2438,2.6353,3.3001,3.0869,3.747,3.2438,3.1114,2.8548,3.3011,3.4276,3.1393,2.4628,2.0,3.6213,3.6213,2.0,3.7176,2.8142,3.4978,3.4675,3.5389,3.9386,3.0261,3.2654,3.4498,2.6438,2.4311,2.5818,3.2992,2.0426,2.5444,2.4581,3.4993,3.4467,3.2989,2.8575,3.2826,3.4765,3.4765,2.4958,3.3747,3.2357,3.0846,2.0,2.9726,3.1295,3.7123,3.5656,2.0,3.5166,2.1346,3.2677,3.2963,3.3206,3.2402,3.4148,3.3664,2.0,2.7727,3.6076,3.2402,2.4709,2.0,2.9105,3.0556,3.0556,3.0556,3.0556,2.4941,3.4231,3.1909,2.0,2.0,3.2601,3.0972,2.1138,3.0994,3.1668,2.9525,2.7381,2.9875,3.7305,2.9766,2.0,3.1775,3.8599,3.0751,3.4978,3.6781,2.2057,2.8477,2.8477,2.8973,3.3903,2.7195,2.2199,2.2199,2.0067,3.0971,3.5721,2.3943,2.0067,3.1775,2.7699,2.653,2.3943,2.4063,3.4832,2.1733,2.0,2.3792,3.3635,3.2488,2.0067,3.2483,2.7312,3.2483,3.639,2.3988,3.2427,2.1536,2.0,2.0,2.0,2.9168,2.1384,2.069,2.6233,2.8262,2.5937,2.5937,2.4379,2.99,2.8963,3.1194,2.5223,2.3798,2.9836,2.0558,2.8402,2.0,4.0,2.0,2.8262,2.8298,2.0067,2.0,2.0,3.1542,2.9094,2.5786,2.7399,2.1879,2.6518,2.99,3.2984,3.5269,2.0676,2.9418,3.1466,3.0253,2.0958,2.1798,2.1798,2.8298,2.8298,2.0,2.1788,2.7349,2.0,2.0448,2.3996,2.0,2.0,3.5609,2.0,2.2494,2.0,2.653,2.8759,2.1042,4.0,2.0,2.1042,2.0,2.0,2.0,2.0,2.0,2.8888,2.8888,3.2984,3.2984,2.3563,2.0,2.1169,2.0,2.0,2.0,2.6385,3.2962,2.0,2.0,2.0,3.2984,2.4343,2.3059,3.4072,2.4602,2.8915,2.2796,2.4343,2.0,3.2984,2.0,3.1507,2.0145,2.2629,2.6535,2.7631,3.1448,3.6212,2.8915,2.2484,2.888,2.888,2.0,2.4614,2.3852,2.0,3.0196,3.0196,3.0196
Timeframe (minutes),15,1,5,int,Resample timeframe in minutes,2,3,3,2,3,3,3,3,2,2,2,2,2,1,3,3,3,3,5,5,3,4,3,4,4,5,4,3,5,4,3,5,3,4,4,3,5,3,3,3,4,5,3,4,3,1,2,2,4,4,3,1,1,4,5,3,4,3,5,3,2,5,2,5,4,1,3,5,3,1,3,3,1,1,1,5,5,5,5,5,3,1,3,1,1,5,3,1,3,2,5,2,4,5,3,4,5,2,5,5,3,3,4,3,4,3,3,1,1,3,3,5,4,3,1,4,4,5,5,3,4,1,3,3,3,3,3,3,3,3,3,1,4,3,3,4,3,5,3,3,1,4,3,4,4,4,3,3,3,4,3,3,4,4,4,4,4,3,4,5,3,4,4,4,5,4,4,4,4,5,2,4,4,5,5,5,3,3,4,5,1,4,4,1,5,2,1,1,4,1,3,2,4,5,4,4,5,5,3,1,5,5,5,1,5,1,2,2,3,3,3,3,5,3,3,1,2,4,5,5,5,2,5,5,1,1,1,5,4,5,5,3,3,5,5,5,5,5,2,1,5,5,1,1,5,3,5,3,3,4,2,5,3,4,4,5,3,4,1,5,1,5,1,1,5,3,5,3,3,3,1,5,3,3,1,5,5,3,5,5,3,3,5,5,5,3,3,3,5,3,4,3,4,4,4,1,3,5,4,5,5,4,5,4,5,3,1,5,4,4,5,4,2,2,2,2,2,1,1,5,5,5,3,5,5,5,4,5,5,1,5,3,5,5,5,3,3,5,5,5,5,5,4,5,4,4,5,5,3,5,5,5,3,4,5,5,5,5,5,5,5,5,5,5,5,5,5,5,4,5,5,5,5,5,5,5,4,5,5,5,4,5,5,5,5,5,5,5,5,5,5,5,5,4,5,5,5,1,5,3,5,5,5,5,3,5,5,3,5,5,5,5,5,4,4,5,5,4,5,5,5,5,5,5,5,5,5,4,5,5,4,5,5,5,5,5,5,5,4,4,3,3,5,5,5,5,5,5,4,3,5,5,5,3,5,5,5,5,5,5,5,5,3,5,3,5,5,5,5,5,5,4,5,5,5,5,3,3,4,5,5,5
Max Open Trades,1,1,1,int,Maximum concurrent positions,,,,,,,,,,,,,,,,,,,,,,,,,,,,,,,,,,,,,,,,,,,,,,,,,,,,,,,,,,,,,,,,,,,,,,,,,,,,,,,,,,,,,,,,,,,,,,,,,,,,,,,,,,,,,,,,,,,,,,,,,,,,,,,,,,,,,,,,,,,,,,,,,,,,,,,,,,,,,,,,,,,,,,,,,,,,,,,,,,,,,,,,,,,,,,,,,,,,,,,,,,,,,,,,,,,,,,,,,,,,,,,,,,,,,,,,,,,,,,,,,,,,,,,,,,,,,,,,,,,,,,,,,,,,,,,,,,,,,,,,,,,,,,,,,,,,,,,,,,,,,,,,,,,,,,,,,,,,,,,,,,,,,,,,,,,,,,,,,,,,,,,,,,,,,,,,,,,,,,,,,,,,,,,,,,,,,,,,,,,,,,,,,,,,,,,,,,,,,,,,,,,,,,,,,,,,,,,,,,,,,,,,,,,,,,,,,,,,,,,,,,,,,,,,,,,,,,,,,,,,,,,,,,,,,,,,,,,,,,,,,,
Transaction Cost (Per Trade),20,20,20,float,Estimated friction per trade (Slippage + Commissions) to realistic PnL. E.g. $4 comm + $12.50 slip = 16.5,,,,,,,,,,,,,,,,,,,,,,,,,,,,,,,,,,,,,,,,,,,,,,,,,,,,,,,,,,,,,,,,,,,,,,,,,,,,,,,,,,,,,,,,,,,,,,,,,,,,,,,,,,,,,,,,,,,,,,,,,,,,,,,,,,,,,,,,,,,,,,,,,,,,,,,,,,,,,,,,,,,,,,,,,,,,,,,,,,,,,,,,,,,,,,,,,,,,,,,,,,,,,,,,,,,,,,,,,,,,,,,,,,,,,,,,,,,,,,,,,,,,,,,,,,,,,,,,,,,,,,,,,,,,,,,,,,,,,,,,,,,,,,,,,,,,,,,,,,,,,,,,,,,,,,,,,,,,,,,,,,,,,,,,,,,,,,,,,,,,,,,,,,,,,,,,,,,,,,,,,,,,,,,,,,,,,,,,,,,,,,,,,,,,,,,,,,,,,,,,,,,,,,,,,,,,,,,,,,,,,,,,,,,,,,,,,,,,,,,,,,,,,,,,,,,,,,,,,,,,,,,,,,,,,,,,,,,,,,,,,,
=== TAKE PROFIT CRITERIA ===,,,,,,,,,,,,,,,,,,,,,,,,,,,,,,,,,,,,,,,,,,,,,,,,,,,,,,,,,,,,,,,,,,,,,,,,,,,,,,,,,,,,,,,,,,,,,,,,,,,,,,,,,,,,,,,,,,,,,,,,,,,,,,,,,,,,,,,,,,,,,,,,,,,,,,,,,,,,,,,,,,,,,,,,,,,,,,,,,,,,,,,,,,,,,,,,,,,,,,,,,,,,,,,,,,,,,,,,,,,,,,,,,,,,,,,,,,,,,,,,,,,,,,,,,,,,,,,,,,,,,,,,,,,,,,,,,,,,,,,,,,,,,,,,,,,,,,,,,,,,,,,,,,,,,,,,,,,,,,,,,,,,,,,,,,,,,,,,,,,,,,,,,,,,,,,,,,,,,,,,,,,,,,,,,,,,,,,,,,,,,,,,,,,,,,,,,,,,,,,,,,,,,,,,,,,,,,,,,,,,,,,,,,,,,,,,,,,,,,,,,,,,,,,,,,,,,,,,,,,,,,,,,,,,,,,,,,,,,,,,,,,,,,,
TP Method,0,0,2,int,"Take profit method (0=Fixed BB at Entry, 1=Fixed ATR, 2=Opposite BB) - OPTIMIZABLE",,,,,,,,,,,,,,,,,,,,,,,,,,,,,,,,,,,,,,,,,,,,,,,,,,,,,,,,,,,,,,,,,,,,,,,,,,,,,,,,,,,,,,,,,,,,,,,,,,,,,,,,,,,,,,,,,,,,,,,,,,,,,,,,,,,,,,,,,,,,,,,,,,,,,,,,,,,,,,,,,,,,,,,,,,,,,,,,,,,,,,,,,,,,,,,,,,,,,,,,,,,,,,,,,,,,,,,,,,,,,,,,,,,,,,,,,,,,,,,,,,,,,,,,,,,,,,,,,,,,,,,,,,,,,,,,,,,,,,,,,,,,,,,,,,,,,,,,,,,,,,,,,,,,,,,,,,,,,,,,,,,,,,,,,,,,,,,,,,,,,,,,,,,,,,,,,,,,,,,,,,,,,,,,,,,,,,,,,,,,,,,,,,,,,,,,,,,,,,,,,,,,,,,,,,,,,,,,,,,,,,,,,,,,,,,,,,,,,,,,,,,,,,,,,,,,,,,,,,,,,,,,,,,,,,,,,,,,,,,,,,
Opposite Bollinger Band TP,false,false,false,bool,FIXED: Controlled by TP Method (do not optimize directly),True,True,True,True,True,True,True,True,True,True,True,True,True,True,True,True,True,True,True,True,True,True,True,True,True,True,True,True,True,True,True,True,True,True,True,True,True,True,True,True,True,True,True,True,True,True,True,True,True,True,True,True,True,True,True,True,True,True,True,True,True,True,True,True,True,True,True,True,True,True,True,True,True,True,True,True,True,True,True,True,True,True,True,True,True,True,True,True,True,True,True,True,True,True,True,True,True,True,True,True,True,True,True,True,True,True,True,True,True,True,True,True,True,True,True,True,True,True,True,True,True,True,True,True,True,True,True,True,True,True,True,True,True,True,True,True,True,True,True,True,True,True,True,True,True,True,True,True,True,True,True,True,True,True,True,True,True,True,True,True,True,True,True,True,True,True,True,True,True,True,True,True,True,True,True,True,True,True,True,True,True,True,True,True,True,True,True,True,True,True,True,True,True,True,True,True,True,True,True,True,True,True,True,True,True,True,True,True,True,True,True,True,True,True,True,True,True,True,True,True,True,True,True,True,True,True,True,True,True,True,True,True,True,True,True,True,True,True,True,True,True,True,True,True,True,True,True,True,True,True,True,True,True,True,True,True,True,True,True,True,True,True,True,True,True,True,True,True,True,True,True,True,True,True,True,True,True,True,True,True,True,True,True,True,True,True,True,True,True,True,True,True,True,True,True,True,True,True,True,True,True,True,True,True,True,True,True,True,True,True,True,True,True,True,True,True,True,True,True,True,True,True,True,True,True,True,True,True,True,True,True,True,True,True,True,True,True,True,True,True,True,True,True,True,True,True,True,True,True,True,True,True,True,True,True,True,True,True,True,True,True,True,True,True,True,True,True,True,True,True,True,True,True,True,True,True,True,True,True,True,True,True,True,True,True,True,True,True,True,True,True,True,True,True,True,True,True,True,True,True,True,True,True,True,True,True,True,True,True,True,True,True,True,True,True,True,True,True,True,True,True,True,True,True,True,True,True,True,True,True,True,True,True,True,True,True,True,True,True,True,True,True,True,True,True,True,True,True,True,True,True,True,True,True,True,True,True,True,True,True,True,True,True,True,True,True,True,True,True,True,True,True,True,True,True,True,True,True,True,True,True,True
Fixed ATR TP,false,false,false,bool,FIXED: Controlled by TP Method (do not optimize directly),False,False,False,False,False,False,False,False,False,False,False,False,False,False,False,False,False,False,False,False,False,False,False,False,False,False,False,False,False,False,False,False,False,False,False,False,False,False,False,False,False,False,False,False,False,False,False,False,False,False,False,False,False,False,False,False,False,False,False,False,False,False,False,False,False,False,False,False,False,False,False,False,False,False,False,False,False,False,False,False,False,False,False,False,False,False,False,False,False,False,False,False,False,False,False,False,False,False,False,False,False,False,False,False,False,False,False,False,False,False,False,False,False,False,False,False,False,False,False,False,False,False,False,False,False,False,False,False,False,False,False,False,False,False,False,False,False,False,False,False,False,False,False,False,False,False,False,False,False,False,False,False,False,False,False,False,False,False,False,False,False,False,False,False,False,False,False,False,False,False,False,False,False,False,False,False,False,False,False,False,False,False,False,False,False,False,False,False,False,False,False,False,False,False,False,False,False,False,False,False,False,False,False,False,False,False,False,False,False,False,False,False,False,False,False,False,False,False,False,False,False,False,False,False,False,False,False,False,False,False,False,False,False,False,False,False,False,False,False,False,False,False,False,False,False,False,False,False,False,False,False,False,False,False,False,False,False,False,False,False,False,False,False,False,False,False,False,False,False,False,False,False,False,False,False,False,False,False,False,False,False,False,False,False,False,False,False,False,False,False,False,False,False,False,False,False,False,False,False,False,False,False,False,False,False,False,False,False,False,False,False,False,False,False,False,False,False,False,False,False,False,False,False,False,False,False,False,False,False,False,False,False,False,False,False,False,False,False,False,False,False,False,False,False,False,False,False,False,False,False,False,False,False,False,False,False,False,False,False,False,False,False,False,False,False,False,False,False,False,False,False,False,False,False,False,False,False,False,False,False,False,False,False,False,False,False,False,False,False,False,False,False,False,False,False,False,False,False,False,False,False,False,False,False,False,False,False,False,False,False,False,False,False,False,False,False,False,False,False,False,False,False,False,False,False,False,False,False,False,False,False,False,False,False,False,False,False,False,False,False,False,False,False,False,False,False,False,False,False,False,False,False,False,False,False,False,False,False,False,False,False,False,False,False,False,False,False,False,False,False,False,False,False,False,False,False,False,False,False,False,False,False
Fixed BB at Entry TP,true,true,true,bool,FIXED: Controlled by TP Method (do not optimize directly),False,False,False,False,False,False,False,False,False,False,False,False,False,False,False,False,False,False,False,False,False,False,False,False,False,False,False,False,False,False,False,False,False,False,False,False,False,False,False,False,False,False,False,False,False,False,False,False,False,False,False,False,False,False,False,False,False,False,False,False,False,False,False,False,False,False,False,False,False,False,False,False,False,False,False,False,False,False,False,False,False,False,False,False,False,False,False,False,False,False,False,False,False,False,False,False,False,False,False,False,False,False,False,False,False,False,False,False,False,False,False,False,False,False,False,False,False,False,False,False,False,False,False,False,False,False,False,False,False,False,False,False,False,False,False,False,False,False,False,False,False,False,False,False,False,False,False,False,False,False,False,False,False,False,False,False,False,False,False,False,False,False,False,False,False,False,False,False,False,False,False,False,False,False,False,False,False,False,False,False,False,False,False,False,False,False,False,False,False,False,False,False,False,False,False,False,False,False,False,False,False,False,False,False,False,False,False,False,False,False,False,False,False,False,False,False,False,False,False,False,False,False,False,False,False,False,False,False,False,False,False,False,False,False,False,False,False,False,False,False,False,False,False,False,False,False,False,False,False,False,False,False,False,False,False,False,False,False,False,False,False,False,False,False,False,False,False,False,False,False,False,False,False,False,False,False,False,False,False,False,False,False,False,False,False,False,False,False,False,False,False,False,False,False,False,False,False,False,False,False,False,False,False,False,False,False,False,False,False,False,False,False,False,False,False,False,False,False,False,False,False,False,False,False,False,False,False,False,False,False,False,False,False,False,False,False,False,False,False,False,False,False,False,False,False,False,False,False,False,False,False,False,False,False,False,False,False,False,False,False,False,False,False,False,False,False,False,False,False,False,False,False,False,False,False,False,False,False,False,False,False,False,False,False,False,False,False,False,False,False,False,False,False,False,False,False,False,False,False,False,False,False,False,False,False,False,False,False,False,False,False,False,False,False,False,False,False,False,False,False,False,False,False,False,False,False,False,False,False,False,False,False,False,False,False,False,False,False,False,False,False,False,False,False,False,False,False,False,False,False,False,False,False,False,False,False,False,False,False,False,False,False,False,False,False,False,False,False,False,False,False,False,False,False,False,False,False,False,False,False,False,False
ATR Length for TP,26,5,80,int,ATR period for fixed TP,35,39,41,36,41,31,38,39,47,37,47,47,47,26,31,13,39,80,28,28,14,14,12,24,12,18,10,12,18,20,42,27,12,12,16,12,18,13,12,12,10,18,8,33,12,24,46,42,24,25,12,26,33,51,24,8,51,12,24,10,17,34,17,24,51,49,12,24,40,67,47,47,49,50,67,44,44,44,44,44,8,49,12,49,49,34,8,49,10,57,28,80,5,38,12,5,21,62,28,24,6,6,11,12,11,6,12,22,49,49,18,44,17,12,5,13,20,18,5,40,13,67,5,10,5,12,12,54,16,40,12,60,65,13,40,39,11,41,11,11,63,5,11,13,39,16,40,11,5,10,26,12,13,16,16,13,13,15,33,53,8,39,13,13,60,13,16,12,13,5,32,11,10,40,40,5,21,80,13,80,30,5,6,59,53,80,59,8,13,59,35,73,28,64,45,5,75,75,33,8,34,38,24,26,78,8,80,80,27,27,27,27,5,27,38,8,33,69,64,33,31,12,33,26,80,80,80,30,13,5,26,33,27,26,38,14,5,57,5,23,75,59,26,49,80,49,80,18,50,42,66,35,70,26,42,26,50,22,26,22,49,65,23,23,76,33,80,34,50,52,23,20,26,12,29,75,5,38,75,69,46,33,63,64,35,33,33,33,20,33,5,12,14,50,40,80,34,77,32,43,39,11,37,12,54,64,42,48,13,12,76,41,51,6,6,6,6,80,23,11,80,15,5,34,50,49,15,30,24,20,39,10,15,14,32,33,33,80,30,46,46,36,37,33,65,65,36,11,38,36,36,14,8,5,36,57,50,11,5,45,28,20,36,23,54,23,23,59,52,7,59,36,53,80,53,39,12,46,63,63,12,19,19,26,49,63,30,27,21,78,80,60,46,10,16,51,70,24,23,48,38,49,15,19,48,34,59,6,18,9,63,80,80,10,10,42,60,11,77,5,63,77,77,32,9,61,27,5,80,65,44,53,65,13,53,60,23,73,51,51,48,48,66,54,5,62,80,23,11,48,80,60,60,48,38,73,26,53,41,60,38,8,48,54,55,10,46,27,62,48,34,7,60,55,55,51,52,5,26,5,5,5
ATR Multiplier for TP,2,0,6,float,Fixed TP ATR multiplier - reduced max to prevent overfitting,4.108,0.0,0.0,4.7608,0.0,0.0,0.0,0.0,0.5514,2.3786,0.5514,0.5465,0.5514,2.1867,0.0,2.5241,0.0,1.9828,3.2228,2.7594,3.1924,1.2427,0.0,0.2018,0.1331,4.1579,1.2725,1.8052,4.1579,1.1439,2.1562,0.6231,2.2316,3.2848,1.3606,2.2316,4.1579,1.9015,1.9629,0.0,1.8952,3.6076,0.257,0.829,2.2316,0.0,0.5005,0.5136,0.2018,3.6423,2.2316,2.1867,0.5278,0.7574,1.1184,0.257,0.7574,2.2499,1.0347,3.4734,2.447,0.4411,2.447,1.1184,0.7574,0.0,2.3356,1.1184,0.0,0.4376,3.6082,3.6082,0.0,0.3613,0.4376,0.3441,0.3441,0.3441,0.3441,0.3441,0.0,0.4525,2.3356,0.4525,0.4525,0.4411,0.0,0.0,3.4734,0.3531,3.2228,0.2884,0.2374,1.8297,2.3356,1.5602,4.2049,0.386,3.2228,0.5681,2.2265,2.6483,0.3465,2.3356,0.0,2.2467,2.3356,0.7898,0.0,0.4974,2.7807,0.3657,6.0,2.3356,0.0,2.7677,1.0433,0.688,0.0,0.0,2.7677,0.4376,2.2361,3.7885,0.0,2.1948,2.1948,0.0,3.0873,0.7046,1.988,2.1078,0.5923,1.9015,0.8095,0.0,1.7951,6.0,1.7951,1.7951,0.4193,0.0,1.7951,1.8957,0.0,0.2761,0.3361,4.9329,2.2462,0.0,2.6925,2.29,3.6239,3.6381,4.7226,0.4691,0.0,2.3469,0.6072,1.0516,2.9032,0.0,3.366,2.9657,0.6809,4.7408,0.9325,0.0,3.2825,0.2614,6.0,1.5424,1.9755,0.9287,0.9287,0.4064,3.6975,0.4663,0.0,0.3144,1.2641,0.7408,3.3912,0.9744,0.4734,0.3479,0.9744,1.3504,4.3546,0.9744,3.2097,0.4346,4.4855,0.6129,0.6644,0.5646,0.6103,0.6103,4.8629,1.2545,0.0684,1.0876,1.1184,0.7398,0.3889,1.0926,0.4365,0.3778,2.3794,2.4989,2.3794,2.3201,1.4568,2.4989,2.6538,1.0926,0.804,2.6644,0.6129,1.4953,2.5266,2.053,1.4953,0.0,0.1939,0.5768,0.4121,0.6426,4.3365,1.4568,0.716,4.9745,2.3794,0.716,0.6119,0.1452,0.335,0.194,0.6478,0.0054,0.3191,0.6544,1.8401,4.3496,0.2267,0.5603,0.9896,1.4808,0.3576,0.0,0.4469,0.0,1.9481,0.9679,0.0,0.716,0.3576,0.0,2.4955,0.7698,0.0,0.5078,0.0,0.2464,0.3947,4.6845,2.0977,4.9745,3.4136,0.9812,0.0,0.5711,4.0458,1.7832,2.1666,1.6077,0.335,0.6602,0.0554,0.4953,0.3964,5.1354,1.2579,0.7399,0.1631,4.8428,4.9745,4.9745,0.0,4.8997,0.0,2.245,4.1969,1.7244,0.0,1.9489,4.9745,0.4202,1.0009,0.8346,0.7975,2.0555,0.0,0.0,0.8503,6.0,4.6124,3.8369,0.4135,0.0,6.0,2.5524,1.5799,3.0216,3.0216,2.868,3.0216,0.3762,1.7536,2.344,0.3569,0.1907,2.3849,0.1131,0.0,0.0,2.3075,0.1324,0.4123,3.5444,0.3376,0.2068,0.2635,0.1452,0.3068,6.0,5.2192,0.3191,0.9957,0.0,0.0,1.9342,5.7891,1.2809,1.9697,1.9697,0.0,0.0101,2.6624,0.926,0.0,0.0083,0.0,3.9775,0.926,0.0,0.0026,0.0944,0.6668,0.4676,0.2996,3.6066,0.1112,0.507,1.5947,0.507,0.7528,0.4032,0.0,0.0,4.9103,0.0,0.3677,1.5174,0.3677,0.7122,0.0,0.0,0.1785,0.1785,6.0,0.056,0.056,1.8367,0.0072,0.9258,0.4854,0.1183,1.0574,0.1258,1.0523,0.4009,0.0,3.562,0.1725,0.2489,0.2996,0.0,0.3919,2.6421,0.0,0.1412,1.4661,0.1766,2.3298,0.4352,0.3344,2.2037,2.3066,2.9928,1.0069,0.3749,0.3493,3.3586,3.6771,0.5182,0.0751,4.7134,0.3008,0.3211,0.0457,0.3008,0.1704,4.3785,0.1767,0.48,0.0963,3.9775,0.0,1.2735,4.8346,0.3133,1.2735,0.6138,0.0133,0.0118,0.0168,0.471,0.7574,0.7574,2.3621,2.3298,0.0,0.7368,0.361,0.0,0.5517,0.0168,2.8625,2.3298,0.3491,0.4461,0.0118,2.3298,0.0863,0.0,5.6721,0.3798,0.0,0.0118,0.0863,0.0168,2.3298,0.7368,0.4026,0.1885,0.1323,1.2672,0.1196,0.0,0.6434,0.329,0.0519,0.0,0.0,0.2689,2.4011,0.0,0.6394,0.5351,0.5351,0.5351
=== STOP LOSS CRITERIA ===,,,,,,,,,,,,,,,,,,,,,,,,,,,,,,,,,,,,,,,,,,,,,,,,,,,,,,,,,,,,,,,,,,,,,,,,,,,,,,,,,,,,,,,,,,,,,,,,,,,,,,,,,,,,,,,,,,,,,,,,,,,,,,,,,,,,,,,,,,,,,,,,,,,,,,,,,,,,,,,,,,,,,,,,,,,,,,,,,,,,,,,,,,,,,,,,,,,,,,,,,,,,,,,,,,,,,,,,,,,,,,,,,,,,,,,,,,,,,,,,,,,,,,,,,,,,,,,,,,,,,,,,,,,,,,,,,,,,,,,,,,,,,,,,,,,,,,,,,,,,,,,,,,,,,,,,,,,,,,,,,,,,,,,,,,,,,,,,,,,,,,,,,,,,,,,,,,,,,,,,,,,,,,,,,,,,,,,,,,,,,,,,,,,,,,,,,,,,,,,,,,,,,,,,,,,,,,,,,,,,,,,,,,,,,,,,,,,,,,,,,,,,,,,,,,,,,,,,,,,,,,,,,,,,,,,,,,,,,,,,,,,,,,,
Initial Stop Loss (%),1,0.1,0.5,float,Fixed stop loss % - min 1.0% to avoid tight stops that cause quick losses,0.1,0.1,0.1341,0.1,0.1341,0.468,0.1364,0.1,0.1,0.1,0.1,0.1,0.1,0.1,0.468,0.3751,0.1,0.4639,0.3685,0.3685,0.4151,0.453,0.4682,0.1441,0.5,0.4898,0.4457,0.4632,0.4898,0.5,0.1958,0.4811,0.4792,0.391,0.5,0.5,0.4898,0.378,0.4344,0.4788,0.4655,0.4898,0.5,0.4906,0.4792,0.1377,0.1332,0.1616,0.1441,0.1603,0.4792,0.1765,0.4873,0.4728,0.5,0.4955,0.4728,0.4565,0.3928,0.4964,0.4773,0.4861,0.4773,0.5,0.4728,0.4914,0.5,0.5,0.2244,0.3702,0.5,0.5,0.5,0.5,0.5,0.5,0.5,0.5,0.5,0.5,0.4955,0.2029,0.4895,0.2029,0.5,0.4861,0.4955,0.2029,0.5,0.5,0.5,0.4753,0.47,0.4967,0.5,0.5,0.4388,0.4384,0.5,0.3728,0.4418,0.4418,0.3624,0.5,0.3272,0.5,0.5,0.3742,0.5,0.4256,0.4975,0.5,0.4909,0.5,0.4609,0.4938,0.4379,0.492,0.4963,0.434,0.4938,0.5,0.4828,0.4916,0.4945,0.4895,0.4895,0.5,0.5,0.4349,0.38,0.5,0.5,0.4677,0.435,0.4579,0.5,0.5,0.5,0.5,0.3679,0.4663,0.5,0.4758,0.4579,0.5,0.434,0.4305,0.4995,0.3965,0.4594,0.4256,0.4338,0.5,0.5,0.4692,0.4791,0.4208,0.4635,0.3718,0.4586,0.4579,0.5,0.5,0.4576,0.5,0.5,0.5,0.5,0.4643,0.3012,0.4931,0.4505,0.4321,0.4321,0.4643,0.4954,0.4295,0.3773,0.5,0.5,0.4641,0.5,0.5,0.4539,0.4085,0.5,0.3203,0.4103,0.5,0.2995,0.3795,0.3984,0.5,0.4412,0.2995,0.5,0.5,0.3365,0.3203,0.5,0.4479,0.3928,0.4793,0.4891,0.3203,0.4335,0.4335,0.4965,0.4965,0.4965,0.4524,0.3584,0.4965,0.5,0.5,0.5,0.3824,0.5,0.5,0.4212,0.4775,0.5,0.4612,0.5,0.5,0.5,0.4582,0.4886,0.3584,0.5,0.4047,0.4965,0.5,0.4483,0.4523,0.5,0.5,0.4819,0.4087,0.5,0.5,0.4626,0.3537,0.5,0.4732,0.4443,0.5,0.4847,0.4956,0.3766,0.5,0.372,0.3981,0.4956,0.464,0.4847,0.3992,0.499,0.4981,0.4915,0.5,0.4087,0.4087,0.4693,0.5,0.5,0.4542,0.4881,0.5,0.4087,0.5,0.4586,0.4555,0.5,0.4976,0.5,0.4285,0.5,0.4995,0.5,0.4964,0.5,0.458,0.4215,0.4476,0.5,0.5,0.5,0.5,0.37,0.2926,0.3369,0.4418,0.4954,0.4632,0.5,0.5,0.4984,0.4657,0.5,0.5,0.499,0.4956,0.3494,0.4915,0.448,0.371,0.4336,0.4956,0.4965,0.4021,0.4475,0.3697,0.3697,0.3216,0.3216,0.48,0.462,0.4978,0.3832,0.4776,0.4916,0.4197,0.5,0.4276,0.4801,0.4122,0.5,0.5,0.4867,0.496,0.5,0.4523,0.5,0.5,0.4699,0.4539,0.4641,0.5,0.5,0.4846,0.5,0.5,0.4534,0.4534,0.4982,0.4447,0.5,0.4976,0.4982,0.4523,0.5,0.5,0.4976,0.4997,0.4983,0.5,0.4564,0.4774,0.4579,0.5,0.4982,0.5,0.5,0.5,0.5,0.4419,0.4894,0.3907,0.5,0.4982,0.381,0.5,0.4113,0.4675,0.5,0.5,0.4727,0.4727,0.4871,0.4217,0.4217,0.4602,0.4981,0.5,0.5,0.4074,0.4814,0.4984,0.5,0.5,0.5,0.5,0.3651,0.3732,0.4068,0.4999,0.5,0.4713,0.4945,0.4173,0.4019,0.4217,0.4994,0.4143,0.5,0.5,0.4484,0.494,0.5,0.4989,0.4989,0.5,0.5,0.4956,0.5,0.4049,0.4996,0.4981,0.4959,0.4996,0.4983,0.5,0.4983,0.4974,0.5,0.5,0.5,0.5,0.4761,0.4978,0.5,0.4982,0.4985,0.4029,0.4989,0.4999,0.4728,0.4728,0.4294,0.4602,0.4852,0.4988,0.4975,0.4999,0.4832,0.4989,0.5,0.5,0.4987,0.5,0.5,0.5,0.4999,0.4992,0.4302,0.4867,0.4984,0.5,0.4999,0.5,0.5,0.4999,0.4537,0.4976,0.5,0.5,0.4995,0.5,0.5,0.5,0.5,0.4984,0.5,0.5,0.5,0.4945,0.5,0.5,0.5,0.5
Enable Trailing Stop,1,1,1,int,"Use ATR trailing stop (0=false, 1=true) - OPTIMIZABLE",,,,,,,,,,,,,,,,,,,,,,,,,,,,,,,,,,,,,,,,,,,,,,,,,,,,,,,,,,,,,,,,,,,,,,,,,,,,,,,,,,,,,,,,,,,,,,,,,,,,,,,,,,,,,,,,,,,,,,,,,,,,,,,,,,,,,,,,,,,,,,,,,,,,,,,,,,,,,,,,,,,,,,,,,,,,,,,,,,,,,,,,,,,,,,,,,,,,,,,,,,,,,,,,,,,,,,,,,,,,,,,,,,,,,,,,,,,,,,,,,,,,,,,,,,,,,,,,,,,,,,,,,,,,,,,,,,,,,,,,,,,,,,,,,,,,,,,,,,,,,,,,,,,,,,,,,,,,,,,,,,,,,,,,,,,,,,,,,,,,,,,,,,,,,,,,,,,,,,,,,,,,,,,,,,,,,,,,,,,,,,,,,,,,,,,,,,,,,,,,,,,,,,,,,,,,,,,,,,,,,,,,,,,,,,,,,,,,,,,,,,,,,,,,,,,,,,,,,,,,,,,,,,,,,,,,,,,,,,,,,,
ATR Length for Trailing Stop,26,10,100,int,ATR period for trailing,48,49,47,47,47,77,46,49,45,49,45,45,45,34,77,99,49,78,30,30,84,63,84,50,100,58,91,83,58,81,47,78,85,97,88,85,58,100,85,82,74,58,85,62,85,46,50,49,50,35,85,34,23,75,34,85,75,84,34,95,67,29,67,34,75,48,85,34,48,38,62,62,48,61,38,45,45,45,45,45,85,48,85,48,48,29,85,48,95,37,30,67,75,42,85,76,54,33,30,29,95,95,100,85,100,10,85,47,48,48,85,44,47,85,48,100,41,72,89,48,100,38,84,93,78,85,85,47,96,46,86,28,36,100,46,38,88,44,88,87,44,100,88,88,38,88,48,82,28,76,29,83,100,87,87,97,98,100,41,44,86,38,100,100,36,100,87,100,100,39,44,95,96,46,46,39,100,23,97,39,35,27,70,37,50,71,37,45,99,37,65,39,30,54,27,20,19,19,49,45,31,60,34,38,42,45,39,39,31,31,31,31,10,31,49,45,42,44,54,59,40,41,59,47,44,44,44,52,100,10,49,49,31,49,47,53,38,47,44,30,35,20,40,38,48,48,44,45,62,42,44,44,45,10,42,49,62,73,41,43,48,50,30,30,30,49,53,49,48,65,30,34,47,84,43,45,38,46,10,46,34,49,40,46,52,49,49,49,33,49,71,84,73,19,34,36,49,45,66,46,61,41,41,54,37,45,69,66,41,53,44,49,40,39,39,39,39,48,47,43,46,49,76,67,43,45,50,57,32,47,47,100,49,53,45,48,49,45,45,44,44,48,50,49,61,61,42,38,49,50,42,53,81,100,49,47,47,49,43,43,42,37,42,38,46,38,38,42,45,23,39,42,21,41,21,44,92,44,48,48,68,48,48,54,44,45,31,48,51,44,24,57,44,91,16,36,41,43,40,49,59,40,44,48,49,45,39,100,57,86,41,43,43,91,91,42,44,97,47,43,45,47,47,48,43,44,47,100,48,51,45,43,51,44,43,43,43,43,75,75,49,49,53,43,44,48,43,43,98,49,43,43,43,49,47,43,49,45,44,43,47,43,49,43,42,44,44,35,42,47,49,85,43,43,43,36,49,78,100,86,86,86
ATR Multiplier for Trailing Stop,2,0.5,4.5,float,Trailing stop ATR multiplier - reduced max to prevent overfitting,4.2059,3.5475,3.869,3.7791,3.869,4.0025,3.6211,3.5475,3.9366,4.0184,3.9366,3.9366,3.9366,3.5658,4.0025,3.3411,3.5475,3.443,2.6486,2.6486,2.6152,3.0284,3.3122,3.8923,3.8164,2.6464,3.2873,3.4752,2.6464,3.0238,3.8025,3.6715,3.0748,2.6329,3.3941,3.0748,2.6464,2.9898,3.1307,3.637,3.5022,2.4885,4.5,3.3525,3.0748,4.3303,3.5955,4.3014,3.8923,3.2984,3.0748,3.937,2.331,3.8759,3.39,4.5,3.8759,2.9384,3.1874,3.2285,1.5519,2.7328,1.5519,3.4737,3.8759,3.7576,2.2958,3.4737,3.6793,4.5,3.5704,3.1584,4.2738,3.821,4.27,3.4936,3.4936,3.4936,3.4936,3.4936,4.5,4.1957,2.2958,4.1,4.1,2.7328,4.5,4.1,2.964,4.372,2.9105,2.3841,4.0277,3.4982,2.2958,3.5866,3.5438,4.0072,2.809,3.9395,2.9166,2.9166,3.4105,2.2958,3.6296,3.0116,1.9841,3.0819,3.8375,4.5,2.3389,3.5835,3.8508,2.2958,2.9428,3.3728,4.0523,3.4075,4.3058,3.6793,3.3728,4.5,4.4519,2.6023,4.3415,2.6313,2.6313,4.1968,3.7371,3.6793,3.4308,4.4596,3.7614,2.9898,3.6792,3.3634,3.2098,1.9642,3.2098,3.41,4.5,3.0808,3.2252,2.5913,3.3634,3.4657,3.6793,3.5107,3.0796,3.4066,4.4961,3.7064,3.5731,3.4629,3.3913,3.028,3.8025,3.5104,3.3693,4.1187,3.0892,3.3634,3.5192,3.5192,4.3977,3.4898,3.4666,3.8164,3.5192,4.3884,3.5071,3.4095,3.3887,4.0844,4.357,4.3884,3.5174,3.8606,2.5824,4.5,2.5791,4.0421,3.0078,4.5,4.5,2.7757,4.5,1.2652,2.5585,4.5,3.554,4.4835,3.0735,4.5,4.0429,4.477,4.5,4.5,3.5965,1.382,3.0708,2.5612,3.4031,3.6219,4.1664,1.2652,4.4977,4.4977,4.4861,4.4129,4.4861,4.4831,4.4478,4.4129,3.5837,1.0206,4.4863,4.0924,4.5,3.0838,3.9336,4.5,2.6604,4.4091,2.8114,2.5268,2.5268,3.9403,3.6101,4.4478,2.3902,3.6682,4.4861,2.2423,2.9244,3.1299,4.3323,4.2383,2.8069,2.8929,3.5067,3.8691,3.8459,2.8072,2.0423,4.3198,3.2893,3.6363,3.8496,4.3379,4.4542,3.7392,4.5,4.3268,4.0313,2.3902,3.8496,3.4067,3.0035,3.7318,4.0284,4.5,2.8973,2.8973,4.0226,3.6611,4.5,3.854,3.8689,3.945,2.8973,4.1473,3.0841,2.4616,3.9606,3.5486,4.3369,3.589,3.7079,4.295,4.2136,3.9476,4.2125,2.6609,2.6639,4.1067,3.9719,3.6682,3.9555,3.6611,3.2864,2.6806,3.0214,4.5,4.5,4.2064,3.831,3.2375,3.339,4.4677,3.3193,3.3981,3.4139,4.4247,4.5,3.5759,2.9721,4.1276,3.8638,4.4247,3.9444,3.8881,2.7737,2.5169,2.5169,2.569,2.5169,4.5,3.4868,4.0843,3.6975,3.5948,4.5,3.579,3.8774,2.0469,4.5,2.2934,3.8324,3.4877,3.8114,3.3953,3.5948,3.7618,4.0166,4.1155,3.9299,3.9201,4.4818,4.4023,4.4023,3.7713,4.5,3.6632,4.5,4.5,4.3331,3.7271,3.5837,3.2435,4.1008,3.6931,3.9448,3.7801,3.3985,4.5,4.3095,4.5,4.418,3.8998,3.0104,3.6157,4.3331,3.6286,4.5,3.6286,3.6286,3.9847,3.5655,4.5,3.7717,4.1008,3.6709,3.4395,3.6709,3.1173,3.4408,3.8178,4.5,4.5,3.8131,2.473,2.3403,3.7249,3.5427,4.1004,3.5493,4.3242,3.5584,3.5817,4.5,4.2064,3.5866,3.5421,4.1771,3.9113,4.4483,3.2309,1.6037,4.0897,3.9598,4.0017,3.9699,2.473,3.5188,3.6369,4.3237,3.2353,3.7388,2.0045,4.5,4.1592,4.1592,3.8635,3.5421,3.6807,4.016,3.683,4.2485,4.3347,3.924,4.2485,4.3629,3.9231,4.2744,4.1753,4.351,3.7801,4.3375,3.8167,4.0963,4.2743,4.4673,3.8605,4.0567,4.0519,3.7777,3.6849,3.8759,3.8759,3.5188,3.5188,4.2854,4.0273,4.2954,3.7765,3.6498,3.7777,2.7234,3.6685,3.6498,4.0519,4.0519,3.5188,4.252,3.8145,4.0519,3.9457,4.2395,3.974,4.252,4.0243,2.8913,4.0273,3.6325,4.3162,4.165,3.7726,4.1127,4.2247,4.2334,4.5,4.0519,3.8666,3.8666,3.5167,3.5068,4.1354,3.9267,4.5,4.5,4.5
Trailing Delay (bars),5,0,20,int,"Bars before trailing stop begins tightening (0 = immediate, max 7 to avoid delayed trailing)",17,18,14,13,14,11,19,18,9,20,9,9,9,20,11,5,18,0,12,12,20,20,0,20,4,16,0,0,16,3,18,15,1,13,4,1,16,0,1,1,0,16,2,15,1,20,9,9,20,13,1,20,12,5,12,2,5,1,12,1,20,10,20,12,5,13,1,12,20,10,4,4,13,12,10,14,14,14,14,14,2,13,1,13,13,10,2,13,1,11,12,20,13,10,1,20,20,11,12,9,2,2,20,1,20,15,1,15,13,20,5,12,13,1,8,0,20,12,2,20,0,10,2,0,3,1,1,14,6,20,1,16,16,0,20,17,15,17,15,15,0,4,15,0,17,4,20,1,19,4,0,1,4,4,4,2,13,1,16,13,1,17,4,4,10,4,4,4,4,8,17,17,0,17,17,8,9,14,2,15,4,14,10,10,16,15,10,6,1,10,4,0,0,12,16,13,11,11,18,6,11,16,12,18,11,6,13,13,10,10,10,10,8,10,18,6,20,18,12,5,15,19,5,14,15,15,15,15,3,8,15,18,10,15,15,10,14,20,3,11,4,10,12,15,14,20,9,12,15,13,0,20,2,20,13,15,15,4,20,20,13,8,11,11,10,18,9,18,15,13,11,12,12,0,18,19,14,19,20,0,7,18,18,15,12,18,18,18,20,18,3,0,6,5,12,17,18,10,15,16,18,20,14,12,13,16,8,18,14,12,17,6,0,6,6,6,6,7,19,0,14,11,0,10,13,17,12,10,10,20,11,2,11,10,11,18,18,3,15,10,10,9,18,19,7,7,10,10,18,15,10,10,0,3,15,20,13,8,16,5,14,14,10,10,20,10,10,17,11,4,17,10,10,16,10,15,3,20,6,6,13,12,12,14,15,18,5,10,14,16,14,8,20,3,10,9,11,20,14,19,9,18,9,12,19,3,10,20,16,1,11,3,3,3,3,17,15,3,9,11,17,9,9,12,9,17,9,3,8,19,15,10,19,9,13,16,8,20,5,5,19,19,20,6,11,17,10,8,3,19,10,16,16,19,10,9,18,5,19,16,10,12,19,6,16,11,18,11,14,20,12,4,16,13,13,17,19,3,6,2,2,2
=== GA CRITERIA ===,,,,,,,,,,,,,,,,,,,,,,,,,,,,,,,,,,,,,,,,,,,,,,,,,,,,,,,,,,,,,,,,,,,,,,,,,,,,,,,,,,,,,,,,,,,,,,,,,,,,,,,,,,,,,,,,,,,,,,,,,,,,,,,,,,,,,,,,,,,,,,,,,,,,,,,,,,,,,,,,,,,,,,,,,,,,,,,,,,,,,,,,,,,,,,,,,,,,,,,,,,,,,,,,,,,,,,,,,,,,,,,,,,,,,,,,,,,,,,,,,,,,,,,,,,,,,,,,,,,,,,,,,,,,,,,,,,,,,,,,,,,,,,,,,,,,,,,,,,,,,,,,,,,,,,,,,,,,,,,,,,,,,,,,,,,,,,,,,,,,,,,,,,,,,,,,,,,,,,,,,,,,,,,,,,,,,,,,,,,,,,,,,,,,,,,,,,,,,,,,,,,,,,,,,,,,,,,,,,,,,,,,,,,,,,,,,,,,,,,,,,,,,,,,,,,,,,,,,,,,,,,,,,,,,,,,,,,,,,,,,,,,,,,
POP_SIZE,150,100,150,int,Population size - reduced to prevent overfitting,,,,,,,,,,,,,,,,,,,,,,,,,,,,,,,,,,,,,,,,,,,,,,,,,,,,,,,,,,,,,,,,,,,,,,,,,,,,,,,,,,,,,,,,,,,,,,,,,,,,,,,,,,,,,,,,,,,,,,,,,,,,,,,,,,,,,,,,,,,,,,,,,,,,,,,,,,,,,,,,,,,,,,,,,,,,,,,,,,,,,,,,,,,,,,,,,,,,,,,,,,,,,,,,,,,,,,,,,,,,,,,,,,,,,,,,,,,,,,,,,,,,,,,,,,,,,,,,,,,,,,,,,,,,,,,,,,,,,,,,,,,,,,,,,,,,,,,,,,,,,,,,,,,,,,,,,,,,,,,,,,,,,,,,,,,,,,,,,,,,,,,,,,,,,,,,,,,,,,,,,,,,,,,,,,,,,,,,,,,,,,,,,,,,,,,,,,,,,,,,,,,,,,,,,,,,,,,,,,,,,,,,,,,,,,,,,,,,,,,,,,,,,,,,,,,,,,,,,,,,,,,,,,,,,,,,,,,,,,,,,,
NUM_GEN,100,50,75,int,Number of generations - reduced to prevent overfitting,,,,,,,,,,,,,,,,,,,,,,,,,,,,,,,,,,,,,,,,,,,,,,,,,,,,,,,,,,,,,,,,,,,,,,,,,,,,,,,,,,,,,,,,,,,,,,,,,,,,,,,,,,,,,,,,,,,,,,,,,,,,,,,,,,,,,,,,,,,,,,,,,,,,,,,,,,,,,,,,,,,,,,,,,,,,,,,,,,,,,,,,,,,,,,,,,,,,,,,,,,,,,,,,,,,,,,,,,,,,,,,,,,,,,,,,,,,,,,,,,,,,,,,,,,,,,,,,,,,,,,,,,,,,,,,,,,,,,,,,,,,,,,,,,,,,,,,,,,,,,,,,,,,,,,,,,,,,,,,,,,,,,,,,,,,,,,,,,,,,,,,,,,,,,,,,,,,,,,,,,,,,,,,,,,,,,,,,,,,,,,,,,,,,,,,,,,,,,,,,,,,,,,,,,,,,,,,,,,,,,,,,,,,,,,,,,,,,,,,,,,,,,,,,,,,,,,,,,,,,,,,,,,,,,,,,,,,,,,,,,,
CX_PB,0.7,0.5,0.9,float,Crossover probability,,,,,,,,,,,,,,,,,,,,,,,,,,,,,,,,,,,,,,,,,,,,,,,,,,,,,,,,,,,,,,,,,,,,,,,,,,,,,,,,,,,,,,,,,,,,,,,,,,,,,,,,,,,,,,,,,,,,,,,,,,,,,,,,,,,,,,,,,,,,,,,,,,,,,,,,,,,,,,,,,,,,,,,,,,,,,,,,,,,,,,,,,,,,,,,,,,,,,,,,,,,,,,,,,,,,,,,,,,,,,,,,,,,,,,,,,,,,,,,,,,,,,,,,,,,,,,,,,,,,,,,,,,,,,,,,,,,,,,,,,,,,,,,,,,,,,,,,,,,,,,,,,,,,,,,,,,,,,,,,,,,,,,,,,,,,,,,,,,,,,,,,,,,,,,,,,,,,,,,,,,,,,,,,,,,,,,,,,,,,,,,,,,,,,,,,,,,,,,,,,,,,,,,,,,,,,,,,,,,,,,,,,,,,,,,,,,,,,,,,,,,,,,,,,,,,,,,,,,,,,,,,,,,,,,,,,,,,,,,,,,
MUT_PB,0.4,0.2,0.5,float,Mutation probability (increased from 0.35 for more exploration),,,,,,,,,,,,,,,,,,,,,,,,,,,,,,,,,,,,,,,,,,,,,,,,,,,,,,,,,,,,,,,,,,,,,,,,,,,,,,,,,,,,,,,,,,,,,,,,,,,,,,,,,,,,,,,,,,,,,,,,,,,,,,,,,,,,,,,,,,,,,,,,,,,,,,,,,,,,,,,,,,,,,,,,,,,,,,,,,,,,,,,,,,,,,,,,,,,,,,,,,,,,,,,,,,,,,,,,,,,,,,,,,,,,,,,,,,,,,,,,,,,,,,,,,,,,,,,,,,,,,,,,,,,,,,,,,,,,,,,,,,,,,,,,,,,,,,,,,,,,,,,,,,,,,,,,,,,,,,,,,,,,,,,,,,,,,,,,,,,,,,,,,,,,,,,,,,,,,,,,,,,,,,,,,,,,,,,,,,,,,,,,,,,,,,,,,,,,,,,,,,,,,,,,,,,,,,,,,,,,,,,,,,,,,,,,,,,,,,,,,,,,,,,,,,,,,,,,,,,,,,,,,,,,,,,,,,,,,,,,,,
MUT_MU,0,-1,1,float,Mutation mean,,,,,,,,,,,,,,,,,,,,,,,,,,,,,,,,,,,,,,,,,,,,,,,,,,,,,,,,,,,,,,,,,,,,,,,,,,,,,,,,,,,,,,,,,,,,,,,,,,,,,,,,,,,,,,,,,,,,,,,,,,,,,,,,,,,,,,,,,,,,,,,,,,,,,,,,,,,,,,,,,,,,,,,,,,,,,,,,,,,,,,,,,,,,,,,,,,,,,,,,,,,,,,,,,,,,,,,,,,,,,,,,,,,,,,,,,,,,,,,,,,,,,,,,,,,,,,,,,,,,,,,,,,,,,,,,,,,,,,,,,,,,,,,,,,,,,,,,,,,,,,,,,,,,,,,,,,,,,,,,,,,,,,,,,,,,,,,,,,,,,,,,,,,,,,,,,,,,,,,,,,,,,,,,,,,,,,,,,,,,,,,,,,,,,,,,,,,,,,,,,,,,,,,,,,,,,,,,,,,,,,,,,,,,,,,,,,,,,,,,,,,,,,,,,,,,,,,,,,,,,,,,,,,,,,,,,,,,,,,,,,
MUT_SIGMA,0.25,0.1,0.4,float,Mutation std dev,,,,,,,,,,,,,,,,,,,,,,,,,,,,,,,,,,,,,,,,,,,,,,,,,,,,,,,,,,,,,,,,,,,,,,,,,,,,,,,,,,,,,,,,,,,,,,,,,,,,,,,,,,,,,,,,,,,,,,,,,,,,,,,,,,,,,,,,,,,,,,,,,,,,,,,,,,,,,,,,,,,,,,,,,,,,,,,,,,,,,,,,,,,,,,,,,,,,,,,,,,,,,,,,,,,,,,,,,,,,,,,,,,,,,,,,,,,,,,,,,,,,,,,,,,,,,,,,,,,,,,,,,,,,,,,,,,,,,,,,,,,,,,,,,,,,,,,,,,,,,,,,,,,,,,,,,,,,,,,,,,,,,,,,,,,,,,,,,,,,,,,,,,,,,,,,,,,,,,,,,,,,,,,,,,,,,,,,,,,,,,,,,,,,,,,,,,,,,,,,,,,,,,,,,,,,,,,,,,,,,,,,,,,,,,,,,,,,,,,,,,,,,,,,,,,,,,,,,,,,,,,,,,,,,,,,,,,,,,,,,,
TARGET_TRADES_DAY,5,1,4,int,Ideal trades/day - reduced to be more realistic for combined filters,,,,,,,,,,,,,,,,,,,,,,,,,,,,,,,,,,,,,,,,,,,,,,,,,,,,,,,,,,,,,,,,,,,,,,,,,,,,,,,,,,,,,,,,,,,,,,,,,,,,,,,,,,,,,,,,,,,,,,,,,,,,,,,,,,,,,,,,,,,,,,,,,,,,,,,,,,,,,,,,,,,,,,,,,,,,,,,,,,,,,,,,,,,,,,,,,,,,,,,,,,,,,,,,,,,,,,,,,,,,,,,,,,,,,,,,,,,,,,,,,,,,,,,,,,,,,,,,,,,,,,,,,,,,,,,,,,,,,,,,,,,,,,,,,,,,,,,,,,,,,,,,,,,,,,,,,,,,,,,,,,,,,,,,,,,,,,,,,,,,,,,,,,,,,,,,,,,,,,,,,,,,,,,,,,,,,,,,,,,,,,,,,,,,,,,,,,,,,,,,,,,,,,,,,,,,,,,,,,,,,,,,,,,,,,,,,,,,,,,,,,,,,,,,,,,,,,,,,,,,,,,,,,,,,,,,,,,,,,,,,,
TRADES_PENALTY_WEIGHT,0.3,0.1,0.8,float,Penalty for excess trades - reduced to be less restrictive,,,,,,,,,,,,,,,,,,,,,,,,,,,,,,,,,,,,,,,,,,,,,,,,,,,,,,,,,,,,,,,,,,,,,,,,,,,,,,,,,,,,,,,,,,,,,,,,,,,,,,,,,,,,,,,,,,,,,,,,,,,,,,,,,,,,,,,,,,,,,,,,,,,,,,,,,,,,,,,,,,,,,,,,,,,,,,,,,,,,,,,,,,,,,,,,,,,,,,,,,,,,,,,,,,,,,,,,,,,,,,,,,,,,,,,,,,,,,,,,,,,,,,,,,,,,,,,,,,,,,,,,,,,,,,,,,,,,,,,,,,,,,,,,,,,,,,,,,,,,,,,,,,,,,,,,,,,,,,,,,,,,,,,,,,,,,,,,,,,,,,,,,,,,,,,,,,,,,,,,,,,,,,,,,,,,,,,,,,,,,,,,,,,,,,,,,,,,,,,,,,,,,,,,,,,,,,,,,,,,,,,,,,,,,,,,,,,,,,,,,,,,,,,,,,,,,,,,,,,,,,,,,,,,,,,,,,,,,,,,,,
DD_WEIGHT,0.5,0.2,0.8,float,Drawdown penalty weight - increased to prioritize risk management,,,,,,,,,,,,,,,,,,,,,,,,,,,,,,,,,,,,,,,,,,,,,,,,,,,,,,,,,,,,,,,,,,,,,,,,,,,,,,,,,,,,,,,,,,,,,,,,,,,,,,,,,,,,,,,,,,,,,,,,,,,,,,,,,,,,,,,,,,,,,,,,,,,,,,,,,,,,,,,,,,,,,,,,,,,,,,,,,,,,,,,,,,,,,,,,,,,,,,,,,,,,,,,,,,,,,,,,,,,,,,,,,,,,,,,,,,,,,,,,,,,,,,,,,,,,,,,,,,,,,,,,,,,,,,,,,,,,,,,,,,,,,,,,,,,,,,,,,,,,,,,,,,,,,,,,,,,,,,,,,,,,,,,,,,,,,,,,,,,,,,,,,,,,,,,,,,,,,,,,,,,,,,,,,,,,,,,,,,,,,,,,,,,,,,,,,,,,,,,,,,,,,,,,,,,,,,,,,,,,,,,,,,,,,,,,,,,,,,,,,,,,,,,,,,,,,,,,,,,,,,,,,,,,,,,,,,,,,,,,,,
DATA_SPLITS,0.65,0.6,0.7,float,In-sample fraction per period - 60-70% for better generalization (30-40% OOS),,,,,,,,,,,,,,,,,,,,,,,,,,,,,,,,,,,,,,,,,,,,,,,,,,,,,,,,,,,,,,,,,,,,,,,,,,,,,,,,,,,,,,,,,,,,,,,,,,,,,,,,,,,,,,,,,,,,,,,,,,,,,,,,,,,,,,,,,,,,,,,,,,,,,,,,,,,,,,,,,,,,,,,,,,,,,,,,,,,,,,,,,,,,,,,,,,,,,,,,,,,,,,,,,,,,,,,,,,,,,,,,,,,,,,,,,,,,,,,,,,,,,,,,,,,,,,,,,,,,,,,,,,,,,,,,,,,,,,,,,,,,,,,,,,,,,,,,,,,,,,,,,,,,,,,,,,,,,,,,,,,,,,,,,,,,,,,,,,,,,,,,,,,,,,,,,,,,,,,,,,,,,,,,,,,,,,,,,,,,,,,,,,,,,,,,,,,,,,,,,,,,,,,,,,,,,,,,,,,,,,,,,,,,,,,,,,,,,,,,,,,,,,,,,,,,,,,,,,,,,,,,,,,,,,,,,,,,,,,,,,
DATA_SIZE,0,0,10000000,int,Rows to subsample (0 = full dataset),,,,,,,,,,,,,,,,,,,,,,,,,,,,,,,,,,,,,,,,,,,,,,,,,,,,,,,,,,,,,,,,,,,,,,,,,,,,,,,,,,,,,,,,,,,,,,,,,,,,,,,,,,,,,,,,,,,,,,,,,,,,,,,,,,,,,,,,,,,,,,,,,,,,,,,,,,,,,,,,,,,,,,,,,,,,,,,,,,,,,,,,,,,,,,,,,,,,,,,,,,,,,,,,,,,,,,,,,,,,,,,,,,,,,,,,,,,,,,,,,,,,,,,,,,,,,,,,,,,,,,,,,,,,,,,,,,,,,,,,,,,,,,,,,,,,,,,,,,,,,,,,,,,,,,,,,,,,,,,,,,,,,,,,,,,,,,,,,,,,,,,,,,,,,,,,,,,,,,,,,,,,,,,,,,,,,,,,,,,,,,,,,,,,,,,,,,,,,,,,,,,,,,,,,,,,,,,,,,,,,,,,,,,,,,,,,,,,,,,,,,,,,,,,,,,,,,,,,,,,,,,,,,,,,,,,,,,,,,,,,,
USE_INTERLEAVED_SPLIT,true,false,true,bool,Use interleaved IS/OOS periods instead of single split,,,,,,,,,,,,,,,,,,,,,,,,,,,,,,,,,,,,,,,,,,,,,,,,,,,,,,,,,,,,,,,,,,,,,,,,,,,,,,,,,,,,,,,,,,,,,,,,,,,,,,,,,,,,,,,,,,,,,,,,,,,,,,,,,,,,,,,,,,,,,,,,,,,,,,,,,,,,,,,,,,,,,,,,,,,,,,,,,,,,,,,,,,,,,,,,,,,,,,,,,,,,,,,,,,,,,,,,,,,,,,,,,,,,,,,,,,,,,,,,,,,,,,,,,,,,,,,,,,,,,,,,,,,,,,,,,,,,,,,,,,,,,,,,,,,,,,,,,,,,,,,,,,,,,,,,,,,,,,,,,,,,,,,,,,,,,,,,,,,,,,,,,,,,,,,,,,,,,,,,,,,,,,,,,,,,,,,,,,,,,,,,,,,,,,,,,,,,,,,,,,,,,,,,,,,,,,,,,,,,,,,,,,,,,,,,,,,,,,,,,,,,,,,,,,,,,,,,,,,,,,,,,,,,,,,,,,,,,,,,,,
NUM_SPLIT_PERIODS,5,3,7,int,Number of alternating periods (IS-OOS-IS-OOS-IS) - odd number recommended,,,,,,,,,,,,,,,,,,,,,,,,,,,,,,,,,,,,,,,,,,,,,,,,,,,,,,,,,,,,,,,,,,,,,,,,,,,,,,,,,,,,,,,,,,,,,,,,,,,,,,,,,,,,,,,,,,,,,,,,,,,,,,,,,,,,,,,,,,,,,,,,,,,,,,,,,,,,,,,,,,,,,,,,,,,,,,,,,,,,,,,,,,,,,,,,,,,,,,,,,,,,,,,,,,,,,,,,,,,,,,,,,,,,,,,,,,,,,,,,,,,,,,,,,,,,,,,,,,,,,,,,,,,,,,,,,,,,,,,,,,,,,,,,,,,,,,,,,,,,,,,,,,,,,,,,,,,,,,,,,,,,,,,,,,,,,,,,,,,,,,,,,,,,,,,,,,,,,,,,,,,,,,,,,,,,,,,,,,,,,,,,,,,,,,,,,,,,,,,,,,,,,,,,,,,,,,,,,,,,,,,,,,,,,,,,,,,,,,,,,,,,,,,,,,,,,,,,,,,,,,,,,,,,,,,,,,,,,,,,,,
MIN_TRADES_DAY,2,0.5,2,float,MUST have at least 0.1 trades/day (approx 1 per 2 weeks) - relaxed for combined logic,,,,,,,,,,,,,,,,,,,,,,,,,,,,,,,,,,,,,,,,,,,,,,,,,,,,,,,,,,,,,,,,,,,,,,,,,,,,,,,,,,,,,,,,,,,,,,,,,,,,,,,,,,,,,,,,,,,,,,,,,,,,,,,,,,,,,,,,,,,,,,,,,,,,,,,,,,,,,,,,,,,,,,,,,,,,,,,,,,,,,,,,,,,,,,,,,,,,,,,,,,,,,,,,,,,,,,,,,,,,,,,,,,,,,,,,,,,,,,,,,,,,,,,,,,,,,,,,,,,,,,,,,,,,,,,,,,,,,,,,,,,,,,,,,,,,,,,,,,,,,,,,,,,,,,,,,,,,,,,,,,,,,,,,,,,,,,,,,,,,,,,,,,,,,,,,,,,,,,,,,,,,,,,,,,,,,,,,,,,,,,,,,,,,,,,,,,,,,,,,,,,,,,,,,,,,,,,,,,,,,,,,,,,,,,,,,,,,,,,,,,,,,,,,,,,,,,,,,,,,,,,,,,,,,,,,,,,,,,,,,,
MIN_TRADES_PEN_WEIGHT,-500,-200,-50,float,Scalar penalty — zero trades = -50 (Less harsh death penalty),,,,,,,,,,,,,,,,,,,,,,,,,,,,,,,,,,,,,,,,,,,,,,,,,,,,,,,,,,,,,,,,,,,,,,,,,,,,,,,,,,,,,,,,,,,,,,,,,,,,,,,,,,,,,,,,,,,,,,,,,,,,,,,,,,,,,,,,,,,,,,,,,,,,,,,,,,,,,,,,,,,,,,,,,,,,,,,,,,,,,,,,,,,,,,,,,,,,,,,,,,,,,,,,,,,,,,,,,,,,,,,,,,,,,,,,,,,,,,,,,,,,,,,,,,,,,,,,,,,,,,,,,,,,,,,,,,,,,,,,,,,,,,,,,,,,,,,,,,,,,,,,,,,,,,,,,,,,,,,,,,,,,,,,,,,,,,,,,,,,,,,,,,,,,,,,,,,,,,,,,,,,,,,,,,,,,,,,,,,,,,,,,,,,,,,,,,,,,,,,,,,,,,,,,,,,,,,,,,,,,,,,,,,,,,,,,,,,,,,,,,,,,,,,,,,,,,,,,,,,,,,,,,,,,,,,,,,,,,,,,,
NORM_SORTINO_MAX,10,5,20,float,Normalization range for Sortino Ratio (used in fitness calculation),,,,,,,,,,,,,,,,,,,,,,,,,,,,,,,,,,,,,,,,,,,,,,,,,,,,,,,,,,,,,,,,,,,,,,,,,,,,,,,,,,,,,,,,,,,,,,,,,,,,,,,,,,,,,,,,,,,,,,,,,,,,,,,,,,,,,,,,,,,,,,,,,,,,,,,,,,,,,,,,,,,,,,,,,,,,,,,,,,,,,,,,,,,,,,,,,,,,,,,,,,,,,,,,,,,,,,,,,,,,,,,,,,,,,,,,,,,,,,,,,,,,,,,,,,,,,,,,,,,,,,,,,,,,,,,,,,,,,,,,,,,,,,,,,,,,,,,,,,,,,,,,,,,,,,,,,,,,,,,,,,,,,,,,,,,,,,,,,,,,,,,,,,,,,,,,,,,,,,,,,,,,,,,,,,,,,,,,,,,,,,,,,,,,,,,,,,,,,,,,,,,,,,,,,,,,,,,,,,,,,,,,,,,,,,,,,,,,,,,,,,,,,,,,,,,,,,,,,,,,,,,,,,,,,,,,,,,,,,,,,,
NORM_DD_MAX,50000,50000,200000,float,Normalization range for Max Drawdown in dollars (used in fitness calculation),,,,,,,,,,,,,,,,,,,,,,,,,,,,,,,,,,,,,,,,,,,,,,,,,,,,,,,,,,,,,,,,,,,,,,,,,,,,,,,,,,,,,,,,,,,,,,,,,,,,,,,,,,,,,,,,,,,,,,,,,,,,,,,,,,,,,,,,,,,,,,,,,,,,,,,,,,,,,,,,,,,,,,,,,,,,,,,,,,,,,,,,,,,,,,,,,,,,,,,,,,,,,,,,,,,,,,,,,,,,,,,,,,,,,,,,,,,,,,,,,,,,,,,,,,,,,,,,,,,,,,,,,,,,,,,,,,,,,,,,,,,,,,,,,,,,,,,,,,,,,,,,,,,,,,,,,,,,,,,,,,,,,,,,,,,,,,,,,,,,,,,,,,,,,,,,,,,,,,,,,,,,,,,,,,,,,,,,,,,,,,,,,,,,,,,,,,,,,,,,,,,,,,,,,,,,,,,,,,,,,,,,,,,,,,,,,,,,,,,,,,,,,,,,,,,,,,,,,,,,,,,,,,,,,,,,,,,,,,,,,,
NORM_PF_MAX,5,3,10,float,Normalization range for Profit Factor (used in fitness calculation),,,,,,,,,,,,,,,,,,,,,,,,,,,,,,,,,,,,,,,,,,,,,,,,,,,,,,,,,,,,,,,,,,,,,,,,,,,,,,,,,,,,,,,,,,,,,,,,,,,,,,,,,,,,,,,,,,,,,,,,,,,,,,,,,,,,,,,,,,,,,,,,,,,,,,,,,,,,,,,,,,,,,,,,,,,,,,,,,,,,,,,,,,,,,,,,,,,,,,,,,,,,,,,,,,,,,,,,,,,,,,,,,,,,,,,,,,,,,,,,,,,,,,,,,,,,,,,,,,,,,,,,,,,,,,,,,,,,,,,,,,,,,,,,,,,,,,,,,,,,,,,,,,,,,,,,,,,,,,,,,,,,,,,,,,,,,,,,,,,,,,,,,,,,,,,,,,,,,,,,,,,,,,,,,,,,,,,,,,,,,,,,,,,,,,,,,,,,,,,,,,,,,,,,,,,,,,,,,,,,,,,,,,,,,,,,,,,,,,,,,,,,,,,,,,,,,,,,,,,,,,,,,,,,,,,,,,,,,,,,,,
NORM_TRADES_MAX,3,1,5,float,Normalization range for Avg Trades/Day (used in fitness calculation) - reduced to 3.0 for realistic expectations,,,,,,,,,,,,,,,,,,,,,,,,,,,,,,,,,,,,,,,,,,,,,,,,,,,,,,,,,,,,,,,,,,,,,,,,,,,,,,,,,,,,,,,,,,,,,,,,,,,,,,,,,,,,,,,,,,,,,,,,,,,,,,,,,,,,,,,,,,,,,,,,,,,,,,,,,,,,,,,,,,,,,,,,,,,,,,,,,,,,,,,,,,,,,,,,,,,,,,,,,,,,,,,,,,,,,,,,,,,,,,,,,,,,,,,,,,,,,,,,,,,,,,,,,,,,,,,,,,,,,,,,,,,,,,,,,,,,,,,,,,,,,,,,,,,,,,,,,,,,,,,,,,,,,,,,,,,,,,,,,,,,,,,,,,,,,,,,,,,,,,,,,,,,,,,,,,,,,,,,,,,,,,,,,,,,,,,,,,,,,,,,,,,,,,,,,,,,,,,,,,,,,,,,,,,,,,,,,,,,,,,,,,,,,,,,,,,,,,,,,,,,,,,,,,,,,,,,,,,,,,,,,,,,,,,,,,,,,,,,,,
NORM_PNL_MAX,600000,100000,1000000,float,Normalization range for Total Profit in dollars (used in fitness calculation) - increased to prevent maxing out,,,,,,,,,,,,,,,,,,,,,,,,,,,,,,,,,,,,,,,,,,,,,,,,,,,,,,,,,,,,,,,,,,,,,,,,,,,,,,,,,,,,,,,,,,,,,,,,,,,,,,,,,,,,,,,,,,,,,,,,,,,,,,,,,,,,,,,,,,,,,,,,,,,,,,,,,,,,,,,,,,,,,,,,,,,,,,,,,,,,,,,,,,,,,,,,,,,,,,,,,,,,,,,,,,,,,,,,,,,,,,,,,,,,,,,,,,,,,,,,,,,,,,,,,,,,,,,,,,,,,,,,,,,,,,,,,,,,,,,,,,,,,,,,,,,,,,,,,,,,,,,,,,,,,,,,,,,,,,,,,,,,,,,,,,,,,,,,,,,,,,,,,,,,,,,,,,,,,,,,,,,,,,,,,,,,,,,,,,,,,,,,,,,,,,,,,,,,,,,,,,,,,,,,,,,,,,,,,,,,,,,,,,,,,,,,,,,,,,,,,,,,,,,,,,,,,,,,,,,,,,,,,,,,,,,,,,,,,,,,,,
NORM_PROFIT_TRADE_MAX,100,100,500,float,Normalization range for Avg Profit Per Trade (used in fitness calculation),,,,,,,,,,,,,,,,,,,,,,,,,,,,,,,,,,,,,,,,,,,,,,,,,,,,,,,,,,,,,,,,,,,,,,,,,,,,,,,,,,,,,,,,,,,,,,,,,,,,,,,,,,,,,,,,,,,,,,,,,,,,,,,,,,,,,,,,,,,,,,,,,,,,,,,,,,,,,,,,,,,,,,,,,,,,,,,,,,,,,,,,,,,,,,,,,,,,,,,,,,,,,,,,,,,,,,,,,,,,,,,,,,,,,,,,,,,,,,,,,,,,,,,,,,,,,,,,,,,,,,,,,,,,,,,,,,,,,,,,,,,,,,,,,,,,,,,,,,,,,,,,,,,,,,,,,,,,,,,,,,,,,,,,,,,,,,,,,,,,,,,,,,,,,,,,,,,,,,,,,,,,,,,,,,,,,,,,,,,,,,,,,,,,,,,,,,,,,,,,,,,,,,,,,,,,,,,,,,,,,,,,,,,,,,,,,,,,,,,,,,,,,,,,,,,,,,,,,,,,,,,,,,,,,,,,,,,,,,,,,,
MIN_WIN_RATE,0.4,0.3,0.5,float,Minimum win rate threshold (hard constraint - strategies below this are eliminated),,,,,,,,,,,,,,,,,,,,,,,,,,,,,,,,,,,,,,,,,,,,,,,,,,,,,,,,,,,,,,,,,,,,,,,,,,,,,,,,,,,,,,,,,,,,,,,,,,,,,,,,,,,,,,,,,,,,,,,,,,,,,,,,,,,,,,,,,,,,,,,,,,,,,,,,,,,,,,,,,,,,,,,,,,,,,,,,,,,,,,,,,,,,,,,,,,,,,,,,,,,,,,,,,,,,,,,,,,,,,,,,,,,,,,,,,,,,,,,,,,,,,,,,,,,,,,,,,,,,,,,,,,,,,,,,,,,,,,,,,,,,,,,,,,,,,,,,,,,,,,,,,,,,,,,,,,,,,,,,,,,,,,,,,,,,,,,,,,,,,,,,,,,,,,,,,,,,,,,,,,,,,,,,,,,,,,,,,,,,,,,,,,,,,,,,,,,,,,,,,,,,,,,,,,,,,,,,,,,,,,,,,,,,,,,,,,,,,,,,,,,,,,,,,,,,,,,,,,,,,,,,,,,,,,,,,,,,,,,,,,
SORTINO_CAP,10,5,20,float,Maximum Sortino value before capping (prevents unrealistic values),,,,,,,,,,,,,,,,,,,,,,,,,,,,,,,,,,,,,,,,,,,,,,,,,,,,,,,,,,,,,,,,,,,,,,,,,,,,,,,,,,,,,,,,,,,,,,,,,,,,,,,,,,,,,,,,,,,,,,,,,,,,,,,,,,,,,,,,,,,,,,,,,,,,,,,,,,,,,,,,,,,,,,,,,,,,,,,,,,,,,,,,,,,,,,,,,,,,,,,,,,,,,,,,,,,,,,,,,,,,,,,,,,,,,,,,,,,,,,,,,,,,,,,,,,,,,,,,,,,,,,,,,,,,,,,,,,,,,,,,,,,,,,,,,,,,,,,,,,,,,,,,,,,,,,,,,,,,,,,,,,,,,,,,,,,,,,,,,,,,,,,,,,,,,,,,,,,,,,,,,,,,,,,,,,,,,,,,,,,,,,,,,,,,,,,,,,,,,,,,,,,,,,,,,,,,,,,,,,,,,,,,,,,,,,,,,,,,,,,,,,,,,,,,,,,,,,,,,,,,,,,,,,,,,,,,,,,,,,,,,,
=== SOLUTION STATISTICS ===,,,,,,,,,,,,,,,,,,,,,,,,,,,,,,,,,,,,,,,,,,,,,,,,,,,,,,,,,,,,,,,,,,,,,,,,,,,,,,,,,,,,,,,,,,,,,,,,,,,,,,,,,,,,,,,,,,,,,,,,,,,,,,,,,,,,,,,,,,,,,,,,,,,,,,,,,,,,,,,,,,,,,,,,,,,,,,,,,,,,,,,,,,,,,,,,,,,,,,,,,,,,,,,,,,,,,,,,,,,,,,,,,,,,,,,,,,,,,,,,,,,,,,,,,,,,,,,,,,,,,,,,,,,,,,,,,,,,,,,,,,,,,,,,,,,,,,,,,,,,,,,,,,,,,,,,,,,,,,,,,,,,,,,,,,,,,,,,,,,,,,,,,,,,,,,,,,,,,,,,,,,,,,,,,,,,,,,,,,,,,,,,,,,,,,,,,,,,,,,,,,,,,,,,,,,,,,,,,,,,,,,,,,,,,,,,,,,,,,,,,,,,,,,,,,,,,,,,,,,,,,,,,,,,,,,,,,,,,,,,,,,,,,,
Sortino Ratio,,,,statistic,Sortino Ratio for each solution,0.6964,0.5970,0.5421,0.5210,0.5203,0.5115,0.5092,0.5082,0.5054,0.5053,0.5044,0.5044,0.5036,0.5035,0.5028,0.5026,0.5007,0.4934,0.4934,0.4934,0.4932,0.4927,0.4927,0.4924,0.4904,0.4895,0.4873,0.4851,0.4840,0.4823,0.4809,0.4778,0.4767,0.4765,0.4762,0.4751,0.4734,0.4713,0.4701,0.4697,0.4694,0.4660,0.4559,0.4555,0.4535,0.4532,0.4525,0.4503,0.4497,0.4487,0.4472,0.4451,0.4406,0.4386,0.4379,0.4377,0.4373,0.4367,0.4355,0.4347,0.4332,0.4332,0.4328,0.4317,0.4282,0.4278,0.4272,0.4270,0.4264,0.4242,0.4208,0.4206,0.4193,0.4185,0.4178,0.4178,0.4178,0.4178,0.4178,0.4178,0.4174,0.4172,0.4171,0.4164,0.4157,0.4155,0.4136,0.4115,0.4115,0.4106,0.4100,0.4082,0.4079,0.4068,0.4065,0.4055,0.4036,0.4018,0.3990,0.3962,0.3957,0.3957,0.3929,0.3927,0.3927,0.3907,0.3901,0.3897,0.3896,0.3878,0.3866,0.3865,0.3865,0.3855,0.3819,0.3818,0.3801,0.3795,0.3794,0.3781,0.3777,0.3764,0.3732,0.3724,0.3710,0.3706,0.3697,0.3673,0.3665,0.3644,0.3642,0.3641,0.3634,0.3628,0.3600,0.3596,0.3587,0.3572,0.3557,0.3556,0.3555,0.3544,0.3529,0.3529,0.3522,0.3513,0.3499,0.3489,0.3450,0.3448,0.3442,0.3437,0.3437,0.3435,0.3427,0.3426,0.3425,0.3409,0.3392,0.3376,0.3370,0.3351,0.3349,0.3349,0.3347,0.3338,0.3316,0.3315,0.3305,0.3297,0.3295,0.3291,0.3289,0.3261,0.3259,0.3253,0.3216,0.3209,0.3189,0.3170,0.3165,0.3156,0.3154,0.3152,0.3149,0.3149,0.3140,0.3130,0.3118,0.3116,0.3110,0.3110,0.3109,0.3090,0.3084,0.3081,0.3080,0.3079,0.3078,0.3069,0.3069,0.3053,0.3051,0.3048,0.3048,0.3047,0.3044,0.3044,0.3041,0.3031,0.3026,0.3008,0.3006,0.3003,0.3001,0.2997,0.2990,0.2988,0.2988,0.2985,0.2985,0.2985,0.2981,0.2978,0.2970,0.2963,0.2963,0.2952,0.2952,0.2949,0.2942,0.2935,0.2935,0.2933,0.2932,0.2930,0.2927,0.2927,0.2920,0.2920,0.2906,0.2904,0.2897,0.2891,0.2881,0.2880,0.2877,0.2875,0.2869,0.2868,0.2868,0.2865,0.2863,0.2857,0.2849,0.2845,0.2843,0.2841,0.2836,0.2832,0.2830,0.2827,0.2821,0.2818,0.2816,0.2810,0.2809,0.2806,0.2805,0.2805,0.2804,0.2803,0.2801,0.2798,0.2798,0.2796,0.2792,0.2788,0.2788,0.2786,0.2775,0.2774,0.2767,0.2767,0.2765,0.2764,0.2761,0.2760,0.2759,0.2754,0.2753,0.2752,0.2745,0.2745,0.2731,0.2728,0.2728,0.2725,0.2724,0.2718,0.2701,0.2700,0.2699,0.2689,0.2689,0.2687,0.2685,0.2682,0.2680,0.2668,0.2663,0.2661,0.2645,0.2635,0.2630,0.2629,0.2629,0.2628,0.2607,0.2604,0.2597,0.2588,0.2587,0.2584,0.2570,0.2563,0.2560,0.2552,0.2551,0.2550,0.2549,0.2546,0.2538,0.2511,0.2504,0.2491,0.2480,0.2445,0.2424,0.2420,0.2419,0.2409,0.2406,0.2391,0.2383,0.2383,0.2367,0.2366,0.2356,0.2356,0.2354,0.2348,0.2347,0.2344,0.2344,0.2339,0.2327,0.2325,0.2301,0.2283,0.2280,0.2277,0.2268,0.2263,0.2263,0.2262,0.2252,0.2243,0.2225,0.2220,0.2213,0.2197,0.2197,0.2177,0.2149,0.2129,0.2119,0.2088,0.2086,0.2085,0.2074,0.2063,0.2057,0.2050,0.2032,0.2026,0.2023,0.2014,0.2008,0.1988,0.1987,0.1982,0.1974,0.1969,0.1967,0.1959,0.1959,0.1934,0.1928,0.1918,0.1916,0.1861,0.1858,0.1844,0.1835,0.1834,0.1833,0.1833,0.1825,0.1796,0.1789,0.1784,0.1784,0.1781,0.1781,0.1746,0.1746,0.1732,0.1729,0.1722,0.1719,0.1709,0.1709,0.1696,0.1695,0.1693,0.1692,0.1679,0.1673,0.1654,0.1643,0.1643,0.1643,0.1606,0.1596,0.1595,0.1594,0.1587,0.1579,0.1579,0.1575,0.1568,0.1565,0.1564,0.1559,0.1552,0.1548,0.1546,0.1544,0.1537,0.1536,0.1533,0.1533,0.1528,0.1527,0.1513,0.1511,0.1510,0.1504,0.1503,0.1500,0.1494,0.1488,0.1487,0.1477,0.1462,0.1456,0.1454,0.1454,0.1431,0.1424,0.1413,0.1411,0.1410,0.1409,0.1387,0.1374,0.1343,0.1066,0.0878,0.0878,0.0878
Max Drawdown ($),,,,statistic,Max Drawdown ($) for each solution,$0.13,$0.25,$0.29,$0.20,$0.31,$0.11,$0.30,$0.24,$0.16,$0.16,$0.17,$0.17,$0.18,$0.12,$0.11,$0.05,$0.25,$0.05,$0.06,$0.06,$0.05,$0.05,$0.05,$0.15,$0.06,$0.05,$0.05,$0.04,$0.06,$0.07,$0.15,$0.06,$0.05,$0.05,$0.05,$0.05,$0.05,$0.05,$0.05,$0.04,$0.05,$0.05,$0.04,$0.05,$0.05,$0.13,$0.14,$0.14,$0.13,$0.13,$0.05,$0.12,$0.09,$0.05,$0.09,$0.04,$0.05,$0.05,$0.10,$0.04,$0.14,$0.08,$0.17,$0.10,$0.06,$0.09,$0.04,$0.09,$0.23,$0.11,$0.05,$0.05,$0.08,$0.13,$0.11,$0.08,$0.08,$0.08,$0.08,$0.08,$0.04,$0.07,$0.04,$0.07,$0.08,$0.10,$0.04,$0.07,$0.04,$0.07,$0.05,$0.11,$0.06,$0.10,$0.04,$0.06,$0.14,$0.07,$0.05,$0.08,$0.05,$0.05,$0.06,$0.04,$0.07,$0.03,$0.05,$0.07,$0.07,$0.26,$0.04,$0.07,$0.17,$0.04,$0.08,$0.05,$0.13,$0.07,$0.06,$0.26,$0.05,$0.10,$0.04,$0.05,$0.04,$0.04,$0.04,$0.24,$0.06,$0.22,$0.04,$0.08,$0.17,$0.04,$0.25,$0.19,$0.06,$0.08,$0.06,$0.06,$0.07,$0.05,$0.05,$0.04,$0.16,$0.05,$0.26,$0.04,$0.04,$0.05,$0.07,$0.04,$0.05,$0.04,$0.05,$0.05,$0.03,$0.05,$0.15,$0.09,$0.04,$0.17,$0.04,$0.04,$0.13,$0.05,$0.05,$0.05,$0.04,$0.08,$0.20,$0.05,$0.06,$0.09,$0.09,$0.08,$0.05,$0.07,$0.04,$0.09,$0.10,$0.08,$0.05,$0.07,$0.07,$0.08,$0.07,$0.06,$0.05,$0.07,$0.04,$0.07,$0.04,$0.10,$0.09,$0.07,$0.09,$0.09,$0.25,$0.05,$0.16,$0.13,$0.07,$0.09,$0.10,$0.05,$0.08,$0.10,$0.08,$0.08,$0.07,$0.08,$0.09,$0.08,$0.13,$0.05,$0.08,$0.11,$0.08,$0.07,$0.17,$0.10,$0.06,$0.12,$0.06,$0.06,$0.06,$0.10,$0.05,$0.09,$0.09,$0.18,$0.09,$0.09,$0.13,$0.08,$0.10,$0.10,$0.08,$0.09,$0.08,$0.08,$0.11,$0.06,$0.09,$0.19,$0.08,$0.07,$0.22,$0.08,$0.06,$0.13,$0.06,$0.11,$0.08,$0.09,$0.22,$0.06,$0.13,$0.12,$0.07,$0.12,$0.09,$0.09,$0.08,$0.18,$0.10,$0.21,$0.26,$0.22,$0.10,$0.08,$0.05,$0.03,$0.10,$0.11,$0.08,$0.19,$0.09,$0.12,$0.11,$0.26,$0.13,$0.13,$0.08,$0.19,$0.17,$0.16,$0.10,$0.20,$0.06,$0.03,$0.05,$0.06,$0.08,$0.12,$0.25,$0.08,$0.13,$0.12,$0.14,$0.08,$0.13,$0.07,$0.10,$0.22,$0.06,$0.09,$0.07,$0.07,$0.13,$0.09,$0.06,$0.03,$0.03,$0.03,$0.03,$0.06,$0.10,$0.07,$0.06,$0.11,$0.07,$0.14,$0.14,$0.11,$0.13,$0.08,$0.15,$0.12,$0.13,$0.05,$0.12,$0.10,$0.10,$0.14,$0.20,$0.13,$0.12,$0.15,$0.15,$0.14,$0.17,$0.12,$0.08,$0.08,$0.14,$0.12,$0.23,$0.12,$0.11,$0.10,$0.05,$0.05,$0.12,$0.13,$0.15,$0.11,$0.11,$0.10,$0.13,$0.10,$0.15,$0.12,$0.12,$0.12,$0.12,$0.11,$0.07,$0.12,$0.12,$0.10,$0.10,$0.10,$0.10,$0.11,$0.05,$0.11,$0.07,$0.07,$0.06,$0.08,$0.08,$0.10,$0.11,$0.11,$0.06,$0.10,$0.10,$0.13,$0.08,$0.10,$0.11,$0.05,$0.10,$0.10,$0.10,$0.10,$0.10,$0.21,$0.08,$0.10,$0.10,$0.08,$0.18,$0.11,$0.13,$0.05,$0.13,$0.07,$0.10,$0.10,$0.10,$0.05,$0.05,$0.11,$0.12,$0.05,$0.11,$0.10,$0.12,$0.11,$0.11,$0.11,$0.14,$0.11,$0.11,$0.05,$0.09,$0.12,$0.11,$0.11,$0.11,$0.09,$0.12,$0.12,$0.11,$0.14,$0.05,$0.05,$0.21,$0.20,$0.09,$0.11,$0.14,$0.11,$0.14,$0.11,$0.06,$0.17,$0.14,$0.14,$0.14,$0.17,$0.11,$0.11,$0.18,$0.14,$0.14,$0.15,$0.11,$0.11,$0.21,$0.14,$0.18,$0.14,$0.14,$0.15,$0.14,$0.13,$0.10,$0.06,$0.11,$0.13,$0.13,$0.07,$0.22,$0.05,$0.06,$0.06,$0.06,$0.06
Profit Factor,,,,statistic,Profit Factor for each solution,0.3837,0.3529,0.3800,0.3490,0.3651,0.5198,0.3656,0.3102,0.4028,0.2635,0.3964,0.3964,0.3981,0.3842,0.5166,0.5327,0.3066,0.5218,0.5194,0.5194,0.5243,0.5415,0.5234,0.3962,0.5367,0.5221,0.5304,0.5208,0.5245,0.5044,0.4136,0.5016,0.5027,0.5014,0.5176,0.5032,0.5133,0.5044,0.5073,0.4900,0.5084,0.5053,0.4747,0.4999,0.4837,0.3988,0.4075,0.4198,0.3640,0.4260,0.4769,0.4436,0.4944,0.4749,0.5323,0.4663,0.4774,0.4758,0.5220,0.3943,0.4886,0.4894,0.4787,0.5303,0.4780,0.5031,0.3946,0.5257,0.3865,0.4820,0.4602,0.4597,0.5012,0.4984,0.4951,0.4860,0.4860,0.4860,0.4860,0.4860,0.4533,0.4611,0.3876,0.4598,0.4952,0.4626,0.4525,0.4604,0.3854,0.4707,0.4376,0.4998,0.4152,0.5087,0.3885,0.4434,0.4624,0.4581,0.4276,0.4704,0.4415,0.4415,0.4901,0.3784,0.4895,0.3750,0.3777,0.4912,0.4680,0.4371,0.3720,0.4729,0.4553,0.3738,0.4733,0.4238,0.4697,0.4077,0.4088,0.4222,0.4185,0.4594,0.3767,0.3711,0.4176,0.3733,0.3726,0.4345,0.3783,0.4116,0.3650,0.4743,0.4323,0.3785,0.4051,0.4111,0.3809,0.4586,0.3786,0.3786,0.4421,0.3725,0.3769,0.3689,0.4062,0.3659,0.3919,0.3525,0.3610,0.3596,0.4497,0.3470,0.3599,0.3617,0.3640,0.3809,0.3585,0.3754,0.3886,0.3742,0.3553,0.3821,0.3600,0.3600,0.3861,0.3626,0.3613,0.3565,0.3573,0.4119,0.3090,0.3696,0.3600,0.3488,0.3488,0.4072,0.3634,0.3733,0.3519,0.3599,0.3337,0.3666,0.3489,0.3444,0.3958,0.3307,0.3461,0.3354,0.3358,0.3422,0.3394,0.3398,0.3399,0.3516,0.3444,0.3475,0.3496,0.3496,0.2937,0.3378,0.3167,0.3332,0.3409,0.3311,0.3455,0.3366,0.3351,0.3348,0.3684,0.3653,0.3683,0.3583,0.3359,0.3658,0.3675,0.3389,0.3249,0.3395,0.3471,0.3647,0.3192,0.3384,0.3640,0.3307,0.3349,0.3363,0.3363,0.3429,0.3122,0.3306,0.3425,0.2920,0.3574,0.3419,0.3257,0.3322,0.3458,0.3341,0.3199,0.3197,0.3482,0.3356,0.3369,0.3343,0.3421,0.3235,0.3412,0.3771,0.3015,0.3514,0.3236,0.3321,0.3512,0.3243,0.3486,0.3361,0.2981,0.3429,0.3224,0.3323,0.3372,0.3303,0.3095,0.3093,0.3462,0.2871,0.3420,0.2929,0.2956,0.3040,0.3168,0.3506,0.2833,0.3220,0.3390,0.3268,0.3387,0.2684,0.3387,0.3009,0.3049,0.2961,0.3268,0.3357,0.3475,0.2909,0.3010,0.3006,0.3198,0.2947,0.3562,0.3116,0.3598,0.3615,0.3384,0.3233,0.2870,0.3423,0.3391,0.2976,0.3057,0.3466,0.3061,0.3443,0.3120,0.2815,0.3403,0.3077,0.3386,0.3433,0.3229,0.3178,0.3185,0.2918,0.2916,0.2900,0.2900,0.3597,0.3191,0.3515,0.3284,0.2865,0.3492,0.2842,0.3018,0.3135,0.3043,0.3007,0.2834,0.2983,0.3210,0.2742,0.2885,0.2872,0.3049,0.3126,0.2594,0.2590,0.2762,0.2588,0.2586,0.2575,0.2661,0.2735,0.3270,0.3270,0.2613,0.2756,0.2560,0.2654,0.2640,0.2847,0.2484,0.2518,0.2648,0.2778,0.2612,0.2662,0.2673,0.2618,0.2718,0.2816,0.2487,0.2686,0.2673,0.2676,0.2693,0.2462,0.3254,0.2445,0.2584,0.2577,0.2378,0.2586,0.2386,0.2658,0.2358,0.2451,0.2712,0.2711,0.2210,0.2573,0.2577,0.2246,0.2548,0.2541,0.2851,0.2241,0.2398,0.2271,0.2445,0.2331,0.2265,0.2084,0.2159,0.2071,0.2177,0.2390,0.2524,0.2052,0.2454,0.2145,0.2103,0.2285,0.1829,0.2094,0.2150,0.1912,0.1981,0.1884,0.2455,0.1999,0.1999,0.1917,0.1917,0.2066,0.2026,0.1900,0.2047,0.2042,0.1931,0.2038,0.2037,0.2038,0.1936,0.2032,0.1986,0.1854,0.2086,0.1860,0.2093,0.1873,0.1856,0.1905,0.1704,0.1738,0.1765,0.1843,0.1746,0.1746,0.1495,0.1513,0.1830,0.1716,0.1783,0.1749,0.1784,0.1711,0.1677,0.1524,0.1791,0.1784,0.1784,0.1520,0.1704,0.1691,0.1581,0.1698,0.1782,0.1780,0.1671,0.1676,0.1504,0.1721,0.1502,0.1721,0.1720,0.1617,0.1757,0.1691,0.1606,0.1541,0.1679,0.1638,0.1638,0.1701,0.1545,0.1590,0.1156,0.0944,0.0944,0.0944
Avg Trades/Day,,,,statistic,Avg Trades/Day for each solution,1.000,1.000,1.000,1.000,1.000,1.000,1.000,1.000,1.000,1.000,1.000,1.000,1.000,1.000,1.000,1.000,1.000,1.000,1.000,1.000,1.000,1.000,1.000,1.000,1.000,1.000,1.000,1.000,1.000,1.000,1.000,1.000,1.000,1.000,1.000,1.000,1.000,1.000,1.000,1.000,1.000,1.000,1.000,1.000,1.000,1.000,1.000,1.000,1.000,1.000,1.000,1.000,1.000,1.000,1.000,1.000,1.000,1.000,1.000,0.776,1.000,1.000,1.000,1.000,1.000,1.000,0.683,1.000,1.000,1.000,1.000,1.000,1.000,1.000,1.000,1.000,1.000,1.000,1.000,1.000,1.000,1.000,0.732,1.000,1.000,1.000,1.000,1.000,0.806,1.000,1.000,1.000,1.000,1.000,0.713,1.000,1.000,1.000,1.000,1.000,1.000,1.000,1.000,0.831,1.000,0.714,0.779,1.000,1.000,1.000,0.865,1.000,1.000,0.875,1.000,1.000,1.000,1.000,1.000,1.000,1.000,1.000,0.730,0.811,1.000,0.803,0.812,1.000,0.924,1.000,0.752,1.000,1.000,0.694,1.000,1.000,0.774,1.000,0.782,0.782,1.000,1.000,0.751,0.710,1.000,1.000,1.000,1.000,1.000,0.767,1.000,0.877,0.880,1.000,1.000,1.000,0.765,1.000,1.000,1.000,1.000,1.000,0.947,0.947,1.000,0.768,1.000,0.870,0.915,1.000,1.000,1.000,0.977,0.821,0.821,1.000,0.844,1.000,1.000,0.691,0.986,0.700,1.000,0.739,1.000,1.000,0.837,1.000,0.894,0.707,1.000,1.000,1.000,0.683,0.873,0.732,0.731,0.730,0.900,1.000,1.000,0.677,0.790,0.840,0.998,1.000,0.971,1.000,0.789,0.777,0.758,0.715,0.854,0.739,1.000,1.000,0.677,0.943,0.806,0.983,0.822,0.933,0.983,0.668,0.743,0.725,0.725,0.983,0.988,0.870,0.987,0.890,0.718,0.987,1.000,0.891,0.886,0.726,1.000,0.953,1.000,0.780,1.000,0.799,0.855,1.000,1.000,1.000,0.824,0.744,0.900,0.811,1.000,0.853,0.753,0.989,0.826,0.685,1.000,0.910,1.000,0.766,0.961,0.961,0.746,0.706,1.000,0.909,0.906,0.984,1.000,1.000,1.000,1.000,0.880,0.691,0.832,0.841,0.779,0.801,1.000,0.904,0.916,0.834,1.000,0.893,1.000,1.000,0.676,0.898,0.777,0.753,0.711,0.773,1.000,1.000,0.920,0.885,1.000,0.720,1.000,0.879,0.668,0.771,1.000,0.973,1.000,1.000,1.000,0.772,1.000,1.000,1.000,0.867,0.866,0.866,0.866,1.000,1.000,1.000,1.000,0.943,1.000,1.000,0.877,1.000,1.000,1.000,1.000,1.000,1.000,0.950,0.937,0.905,0.866,0.846,0.937,1.000,1.000,0.919,1.000,1.000,1.000,0.700,0.779,0.779,0.716,0.920,1.000,0.843,0.871,1.000,1.000,0.767,0.844,0.824,1.000,0.844,0.801,0.839,0.906,0.916,1.000,0.810,0.827,0.802,0.925,0.705,1.000,0.931,1.000,0.986,0.736,1.000,0.769,0.997,1.000,0.780,0.742,0.743,1.000,1.000,1.000,1.000,1.000,1.000,1.000,0.861,1.000,0.720,1.000,0.867,0.733,0.740,0.914,0.772,0.829,1.000,1.000,0.979,1.000,0.888,0.930,1.000,0.878,1.000,0.953,0.769,1.000,1.000,0.923,0.906,0.906,0.763,0.763,0.787,0.688,0.916,0.874,0.885,0.881,0.912,0.912,0.927,0.811,0.945,0.841,0.794,0.891,0.732,1.000,0.810,0.732,0.807,0.792,0.892,0.778,0.867,1.000,1.000,0.896,0.892,1.000,0.822,0.844,0.769,0.874,0.780,1.000,0.893,0.873,0.889,0.889,0.887,0.716,0.858,0.996,0.952,0.968,0.949,0.718,0.738,0.894,0.950,1.000,0.975,0.902,1.000,1.000,1.000,1.000,1.000,0.997,0.958,0.958,1.000,0.996,1.000,1.000,1.000,1.000,1.000
Total Profit (norm),,,,statistic,Total Profit (norm) for each solution,0.7832,0.8360,0.9747,0.8599,0.9802,0.6358,0.9833,0.8987,0.6664,0.5936,0.6906,0.6906,0.6714,0.7097,0.6239,0.5968,0.9154,0.5475,0.6223,0.6223,0.5346,0.6011,0.5460,0.9207,0.6579,0.6754,0.5667,0.5475,0.6302,0.6782,1.0000,0.8923,0.6458,0.6624,0.6870,0.6466,0.6867,0.6412,0.6320,0.6380,0.7096,0.6919,0.6583,0.6899,0.6401,0.9916,0.8959,0.9153,0.9334,0.9032,0.6618,0.9552,1.0000,0.7754,0.9723,0.6933,0.7389,0.7512,0.9854,0.2931,1.0000,1.0000,1.0000,1.0000,0.7345,0.9902,0.2703,1.0000,1.0000,1.0000,0.8043,0.8070,1.0000,1.0000,1.0000,0.9060,0.9060,0.9060,0.9060,0.9060,0.6986,0.8697,0.2770,0.8839,1.0000,1.0000,0.7028,0.8353,0.2966,1.0000,0.9221,1.0000,0.8206,1.0000,0.2765,0.8651,1.0000,1.0000,0.9668,1.0000,0.6935,0.6935,0.8740,0.3039,0.8509,0.2688,0.2869,0.8000,1.0000,1.0000,0.3033,0.9032,1.0000,0.3116,0.9109,0.6976,1.0000,1.0000,1.0000,1.0000,0.7146,1.0000,0.2922,0.3261,0.7440,0.3000,0.3033,1.0000,0.3654,1.0000,0.2606,0.9166,1.0000,0.2831,1.0000,1.0000,0.3152,1.0000,0.3150,0.3151,0.9694,0.5781,0.2957,0.2826,1.0000,0.4107,1.0000,0.3422,0.4516,0.2944,1.0000,0.2625,0.3401,0.3970,0.4305,0.7329,0.2869,1.0000,1.0000,1.0000,0.4977,1.0000,0.3727,0.3727,1.0000,0.2984,0.5446,0.3597,0.3466,1.0000,1.0000,1.0000,0.3833,0.7772,0.7780,1.0000,0.3273,0.6808,0.3935,0.4855,0.6870,0.4962,0.4717,0.5578,1.0000,0.7378,0.5714,0.6104,0.3575,0.5345,0.4602,0.7237,0.3434,0.5664,0.6264,0.5058,0.5921,0.5918,0.8567,0.6523,1.0000,0.6474,0.4439,0.6961,0.7728,0.6821,0.6428,0.9362,0.5452,0.5515,0.5106,0.5035,0.6354,0.5205,1.0000,0.6874,0.5587,0.8132,0.6419,0.6168,0.7524,0.7289,0.6147,0.6525,0.4097,0.4024,0.4024,0.7065,0.4177,0.6601,0.7312,0.9127,0.5100,0.7294,1.0000,0.7434,0.6634,0.6920,0.7248,0.6920,0.8941,0.6196,0.8796,0.4648,0.6410,1.0000,0.7268,1.0000,0.9010,0.5603,0.4806,0.8195,0.5497,0.7340,0.5596,0.7105,0.9077,0.4491,1.0000,0.8308,0.9740,0.7412,0.7037,0.7030,0.6118,0.7995,0.9026,0.9474,0.9978,1.0000,0.8524,0.8176,0.4213,0.2975,0.6541,0.6992,0.5950,0.9692,0.6698,0.7665,0.9920,0.9681,0.8058,0.7244,0.8182,0.9186,1.0000,1.0000,0.6549,0.9586,0.3420,0.1624,0.3443,0.3837,0.8220,1.0000,1.0000,0.7534,0.8259,0.7299,1.0000,0.6240,0.6836,0.5158,0.9067,1.0000,0.6135,0.8054,0.6896,0.5141,1.0000,0.7493,0.7269,0.1765,0.1761,0.1743,0.1743,0.9249,0.9694,0.5474,0.5911,0.8424,0.8336,1.0000,0.8620,0.8826,0.8592,1.0000,1.0000,1.0000,0.8936,0.3803,0.8250,0.7922,0.7685,0.7842,1.0000,1.0000,1.0000,0.9334,1.0000,1.0000,1.0000,0.7272,0.5360,0.5360,0.7435,0.8401,1.0000,0.8579,0.9042,0.8440,0.8481,0.3393,0.8555,0.7865,1.0000,0.8232,0.7687,0.7960,0.8375,0.8253,1.0000,0.7672,0.7856,0.7605,0.8532,0.7161,0.9523,0.8372,1.0000,0.9612,0.7094,0.9784,0.7505,0.8813,0.4943,0.7865,0.5290,0.5289,1.0000,0.9613,0.9438,0.8896,0.9423,0.9257,0.5864,0.8113,0.9934,0.7714,0.9087,0.8296,0.7785,0.3358,0.8297,0.7568,0.8036,1.0000,0.8163,1.0000,0.7480,0.8273,0.8265,0.9898,1.0000,1.0000,0.9532,0.3436,1.0000,0.6332,0.7261,0.9070,0.9070,0.3416,0.3416,0.8261,0.7466,0.4097,0.8908,0.9022,0.8988,0.9050,0.9046,0.9287,0.8561,0.9329,0.8627,0.3560,0.7049,0.7923,1.0000,0.8530,0.7901,0.7696,0.8979,0.8979,0.8395,0.9282,1.0000,1.0000,1.0000,1.0000,0.9965,0.8821,0.9061,0.8312,0.9018,0.8429,0.7518,1.0000,0.9078,0.9348,0.9348,1.0000,0.7756,0.8972,1.0000,0.9596,0.9690,0.9545,0.7794,0.7935,1.0000,0.9554,1.0000,0.9700,0.9278,1.0000,1.0000,0.9878,0.9457,1.0000,0.9346,0.9460,0.9468,0.7169,1.0000,0.8514,1.0000,1.0000,1.0000,1.0000
Solution Rank,,,,statistic,Rank by Sortino (0 = highest),#0 (SELECTED),#1,#2,#3,#4,#5,#6,#7,#8,#9,#10,#11,#12,#13,#14,#15,#16,#17,#18,#19,#20,#21,#22,#23,#24,#25,#26,#27,#28,#29,#30,#31,#32,#33,#34,#35,#36,#37,#38,#39,#40,#41,#42,#43,#44,#45,#46,#47,#48,#49,#50,#51,#52,#53,#54,#55,#56,#57,#58,#59,#60,#61,#62,#63,#64,#65,#66,#67,#68,#69,#70,#71,#72,#73,#74,#75,#76,#77,#78,#79,#80,#81,#82,#83,#84,#85,#86,#87,#88,#89,#90,#91,#92,#93,#94,#95,#96,#97,#98,#99,#100,#101,#102,#103,#104,#105,#106,#107,#108,#109,#110,#111,#112,#113,#114,#115,#116,#117,#118,#119,#120,#121,#122,#123,#124,#125,#126,#127,#128,#129,#130,#131,#132,#133,#134,#135,#136,#137,#138,#139,#140,#141,#142,#143,#144,#145,#146,#147,#148,#149,#150,#151,#152,#153,#154,#155,#156,#157,#158,#159,#160,#161,#162,#163,#164,#165,#166,#167,#168,#169,#170,#171,#172,#173,#174,#175,#176,#177,#178,#179,#180,#181,#182,#183,#184,#185,#186,#187,#188,#189,#190,#191,#192,#193,#194,#195,#196,#197,#198,#199,#200,#201,#202,#203,#204,#205,#206,#207,#208,#209,#210,#211,#212,#213,#214,#215,#216,#217,#218,#219,#220,#221,#222,#223,#224,#225,#226,#227,#228,#229,#230,#231,#232,#233,#234,#235,#236,#237,#238,#239,#240,#241,#242,#243,#244,#245,#246,#247,#248,#249,#250,#251,#252,#253,#254,#255,#256,#257,#258,#259,#260,#261,#262,#263,#264,#265,#266,#267,#268,#269,#270,#271,#272,#273,#274,#275,#276,#277,#278,#279,#280,#281,#282,#283,#284,#285,#286,#287,#288,#289,#290,#291,#292,#293,#294,#295,#296,#297,#298,#299,#300,#301,#302,#303,#304,#305,#306,#307,#308,#309,#310,#311,#312,#313,#314,#315,#316,#317,#318,#319,#320,#321,#322,#323,#324,#325,#326,#327,#328,#329,#330,#331,#332,#333,#334,#335,#336,#337,#338,#339,#340,#341,#342,#343,#344,#345,#346,#347,#348,#349,#350,#351,#352,#353,#354,#355,#356,#357,#358,#359,#360,#361,#362,#363,#364,#365,#366,#367,#368,#369,#370,#371,#372,#373,#374,#375,#376,#377,#378,#379,#380,#381,#382,#383,#384,#385,#386,#387,#388,#389,#390,#391,#392,#393,#394,#395,#396,#397,#398,#399,#400,#401,#402,#403,#404,#405,#406,#407,#408,#409,#410,#411,#412,#413,#414,#415,#416,#417,#418,#419,#420,#421,#422,#423,#424,#425,#426,#427,#428,#429,#430,#431,#432,#433,#434,#435,#436,#437,#438,#439,#440,#441,#442,#443,#444,#445,#446,#447,#448,#449,#450,#451,#452,#453,#454,#455,#456,#457,#458,#459,#460,#461,#462,#463,#464,#465,#466,#467,#468,#469,#470,#471,#472,#473,#474,#475,#476,#477,#478,#479,#480,#481
