Name,Value,Min,Max,Type,Description,Solution_0_SELECTED,Solution_1,Solution_2,Solution_3,Solution_4,Solution_5,Solution_6,Solution_7,Solution_8,Solution_9,Solution_10,Solution_11,Solution_12,Solution_13,Solution_14,Solution_15,Solution_16,Solution_17,Solution_18,Solution_19,Solution_20,Solution_21,Solution_22,Solution_23,Solution_24,Solution_25,Solution_26,Solution_27,Solution_28,Solution_29,Solution_30,Solution_31,Solution_32,Solution_33,Solution_34,Solution_35,Solution_36,Solution_37,Solution_38,Solution_39,Solution_40,Solution_41,Solution_42,Solution_43,Solution_44,Solution_45,Solution_46,Solution_47,Solution_48,Solution_49,Solution_50,Solution_51,Solution_52,Solution_53,Solution_54,Solution_55,Solution_56,Solution_57,Solution_58,Solution_59,Solution_60,Solution_61,Solution_62,Solution_63,Solution_64,Solution_65,Solution_66,Solution_67,Solution_68,Solution_69,Solution_70,Solution_71,Solution_72,Solution_73,Solution_74,Solution_75,Solution_76,Solution_77,Solution_78,Solution_79,Solution_80,Solution_81,Solution_82,Solution_83,Solution_84,Solution_85,Solution_86,Solution_87,Solution_88,Solution_89,Solution_90,Solution_91,Solution_92,Solution_93,Solution_94,Solution_95,Solution_96,Solution_97,Solution_98,Solution_99,Solution_100,Solution_101,Solution_102,Solution_103,Solution_104,Solution_105,Solution_106,Solution_107,Solution_108,Solution_109,Solution_110,Solution_111,Solution_112,Solution_113,Solution_114,Solution_115,Solution_116,Solution_117,Solution_118,Solution_119,Solution_120,Solution_121,Solution_122,Solution_123,Solution_124,Solution_125,Solution_126,Solution_127,Solution_128,Solution_129,Solution_130,Solution_131,Solution_132,Solution_133,Solution_134,Solution_135,Solution_136,Solution_137,Solution_138,Solution_139,Solution_140,Solution_141,Solution_142,Solution_143,Solution_144,Solution_145,Solution_146,Solution_147,Solution_148,Solution_149,Solution_150,Solution_151,Solution_152,Solution_153,Solution_154,Solution_155,Solution_156,Solution_157,Solution_158,Solution_159,Solution_160,Solution_161,Solution_162,Solution_163,Solution_164,Solution_165,Solution_166,Solution_167,Solution_168,Solution_169,Solution_170,Solution_171,Solution_172,Solution_173,Solution_174,Solution_175,Solution_176,Solution_177,Solution_178,Solution_179,Solution_180,Solution_181,Solution_182,Solution_183,Solution_184,Solution_185,Solution_186,Solution_187,Solution_188,Solution_189,Solution_190,Solution_191,Solution_192,Solution_193,Solution_194,Solution_195,Solution_196,Solution_197,Solution_198,Solution_199,Solution_200,Solution_201,Solution_202,Solution_203,Solution_204,Solution_205,Solution_206,Solution_207,Solution_208,Solution_209,Solution_210,Solution_211,Solution_212,Solution_213,Solution_214,Solution_215,Solution_216,Solution_217,Solution_218,Solution_219,Solution_220,Solution_221,Solution_222,Solution_223,Solution_224,Solution_225,Solution_226,Solution_227,Solution_228,Solution_229,Solution_230,Solution_231,Solution_232,Solution_233,Solution_234,Solution_235,Solution_236,Solution_237,Solution_238,Solution_239,Solution_240,Solution_241,Solution_242,Solution_243,Solution_244,Solution_245,Solution_246,Solution_247,Solution_248,Solution_249,Solution_250,Solution_251,Solution_252,Solution_253,Solution_254,Solution_255,Solution_256,Solution_257,Solution_258,Solution_259,Solution_260,Solution_261,Solution_262,Solution_263,Solution_264,Solution_265,Solution_266,Solution_267,Solution_268,Solution_269,Solution_270,Solution_271,Solution_272,Solution_273,Solution_274,Solution_275,Solution_276,Solution_277,Solution_278,Solution_279,Solution_280,Solution_281,Solution_282,Solution_283,Solution_284,Solution_285,Solution_286,Solution_287,Solution_288,Solution_289,Solution_290,Solution_291,Solution_292,Solution_293,Solution_294,Solution_295,Solution_296,Solution_297,Solution_298,Solution_299,Solution_300,Solution_301,Solution_302,Solution_303,Solution_304,Solution_305,Solution_306,Solution_307,Solution_308,Solution_309,Solution_310,Solution_311,Solution_312,Solution_313,Solution_314,Solution_315,Solution_316,Solution_317,Solution_318,Solution_319,Solution_320,Solution_321,Solution_322,Solution_323,Solution_324,Solution_325,Solution_326,Solution_327,Solution_328,Solution_329,Solution_330,Solution_331,Solution_332,Solution_333,Solution_334,Solution_335,Solution_336,Solution_337,Solution_338,Solution_339,Solution_340,Solution_341,Solution_342,Solution_343,Solution_344,Solution_345,Solution_346,Solution_347,Solution_348,Solution_349,Solution_350,Solution_351,Solution_352,Solution_353,Solution_354,Solution_355,Solution_356,Solution_357,Solution_358,Solution_359,Solution_360,Solution_361,Solution_362,Solution_363,Solution_364,Solution_365,Solution_366,Solution_367,Solution_368,Solution_369,Solution_370,Solution_371,Solution_372,Solution_373,Solution_374,Solution_375,Solution_376,Solution_377,Solution_378,Solution_379,Solution_380,Solution_381,Solution_382,Solution_383,Solution_384,Solution_385,Solution_386,Solution_387,Solution_388,Solution_389,Solution_390,Solution_391,Solution_392,Solution_393,Solution_394,Solution_395,Solution_396,Solution_397,Solution_398,Solution_399,Solution_400,Solution_401,Solution_402,Solution_403,Solution_404,Solution_405,Solution_406,Solution_407,Solution_408,Solution_409,Solution_410,Solution_411,Solution_412,Solution_413,Solution_414,Solution_415,Solution_416,Solution_417,Solution_418,Solution_419,Solution_420,Solution_421,Solution_422,Solution_423,Solution_424,Solution_425,Solution_426,Solution_427,Solution_428,Solution_429,Solution_430,Solution_431,Solution_432,Solution_433,Solution_434,Solution_435,Solution_436,Solution_437,Solution_438,Solution_439,Solution_440,Solution_441,Solution_442,Solution_443,Solution_444,Solution_445,Solution_446,Solution_447,Solution_448,Solution_449,Solution_450,Solution_451,Solution_452,Solution_453,Solution_454,Solution_455,Solution_456,Solution_457,Solution_458,Solution_459,Solution_460,Solution_461,Solution_462,Solution_463,Solution_464,Solution_465,Solution_466,Solution_467,Solution_468,Solution_469,Solution_470,Solution_471,Solution_472,Solution_473,Solution_474,Solution_475,Solution_476,Solution_477,Solution_478,Solution_479,Solution_480,Solution_481,Solution_482,Solution_483,Solution_484,Solution_485,Solution_486,Solution_487,Solution_488,Solution_489,Solution_490,Solution_491,Solution_492,Solution_493,Solution_494,Solution_495,Solution_496,Solution_497,Solution_498,Solution_499,Solution_500,Solution_501,Solution_502,Solution_503,Solution_504,Solution_505,Solution_506,Solution_507,Solution_508,Solution_509,Solution_510,Solution_511,Solution_512,Solution_513,Solution_514,Solution_515,Solution_516,Solution_517,Solution_518,Solution_519,Solution_520,Solution_521,Solution_522,Solution_523,Solution_524,Solution_525,Solution_526,Solution_527,Solution_528,Solution_529,Solution_530,Solution_531,Solution_532,Solution_533,Solution_534,Solution_535,Solution_536,Solution_537,Solution_538,Solution_539,Solution_540,Solution_541,Solution_542,Solution_543,Solution_544,Solution_545,Solution_546,Solution_547,Solution_548,Solution_549,Solution_550,Solution_551,Solution_552,Solution_553,Solution_554,Solution_555,Solution_556,Solution_557,Solution_558,Solution_559,Solution_560,Solution_561,Solution_562,Solution_563,Solution_564,Solution_565,Solution_566,Solution_567,Solution_568,Solution_569,Solution_570,Solution_571,Solution_572,Solution_573,Solution_574,Solution_575,Solution_576,Solution_577,Solution_578,Solution_579,Solution_580,Solution_581,Solution_582,Solution_583,Solution_584,Solution_585,Solution_586,Solution_587,Solution_588,Solution_589,Solution_590,Solution_591,Solution_592,Solution_593,Solution_594,Solution_595,Solution_596,Solution_597,Solution_598,Solution_599,Solution_600,Solution_601,Solution_602,Solution_603,Solution_604,Solution_605,Solution_606,Solution_607,Solution_608
__indicatorName,BB Strategy,,,,Strategy identifier,,,,,,,,,,,,,,,,,,,,,,,,,,,,,,,,,,,,,,,,,,,,,,,,,,,,,,,,,,,,,,,,,,,,,,,,,,,,,,,,,,,,,,,,,,,,,,,,,,,,,,,,,,,,,,,,,,,,,,,,,,,,,,,,,,,,,,,,,,,,,,,,,,,,,,,,,,,,,,,,,,,,,,,,,,,,,,,,,,,,,,,,,,,,,,,,,,,,,,,,,,,,,,,,,,,,,,,,,,,,,,,,,,,,,,,,,,,,,,,,,,,,,,,,,,,,,,,,,,,,,,,,,,,,,,,,,,,,,,,,,,,,,,,,,,,,,,,,,,,,,,,,,,,,,,,,,,,,,,,,,,,,,,,,,,,,,,,,,,,,,,,,,,,,,,,,,,,,,,,,,,,,,,,,,,,,,,,,,,,,,,,,,,,,,,,,,,,,,,,,,,,,,,,,,,,,,,,,,,,,,,,,,,,,,,,,,,,,,,,,,,,,,,,,,,,,,,,,,,,,,,,,,,,,,,,,,,,,,,,,,,,,,,,,,,,,,,,,,,,,,,,,,,,,,,,,,,,,,,,,,,,,,,,,,,,,,,,,,,,,,,,,,,,,,,,,,,,,,,,,,,,,,,,,,,,,,,,,,,,,,,,,,,,,,,,,,,,,,,,,,,,,,,,,,
=== ENTRY CRITERIA ===,,,,,,,,,,,,,,,,,,,,,,,,,,,,,,,,,,,,,,,,,,,,,,,,,,,,,,,,,,,,,,,,,,,,,,,,,,,,,,,,,,,,,,,,,,,,,,,,,,,,,,,,,,,,,,,,,,,,,,,,,,,,,,,,,,,,,,,,,,,,,,,,,,,,,,,,,,,,,,,,,,,,,,,,,,,,,,,,,,,,,,,,,,,,,,,,,,,,,,,,,,,,,,,,,,,,,,,,,,,,,,,,,,,,,,,,,,,,,,,,,,,,,,,,,,,,,,,,,,,,,,,,,,,,,,,,,,,,,,,,,,,,,,,,,,,,,,,,,,,,,,,,,,,,,,,,,,,,,,,,,,,,,,,,,,,,,,,,,,,,,,,,,,,,,,,,,,,,,,,,,,,,,,,,,,,,,,,,,,,,,,,,,,,,,,,,,,,,,,,,,,,,,,,,,,,,,,,,,,,,,,,,,,,,,,,,,,,,,,,,,,,,,,,,,,,,,,,,,,,,,,,,,,,,,,,,,,,,,,,,,,,,,,,,,,,,,,,,,,,,,,,,,,,,,,,,,,,,,,,,,,,,,,,,,,,,,,,,,,,,,,,,,,,,,,,,,,,,,,,,,,,,,,,,,,,,,,,,,,,,,,,,,,,,,,,,,,,,,,,,,,,,,,,,,,,,,,
Enable Long Trades,true,false,true,bool,Allow long entries,,,,,,,,,,,,,,,,,,,,,,,,,,,,,,,,,,,,,,,,,,,,,,,,,,,,,,,,,,,,,,,,,,,,,,,,,,,,,,,,,,,,,,,,,,,,,,,,,,,,,,,,,,,,,,,,,,,,,,,,,,,,,,,,,,,,,,,,,,,,,,,,,,,,,,,,,,,,,,,,,,,,,,,,,,,,,,,,,,,,,,,,,,,,,,,,,,,,,,,,,,,,,,,,,,,,,,,,,,,,,,,,,,,,,,,,,,,,,,,,,,,,,,,,,,,,,,,,,,,,,,,,,,,,,,,,,,,,,,,,,,,,,,,,,,,,,,,,,,,,,,,,,,,,,,,,,,,,,,,,,,,,,,,,,,,,,,,,,,,,,,,,,,,,,,,,,,,,,,,,,,,,,,,,,,,,,,,,,,,,,,,,,,,,,,,,,,,,,,,,,,,,,,,,,,,,,,,,,,,,,,,,,,,,,,,,,,,,,,,,,,,,,,,,,,,,,,,,,,,,,,,,,,,,,,,,,,,,,,,,,,,,,,,,,,,,,,,,,,,,,,,,,,,,,,,,,,,,,,,,,,,,,,,,,,,,,,,,,,,,,,,,,,,,,,,,,,,,,,,,,,,,,,,,,,,,,,,,,,,,,,,,,,,,,,,,,,,,,,,,,,,,,,,,,
Enable Short Trades,true,false,true,bool,Allow short entries,,,,,,,,,,,,,,,,,,,,,,,,,,,,,,,,,,,,,,,,,,,,,,,,,,,,,,,,,,,,,,,,,,,,,,,,,,,,,,,,,,,,,,,,,,,,,,,,,,,,,,,,,,,,,,,,,,,,,,,,,,,,,,,,,,,,,,,,,,,,,,,,,,,,,,,,,,,,,,,,,,,,,,,,,,,,,,,,,,,,,,,,,,,,,,,,,,,,,,,,,,,,,,,,,,,,,,,,,,,,,,,,,,,,,,,,,,,,,,,,,,,,,,,,,,,,,,,,,,,,,,,,,,,,,,,,,,,,,,,,,,,,,,,,,,,,,,,,,,,,,,,,,,,,,,,,,,,,,,,,,,,,,,,,,,,,,,,,,,,,,,,,,,,,,,,,,,,,,,,,,,,,,,,,,,,,,,,,,,,,,,,,,,,,,,,,,,,,,,,,,,,,,,,,,,,,,,,,,,,,,,,,,,,,,,,,,,,,,,,,,,,,,,,,,,,,,,,,,,,,,,,,,,,,,,,,,,,,,,,,,,,,,,,,,,,,,,,,,,,,,,,,,,,,,,,,,,,,,,,,,,,,,,,,,,,,,,,,,,,,,,,,,,,,,,,,,,,,,,,,,,,,,,,,,,,,,,,,,,,,,,,,,,,,,,,,,,,,,,,,,,,,,,,,,
Bollinger Band Length,30,2,7,int,Lookback period for BB,5,5,5,5,5,5,5,5,4,4,4,4,4,4,5,5,4,5,5,5,4,5,3,5,5,5,4,4,4,4,4,4,5,4,4,5,4,4,4,4,3,3,4,4,4,4,4,5,4,5,4,4,3,4,3,3,3,3,3,3,4,3,4,4,3,4,5,4,4,4,4,4,4,4,4,4,4,4,4,4,3,4,4,4,4,4,4,5,4,4,4,4,4,5,5,4,3,4,3,3,4,4,4,4,4,4,4,4,3,3,4,4,4,4,4,4,3,4,3,4,4,4,4,4,4,3,5,3,4,4,4,4,5,4,4,4,4,4,4,3,4,4,4,4,3,5,4,4,4,4,4,4,4,4,4,4,4,4,4,4,4,4,4,4,4,4,4,4,4,3,4,4,4,4,4,4,4,4,4,4,4,4,4,4,4,4,4,4,4,4,4,4,4,4,4,5,4,4,4,4,4,4,4,4,4,4,5,4,5,4,4,4,4,4,4,4,4,4,4,4,4,5,4,4,4,4,4,4,4,4,4,4,5,4,4,4,4,4,4,4,4,4,4,4,4,4,4,4,4,4,5,4,5,4,5,4,4,4,4,5,4,4,4,4,4,4,4,4,4,4,4,4,4,5,4,4,4,5,4,4,4,4,4,4,3,4,4,4,4,4,4,4,5,4,4,4,4,5,5,4,4,4,4,4,4,4,4,4,5,4,4,4,4,5,5,5,5,4,5,4,4,4,5,5,4,4,4,4,4,5,4,4,4,4,5,5,4,5,5,4,5,5,4,3,5,5,4,4,5,5,4,4,4,4,4,4,4,4,4,5,4,4,5,4,5,4,4,4,5,3,5,4,4,4,5,4,5,4,5,4,5,4,5,4,5,5,4,4,4,4,4,4,5,4,4,5,4,4,5,4,4,4,3,5,5,4,4,5,5,5,4,4,4,4,4,4,4,5,4,4,4,5,4,4,4,4,5,4,4,4,5,4,4,4,4,4,4,4,4,4,5,4,4,4,5,4,4,5,4,5,5,4,4,4,4,4,4,5,4,5,4,5,5,4,5,4,5,4,5,4,5,4,4,5,4,4,5,5,4,5,5,4,4,4,4,5,4,4,5,5,4,5,5,4,5,5,5,5,5,4,4,5,4,4,4,5,4,4,4,4,4,5,4,5,5,5,5,4,4,5,5,5,4,5,5,5,4,4,4,4,4,5,4,4,5,4,4,5,4,4,5,5,4,5,4,5,4,3,5,4,5,5,4,4,5,5,5,5,4,4,4,4,4,5,4,4,4,4,5,5,5,5,4,5,5,5,5,5,5,5,5,4,4,4,4,4,4,4,4,5,4,5,5,5,5,4,5,4,4,4,5,5,5,5,5,5,5,5,5
Bollinger Band StdDev,2,1,3,float,StdDev multiplier for BB width (Max capped at 3.0 to prevent overfitting),2.2408,2.2294,2.2046,2.2271,2.2271,2.2104,2.2438,2.1882,2.3852,2.0654,2.1879,2.3633,2.2224,2.2224,2.1609,2.2287,2.0624,2.3417,2.3056,2.2695,2.1041,2.2635,2.2286,2.2897,2.2897,2.2709,1.8996,1.9776,2.2315,2.0982,1.8949,1.8986,2.2635,1.9158,1.8737,2.2847,1.8826,1.8826,1.8826,2.2224,2.2286,1.7325,2.092,2.092,2.0982,2.0982,2.0982,2.2856,2.092,2.2856,2.0844,2.092,1.6817,2.1727,1.6733,1.4365,1.6817,1.6784,1.4326,1.9866,2.2844,1.629,2.1782,2.2281,1.6346,2.2315,2.1076,2.009,2.0533,2.1329,2.2472,2.2472,2.1192,2.2357,2.1192,2.0644,2.2068,2.2068,1.9265,2.0743,1.9866,2.1344,2.0743,1.9566,2.0039,2.2921,2.0975,1.9542,2.0024,2.0124,1.9111,2.0124,2.1321,2.3186,2.3186,2.1328,1.8209,2.0824,1.7479,1.6809,2.086,2.093,2.0915,2.353,2.353,2.1153,2.0398,1.9971,1.7105,1.7105,2.0939,2.0815,2.0143,2.2835,1.9574,1.746,1.9576,2.1056,1.7105,1.9679,1.9743,2.1321,1.746,2.065,2.065,1.7105,2.3131,2.0356,1.7901,1.8863,1.9764,2.0713,2.2955,2.1549,2.1549,2.1533,2.2986,1.7554,2.0018,1.8198,2.1023,2.0815,1.9694,1.746,2.1797,2.3151,1.9731,2.2835,1.9824,1.9822,2.0774,1.7124,1.9764,2.2157,1.997,1.8042,1.9689,2.1421,2.0181,2.1067,2.2383,1.7671,2.0299,1.7611,2.0037,1.9471,1.7348,1.9694,2.0018,2.0356,1.9516,1.9964,1.8239,2.257,2.0388,1.7874,1.9839,1.9567,2.1783,2.0227,1.746,2.0187,1.7348,2.0019,1.9917,1.9746,1.7124,2.0025,2.1082,2.0292,1.7124,1.9768,1.9746,2.0879,1.7491,2.2732,2.0143,1.9752,1.8122,1.815,1.9958,2.0003,1.7679,1.8732,1.7679,1.6345,2.304,1.9665,2.281,2.3486,1.8239,1.9834,1.7787,1.9148,2.0354,1.9692,2.0354,1.8115,2.2183,2.0799,1.977,2.1567,1.9858,1.8136,2.0349,1.8292,1.977,1.9569,1.9525,1.7887,1.9635,1.8668,2.2951,2.0298,1.8643,1.8672,1.9087,1.9677,1.6345,1.996,1.8281,1.6457,1.9087,1.9004,1.9026,2.0399,1.7124,1.996,1.7124,2.0156,2.2507,1.7124,2.2582,1.9706,2.2941,1.7787,1.9831,2.012,2.012,2.2271,1.9533,1.6736,1.9161,1.8486,1.9858,2.1579,1.7742,2.0851,1.9708,2.2847,1.8962,1.8106,1.9858,2.2312,2.2842,1.9816,2.065,2.115,1.9793,1.9034,1.77,1.77,1.7713,1.7953,1.848,1.9788,1.9646,2.3968,1.868,2.0227,2.0265,1.964,2.2567,1.7207,1.909,1.8747,2.0247,2.2603,2.0763,1.8962,1.9806,1.8941,1.8515,2.3074,1.909,1.8962,1.9723,1.9771,2.3303,2.0728,1.8381,1.802,1.6635,2.2498,2.3065,2.2285,2.2476,1.9507,2.2952,1.9826,2.2627,1.9786,2.2564,2.2922,1.9404,1.9811,1.9616,1.8381,1.9404,2.2721,2.2996,1.9574,2.0309,1.909,2.2413,2.286,2.0202,2.3082,2.2922,1.9533,2.1603,2.2314,2.0459,2.0366,2.1699,2.2823,1.9954,1.9171,2.2109,2.3107,1.9826,1.9811,2.0467,2.0876,2.032,2.0746,2.1009,1.9083,2.0763,2.2693,2.0668,2.2579,2.3107,1.9807,2.2752,2.0832,2.0876,1.9663,2.3093,1.932,2.2943,2.0357,2.0787,2.0787,2.5795,1.9811,2.1939,2.047,2.2564,1.9213,2.3016,2.2319,2.2721,2.0885,2.2721,2.1947,2.0157,1.9954,2.0287,1.913,1.9693,1.819,2.3064,1.7418,2.021,2.2452,2.0754,2.3751,2.2817,2.0083,1.8409,1.9504,1.7971,2.3211,2.258,2.0366,2.1022,2.3211,2.3318,2.3293,1.802,1.802,1.9847,2.0348,1.9981,1.9621,2.0876,2.2817,1.9557,2.0276,1.9714,2.2912,1.9017,2.0323,1.9802,1.9515,2.2931,2.0038,2.0412,1.8609,2.2841,1.8618,2.0267,1.8684,1.9782,1.9372,2.1074,2.0381,2.0223,2.0223,2.1898,1.8609,2.0077,2.0118,2.2735,2.0333,2.0077,2.2453,2.0333,2.1814,2.2848,1.9701,1.819,1.9701,2.3718,1.8117,1.9671,2.1823,2.082,2.2756,2.0355,2.2863,2.2839,1.9724,2.2721,1.9957,2.225,1.909,2.2806,2.0156,2.1723,1.8666,2.1397,2.1848,2.0891,2.1327,2.2594,2.2712,1.9962,2.0885,2.279,2.0987,1.9714,2.2204,2.0355,2.3096,2.0376,2.0376,2.2541,2.2286,1.8515,2.2709,2.2903,1.9998,2.3041,2.2684,2.3041,2.2068,2.2068,1.9897,1.909,2.1445,1.9646,1.8242,2.0348,2.2643,1.8938,1.8832,1.8867,2.0339,1.9638,2.1778,1.9731,2.267,2.2868,2.2554,2.1115,1.8908,1.9773,2.2608,2.2458,2.22,1.9692,2.0835,2.2452,2.2684,2.0939,2.0242,1.9677,1.9387,1.9899,2.2307,2.0785,2.0785,2.2112,2.0941,2.0142,2.2547,1.9915,2.0987,2.2565,2.1857,1.8699,2.2445,2.0751,2.063,1.956,1.9921,2.2549,1.9836,2.2441,2.2489,2.0467,2.0467,2.1746,2.2489,2.2931,2.2112,1.9111,1.8364,1.5981,1.9075,1.5981,2.1698,1.6266,1.9362,1.9521,2.3498,2.2545,2.1924,2.2777,2.2479,2.0177,2.318,2.2477,2.2968,2.2742,2.2575,2.1918,2.3111,2.2953,2.026,2.026,2.0134,1.5955,1.8621,1.9543,2.2809,1.9919,2.2564,2.2809,2.2763,2.2564,2.2564,2.0881,1.5955,2.1471,1.8897,1.9212,1.9212,2.2703,2.2434,2.2531,2.2531,2.2564,2.2411,2.2431,2.2482,2.2872
Long Entry on Wick Touch,0,0,1,int,"Enter if low touches lower band (0=false, 1=true) - OPTIMIZABLE",1,1,1,1,1,1,1,1,1,1,1,1,1,1,1,1,1,1,1,1,1,1,1,1,1,1,1,1,1,1,1,1,1,1,1,1,1,1,1,1,1,1,1,1,1,1,1,1,1,1,1,1,1,1,1,1,1,1,1,0,1,1,1,1,1,1,1,1,1,1,1,1,1,1,1,1,1,1,1,0,0,1,0,1,0,1,1,1,1,1,0,1,1,1,1,1,1,1,1,1,0,1,1,1,1,0,1,1,1,1,1,1,1,1,1,1,0,1,1,1,1,1,1,1,1,1,1,1,1,0,1,0,0,1,1,1,1,1,0,1,0,1,1,1,1,1,1,1,1,1,1,1,1,1,0,1,0,1,1,1,1,1,0,1,1,1,1,1,1,1,1,1,0,1,1,1,1,1,1,1,1,1,1,1,0,1,1,1,0,1,1,1,1,0,0,1,0,1,1,0,1,1,0,1,0,1,1,1,1,1,0,1,0,0,1,1,1,1,1,1,0,1,0,0,1,1,0,1,1,1,1,1,1,1,1,1,1,0,1,0,1,1,1,0,0,0,1,0,1,1,1,1,1,1,1,0,1,1,1,1,0,1,0,1,1,1,1,1,0,1,0,1,0,1,1,1,1,1,1,1,1,1,0,0,1,0,1,1,1,0,1,1,1,1,1,0,1,1,1,0,1,0,1,1,1,0,0,1,0,1,1,1,1,0,1,0,1,1,1,1,1,1,1,1,1,1,1,1,1,1,0,1,1,1,1,1,1,1,1,1,1,1,1,0,1,0,1,1,1,0,1,1,0,1,1,1,1,1,1,0,0,1,0,1,0,1,1,1,0,0,0,1,1,1,1,1,1,1,1,1,0,1,1,1,1,1,1,1,1,0,1,1,1,1,1,1,0,1,1,1,0,0,1,1,1,1,1,1,1,0,1,1,1,1,1,1,1,0,1,1,1,0,1,0,1,1,1,1,1,1,1,1,1,1,0,1,1,1,1,1,1,1,0,1,0,1,0,0,1,1,1,1,1,1,1,0,1,1,1,1,1,1,1,1,1,1,1,0,1,1,1,0,1,1,1,1,1,0,1,0,1,1,1,1,1,0,0,1,0,1,1,1,1,1,1,1,1,0,0,1,1,1,1,1,1,0,0,1,1,1,1,1,1,1,0,1,1,1,1,0,0,1,1,1,1,1,1,1,1,1,1,0,1,1,1,0,1,1,1,1,0,1,0,1,1,1,1,0,0,1,1,0,1,1,1,0,1,1,0,1,1,1,1,1,1,0,1,0,0,0,1,1,1,1,1,0,1,0,1,1,0,1,1,1,1,1,0,1,1,1,1,1,1,1,0,1,1,1,1,1,1,1,1,1,1,1,1,1,1
Long Entry on Body in Zone,1,0,1,int,"Enter if close ≤ lower band (0=false, 1=true) - OPTIMIZABLE",0,0,0,0,0,0,0,0,0,1,0,1,0,0,0,0,0,1,0,0,1,0,0,0,0,1,0,0,0,1,0,0,0,0,0,1,0,0,0,0,0,1,1,1,1,1,1,1,1,1,1,1,1,0,1,1,1,1,1,1,1,0,0,0,1,0,0,1,1,0,0,0,0,0,0,1,0,0,1,0,1,0,0,1,0,1,0,0,1,1,0,1,0,1,1,1,0,1,0,1,0,0,0,0,0,0,1,0,0,0,0,1,1,1,0,1,0,0,0,0,0,0,1,0,0,0,0,1,1,0,0,0,1,0,0,1,1,1,0,0,0,1,0,1,0,0,1,1,1,1,1,0,1,0,0,1,1,0,0,1,0,1,1,1,0,0,0,0,1,1,0,0,0,0,0,1,1,0,1,0,1,0,0,0,0,0,0,0,1,0,0,1,0,0,0,0,0,0,1,0,0,1,0,0,0,1,1,1,0,1,0,0,0,0,0,0,0,1,0,0,1,1,0,0,1,1,1,1,1,1,0,0,1,0,0,0,0,0,1,0,1,1,0,0,0,1,0,0,0,1,1,0,1,0,0,0,1,0,0,0,0,0,0,0,0,0,1,1,0,1,0,0,0,1,1,1,0,1,1,0,0,0,1,1,0,0,0,1,0,0,1,1,1,0,1,0,0,0,0,0,1,1,1,1,1,0,0,1,0,1,0,1,1,1,1,1,0,1,1,1,1,0,1,0,1,0,1,0,1,1,1,0,0,1,1,1,1,0,0,0,1,0,0,0,1,1,0,1,0,1,1,0,1,1,1,1,1,1,1,1,0,1,1,1,1,0,1,0,0,0,0,1,1,1,0,0,1,1,1,0,1,1,1,1,1,0,0,0,0,1,0,0,1,1,1,1,1,1,1,0,0,1,1,0,0,1,0,0,1,1,1,1,1,1,1,1,1,0,1,1,1,0,0,1,1,1,1,0,0,1,0,1,1,1,0,1,1,0,1,1,1,1,1,1,0,1,1,1,1,1,1,1,0,1,1,1,0,1,1,0,0,0,0,1,0,0,0,0,0,0,1,1,0,1,1,0,1,0,1,1,0,1,1,0,0,0,1,1,1,0,1,0,0,1,0,0,0,0,0,1,0,0,1,0,1,0,1,1,0,0,1,0,0,1,1,1,0,1,1,1,1,1,1,1,1,0,0,1,1,0,1,0,1,1,0,1,0,0,0,1,1,0,1,1,0,1,1,1,0,1,1,1,1,1,1,1,0,0,1,1,1,0,1,1,1,1,0,0,1,1,1,0,0,1,1,1,1,1,1,1,0,1,1,1,1,1,1,0,1,1,0,0,1,1,0,1,1,1,1,1,0,0,1,1,1,1,0,1,1
Long Trigger (% From Lower Band),0.5,0,2,float,% below lower band to trigger (min 0.5% to avoid band extremes),0.0,0.0,0.0,0.0,0.0,0.0,0.0,0.0,0.0,1.5485,0.0,0.0,0.0,0.0,0.0,0.0,1.9783,2.0,1.1402,0.8128,1.534,0.5296,0.287,2.0,2.0,0.9374,1.7451,1.1484,0.0,1.5935,2.0,1.1482,0.5296,0.9238,1.6454,2.0,1.9412,1.9412,1.3706,0.0,0.287,1.5596,1.8189,1.8189,1.5935,2.0,1.5935,1.1739,1.706,1.1739,2.0,1.8189,1.6554,0.0,1.6554,1.0298,1.6554,1.688,0.2838,1.7371,0.0,1.989,0.0,0.0,2.0,0.0,0.0,1.8363,1.6298,0.0,0.0,0.0,0.0,0.0,0.0,1.1721,0.0,0.0,1.839,1.2425,1.7371,0.0,0.9149,1.4422,1.3333,0.0,0.0,0.0,1.3993,1.3757,1.6591,1.4589,1.2787,1.8123,1.4513,1.5381,1.2805,1.3625,1.6117,1.6528,1.8062,1.2924,1.0791,0.0,0.0,1.443,1.9244,1.6662,1.5145,1.6117,1.3282,1.5184,1.5458,2.0,1.2399,1.4853,1.235,1.2186,1.5145,1.3284,1.6177,1.2787,1.4853,1.3537,1.1323,1.5145,1.2069,0.9035,0.769,1.0249,1.0461,0.0474,1.6244,2.0,1.7054,1.0796,2.0,1.5811,1.7878,1.5145,1.2568,1.5184,0.3279,1.4853,1.7195,1.6936,0.6835,2.0,0.8994,1.0664,2.0,0.7167,0.4177,0.6695,1.3485,1.7197,1.7196,2.0,0.4338,1.8279,0.4026,1.481,1.7094,1.2369,0.5848,1.4682,1.7218,0.8298,1.8132,0.9035,1.6634,1.4463,0.9679,0.9048,1.969,1.4751,1.7385,0.9852,1.4009,1.6606,1.1078,1.7746,1.7218,0.9464,1.3222,1.666,0.7167,1.3137,1.3229,1.6645,0.7167,1.4881,1.666,1.6867,1.5043,0.0,1.0786,1.6594,1.6331,1.4795,1.5114,2.0,1.5065,1.4758,1.5065,1.5144,0.0,2.0,0.1928,1.9316,0.5307,1.6353,1.7633,1.7642,1.6648,1.5394,1.6648,1.2318,1.6259,1.0815,1.5137,1.7343,1.4909,1.605,1.2281,1.5036,1.5137,2.0,1.3806,1.7303,1.3044,0.2254,1.9597,1.3465,0.2105,1.0756,1.5018,0.9894,1.6042,2.0,1.4533,1.6847,2.0,1.6675,1.2671,1.5797,0.7295,1.5194,0.5773,2.0,1.0237,0.7167,0.8858,1.5125,0.0,1.4988,0.5396,2.0,1.9579,0.0,0.904,0.6145,1.7035,0.9521,0.904,1.7249,1.7643,1.7622,1.3704,0.5688,1.5408,0.2254,0.904,0.0,1.575,1.2597,1.921,0.0,1.6221,1.3878,2.0,2.0,1.2162,1.7105,0.9595,1.5588,0.7321,1.314,1.022,0.774,1.9736,1.2869,1.998,0.9741,1.677,1.3422,1.127,0.0,0.0,1.1178,1.8574,1.9878,2.0,0.0,1.677,1.1178,1.7137,0.3645,1.7191,1.6519,1.2191,1.1049,1.6181,1.2713,0.0,1.4904,0.0,1.3281,0.0,1.9421,0.8623,1.4454,0.0,0.0,1.5191,1.8854,1.0661,1.4061,1.6164,0.9255,1.5466,2.0,1.0098,1.677,0.0,0.0,1.4402,1.3128,0.0,0.1696,0.0,0.0,2.0,1.8152,1.7169,1.2708,1.699,1.5756,2.0,1.5156,1.9421,1.8854,2.0,0.8069,1.4688,1.5973,0.9052,0.7967,1.3262,1.6652,1.2369,2.0,1.5156,1.868,1.327,1.9168,0.8069,0.9092,1.949,1.4764,1.2805,1.6114,1.504,1.5572,0.0,1.8854,0.0,1.3103,1.6933,1.6148,1.4194,0.8069,0.5505,0.4657,0.5505,1.1198,1.5026,1.957,1.3956,0.9958,1.6271,1.6356,0.8604,1.505,1.8195,0.364,1.6199,1.4166,1.5319,0.9643,1.7014,1.9599,1.6666,1.5562,1.0947,2.0,0.9643,1.7706,1.0066,1.5538,0.4723,0.4972,2.0,1.0274,0.3304,0.7352,1.0679,2.0,1.6164,2.0,2.0,2.0,1.5791,0.9831,1.8652,2.0,0.7309,1.4944,1.5772,1.7644,1.591,1.6352,0.1792,2.0,1.6247,1.267,1.4236,1.1007,1.9398,1.9398,0.0,1.7644,2.0,1.5913,1.604,1.9633,2.0,0.0,1.9633,1.4586,2.0,1.672,1.7546,1.672,1.9776,2.0,1.5772,1.4657,1.8555,0.8408,1.8867,0.2387,0.7853,2.0,0.4549,1.246,1.5032,1.7851,0.0,1.165,1.6006,1.9248,1.7713,0.0,1.4542,1.0276,0.5312,1.9521,2.0,1.3815,0.9456,0.8262,2.0,1.4385,0.5791,2.0,1.706,1.706,1.6338,0.0,1.9525,0.6875,1.7797,1.6271,1.0059,1.9786,0.9069,1.5605,1.5605,1.4254,2.0,1.9228,1.4166,1.5343,1.0274,1.3555,1.7026,2.0,1.682,1.9913,1.3355,0.9871,1.5256,2.0,0.16,1.833,1.0489,1.267,2.0,1.6337,0.5497,0.6568,1.3234,0.0,0.364,1.9786,0.888,1.3976,2.0,2.0,1.5272,1.3874,1.2086,1.2154,1.152,2.0,1.2112,1.2934,1.1808,0.8262,1.416,0.9648,1.0015,0.5508,0.6702,0.0,1.3123,1.8177,1.2551,1.5152,1.0542,1.4785,1.7063,1.7063,0.0,1.4785,0.0,1.111,1.4976,1.0807,1.4587,1.4388,1.4587,0.0,1.166,2.0,1.6114,1.2523,1.0133,2.0,1.5143,1.2288,1.9252,0.0,1.4533,1.3471,1.3855,1.2413,1.6137,0.0,1.4081,2.0,1.7541,1.5273,1.858,1.0585,0.9466,1.7255,2.0,1.042,1.7255,0.0,1.4612,1.2144,1.3831,1.858,1.4335,2.0,1.9947,1.6971,0.0,0.0,0.0,0.0,1.4612,0.5882,1.3655,1.6958,0.0113
Short Entry on Wick Touch,0,0,1,int,"Enter if high touches upper band (0=false, 1=true) - OPTIMIZABLE",1,1,1,1,1,1,1,1,1,1,1,1,1,1,1,1,1,1,1,1,1,1,1,1,1,1,1,1,1,1,1,1,1,1,1,1,1,1,1,1,1,1,1,1,1,1,1,1,1,1,1,1,1,1,1,1,1,1,1,1,1,1,1,1,1,1,1,1,1,1,1,1,1,1,1,1,1,1,1,1,1,1,1,1,1,1,1,1,1,1,1,1,1,1,1,1,1,1,1,1,1,1,1,1,1,1,1,1,1,1,1,1,1,1,1,1,1,1,1,1,1,1,1,1,1,1,1,1,1,1,1,1,1,1,1,1,1,1,1,1,1,1,1,1,1,1,1,1,1,1,1,1,1,1,1,1,1,1,1,1,1,1,1,1,1,1,1,1,1,1,1,1,1,1,1,1,1,1,1,1,1,1,1,1,1,1,1,1,1,1,1,1,1,1,1,1,1,1,1,1,1,1,1,1,1,1,1,1,1,1,1,1,1,1,1,1,1,1,1,1,1,1,1,1,1,1,1,1,1,1,1,1,1,1,1,1,1,1,1,1,1,1,1,1,1,1,1,1,1,1,1,1,1,1,1,1,1,1,1,1,1,1,1,1,1,1,1,1,1,1,1,1,1,1,1,1,1,1,1,1,1,1,1,1,1,1,1,1,1,1,1,1,1,1,1,1,1,1,1,1,1,1,1,1,1,1,1,1,1,1,1,1,1,1,1,1,1,1,1,1,1,1,1,1,1,1,1,1,1,1,1,1,1,1,1,1,1,1,1,1,1,1,1,1,1,1,1,1,1,1,1,1,1,1,1,1,1,1,1,1,1,1,1,1,1,1,1,1,1,1,1,1,1,1,1,1,1,1,1,1,1,1,1,1,1,1,1,1,1,1,1,1,1,1,1,1,1,1,1,1,1,1,1,1,1,1,1,1,1,1,1,1,1,1,1,1,1,1,1,1,1,1,1,1,1,1,1,1,1,1,1,1,1,1,1,1,1,1,1,1,1,1,1,1,1,1,1,1,1,1,1,1,1,1,1,1,1,1,1,1,1,1,1,1,1,1,1,1,1,1,1,1,1,1,1,1,1,1,1,1,1,1,1,1,1,1,1,1,1,1,1,1,1,1,1,1,1,1,1,1,1,1,1,1,1,1,1,1,1,1,1,1,1,1,1,1,1,1,1,1,1,1,1,1,1,1,1,1,1,1,1,1,1,1,1,1,1,1,1,1,1,1,1,1,1,1,1,1,1,1,1,1,1,1,1,1,1,1,1,1,1,1,1,1,1,1,1,1,1,1,1,1,1,1,1,1,1,1,1,1,1,1,1,1,1,1,1,1,1,1,1,1,1,1,1,1,1,1,1,1,1,1,1,1,1,1,1,1,1
Short Entry on Body in Zone,1,0,1,int,"Enter if close ≥ upper band (0=false, 1=true) - OPTIMIZABLE",0,0,0,0,0,0,0,0,0,0,0,0,0,0,0,0,0,0,0,0,0,0,0,0,0,0,0,0,0,0,0,0,0,0,0,0,0,0,0,0,0,0,0,0,0,0,0,0,0,0,0,0,1,0,1,0,1,1,0,0,0,0,0,1,1,0,0,1,1,0,0,0,0,1,0,0,0,0,0,0,0,0,0,1,0,0,1,0,0,1,0,1,1,0,0,0,0,0,0,0,0,0,1,0,0,0,1,1,0,0,1,1,0,0,0,0,0,0,0,1,1,1,0,1,1,0,0,0,0,0,0,1,0,0,0,0,0,0,0,0,0,1,1,0,0,0,0,0,0,0,1,0,0,0,0,0,1,1,0,0,0,0,1,0,1,0,0,0,1,0,1,1,0,0,1,0,0,1,0,1,0,0,0,1,1,1,0,0,0,0,0,1,1,0,0,1,0,1,0,0,0,1,1,1,1,0,0,1,0,1,0,0,0,1,1,1,1,0,1,0,0,0,0,0,1,1,0,0,0,1,1,1,1,0,1,1,0,0,0,0,0,0,0,0,1,0,0,0,0,1,1,0,1,0,1,0,0,1,1,0,0,0,0,1,0,0,0,1,1,0,0,1,0,1,0,0,0,0,0,0,0,0,0,0,0,0,0,1,1,0,1,0,1,1,1,0,1,0,0,0,0,0,0,0,1,0,1,0,1,1,0,0,0,1,0,1,1,0,1,0,0,0,0,0,0,0,1,0,0,0,0,0,1,1,1,0,0,0,0,0,1,1,1,1,0,0,0,0,0,0,0,0,0,0,0,0,0,1,0,0,1,1,0,0,0,0,0,1,0,1,0,0,0,1,0,0,1,1,0,0,0,0,0,1,0,1,0,0,0,0,1,1,1,0,1,1,0,0,1,0,0,0,0,1,1,1,0,1,1,1,0,0,1,0,1,1,0,1,1,1,1,1,0,0,0,1,1,0,0,0,0,1,1,0,0,1,1,0,1,1,1,0,1,0,1,1,1,0,1,1,0,0,1,0,0,0,0,1,1,0,1,0,0,1,0,0,1,0,0,1,1,1,1,1,0,0,0,1,1,0,1,0,1,0,1,0,1,1,0,0,0,0,0,1,0,0,0,0,0,1,1,0,0,0,0,1,0,0,0,1,0,1,1,0,0,0,0,1,0,0,0,0,0,0,1,0,0,0,0,1,0,0,1,1,1,0,0,1,1,0,1,1,1,1,0,0,0,1,0,1,1,1,1,1,0,1,0,1,0,0,0,0,0,1,0,0,0,0,0,0,1,0,1,1,1,0,0,1,1,1,0,0,0,0,0,1,0,1,0,1,1,1,1,1,0,0,0,1,0,0,1,0,0,1,1,0,0,1,0
Short Trigger (% From Upper Band),0.5,0,2,float,% above upper band to trigger (min 0.5% to avoid band extremes),0.0,0.0,0.0,0.0,0.0,0.0,0.0,0.0,0.0,0.0,0.0,0.0,0.0,0.0,0.0,0.0,0.0,0.0,0.0,0.0,0.0,0.0,0.0,0.0,0.0,0.0,0.0,0.0,0.0,0.0,0.0,0.0,0.0,0.0,0.0,0.0,0.0,0.0,0.0,0.0,0.0,0.0,0.0,0.0,0.0,0.0,0.0,0.0,0.0,0.0,0.0,0.0,0.0,0.0,0.0,0.0055,0.0,0.0,0.005,0.0053,0.0,0.0,0.0,0.0014,0.0,0.0,0.0,0.0,0.0,0.0,0.0,0.0,0.0,0.0,0.0,0.0,0.0003,0.0,0.0,0.0,0.0053,0.0055,0.0,0.0,0.0,0.0,0.0037,0.0054,0.0,0.0,0.0,0.0,0.0,0.0,0.0,0.0,0.0004,0.0,0.0,0.0,0.0,0.0,0.0,0.0,0.0,0.0,0.0,0.0,0.0,0.0,0.0,0.0,0.0,0.0,0.0006,0.0084,0.0054,0.0002,0.0,0.0,0.0,0.0,0.0084,0.0,0.0,0.0,0.0,0.0006,0.0059,0.0,0.0,0.0,0.0,0.0,0.0,0.0,0.0,0.007,0.0,0.0,0.0074,0.0,0.0,0.0084,0.0,0.0,0.0,0.0,0.0,0.0,0.0,0.009,0.0,0.0,0.0,0.0039,0.0,0.0,0.0,0.0,0.0,0.0086,0.0,0.0066,0.0,0.0,0.0055,0.0,0.0,0.0,0.0,0.0,0.0,0.0,0.0,0.0073,0.0,0.0005,0.0,0.0,0.0084,0.0,0.0055,0.0,0.0004,0.0,0.009,0.0,0.0063,0.0,0.009,0.0,0.0,0.0,0.0,0.0,0.0,0.0,0.0015,0.0,0.0,0.0,0.0,0.0,0.0,0.0073,0.0,0.0,0.0,0.0,0.0,0.0,0.0,0.0,0.0,0.0,0.0,0.0,0.0,0.0068,0.0,0.0036,0.0,0.0005,0.0,0.0,0.0,0.0,0.0,0.0,0.0,0.0,0.0,0.0,0.0,0.0,0.0,0.0,0.0073,0.0,0.0076,0.0071,0.0,0.0,0.0,0.0,0.0,0.0,0.0,0.0,0.0,0.0,0.0,0.0,0.0,0.0,0.0,0.0,0.0,0.0,0.0,0.0062,0.0,0.0,0.0,0.0044,0.0001,0.0,0.0,0.0,0.0,0.0,0.0,0.0,0.0,0.0,0.0,0.0001,0.0,0.0,0.0,0.0,0.0,0.0,0.0,0.0,0.0,0.0,0.0,0.0,0.0,0.0,0.0,0.0,0.0,0.0,0.0,0.0,0.0044,0.0,0.0,0.0,0.0,0.0,0.0,0.0,0.0,0.0,0.0,0.0,0.0,0.0,0.0,0.0,0.0,0.0015,0.0,0.0,0.0,0.0,0.0,0.0,0.0,0.0,0.0,0.0,0.0,0.0,0.0,0.0,0.0,0.0003,0.0,0.0,0.0,0.0,0.0,0.0,0.0,0.0,0.0,0.0,0.0,0.0054,0.0006,0.0,0.0,0.0,0.0,0.0,0.0,0.0,0.0,0.0,0.0,0.0,0.0,0.0,0.0,0.0,0.0,0.0,0.0,0.0,0.0,0.0,0.0,0.0,0.0,0.0,0.0,0.0,0.0,0.0,0.0,0.0,0.0,0.0,0.0,0.0,0.0,0.0,0.0,0.0,0.0,0.0,0.0,0.0,0.0,0.0,0.0,0.0,0.0008,0.0,0.0,0.0001,0.0,0.0,0.0,0.0,0.0,0.0,0.0,0.0,0.0001,0.0,0.0,0.0,0.0008,0.0003,0.0,0.0,0.0,0.0,0.0,0.0,0.0,0.0002,0.0,0.0,0.0,0.0,0.0,0.0,0.0,0.0,0.0,0.0,0.0,0.0,0.0,0.0,0.0,0.0,0.0,0.0004,0.0006,0.0,0.0,0.0,0.0,0.0,0.0,0.0,0.0004,0.0,0.0,0.0,0.0,0.0,0.0,0.0,0.0,0.0,0.0,0.0,0.0,0.0,0.0,0.0,0.0,0.0015,0.0,0.0,0.0,0.0,0.0,0.0,0.0962,0.0,0.0001,0.0002,0.0,0.0,0.0,0.0,0.0,0.0,0.0,0.0,0.0,0.0,0.0,0.0,0.0,0.0,0.0,0.0,0.0,0.0,0.0001,0.0,0.0,0.0,0.0,0.0,0.0,0.0,0.0,0.0,0.0,0.0,0.0004,0.0092,0.0,0.0,0.0,0.0,0.0,0.0,0.0004,0.0,0.0,0.0001,0.0,0.0,0.0,0.0004,0.0,0.0,0.0,0.0,0.0,0.0,0.0001,0.0,0.0,0.0,0.0002,0.0,0.0,0.0,0.0,0.0,0.0005,0.0,0.0,0.0013,0.0,0.0,0.0,0.0005,0.0,0.0,0.0045,0.0001,0.0,0.0018,0.0,0.0,0.0,0.0,0.0,0.0,0.0,0.0,0.0,0.0005,0.0,0.0,0.0136,0.0,0.0136,0.0,0.013,0.0,0.0005,0.0,0.0,0.0,0.0001,0.0,0.0,0.0,0.0,0.0,0.0004,0.0013,0.0004,0.0,0.0,0.0,0.0,0.0,0.019,0.0,0.0,0.0,0.0,0.0,0.0,0.0,0.0,0.0,0.0,0.019,0.0,0.0,0.0,0.0,0.0,0.0,0.0,0.0,0.0,0.0,0.0003,0.0,0.0
ATR Length for Filter,26,5,20,int,ATR period for entry filter (separate from trailing stop ATR),5,5,6,5,5,6,6,6,5,6,5,7,5,5,5,6,6,6,5,5,6,5,5,6,6,5,5,5,6,6,5,5,5,5,5,6,5,5,5,5,5,6,13,13,6,6,6,6,13,6,6,13,5,6,5,5,5,5,6,6,5,5,6,5,5,6,6,5,5,5,5,5,5,5,5,7,5,5,5,5,6,5,5,5,5,5,5,5,5,5,5,5,5,6,6,5,5,5,5,5,5,5,5,5,5,5,5,5,5,5,5,5,5,5,5,5,5,5,5,5,5,5,5,5,5,5,6,5,5,5,5,5,7,5,5,5,5,5,5,5,5,5,5,5,5,6,5,5,5,5,5,5,5,5,5,5,5,5,5,11,5,5,5,5,5,5,10,5,5,5,5,5,5,5,6,5,5,5,5,5,5,5,10,5,5,5,5,5,5,5,5,5,5,5,5,6,5,5,5,5,5,5,5,5,5,5,6,5,5,5,5,5,5,5,5,5,5,5,5,5,7,6,5,5,5,5,7,5,5,5,5,5,5,5,5,5,5,5,5,5,5,5,5,5,5,5,5,5,5,5,5,5,5,5,6,5,5,5,5,5,5,5,5,5,5,5,5,5,5,5,5,5,5,7,7,5,5,5,5,5,5,5,5,5,5,5,5,5,5,5,5,5,6,5,5,5,5,5,6,5,5,5,5,5,5,5,5,5,7,7,5,5,5,5,5,6,5,5,5,5,5,5,6,6,5,5,5,5,5,5,6,5,5,5,6,6,10,5,6,5,7,5,5,5,5,5,5,5,5,6,5,5,5,5,10,5,5,5,5,5,5,5,6,5,6,5,5,5,6,5,5,5,5,5,6,5,5,5,11,5,6,5,5,5,5,5,5,5,10,5,5,5,5,6,9,5,5,5,5,9,5,5,5,5,5,5,9,5,5,5,5,5,5,5,5,5,5,5,5,5,5,5,5,9,5,5,5,5,5,5,5,5,5,5,5,5,5,8,5,5,5,5,5,5,5,5,5,5,5,5,6,5,5,5,5,5,5,5,5,9,6,6,5,5,5,5,5,5,6,5,5,5,5,5,5,5,5,5,5,5,5,5,5,5,5,5,5,5,5,5,5,5,6,5,5,5,5,5,5,5,5,5,5,5,5,5,5,5,5,5,5,5,5,5,5,5,5,5,5,7,5,5,5,5,5,5,5,6,5,5,5,5,5,5,5,5,5,5,5,5,5,5,6,5,5,5,5,6,5,5,5,5,5,5,5,5,6,5,5,5,5,5,5,5,5,5,6,5,5,5,5,6,5,5,5,5,5,5,5,5,5,5,5,5,5,6,5,5,5,5,5,6,5,5,5,5,5,6,6,6,5,6,6,6,5,5,6,5,6
Max ATR Filter (Points),4,2,7,float,Maximum ATR value to allow entries for mean reversion (ATR <= max). Low ATR = exhausted move ready to reverse (good). High ATR = strong momentum (bad for mean reversion). Range 1.0-6.0 points,5.6377,5.4449,5.3792,5.4976,5.4976,5.4874,5.5764,5.4433,5.4507,5.4862,5.4865,5.6188,5.4507,5.4507,5.7447,5.7036,5.4863,5.2615,5.2896,5.1636,5.486,5.5282,5.4475,5.5021,5.5021,5.352,5.1527,5.0652,5.4194,5.4848,5.2149,5.3452,5.5676,5.2201,4.9816,5.5287,5.1364,5.1371,5.1371,5.7352,5.0884,5.4018,5.4814,5.4814,5.6237,5.6237,5.6237,5.524,5.4814,5.524,5.5083,5.4814,5.4295,5.3908,5.4295,5.389,5.6383,5.2781,5.2598,5.4588,5.6074,5.4049,4.8159,5.5466,5.1936,5.4194,5.5581,5.4821,5.5137,5.5252,5.4699,5.4699,5.14,5.3931,5.3355,5.5278,5.4221,5.4221,5.5784,5.7795,5.8949,5.5906,5.8287,5.7188,5.7365,5.6818,4.938,5.1672,5.908,5.9572,6.0155,5.9572,5.2963,5.1336,5.1336,5.4815,5.2795,5.3916,5.18,5.4137,5.234,5.1419,5.4027,5.9328,5.9808,5.4234,5.1255,5.3476,5.18,5.18,5.3414,5.491,5.362,5.4661,5.4485,5.1815,5.0622,5.3756,5.502,5.3879,5.372,5.4491,5.1815,5.4324,5.4324,5.5803,5.4922,5.3205,5.1812,6.2277,5.3884,5.3856,5.5455,5.313,5.313,5.4404,5.6147,5.388,5.4447,5.5803,5.4697,5.611,5.3431,5.5018,5.1265,5.1901,5.4815,5.4661,5.3367,5.2379,5.4806,5.1533,5.2846,5.1076,5.397,5.3212,5.3749,5.4418,5.3448,5.5335,5.4666,5.5078,5.5827,5.6835,5.5134,5.3891,5.5092,5.3431,5.3476,5.3205,5.4007,5.415,5.1933,5.4334,5.4018,5.545,5.6642,5.4113,5.3519,5.4391,5.6364,5.4455,5.5092,5.6019,5.4452,5.6166,5.1533,5.5279,5.0287,5.5522,5.1533,5.5313,5.6361,5.442,5.4534,5.618,5.4226,5.6365,5.292,5.4409,5.5025,5.4806,5.3283,5.3215,5.3283,5.6586,4.6523,5.4697,5.5289,5.5138,5.1933,5.5167,5.4533,6.2457,5.5149,5.467,5.5149,5.3485,5.5213,5.4639,5.4526,5.4707,5.4893,5.611,5.6751,5.5732,5.4526,5.487,5.5204,5.5688,5.4621,5.5253,5.3741,5.5558,5.5329,5.3307,5.2537,5.7289,5.7434,5.4992,5.6968,5.6791,5.2537,5.5636,5.3509,5.7081,5.1533,5.5034,5.1533,5.5242,5.2939,5.1533,5.3218,5.6049,5.6639,5.4533,5.6447,5.462,5.462,5.4976,5.6482,5.2655,5.4549,5.3294,5.6482,5.7637,5.6649,5.7206,5.6698,5.3184,5.5426,5.5253,5.6482,5.3371,5.5751,5.6671,5.4371,4.9581,5.7447,5.5489,5.5734,5.5734,5.6983,5.5947,5.7705,5.6027,5.6596,5.6246,5.5891,5.6417,5.9073,5.6746,5.6805,5.3307,5.5733,5.7007,5.8368,5.6406,5.5709,5.5426,5.8192,5.5559,5.6764,5.5232,5.6252,5.5426,5.7485,5.6748,5.8915,5.1423,5.7563,5.819,5.5643,5.5963,5.5456,5.5971,5.7336,5.741,5.6886,5.868,5.7532,5.8738,5.6599,5.7583,5.7575,5.9277,5.8645,5.7563,5.7575,5.7734,5.7569,5.9618,5.9723,5.7487,5.8014,5.6702,5.977,6.0781,5.7583,5.8538,5.7708,5.6385,6.0789,6.1228,5.8064,5.9641,6.0565,5.7284,5.8192,6.0029,6.0494,6.0256,6.0413,6.0924,5.961,6.1041,6.0238,6.0925,6.0879,5.9208,6.1031,5.9762,6.0136,6.1146,6.0299,6.2137,6.0924,6.0506,5.797,6.6274,6.2165,6.1044,6.1694,6.1694,5.7583,6.1613,6.0187,6.2664,6.1088,6.0272,6.0866,6.0924,5.9963,6.3954,5.9963,5.931,6.2666,6.2366,6.2061,6.2708,6.2976,6.3011,6.1518,6.1703,6.2606,6.0761,6.3933,6.2248,6.2641,6.2788,6.1495,6.2783,6.4772,6.331,6.2115,6.3997,6.2788,6.331,6.3251,6.2217,6.3151,6.3151,6.3491,6.3974,6.3157,6.3251,6.3149,6.2667,6.3238,6.4052,6.4034,6.1757,6.3125,6.1876,6.4127,6.3917,6.3494,6.482,6.3097,6.4076,6.4503,6.3979,6.514,6.4015,6.4767,6.3166,6.3917,6.2361,6.5183,6.5183,6.2964,6.4076,6.4598,6.4986,6.4096,6.465,6.4598,6.3421,6.465,6.2681,6.2821,6.4446,6.5177,6.4446,6.3573,6.4592,6.3097,6.2983,6.505,6.2422,6.5017,6.3463,6.5675,6.5176,6.4348,6.4387,6.3335,6.4545,6.2054,6.5523,6.3669,6.4871,6.496,6.2996,6.5792,6.5803,6.5608,6.3991,6.5872,6.3841,6.609,6.5594,6.5629,6.4697,6.6101,6.4764,6.6208,6.6208,6.5197,6.1948,6.443,6.5427,6.5735,6.6034,6.6333,6.2969,6.6333,6.3646,6.3646,6.6258,6.5449,6.374,6.612,6.5792,6.6191,6.5907,6.5016,6.5123,6.4985,6.6715,6.6189,6.533,6.7056,6.5699,6.6523,6.5883,6.5813,6.5765,6.636,6.5566,6.6801,6.6372,6.7419,6.5191,6.6501,6.5255,6.7178,6.7697,6.7525,6.6988,6.7405,6.6584,6.8015,6.8015,6.6694,6.7934,6.7763,6.7543,6.7484,6.788,6.747,6.6053,6.7113,6.7316,6.8182,6.4393,6.7863,6.9047,6.7458,6.7678,6.7525,6.7672,6.8424,6.8424,6.7135,6.7672,6.7609,6.7786,6.8501,6.8938,6.7335,6.8961,6.7335,6.8248,6.8184,6.839,6.8503,6.8631,6.9298,6.7826,7.0,7.0,6.9809,6.7575,6.8821,6.9677,7.0,7.0,6.8497,6.8964,7.0,7.0,7.0,7.0,7.0,7.0,7.0,6.9755,7.0,7.0,7.0,6.9652,7.0,7.0,7.0,7.0,6.9771,7.0,7.0,7.0,7.0,7.0,7.0,7.0,7.0,7.0,7.0,7.0,7.0
Min ATR Filter (Points),0.5,1.3,2.5,float,Minimum ATR floor (optional) to ensure stops aren't too tight. Default 0.5 points. ATR must be >= this AND <= Max ATR Filter,2.4854,2.4695,2.5,2.3083,2.3083,2.4421,2.3498,2.3417,2.3207,2.2713,2.4573,2.4169,2.3732,2.3732,2.3421,2.3251,2.2292,2.4988,2.4908,2.5,2.1289,2.4699,2.4681,2.4727,2.4727,2.4933,2.4987,2.38,2.3712,2.1295,2.4986,2.5,2.4699,2.4204,2.5,2.5,2.5,2.5,2.5,2.3732,2.4681,2.2532,2.1953,2.1953,2.1295,2.1295,2.1295,2.4761,2.1953,2.4761,2.1442,2.1953,2.2213,2.5,2.2213,2.4145,2.2213,2.2381,2.457,2.5,2.5,2.1512,2.3703,2.368,2.1418,2.3712,2.5,2.2093,2.097,2.411,2.4253,2.4253,2.4007,2.5,2.4567,2.1164,2.406,2.406,2.2446,2.1666,2.5,2.5,2.1666,2.3239,2.2847,2.3189,2.3645,2.5,2.2671,2.223,2.5,2.223,2.2364,2.5,2.5,2.3394,2.4962,2.3394,2.4405,2.2612,2.2286,2.2816,2.2654,2.427,2.427,2.2295,2.2456,2.5,2.4405,2.4405,2.2785,2.2633,2.4172,2.4903,2.4679,2.4176,2.5,2.1892,2.396,2.2877,2.3934,2.2364,2.1981,2.2785,2.2785,2.4405,2.5,2.5,2.319,2.5,2.5,2.2374,2.5,2.2497,2.2497,2.2435,2.5,2.1968,2.5,2.4405,2.3945,2.2633,2.4759,2.4176,2.5,2.3839,2.5,2.4903,2.3818,2.3926,2.2547,2.5,2.3627,2.4311,2.3622,2.3935,2.3565,2.2986,2.2411,2.1969,2.4586,2.4311,2.5,2.4451,2.2648,2.2514,2.1676,2.3138,2.3496,2.5,2.303,2.2544,2.5,2.4949,2.2571,2.4183,2.5,2.4264,2.5,2.2328,2.4176,2.2094,2.1015,2.4788,2.3095,2.2733,2.4546,2.2442,2.4794,2.3424,2.4546,2.2842,2.2733,2.5,2.5,2.4633,2.26,2.2736,2.5,2.5,2.2568,2.2547,2.4944,2.2591,2.4944,2.4469,2.5,2.4982,2.4659,2.4804,2.4717,2.3932,2.462,2.3734,2.3041,2.1932,2.3241,2.4642,2.5,2.3829,2.5,2.5,2.3277,2.4532,2.2688,2.5,2.5,2.2155,2.223,2.5,2.2399,2.3,2.275,2.3288,2.4704,2.2578,2.2613,2.3937,2.5,2.2228,2.4051,2.5,2.2613,2.2896,2.2598,2.4318,2.4546,2.2228,2.4546,2.1069,2.386,2.4546,2.474,2.2433,2.4466,2.462,2.4997,2.4858,2.4858,2.5,2.5,2.484,2.2602,2.2676,2.2578,2.375,2.5,2.2239,2.5,2.5,2.4446,2.3,2.3277,2.2962,2.5,2.3799,2.2523,2.5,2.2677,2.1817,2.4387,2.4387,2.5,2.467,2.4436,2.2298,2.2423,2.2747,2.291,2.08,2.3943,2.2319,2.3464,2.2578,2.469,2.2896,2.4653,2.431,2.4433,2.3258,2.4445,2.3285,2.2798,2.4079,2.469,2.1051,2.2471,2.1276,2.5,2.4102,2.5,2.4718,2.4991,2.4334,2.4646,2.5,2.4589,2.2626,2.4512,2.3716,2.5,2.2657,2.3917,2.5,2.5,2.3815,2.2553,2.2175,2.4638,2.3009,2.5,2.4419,2.3912,2.469,2.3811,2.3581,2.2415,2.4353,2.5,2.2913,2.2963,2.3838,2.5,2.5,2.5,2.5,2.5,2.4206,2.1439,2.5,2.3716,2.3815,2.5,2.4874,2.1584,2.2747,2.4916,2.4574,2.4134,2.3373,2.2657,2.4555,2.4902,2.4303,2.5,2.2565,2.4874,2.2621,2.3452,2.4739,2.4452,2.4356,2.4035,2.4035,2.5,2.3815,2.5,2.5,2.5,2.3365,2.5,2.4874,2.3203,2.5,2.3203,2.5,2.5,2.4207,2.2837,2.5,2.4361,2.5,2.3633,2.5,2.4882,2.5,2.2627,2.2561,2.5,2.1666,2.3487,2.4866,2.4404,2.5,2.4049,2.5,2.1666,2.5,2.3823,2.4422,2.5,2.5,2.5,2.3869,2.3682,2.4796,2.5,2.4498,2.3868,2.4176,2.4,2.4193,2.3241,2.0811,2.3921,2.4881,2.4944,2.5,2.3389,2.4522,2.5,2.5,2.5,2.5,2.4289,2.2627,2.4143,1.9508,2.5,2.5,2.5,2.3679,2.4084,2.3101,2.5,2.4798,2.4084,2.3625,2.4798,2.5,2.4527,2.2706,2.5,2.4394,2.5,2.5,2.4932,2.4765,2.2954,2.3293,2.5,2.4694,2.5,2.4199,2.3259,2.328,2.3316,2.3315,2.3467,2.4953,2.5,2.4897,2.4682,2.5,2.3693,2.3031,2.4563,2.4106,2.5,2.4951,2.4791,2.5,2.3714,2.49,2.4573,2.4536,2.5,2.5,2.3353,2.4731,2.4387,2.3748,2.4645,2.5,2.5,2.3099,2.4179,2.3348,2.3348,2.4829,2.4723,2.5,2.5,2.3395,2.3869,2.4591,2.3231,2.3394,2.3064,2.4169,2.2973,2.4696,2.37,2.2548,2.5,2.3645,2.3996,2.2627,2.3021,2.5,2.4413,2.5,2.4181,2.5,2.5,2.3099,2.2626,2.5,2.3968,2.4163,2.5,2.5,2.3602,2.3602,2.3316,2.4894,2.2657,2.3871,2.2276,2.5,2.3322,2.2862,2.3691,2.471,2.4274,2.3595,2.3307,2.4089,2.3026,2.3533,2.4156,2.4153,2.5,2.5,2.4295,2.3488,2.4258,2.3052,2.314,2.497,2.413,2.2644,2.413,2.4992,2.4161,2.3115,2.4299,2.5,2.3636,2.3752,2.5,2.4811,2.424,2.5,2.3144,2.3928,2.468,2.5,2.4519,2.4913,2.5,2.2968,2.2968,2.2661,2.4144,2.5,2.4428,2.4568,2.2968,2.3313,2.4568,2.4877,2.3313,2.3313,2.5,2.4144,2.4857,2.2903,2.2932,2.2932,2.4666,2.4365,2.4586,2.4586,2.135,2.3342,2.261,2.2262,2.4673
Enable Trend Filter,1,0,1,int,"Trade with trend only (Long > EMA, Short < EMA) - OPTIMIZABLE",0,0,0,0,0,0,0,0,0,0,0,0,0,0,0,0,0,0,0,0,0,0,0,0,0,0,0,0,0,0,0,0,0,0,0,0,0,0,0,0,0,1,0,0,0,0,0,0,0,0,0,0,1,0,1,1,1,1,1,0,0,1,0,0,1,0,0,0,0,0,0,0,0,0,0,0,0,0,0,0,0,0,0,0,0,0,0,0,0,0,0,0,1,0,0,1,1,1,1,1,1,1,1,0,0,1,1,1,1,1,1,1,1,0,1,1,1,1,1,1,1,1,1,1,1,1,0,1,1,0,1,1,0,1,1,1,0,1,1,1,0,1,1,1,1,0,1,0,1,1,1,1,1,0,1,1,1,1,1,1,0,1,1,1,1,1,1,1,1,1,1,1,1,0,1,1,1,1,0,1,1,1,1,1,1,1,1,1,0,1,1,1,1,0,1,1,1,1,1,1,1,1,1,1,1,1,0,1,0,0,1,1,1,0,1,1,1,1,0,0,1,0,1,1,1,1,1,1,1,1,1,1,0,1,1,1,1,1,1,1,1,1,1,1,1,1,1,1,1,1,0,1,0,1,1,1,1,0,0,0,1,1,1,1,1,0,1,1,1,0,1,1,1,1,0,1,0,1,1,1,1,1,1,1,1,1,1,0,1,1,1,1,0,1,1,1,1,1,1,1,1,1,1,0,1,1,1,1,0,0,1,1,1,0,0,0,1,1,1,1,0,1,0,0,1,1,1,1,1,0,0,1,1,1,1,0,1,0,0,1,1,0,1,1,0,0,1,1,0,0,1,1,1,0,1,1,0,1,1,0,1,0,0,1,0,1,0,1,0,0,0,1,1,1,0,1,1,1,0,1,0,0,0,1,0,0,1,1,1,1,1,1,0,1,1,0,1,0,0,1,1,1,1,0,0,1,1,0,0,0,1,1,1,1,1,1,0,0,1,1,1,0,1,1,1,1,0,1,0,1,0,1,1,1,1,1,1,1,1,1,1,1,1,1,0,1,1,0,1,0,0,1,1,1,0,1,0,0,1,0,1,0,0,1,0,1,0,1,0,1,0,1,0,1,1,1,0,0,1,0,0,0,1,0,1,0,1,1,0,0,1,0,0,1,0,0,0,0,0,1,1,0,1,1,1,0,1,1,1,1,1,0,1,0,0,0,0,1,1,0,0,0,1,1,0,0,1,1,1,1,1,0,1,1,0,0,1,0,1,0,0,0,1,0,0,1,1,1,0,1,0,0,1,1,1,0,1,0,1,1,1,1,1,1,1,1,1,0,0,0,0,0,1,0,0,0,0,0,0,1,0,1,1,1,1,1,1,0,1,0,0,0,0,0,0,1,0,1,1,1,0,1,1,1,0,0,0,0,0
Trend EMA Length,200,30,200,int,EMA Length for trend filter,106,164,104,129,129,141,162,100,101,110,94,38,101,101,32,97,107,114,93,137,84,166,102,132,132,172,100,108,105,84,100,100,166,132,91,118,100,100,100,101,102,93,96,96,84,84,84,126,96,126,113,96,105,112,105,89,105,47,93,112,102,104,112,81,100,105,30,110,96,102,97,97,113,98,113,99,105,105,111,99,112,113,99,77,111,103,87,117,84,90,123,90,88,117,117,80,97,80,100,121,68,81,98,97,97,102,99,102,100,100,80,78,101,94,97,80,112,91,100,108,100,88,80,98,98,100,91,98,77,30,103,110,94,111,111,97,42,86,108,100,73,78,99,80,112,95,79,94,84,84,110,101,102,98,105,89,104,91,101,101,97,80,104,83,101,81,75,99,113,98,76,92,88,98,86,78,84,109,89,81,80,77,75,104,98,108,100,102,111,80,100,98,108,98,104,103,106,109,90,103,78,110,104,66,104,78,99,92,139,30,88,100,104,100,86,92,86,101,86,74,104,118,104,102,98,101,104,112,105,102,110,106,95,87,102,102,108,74,78,104,79,76,108,106,99,109,100,104,100,106,45,100,53,103,102,104,123,117,117,129,104,100,111,69,104,121,90,92,100,93,99,106,104,102,161,119,90,115,105,103,97,97,91,103,96,147,100,113,78,104,98,94,109,102,103,106,103,132,45,99,104,100,102,95,103,99,94,104,76,64,86,90,105,104,137,91,111,91,99,84,93,109,147,36,107,104,87,86,107,125,88,74,87,103,110,133,114,111,36,92,30,42,98,116,118,92,105,108,30,94,85,104,102,96,111,87,90,102,93,84,109,88,94,104,101,75,96,107,109,51,108,91,103,103,36,104,119,102,101,105,94,96,144,95,144,104,56,105,116,97,101,104,95,77,100,123,106,30,107,105,103,97,96,104,92,93,105,104,98,102,101,101,102,106,102,101,107,114,104,104,102,101,97,103,104,104,82,104,56,98,70,104,106,95,105,95,92,108,104,104,117,98,104,106,101,103,104,109,103,109,72,93,104,93,113,103,56,94,92,105,88,128,104,102,46,114,101,117,66,93,99,100,95,125,102,99,74,101,101,109,177,105,102,140,99,101,102,102,124,106,102,33,85,111,107,88,107,102,102,99,105,60,110,98,106,107,111,97,94,103,110,90,106,114,40,108,87,95,96,119,65,30,122,98,123,88,91,105,102,115,96,106,105,105,99,98,95,97,100,105,108,96,103,60,100,100,102,115,99,88,106,106,102,102,100,106,101,99,75,105,100,105,100,110,70,108,115,105,89,107,101,133,104,80,105,84,101,108,115,80,100,100,100,102,97,97,92,88,100,105,88,145,105,105,103,97,131,108,93,93,114,94,73,73,105,90,99,106,61
Enable ADX Filter,1,0,1,int,Trade only when ADX < Threshold (Ranging Markets) - OPTIMIZABLE,0,0,0,0,0,0,0,0,0,0,0,0,0,0,0,0,0,0,0,0,0,0,0,0,0,0,0,0,0,0,0,0,0,0,0,0,0,0,0,0,0,0,0,0,0,0,0,0,0,0,0,0,0,0,0,0,0,0,0,0,0,0,0,0,0,0,0,0,0,0,0,0,0,0,0,0,0,0,0,0,0,0,0,0,0,0,0,0,0,0,0,0,0,0,0,0,0,0,0,0,0,0,0,0,0,0,0,0,0,0,0,0,0,0,0,0,0,0,0,0,0,0,0,0,0,0,0,0,0,0,0,0,0,0,0,0,0,0,0,0,0,0,0,0,0,0,0,0,0,0,0,0,0,0,0,0,0,0,0,0,0,0,0,0,0,0,0,0,0,0,0,0,0,0,0,0,0,0,0,0,0,0,0,0,0,0,0,0,0,0,0,0,0,0,0,0,0,0,0,0,0,0,0,0,0,0,0,0,0,0,0,0,0,0,0,0,0,0,0,0,0,0,0,0,0,0,0,0,0,0,0,0,0,0,0,0,0,0,0,0,0,0,0,0,0,0,0,0,0,0,0,0,0,0,0,0,0,0,0,0,0,0,0,0,0,0,0,0,0,0,0,0,0,0,0,0,0,0,0,0,0,0,0,0,0,0,0,0,0,0,0,0,0,0,0,0,0,0,0,0,0,0,0,0,0,0,0,0,0,0,0,0,0,0,0,0,0,0,0,0,0,0,0,0,0,0,0,0,0,0,0,0,0,0,0,0,0,0,0,0,0,0,0,0,0,0,0,0,0,0,0,0,0,0,0,0,0,0,0,0,0,0,0,0,0,0,0,0,0,0,0,0,0,0,0,0,0,0,0,0,0,0,0,0,0,0,0,0,0,0,0,0,0,0,0,0,0,0,0,0,0,0,0,0,0,0,0,0,0,0,0,0,0,0,0,0,0,0,0,0,0,0,0,0,0,0,0,0,0,0,0,0,0,0,0,0,0,0,0,0,0,0,0,0,0,0,0,0,0,0,0,0,0,0,0,0,0,0,0,0,0,0,0,0,0,0,0,0,0,0,0,0,0,0,0,0,0,0,0,0,0,0,0,0,0,0,0,0,0,0,0,0,0,0,0,0,0,0,0,0,0,0,0,0,0,0,0,0,0,0,0,0,0,0,0,0,0,0,0,0,0,0,0,0,0,0,0,0,0,0,0,0,0,0,0,0,0,0,0,0,0,0,0,0,0,0,0,0,0,0,0,0,0,0,0,0,0,0,0,0,0,0,0,0,0,0,0,0,0,0,0,0,0,0,0,0,0,0,0,0,0,0,0,0,0,0,0,0,0,0,0,0,0,0,0,0,0,0,0,0,0,0,0,0,0,0,0,0,0
ADX Period,14,10,30,int,Lookback period for ADX calculation,28,26,29,28,28,29,26,28,29,26,24,28,28,29,26,28,26,26,25,27,26,24,27,25,25,25,25,23,28,26,25,25,24,26,26,26,24,24,24,29,27,26,27,27,26,26,26,24,27,24,26,27,23,27,23,27,23,23,26,27,27,26,28,28,25,28,28,29,23,29,28,28,24,28,24,24,28,28,27,26,27,27,26,27,25,28,28,26,25,27,27,27,26,26,26,25,26,25,26,20,24,27,25,28,28,26,25,25,26,26,27,30,26,28,27,27,26,28,26,21,25,26,27,26,26,26,27,27,27,26,25,25,29,25,25,28,29,26,25,26,26,30,25,27,26,29,25,27,30,30,26,26,27,26,23,27,24,26,26,29,27,26,26,26,24,23,30,25,25,27,22,27,24,28,26,27,30,28,25,26,27,25,30,26,28,23,26,25,27,23,26,26,23,21,26,28,26,22,25,26,26,26,26,23,26,27,28,25,23,29,24,24,26,25,25,27,25,27,25,26,27,27,26,26,25,25,26,28,28,25,25,22,24,25,21,25,26,26,27,25,25,27,26,25,26,26,26,25,26,29,26,25,26,26,27,26,24,26,26,28,26,26,24,26,26,27,27,25,25,26,26,22,26,30,27,24,19,27,25,26,25,25,28,27,26,23,24,25,27,27,24,24,26,25,25,25,29,29,26,26,30,27,27,28,25,26,28,29,26,26,26,27,25,24,23,29,27,28,27,30,27,25,26,28,25,30,27,26,25,28,25,27,26,25,28,26,26,27,28,26,29,29,28,26,25,25,29,24,26,23,30,30,27,30,26,22,28,26,28,28,28,23,23,30,26,24,30,25,27,26,27,25,26,26,28,30,27,25,29,25,24,30,28,25,28,26,25,29,26,25,26,25,24,25,24,28,22,26,26,27,26,22,26,27,24,26,27,27,30,25,28,28,27,26,27,24,28,25,25,30,24,27,26,26,25,26,25,25,29,25,26,25,25,26,25,25,24,27,26,26,28,25,26,28,30,26,26,27,26,27,25,26,25,26,26,27,29,24,24,28,25,25,29,24,25,25,23,23,28,26,26,27,30,28,26,26,27,27,26,25,26,25,24,25,29,30,25,25,29,28,22,29,27,25,30,20,30,27,27,25,24,30,24,26,26,27,26,28,25,26,25,30,27,27,26,26,30,25,27,29,30,25,27,28,28,20,27,29,28,24,26,25,25,25,30,30,25,28,25,25,30,22,25,26,29,25,26,27,25,24,30,25,25,26,27,25,28,30,27,28,26,25,26,28,26,27,24,24,30,30,28,23,25,25,30,27,28,26,23,27,25,25,25,25,25,24,24,23,25,25,23,22,25,25,25,25,25,25,26,26,25,27,26,26,25,25,29,25,25
Max ADX Threshold,25,15,25,int,Maximum ADX allowed for entry. Lower = Only extremely choppy. Higher = Allow some trend.,21,21,21,21,21,21,21,25,25,24,19,22,25,25,24,21,24,21,20,25,24,21,25,21,21,21,24,25,22,25,24,24,21,23,24,21,25,25,25,25,25,15,25,25,25,25,25,21,25,21,25,25,15,23,15,20,15,15,20,17,23,24,24,23,15,22,21,16,25,15,15,15,25,22,25,15,19,19,15,22,17,23,22,18,23,23,22,21,17,16,21,16,25,21,21,15,15,15,25,15,22,22,19,15,15,23,16,19,25,25,18,25,22,25,21,23,15,21,25,25,19,25,23,15,15,25,21,20,19,20,20,22,20,21,21,25,24,23,19,25,22,25,22,24,22,25,15,25,16,16,20,23,15,15,19,23,15,16,25,22,15,24,25,23,20,21,25,22,19,20,22,16,23,18,23,24,16,19,16,20,24,22,25,21,19,22,23,15,22,21,23,25,22,21,22,21,22,25,25,22,25,20,24,21,24,24,20,25,21,20,23,24,22,19,15,18,15,22,16,25,19,17,22,23,15,18,19,15,16,15,25,20,23,18,22,25,20,22,24,15,18,23,20,24,24,25,23,15,23,15,25,23,25,22,20,22,22,19,19,21,22,23,18,18,22,21,23,19,20,20,23,20,22,16,18,15,18,22,24,22,25,25,21,22,25,21,17,15,16,23,16,22,21,25,24,24,23,21,22,22,21,23,16,19,24,22,17,22,15,15,25,15,23,21,22,22,21,15,21,16,17,22,21,22,23,20,16,25,23,22,22,20,25,24,21,21,16,19,22,24,22,21,15,15,23,22,18,24,24,21,16,20,22,17,16,25,17,23,18,18,15,20,21,21,21,22,17,20,22,21,25,18,23,23,22,21,21,15,21,18,21,17,23,25,23,22,16,18,23,22,23,20,19,19,19,24,25,18,20,24,24,16,24,20,19,25,24,20,17,21,25,25,21,22,25,20,15,21,25,21,21,23,19,21,15,21,20,21,22,25,19,20,23,25,25,25,25,20,23,23,21,25,25,15,24,21,25,21,21,20,21,22,20,22,18,25,22,20,21,24,19,23,20,15,19,17,25,19,19,18,21,22,25,21,21,19,16,25,15,25,21,25,21,25,21,24,19,19,19,20,15,18,21,19,24,19,24,23,23,15,15,18,19,25,22,24,15,16,15,20,19,24,16,21,16,20,23,25,24,16,17,19,22,22,24,18,25,25,25,15,19,25,25,25,25,25,21,25,18,25,24,25,18,18,19,21,25,18,23,23,25,25,15,15,21,25,19,25,23,22,25,23,25,21,25,21,16,25,24,22,25,25,24,20,24,23,21,25,18,20,22,18,18,18,20,23,21,19,18,23,19,25,23,23,25,20,15,23,20,20,20,17,22,23,23,20,21,21,21
RTH Start (HH:MM),09:30,09:30,09:30,str,Regular trading hours start (Eastern Time),,,,,,,,,,,,,,,,,,,,,,,,,,,,,,,,,,,,,,,,,,,,,,,,,,,,,,,,,,,,,,,,,,,,,,,,,,,,,,,,,,,,,,,,,,,,,,,,,,,,,,,,,,,,,,,,,,,,,,,,,,,,,,,,,,,,,,,,,,,,,,,,,,,,,,,,,,,,,,,,,,,,,,,,,,,,,,,,,,,,,,,,,,,,,,,,,,,,,,,,,,,,,,,,,,,,,,,,,,,,,,,,,,,,,,,,,,,,,,,,,,,,,,,,,,,,,,,,,,,,,,,,,,,,,,,,,,,,,,,,,,,,,,,,,,,,,,,,,,,,,,,,,,,,,,,,,,,,,,,,,,,,,,,,,,,,,,,,,,,,,,,,,,,,,,,,,,,,,,,,,,,,,,,,,,,,,,,,,,,,,,,,,,,,,,,,,,,,,,,,,,,,,,,,,,,,,,,,,,,,,,,,,,,,,,,,,,,,,,,,,,,,,,,,,,,,,,,,,,,,,,,,,,,,,,,,,,,,,,,,,,,,,,,,,,,,,,,,,,,,,,,,,,,,,,,,,,,,,,,,,,,,,,,,,,,,,,,,,,,,,,,,,,,,,,,,,,,,,,,,,,,,,,,,,,,,,,,,,,,,,,,,,,,,,,,,,,,,,,,,,,,,,,,,,
RTH End (HH:MM),16:00,16:00,16:00,str,Regular trading hours end (Eastern Time),,,,,,,,,,,,,,,,,,,,,,,,,,,,,,,,,,,,,,,,,,,,,,,,,,,,,,,,,,,,,,,,,,,,,,,,,,,,,,,,,,,,,,,,,,,,,,,,,,,,,,,,,,,,,,,,,,,,,,,,,,,,,,,,,,,,,,,,,,,,,,,,,,,,,,,,,,,,,,,,,,,,,,,,,,,,,,,,,,,,,,,,,,,,,,,,,,,,,,,,,,,,,,,,,,,,,,,,,,,,,,,,,,,,,,,,,,,,,,,,,,,,,,,,,,,,,,,,,,,,,,,,,,,,,,,,,,,,,,,,,,,,,,,,,,,,,,,,,,,,,,,,,,,,,,,,,,,,,,,,,,,,,,,,,,,,,,,,,,,,,,,,,,,,,,,,,,,,,,,,,,,,,,,,,,,,,,,,,,,,,,,,,,,,,,,,,,,,,,,,,,,,,,,,,,,,,,,,,,,,,,,,,,,,,,,,,,,,,,,,,,,,,,,,,,,,,,,,,,,,,,,,,,,,,,,,,,,,,,,,,,,,,,,,,,,,,,,,,,,,,,,,,,,,,,,,,,,,,,,,,,,,,,,,,,,,,,,,,,,,,,,,,,,,,,,,,,,,,,,,,,,,,,,,,,,,,,,,,,,,,,,,,,,,,,,,,,,,,,,,,,,,,,,,,
Enable RTH Filter,1,0,1,int,"Restrict entries to RTH only (0=false, 1=true) - OPTIMIZABLE",0,0,0,0,0,0,0,0,0,0,0,0,0,0,0,0,0,0,0,0,0,0,0,0,0,0,0,0,0,0,0,0,0,0,0,0,0,0,0,0,0,0,0,0,0,0,0,0,0,0,0,0,0,0,0,0,0,0,0,0,0,0,0,0,0,0,0,0,0,0,0,0,0,0,0,0,0,0,0,0,0,0,0,0,0,0,0,0,0,0,0,0,0,0,0,0,0,0,0,0,0,0,0,0,0,0,0,0,0,0,0,0,0,0,0,0,0,0,0,0,0,0,0,0,0,0,0,0,0,0,0,0,0,0,0,0,0,0,0,0,0,0,0,0,0,0,0,0,0,0,0,0,0,0,0,0,0,0,0,0,0,0,0,0,0,0,0,0,0,0,0,0,0,0,0,0,0,0,0,0,0,0,0,0,0,0,0,0,0,0,0,0,0,0,0,0,0,0,0,0,0,0,0,0,0,0,0,0,0,0,0,0,0,0,0,0,0,0,0,0,0,0,0,0,0,0,0,0,0,0,0,0,0,0,0,0,0,0,0,0,0,0,0,0,0,0,0,0,0,0,0,0,0,0,0,0,0,0,0,0,0,0,0,0,0,0,0,0,0,0,0,0,0,0,0,0,0,0,0,0,0,0,0,0,0,0,0,0,0,0,0,0,0,0,0,0,0,0,0,0,0,0,0,0,0,0,0,0,0,0,0,0,0,0,0,0,0,0,0,0,0,0,0,0,0,0,0,0,0,0,0,0,0,0,0,0,0,0,0,0,0,0,0,0,0,0,0,0,0,0,0,0,0,0,0,0,0,0,0,0,0,0,0,0,0,0,0,0,0,0,0,0,0,0,0,0,0,0,0,0,0,0,0,0,0,0,0,0,0,0,0,0,0,0,0,0,0,0,0,0,0,0,0,0,0,0,0,0,0,0,0,0,0,0,0,0,0,0,0,0,0,0,0,0,0,0,0,0,0,0,0,0,0,0,0,0,0,0,0,0,0,0,0,0,0,0,0,0,0,0,0,0,0,0,0,0,0,0,0,0,0,0,0,0,0,0,0,0,0,0,0,0,0,0,0,0,0,0,0,0,0,0,0,0,0,0,0,0,0,0,0,0,0,0,0,0,0,0,0,0,0,0,0,0,0,0,0,0,0,0,0,0,0,0,0,0,0,0,0,0,0,0,0,0,0,0,0,0,0,0,0,0,0,0,0,0,0,0,0,0,0,0,0,0,0,0,0,0,0,0,0,0,0,0,0,0,0,0,0,0,0,0,0,0,0,0,0,0,0,0,0,0,0,0,0,0,0,0,0,0,0,0,0,0,0,0,0,0,0,0,0,0,0,0,0,0,0,0,0,0,0,0,0,0,0,0,0,0,0
RTH Exit Buffer (minutes),0,0,60,int,Minutes before RTH end to start closing positions (0 = no auto-close),26,34,40,37,37,40,33,31,40,47,38,37,40,40,34,23,41,41,36,35,47,33,39,42,42,30,41,42,19,49,41,41,33,40,48,40,42,42,42,40,39,41,39,39,49,49,49,39,39,39,49,39,42,40,42,43,42,40,40,38,47,40,33,40,40,19,40,44,48,47,23,23,39,10,39,42,46,46,43,26,38,44,26,45,45,20,25,40,41,46,55,46,34,40,40,45,41,45,40,41,41,46,36,47,47,42,21,23,40,40,47,42,51,14,40,43,39,40,40,43,46,34,43,36,36,40,10,44,43,35,48,40,41,46,46,39,40,39,39,40,43,42,41,43,39,60,45,14,36,32,41,40,45,22,44,39,47,35,42,40,20,43,41,41,35,23,40,41,20,44,44,42,35,50,57,42,45,43,60,33,43,39,40,50,50,40,40,42,37,39,40,52,40,34,41,47,39,41,24,52,42,41,43,23,43,42,40,52,33,50,35,22,40,39,39,40,39,41,24,41,51,38,41,47,42,34,51,40,44,36,36,14,60,39,40,36,36,43,42,38,47,40,36,36,34,43,40,38,40,42,54,40,52,41,41,40,49,58,58,37,41,40,39,45,41,45,41,35,38,41,24,13,41,15,27,58,33,40,35,39,43,43,40,41,43,36,41,38,35,44,47,45,40,36,41,36,42,46,40,24,51,45,37,20,41,24,43,41,41,23,46,39,34,15,34,46,52,45,42,37,46,60,46,32,45,39,41,46,45,34,46,46,43,41,46,43,48,38,32,39,48,10,46,39,43,35,43,49,33,43,37,39,41,35,33,42,38,40,43,50,20,39,43,39,43,42,35,39,54,32,41,60,51,51,32,39,40,40,43,7,35,35,36,40,36,43,35,43,46,46,39,41,46,60,40,40,42,47,43,46,24,42,39,48,48,53,46,48,43,45,37,37,41,45,37,36,44,55,34,36,42,26,43,21,42,59,46,60,43,35,33,23,37,39,38,29,44,32,50,50,40,35,32,25,42,55,32,44,55,42,40,47,41,47,60,32,43,33,35,34,30,39,40,37,36,49,44,56,47,33,41,46,44,40,38,46,39,32,44,40,45,45,42,41,56,36,39,39,43,46,37,34,51,34,39,34,39,36,35,44,38,60,60,43,45,45,39,54,43,43,26,33,34,40,56,47,35,29,35,60,42,34,43,40,40,34,46,16,42,27,42,45,42,42,44,41,29,44,37,45,42,47,45,55,49,44,42,44,38,37,38,46,41,41,41,46,44,44,40,35,42,58,42,40,43,49,41,38,41,43,42,39,43,37,39,42,39,42,48,36,34,43,43,16,41,44,41,48,43,39,48,40,39,39,44,41,26,44,45,45,40,28,40,40,39,40,43,39,40
Enable Maintenance Filter,true,false,true,bool,Exit positions before maintenance periods,,,,,,,,,,,,,,,,,,,,,,,,,,,,,,,,,,,,,,,,,,,,,,,,,,,,,,,,,,,,,,,,,,,,,,,,,,,,,,,,,,,,,,,,,,,,,,,,,,,,,,,,,,,,,,,,,,,,,,,,,,,,,,,,,,,,,,,,,,,,,,,,,,,,,,,,,,,,,,,,,,,,,,,,,,,,,,,,,,,,,,,,,,,,,,,,,,,,,,,,,,,,,,,,,,,,,,,,,,,,,,,,,,,,,,,,,,,,,,,,,,,,,,,,,,,,,,,,,,,,,,,,,,,,,,,,,,,,,,,,,,,,,,,,,,,,,,,,,,,,,,,,,,,,,,,,,,,,,,,,,,,,,,,,,,,,,,,,,,,,,,,,,,,,,,,,,,,,,,,,,,,,,,,,,,,,,,,,,,,,,,,,,,,,,,,,,,,,,,,,,,,,,,,,,,,,,,,,,,,,,,,,,,,,,,,,,,,,,,,,,,,,,,,,,,,,,,,,,,,,,,,,,,,,,,,,,,,,,,,,,,,,,,,,,,,,,,,,,,,,,,,,,,,,,,,,,,,,,,,,,,,,,,,,,,,,,,,,,,,,,,,,,,,,,,,,,,,,,,,,,,,,,,,,,,,,,,,,,,,,,,,,,,,,,,,,,,,,,,,,,,,,,,,,,
Daily Maintenance Start (HH:MM),17:00,17:00,17:00,str,Daily maintenance period start in Eastern Time (ES: 4:00 PM CT = 5:00 PM ET),,,,,,,,,,,,,,,,,,,,,,,,,,,,,,,,,,,,,,,,,,,,,,,,,,,,,,,,,,,,,,,,,,,,,,,,,,,,,,,,,,,,,,,,,,,,,,,,,,,,,,,,,,,,,,,,,,,,,,,,,,,,,,,,,,,,,,,,,,,,,,,,,,,,,,,,,,,,,,,,,,,,,,,,,,,,,,,,,,,,,,,,,,,,,,,,,,,,,,,,,,,,,,,,,,,,,,,,,,,,,,,,,,,,,,,,,,,,,,,,,,,,,,,,,,,,,,,,,,,,,,,,,,,,,,,,,,,,,,,,,,,,,,,,,,,,,,,,,,,,,,,,,,,,,,,,,,,,,,,,,,,,,,,,,,,,,,,,,,,,,,,,,,,,,,,,,,,,,,,,,,,,,,,,,,,,,,,,,,,,,,,,,,,,,,,,,,,,,,,,,,,,,,,,,,,,,,,,,,,,,,,,,,,,,,,,,,,,,,,,,,,,,,,,,,,,,,,,,,,,,,,,,,,,,,,,,,,,,,,,,,,,,,,,,,,,,,,,,,,,,,,,,,,,,,,,,,,,,,,,,,,,,,,,,,,,,,,,,,,,,,,,,,,,,,,,,,,,,,,,,,,,,,,,,,,,,,,,,,,,,,,,,,,,,,,,,,,,,,,,,,,,,,,,,
Daily Maintenance End (HH:MM),17:30,17:30,17:30,str,Daily maintenance period end in Eastern Time (ES: 4:30 PM CT = 5:30 PM ET),,,,,,,,,,,,,,,,,,,,,,,,,,,,,,,,,,,,,,,,,,,,,,,,,,,,,,,,,,,,,,,,,,,,,,,,,,,,,,,,,,,,,,,,,,,,,,,,,,,,,,,,,,,,,,,,,,,,,,,,,,,,,,,,,,,,,,,,,,,,,,,,,,,,,,,,,,,,,,,,,,,,,,,,,,,,,,,,,,,,,,,,,,,,,,,,,,,,,,,,,,,,,,,,,,,,,,,,,,,,,,,,,,,,,,,,,,,,,,,,,,,,,,,,,,,,,,,,,,,,,,,,,,,,,,,,,,,,,,,,,,,,,,,,,,,,,,,,,,,,,,,,,,,,,,,,,,,,,,,,,,,,,,,,,,,,,,,,,,,,,,,,,,,,,,,,,,,,,,,,,,,,,,,,,,,,,,,,,,,,,,,,,,,,,,,,,,,,,,,,,,,,,,,,,,,,,,,,,,,,,,,,,,,,,,,,,,,,,,,,,,,,,,,,,,,,,,,,,,,,,,,,,,,,,,,,,,,,,,,,,,,,,,,,,,,,,,,,,,,,,,,,,,,,,,,,,,,,,,,,,,,,,,,,,,,,,,,,,,,,,,,,,,,,,,,,,,,,,,,,,,,,,,,,,,,,,,,,,,,,,,,,,,,,,,,,,,,,,,,,,,,,,,,,,
Weekend Maintenance Start Day,4,4,4,int,"Weekend maintenance start day (0=Monday, 1=Tuesday, 2=Wednesday, 3=Thursday, 4=Friday, 5=Saturday, 6=Sunday). For ES futures: 4 (Friday)",,,,,,,,,,,,,,,,,,,,,,,,,,,,,,,,,,,,,,,,,,,,,,,,,,,,,,,,,,,,,,,,,,,,,,,,,,,,,,,,,,,,,,,,,,,,,,,,,,,,,,,,,,,,,,,,,,,,,,,,,,,,,,,,,,,,,,,,,,,,,,,,,,,,,,,,,,,,,,,,,,,,,,,,,,,,,,,,,,,,,,,,,,,,,,,,,,,,,,,,,,,,,,,,,,,,,,,,,,,,,,,,,,,,,,,,,,,,,,,,,,,,,,,,,,,,,,,,,,,,,,,,,,,,,,,,,,,,,,,,,,,,,,,,,,,,,,,,,,,,,,,,,,,,,,,,,,,,,,,,,,,,,,,,,,,,,,,,,,,,,,,,,,,,,,,,,,,,,,,,,,,,,,,,,,,,,,,,,,,,,,,,,,,,,,,,,,,,,,,,,,,,,,,,,,,,,,,,,,,,,,,,,,,,,,,,,,,,,,,,,,,,,,,,,,,,,,,,,,,,,,,,,,,,,,,,,,,,,,,,,,,,,,,,,,,,,,,,,,,,,,,,,,,,,,,,,,,,,,,,,,,,,,,,,,,,,,,,,,,,,,,,,,,,,,,,,,,,,,,,,,,,,,,,,,,,,,,,,,,,,,,,,,,,,,,,,,,,,,,,,,,,,,,,,
Weekend Maintenance Start Time (HH:MM),17:00,17:00,17:00,str,Weekend maintenance start time in Eastern Time (ES: Fri 4:00 PM CT = 5:00 PM ET),,,,,,,,,,,,,,,,,,,,,,,,,,,,,,,,,,,,,,,,,,,,,,,,,,,,,,,,,,,,,,,,,,,,,,,,,,,,,,,,,,,,,,,,,,,,,,,,,,,,,,,,,,,,,,,,,,,,,,,,,,,,,,,,,,,,,,,,,,,,,,,,,,,,,,,,,,,,,,,,,,,,,,,,,,,,,,,,,,,,,,,,,,,,,,,,,,,,,,,,,,,,,,,,,,,,,,,,,,,,,,,,,,,,,,,,,,,,,,,,,,,,,,,,,,,,,,,,,,,,,,,,,,,,,,,,,,,,,,,,,,,,,,,,,,,,,,,,,,,,,,,,,,,,,,,,,,,,,,,,,,,,,,,,,,,,,,,,,,,,,,,,,,,,,,,,,,,,,,,,,,,,,,,,,,,,,,,,,,,,,,,,,,,,,,,,,,,,,,,,,,,,,,,,,,,,,,,,,,,,,,,,,,,,,,,,,,,,,,,,,,,,,,,,,,,,,,,,,,,,,,,,,,,,,,,,,,,,,,,,,,,,,,,,,,,,,,,,,,,,,,,,,,,,,,,,,,,,,,,,,,,,,,,,,,,,,,,,,,,,,,,,,,,,,,,,,,,,,,,,,,,,,,,,,,,,,,,,,,,,,,,,,,,,,,,,,,,,,,,,,,,,,,,,,
Weekend Maintenance End Day,6,6,6,int,"Weekend maintenance end day (0=Monday, 1=Tuesday, 2=Wednesday, 3=Thursday, 4=Friday, 5=Saturday, 6=Sunday). For ES futures: 6 (Sunday)",,,,,,,,,,,,,,,,,,,,,,,,,,,,,,,,,,,,,,,,,,,,,,,,,,,,,,,,,,,,,,,,,,,,,,,,,,,,,,,,,,,,,,,,,,,,,,,,,,,,,,,,,,,,,,,,,,,,,,,,,,,,,,,,,,,,,,,,,,,,,,,,,,,,,,,,,,,,,,,,,,,,,,,,,,,,,,,,,,,,,,,,,,,,,,,,,,,,,,,,,,,,,,,,,,,,,,,,,,,,,,,,,,,,,,,,,,,,,,,,,,,,,,,,,,,,,,,,,,,,,,,,,,,,,,,,,,,,,,,,,,,,,,,,,,,,,,,,,,,,,,,,,,,,,,,,,,,,,,,,,,,,,,,,,,,,,,,,,,,,,,,,,,,,,,,,,,,,,,,,,,,,,,,,,,,,,,,,,,,,,,,,,,,,,,,,,,,,,,,,,,,,,,,,,,,,,,,,,,,,,,,,,,,,,,,,,,,,,,,,,,,,,,,,,,,,,,,,,,,,,,,,,,,,,,,,,,,,,,,,,,,,,,,,,,,,,,,,,,,,,,,,,,,,,,,,,,,,,,,,,,,,,,,,,,,,,,,,,,,,,,,,,,,,,,,,,,,,,,,,,,,,,,,,,,,,,,,,,,,,,,,,,,,,,,,,,,,,,,,,,,,,,,,,,
Weekend Maintenance End Time (HH:MM),18:00,18:00,18:00,str,Weekend maintenance end time in Eastern Time (ES: Sun 5:00 PM CT = 6:00 PM ET),,,,,,,,,,,,,,,,,,,,,,,,,,,,,,,,,,,,,,,,,,,,,,,,,,,,,,,,,,,,,,,,,,,,,,,,,,,,,,,,,,,,,,,,,,,,,,,,,,,,,,,,,,,,,,,,,,,,,,,,,,,,,,,,,,,,,,,,,,,,,,,,,,,,,,,,,,,,,,,,,,,,,,,,,,,,,,,,,,,,,,,,,,,,,,,,,,,,,,,,,,,,,,,,,,,,,,,,,,,,,,,,,,,,,,,,,,,,,,,,,,,,,,,,,,,,,,,,,,,,,,,,,,,,,,,,,,,,,,,,,,,,,,,,,,,,,,,,,,,,,,,,,,,,,,,,,,,,,,,,,,,,,,,,,,,,,,,,,,,,,,,,,,,,,,,,,,,,,,,,,,,,,,,,,,,,,,,,,,,,,,,,,,,,,,,,,,,,,,,,,,,,,,,,,,,,,,,,,,,,,,,,,,,,,,,,,,,,,,,,,,,,,,,,,,,,,,,,,,,,,,,,,,,,,,,,,,,,,,,,,,,,,,,,,,,,,,,,,,,,,,,,,,,,,,,,,,,,,,,,,,,,,,,,,,,,,,,,,,,,,,,,,,,,,,,,,,,,,,,,,,,,,,,,,,,,,,,,,,,,,,,,,,,,,,,,,,,,,,,,,,,,,,,,,
Maintenance Buffer Minutes,5,1,30,int,Minutes before/after maintenance to exit/block trading,30,30,15,22,22,21,15,15,5,25,30,17,5,5,30,30,8,11,18,28,25,18,28,1,1,30,2,1,4,25,1,2,18,5,13,30,1,1,1,5,28,26,21,21,25,25,25,3,21,3,16,21,28,15,28,25,28,25,23,26,25,20,1,15,24,4,19,28,27,19,17,17,30,1,30,17,25,25,23,30,26,15,30,15,24,5,12,25,29,27,11,27,15,30,30,22,13,22,21,27,10,17,22,16,16,6,23,18,21,21,16,27,15,25,24,23,26,23,21,11,26,15,23,22,22,21,9,14,24,8,1,1,21,18,18,23,23,21,16,21,23,27,24,23,20,17,22,25,26,27,28,30,27,15,24,19,16,10,24,23,20,23,19,30,29,30,23,24,18,14,26,19,30,26,30,23,25,27,26,15,23,2,23,14,20,19,30,11,24,17,30,30,19,4,30,15,24,22,22,30,7,28,3,1,3,28,30,8,30,23,30,25,5,24,24,17,24,30,23,20,30,29,27,28,13,1,30,30,27,11,27,30,11,25,16,22,24,28,28,24,10,28,24,12,20,17,30,24,30,27,13,30,16,27,17,5,27,25,25,22,27,15,14,18,27,15,24,28,18,16,7,30,27,15,24,18,8,27,16,3,27,27,22,29,29,15,18,24,18,28,16,4,27,22,30,12,10,29,30,7,8,16,30,20,30,7,26,19,19,29,28,30,27,16,17,19,15,26,15,26,17,16,18,18,17,29,26,28,17,22,13,28,16,30,13,17,1,18,18,30,18,1,20,29,9,21,27,12,30,16,26,29,30,6,3,23,30,30,27,30,9,18,16,30,16,14,6,14,15,26,18,17,18,18,18,29,30,3,22,16,16,6,28,19,28,30,10,27,1,24,25,14,19,11,27,27,15,30,30,11,5,24,21,13,13,10,11,13,19,17,17,17,30,17,17,30,25,17,25,30,30,20,12,30,28,13,17,14,9,1,8,17,20,16,17,27,23,20,11,11,28,1,17,15,14,14,17,15,14,30,30,15,14,15,13,17,9,15,20,23,28,14,12,17,9,8,18,12,16,4,12,22,7,26,29,27,12,16,30,22,13,11,30,19,20,1,23,23,30,20,23,23,20,16,30,27,30,23,23,13,8,21,21,1,17,30,12,9,28,30,24,18,12,14,22,18,18,27,19,17,20,30,7,13,27,27,16,12,24,8,13,25,13,13,20,15,23,23,16,11,15,20,14,16,30,26,21,6,23,17,30,18,23,23,12,18,17,20,13,25,30,18,30,13,24,12,28,22,18,15,14,1,11,23,16,15,11,16,21,22,30,26,26,26,18,15,23,25,26,12,25,1,12,12,25,18,15,28,25,25,8,18,30,30,12,9,9,9,30
Volume MA Length,50,75,200,int,Rolling window for average volume calculation (used by volume filter),78,79,80,84,84,80,82,88,84,87,78,80,84,84,79,79,85,77,81,81,91,81,84,81,81,80,77,78,85,79,77,77,81,78,79,80,77,77,77,84,84,94,80,80,79,79,79,80,80,80,84,80,84,80,84,78,84,84,75,77,75,82,85,84,87,85,84,83,81,88,86,86,78,83,78,76,76,76,75,77,77,86,77,83,79,87,82,79,83,90,75,90,88,91,91,78,78,78,77,84,77,78,84,79,79,77,77,78,77,77,77,75,76,86,81,78,75,83,77,77,87,88,78,84,84,77,80,78,78,75,78,75,81,76,76,77,86,77,77,77,75,75,80,78,87,81,78,86,75,75,85,77,77,91,78,75,76,86,78,84,84,78,77,78,82,75,82,80,81,78,75,75,80,77,79,78,81,77,76,87,78,76,82,79,77,75,77,75,77,75,77,79,75,82,80,79,77,76,80,80,75,85,77,76,77,78,78,79,80,77,80,85,77,78,83,81,83,77,83,75,80,76,86,80,76,77,80,83,80,78,92,82,79,87,81,84,75,75,78,86,85,80,75,75,75,75,77,86,77,83,75,77,75,82,76,77,81,76,76,84,86,77,80,79,86,79,77,86,79,85,75,82,86,83,79,88,82,75,76,80,78,78,82,80,77,77,83,75,80,78,80,76,86,84,76,75,75,81,80,75,79,75,80,86,76,75,82,83,82,78,80,79,78,75,80,80,77,79,77,75,79,82,86,81,79,76,87,80,79,75,80,81,77,76,81,92,77,90,81,78,83,84,78,82,79,78,76,81,80,79,75,76,81,83,77,75,83,76,80,75,78,79,79,80,77,92,83,80,75,75,75,76,80,80,81,76,81,76,82,79,79,83,77,75,77,79,76,76,76,81,82,80,79,77,78,80,75,82,76,78,75,80,77,82,75,80,79,82,77,77,75,75,79,77,75,76,83,77,75,75,75,78,82,87,79,80,77,77,75,78,78,81,75,75,75,93,81,75,79,79,75,78,78,78,78,80,78,79,80,77,78,78,80,78,76,79,75,75,77,81,88,75,78,75,81,82,75,76,90,75,90,80,81,75,75,76,79,78,77,77,82,82,75,81,80,77,85,85,75,75,81,83,84,76,76,82,76,75,75,77,100,77,75,75,77,76,78,76,75,77,90,75,77,84,75,79,75,93,77,78,78,81,75,75,80,82,75,76,80,100,81,76,94,94,76,77,85,76,85,82,80,78,87,75,81,75,75,77,76,85,76,76,82,82,76,76,76,76,81,82,78,81,78,76,78,76,75,77,82,80,77,77,77,86,79,75,76,80,78,79,77,77,77,82,80,81,81,78,77,79,78,79,79,79,77,80,84,80,80,80,86,76,75,75,79,79,75,79,88
Max Volume Multiplier,1.2,2,4,float,"Volume filter for mean reversion - MAX volume allowed (volume <= avg * multiplier). Low volume = exhausted move ready to reverse. High volume = strong momentum (bad for mean reversion). Range 0.5-3.0 (1.0 = no filter, lower = more restrictive)",3.3538,4.0,2.9138,2.6029,2.6029,2.8228,3.4759,4.0,4.0,3.5232,2.6825,2.5287,3.9909,3.9909,2.8433,4.0,3.6306,2.6538,3.4601,3.4673,3.5253,2.5505,3.9823,3.9003,3.9003,3.8077,3.6542,3.4158,3.5415,3.5334,3.862,3.7092,2.5505,2.3186,3.4601,3.706,4.0,4.0,4.0,3.9909,3.9823,3.7162,3.7621,3.4866,3.3859,3.3859,3.4831,3.9068,3.3262,4.0,3.3049,3.4347,3.739,3.074,3.739,3.8353,3.739,4.0,3.8637,3.6068,3.7333,3.7157,4.0,3.9877,3.8688,3.54,3.459,4.0,3.5481,3.9679,2.7761,2.7761,2.2098,3.952,2.2098,3.7589,3.8935,3.8935,3.4774,3.9997,3.6068,3.7396,3.9997,4.0,3.4136,2.8288,3.986,3.6735,4.0,4.0,3.9773,4.0,3.8369,3.9722,3.9722,3.9364,3.8177,3.9364,3.719,2.0,3.7004,3.9852,4.0,3.3269,3.0279,3.8622,3.8773,4.0,3.719,3.719,3.9501,3.9039,3.736,2.5082,3.6524,3.8845,4.0,3.6684,3.719,4.0,3.7003,3.8369,4.0,4.0,4.0,3.719,3.6217,3.7947,3.8776,4.0,3.8818,3.7801,3.5257,3.8954,3.8954,4.0,2.5079,3.1012,3.7659,3.719,2.0,3.9039,3.7784,3.8845,4.0,3.7587,3.9364,2.5601,3.6758,3.6846,3.8889,3.8096,3.9481,2.343,4.0,2.4147,3.4974,3.9001,3.9178,2.6866,2.3811,3.8833,3.4229,4.0,3.8707,3.8792,2.3992,3.7885,3.889,3.7947,3.775,3.8663,3.9683,3.4746,3.6185,4.0,3.8263,3.7943,3.9565,3.8037,3.8845,3.7122,2.3992,3.751,3.9654,3.578,3.8096,3.8251,3.6556,3.6789,3.8962,3.6845,3.578,3.6595,3.7542,3.7875,4.0,3.577,3.8511,3.7724,3.899,3.8889,3.8856,3.8982,3.9062,2.0,2.1816,3.8033,4.0,3.5292,3.9683,3.9094,3.8997,3.3844,4.0,4.0,4.0,3.6626,3.962,3.2412,3.7538,3.6933,4.0,3.363,4.0,4.0,3.7538,3.8867,3.8622,3.0452,3.8656,4.0,3.72,3.7506,3.7892,4.0,3.6153,3.9724,2.0,4.0,4.0,2.4409,3.6153,2.7381,3.6808,3.9246,4.0,4.0,3.8096,4.0,4.0,3.8096,3.2952,3.6963,4.0,3.7556,3.676,3.3186,3.3186,2.5484,3.6695,3.7782,3.6189,3.8135,3.6966,2.1085,3.8138,3.9322,3.9492,3.948,4.0,4.0,3.6966,3.6169,2.5012,3.7363,4.0,2.3858,3.5428,3.7891,3.9275,3.9275,3.8803,3.2773,3.6307,4.0,3.8659,2.2716,3.8436,3.6299,3.6573,3.5492,3.5343,4.0,3.3365,2.8142,3.8933,2.6872,4.0,3.8845,3.8879,3.5739,3.4844,2.4415,3.3365,3.8845,3.7142,3.4941,4.0,3.6972,3.9937,3.6856,4.0,2.7609,3.6435,4.0,3.8109,3.903,4.0,3.5692,3.7207,3.9098,2.8555,2.5829,3.5062,3.7131,3.8886,3.9937,3.5062,2.6019,3.4582,3.8064,3.382,3.3365,2.4774,2.6492,2.0429,3.6385,2.5829,3.5007,3.4582,3.2631,3.7392,3.8755,2.9876,3.3036,3.7511,3.507,2.5024,4.0,3.5692,3.7131,3.9071,3.8554,4.0,3.9198,3.8986,3.7634,4.0,3.4227,3.7733,3.5475,4.0,3.6907,3.7271,3.6198,3.8554,3.9123,3.7259,3.9423,3.6707,3.4533,3.4906,3.4906,2.5829,3.6186,2.2613,4.0,3.325,3.6409,3.4397,3.8554,3.8319,3.5085,3.8319,3.6134,3.4018,3.7511,2.0452,3.9856,4.0,3.2842,4.0,3.3287,3.6646,2.887,3.8607,2.3932,3.7492,2.0546,3.5326,3.7603,4.0,3.5885,2.3308,3.3107,2.0546,3.6701,3.7036,3.5114,3.0663,3.0663,2.9527,3.8762,3.1635,2.854,3.8229,3.9251,3.6806,3.8226,2.6671,3.8491,3.5334,3.9989,3.869,4.0,4.0,3.9791,3.6742,3.8771,3.5259,3.9,3.4986,3.2885,4.0,3.7661,3.79,3.5927,3.4843,3.4843,2.2098,3.8771,3.4841,3.8479,4.0,4.0,3.9953,2.9251,3.9039,3.7505,3.6764,3.9549,3.2842,3.9549,3.5484,3.3869,3.6742,3.4621,3.6964,3.3423,3.746,4.0,3.5659,3.5423,3.5129,3.9132,3.8653,3.6194,2.6763,3.8474,3.5801,3.9221,3.6972,2.2237,3.3196,3.6365,3.7294,3.8823,3.7933,3.229,2.6789,3.4469,2.6671,2.0837,3.8746,3.2792,3.9922,3.9922,3.435,3.6967,2.9464,2.8403,2.5945,3.8217,3.568,2.9501,3.568,3.7564,3.7564,4.0,3.7633,4.0,3.8552,3.7078,3.8762,3.4833,3.7384,3.5529,3.8209,3.7995,3.8367,3.5255,2.0,2.9319,3.4435,3.4522,2.8405,3.7661,3.8731,3.1665,2.8375,2.9042,3.5345,2.9894,2.887,2.9501,3.1464,4.0,2.94,3.6714,3.672,3.5477,4.0,3.9713,3.4058,2.0409,3.9899,3.4671,3.8747,3.6844,3.3713,3.7022,3.6514,3.1754,2.3326,2.327,3.5845,3.7255,3.5328,3.6207,3.5689,3.5516,3.2144,3.2144,4.0,3.5516,3.4998,3.4058,3.76,3.1692,3.8673,3.6372,3.8762,3.9538,3.8856,3.7443,3.1967,3.357,3.1819,3.9271,3.5912,3.9799,3.7903,3.7963,4.0,4.0,3.5932,3.3676,3.7071,3.7198,4.0,3.9794,3.9794,3.955,4.0,3.7837,3.8515,3.3564,3.7435,3.9684,3.3564,2.7568,4.0,4.0,3.868,4.0,2.647,3.9099,3.3597,3.3597,2.7648,3.4715,3.9626,3.9626,4.0,3.4182,3.5444,3.2539,2.8023
Timeframe (minutes),15,1,5,int,Resample timeframe in minutes,3,3,3,3,3,3,3,4,4,3,3,3,4,4,2,3,3,3,3,3,3,3,3,3,3,3,3,3,4,3,3,3,3,3,3,3,3,3,3,4,3,3,3,3,3,3,3,3,3,3,3,3,3,3,3,3,3,3,3,3,3,3,4,4,3,4,3,3,3,4,3,3,3,3,3,3,3,3,3,3,3,3,3,3,3,3,3,3,3,3,3,3,3,3,3,3,3,3,3,3,3,3,3,3,3,3,3,3,3,3,3,3,3,3,3,3,3,3,3,3,3,3,3,3,3,3,3,3,3,3,3,3,3,3,3,3,3,3,3,3,3,3,3,3,3,3,3,3,3,3,3,3,3,3,3,3,3,3,3,3,3,3,3,3,3,3,3,3,3,3,3,3,3,3,3,3,3,3,3,3,3,3,3,3,3,3,3,3,3,3,3,3,3,3,3,3,3,3,3,3,3,3,3,3,3,3,3,3,3,3,3,3,3,3,3,3,3,3,3,3,3,3,3,3,3,3,3,3,3,3,3,3,3,3,3,3,3,3,3,3,3,3,3,3,3,3,3,3,3,3,3,3,3,3,3,3,3,3,3,3,3,3,3,3,3,3,3,3,3,3,3,3,3,3,3,3,3,3,3,3,3,3,3,3,3,3,3,3,3,3,3,3,3,3,2,3,3,3,3,3,3,3,3,3,2,3,3,3,3,3,3,3,3,3,3,3,3,3,3,3,3,3,3,3,2,3,3,3,2,3,3,3,3,2,3,3,3,3,3,3,3,3,3,3,2,3,3,2,2,3,3,3,3,3,3,3,3,3,3,3,3,3,3,3,3,3,3,3,3,3,3,3,3,3,3,3,3,3,3,3,3,3,3,3,3,3,3,3,3,3,3,3,3,3,3,3,3,3,3,3,3,3,3,3,3,3,3,3,3,3,3,3,3,3,3,3,3,3,3,3,3,3,3,3,3,3,3,3,3,3,3,3,3,3,3,3,3,3,3,3,3,3,3,3,3,3,3,3,3,3,3,3,3,3,3,3,3,3,3,3,3,3,3,3,3,3,3,3,3,3,3,3,3,3,3,3,3,3,3,3,3,3,3,3,3,3,3,3,3,3,3,3,3,3,3,3,3,3,3,3,3,3,3,3,3,3,3,3,3,3,3,3,3,3,3,3,3,3,3,3,3,2,3,3,3,3,3,3,3,3,3,3,3,3,3,3,3,3,3,3,3,3,3,3,3,3,3,3,3,3,3,3,3,3,3,3,3,3,3,3,3,3,3,3,3,3,3,3,3,3,3,3,3,3,3,3,3,3,3,3,3,3,3,3,3,3,3,3,3,3,3,3,3,3,3,3,3,3,3,3,3,3,3,3,3,3,3,3,3
Max Open Trades,1,1,1,int,Maximum concurrent positions,,,,,,,,,,,,,,,,,,,,,,,,,,,,,,,,,,,,,,,,,,,,,,,,,,,,,,,,,,,,,,,,,,,,,,,,,,,,,,,,,,,,,,,,,,,,,,,,,,,,,,,,,,,,,,,,,,,,,,,,,,,,,,,,,,,,,,,,,,,,,,,,,,,,,,,,,,,,,,,,,,,,,,,,,,,,,,,,,,,,,,,,,,,,,,,,,,,,,,,,,,,,,,,,,,,,,,,,,,,,,,,,,,,,,,,,,,,,,,,,,,,,,,,,,,,,,,,,,,,,,,,,,,,,,,,,,,,,,,,,,,,,,,,,,,,,,,,,,,,,,,,,,,,,,,,,,,,,,,,,,,,,,,,,,,,,,,,,,,,,,,,,,,,,,,,,,,,,,,,,,,,,,,,,,,,,,,,,,,,,,,,,,,,,,,,,,,,,,,,,,,,,,,,,,,,,,,,,,,,,,,,,,,,,,,,,,,,,,,,,,,,,,,,,,,,,,,,,,,,,,,,,,,,,,,,,,,,,,,,,,,,,,,,,,,,,,,,,,,,,,,,,,,,,,,,,,,,,,,,,,,,,,,,,,,,,,,,,,,,,,,,,,,,,,,,,,,,,,,,,,,,,,,,,,,,,,,,,,,,,,,,,,,,,,,,,,,,,,,,,,,,,,,,,,
Transaction Cost (Per Trade),20,20,20,float,Estimated friction per trade (Slippage + Commissions) to realistic PnL. E.g. $4 comm + $12.50 slip = 16.5,,,,,,,,,,,,,,,,,,,,,,,,,,,,,,,,,,,,,,,,,,,,,,,,,,,,,,,,,,,,,,,,,,,,,,,,,,,,,,,,,,,,,,,,,,,,,,,,,,,,,,,,,,,,,,,,,,,,,,,,,,,,,,,,,,,,,,,,,,,,,,,,,,,,,,,,,,,,,,,,,,,,,,,,,,,,,,,,,,,,,,,,,,,,,,,,,,,,,,,,,,,,,,,,,,,,,,,,,,,,,,,,,,,,,,,,,,,,,,,,,,,,,,,,,,,,,,,,,,,,,,,,,,,,,,,,,,,,,,,,,,,,,,,,,,,,,,,,,,,,,,,,,,,,,,,,,,,,,,,,,,,,,,,,,,,,,,,,,,,,,,,,,,,,,,,,,,,,,,,,,,,,,,,,,,,,,,,,,,,,,,,,,,,,,,,,,,,,,,,,,,,,,,,,,,,,,,,,,,,,,,,,,,,,,,,,,,,,,,,,,,,,,,,,,,,,,,,,,,,,,,,,,,,,,,,,,,,,,,,,,,,,,,,,,,,,,,,,,,,,,,,,,,,,,,,,,,,,,,,,,,,,,,,,,,,,,,,,,,,,,,,,,,,,,,,,,,,,,,,,,,,,,,,,,,,,,,,,,,,,,,,,,,,,,,,,,,,,,,,,,,,,,,,,,
=== TAKE PROFIT CRITERIA ===,,,,,,,,,,,,,,,,,,,,,,,,,,,,,,,,,,,,,,,,,,,,,,,,,,,,,,,,,,,,,,,,,,,,,,,,,,,,,,,,,,,,,,,,,,,,,,,,,,,,,,,,,,,,,,,,,,,,,,,,,,,,,,,,,,,,,,,,,,,,,,,,,,,,,,,,,,,,,,,,,,,,,,,,,,,,,,,,,,,,,,,,,,,,,,,,,,,,,,,,,,,,,,,,,,,,,,,,,,,,,,,,,,,,,,,,,,,,,,,,,,,,,,,,,,,,,,,,,,,,,,,,,,,,,,,,,,,,,,,,,,,,,,,,,,,,,,,,,,,,,,,,,,,,,,,,,,,,,,,,,,,,,,,,,,,,,,,,,,,,,,,,,,,,,,,,,,,,,,,,,,,,,,,,,,,,,,,,,,,,,,,,,,,,,,,,,,,,,,,,,,,,,,,,,,,,,,,,,,,,,,,,,,,,,,,,,,,,,,,,,,,,,,,,,,,,,,,,,,,,,,,,,,,,,,,,,,,,,,,,,,,,,,,,,,,,,,,,,,,,,,,,,,,,,,,,,,,,,,,,,,,,,,,,,,,,,,,,,,,,,,,,,,,,,,,,,,,,,,,,,,,,,,,,,,,,,,,,,,,,,,,,,,,,,,,,,,,,,,,,,,,,,,,,,,,,,,
TP Method,0,0,2,int,"Take profit method (0=Fixed BB at Entry, 1=Fixed ATR, 2=Opposite BB) - OPTIMIZABLE",,,,,,,,,,,,,,,,,,,,,,,,,,,,,,,,,,,,,,,,,,,,,,,,,,,,,,,,,,,,,,,,,,,,,,,,,,,,,,,,,,,,,,,,,,,,,,,,,,,,,,,,,,,,,,,,,,,,,,,,,,,,,,,,,,,,,,,,,,,,,,,,,,,,,,,,,,,,,,,,,,,,,,,,,,,,,,,,,,,,,,,,,,,,,,,,,,,,,,,,,,,,,,,,,,,,,,,,,,,,,,,,,,,,,,,,,,,,,,,,,,,,,,,,,,,,,,,,,,,,,,,,,,,,,,,,,,,,,,,,,,,,,,,,,,,,,,,,,,,,,,,,,,,,,,,,,,,,,,,,,,,,,,,,,,,,,,,,,,,,,,,,,,,,,,,,,,,,,,,,,,,,,,,,,,,,,,,,,,,,,,,,,,,,,,,,,,,,,,,,,,,,,,,,,,,,,,,,,,,,,,,,,,,,,,,,,,,,,,,,,,,,,,,,,,,,,,,,,,,,,,,,,,,,,,,,,,,,,,,,,,,,,,,,,,,,,,,,,,,,,,,,,,,,,,,,,,,,,,,,,,,,,,,,,,,,,,,,,,,,,,,,,,,,,,,,,,,,,,,,,,,,,,,,,,,,,,,,,,,,,,,,,,,,,,,,,,,,,,,,,,,,,,,,,
Opposite Bollinger Band TP,false,false,false,bool,FIXED: Controlled by TP Method (do not optimize directly),True,True,True,True,True,True,True,True,True,True,True,True,True,True,True,True,True,True,True,True,True,True,True,True,True,True,True,True,True,True,True,True,True,True,True,True,True,True,True,True,True,True,True,True,True,True,True,True,True,True,True,True,True,True,True,True,True,True,True,True,True,True,True,True,True,True,True,True,True,True,True,True,True,True,True,True,True,True,True,True,True,True,True,True,True,True,True,True,True,True,True,True,True,True,True,True,True,True,True,True,True,True,True,True,True,True,True,True,True,True,True,True,True,True,True,True,True,True,True,True,True,True,True,True,True,True,True,True,True,True,True,True,True,True,True,True,True,True,True,True,True,True,True,True,True,True,True,True,True,True,True,True,True,True,True,True,True,True,True,True,True,True,True,True,True,True,True,True,True,True,True,True,True,True,True,True,True,True,True,True,True,True,True,True,True,True,True,True,True,True,True,True,True,True,True,True,True,True,True,True,True,True,True,True,True,True,True,True,True,True,True,True,True,True,True,True,True,True,True,True,True,True,True,True,True,True,True,True,True,True,True,True,True,True,True,True,True,True,True,True,True,True,True,True,True,True,True,True,True,True,True,True,True,True,True,True,True,True,True,True,True,True,True,True,True,True,True,True,True,True,True,True,True,True,True,True,True,True,True,True,True,True,True,True,True,True,True,True,True,True,True,True,True,True,True,True,True,True,True,True,True,True,True,True,True,True,True,True,True,True,True,True,True,True,True,True,True,True,True,True,True,True,True,True,True,True,True,True,True,True,True,True,True,True,True,True,True,True,True,True,True,True,True,True,True,True,True,True,True,True,True,True,True,True,True,True,True,True,True,True,True,True,True,True,True,True,True,True,True,True,True,True,True,True,True,True,True,True,True,True,True,True,True,True,True,True,True,True,True,True,True,True,True,True,True,True,True,True,True,True,True,True,True,True,True,True,True,True,True,True,True,True,True,True,True,True,True,True,True,True,True,True,True,True,True,True,True,True,True,True,True,True,True,True,True,True,True,True,True,True,True,True,True,True,True,True,True,True,True,True,True,True,True,True,True,True,True,True,True,True,True,True,True,True,True,True,True,True,True,True,True,True,True,True,True,True,True,True,True,True,True,True,True,True,True,True,True,True,True,True,True,True,True,True,True,True,True,True,True,True,True,True,True,True,True,True,True,True,True,True,True,True,True,True,True,True,True,True,True,True,True,True,True,True,True,True,True,True,True,True,True,True,True,True,True,True,True,True,True,True,True,True,True,True,True,True,True,True,True,True,True,True,True,True,True,True,True,True,True,True,True,True,True,True,True,True,True,True,True,True,True,True,True,True,True,True,True,True,True,True,True,True,True,True,True,True,True,True,True,True,True,True,True,True,True,True,True,True,True,True,True,True,True,True,True,True,True,True,True
Fixed ATR TP,false,false,false,bool,FIXED: Controlled by TP Method (do not optimize directly),False,False,False,False,False,False,False,False,False,False,False,False,False,False,False,False,False,False,False,False,False,False,False,False,False,False,False,False,False,False,False,False,False,False,False,False,False,False,False,False,False,False,False,False,False,False,False,False,False,False,False,False,False,False,False,False,False,False,False,False,False,False,False,False,False,False,False,False,False,False,False,False,False,False,False,False,False,False,False,False,False,False,False,False,False,False,False,False,False,False,False,False,False,False,False,False,False,False,False,False,False,False,False,False,False,False,False,False,False,False,False,False,False,False,False,False,False,False,False,False,False,False,False,False,False,False,False,False,False,False,False,False,False,False,False,False,False,False,False,False,False,False,False,False,False,False,False,False,False,False,False,False,False,False,False,False,False,False,False,False,False,False,False,False,False,False,False,False,False,False,False,False,False,False,False,False,False,False,False,False,False,False,False,False,False,False,False,False,False,False,False,False,False,False,False,False,False,False,False,False,False,False,False,False,False,False,False,False,False,False,False,False,False,False,False,False,False,False,False,False,False,False,False,False,False,False,False,False,False,False,False,False,False,False,False,False,False,False,False,False,False,False,False,False,False,False,False,False,False,False,False,False,False,False,False,False,False,False,False,False,False,False,False,False,False,False,False,False,False,False,False,False,False,False,False,False,False,False,False,False,False,False,False,False,False,False,False,False,False,False,False,False,False,False,False,False,False,False,False,False,False,False,False,False,False,False,False,False,False,False,False,False,False,False,False,False,False,False,False,False,False,False,False,False,False,False,False,False,False,False,False,False,False,False,False,False,False,False,False,False,False,False,False,False,False,False,False,False,False,False,False,False,False,False,False,False,False,False,False,False,False,False,False,False,False,False,False,False,False,False,False,False,False,False,False,False,False,False,False,False,False,False,False,False,False,False,False,False,False,False,False,False,False,False,False,False,False,False,False,False,False,False,False,False,False,False,False,False,False,False,False,False,False,False,False,False,False,False,False,False,False,False,False,False,False,False,False,False,False,False,False,False,False,False,False,False,False,False,False,False,False,False,False,False,False,False,False,False,False,False,False,False,False,False,False,False,False,False,False,False,False,False,False,False,False,False,False,False,False,False,False,False,False,False,False,False,False,False,False,False,False,False,False,False,False,False,False,False,False,False,False,False,False,False,False,False,False,False,False,False,False,False,False,False,False,False,False,False,False,False,False,False,False,False,False,False,False,False,False,False,False,False,False,False,False,False,False,False,False,False,False,False,False,False,False,False,False,False,False,False,False,False,False,False,False,False,False,False,False,False,False,False,False,False,False,False,False,False,False,False,False,False,False,False,False,False,False,False,False,False,False,False,False,False,False,False,False,False,False,False,False,False,False,False,False,False,False,False,False,False,False,False,False,False,False,False,False,False,False,False,False,False,False,False,False,False,False,False,False
Fixed BB at Entry TP,true,true,true,bool,FIXED: Controlled by TP Method (do not optimize directly),False,False,False,False,False,False,False,False,False,False,False,False,False,False,False,False,False,False,False,False,False,False,False,False,False,False,False,False,False,False,False,False,False,False,False,False,False,False,False,False,False,False,False,False,False,False,False,False,False,False,False,False,False,False,False,False,False,False,False,False,False,False,False,False,False,False,False,False,False,False,False,False,False,False,False,False,False,False,False,False,False,False,False,False,False,False,False,False,False,False,False,False,False,False,False,False,False,False,False,False,False,False,False,False,False,False,False,False,False,False,False,False,False,False,False,False,False,False,False,False,False,False,False,False,False,False,False,False,False,False,False,False,False,False,False,False,False,False,False,False,False,False,False,False,False,False,False,False,False,False,False,False,False,False,False,False,False,False,False,False,False,False,False,False,False,False,False,False,False,False,False,False,False,False,False,False,False,False,False,False,False,False,False,False,False,False,False,False,False,False,False,False,False,False,False,False,False,False,False,False,False,False,False,False,False,False,False,False,False,False,False,False,False,False,False,False,False,False,False,False,False,False,False,False,False,False,False,False,False,False,False,False,False,False,False,False,False,False,False,False,False,False,False,False,False,False,False,False,False,False,False,False,False,False,False,False,False,False,False,False,False,False,False,False,False,False,False,False,False,False,False,False,False,False,False,False,False,False,False,False,False,False,False,False,False,False,False,False,False,False,False,False,False,False,False,False,False,False,False,False,False,False,False,False,False,False,False,False,False,False,False,False,False,False,False,False,False,False,False,False,False,False,False,False,False,False,False,False,False,False,False,False,False,False,False,False,False,False,False,False,False,False,False,False,False,False,False,False,False,False,False,False,False,False,False,False,False,False,False,False,False,False,False,False,False,False,False,False,False,False,False,False,False,False,False,False,False,False,False,False,False,False,False,False,False,False,False,False,False,False,False,False,False,False,False,False,False,False,False,False,False,False,False,False,False,False,False,False,False,False,False,False,False,False,False,False,False,False,False,False,False,False,False,False,False,False,False,False,False,False,False,False,False,False,False,False,False,False,False,False,False,False,False,False,False,False,False,False,False,False,False,False,False,False,False,False,False,False,False,False,False,False,False,False,False,False,False,False,False,False,False,False,False,False,False,False,False,False,False,False,False,False,False,False,False,False,False,False,False,False,False,False,False,False,False,False,False,False,False,False,False,False,False,False,False,False,False,False,False,False,False,False,False,False,False,False,False,False,False,False,False,False,False,False,False,False,False,False,False,False,False,False,False,False,False,False,False,False,False,False,False,False,False,False,False,False,False,False,False,False,False,False,False,False,False,False,False,False,False,False,False,False,False,False,False,False,False,False,False,False,False,False,False,False,False,False,False,False,False,False,False,False,False,False,False,False,False,False,False,False,False,False,False,False,False,False,False,False,False,False,False,False,False,False,False,False,False,False,False
ATR Length for TP,26,5,80,int,ATR period for fixed TP,61,63,62,29,29,65,69,55,40,62,50,61,40,40,64,64,77,17,16,33,62,14,49,23,23,17,36,28,60,63,39,34,14,80,55,38,44,44,44,40,49,64,56,56,63,63,63,18,56,18,71,56,44,68,44,49,44,41,33,57,48,48,36,46,47,60,56,44,42,41,53,53,47,45,47,66,62,62,36,66,57,56,66,38,54,52,45,40,70,42,61,42,42,41,41,48,54,48,36,45,69,58,43,52,52,34,49,47,36,36,66,39,54,66,40,45,50,32,36,40,58,42,45,46,46,36,57,58,44,31,42,28,36,49,49,34,35,45,52,36,80,39,31,45,43,46,48,66,33,32,42,38,45,53,72,35,19,50,46,38,57,43,59,36,41,39,38,31,46,58,39,56,37,46,38,46,31,62,49,50,45,27,38,56,69,42,38,37,30,38,38,49,42,41,24,37,40,44,53,38,27,42,38,41,38,46,40,38,47,42,37,41,36,38,39,45,39,46,39,42,26,40,40,39,43,34,26,46,52,40,62,45,51,39,33,39,37,56,46,23,39,39,37,43,54,51,38,23,38,37,41,38,16,79,34,36,64,50,50,29,40,39,27,59,40,56,36,54,47,57,40,45,40,53,32,53,43,43,44,53,40,40,37,45,38,76,33,34,45,40,44,42,71,39,45,43,51,27,29,40,34,42,48,43,45,40,52,39,34,52,34,40,39,71,80,50,40,46,40,36,41,73,60,66,55,30,45,34,55,26,80,41,28,45,49,40,56,47,66,33,67,44,43,50,54,33,27,63,43,32,36,30,43,44,62,41,42,53,38,49,30,40,32,32,42,38,44,60,62,71,52,45,57,57,66,30,43,46,52,59,79,44,14,40,14,58,18,27,61,59,32,47,36,45,73,48,41,75,61,43,68,40,72,48,31,38,43,48,34,39,39,39,60,54,60,39,47,39,47,60,58,53,65,49,56,60,68,24,39,43,65,47,57,38,32,40,37,37,56,56,44,43,67,44,53,59,67,69,59,38,38,66,47,66,60,46,39,80,47,56,55,42,61,52,74,38,65,80,80,46,66,51,57,45,45,50,46,66,46,48,46,57,58,38,60,47,51,51,38,64,55,80,41,41,56,47,56,75,75,64,52,80,39,70,54,59,56,49,54,55,40,37,36,44,5,57,35,40,24,38,46,48,67,43,48,47,66,56,58,47,67,51,55,55,44,37,49,36,47,57,47,46,43,8,51,31,56,50,65,54,57,57,46,46,35,57,55,44,50,38,51,75,51,33,51,65,57,64,46,35,39,47,52,48,48,46,48,48,59,41,66,51,51,53,52,59,39,41,51,52,41,38,51,51,48,52,39,56,42,42,45,61,37,37,51,38,41,50,41
ATR Multiplier for TP,2,0,6,float,Fixed TP ATR multiplier - reduced max to prevent overfitting,0.0,2.8071,0.0,3.4356,3.4356,3.2697,4.071,0.0,4.0991,0.0,2.753,2.3931,4.1194,4.1194,2.9829,3.3877,3.3469,2.8175,3.6788,2.3277,0.2071,3.3576,2.8987,2.5072,2.6315,2.5944,3.2669,2.6385,6.0,0.5404,3.1892,2.8622,3.642,4.5626,1.5522,2.6837,3.6103,3.6103,3.9183,4.2122,2.9909,1.274,1.5323,1.5323,0.5404,0.5404,0.5404,2.7023,1.4067,2.6375,3.645,1.4933,1.3901,3.0812,1.3901,3.2333,1.1512,0.7016,2.9587,2.7806,1.8659,2.999,6.0,3.5599,3.0161,5.9465,3.6988,3.6261,0.3231,2.507,2.5213,2.5712,2.6939,3.6809,2.5729,2.3321,5.9849,5.9849,3.5824,2.8369,2.7806,3.2545,2.8369,3.4338,2.5189,1.0883,0.0,3.5748,1.6544,3.7533,2.9872,3.7533,1.5283,1.7796,2.1672,3.9401,3.7829,4.1118,2.4809,1.3981,1.9763,4.0151,2.906,2.9648,2.9648,2.2184,4.2475,2.9023,2.4809,2.4809,4.0627,3.8124,2.9629,0.4327,2.5246,0.3151,2.6315,2.6577,2.4809,2.166,3.6171,1.5283,0.3151,2.4688,2.4688,2.4809,0.7032,3.2764,1.5589,2.709,1.7586,2.44,2.1938,3.4009,3.4009,2.9454,0.8672,0.9499,2.1038,2.5764,3.8557,3.9417,2.4102,0.0,1.7803,2.4053,3.9917,0.4327,2.4972,3.7986,3.3822,2.8651,1.6008,2.5164,1.4996,4.2658,2.6405,2.1815,2.1085,2.0161,2.665,1.5613,2.9602,3.0959,2.3838,2.6503,2.8593,2.4104,3.4416,3.2764,1.6401,1.6527,3.0371,2.1586,0.3365,0.0627,2.1217,5.6604,2.466,2.1786,0.1214,2.6308,2.8593,2.3564,5.2773,4.393,2.4394,1.7875,2.6483,5.532,2.1103,2.6266,4.4075,3.0957,2.9139,2.3535,4.0929,4.5126,0.0,3.1208,3.2947,3.3822,3.2392,1.6367,3.2392,0.8839,3.3153,2.0864,3.556,0.5014,2.9128,2.4705,3.1254,3.5281,2.0089,2.4521,2.0089,3.7142,1.8892,3.8279,2.7328,2.7586,1.3411,3.0243,1.9665,3.1968,2.7328,3.9359,2.368,3.1425,1.4088,2.2279,2.0858,1.4707,2.0812,1.3539,3.1599,3.8132,0.8839,1.4296,3.5406,2.6638,3.57,2.7911,3.45,3.0038,2.1347,1.4296,2.4394,3.7607,2.868,2.4394,3.9565,1.9665,2.3117,3.2372,3.5121,3.2435,3.2435,3.4688,1.3411,2.979,2.4027,3.5696,1.3411,3.8202,3.2389,2.7623,4.0247,2.7586,3.1497,2.0321,1.3411,2.4941,3.4064,4.4937,2.3383,2.8067,3.3095,2.2121,2.6831,2.5276,2.9342,2.3056,2.481,1.777,2.3987,3.6114,3.2633,1.3275,1.3264,1.4571,4.2032,1.3539,1.9593,2.6155,3.3118,2.4934,3.6582,2.9964,2.5137,3.3516,2.7539,2.6477,1.9593,3.0824,1.7824,1.3369,1.6147,3.033,3.8844,2.0677,3.7722,0.0724,0.38,4.0637,3.3675,3.7703,2.3633,2.5066,0.75,2.286,2.2194,2.3978,2.138,2.5079,3.7574,3.8844,2.138,2.9548,1.1628,3.7974,1.1392,1.9593,3.2361,2.5046,2.6059,3.3275,2.3978,2.4851,2.2142,3.482,2.7326,2.6513,2.6598,3.6731,2.702,1.4431,2.8665,1.1411,2.5066,2.5079,2.862,2.7939,2.414,2.4083,0.5735,1.9837,2.0632,3.078,2.0306,1.0403,1.4287,2.5121,2.1631,2.0935,2.7939,2.5923,4.7211,3.0386,4.2562,1.9521,1.5982,1.4622,2.3978,2.5079,2.8265,2.0386,2.8074,2.3644,1.558,3.0611,2.5494,1.8614,2.5494,1.9082,3.2006,2.7431,2.54,2.772,1.7529,2.4836,1.0893,1.4257,3.0978,4.0411,2.5999,2.0751,3.0036,2.6177,3.4223,2.6693,2.5509,3.9597,1.2803,1.6133,2.6177,3.9597,1.961,2.3163,2.3009,2.4416,2.4263,3.0354,2.8844,1.6194,3.4016,3.5011,2.4389,2.537,1.1783,2.8769,2.7744,1.1439,4.3496,2.5777,3.0266,4.1103,3.1335,2.8978,3.1423,2.4018,1.7105,2.2273,4.3532,2.4913,1.8992,2.3224,1.4624,1.4624,2.9305,3.0263,2.7778,1.5705,3.9821,2.5349,2.7778,3.1161,2.7718,2.9741,2.7306,3.1857,2.9589,2.5989,2.008,2.335,3.1335,1.5631,2.5145,2.7414,2.5717,2.2598,2.4197,1.5577,2.4238,2.6317,4.4426,2.9907,2.0178,2.846,4.2962,2.9497,3.1917,1.4659,3.8717,0.3406,1.463,2.9383,4.1443,4.8413,3.9228,1.8042,1.2714,2.3272,5.089,2.3403,2.5471,2.4901,3.4828,2.3605,1.7277,3.0062,1.7888,2.5892,1.9428,2.7464,2.0655,3.5761,3.5761,2.1726,2.5749,3.0242,3.0003,3.166,3.0354,1.9681,3.1371,2.8179,0.3307,2.5291,3.1317,3.4299,5.0275,3.8218,1.2788,1.4836,2.6874,2.4913,2.5507,2.0034,1.4422,2.4421,4.2667,2.5218,3.9836,2.5968,2.997,2.1882,2.0375,2.6825,1.9912,2.0413,1.4137,1.4137,3.0384,3.1404,3.1741,0.4279,2.9266,1.6026,4.3994,2.1666,2.1033,1.3681,2.5543,1.5417,4.1884,2.4511,2.4102,1.6201,2.0216,2.0298,2.37,2.37,1.1459,2.0298,2.1125,3.0384,1.9328,2.7429,2.721,2.2841,2.7223,1.5295,0.5502,3.5581,0.4945,3.0835,5.2209,4.3548,3.9308,2.3717,2.5595,4.5064,1.9303,4.6048,4.7026,4.2585,0.9188,4.8219,2.569,2.7415,2.2286,2.8,1.2568,2.3086,1.4602,2.4365,2.7415,1.3246,2.4339,2.3389,0.947,0.947,2.3012,1.2568,1.9445,1.1031,2.183,2.183,3.6637,2.2692,2.4134,2.4134,0.947,2.4045,2.3944,0.8908,2.3356
=== STOP LOSS CRITERIA ===,,,,,,,,,,,,,,,,,,,,,,,,,,,,,,,,,,,,,,,,,,,,,,,,,,,,,,,,,,,,,,,,,,,,,,,,,,,,,,,,,,,,,,,,,,,,,,,,,,,,,,,,,,,,,,,,,,,,,,,,,,,,,,,,,,,,,,,,,,,,,,,,,,,,,,,,,,,,,,,,,,,,,,,,,,,,,,,,,,,,,,,,,,,,,,,,,,,,,,,,,,,,,,,,,,,,,,,,,,,,,,,,,,,,,,,,,,,,,,,,,,,,,,,,,,,,,,,,,,,,,,,,,,,,,,,,,,,,,,,,,,,,,,,,,,,,,,,,,,,,,,,,,,,,,,,,,,,,,,,,,,,,,,,,,,,,,,,,,,,,,,,,,,,,,,,,,,,,,,,,,,,,,,,,,,,,,,,,,,,,,,,,,,,,,,,,,,,,,,,,,,,,,,,,,,,,,,,,,,,,,,,,,,,,,,,,,,,,,,,,,,,,,,,,,,,,,,,,,,,,,,,,,,,,,,,,,,,,,,,,,,,,,,,,,,,,,,,,,,,,,,,,,,,,,,,,,,,,,,,,,,,,,,,,,,,,,,,,,,,,,,,,,,,,,,,,,,,,,,,,,,,,,,,,,,,,,,,,,,,,,,,,,,,,,,,,,,,,,,,,,,,,,,,,,,,,,,
Initial Stop Loss (%),1,0.1,0.5,float,Fixed stop loss % - min 1.0% to avoid tight stops that cause quick losses,0.1,0.1,0.1,0.1,0.1,0.1,0.1141,0.1,0.1,0.1,0.1,0.1,0.1,0.1,0.1,0.1107,0.1,0.1,0.1,0.1,0.1,0.1,0.1,0.1,0.1,0.1,0.1,0.1,0.1065,0.1365,0.1,0.1,0.1,0.1,0.1,0.1,0.1,0.1,0.1,0.1,0.1,0.1,0.1,0.1,0.1365,0.1365,0.1365,0.1,0.1,0.1,0.1614,0.1387,0.4571,0.1623,0.5,0.5,0.4571,0.2931,0.5,0.5,0.2325,0.2554,0.2788,0.2841,0.2245,0.2961,0.2946,0.5,0.5,0.3492,0.5,0.5,0.5,0.5,0.5,0.5,0.4001,0.4001,0.5,0.4786,0.5,0.4712,0.4786,0.449,0.5,0.5,0.5,0.4603,0.4787,0.4567,0.4621,0.5,0.2577,0.2323,0.2323,0.2607,0.4944,0.2607,0.5,0.4472,0.383,0.4153,0.482,0.5,0.5,0.4807,0.5,0.5,0.5,0.5,0.4966,0.5,0.49,0.3237,0.3037,0.5,0.5,0.398,0.5,0.5,0.5,0.4898,0.5,0.4863,0.4863,0.5,0.3505,0.4736,0.5,0.4992,0.4545,0.5,0.5,0.5,0.5,0.4891,0.2772,0.5,0.4814,0.5,0.5,0.5,0.4255,0.4328,0.5,0.4805,0.5,0.4806,0.4169,0.4148,0.5,0.5,0.4428,0.5,0.4383,0.4355,0.5,0.5,0.3805,0.4731,0.5,0.4418,0.3908,0.373,0.4174,0.4925,0.4814,0.4255,0.5,0.5,0.4726,0.3893,0.4483,0.5,0.5,0.4356,0.4129,0.5,0.4878,0.4883,0.4328,0.4707,0.4814,0.4647,0.5,0.4991,0.5,0.486,0.5,0.4664,0.5,0.5,0.4991,0.4917,0.4372,0.4421,0.5,0.4999,0.5,0.4188,0.4684,0.5,0.4235,0.406,0.4235,0.4552,0.4122,0.5,0.3315,0.4877,0.4483,0.4826,0.4314,0.402,0.5,0.5,0.4847,0.5,0.488,0.4876,0.4354,0.5,0.5,0.4442,0.4817,0.4901,0.4354,0.4574,0.4383,0.492,0.4778,0.5,0.5,0.5,0.4708,0.4824,0.4784,0.5,0.4048,0.5,0.4446,0.463,0.4784,0.5,0.4996,0.5,0.4288,0.4877,0.4288,0.5,0.4906,0.4288,0.4916,0.5,0.481,0.4908,0.4717,0.4739,0.4739,0.4653,0.5,0.4993,0.5,0.5,0.5,0.3885,0.4943,0.4243,0.4841,0.5,0.5,0.5,0.5,0.5,0.5,0.5,0.5,0.5,0.5,0.5,0.4897,0.4897,0.4566,0.4853,0.3871,0.449,0.5,0.5,0.5,0.5,0.4982,0.5,0.365,0.4824,0.5,0.5,0.4728,0.4125,0.448,0.5,0.4965,0.5,0.4807,0.4865,0.4987,0.5,0.5,0.5,0.4892,0.4869,0.4573,0.4213,0.5,0.5,0.4722,0.4891,0.4885,0.4572,0.4834,0.5,0.5,0.5,0.4716,0.4627,0.5,0.4997,0.493,0.4573,0.5,0.5,0.5,0.5,0.4344,0.5,0.4491,0.5,0.5,0.5,0.5,0.499,0.5,0.5,0.4833,0.5,0.5,0.4899,0.4998,0.5,0.5,0.4871,0.5,0.4997,0.5,0.4212,0.4627,0.5,0.5,0.4977,0.491,0.414,0.4949,0.4658,0.4871,0.4998,0.4863,0.5,0.5,0.5,0.4958,0.4648,0.4711,0.5,0.5,0.5,0.5,0.4997,0.5,0.5,0.4766,0.4933,0.5,0.5,0.4899,0.4965,0.4899,0.5,0.5,0.4998,0.4833,0.4517,0.4985,0.4808,0.4916,0.4199,0.5,0.5,0.4877,0.4714,0.4927,0.5,0.5,0.469,0.5,0.5,0.5,0.4969,0.5,0.5,0.4906,0.4836,0.4956,0.4956,0.4974,0.4996,0.4987,0.4986,0.4472,0.4888,0.4755,0.498,0.4985,0.4919,0.5,0.4548,0.5,0.4817,0.4913,0.4669,0.3982,0.3962,0.4703,0.4756,0.4986,0.4952,0.4745,0.5,0.5,0.4753,0.4807,0.4991,0.5,0.3962,0.4993,0.461,0.4783,0.4917,0.4993,0.4717,0.5,0.4717,0.4444,0.4997,0.5,0.4997,0.4974,0.4962,0.3982,0.4977,0.4971,0.4839,0.4789,0.5,0.4731,0.4987,0.4653,0.5,0.4898,0.4394,0.4984,0.4878,0.4356,0.434,0.5,0.5,0.5,0.427,0.476,0.4917,0.5,0.4722,0.5,0.5,0.4985,0.4887,0.5,0.4837,0.4836,0.4836,0.3953,0.4917,0.4995,0.4741,0.4987,0.4904,0.4817,0.5,0.4817,0.4914,0.4914,0.4813,0.5,0.4828,0.4817,0.4699,0.4996,0.5,0.4993,0.5,0.4951,0.4948,0.467,0.5,0.4999,0.4777,0.4791,0.5,0.4774,0.5,0.487,0.4855,0.4868,0.5,0.5,0.3734,0.5,0.5,0.4993,0.4588,0.4999,0.5,0.4887,0.5,0.4732,0.4732,0.4908,0.5,0.4985,0.4846,0.4846,0.5,0.4808,0.4917,0.5,0.4762,0.5,0.5,0.4341,0.5,0.4935,0.4882,0.5,0.5,0.4807,0.5,0.5,0.5,0.5,0.4908,0.4911,0.5,0.4098,0.4986,0.4098,0.5,0.4001,0.5,0.5,0.4997,0.4806,0.5,0.4848,0.3195,0.489,0.4943,0.5,0.4795,0.4976,0.4763,0.5,0.4786,0.4988,0.5,0.4936,0.5,0.5,0.4993,0.4746,0.4554,0.5,0.4639,0.4554,0.4655,0.5,0.5,0.4726,0.4116,0.5,0.4574,0.5,0.5,0.4986,0.4999,0.4998,0.4998,0.5,0.5,0.5,0.5,0.493
Enable Trailing Stop,1,1,1,int,"Use ATR trailing stop (0=false, 1=true) - OPTIMIZABLE",,,,,,,,,,,,,,,,,,,,,,,,,,,,,,,,,,,,,,,,,,,,,,,,,,,,,,,,,,,,,,,,,,,,,,,,,,,,,,,,,,,,,,,,,,,,,,,,,,,,,,,,,,,,,,,,,,,,,,,,,,,,,,,,,,,,,,,,,,,,,,,,,,,,,,,,,,,,,,,,,,,,,,,,,,,,,,,,,,,,,,,,,,,,,,,,,,,,,,,,,,,,,,,,,,,,,,,,,,,,,,,,,,,,,,,,,,,,,,,,,,,,,,,,,,,,,,,,,,,,,,,,,,,,,,,,,,,,,,,,,,,,,,,,,,,,,,,,,,,,,,,,,,,,,,,,,,,,,,,,,,,,,,,,,,,,,,,,,,,,,,,,,,,,,,,,,,,,,,,,,,,,,,,,,,,,,,,,,,,,,,,,,,,,,,,,,,,,,,,,,,,,,,,,,,,,,,,,,,,,,,,,,,,,,,,,,,,,,,,,,,,,,,,,,,,,,,,,,,,,,,,,,,,,,,,,,,,,,,,,,,,,,,,,,,,,,,,,,,,,,,,,,,,,,,,,,,,,,,,,,,,,,,,,,,,,,,,,,,,,,,,,,,,,,,,,,,,,,,,,,,,,,,,,,,,,,,,,,,,,,,,,,,,,,,,,,,,,,,,,,,,,,,,,,
ATR Length for Trailing Stop,26,10,100,int,ATR period for trailing,67,61,73,93,93,81,61,53,84,100,54,43,84,84,80,64,100,15,99,17,100,90,89,11,11,10,37,50,73,100,44,36,91,39,100,16,42,42,42,84,89,100,100,100,100,100,100,11,100,11,93,100,78,71,78,65,78,70,31,100,84,100,71,78,55,73,57,79,69,71,61,61,51,62,51,53,76,76,96,48,100,63,48,73,15,100,68,54,60,68,30,68,69,57,57,61,66,61,55,79,55,64,41,62,62,100,64,58,55,55,63,66,59,90,67,85,84,47,55,51,64,69,85,46,46,55,69,66,59,51,36,55,89,59,59,53,83,79,59,55,56,66,69,85,86,58,61,90,61,61,64,45,69,66,87,85,10,35,56,56,71,49,36,79,48,81,60,69,57,66,68,23,30,76,67,68,60,60,66,70,85,55,60,100,47,68,45,39,100,68,45,43,68,38,44,70,36,66,67,20,54,64,47,77,47,71,28,50,17,100,30,48,49,40,60,43,60,30,67,61,44,18,47,49,56,54,44,85,82,62,57,46,97,56,47,35,93,68,71,41,75,74,93,62,74,61,45,41,44,68,49,45,54,47,66,49,54,64,64,93,47,47,59,70,47,90,72,57,37,61,48,46,47,75,61,51,21,50,62,47,59,59,55,32,55,51,58,54,69,49,63,44,100,35,35,62,39,58,62,48,43,46,67,59,35,48,59,47,76,58,75,67,64,56,72,47,63,61,60,60,68,62,58,53,24,53,62,75,24,98,58,74,100,35,61,57,73,100,53,48,45,61,62,92,35,98,59,14,34,62,60,53,27,95,24,64,60,45,86,90,60,21,62,48,47,55,95,54,44,90,45,60,100,100,53,53,58,45,74,58,61,95,80,56,80,63,51,59,50,49,66,70,48,46,64,54,20,96,53,68,42,62,55,100,44,100,68,100,50,53,53,53,56,52,53,54,71,56,63,56,61,33,72,46,58,55,58,71,75,67,74,68,46,63,63,80,47,86,100,100,61,66,39,62,43,46,38,56,46,55,23,47,70,47,55,39,75,57,52,47,64,11,62,43,73,51,52,65,63,61,100,49,42,62,69,65,72,41,60,93,92,100,61,49,67,56,60,60,55,42,61,86,100,64,46,13,46,55,55,55,57,51,90,80,52,47,69,71,58,56,91,96,64,83,32,36,84,80,48,49,62,80,51,34,54,13,51,62,63,58,48,48,52,52,53,36,58,46,40,100,48,51,52,43,55,45,51,93,44,45,47,48,69,69,51,48,41,53,48,55,57,62,57,51,73,61,42,93,97,45,59,11,57,10,76,48,55,51,42,82,50,60,60,58,47,51,52,22,60,70,22,24,70,70,48,47,50,79,10,10,60,31,18,18,70,10,57,39,21
ATR Multiplier for Trailing Stop,2,0.5,4.5,float,Trailing stop ATR multiplier - reduced max to prevent overfitting,4.1651,4.1613,4.1763,3.6428,3.5327,3.4929,4.1493,3.3281,3.3809,3.4992,3.9293,2.8748,3.3809,3.3809,4.1063,4.1527,3.2441,4.086,4.4876,4.5,3.4564,4.5,4.2576,4.3239,4.0723,4.5,2.4707,3.7228,3.4216,3.4525,2.1508,3.2667,4.5,4.2721,0.5,4.5,0.8244,0.8244,0.8244,3.3809,4.2576,1.5022,3.4828,3.6398,3.4525,3.4525,3.4525,4.5,3.5064,4.5,3.2023,3.6398,2.0736,4.2861,2.0736,3.4499,2.0736,2.9218,4.4958,3.8542,3.8485,1.7747,4.2192,3.606,2.6763,3.7322,4.0644,2.2116,4.0277,3.5333,3.7024,3.7024,3.6977,3.5911,3.6977,3.2407,1.5981,1.5981,2.0788,3.5229,4.0683,3.9789,3.5229,3.6771,4.0559,2.7765,4.1537,3.9358,1.9064,2.9912,2.7558,2.9912,2.8696,4.5,4.5,2.2199,1.0708,2.2199,0.6912,2.5561,2.8547,3.7658,3.2344,3.8982,3.8982,3.8614,2.545,2.4051,0.6912,0.6912,3.7133,2.6447,3.2859,3.3934,3.4182,3.8841,4.4804,3.2803,0.6912,1.8669,2.5994,2.7623,4.0277,3.194,3.194,0.6912,4.4486,3.9656,3.4595,3.0904,3.5026,3.9252,2.7166,2.5706,2.5706,4.2313,3.4338,4.5,3.7272,0.6912,3.1428,2.6447,2.9346,3.608,4.3438,2.9159,2.4943,3.3934,1.7542,2.626,2.8419,3.5715,2.4905,2.8716,3.4703,3.1473,2.9926,2.5861,3.1854,3.3569,3.659,3.1814,3.2091,2.7281,3.0275,2.5913,3.404,3.1618,3.016,3.9656,2.475,2.8948,2.7918,3.6097,4.2484,3.6126,3.5717,1.5581,2.6932,2.977,3.5483,3.9556,3.404,3.4776,2.9891,2.3762,3.5715,3.2957,3.7656,3.1792,3.5715,2.4708,2.3762,3.881,2.3017,3.0313,3.236,2.4252,4.0539,3.1782,3.4275,2.8419,2.4569,2.3733,2.2424,3.5673,4.5,4.1764,4.5,4.5,2.7504,3.5151,3.1739,2.8982,3.1042,2.6835,2.9324,3.5363,3.0487,3.4371,2.1277,4.5,2.8728,3.6662,3.511,2.6041,2.4565,2.1074,2.1919,2.6223,3.9477,3.2183,4.454,2.8492,4.0315,3.75,2.1166,3.3627,3.5673,2.7494,3.209,3.0578,2.1166,4.5,3.6638,3.011,3.5715,2.7494,3.5715,2.6861,3.3626,3.4617,3.6724,3.5273,3.8818,2.793,4.5,2.5817,2.5817,3.6428,2.8728,3.6509,3.0739,3.9511,3.4933,4.5,3.6072,4.026,3.0493,4.021,3.6917,3.2183,2.8728,2.8592,4.2474,3.0183,4.03,4.3277,3.2005,3.5185,3.0273,3.0273,4.3034,3.5276,0.5,2.9446,3.1401,3.4754,3.9025,3.5708,3.3,3.0937,3.3371,3.75,3.8911,4.229,2.7716,4.3108,4.5,3.5141,4.0134,2.9107,3.2769,3.9999,3.8911,3.5141,2.6373,2.7784,3.2739,1.917,3.7521,4.3106,2.6642,3.8543,3.6426,3.9385,2.6286,2.3509,3.9729,3.7671,3.9802,1.6254,4.5,4.2547,3.8882,3.1125,2.961,3.4967,3.8882,3.6594,3.9047,3.4168,4.1891,3.8911,4.2163,4.5,3.2544,3.2119,4.2547,3.8282,3.0918,4.0929,3.3411,4.4489,4.3057,4.3349,2.6805,3.0508,4.445,4.5,3.7671,3.6159,4.0593,3.7601,2.1503,2.4778,3.2275,3.6304,3.0382,3.5345,3.2858,3.2948,4.4529,4.1591,3.6936,3.3578,3.7609,4.2423,3.018,2.9896,3.1424,2.1109,3.5604,3.5604,4.2547,3.6159,4.2962,2.6669,3.3467,2.6588,4.2017,3.6996,3.2076,3.4136,3.0991,4.5,3.1511,2.6805,3.4121,4.2851,3.0743,4.5,3.6607,3.7045,2.2268,4.0026,3.7379,3.9609,3.2924,4.407,3.9099,4.5,4.2323,3.5036,3.6583,3.9606,4.407,3.5036,3.6667,4.4573,3.3302,3.3302,4.38,3.8564,3.3321,3.3239,1.9634,3.1129,3.9102,3.7537,3.3195,3.3506,4.4235,2.4535,2.3757,4.2398,3.7447,4.2531,3.5726,4.5,3.2754,4.5,3.9425,3.9766,3.685,2.9602,3.7096,2.1161,4.2811,4.2584,4.431,4.5,3.3095,3.652,4.5,4.1524,3.5843,4.1434,4.078,3.5352,4.5,3.6171,4.5,3.4293,3.5083,3.3075,3.5726,3.6392,2.6408,3.3849,4.4675,4.5,4.0978,3.6348,3.2198,4.2281,4.0193,4.4857,2.4169,4.4256,3.2127,3.4587,3.7764,3.8054,4.218,3.1127,3.0083,3.5793,3.4935,4.2007,3.516,3.8803,3.3195,3.4098,3.6445,4.4666,2.2679,2.2679,2.8899,3.3171,3.6844,2.9765,3.5436,2.395,3.8288,4.1486,3.8288,3.5728,3.5728,2.7319,3.5424,4.5,4.5,4.5,3.8564,3.7435,4.3016,1.8787,3.1637,3.755,1.4153,3.4122,4.4731,3.734,4.0446,4.1228,3.7446,2.9602,4.401,3.8501,3.1616,4.1599,2.8616,3.8642,4.4595,3.7955,3.6305,4.2474,3.3285,3.2245,2.8962,3.5521,2.7789,2.7789,3.6651,3.0831,2.945,3.6214,4.1503,3.8803,3.7757,3.6591,2.8085,3.7018,2.989,3.8178,2.8344,0.76,3.6124,4.3631,3.6607,3.5905,2.4832,2.4832,3.85,3.5905,3.8304,3.6651,3.0845,4.4253,2.9458,1.9011,2.9458,3.8407,3.267,2.677,3.152,3.6614,3.7794,3.9669,3.7523,4.3438,1.8152,4.4214,4.0002,3.8152,3.7666,3.897,3.8413,3.8304,3.2678,2.7905,2.7905,4.5,4.0317,4.2333,3.7235,4.0364,2.7905,4.4064,4.0364,4.3625,4.4064,4.4064,3.5542,3.9383,3.5533,4.3617,3.9716,3.9716,3.9105,3.8351,4.5,4.3804,4.2613,4.0163,4.2712,4.0736,4.4614
Trailing Delay (bars),5,0,20,int,"Bars before trailing stop begins tightening (0 = immediate, max 7 to avoid delayed trailing)",15,15,13,13,13,13,13,20,19,16,17,14,19,19,15,15,20,14,12,12,17,13,19,13,13,16,16,14,11,17,16,17,13,17,16,20,20,20,20,19,19,17,6,6,16,16,16,16,6,16,19,6,16,10,16,11,16,17,9,20,12,1,12,17,16,12,13,17,16,15,14,14,20,10,20,20,20,20,15,20,20,15,20,13,16,15,10,10,17,17,11,17,15,19,19,14,13,14,6,16,11,14,9,14,14,7,12,10,6,6,13,14,9,16,11,11,17,9,6,10,10,15,11,12,12,6,12,13,11,11,10,11,14,13,13,11,16,10,15,6,10,14,14,11,16,9,14,16,10,10,18,8,12,9,10,13,11,13,15,8,19,11,20,8,20,10,9,14,12,13,10,10,20,11,11,12,11,19,10,18,11,12,9,12,14,11,8,11,10,10,8,12,11,19,15,14,20,11,7,19,15,18,20,12,20,12,13,19,17,19,20,20,19,18,20,11,20,12,10,9,15,20,20,12,11,11,15,16,16,10,11,6,11,20,8,10,13,10,12,19,13,13,14,2,16,12,8,19,8,20,13,8,13,19,15,19,17,10,10,13,20,4,19,14,20,6,11,17,14,15,20,6,20,13,11,14,18,14,15,19,10,10,12,14,10,13,19,11,15,20,9,16,18,10,11,2,11,14,14,20,12,17,16,14,11,20,19,20,11,10,11,10,13,19,17,17,10,14,9,11,20,18,15,14,17,12,17,11,17,13,17,12,16,11,13,11,10,10,14,12,15,16,12,17,16,15,15,16,16,11,11,12,14,15,10,14,16,9,19,14,11,20,11,12,12,10,15,15,20,11,9,17,15,15,14,12,14,10,12,15,13,15,13,5,13,14,16,15,11,15,14,0,13,15,12,15,11,14,12,14,8,14,18,12,13,7,14,12,11,15,6,6,14,11,18,13,16,16,16,14,12,17,11,17,15,11,13,17,17,9,12,5,11,6,18,14,14,13,13,13,14,9,15,18,13,14,15,13,14,12,20,15,0,15,19,3,17,9,17,12,16,16,11,12,13,19,11,11,14,13,20,15,10,14,18,12,12,18,14,18,13,10,12,16,13,11,15,15,15,19,12,15,9,17,11,14,11,20,20,11,15,13,16,13,11,10,9,18,16,14,14,16,11,9,12,12,15,14,13,16,15,14,15,14,15,14,13,11,9,15,17,20,11,11,11,15,10,13,8,10,11,13,13,15,11,14,15,18,10,16,18,20,15,15,7,20,13,11,14,13,8,17,8,4,8,17,19,15,17,12,11,8,15,20,11,12,11,11,16,19,13,14,14,18,8,15,9,11,14,11,11,6,11,11,20,8,15,10,10,10,13,14,15,15,11,11,15,11,19
=== GA CRITERIA ===,,,,,,,,,,,,,,,,,,,,,,,,,,,,,,,,,,,,,,,,,,,,,,,,,,,,,,,,,,,,,,,,,,,,,,,,,,,,,,,,,,,,,,,,,,,,,,,,,,,,,,,,,,,,,,,,,,,,,,,,,,,,,,,,,,,,,,,,,,,,,,,,,,,,,,,,,,,,,,,,,,,,,,,,,,,,,,,,,,,,,,,,,,,,,,,,,,,,,,,,,,,,,,,,,,,,,,,,,,,,,,,,,,,,,,,,,,,,,,,,,,,,,,,,,,,,,,,,,,,,,,,,,,,,,,,,,,,,,,,,,,,,,,,,,,,,,,,,,,,,,,,,,,,,,,,,,,,,,,,,,,,,,,,,,,,,,,,,,,,,,,,,,,,,,,,,,,,,,,,,,,,,,,,,,,,,,,,,,,,,,,,,,,,,,,,,,,,,,,,,,,,,,,,,,,,,,,,,,,,,,,,,,,,,,,,,,,,,,,,,,,,,,,,,,,,,,,,,,,,,,,,,,,,,,,,,,,,,,,,,,,,,,,,,,,,,,,,,,,,,,,,,,,,,,,,,,,,,,,,,,,,,,,,,,,,,,,,,,,,,,,,,,,,,,,,,,,,,,,,,,,,,,,,,,,,,,,,,,,,,,,,,,,,,,,,,,,,,,,,,,,,,,,,,,,,,,,
POP_SIZE,150,100,150,int,Population size - reduced to prevent overfitting,,,,,,,,,,,,,,,,,,,,,,,,,,,,,,,,,,,,,,,,,,,,,,,,,,,,,,,,,,,,,,,,,,,,,,,,,,,,,,,,,,,,,,,,,,,,,,,,,,,,,,,,,,,,,,,,,,,,,,,,,,,,,,,,,,,,,,,,,,,,,,,,,,,,,,,,,,,,,,,,,,,,,,,,,,,,,,,,,,,,,,,,,,,,,,,,,,,,,,,,,,,,,,,,,,,,,,,,,,,,,,,,,,,,,,,,,,,,,,,,,,,,,,,,,,,,,,,,,,,,,,,,,,,,,,,,,,,,,,,,,,,,,,,,,,,,,,,,,,,,,,,,,,,,,,,,,,,,,,,,,,,,,,,,,,,,,,,,,,,,,,,,,,,,,,,,,,,,,,,,,,,,,,,,,,,,,,,,,,,,,,,,,,,,,,,,,,,,,,,,,,,,,,,,,,,,,,,,,,,,,,,,,,,,,,,,,,,,,,,,,,,,,,,,,,,,,,,,,,,,,,,,,,,,,,,,,,,,,,,,,,,,,,,,,,,,,,,,,,,,,,,,,,,,,,,,,,,,,,,,,,,,,,,,,,,,,,,,,,,,,,,,,,,,,,,,,,,,,,,,,,,,,,,,,,,,,,,,,,,,,,,,,,,,,,,,,,,,,,,,,,,,,,,,,
NUM_GEN,100,50,75,int,Number of generations - reduced to prevent overfitting,,,,,,,,,,,,,,,,,,,,,,,,,,,,,,,,,,,,,,,,,,,,,,,,,,,,,,,,,,,,,,,,,,,,,,,,,,,,,,,,,,,,,,,,,,,,,,,,,,,,,,,,,,,,,,,,,,,,,,,,,,,,,,,,,,,,,,,,,,,,,,,,,,,,,,,,,,,,,,,,,,,,,,,,,,,,,,,,,,,,,,,,,,,,,,,,,,,,,,,,,,,,,,,,,,,,,,,,,,,,,,,,,,,,,,,,,,,,,,,,,,,,,,,,,,,,,,,,,,,,,,,,,,,,,,,,,,,,,,,,,,,,,,,,,,,,,,,,,,,,,,,,,,,,,,,,,,,,,,,,,,,,,,,,,,,,,,,,,,,,,,,,,,,,,,,,,,,,,,,,,,,,,,,,,,,,,,,,,,,,,,,,,,,,,,,,,,,,,,,,,,,,,,,,,,,,,,,,,,,,,,,,,,,,,,,,,,,,,,,,,,,,,,,,,,,,,,,,,,,,,,,,,,,,,,,,,,,,,,,,,,,,,,,,,,,,,,,,,,,,,,,,,,,,,,,,,,,,,,,,,,,,,,,,,,,,,,,,,,,,,,,,,,,,,,,,,,,,,,,,,,,,,,,,,,,,,,,,,,,,,,,,,,,,,,,,,,,,,,,,,,,,,,,,,
CX_PB,0.7,0.5,0.9,float,Crossover probability,,,,,,,,,,,,,,,,,,,,,,,,,,,,,,,,,,,,,,,,,,,,,,,,,,,,,,,,,,,,,,,,,,,,,,,,,,,,,,,,,,,,,,,,,,,,,,,,,,,,,,,,,,,,,,,,,,,,,,,,,,,,,,,,,,,,,,,,,,,,,,,,,,,,,,,,,,,,,,,,,,,,,,,,,,,,,,,,,,,,,,,,,,,,,,,,,,,,,,,,,,,,,,,,,,,,,,,,,,,,,,,,,,,,,,,,,,,,,,,,,,,,,,,,,,,,,,,,,,,,,,,,,,,,,,,,,,,,,,,,,,,,,,,,,,,,,,,,,,,,,,,,,,,,,,,,,,,,,,,,,,,,,,,,,,,,,,,,,,,,,,,,,,,,,,,,,,,,,,,,,,,,,,,,,,,,,,,,,,,,,,,,,,,,,,,,,,,,,,,,,,,,,,,,,,,,,,,,,,,,,,,,,,,,,,,,,,,,,,,,,,,,,,,,,,,,,,,,,,,,,,,,,,,,,,,,,,,,,,,,,,,,,,,,,,,,,,,,,,,,,,,,,,,,,,,,,,,,,,,,,,,,,,,,,,,,,,,,,,,,,,,,,,,,,,,,,,,,,,,,,,,,,,,,,,,,,,,,,,,,,,,,,,,,,,,,,,,,,,,,,,,,,,,,,
MUT_PB,0.4,0.2,0.5,float,Mutation probability (increased from 0.35 for more exploration),,,,,,,,,,,,,,,,,,,,,,,,,,,,,,,,,,,,,,,,,,,,,,,,,,,,,,,,,,,,,,,,,,,,,,,,,,,,,,,,,,,,,,,,,,,,,,,,,,,,,,,,,,,,,,,,,,,,,,,,,,,,,,,,,,,,,,,,,,,,,,,,,,,,,,,,,,,,,,,,,,,,,,,,,,,,,,,,,,,,,,,,,,,,,,,,,,,,,,,,,,,,,,,,,,,,,,,,,,,,,,,,,,,,,,,,,,,,,,,,,,,,,,,,,,,,,,,,,,,,,,,,,,,,,,,,,,,,,,,,,,,,,,,,,,,,,,,,,,,,,,,,,,,,,,,,,,,,,,,,,,,,,,,,,,,,,,,,,,,,,,,,,,,,,,,,,,,,,,,,,,,,,,,,,,,,,,,,,,,,,,,,,,,,,,,,,,,,,,,,,,,,,,,,,,,,,,,,,,,,,,,,,,,,,,,,,,,,,,,,,,,,,,,,,,,,,,,,,,,,,,,,,,,,,,,,,,,,,,,,,,,,,,,,,,,,,,,,,,,,,,,,,,,,,,,,,,,,,,,,,,,,,,,,,,,,,,,,,,,,,,,,,,,,,,,,,,,,,,,,,,,,,,,,,,,,,,,,,,,,,,,,,,,,,,,,,,,,,,,,,,,,,,,,,
MUT_MU,0,-1,1,float,Mutation mean,,,,,,,,,,,,,,,,,,,,,,,,,,,,,,,,,,,,,,,,,,,,,,,,,,,,,,,,,,,,,,,,,,,,,,,,,,,,,,,,,,,,,,,,,,,,,,,,,,,,,,,,,,,,,,,,,,,,,,,,,,,,,,,,,,,,,,,,,,,,,,,,,,,,,,,,,,,,,,,,,,,,,,,,,,,,,,,,,,,,,,,,,,,,,,,,,,,,,,,,,,,,,,,,,,,,,,,,,,,,,,,,,,,,,,,,,,,,,,,,,,,,,,,,,,,,,,,,,,,,,,,,,,,,,,,,,,,,,,,,,,,,,,,,,,,,,,,,,,,,,,,,,,,,,,,,,,,,,,,,,,,,,,,,,,,,,,,,,,,,,,,,,,,,,,,,,,,,,,,,,,,,,,,,,,,,,,,,,,,,,,,,,,,,,,,,,,,,,,,,,,,,,,,,,,,,,,,,,,,,,,,,,,,,,,,,,,,,,,,,,,,,,,,,,,,,,,,,,,,,,,,,,,,,,,,,,,,,,,,,,,,,,,,,,,,,,,,,,,,,,,,,,,,,,,,,,,,,,,,,,,,,,,,,,,,,,,,,,,,,,,,,,,,,,,,,,,,,,,,,,,,,,,,,,,,,,,,,,,,,,,,,,,,,,,,,,,,,,,,,,,,,,,,,,
MUT_SIGMA,0.25,0.1,0.4,float,Mutation std dev,,,,,,,,,,,,,,,,,,,,,,,,,,,,,,,,,,,,,,,,,,,,,,,,,,,,,,,,,,,,,,,,,,,,,,,,,,,,,,,,,,,,,,,,,,,,,,,,,,,,,,,,,,,,,,,,,,,,,,,,,,,,,,,,,,,,,,,,,,,,,,,,,,,,,,,,,,,,,,,,,,,,,,,,,,,,,,,,,,,,,,,,,,,,,,,,,,,,,,,,,,,,,,,,,,,,,,,,,,,,,,,,,,,,,,,,,,,,,,,,,,,,,,,,,,,,,,,,,,,,,,,,,,,,,,,,,,,,,,,,,,,,,,,,,,,,,,,,,,,,,,,,,,,,,,,,,,,,,,,,,,,,,,,,,,,,,,,,,,,,,,,,,,,,,,,,,,,,,,,,,,,,,,,,,,,,,,,,,,,,,,,,,,,,,,,,,,,,,,,,,,,,,,,,,,,,,,,,,,,,,,,,,,,,,,,,,,,,,,,,,,,,,,,,,,,,,,,,,,,,,,,,,,,,,,,,,,,,,,,,,,,,,,,,,,,,,,,,,,,,,,,,,,,,,,,,,,,,,,,,,,,,,,,,,,,,,,,,,,,,,,,,,,,,,,,,,,,,,,,,,,,,,,,,,,,,,,,,,,,,,,,,,,,,,,,,,,,,,,,,,,,,,,,,,
TARGET_TRADES_DAY,5,1,4,int,Ideal trades/day - reduced to be more realistic for combined filters,,,,,,,,,,,,,,,,,,,,,,,,,,,,,,,,,,,,,,,,,,,,,,,,,,,,,,,,,,,,,,,,,,,,,,,,,,,,,,,,,,,,,,,,,,,,,,,,,,,,,,,,,,,,,,,,,,,,,,,,,,,,,,,,,,,,,,,,,,,,,,,,,,,,,,,,,,,,,,,,,,,,,,,,,,,,,,,,,,,,,,,,,,,,,,,,,,,,,,,,,,,,,,,,,,,,,,,,,,,,,,,,,,,,,,,,,,,,,,,,,,,,,,,,,,,,,,,,,,,,,,,,,,,,,,,,,,,,,,,,,,,,,,,,,,,,,,,,,,,,,,,,,,,,,,,,,,,,,,,,,,,,,,,,,,,,,,,,,,,,,,,,,,,,,,,,,,,,,,,,,,,,,,,,,,,,,,,,,,,,,,,,,,,,,,,,,,,,,,,,,,,,,,,,,,,,,,,,,,,,,,,,,,,,,,,,,,,,,,,,,,,,,,,,,,,,,,,,,,,,,,,,,,,,,,,,,,,,,,,,,,,,,,,,,,,,,,,,,,,,,,,,,,,,,,,,,,,,,,,,,,,,,,,,,,,,,,,,,,,,,,,,,,,,,,,,,,,,,,,,,,,,,,,,,,,,,,,,,,,,,,,,,,,,,,,,,,,,,,,,,,,,,,,,,
TRADES_PENALTY_WEIGHT,0.3,0.1,0.8,float,Penalty for excess trades - reduced to be less restrictive,,,,,,,,,,,,,,,,,,,,,,,,,,,,,,,,,,,,,,,,,,,,,,,,,,,,,,,,,,,,,,,,,,,,,,,,,,,,,,,,,,,,,,,,,,,,,,,,,,,,,,,,,,,,,,,,,,,,,,,,,,,,,,,,,,,,,,,,,,,,,,,,,,,,,,,,,,,,,,,,,,,,,,,,,,,,,,,,,,,,,,,,,,,,,,,,,,,,,,,,,,,,,,,,,,,,,,,,,,,,,,,,,,,,,,,,,,,,,,,,,,,,,,,,,,,,,,,,,,,,,,,,,,,,,,,,,,,,,,,,,,,,,,,,,,,,,,,,,,,,,,,,,,,,,,,,,,,,,,,,,,,,,,,,,,,,,,,,,,,,,,,,,,,,,,,,,,,,,,,,,,,,,,,,,,,,,,,,,,,,,,,,,,,,,,,,,,,,,,,,,,,,,,,,,,,,,,,,,,,,,,,,,,,,,,,,,,,,,,,,,,,,,,,,,,,,,,,,,,,,,,,,,,,,,,,,,,,,,,,,,,,,,,,,,,,,,,,,,,,,,,,,,,,,,,,,,,,,,,,,,,,,,,,,,,,,,,,,,,,,,,,,,,,,,,,,,,,,,,,,,,,,,,,,,,,,,,,,,,,,,,,,,,,,,,,,,,,,,,,,,,,,,,,,,
DD_WEIGHT,0.5,0.2,0.8,float,Drawdown penalty weight - increased to prioritize risk management,,,,,,,,,,,,,,,,,,,,,,,,,,,,,,,,,,,,,,,,,,,,,,,,,,,,,,,,,,,,,,,,,,,,,,,,,,,,,,,,,,,,,,,,,,,,,,,,,,,,,,,,,,,,,,,,,,,,,,,,,,,,,,,,,,,,,,,,,,,,,,,,,,,,,,,,,,,,,,,,,,,,,,,,,,,,,,,,,,,,,,,,,,,,,,,,,,,,,,,,,,,,,,,,,,,,,,,,,,,,,,,,,,,,,,,,,,,,,,,,,,,,,,,,,,,,,,,,,,,,,,,,,,,,,,,,,,,,,,,,,,,,,,,,,,,,,,,,,,,,,,,,,,,,,,,,,,,,,,,,,,,,,,,,,,,,,,,,,,,,,,,,,,,,,,,,,,,,,,,,,,,,,,,,,,,,,,,,,,,,,,,,,,,,,,,,,,,,,,,,,,,,,,,,,,,,,,,,,,,,,,,,,,,,,,,,,,,,,,,,,,,,,,,,,,,,,,,,,,,,,,,,,,,,,,,,,,,,,,,,,,,,,,,,,,,,,,,,,,,,,,,,,,,,,,,,,,,,,,,,,,,,,,,,,,,,,,,,,,,,,,,,,,,,,,,,,,,,,,,,,,,,,,,,,,,,,,,,,,,,,,,,,,,,,,,,,,,,,,,,,,,,,,,,,
DATA_SPLITS,0.65,0.6,0.7,float,In-sample fraction per period - 60-70% for better generalization (30-40% OOS),,,,,,,,,,,,,,,,,,,,,,,,,,,,,,,,,,,,,,,,,,,,,,,,,,,,,,,,,,,,,,,,,,,,,,,,,,,,,,,,,,,,,,,,,,,,,,,,,,,,,,,,,,,,,,,,,,,,,,,,,,,,,,,,,,,,,,,,,,,,,,,,,,,,,,,,,,,,,,,,,,,,,,,,,,,,,,,,,,,,,,,,,,,,,,,,,,,,,,,,,,,,,,,,,,,,,,,,,,,,,,,,,,,,,,,,,,,,,,,,,,,,,,,,,,,,,,,,,,,,,,,,,,,,,,,,,,,,,,,,,,,,,,,,,,,,,,,,,,,,,,,,,,,,,,,,,,,,,,,,,,,,,,,,,,,,,,,,,,,,,,,,,,,,,,,,,,,,,,,,,,,,,,,,,,,,,,,,,,,,,,,,,,,,,,,,,,,,,,,,,,,,,,,,,,,,,,,,,,,,,,,,,,,,,,,,,,,,,,,,,,,,,,,,,,,,,,,,,,,,,,,,,,,,,,,,,,,,,,,,,,,,,,,,,,,,,,,,,,,,,,,,,,,,,,,,,,,,,,,,,,,,,,,,,,,,,,,,,,,,,,,,,,,,,,,,,,,,,,,,,,,,,,,,,,,,,,,,,,,,,,,,,,,,,,,,,,,,,,,,,,,,,,,,,
DATA_SIZE,0,0,10000000,int,Rows to subsample (0 = full dataset),,,,,,,,,,,,,,,,,,,,,,,,,,,,,,,,,,,,,,,,,,,,,,,,,,,,,,,,,,,,,,,,,,,,,,,,,,,,,,,,,,,,,,,,,,,,,,,,,,,,,,,,,,,,,,,,,,,,,,,,,,,,,,,,,,,,,,,,,,,,,,,,,,,,,,,,,,,,,,,,,,,,,,,,,,,,,,,,,,,,,,,,,,,,,,,,,,,,,,,,,,,,,,,,,,,,,,,,,,,,,,,,,,,,,,,,,,,,,,,,,,,,,,,,,,,,,,,,,,,,,,,,,,,,,,,,,,,,,,,,,,,,,,,,,,,,,,,,,,,,,,,,,,,,,,,,,,,,,,,,,,,,,,,,,,,,,,,,,,,,,,,,,,,,,,,,,,,,,,,,,,,,,,,,,,,,,,,,,,,,,,,,,,,,,,,,,,,,,,,,,,,,,,,,,,,,,,,,,,,,,,,,,,,,,,,,,,,,,,,,,,,,,,,,,,,,,,,,,,,,,,,,,,,,,,,,,,,,,,,,,,,,,,,,,,,,,,,,,,,,,,,,,,,,,,,,,,,,,,,,,,,,,,,,,,,,,,,,,,,,,,,,,,,,,,,,,,,,,,,,,,,,,,,,,,,,,,,,,,,,,,,,,,,,,,,,,,,,,,,,,,,,,,,,,
USE_INTERLEAVED_SPLIT,true,false,true,bool,Use interleaved IS/OOS periods instead of single split,,,,,,,,,,,,,,,,,,,,,,,,,,,,,,,,,,,,,,,,,,,,,,,,,,,,,,,,,,,,,,,,,,,,,,,,,,,,,,,,,,,,,,,,,,,,,,,,,,,,,,,,,,,,,,,,,,,,,,,,,,,,,,,,,,,,,,,,,,,,,,,,,,,,,,,,,,,,,,,,,,,,,,,,,,,,,,,,,,,,,,,,,,,,,,,,,,,,,,,,,,,,,,,,,,,,,,,,,,,,,,,,,,,,,,,,,,,,,,,,,,,,,,,,,,,,,,,,,,,,,,,,,,,,,,,,,,,,,,,,,,,,,,,,,,,,,,,,,,,,,,,,,,,,,,,,,,,,,,,,,,,,,,,,,,,,,,,,,,,,,,,,,,,,,,,,,,,,,,,,,,,,,,,,,,,,,,,,,,,,,,,,,,,,,,,,,,,,,,,,,,,,,,,,,,,,,,,,,,,,,,,,,,,,,,,,,,,,,,,,,,,,,,,,,,,,,,,,,,,,,,,,,,,,,,,,,,,,,,,,,,,,,,,,,,,,,,,,,,,,,,,,,,,,,,,,,,,,,,,,,,,,,,,,,,,,,,,,,,,,,,,,,,,,,,,,,,,,,,,,,,,,,,,,,,,,,,,,,,,,,,,,,,,,,,,,,,,,,,,,,,,,,,,,,
NUM_SPLIT_PERIODS,5,3,7,int,Number of alternating periods (IS-OOS-IS-OOS-IS) - odd number recommended,,,,,,,,,,,,,,,,,,,,,,,,,,,,,,,,,,,,,,,,,,,,,,,,,,,,,,,,,,,,,,,,,,,,,,,,,,,,,,,,,,,,,,,,,,,,,,,,,,,,,,,,,,,,,,,,,,,,,,,,,,,,,,,,,,,,,,,,,,,,,,,,,,,,,,,,,,,,,,,,,,,,,,,,,,,,,,,,,,,,,,,,,,,,,,,,,,,,,,,,,,,,,,,,,,,,,,,,,,,,,,,,,,,,,,,,,,,,,,,,,,,,,,,,,,,,,,,,,,,,,,,,,,,,,,,,,,,,,,,,,,,,,,,,,,,,,,,,,,,,,,,,,,,,,,,,,,,,,,,,,,,,,,,,,,,,,,,,,,,,,,,,,,,,,,,,,,,,,,,,,,,,,,,,,,,,,,,,,,,,,,,,,,,,,,,,,,,,,,,,,,,,,,,,,,,,,,,,,,,,,,,,,,,,,,,,,,,,,,,,,,,,,,,,,,,,,,,,,,,,,,,,,,,,,,,,,,,,,,,,,,,,,,,,,,,,,,,,,,,,,,,,,,,,,,,,,,,,,,,,,,,,,,,,,,,,,,,,,,,,,,,,,,,,,,,,,,,,,,,,,,,,,,,,,,,,,,,,,,,,,,,,,,,,,,,,,,,,,,,,,,,,,,,,,
MIN_TRADES_DAY,2,0.5,2,float,MUST have at least 0.1 trades/day (approx 1 per 2 weeks) - relaxed for combined logic,,,,,,,,,,,,,,,,,,,,,,,,,,,,,,,,,,,,,,,,,,,,,,,,,,,,,,,,,,,,,,,,,,,,,,,,,,,,,,,,,,,,,,,,,,,,,,,,,,,,,,,,,,,,,,,,,,,,,,,,,,,,,,,,,,,,,,,,,,,,,,,,,,,,,,,,,,,,,,,,,,,,,,,,,,,,,,,,,,,,,,,,,,,,,,,,,,,,,,,,,,,,,,,,,,,,,,,,,,,,,,,,,,,,,,,,,,,,,,,,,,,,,,,,,,,,,,,,,,,,,,,,,,,,,,,,,,,,,,,,,,,,,,,,,,,,,,,,,,,,,,,,,,,,,,,,,,,,,,,,,,,,,,,,,,,,,,,,,,,,,,,,,,,,,,,,,,,,,,,,,,,,,,,,,,,,,,,,,,,,,,,,,,,,,,,,,,,,,,,,,,,,,,,,,,,,,,,,,,,,,,,,,,,,,,,,,,,,,,,,,,,,,,,,,,,,,,,,,,,,,,,,,,,,,,,,,,,,,,,,,,,,,,,,,,,,,,,,,,,,,,,,,,,,,,,,,,,,,,,,,,,,,,,,,,,,,,,,,,,,,,,,,,,,,,,,,,,,,,,,,,,,,,,,,,,,,,,,,,,,,,,,,,,,,,,,,,,,,,,,,,,,,,,,,
MIN_TRADES_PEN_WEIGHT,-500,-200,-50,float,Scalar penalty — zero trades = -50 (Less harsh death penalty),,,,,,,,,,,,,,,,,,,,,,,,,,,,,,,,,,,,,,,,,,,,,,,,,,,,,,,,,,,,,,,,,,,,,,,,,,,,,,,,,,,,,,,,,,,,,,,,,,,,,,,,,,,,,,,,,,,,,,,,,,,,,,,,,,,,,,,,,,,,,,,,,,,,,,,,,,,,,,,,,,,,,,,,,,,,,,,,,,,,,,,,,,,,,,,,,,,,,,,,,,,,,,,,,,,,,,,,,,,,,,,,,,,,,,,,,,,,,,,,,,,,,,,,,,,,,,,,,,,,,,,,,,,,,,,,,,,,,,,,,,,,,,,,,,,,,,,,,,,,,,,,,,,,,,,,,,,,,,,,,,,,,,,,,,,,,,,,,,,,,,,,,,,,,,,,,,,,,,,,,,,,,,,,,,,,,,,,,,,,,,,,,,,,,,,,,,,,,,,,,,,,,,,,,,,,,,,,,,,,,,,,,,,,,,,,,,,,,,,,,,,,,,,,,,,,,,,,,,,,,,,,,,,,,,,,,,,,,,,,,,,,,,,,,,,,,,,,,,,,,,,,,,,,,,,,,,,,,,,,,,,,,,,,,,,,,,,,,,,,,,,,,,,,,,,,,,,,,,,,,,,,,,,,,,,,,,,,,,,,,,,,,,,,,,,,,,,,,,,,,,,,,,,,,
NORM_SORTINO_MAX,10,5,20,float,Normalization range for Sortino Ratio (used in fitness calculation),,,,,,,,,,,,,,,,,,,,,,,,,,,,,,,,,,,,,,,,,,,,,,,,,,,,,,,,,,,,,,,,,,,,,,,,,,,,,,,,,,,,,,,,,,,,,,,,,,,,,,,,,,,,,,,,,,,,,,,,,,,,,,,,,,,,,,,,,,,,,,,,,,,,,,,,,,,,,,,,,,,,,,,,,,,,,,,,,,,,,,,,,,,,,,,,,,,,,,,,,,,,,,,,,,,,,,,,,,,,,,,,,,,,,,,,,,,,,,,,,,,,,,,,,,,,,,,,,,,,,,,,,,,,,,,,,,,,,,,,,,,,,,,,,,,,,,,,,,,,,,,,,,,,,,,,,,,,,,,,,,,,,,,,,,,,,,,,,,,,,,,,,,,,,,,,,,,,,,,,,,,,,,,,,,,,,,,,,,,,,,,,,,,,,,,,,,,,,,,,,,,,,,,,,,,,,,,,,,,,,,,,,,,,,,,,,,,,,,,,,,,,,,,,,,,,,,,,,,,,,,,,,,,,,,,,,,,,,,,,,,,,,,,,,,,,,,,,,,,,,,,,,,,,,,,,,,,,,,,,,,,,,,,,,,,,,,,,,,,,,,,,,,,,,,,,,,,,,,,,,,,,,,,,,,,,,,,,,,,,,,,,,,,,,,,,,,,,,,,,,,,,,,,,,
NORM_DD_MAX,100000,50000,200000,float,Normalization range for Max Drawdown in dollars (used in fitness calculation),,,,,,,,,,,,,,,,,,,,,,,,,,,,,,,,,,,,,,,,,,,,,,,,,,,,,,,,,,,,,,,,,,,,,,,,,,,,,,,,,,,,,,,,,,,,,,,,,,,,,,,,,,,,,,,,,,,,,,,,,,,,,,,,,,,,,,,,,,,,,,,,,,,,,,,,,,,,,,,,,,,,,,,,,,,,,,,,,,,,,,,,,,,,,,,,,,,,,,,,,,,,,,,,,,,,,,,,,,,,,,,,,,,,,,,,,,,,,,,,,,,,,,,,,,,,,,,,,,,,,,,,,,,,,,,,,,,,,,,,,,,,,,,,,,,,,,,,,,,,,,,,,,,,,,,,,,,,,,,,,,,,,,,,,,,,,,,,,,,,,,,,,,,,,,,,,,,,,,,,,,,,,,,,,,,,,,,,,,,,,,,,,,,,,,,,,,,,,,,,,,,,,,,,,,,,,,,,,,,,,,,,,,,,,,,,,,,,,,,,,,,,,,,,,,,,,,,,,,,,,,,,,,,,,,,,,,,,,,,,,,,,,,,,,,,,,,,,,,,,,,,,,,,,,,,,,,,,,,,,,,,,,,,,,,,,,,,,,,,,,,,,,,,,,,,,,,,,,,,,,,,,,,,,,,,,,,,,,,,,,,,,,,,,,,,,,,,,,,,,,,,,,,,,,
NORM_PF_MAX,5,3,10,float,Normalization range for Profit Factor (used in fitness calculation),,,,,,,,,,,,,,,,,,,,,,,,,,,,,,,,,,,,,,,,,,,,,,,,,,,,,,,,,,,,,,,,,,,,,,,,,,,,,,,,,,,,,,,,,,,,,,,,,,,,,,,,,,,,,,,,,,,,,,,,,,,,,,,,,,,,,,,,,,,,,,,,,,,,,,,,,,,,,,,,,,,,,,,,,,,,,,,,,,,,,,,,,,,,,,,,,,,,,,,,,,,,,,,,,,,,,,,,,,,,,,,,,,,,,,,,,,,,,,,,,,,,,,,,,,,,,,,,,,,,,,,,,,,,,,,,,,,,,,,,,,,,,,,,,,,,,,,,,,,,,,,,,,,,,,,,,,,,,,,,,,,,,,,,,,,,,,,,,,,,,,,,,,,,,,,,,,,,,,,,,,,,,,,,,,,,,,,,,,,,,,,,,,,,,,,,,,,,,,,,,,,,,,,,,,,,,,,,,,,,,,,,,,,,,,,,,,,,,,,,,,,,,,,,,,,,,,,,,,,,,,,,,,,,,,,,,,,,,,,,,,,,,,,,,,,,,,,,,,,,,,,,,,,,,,,,,,,,,,,,,,,,,,,,,,,,,,,,,,,,,,,,,,,,,,,,,,,,,,,,,,,,,,,,,,,,,,,,,,,,,,,,,,,,,,,,,,,,,,,,,,,,,,,,,
NORM_TRADES_MAX,3,1,5,float,Normalization range for Avg Trades/Day (used in fitness calculation) - reduced to 3.0 for realistic expectations,,,,,,,,,,,,,,,,,,,,,,,,,,,,,,,,,,,,,,,,,,,,,,,,,,,,,,,,,,,,,,,,,,,,,,,,,,,,,,,,,,,,,,,,,,,,,,,,,,,,,,,,,,,,,,,,,,,,,,,,,,,,,,,,,,,,,,,,,,,,,,,,,,,,,,,,,,,,,,,,,,,,,,,,,,,,,,,,,,,,,,,,,,,,,,,,,,,,,,,,,,,,,,,,,,,,,,,,,,,,,,,,,,,,,,,,,,,,,,,,,,,,,,,,,,,,,,,,,,,,,,,,,,,,,,,,,,,,,,,,,,,,,,,,,,,,,,,,,,,,,,,,,,,,,,,,,,,,,,,,,,,,,,,,,,,,,,,,,,,,,,,,,,,,,,,,,,,,,,,,,,,,,,,,,,,,,,,,,,,,,,,,,,,,,,,,,,,,,,,,,,,,,,,,,,,,,,,,,,,,,,,,,,,,,,,,,,,,,,,,,,,,,,,,,,,,,,,,,,,,,,,,,,,,,,,,,,,,,,,,,,,,,,,,,,,,,,,,,,,,,,,,,,,,,,,,,,,,,,,,,,,,,,,,,,,,,,,,,,,,,,,,,,,,,,,,,,,,,,,,,,,,,,,,,,,,,,,,,,,,,,,,,,,,,,,,,,,,,,,,,,,,,,,,,
NORM_PNL_MAX,465000,100000,1000000,float,Normalization range for Total Profit in dollars (used in fitness calculation) - increased to prevent maxing out,,,,,,,,,,,,,,,,,,,,,,,,,,,,,,,,,,,,,,,,,,,,,,,,,,,,,,,,,,,,,,,,,,,,,,,,,,,,,,,,,,,,,,,,,,,,,,,,,,,,,,,,,,,,,,,,,,,,,,,,,,,,,,,,,,,,,,,,,,,,,,,,,,,,,,,,,,,,,,,,,,,,,,,,,,,,,,,,,,,,,,,,,,,,,,,,,,,,,,,,,,,,,,,,,,,,,,,,,,,,,,,,,,,,,,,,,,,,,,,,,,,,,,,,,,,,,,,,,,,,,,,,,,,,,,,,,,,,,,,,,,,,,,,,,,,,,,,,,,,,,,,,,,,,,,,,,,,,,,,,,,,,,,,,,,,,,,,,,,,,,,,,,,,,,,,,,,,,,,,,,,,,,,,,,,,,,,,,,,,,,,,,,,,,,,,,,,,,,,,,,,,,,,,,,,,,,,,,,,,,,,,,,,,,,,,,,,,,,,,,,,,,,,,,,,,,,,,,,,,,,,,,,,,,,,,,,,,,,,,,,,,,,,,,,,,,,,,,,,,,,,,,,,,,,,,,,,,,,,,,,,,,,,,,,,,,,,,,,,,,,,,,,,,,,,,,,,,,,,,,,,,,,,,,,,,,,,,,,,,,,,,,,,,,,,,,,,,,,,,,,,,,,,,,,
NORM_PROFIT_TRADE_MAX,250,100,500,float,Normalization range for Avg Profit Per Trade (used in fitness calculation),,,,,,,,,,,,,,,,,,,,,,,,,,,,,,,,,,,,,,,,,,,,,,,,,,,,,,,,,,,,,,,,,,,,,,,,,,,,,,,,,,,,,,,,,,,,,,,,,,,,,,,,,,,,,,,,,,,,,,,,,,,,,,,,,,,,,,,,,,,,,,,,,,,,,,,,,,,,,,,,,,,,,,,,,,,,,,,,,,,,,,,,,,,,,,,,,,,,,,,,,,,,,,,,,,,,,,,,,,,,,,,,,,,,,,,,,,,,,,,,,,,,,,,,,,,,,,,,,,,,,,,,,,,,,,,,,,,,,,,,,,,,,,,,,,,,,,,,,,,,,,,,,,,,,,,,,,,,,,,,,,,,,,,,,,,,,,,,,,,,,,,,,,,,,,,,,,,,,,,,,,,,,,,,,,,,,,,,,,,,,,,,,,,,,,,,,,,,,,,,,,,,,,,,,,,,,,,,,,,,,,,,,,,,,,,,,,,,,,,,,,,,,,,,,,,,,,,,,,,,,,,,,,,,,,,,,,,,,,,,,,,,,,,,,,,,,,,,,,,,,,,,,,,,,,,,,,,,,,,,,,,,,,,,,,,,,,,,,,,,,,,,,,,,,,,,,,,,,,,,,,,,,,,,,,,,,,,,,,,,,,,,,,,,,,,,,,,,,,,,,,,,,,,,,
MIN_WIN_RATE,0.4,0.3,0.5,float,Minimum win rate threshold (hard constraint - strategies below this are eliminated),,,,,,,,,,,,,,,,,,,,,,,,,,,,,,,,,,,,,,,,,,,,,,,,,,,,,,,,,,,,,,,,,,,,,,,,,,,,,,,,,,,,,,,,,,,,,,,,,,,,,,,,,,,,,,,,,,,,,,,,,,,,,,,,,,,,,,,,,,,,,,,,,,,,,,,,,,,,,,,,,,,,,,,,,,,,,,,,,,,,,,,,,,,,,,,,,,,,,,,,,,,,,,,,,,,,,,,,,,,,,,,,,,,,,,,,,,,,,,,,,,,,,,,,,,,,,,,,,,,,,,,,,,,,,,,,,,,,,,,,,,,,,,,,,,,,,,,,,,,,,,,,,,,,,,,,,,,,,,,,,,,,,,,,,,,,,,,,,,,,,,,,,,,,,,,,,,,,,,,,,,,,,,,,,,,,,,,,,,,,,,,,,,,,,,,,,,,,,,,,,,,,,,,,,,,,,,,,,,,,,,,,,,,,,,,,,,,,,,,,,,,,,,,,,,,,,,,,,,,,,,,,,,,,,,,,,,,,,,,,,,,,,,,,,,,,,,,,,,,,,,,,,,,,,,,,,,,,,,,,,,,,,,,,,,,,,,,,,,,,,,,,,,,,,,,,,,,,,,,,,,,,,,,,,,,,,,,,,,,,,,,,,,,,,,,,,,,,,,,,,,,,,,,,,
SORTINO_CAP,10,5,20,float,Maximum Sortino value before capping (prevents unrealistic values),,,,,,,,,,,,,,,,,,,,,,,,,,,,,,,,,,,,,,,,,,,,,,,,,,,,,,,,,,,,,,,,,,,,,,,,,,,,,,,,,,,,,,,,,,,,,,,,,,,,,,,,,,,,,,,,,,,,,,,,,,,,,,,,,,,,,,,,,,,,,,,,,,,,,,,,,,,,,,,,,,,,,,,,,,,,,,,,,,,,,,,,,,,,,,,,,,,,,,,,,,,,,,,,,,,,,,,,,,,,,,,,,,,,,,,,,,,,,,,,,,,,,,,,,,,,,,,,,,,,,,,,,,,,,,,,,,,,,,,,,,,,,,,,,,,,,,,,,,,,,,,,,,,,,,,,,,,,,,,,,,,,,,,,,,,,,,,,,,,,,,,,,,,,,,,,,,,,,,,,,,,,,,,,,,,,,,,,,,,,,,,,,,,,,,,,,,,,,,,,,,,,,,,,,,,,,,,,,,,,,,,,,,,,,,,,,,,,,,,,,,,,,,,,,,,,,,,,,,,,,,,,,,,,,,,,,,,,,,,,,,,,,,,,,,,,,,,,,,,,,,,,,,,,,,,,,,,,,,,,,,,,,,,,,,,,,,,,,,,,,,,,,,,,,,,,,,,,,,,,,,,,,,,,,,,,,,,,,,,,,,,,,,,,,,,,,,,,,,,,,,,,,,,,,
=== SOLUTION STATISTICS ===,,,,,,,,,,,,,,,,,,,,,,,,,,,,,,,,,,,,,,,,,,,,,,,,,,,,,,,,,,,,,,,,,,,,,,,,,,,,,,,,,,,,,,,,,,,,,,,,,,,,,,,,,,,,,,,,,,,,,,,,,,,,,,,,,,,,,,,,,,,,,,,,,,,,,,,,,,,,,,,,,,,,,,,,,,,,,,,,,,,,,,,,,,,,,,,,,,,,,,,,,,,,,,,,,,,,,,,,,,,,,,,,,,,,,,,,,,,,,,,,,,,,,,,,,,,,,,,,,,,,,,,,,,,,,,,,,,,,,,,,,,,,,,,,,,,,,,,,,,,,,,,,,,,,,,,,,,,,,,,,,,,,,,,,,,,,,,,,,,,,,,,,,,,,,,,,,,,,,,,,,,,,,,,,,,,,,,,,,,,,,,,,,,,,,,,,,,,,,,,,,,,,,,,,,,,,,,,,,,,,,,,,,,,,,,,,,,,,,,,,,,,,,,,,,,,,,,,,,,,,,,,,,,,,,,,,,,,,,,,,,,,,,,,,,,,,,,,,,,,,,,,,,,,,,,,,,,,,,,,,,,,,,,,,,,,,,,,,,,,,,,,,,,,,,,,,,,,,,,,,,,,,,,,,,,,,,,,,,,,,,,,,,,,,,,,,,,,,,,,,,,,,,,,,,,,,,,
Sortino Ratio,,,,statistic,Sortino Ratio for each solution,0.6599,0.6293,0.6257,0.6138,0.6133,0.6125,0.6120,0.5870,0.5586,0.5545,0.5521,0.5505,0.5479,0.5479,0.5427,0.5394,0.5336,0.5326,0.5320,0.5268,0.5257,0.5236,0.5211,0.5206,0.5198,0.5189,0.5169,0.5157,0.5151,0.5150,0.5148,0.5148,0.5137,0.5136,0.5110,0.5093,0.5077,0.5077,0.5077,0.5072,0.5061,0.5043,0.5011,0.5004,0.4967,0.4967,0.4964,0.4952,0.4946,0.4940,0.4940,0.4889,0.4885,0.4865,0.4846,0.4769,0.4705,0.4688,0.4670,0.4624,0.4490,0.4419,0.4418,0.4354,0.4316,0.4313,0.4232,0.4080,0.4068,0.4057,0.4029,0.4029,0.3999,0.3981,0.3981,0.3967,0.3936,0.3908,0.3904,0.3896,0.3880,0.3832,0.3830,0.3819,0.3793,0.3694,0.3650,0.3637,0.3604,0.3534,0.3529,0.3500,0.3451,0.3409,0.3409,0.3402,0.3385,0.3364,0.3359,0.3357,0.3351,0.3342,0.3337,0.3318,0.3296,0.3292,0.3279,0.3265,0.3262,0.3262,0.3260,0.3247,0.3245,0.3237,0.3231,0.3228,0.3226,0.3224,0.3223,0.3221,0.3217,0.3208,0.3204,0.3196,0.3196,0.3186,0.3186,0.3182,0.3181,0.3174,0.3164,0.3159,0.3158,0.3158,0.3158,0.3158,0.3158,0.3155,0.3153,0.3151,0.3150,0.3149,0.3147,0.3146,0.3144,0.3144,0.3143,0.3140,0.3136,0.3133,0.3129,0.3128,0.3127,0.3123,0.3119,0.3118,0.3118,0.3115,0.3112,0.3110,0.3109,0.3109,0.3108,0.3107,0.3106,0.3103,0.3099,0.3097,0.3096,0.3093,0.3089,0.3086,0.3086,0.3086,0.3084,0.3083,0.3081,0.3081,0.3076,0.3076,0.3075,0.3074,0.3070,0.3068,0.3068,0.3066,0.3065,0.3064,0.3061,0.3061,0.3060,0.3058,0.3054,0.3054,0.3053,0.3051,0.3048,0.3047,0.3046,0.3045,0.3044,0.3043,0.3042,0.3041,0.3039,0.3039,0.3034,0.3034,0.3033,0.3032,0.3030,0.3030,0.3030,0.3025,0.3023,0.3018,0.3014,0.3009,0.3008,0.3007,0.2998,0.2996,0.2995,0.2995,0.2994,0.2991,0.2985,0.2985,0.2985,0.2984,0.2983,0.2982,0.2980,0.2978,0.2977,0.2976,0.2974,0.2974,0.2970,0.2969,0.2965,0.2962,0.2961,0.2960,0.2959,0.2956,0.2948,0.2948,0.2947,0.2946,0.2945,0.2944,0.2942,0.2941,0.2940,0.2939,0.2939,0.2938,0.2938,0.2934,0.2934,0.2933,0.2926,0.2925,0.2920,0.2920,0.2919,0.2918,0.2914,0.2914,0.2912,0.2911,0.2908,0.2907,0.2905,0.2904,0.2900,0.2893,0.2891,0.2885,0.2884,0.2884,0.2882,0.2874,0.2872,0.2872,0.2869,0.2863,0.2862,0.2862,0.2858,0.2851,0.2848,0.2844,0.2840,0.2836,0.2833,0.2830,0.2824,0.2824,0.2820,0.2819,0.2816,0.2812,0.2812,0.2801,0.2797,0.2785,0.2780,0.2775,0.2773,0.2770,0.2765,0.2757,0.2757,0.2755,0.2744,0.2744,0.2740,0.2737,0.2725,0.2699,0.2699,0.2696,0.2695,0.2674,0.2671,0.2668,0.2667,0.2662,0.2660,0.2653,0.2647,0.2646,0.2640,0.2639,0.2629,0.2618,0.2617,0.2614,0.2606,0.2600,0.2597,0.2592,0.2580,0.2568,0.2564,0.2563,0.2552,0.2546,0.2545,0.2539,0.2536,0.2529,0.2522,0.2513,0.2509,0.2507,0.2505,0.2501,0.2498,0.2492,0.2490,0.2486,0.2478,0.2477,0.2473,0.2469,0.2467,0.2464,0.2457,0.2455,0.2447,0.2447,0.2446,0.2445,0.2444,0.2418,0.2416,0.2415,0.2406,0.2403,0.2400,0.2399,0.2392,0.2382,0.2376,0.2372,0.2366,0.2354,0.2347,0.2346,0.2342,0.2341,0.2337,0.2336,0.2334,0.2324,0.2310,0.2310,0.2301,0.2298,0.2297,0.2292,0.2292,0.2289,0.2285,0.2283,0.2280,0.2271,0.2270,0.2270,0.2266,0.2264,0.2263,0.2257,0.2257,0.2254,0.2253,0.2249,0.2248,0.2247,0.2243,0.2232,0.2226,0.2224,0.2219,0.2218,0.2208,0.2207,0.2206,0.2202,0.2199,0.2199,0.2197,0.2193,0.2193,0.2191,0.2190,0.2186,0.2186,0.2179,0.2178,0.2177,0.2176,0.2175,0.2174,0.2174,0.2170,0.2169,0.2164,0.2162,0.2161,0.2159,0.2156,0.2152,0.2151,0.2149,0.2137,0.2135,0.2132,0.2130,0.2126,0.2125,0.2124,0.2124,0.2121,0.2116,0.2113,0.2111,0.2110,0.2106,0.2104,0.2102,0.2101,0.2098,0.2097,0.2093,0.2090,0.2085,0.2084,0.2080,0.2078,0.2072,0.2072,0.2070,0.2068,0.2068,0.2065,0.2063,0.2063,0.2063,0.2062,0.2055,0.2053,0.2045,0.2041,0.2041,0.2041,0.2039,0.2038,0.2036,0.2033,0.2031,0.2025,0.2016,0.2007,0.2002,0.1989,0.1963,0.1961,0.1959,0.1948,0.1945,0.1944,0.1944,0.1940,0.1936,0.1935,0.1924,0.1906,0.1895,0.1883,0.1876,0.1874,0.1873,0.1872,0.1867,0.1859,0.1859,0.1855,0.1846,0.1841,0.1840,0.1837,0.1837,0.1833,0.1829,0.1829,0.1822,0.1818,0.1817,0.1812,0.1812,0.1792,0.1785,0.1768,0.1766,0.1762,0.1761,0.1755,0.1745,0.1731,0.1726,0.1720,0.1718,0.1718,0.1708,0.1697,0.1691,0.1684,0.1682,0.1680,0.1671,0.1668,0.1667,0.1649,0.1645,0.1644,0.1641,0.1627,0.1624,0.1621,0.1619,0.1610,0.1601,0.1595,0.1593,0.1588,0.1576,0.1571,0.1567,0.1565,0.1564,0.1561,0.1552,0.1551,0.1548,0.1545,0.1533,0.1529,0.1528,0.1518,0.1518,0.1510,0.1507,0.1499,0.1490,0.1472,0.1472,0.1471,0.1469,0.1469,0.1466,0.1449,0.1443,0.1440,0.1430,0.1397
Max Drawdown ($),,,,statistic,Max Drawdown ($) for each solution,$0.11,$0.13,$0.15,$0.16,$0.16,$0.15,$0.12,$0.13,$0.11,$0.15,$0.11,$0.11,$0.10,$0.10,$0.10,$0.12,$0.16,$0.06,$0.12,$0.10,$0.14,$0.09,$0.13,$0.09,$0.09,$0.10,$0.11,$0.15,$0.08,$0.14,$0.12,$0.13,$0.09,$0.08,$0.12,$0.09,$0.12,$0.12,$0.12,$0.10,$0.13,$0.12,$0.11,$0.10,$0.12,$0.12,$0.13,$0.10,$0.10,$0.10,$0.11,$0.09,$0.04,$0.10,$0.03,$0.03,$0.04,$0.03,$0.03,$0.04,$0.09,$0.03,$0.08,$0.07,$0.03,$0.08,$0.06,$0.05,$0.07,$0.08,$0.12,$0.12,$0.07,$0.10,$0.08,$0.05,$0.07,$0.07,$0.05,$0.06,$0.04,$0.08,$0.06,$0.05,$0.05,$0.09,$0.07,$0.07,$0.06,$0.05,$0.05,$0.05,$0.05,$0.05,$0.05,$0.05,$0.04,$0.05,$0.03,$0.03,$0.06,$0.04,$0.05,$0.09,$0.10,$0.05,$0.05,$0.05,$0.03,$0.03,$0.05,$0.06,$0.04,$0.05,$0.05,$0.04,$0.04,$0.05,$0.03,$0.04,$0.05,$0.06,$0.04,$0.05,$0.05,$0.03,$0.06,$0.04,$0.05,$0.06,$0.05,$0.06,$0.06,$0.05,$0.05,$0.05,$0.06,$0.04,$0.05,$0.03,$0.05,$0.06,$0.04,$0.04,$0.04,$0.08,$0.04,$0.05,$0.04,$0.04,$0.05,$0.04,$0.04,$0.07,$0.04,$0.03,$0.04,$0.05,$0.04,$0.04,$0.06,$0.04,$0.04,$0.04,$0.04,$0.04,$0.03,$0.04,$0.05,$0.04,$0.04,$0.04,$0.04,$0.07,$0.06,$0.04,$0.04,$0.04,$0.07,$0.05,$0.04,$0.06,$0.03,$0.05,$0.05,$0.04,$0.04,$0.05,$0.05,$0.05,$0.04,$0.04,$0.04,$0.05,$0.04,$0.10,$0.05,$0.04,$0.04,$0.04,$0.05,$0.05,$0.04,$0.04,$0.04,$0.03,$0.10,$0.05,$0.05,$0.07,$0.04,$0.04,$0.04,$0.05,$0.05,$0.05,$0.05,$0.04,$0.07,$0.05,$0.04,$0.07,$0.05,$0.04,$0.05,$0.05,$0.04,$0.05,$0.05,$0.05,$0.05,$0.05,$0.06,$0.05,$0.05,$0.04,$0.05,$0.05,$0.03,$0.05,$0.04,$0.03,$0.05,$0.04,$0.04,$0.05,$0.03,$0.05,$0.03,$0.05,$0.05,$0.03,$0.05,$0.04,$0.10,$0.04,$0.04,$0.05,$0.05,$0.10,$0.05,$0.03,$0.05,$0.04,$0.04,$0.05,$0.05,$0.05,$0.05,$0.06,$0.05,$0.04,$0.04,$0.09,$0.06,$0.04,$0.05,$0.06,$0.04,$0.04,$0.04,$0.04,$0.04,$0.04,$0.03,$0.04,$0.04,$0.05,$0.04,$0.05,$0.05,$0.05,$0.05,$0.04,$0.05,$0.04,$0.05,$0.08,$0.07,$0.04,$0.05,$0.04,$0.04,$0.11,$0.05,$0.05,$0.04,$0.05,$0.09,$0.04,$0.04,$0.04,$0.03,$0.06,$0.10,$0.06,$0.08,$0.04,$0.08,$0.04,$0.07,$0.04,$0.10,$0.08,$0.04,$0.05,$0.04,$0.04,$0.04,$0.06,$0.07,$0.05,$0.05,$0.04,$0.09,$0.08,$0.04,$0.06,$0.08,$0.04,$0.08,$0.10,$0.05,$0.04,$0.06,$0.06,$0.05,$0.04,$0.06,$0.07,$0.05,$0.05,$0.05,$0.05,$0.04,$0.05,$0.06,$0.05,$0.05,$0.05,$0.05,$0.06,$0.07,$0.04,$0.06,$0.05,$0.05,$0.04,$0.07,$0.04,$0.07,$0.05,$0.05,$0.05,$0.15,$0.04,$0.09,$0.05,$0.07,$0.04,$0.06,$0.07,$0.07,$0.05,$0.07,$0.06,$0.05,$0.05,$0.04,$0.05,$0.05,$0.04,$0.08,$0.04,$0.04,$0.05,$0.05,$0.06,$0.06,$0.04,$0.04,$0.05,$0.04,$0.07,$0.06,$0.05,$0.04,$0.08,$0.08,$0.08,$0.04,$0.04,$0.04,$0.05,$0.05,$0.05,$0.05,$0.06,$0.05,$0.05,$0.04,$0.06,$0.04,$0.04,$0.05,$0.05,$0.06,$0.05,$0.05,$0.04,$0.06,$0.05,$0.05,$0.05,$0.05,$0.04,$0.05,$0.04,$0.05,$0.05,$0.07,$0.04,$0.05,$0.05,$0.06,$0.05,$0.05,$0.05,$0.05,$0.06,$0.06,$0.05,$0.05,$0.05,$0.06,$0.04,$0.05,$0.07,$0.05,$0.05,$0.05,$0.06,$0.06,$0.05,$0.05,$0.05,$0.06,$0.05,$0.07,$0.05,$0.06,$0.04,$0.07,$0.07,$0.05,$0.04,$0.06,$0.06,$0.05,$0.06,$0.06,$0.07,$0.04,$0.07,$0.05,$0.06,$0.05,$0.05,$0.06,$0.08,$0.04,$0.05,$0.06,$0.05,$0.07,$0.06,$0.06,$0.06,$0.06,$0.05,$0.05,$0.06,$0.05,$0.03,$0.05,$0.07,$0.05,$0.04,$0.05,$0.05,$0.04,$0.06,$0.05,$0.06,$0.06,$0.05,$0.06,$0.04,$0.05,$0.05,$0.05,$0.06,$0.05,$0.05,$0.05,$0.05,$0.04,$0.05,$0.04,$0.05,$0.05,$0.06,$0.05,$0.05,$0.06,$0.06,$0.05,$0.06,$0.05,$0.06,$0.07,$0.06,$0.04,$0.06,$0.05,$0.06,$0.04,$0.04,$0.07,$0.05,$0.06,$0.07,$0.04,$0.05,$0.07,$0.07,$0.09,$0.06,$0.05,$0.05,$0.03,$0.04,$0.03,$0.07,$0.03,$0.05,$0.04,$0.07,$0.07,$0.06,$0.06,$0.05,$0.05,$0.12,$0.06,$0.07,$0.06,$0.06,$0.06,$0.09,$0.05,$0.05,$0.05,$0.05,$0.03,$0.05,$0.05,$0.06,$0.05,$0.06,$0.06,$0.09,$0.06,$0.06,$0.06,$0.03,$0.06,$0.04,$0.04,$0.04,$0.09,$0.08,$0.08,$0.08,$0.06,$0.06,$0.06,$0.06,$0.08
Profit Factor,,,,statistic,Profit Factor for each solution,0.3655,0.3709,0.3794,0.3765,0.3765,0.3757,0.3710,0.3714,0.3765,0.3994,0.3532,0.3551,0.3622,0.3622,0.3105,0.3373,0.3916,0.2699,0.2692,0.2696,0.3898,0.2667,0.3858,0.2678,0.2677,0.2680,0.3873,0.3912,0.3659,0.4189,0.3851,0.3822,0.2625,0.3975,0.3960,0.2649,0.3835,0.3835,0.3835,0.3298,0.3901,0.4204,0.3870,0.3880,0.4011,0.4011,0.4004,0.2636,0.3880,0.2634,0.4315,0.4186,0.5312,0.3928,0.5330,0.5421,0.5079,0.5028,0.5323,0.5096,0.4095,0.4559,0.4455,0.4353,0.4588,0.4425,0.4281,0.4856,0.4838,0.4380,0.4655,0.4655,0.4694,0.4556,0.4699,0.4780,0.4362,0.4348,0.4682,0.4477,0.4321,0.4450,0.4396,0.4488,0.4495,0.4285,0.4370,0.4438,0.4198,0.4118,0.4067,0.4146,0.3173,0.2889,0.2889,0.3156,0.3598,0.3172,0.3541,0.3604,0.3393,0.3418,0.3448,0.3895,0.3859,0.3404,0.3463,0.3466,0.3523,0.3523,0.3474,0.3470,0.3462,0.3151,0.3269,0.3539,0.3473,0.3317,0.3497,0.3460,0.3472,0.3408,0.3557,0.3418,0.3418,0.3437,0.3049,0.3410,0.3539,0.3718,0.3433,0.3425,0.3172,0.3364,0.3364,0.3381,0.2969,0.3560,0.3439,0.3338,0.3340,0.3349,0.3409,0.3445,0.3374,0.3141,0.3463,0.3280,0.3340,0.3369,0.3423,0.3498,0.3401,0.3274,0.3370,0.3449,0.3439,0.3351,0.3318,0.3314,0.3335,0.3441,0.3253,0.3240,0.3381,0.3425,0.3494,0.3391,0.3406,0.3381,0.3401,0.3317,0.3474,0.3264,0.3407,0.3392,0.3241,0.3429,0.3283,0.3417,0.3325,0.3415,0.3483,0.3308,0.3427,0.3332,0.3457,0.3375,0.3302,0.3313,0.3453,0.3405,0.3315,0.3362,0.3444,0.3127,0.3439,0.3317,0.3481,0.3417,0.3405,0.3420,0.3434,0.3389,0.3433,0.3418,0.3169,0.3425,0.2969,0.3230,0.3440,0.3402,0.3432,0.3529,0.3387,0.3388,0.3364,0.3466,0.3211,0.3269,0.3338,0.3230,0.3417,0.3347,0.3235,0.3386,0.3338,0.3362,0.3344,0.3398,0.3385,0.3362,0.3143,0.3337,0.3373,0.3431,0.3406,0.3224,0.3293,0.3400,0.3246,0.3346,0.3408,0.3323,0.3432,0.3187,0.3399,0.3380,0.3400,0.3367,0.3146,0.3396,0.3134,0.3334,0.3108,0.3437,0.3250,0.3280,0.3280,0.3138,0.3289,0.3431,0.3406,0.3436,0.3294,0.2996,0.3328,0.3117,0.3245,0.3219,0.3351,0.3366,0.3278,0.3248,0.3162,0.3243,0.3320,0.3341,0.3206,0.3356,0.3346,0.3346,0.3255,0.3329,0.3086,0.3235,0.3262,0.3066,0.3333,0.3247,0.3020,0.3242,0.2863,0.3402,0.3313,0.3168,0.3032,0.3007,0.3237,0.3325,0.3103,0.3316,0.3255,0.3173,0.3268,0.3321,0.3167,0.3214,0.2761,0.3170,0.3150,0.3093,0.3343,0.3040,0.3024,0.3028,0.2930,0.3104,0.2950,0.3027,0.2968,0.3026,0.2968,0.2876,0.3105,0.2954,0.3023,0.3105,0.3092,0.2862,0.2947,0.2936,0.2857,0.3107,0.2901,0.2939,0.2926,0.2590,0.2877,0.3001,0.3018,0.2969,0.2787,0.2742,0.2857,0.2677,0.2826,0.3076,0.2847,0.2622,0.2825,0.2837,0.2798,0.2678,0.2802,0.2733,0.2777,0.2795,0.2741,0.2617,0.2724,0.2707,0.2594,0.2765,0.2600,0.2644,0.2717,0.2817,0.2766,0.2703,0.2413,0.2720,0.2667,0.2667,0.2693,0.2707,0.2719,0.2569,0.2530,0.2793,0.2536,0.2627,0.2584,0.2437,0.2581,0.2664,0.2600,0.2619,0.2648,0.2590,0.2574,0.2577,0.2449,0.2662,0.2566,0.2539,0.2464,0.2457,0.2356,0.2598,0.2692,0.2562,0.2450,0.2309,0.2441,0.2437,0.2541,0.2303,0.2296,0.2374,0.2558,0.2558,0.2503,0.2450,0.2524,0.2516,0.2428,0.2351,0.2512,0.2438,0.2467,0.2414,0.2546,0.2562,0.2444,0.2448,0.2273,0.2366,0.2402,0.2396,0.2182,0.2454,0.2346,0.2458,0.2382,0.2501,0.2396,0.2495,0.2336,0.2348,0.2428,0.2386,0.2386,0.2347,0.2221,0.2369,0.2386,0.2283,0.2374,0.2323,0.2294,0.2415,0.2360,0.2402,0.2307,0.2386,0.2395,0.2310,0.2319,0.2339,0.2321,0.2266,0.2082,0.2335,0.2175,0.2386,0.2282,0.2356,0.2367,0.2286,0.2222,0.2332,0.2264,0.2381,0.2241,0.2167,0.2086,0.2217,0.2259,0.2264,0.2067,0.2223,0.2280,0.2259,0.2224,0.2128,0.2198,0.2198,0.2063,0.2364,0.2384,0.2094,0.2080,0.2219,0.2010,0.2284,0.2014,0.2251,0.2251,0.2192,0.2282,0.2229,0.2216,0.2271,0.2196,0.2048,0.2305,0.2304,0.2304,0.2130,0.2150,0.2104,0.2154,0.2021,0.1961,0.2045,0.2079,0.2235,0.2170,0.2050,0.1961,0.2000,0.2070,0.2057,0.1977,0.2061,0.2048,0.2000,0.2047,0.2087,0.2055,0.1968,0.1952,0.1953,0.1947,0.1989,0.2005,0.1878,0.2021,0.1959,0.1871,0.1994,0.2079,0.1883,0.1928,0.2217,0.1957,0.1873,0.1855,0.1990,0.1872,0.1859,0.1894,0.1902,0.1914,0.1853,0.1876,0.1823,0.1920,0.1910,0.1988,0.1893,0.1986,0.1785,0.1913,0.1913,0.1894,0.1763,0.1693,0.1804,0.1614,0.1515,0.1762,0.1796,0.1714,0.1627,0.1611,0.1597,0.1742,0.1696,0.1598,0.1735,0.1730,0.1748,0.1777,0.1764,0.1724,0.1644,0.1732,0.1581,0.1620,0.1594,0.1595,0.1595,0.1617,0.1714,0.1629,0.1707,0.1717,0.1717,0.1580,0.1628,0.1631,0.1629,0.1573,0.1575,0.1584,0.1567,0.1563
Avg Trades/Day,,,,statistic,Avg Trades/Day for each solution,1.000,1.000,1.000,1.000,1.000,1.000,1.000,1.000,1.000,1.000,1.000,1.000,1.000,1.000,1.000,1.000,1.000,0.716,0.740,0.813,1.000,0.750,1.000,0.888,0.888,0.858,1.000,1.000,1.000,1.000,1.000,1.000,0.751,1.000,1.000,0.864,1.000,1.000,1.000,1.000,1.000,1.000,1.000,1.000,1.000,1.000,1.000,0.894,1.000,0.897,1.000,1.000,1.000,1.000,1.000,1.000,1.000,1.000,1.000,1.000,1.000,1.000,1.000,1.000,1.000,1.000,1.000,1.000,1.000,1.000,1.000,1.000,1.000,1.000,1.000,1.000,1.000,1.000,1.000,1.000,1.000,1.000,1.000,1.000,1.000,1.000,1.000,1.000,1.000,1.000,1.000,1.000,0.686,0.672,0.672,0.669,1.000,0.703,1.000,1.000,0.728,0.684,0.732,1.000,1.000,0.687,0.749,0.699,1.000,1.000,0.701,0.731,0.714,0.882,0.732,0.673,0.842,0.736,1.000,0.842,0.748,0.682,0.782,0.745,0.745,1.000,0.675,0.989,0.765,1.000,0.734,0.753,0.674,0.668,0.668,0.682,0.885,0.811,0.697,1.000,0.779,0.739,0.717,0.713,0.857,0.713,0.721,0.870,0.758,0.739,0.734,0.673,0.765,0.917,0.746,0.710,0.814,0.678,0.807,0.714,0.929,0.701,0.691,0.768,0.828,0.843,0.889,0.793,0.763,1.000,0.827,0.864,0.871,0.982,0.758,0.716,0.724,0.749,1.000,0.785,0.723,0.831,0.928,0.694,0.798,0.834,0.691,0.857,0.840,0.742,0.694,0.843,0.836,1.000,0.990,0.719,0.826,0.837,0.812,0.920,0.842,0.815,0.963,0.940,0.964,0.747,1.000,0.732,0.762,0.884,0.894,0.773,0.982,1.000,0.758,0.905,0.747,0.926,1.000,0.980,0.729,0.746,0.804,0.906,0.801,0.897,0.729,0.859,0.863,0.897,0.853,0.971,0.756,0.748,0.872,0.988,0.852,0.791,0.734,0.861,0.675,0.767,0.852,0.868,0.894,0.710,1.000,0.862,1.000,0.890,0.786,1.000,0.703,0.867,0.722,0.974,0.726,1.000,1.000,1.000,0.748,0.840,0.893,0.953,0.846,0.870,0.945,0.760,0.759,0.961,0.850,1.000,0.809,0.825,0.915,0.788,1.000,0.740,0.846,0.992,1.000,1.000,0.970,0.955,1.000,0.891,0.869,0.911,0.950,0.914,0.742,0.897,0.788,1.000,0.962,0.924,0.743,0.687,0.871,0.918,0.785,0.908,0.974,1.000,0.966,1.000,0.866,0.934,0.688,1.000,0.871,0.951,1.000,0.706,1.000,0.733,0.749,0.885,0.708,0.795,1.000,0.865,1.000,1.000,0.917,0.808,0.877,1.000,0.944,0.721,0.986,0.774,0.713,0.976,0.730,1.000,0.738,0.694,1.000,0.879,0.936,1.000,0.689,0.881,0.896,0.672,0.745,1.000,1.000,0.710,0.805,0.814,0.707,1.000,0.942,0.771,1.000,0.859,0.684,0.775,0.785,1.000,0.713,0.794,0.750,0.766,1.000,0.897,0.789,1.000,0.763,0.724,0.675,0.675,0.820,0.819,0.693,0.723,0.761,0.889,0.703,1.000,0.800,0.671,0.801,0.799,0.732,0.791,0.749,0.846,0.806,0.934,0.761,1.000,0.735,0.710,0.828,0.938,0.737,0.806,1.000,0.800,1.000,0.667,0.709,0.678,0.709,0.669,0.721,0.697,0.961,0.961,0.736,0.781,0.809,0.764,1.000,0.759,0.844,0.768,0.779,0.783,0.925,0.966,0.828,0.816,0.738,0.758,1.000,0.937,0.722,0.901,0.744,0.884,0.819,0.889,0.679,1.000,0.706,0.705,0.710,0.990,0.804,0.840,0.753,0.751,0.818,0.799,0.749,0.855,0.786,0.919,0.944,0.831,0.935,0.990,1.000,0.859,0.777,0.851,0.718,0.759,0.731,0.837,0.812,0.862,0.900,0.933,0.782,0.758,0.821,0.924,1.000,0.719,0.714,0.718,0.777,0.807,0.770,0.940,0.668,1.000,0.800,0.961,0.739,0.716,0.729,0.729,0.855,1.000,0.906,0.736,0.674,0.772,0.726,0.825,0.766,0.919,0.919,0.799,0.852,0.922,0.771,0.715,0.792,0.778,0.960,0.966,0.997,0.771,0.861,0.849,0.728,0.816,0.751,0.843,0.944,0.960,0.904,0.770,0.763,0.854,0.846,0.974,0.731,0.833,0.770,0.763,0.807,0.844,0.789,0.800,0.761,0.761,0.894,1.000,0.878,0.793,0.936,1.000,0.851,0.973,0.996,0.794,1.000,1.000,0.904,1.000,0.888,0.859,0.832,0.828,0.699,0.699,0.916,0.860,0.794,0.913,0.971,0.939,0.824,0.991,0.824,0.886,0.793,0.928,0.848,0.944,0.790,0.942,0.752,0.891,0.799,1.000,0.878,0.814,0.769,0.732,0.883,0.703,0.759,0.852,0.853,0.881,0.670,0.951,0.856,1.000,0.886,0.866,1.000,1.000,0.863,0.863,1.000,0.676,0.853,1.000,1.000,1.000,1.000,0.847,0.848,0.848,0.988,0.912,0.931,0.938,1.000
Total Profit (norm),,,,statistic,Total Profit (norm) for each solution,1.0000,0.9908,0.9040,0.9265,0.9260,0.9179,1.0000,0.9807,0.8844,0.8624,1.0000,1.0000,1.0000,1.0000,1.0000,1.0000,0.8802,0.4953,0.5106,0.5550,0.8671,0.5119,0.9975,0.5996,0.5991,0.5771,0.9106,0.8401,1.0000,1.0000,0.9305,0.9465,0.5096,0.8072,0.8308,0.5774,0.9408,0.9408,0.9408,1.0000,0.9000,0.8021,0.8473,0.8345,1.0000,1.0000,1.0000,0.5806,0.8144,0.5812,1.0000,1.0000,1.0000,1.0000,1.0000,1.0000,1.0000,1.0000,1.0000,1.0000,1.0000,1.0000,1.0000,1.0000,1.0000,1.0000,1.0000,1.0000,1.0000,1.0000,1.0000,1.0000,1.0000,1.0000,1.0000,1.0000,1.0000,1.0000,1.0000,1.0000,1.0000,1.0000,1.0000,1.0000,1.0000,1.0000,1.0000,1.0000,1.0000,1.0000,1.0000,1.0000,0.6677,0.6645,0.6645,0.6527,1.0000,0.6659,1.0000,1.0000,0.7827,0.7507,0.8221,1.0000,1.0000,0.7772,0.8050,0.7743,1.0000,1.0000,0.8015,0.8337,0.7882,0.9614,0.7137,0.6386,0.7766,0.7627,1.0000,0.8781,0.8069,0.7839,0.7158,0.8168,0.8168,1.0000,0.7989,0.9248,0.7374,1.0000,0.8085,0.8353,0.8992,0.7507,0.7507,0.7756,0.9199,0.7571,0.7776,1.0000,0.8489,0.8499,0.7646,0.6676,0.8244,0.8598,0.7989,1.0000,0.7597,0.7566,0.8137,0.6175,0.7895,1.0000,0.7730,0.6750,0.8500,0.7559,0.8052,0.7211,1.0000,0.6749,0.7527,0.7390,0.8619,0.8531,0.7582,0.8076,0.8038,0.9274,0.8299,0.8414,0.8508,1.0000,0.8026,0.6895,0.8017,0.7933,1.0000,0.8431,0.6948,0.8825,0.7752,0.7777,0.8354,0.8920,0.6147,0.8931,0.9043,0.7991,0.6161,0.8855,0.8981,1.0000,0.9161,0.9970,0.8750,0.9001,0.8006,0.8762,0.8789,0.8576,0.9013,0.8992,0.9019,0.6766,1.0000,0.7941,0.8529,1.0000,0.8496,0.8292,0.9217,1.0000,0.8243,0.8958,0.8069,0.8959,1.0000,1.0000,0.7416,0.9131,0.8427,0.8976,0.8791,0.9118,0.7420,0.8537,0.8603,0.8843,0.8618,0.9254,0.9266,0.8170,0.8699,0.9440,0.8364,0.8762,0.6697,0.8845,0.6886,0.7039,0.8386,0.8482,0.8832,0.8069,0.8775,0.8793,0.8745,0.9063,0.9494,0.8724,0.8681,0.9157,1.0000,0.9151,0.8015,1.0000,1.0000,1.0000,0.8277,0.7200,0.8842,0.9052,0.9095,0.9478,0.9450,0.8202,0.8392,1.0000,0.8601,0.9563,0.8704,1.0000,1.0000,0.8572,1.0000,0.9331,0.9260,0.9539,0.9318,0.9318,0.9529,0.9158,1.0000,0.8856,0.9118,1.0000,0.9288,0.9454,0.8651,0.9371,0.8852,1.0000,0.9604,0.8891,0.8408,0.8903,1.0000,0.8912,0.8806,0.8875,0.9617,1.0000,0.9735,0.9886,0.9195,0.9461,0.9210,1.0000,0.8831,0.9405,0.9551,0.8811,1.0000,0.8965,0.9862,0.8915,0.9420,0.8721,1.0000,0.9323,1.0000,1.0000,0.9573,0.8871,0.9257,0.9748,0.9678,0.8939,1.0000,0.8612,0.8050,0.9782,0.9666,1.0000,0.8107,0.9526,1.0000,0.9031,1.0000,1.0000,0.8226,0.9041,1.0000,0.9099,0.8656,0.9740,1.0000,0.9401,0.8956,0.8969,0.8271,1.0000,0.9075,0.8733,1.0000,0.9375,0.7992,0.8999,0.8804,1.0000,0.9321,0.9031,0.9674,0.8891,1.0000,0.9654,0.9476,1.0000,1.0000,0.8263,0.8055,0.8055,1.0000,0.9210,0.9635,0.8648,0.9422,0.9100,0.9329,1.0000,0.9736,0.8362,0.9690,0.9674,0.8760,0.9062,0.8329,0.9433,0.9378,0.9854,0.9792,0.9972,0.8412,0.9115,0.9814,1.0000,0.9830,0.8712,1.0000,0.9039,1.0000,0.9410,0.9287,0.8329,0.7890,0.9386,0.9801,0.9353,1.0000,1.0000,0.8642,0.9269,0.9167,0.8714,1.0000,1.0000,0.9419,0.9153,0.9057,0.9983,0.9928,0.9453,0.9625,0.9377,1.0000,0.9222,1.0000,0.9926,0.9901,0.9832,0.9358,0.9670,0.9747,0.9471,0.8130,0.9581,0.8940,0.9001,1.0000,1.0000,0.9523,0.9860,1.0000,0.9122,0.9666,1.0000,0.9148,1.0000,0.9840,1.0000,1.0000,0.9622,1.0000,1.0000,1.0000,1.0000,0.9361,1.0000,0.8747,1.0000,1.0000,0.9898,1.0000,0.9784,1.0000,0.9966,1.0000,0.9366,1.0000,1.0000,1.0000,0.9806,0.8987,0.8559,1.0000,1.0000,0.9535,1.0000,0.9710,1.0000,0.9359,1.0000,0.9307,0.9872,0.9111,0.9111,1.0000,1.0000,0.9522,0.9934,0.9355,0.9429,1.0000,1.0000,1.0000,1.0000,1.0000,0.9615,0.9677,1.0000,0.9384,0.7777,0.9597,1.0000,1.0000,1.0000,1.0000,0.9393,0.9541,1.0000,0.8803,1.0000,1.0000,1.0000,1.0000,1.0000,1.0000,1.0000,1.0000,1.0000,1.0000,1.0000,1.0000,1.0000,0.9225,0.9210,0.9460,0.9663,0.9549,1.0000,0.9177,0.9165,1.0000,1.0000,1.0000,1.0000,1.0000,1.0000,1.0000,1.0000,1.0000,1.0000,1.0000,1.0000,1.0000,1.0000,1.0000,0.9779,1.0000,1.0000,0.8551,0.8596,1.0000,1.0000,1.0000,1.0000,1.0000,1.0000,0.7127,1.0000,0.7115,1.0000,0.7155,1.0000,0.9563,1.0000,1.0000,1.0000,1.0000,1.0000,0.9667,1.0000,1.0000,1.0000,1.0000,1.0000,1.0000,1.0000,1.0000,1.0000,1.0000,1.0000,0.6487,1.0000,0.9830,1.0000,1.0000,1.0000,1.0000,1.0000,1.0000,1.0000,1.0000,0.6196,1.0000,1.0000,1.0000,1.0000,1.0000,1.0000,1.0000,1.0000,1.0000,1.0000,1.0000,1.0000,1.0000
Solution Rank,,,,statistic,Rank by Sortino (0 = highest),#0 (SELECTED),#1,#2,#3,#4,#5,#6,#7,#8,#9,#10,#11,#12,#13,#14,#15,#16,#17,#18,#19,#20,#21,#22,#23,#24,#25,#26,#27,#28,#29,#30,#31,#32,#33,#34,#35,#36,#37,#38,#39,#40,#41,#42,#43,#44,#45,#46,#47,#48,#49,#50,#51,#52,#53,#54,#55,#56,#57,#58,#59,#60,#61,#62,#63,#64,#65,#66,#67,#68,#69,#70,#71,#72,#73,#74,#75,#76,#77,#78,#79,#80,#81,#82,#83,#84,#85,#86,#87,#88,#89,#90,#91,#92,#93,#94,#95,#96,#97,#98,#99,#100,#101,#102,#103,#104,#105,#106,#107,#108,#109,#110,#111,#112,#113,#114,#115,#116,#117,#118,#119,#120,#121,#122,#123,#124,#125,#126,#127,#128,#129,#130,#131,#132,#133,#134,#135,#136,#137,#138,#139,#140,#141,#142,#143,#144,#145,#146,#147,#148,#149,#150,#151,#152,#153,#154,#155,#156,#157,#158,#159,#160,#161,#162,#163,#164,#165,#166,#167,#168,#169,#170,#171,#172,#173,#174,#175,#176,#177,#178,#179,#180,#181,#182,#183,#184,#185,#186,#187,#188,#189,#190,#191,#192,#193,#194,#195,#196,#197,#198,#199,#200,#201,#202,#203,#204,#205,#206,#207,#208,#209,#210,#211,#212,#213,#214,#215,#216,#217,#218,#219,#220,#221,#222,#223,#224,#225,#226,#227,#228,#229,#230,#231,#232,#233,#234,#235,#236,#237,#238,#239,#240,#241,#242,#243,#244,#245,#246,#247,#248,#249,#250,#251,#252,#253,#254,#255,#256,#257,#258,#259,#260,#261,#262,#263,#264,#265,#266,#267,#268,#269,#270,#271,#272,#273,#274,#275,#276,#277,#278,#279,#280,#281,#282,#283,#284,#285,#286,#287,#288,#289,#290,#291,#292,#293,#294,#295,#296,#297,#298,#299,#300,#301,#302,#303,#304,#305,#306,#307,#308,#309,#310,#311,#312,#313,#314,#315,#316,#317,#318,#319,#320,#321,#322,#323,#324,#325,#326,#327,#328,#329,#330,#331,#332,#333,#334,#335,#336,#337,#338,#339,#340,#341,#342,#343,#344,#345,#346,#347,#348,#349,#350,#351,#352,#353,#354,#355,#356,#357,#358,#359,#360,#361,#362,#363,#364,#365,#366,#367,#368,#369,#370,#371,#372,#373,#374,#375,#376,#377,#378,#379,#380,#381,#382,#383,#384,#385,#386,#387,#388,#389,#390,#391,#392,#393,#394,#395,#396,#397,#398,#399,#400,#401,#402,#403,#404,#405,#406,#407,#408,#409,#410,#411,#412,#413,#414,#415,#416,#417,#418,#419,#420,#421,#422,#423,#424,#425,#426,#427,#428,#429,#430,#431,#432,#433,#434,#435,#436,#437,#438,#439,#440,#441,#442,#443,#444,#445,#446,#447,#448,#449,#450,#451,#452,#453,#454,#455,#456,#457,#458,#459,#460,#461,#462,#463,#464,#465,#466,#467,#468,#469,#470,#471,#472,#473,#474,#475,#476,#477,#478,#479,#480,#481,#482,#483,#484,#485,#486,#487,#488,#489,#490,#491,#492,#493,#494,#495,#496,#497,#498,#499,#500,#501,#502,#503,#504,#505,#506,#507,#508,#509,#510,#511,#512,#513,#514,#515,#516,#517,#518,#519,#520,#521,#522,#523,#524,#525,#526,#527,#528,#529,#530,#531,#532,#533,#534,#535,#536,#537,#538,#539,#540,#541,#542,#543,#544,#545,#546,#547,#548,#549,#550,#551,#552,#553,#554,#555,#556,#557,#558,#559,#560,#561,#562,#563,#564,#565,#566,#567,#568,#569,#570,#571,#572,#573,#574,#575,#576,#577,#578,#579,#580,#581,#582,#583,#584,#585,#586,#587,#588,#589,#590,#591,#592,#593,#594,#595,#596,#597,#598,#599,#600,#601,#602,#603,#604,#605,#606,#607,#608
