Name,Value,Min,Max,Type,Description,Solution_0_SELECTED,Solution_1,Solution_2,Solution_3,Solution_4,Solution_5,Solution_6,Solution_7,Solution_8,Solution_9,Solution_10,Solution_11,Solution_12,Solution_13,Solution_14,Solution_15,Solution_16,Solution_17,Solution_18,Solution_19,Solution_20,Solution_21,Solution_22,Solution_23,Solution_24,Solution_25,Solution_26,Solution_27,Solution_28,Solution_29,Solution_30,Solution_31,Solution_32,Solution_33,Solution_34,Solution_35,Solution_36,Solution_37,Solution_38,Solution_39,Solution_40,Solution_41,Solution_42,Solution_43,Solution_44,Solution_45,Solution_46,Solution_47,Solution_48,Solution_49,Solution_50,Solution_51,Solution_52,Solution_53,Solution_54,Solution_55,Solution_56,Solution_57,Solution_58,Solution_59,Solution_60,Solution_61,Solution_62,Solution_63,Solution_64,Solution_65,Solution_66,Solution_67,Solution_68,Solution_69,Solution_70,Solution_71,Solution_72,Solution_73,Solution_74,Solution_75,Solution_76,Solution_77,Solution_78,Solution_79,Solution_80,Solution_81,Solution_82,Solution_83,Solution_84,Solution_85,Solution_86,Solution_87,Solution_88,Solution_89,Solution_90,Solution_91,Solution_92,Solution_93,Solution_94,Solution_95,Solution_96,Solution_97,Solution_98,Solution_99,Solution_100,Solution_101,Solution_102,Solution_103,Solution_104,Solution_105,Solution_106,Solution_107,Solution_108,Solution_109,Solution_110,Solution_111,Solution_112,Solution_113,Solution_114,Solution_115,Solution_116,Solution_117,Solution_118,Solution_119,Solution_120,Solution_121,Solution_122,Solution_123,Solution_124,Solution_125,Solution_126,Solution_127,Solution_128,Solution_129,Solution_130,Solution_131,Solution_132,Solution_133,Solution_134,Solution_135,Solution_136,Solution_137,Solution_138,Solution_139,Solution_140,Solution_141,Solution_142,Solution_143,Solution_144,Solution_145,Solution_146,Solution_147,Solution_148,Solution_149,Solution_150,Solution_151,Solution_152,Solution_153,Solution_154,Solution_155,Solution_156,Solution_157,Solution_158,Solution_159,Solution_160,Solution_161,Solution_162,Solution_163,Solution_164,Solution_165,Solution_166,Solution_167,Solution_168,Solution_169,Solution_170,Solution_171,Solution_172,Solution_173,Solution_174,Solution_175,Solution_176,Solution_177,Solution_178,Solution_179,Solution_180,Solution_181,Solution_182,Solution_183,Solution_184,Solution_185,Solution_186,Solution_187,Solution_188,Solution_189,Solution_190,Solution_191,Solution_192,Solution_193,Solution_194,Solution_195,Solution_196,Solution_197,Solution_198,Solution_199,Solution_200,Solution_201,Solution_202,Solution_203,Solution_204,Solution_205,Solution_206,Solution_207,Solution_208,Solution_209,Solution_210,Solution_211,Solution_212,Solution_213,Solution_214,Solution_215,Solution_216,Solution_217,Solution_218,Solution_219,Solution_220,Solution_221,Solution_222,Solution_223,Solution_224,Solution_225,Solution_226,Solution_227,Solution_228,Solution_229,Solution_230,Solution_231,Solution_232,Solution_233,Solution_234,Solution_235,Solution_236,Solution_237,Solution_238,Solution_239,Solution_240,Solution_241,Solution_242,Solution_243,Solution_244,Solution_245,Solution_246,Solution_247,Solution_248,Solution_249,Solution_250,Solution_251,Solution_252,Solution_253,Solution_254,Solution_255,Solution_256,Solution_257,Solution_258,Solution_259,Solution_260,Solution_261,Solution_262,Solution_263,Solution_264,Solution_265,Solution_266,Solution_267,Solution_268,Solution_269,Solution_270,Solution_271,Solution_272,Solution_273,Solution_274,Solution_275,Solution_276,Solution_277,Solution_278,Solution_279,Solution_280,Solution_281,Solution_282,Solution_283,Solution_284,Solution_285,Solution_286,Solution_287,Solution_288,Solution_289,Solution_290,Solution_291,Solution_292,Solution_293,Solution_294,Solution_295,Solution_296,Solution_297,Solution_298,Solution_299,Solution_300,Solution_301,Solution_302,Solution_303,Solution_304,Solution_305,Solution_306,Solution_307,Solution_308,Solution_309,Solution_310,Solution_311,Solution_312,Solution_313,Solution_314,Solution_315,Solution_316,Solution_317,Solution_318,Solution_319,Solution_320,Solution_321,Solution_322,Solution_323,Solution_324,Solution_325,Solution_326,Solution_327,Solution_328,Solution_329,Solution_330,Solution_331,Solution_332,Solution_333,Solution_334,Solution_335,Solution_336,Solution_337,Solution_338,Solution_339,Solution_340,Solution_341,Solution_342,Solution_343,Solution_344,Solution_345,Solution_346,Solution_347,Solution_348,Solution_349,Solution_350,Solution_351,Solution_352,Solution_353,Solution_354,Solution_355,Solution_356,Solution_357,Solution_358,Solution_359,Solution_360,Solution_361,Solution_362,Solution_363,Solution_364,Solution_365,Solution_366,Solution_367,Solution_368,Solution_369,Solution_370,Solution_371,Solution_372,Solution_373,Solution_374,Solution_375,Solution_376,Solution_377,Solution_378,Solution_379,Solution_380,Solution_381,Solution_382,Solution_383,Solution_384,Solution_385,Solution_386,Solution_387,Solution_388,Solution_389,Solution_390,Solution_391,Solution_392,Solution_393,Solution_394,Solution_395,Solution_396,Solution_397,Solution_398,Solution_399,Solution_400,Solution_401,Solution_402,Solution_403,Solution_404,Solution_405,Solution_406,Solution_407,Solution_408,Solution_409,Solution_410,Solution_411,Solution_412,Solution_413,Solution_414,Solution_415,Solution_416,Solution_417,Solution_418,Solution_419,Solution_420,Solution_421,Solution_422,Solution_423,Solution_424,Solution_425,Solution_426,Solution_427,Solution_428,Solution_429,Solution_430,Solution_431,Solution_432,Solution_433,Solution_434,Solution_435,Solution_436,Solution_437,Solution_438,Solution_439,Solution_440,Solution_441,Solution_442,Solution_443,Solution_444,Solution_445,Solution_446,Solution_447,Solution_448,Solution_449,Solution_450,Solution_451,Solution_452,Solution_453,Solution_454,Solution_455,Solution_456,Solution_457,Solution_458,Solution_459,Solution_460,Solution_461,Solution_462,Solution_463,Solution_464,Solution_465,Solution_466,Solution_467,Solution_468,Solution_469,Solution_470,Solution_471,Solution_472,Solution_473,Solution_474,Solution_475,Solution_476,Solution_477,Solution_478,Solution_479,Solution_480,Solution_481,Solution_482,Solution_483,Solution_484,Solution_485,Solution_486,Solution_487,Solution_488,Solution_489,Solution_490,Solution_491,Solution_492,Solution_493,Solution_494,Solution_495,Solution_496,Solution_497,Solution_498,Solution_499,Solution_500,Solution_501,Solution_502,Solution_503,Solution_504,Solution_505,Solution_506,Solution_507,Solution_508,Solution_509,Solution_510,Solution_511,Solution_512,Solution_513,Solution_514,Solution_515,Solution_516,Solution_517,Solution_518,Solution_519,Solution_520,Solution_521,Solution_522,Solution_523,Solution_524,Solution_525,Solution_526,Solution_527,Solution_528,Solution_529,Solution_530,Solution_531,Solution_532,Solution_533,Solution_534,Solution_535,Solution_536,Solution_537,Solution_538,Solution_539,Solution_540,Solution_541,Solution_542,Solution_543,Solution_544,Solution_545,Solution_546,Solution_547,Solution_548,Solution_549,Solution_550,Solution_551,Solution_552,Solution_553,Solution_554,Solution_555,Solution_556,Solution_557,Solution_558,Solution_559,Solution_560,Solution_561,Solution_562,Solution_563,Solution_564,Solution_565,Solution_566,Solution_567,Solution_568,Solution_569,Solution_570,Solution_571,Solution_572,Solution_573,Solution_574,Solution_575,Solution_576,Solution_577,Solution_578,Solution_579,Solution_580,Solution_581,Solution_582,Solution_583,Solution_584,Solution_585,Solution_586,Solution_587,Solution_588,Solution_589,Solution_590,Solution_591,Solution_592,Solution_593,Solution_594,Solution_595,Solution_596,Solution_597,Solution_598,Solution_599,Solution_600,Solution_601,Solution_602,Solution_603,Solution_604,Solution_605,Solution_606,Solution_607,Solution_608,Solution_609,Solution_610,Solution_611,Solution_612,Solution_613,Solution_614,Solution_615,Solution_616,Solution_617,Solution_618,Solution_619,Solution_620,Solution_621,Solution_622,Solution_623,Solution_624,Solution_625,Solution_626,Solution_627,Solution_628,Solution_629,Solution_630,Solution_631,Solution_632,Solution_633,Solution_634,Solution_635,Solution_636,Solution_637,Solution_638,Solution_639,Solution_640,Solution_641,Solution_642,Solution_643,Solution_644,Solution_645,Solution_646,Solution_647,Solution_648,Solution_649,Solution_650,Solution_651,Solution_652,Solution_653,Solution_654,Solution_655,Solution_656,Solution_657,Solution_658,Solution_659,Solution_660,Solution_661,Solution_662,Solution_663,Solution_664,Solution_665,Solution_666,Solution_667,Solution_668,Solution_669,Solution_670,Solution_671,Solution_672,Solution_673,Solution_674,Solution_675,Solution_676,Solution_677,Solution_678,Solution_679,Solution_680,Solution_681,Solution_682,Solution_683,Solution_684,Solution_685,Solution_686,Solution_687,Solution_688,Solution_689,Solution_690,Solution_691,Solution_692,Solution_693,Solution_694,Solution_695,Solution_696,Solution_697,Solution_698,Solution_699,Solution_700,Solution_701,Solution_702,Solution_703,Solution_704,Solution_705,Solution_706,Solution_707,Solution_708,Solution_709,Solution_710,Solution_711,Solution_712,Solution_713,Solution_714,Solution_715,Solution_716,Solution_717,Solution_718,Solution_719,Solution_720,Solution_721,Solution_722,Solution_723,Solution_724,Solution_725,Solution_726,Solution_727,Solution_728,Solution_729,Solution_730,Solution_731,Solution_732,Solution_733,Solution_734,Solution_735,Solution_736,Solution_737,Solution_738,Solution_739,Solution_740,Solution_741,Solution_742,Solution_743,Solution_744,Solution_745,Solution_746,Solution_747,Solution_748,Solution_749,Solution_750,Solution_751,Solution_752,Solution_753,Solution_754,Solution_755,Solution_756,Solution_757,Solution_758,Solution_759,Solution_760,Solution_761,Solution_762,Solution_763,Solution_764,Solution_765,Solution_766,Solution_767,Solution_768,Solution_769,Solution_770,Solution_771,Solution_772,Solution_773,Solution_774,Solution_775,Solution_776,Solution_777,Solution_778,Solution_779,Solution_780,Solution_781,Solution_782,Solution_783,Solution_784,Solution_785,Solution_786,Solution_787,Solution_788,Solution_789,Solution_790,Solution_791,Solution_792,Solution_793,Solution_794,Solution_795,Solution_796,Solution_797,Solution_798,Solution_799,Solution_800,Solution_801,Solution_802,Solution_803,Solution_804,Solution_805,Solution_806,Solution_807,Solution_808,Solution_809,Solution_810,Solution_811,Solution_812,Solution_813,Solution_814,Solution_815,Solution_816,Solution_817,Solution_818,Solution_819,Solution_820,Solution_821,Solution_822,Solution_823,Solution_824,Solution_825,Solution_826,Solution_827,Solution_828,Solution_829,Solution_830,Solution_831,Solution_832,Solution_833,Solution_834,Solution_835,Solution_836,Solution_837,Solution_838,Solution_839,Solution_840,Solution_841,Solution_842,Solution_843,Solution_844,Solution_845,Solution_846,Solution_847,Solution_848,Solution_849,Solution_850,Solution_851,Solution_852,Solution_853,Solution_854,Solution_855,Solution_856,Solution_857,Solution_858,Solution_859,Solution_860,Solution_861,Solution_862,Solution_863,Solution_864,Solution_865,Solution_866,Solution_867,Solution_868,Solution_869,Solution_870,Solution_871,Solution_872,Solution_873,Solution_874,Solution_875,Solution_876,Solution_877,Solution_878,Solution_879,Solution_880,Solution_881,Solution_882,Solution_883,Solution_884,Solution_885,Solution_886,Solution_887,Solution_888,Solution_889,Solution_890,Solution_891,Solution_892,Solution_893,Solution_894,Solution_895,Solution_896,Solution_897,Solution_898,Solution_899,Solution_900,Solution_901,Solution_902,Solution_903,Solution_904,Solution_905,Solution_906,Solution_907,Solution_908,Solution_909,Solution_910,Solution_911,Solution_912,Solution_913,Solution_914,Solution_915,Solution_916,Solution_917,Solution_918,Solution_919,Solution_920,Solution_921,Solution_922,Solution_923,Solution_924,Solution_925,Solution_926,Solution_927,Solution_928,Solution_929,Solution_930,Solution_931,Solution_932
__indicatorName,BB Strategy,,,,Strategy identifier,,,,,,,,,,,,,,,,,,,,,,,,,,,,,,,,,,,,,,,,,,,,,,,,,,,,,,,,,,,,,,,,,,,,,,,,,,,,,,,,,,,,,,,,,,,,,,,,,,,,,,,,,,,,,,,,,,,,,,,,,,,,,,,,,,,,,,,,,,,,,,,,,,,,,,,,,,,,,,,,,,,,,,,,,,,,,,,,,,,,,,,,,,,,,,,,,,,,,,,,,,,,,,,,,,,,,,,,,,,,,,,,,,,,,,,,,,,,,,,,,,,,,,,,,,,,,,,,,,,,,,,,,,,,,,,,,,,,,,,,,,,,,,,,,,,,,,,,,,,,,,,,,,,,,,,,,,,,,,,,,,,,,,,,,,,,,,,,,,,,,,,,,,,,,,,,,,,,,,,,,,,,,,,,,,,,,,,,,,,,,,,,,,,,,,,,,,,,,,,,,,,,,,,,,,,,,,,,,,,,,,,,,,,,,,,,,,,,,,,,,,,,,,,,,,,,,,,,,,,,,,,,,,,,,,,,,,,,,,,,,,,,,,,,,,,,,,,,,,,,,,,,,,,,,,,,,,,,,,,,,,,,,,,,,,,,,,,,,,,,,,,,,,,,,,,,,,,,,,,,,,,,,,,,,,,,,,,,,,,,,,,,,,,,,,,,,,,,,,,,,,,,,,,,,,,,,,,,,,,,,,,,,,,,,,,,,,,,,,,,,,,,,,,,,,,,,,,,,,,,,,,,,,,,,,,,,,,,,,,,,,,,,,,,,,,,,,,,,,,,,,,,,,,,,,,,,,,,,,,,,,,,,,,,,,,,,,,,,,,,,,,,,,,,,,,,,,,,,,,,,,,,,,,,,,,,,,,,,,,,,,,,,,,,,,,,,,,,,,,,,,,,,,,,,,,,,,,,,,,,,,,,,,,,,,,,,,,,,,,,,,,,,,,,,,,,,,,,,,,,,,,,,,,,,,,,,,,,,,,,,,,,,,,,,,,,,,,,,,,,,,,,,,,,,,,,,,,,,,,,,,,,,,,,,,,,,
=== ENTRY CRITERIA ===,,,,,,,,,,,,,,,,,,,,,,,,,,,,,,,,,,,,,,,,,,,,,,,,,,,,,,,,,,,,,,,,,,,,,,,,,,,,,,,,,,,,,,,,,,,,,,,,,,,,,,,,,,,,,,,,,,,,,,,,,,,,,,,,,,,,,,,,,,,,,,,,,,,,,,,,,,,,,,,,,,,,,,,,,,,,,,,,,,,,,,,,,,,,,,,,,,,,,,,,,,,,,,,,,,,,,,,,,,,,,,,,,,,,,,,,,,,,,,,,,,,,,,,,,,,,,,,,,,,,,,,,,,,,,,,,,,,,,,,,,,,,,,,,,,,,,,,,,,,,,,,,,,,,,,,,,,,,,,,,,,,,,,,,,,,,,,,,,,,,,,,,,,,,,,,,,,,,,,,,,,,,,,,,,,,,,,,,,,,,,,,,,,,,,,,,,,,,,,,,,,,,,,,,,,,,,,,,,,,,,,,,,,,,,,,,,,,,,,,,,,,,,,,,,,,,,,,,,,,,,,,,,,,,,,,,,,,,,,,,,,,,,,,,,,,,,,,,,,,,,,,,,,,,,,,,,,,,,,,,,,,,,,,,,,,,,,,,,,,,,,,,,,,,,,,,,,,,,,,,,,,,,,,,,,,,,,,,,,,,,,,,,,,,,,,,,,,,,,,,,,,,,,,,,,,,,,,,,,,,,,,,,,,,,,,,,,,,,,,,,,,,,,,,,,,,,,,,,,,,,,,,,,,,,,,,,,,,,,,,,,,,,,,,,,,,,,,,,,,,,,,,,,,,,,,,,,,,,,,,,,,,,,,,,,,,,,,,,,,,,,,,,,,,,,,,,,,,,,,,,,,,,,,,,,,,,,,,,,,,,,,,,,,,,,,,,,,,,,,,,,,,,,,,,,,,,,,,,,,,,,,,,,,,,,,,,,,,,,,,,,,,,,,,,,,,,,,,,,,,,,,,,,,,,,,,,,,,,,,,,,,,,,,,,,,,,,,,,,,,,,,,,,,,,,,,,,,,,,,,,,,,,,,,,,,,,,,,,,
Enable Long Trades,true,false,true,bool,Allow long entries,,,,,,,,,,,,,,,,,,,,,,,,,,,,,,,,,,,,,,,,,,,,,,,,,,,,,,,,,,,,,,,,,,,,,,,,,,,,,,,,,,,,,,,,,,,,,,,,,,,,,,,,,,,,,,,,,,,,,,,,,,,,,,,,,,,,,,,,,,,,,,,,,,,,,,,,,,,,,,,,,,,,,,,,,,,,,,,,,,,,,,,,,,,,,,,,,,,,,,,,,,,,,,,,,,,,,,,,,,,,,,,,,,,,,,,,,,,,,,,,,,,,,,,,,,,,,,,,,,,,,,,,,,,,,,,,,,,,,,,,,,,,,,,,,,,,,,,,,,,,,,,,,,,,,,,,,,,,,,,,,,,,,,,,,,,,,,,,,,,,,,,,,,,,,,,,,,,,,,,,,,,,,,,,,,,,,,,,,,,,,,,,,,,,,,,,,,,,,,,,,,,,,,,,,,,,,,,,,,,,,,,,,,,,,,,,,,,,,,,,,,,,,,,,,,,,,,,,,,,,,,,,,,,,,,,,,,,,,,,,,,,,,,,,,,,,,,,,,,,,,,,,,,,,,,,,,,,,,,,,,,,,,,,,,,,,,,,,,,,,,,,,,,,,,,,,,,,,,,,,,,,,,,,,,,,,,,,,,,,,,,,,,,,,,,,,,,,,,,,,,,,,,,,,,,,,,,,,,,,,,,,,,,,,,,,,,,,,,,,,,,,,,,,,,,,,,,,,,,,,,,,,,,,,,,,,,,,,,,,,,,,,,,,,,,,,,,,,,,,,,,,,,,,,,,,,,,,,,,,,,,,,,,,,,,,,,,,,,,,,,,,,,,,,,,,,,,,,,,,,,,,,,,,,,,,,,,,,,,,,,,,,,,,,,,,,,,,,,,,,,,,,,,,,,,,,,,,,,,,,,,,,,,,,,,,,,,,,,,,,,,,,,,,,,,,,,,,,,,,,,,,,,,,,,,,,,,,,,,,,,,,,,,,,,,,,,,,,,,,,,,,,,,,,,,,,,,,,,,,,,,,,,,,,,,,,,
Enable Short Trades,true,false,true,bool,Allow short entries,,,,,,,,,,,,,,,,,,,,,,,,,,,,,,,,,,,,,,,,,,,,,,,,,,,,,,,,,,,,,,,,,,,,,,,,,,,,,,,,,,,,,,,,,,,,,,,,,,,,,,,,,,,,,,,,,,,,,,,,,,,,,,,,,,,,,,,,,,,,,,,,,,,,,,,,,,,,,,,,,,,,,,,,,,,,,,,,,,,,,,,,,,,,,,,,,,,,,,,,,,,,,,,,,,,,,,,,,,,,,,,,,,,,,,,,,,,,,,,,,,,,,,,,,,,,,,,,,,,,,,,,,,,,,,,,,,,,,,,,,,,,,,,,,,,,,,,,,,,,,,,,,,,,,,,,,,,,,,,,,,,,,,,,,,,,,,,,,,,,,,,,,,,,,,,,,,,,,,,,,,,,,,,,,,,,,,,,,,,,,,,,,,,,,,,,,,,,,,,,,,,,,,,,,,,,,,,,,,,,,,,,,,,,,,,,,,,,,,,,,,,,,,,,,,,,,,,,,,,,,,,,,,,,,,,,,,,,,,,,,,,,,,,,,,,,,,,,,,,,,,,,,,,,,,,,,,,,,,,,,,,,,,,,,,,,,,,,,,,,,,,,,,,,,,,,,,,,,,,,,,,,,,,,,,,,,,,,,,,,,,,,,,,,,,,,,,,,,,,,,,,,,,,,,,,,,,,,,,,,,,,,,,,,,,,,,,,,,,,,,,,,,,,,,,,,,,,,,,,,,,,,,,,,,,,,,,,,,,,,,,,,,,,,,,,,,,,,,,,,,,,,,,,,,,,,,,,,,,,,,,,,,,,,,,,,,,,,,,,,,,,,,,,,,,,,,,,,,,,,,,,,,,,,,,,,,,,,,,,,,,,,,,,,,,,,,,,,,,,,,,,,,,,,,,,,,,,,,,,,,,,,,,,,,,,,,,,,,,,,,,,,,,,,,,,,,,,,,,,,,,,,,,,,,,,,,,,,,,,,,,,,,,,,,,,,,,,,,,,,,,,,,,,,,,,,,,,,,,,,,,,,,,,,,,,,,
Bollinger Band Length,30,2,100,int,Lookback period for BB,2,2,2,2,2,2,2,2,2,2,2,2,2,2,2,2,2,2,2,2,2,2,2,2,2,2,2,2,2,2,2,2,2,2,2,2,2,2,2,2,2,2,2,2,2,2,2,2,2,2,2,2,2,3,2,2,3,2,2,2,2,2,2,2,2,2,2,2,2,2,2,2,2,2,2,2,2,2,2,2,2,2,2,2,2,2,2,2,2,2,2,2,2,2,2,2,2,2,2,2,2,2,2,2,2,2,2,2,2,2,2,2,2,2,2,2,2,2,2,2,2,2,2,2,2,2,2,2,2,2,2,2,2,2,2,2,2,2,2,2,2,3,2,2,2,2,2,2,2,2,2,5,2,4,2,4,2,2,2,2,2,2,2,2,2,2,2,6,2,2,2,2,2,2,2,2,2,2,2,2,2,2,2,2,2,2,2,2,2,2,2,2,4,2,2,2,2,7,5,2,2,2,2,2,2,4,2,6,2,2,2,2,2,3,6,8,4,2,2,2,2,2,5,6,7,6,2,2,9,9,3,2,6,8,8,2,2,2,8,7,2,2,5,2,12,8,8,12,2,7,7,6,7,8,2,7,2,7,7,2,2,2,7,6,2,7,2,2,2,5,11,2,6,9,7,8,6,2,12,10,2,2,10,10,2,10,2,9,9,12,7,2,10,18,11,10,2,2,9,11,6,11,14,14,13,16,10,11,2,13,17,11,10,19,16,16,10,2,13,7,2,13,14,10,10,7,18,12,13,13,2,8,12,16,16,6,14,33,17,10,12,13,12,11,19,19,13,6,12,2,13,2,12,15,11,24,24,19,28,12,11,15,20,20,16,3,6,7,17,24,2,10,15,13,13,7,10,29,23,20,23,23,12,15,15,15,23,12,6,2,16,15,17,2,23,22,6,10,22,27,19,25,24,15,19,21,20,23,7,26,16,8,11,25,25,6,27,19,19,12,8,20,27,14,21,13,25,2,2,2,2,2,2,2,2,2,2,2,2,2,2,2,2,2,3,3,2,3,3,2,2,2,2,2,2,2,2,2,2,2,2,2,2,2,2,2,2,2,2,2,2,2,2,2,2,2,2,2,2,2,2,2,2,2,2,2,2,2,2,2,2,2,2,16,3,2,2,13,4,24,3,3,2,2,2,17,2,3,24,23,2,2,25,25,12,2,25,2,21,26,21,3,9,2,33,18,24,2,24,26,36,23,23,10,22,28,26,34,26,2,29,2,25,55,36,41,2,13,24,12,19,2,6,2,27,2,2,2,34,16,28,2,32,39,24,26,31,5,2,30,28,11,29,31,2,35,2,10,27,35,12,37,37,28,37,8,48,16,49,40,14,28,26,32,30,2,15,42,26,43,12,3,37,21,2,2,9,50,40,35,6,33,29,5,37,49,32,5,15,7,12,37,5,47,26,8,6,43,8,50,2,2,33,2,28,50,2,22,37,11,21,43,2,11,11,29,32,2,2,15,24,49,37,32,36,9,26,49,34,36,18,23,49,12,23,12,28,28,24,32,60,31,55,20,16,23,27,11,36,2,36,48,17,36,11,46,51,23,63,63,36,20,2,46,27,35,2,31,18,28,2,33,48,32,30,2,2,37,46,2,31,63,2,63,67,31,18,51,2,2,42,2,2,2,2,2,63,14,32,24,2,27,33,2,2,18,46,2,19,20,2,32,32,65,41,2,55,2,87,2,3,87,30,2,2,17,22,2,2,41,38,2,2,2,2,2,87,25,47,48,2,2,23,67,23,4,2,2,100,13,2,2,22,28,50,57,5,2,29,50,25,36,41,67,63,2,2,2,2,22,33,23,2,2,34,50,27,48,39,33,78,31,37,87,67,44,59,28,100,63,60,44,15,58,63,44,41,100,44,49,47,47,50,62,49,25,59,2,49,50,2,34,36,34,51,53,48,12,47,44,34,37,60,19,33,77,9,70,7,34,34,2,37,25,5,11,2,44,42,2,2,2,37,24,34,29,25,9,25,46,46,2,34,34,42,56,9,48,34,34,34,2,44,36,84,10,31,29,28,2,2,2,25,34,23,19,73,34,37,28,86,12,12,36,2,86,2,14,12,44,2,34,34,12,2,50,50,81,81,2,2,2,2
Bollinger Band StdDev,2.0,0.5,5.0,float,StdDev multiplier for BB width,1.9762,1.7045,1.5965,1.6037,1.5492,1.7722,1.4065,1.5169,1.1515,1.1515,1.1515,1.1515,1.1104,0.5,0.5,0.5,0.5,0.7018,0.7018,0.6322,1.9167,1.8504,1.9771,1.4245,1.7317,1.9167,1.6249,1.6249,1.6728,1.7278,1.9167,1.6841,2.1134,0.9523,2.0777,1.7937,2.0777,1.0054,1.0054,1.1512,2.3,2.3,0.5,2.3925,1.1512,2.3925,1.1512,0.9632,3.9218,2.0306,2.1144,1.7461,2.3444,2.8293,3.3632,3.3059,1.7473,1.7461,4.2738,0.5,1.6249,1.6249,2.1435,2.1808,1.1601,4.5928,3.8966,2.18,1.7512,1.257,0.5,1.5815,2.9966,3.3514,1.5391,1.5391,2.0645,2.1876,2.8206,2.6686,2.4279,4.4521,1.0054,1.853,2.8271,1.8417,1.8381,1.733,2.5756,2.1419,2.4949,1.9074,3.3436,3.5192,4.2791,2.6944,1.6692,2.0974,2.3873,3.7777,2.0178,1.721,2.7658,2.6497,4.2791,3.6292,3.4603,3.2739,3.2739,3.3445,3.3445,0.5,3.1461,3.5965,0.5,0.5,3.528,2.5406,1.9284,2.9201,2.5896,3.9641,3.5539,2.6304,2.6304,3.5878,2.5909,1.6523,1.6523,3.3356,3.5176,3.4841,1.9206,3.8294,3.5192,2.4645,3.8294,3.8294,3.7673,3.3514,3.6028,2.316,3.8958,3.5808,3.5808,3.8294,0.68,3.6268,0.6608,0.6608,4.5748,2.0092,3.7931,2.159,5.0,2.1738,1.1355,4.1741,4.4367,4.3422,3.7886,2.9649,4.8461,0.5,4.2939,2.6176,5.0,2.2593,1.3411,0.9278,1.1421,1.0688,0.5,0.5573,0.5573,0.659,0.5772,0.6791,4.1326,0.5,0.5,1.9206,0.5,0.5,2.949,0.7018,0.7018,0.6813,0.5,1.4285,0.7402,4.4464,2.0214,3.4845,1.8916,3.4545,3.9557,1.637,1.4889,3.2323,1.6249,4.2791,1.5221,4.2791,3.7304,1.8648,4.6348,2.3517,1.9801,2.0276,1.9811,3.7671,3.7671,1.3288,2.0898,2.3489,2.1401,3.4514,2.3268,2.1694,3.3772,2.4917,2.0855,2.7574,2.2139,1.3898,2.5629,2.1467,1.6706,2.1513,2.9921,2.3149,2.4608,1.7611,2.3568,4.4474,2.4691,4.4474,1.807,1.6719,2.6057,3.8255,3.3765,3.6943,2.4739,2.3568,2.3568,2.4625,2.0327,2.1315,2.1314,1.3956,2.1315,2.097,2.259,1.5471,3.1045,2.1315,2.1315,4.3351,4.4469,1.1792,2.1315,1.449,3.78,2.1315,3.6486,2.2405,3.6486,2.784,1.8592,3.9482,2.0927,1.4886,1.5166,1.721,1.3848,3.8316,2.508,1.7363,0.6925,0.6322,1.7363,1.7363,1.7227,1.7661,1.7919,2.3232,2.3232,1.6316,2.1871,1.8311,1.7709,2.4903,2.0067,1.7661,3.5873,5.0,2.1011,0.5547,3.124,2.0067,2.6097,2.6097,1.8369,1.4809,1.7575,1.7022,5.0,1.4008,2.6828,2.0067,1.2097,2.0726,2.0876,1.8032,1.7066,2.4716,1.6519,1.6688,4.5106,1.6666,1.8044,1.6519,1.6519,2.7161,2.583,1.4434,1.9432,1.957,0.5,1.5712,1.8908,2.1345,2.1345,1.8443,1.9746,1.9582,1.9268,2.2955,1.8083,1.6228,1.5045,1.4999,2.0726,2.0726,2.1501,1.4722,1.5045,2.8179,1.7069,5.0,1.8439,1.4894,1.6158,1.6596,1.6596,2.0726,2.5913,1.5045,1.6351,1.8171,2.6536,2.6932,2.1345,2.7596,1.3682,1.3123,2.1531,1.1232,2.3332,2.0181,1.8166,2.0008,2.0008,1.0586,1.4274,2.3133,2.1529,2.6521,2.1529,2.1529,1.9625,1.8166,1.8166,1.8166,2.1529,1.5045,1.2851,4.4709,1.92,1.8801,2.3244,2.328,2.1529,2.2697,1.2851,1.23,1.9187,2.1135,1.7836,2.0983,1.6968,2.0416,2.0306,2.1633,1.9149,1.7325,2.1315,1.9632,1.92,1.235,2.2131,1.9839,2.0615,1.5845,1.8012,1.6157,2.1343,1.5019,1.4275,2.0957,1.5722,1.2224,1.6402,1.8896,1.6745,2.7044,2.2984,3.3261,3.3261,2.4904,2.5087,2.9662,0.5,0.6632,0.5335,0.635,0.5,0.5,0.704,1.9581,0.5325,0.5325,0.6301,0.7797,0.6967,0.6301,0.6301,0.6722,0.5975,0.7067,0.6914,0.5,0.5,0.5,0.5,0.6737,0.6737,0.6937,0.6739,0.6737,0.6737,0.6964,0.6848,0.6821,0.5414,0.6798,0.7011,0.5,0.6968,0.7044,0.5,0.7,0.701,0.701,0.701,0.701,0.701,0.5715,0.701,0.6245,0.7035,0.6134,0.7058,0.7058,0.7062,0.7057,0.7057,0.7057,0.5,2.7774,0.503,1.3361,0.6301,0.6737,0.6959,1.7657,0.5,1.8009,0.5,0.5,0.5117,0.7221,4.0987,1.6198,0.5,0.5,1.6897,1.5741,0.6741,0.6959,2.0983,2.0983,1.6445,0.6023,2.0983,0.5,1.8828,2.4634,2.1226,0.5,1.4073,0.5,2.6943,0.9897,1.9072,0.7026,1.9072,1.6791,2.1914,1.7378,1.9949,1.2632,2.0776,1.964,1.6791,1.7475,1.6791,0.6546,2.3603,0.5,1.6942,2.32,2.2398,2.1402,2.6391,1.7365,1.6339,1.1775,2.0735,1.5055,0.5,0.6738,2.075,0.7619,0.7619,0.7619,1.3622,2.5652,1.8939,2.1465,1.3561,1.9193,1.8773,1.7163,2.1078,0.5,0.6774,1.6199,1.6556,1.5958,2.1311,1.6924,0.7619,2.0646,0.5,0.5,1.9519,2.0659,2.3022,1.6086,1.6086,1.6556,1.7733,1.3613,1.8531,1.5405,1.7591,2.1165,1.3821,1.8469,2.0931,2.4505,1.6226,2.7196,1.5797,1.8826,1.8101,1.6286,1.7998,0.5,1.7733,1.2117,0.6788,0.5068,1.5084,1.9642,2.1412,1.6804,1.4048,1.6033,2.1311,0.5,1.827,1.7327,1.8852,0.7881,1.4101,0.5,1.1447,1.7733,0.6742,2.0603,1.8101,0.5,1.0071,1.6286,1.1947,1.7361,0.5343,0.6947,1.7138,0.5,2.1033,1.9642,0.661,1.5965,2.098,1.4085,1.9676,1.6286,0.5767,1.5441,0.5,1.9621,2.5811,0.5279,0.5773,1.1905,1.5993,1.6456,1.6613,2.4505,1.4108,1.2143,1.8774,1.7091,1.7448,1.9127,1.4014,1.7457,1.7327,2.2072,1.8339,1.6091,1.8588,1.8588,1.7623,0.7343,2.0007,1.6525,1.5413,1.4368,0.967,1.6215,1.9216,1.4876,1.9005,0.5,1.9127,2.0596,1.9265,1.6446,1.4396,1.5955,1.7339,1.6215,1.7638,1.7638,1.9005,1.6262,0.6741,1.5955,1.9216,1.7913,0.5,1.9894,1.4157,0.9095,0.6799,1.7894,1.6114,0.9701,1.9892,0.6738,0.6738,1.8929,1.5955,0.6781,1.6525,1.7638,0.6824,1.7638,2.122,1.5941,1.4982,1.7339,0.6899,0.6741,1.1671,0.6741,0.6741,0.6727,0.6741,0.6741,1.7638,0.9712,2.0656,1.9695,0.6981,1.9411,2.0721,0.6785,0.6737,1.8903,1.7509,0.6785,1.7533,1.0058,0.6565,1.8971,1.8204,1.7744,1.7571,0.6739,1.7549,0.6803,1.5534,0.6834,0.5,1.5534,1.2314,0.682,0.6741,1.7581,1.2279,0.6741,0.682,2.1739,1.4473,0.6791,0.6791,0.6791,0.6791,0.682,1.5534,1.4313,1.4436,1.492,0.6818,0.6733,1.8246,2.122,1.0249,0.8306,0.6803,0.6803,1.3181,0.9733,0.6266,0.6745,1.3964,1.9411,1.2082,1.7217,1.0527,0.6689,1.744,0.5,1.7939,1.9375,1.1967,2.122,1.3949,0.6803,0.6803,0.6803,0.6537,1.5681,1.8871,0.7124,0.6568,0.6568,1.0851,1.5256,1.9411,1.6838,1.4835,2.0721,1.3077,1.7793,1.4801,1.5534,1.6414,1.114,1.0792,0.8641,1.2202,1.1732,0.5,1.5347,1.2337,1.0247,1.5811,1.3444,1.8669,1.0706,0.9444,1.6253,2.1128,1.1014,0.5,1.5864,1.7288,1.8196,0.8053,0.64,1.7288,0.5,1.3175,1.54,1.6469,1.54,1.8016,1.22,1.0463,0.5,1.4528,1.5379,1.4262,1.7882,0.5939,1.1133,1.3605,1.6441,0.6456,2.0087,0.5,1.54,1.6469,0.5174,1.256,0.9202,0.5042,0.5681,0.5,1.209,0.8464,0.5,0.5,0.5,1.4198,1.077,1.0599,0.7892,0.723,2.3642,0.723,1.6119,1.191,0.6359,1.5806,1.4791,0.9398,0.933,0.8481,0.5,1.0599,1.0599,1.0599,0.6644,1.209,1.044,1.3029,0.7484,1.601,0.9654,0.9831,0.5503,0.5503,0.637,1.061,1.4352,1.6494,0.5566,1.4661,0.7883,1.1592,1.6764,0.9924,0.7831,0.7831,1.0661,0.9577,1.0883,1.4689,0.6571,0.5498,1.209,0.5646,1.0599,1.0599,0.7831,0.5845,0.5,0.5306,0.9358,0.9358,0.5,0.5936,0.5857,0.5
Long Entry on Wick Touch,0,0,1,int,"Enter if low touches lower band (0=false, 1=true) - OPTIMIZABLE",0,0,0,0,0,0,0,0,0,0,0,0,1,0,1,0,0,0,0,1,0,0,0,0,1,0,0,0,0,0,0,0,0,1,0,0,0,0,0,0,0,0,1,0,0,0,0,0,0,0,0,0,0,1,0,0,0,0,0,0,0,0,0,0,1,0,0,0,0,0,0,0,0,0,0,0,0,0,0,0,0,0,0,0,0,0,0,0,0,0,0,0,0,0,0,0,1,0,0,0,0,0,0,0,0,0,0,0,0,0,0,0,0,0,0,0,0,0,0,0,0,0,0,0,0,0,0,0,0,0,0,0,0,0,0,0,0,0,0,0,0,1,0,0,0,0,1,0,1,1,0,1,0,1,0,1,1,0,0,0,0,0,0,1,0,0,0,1,0,0,1,1,1,1,1,0,1,0,0,0,0,0,0,0,0,1,1,1,0,1,1,0,1,1,0,0,1,0,0,0,0,0,0,0,0,1,0,0,0,0,0,1,1,1,1,1,1,0,1,0,0,0,1,1,0,0,0,0,0,0,1,0,1,1,0,1,0,1,0,0,0,0,1,0,1,0,0,1,1,1,1,0,1,1,0,0,0,1,1,0,1,0,1,0,0,1,0,0,0,1,0,0,1,0,0,0,0,0,1,0,1,1,0,0,0,0,1,1,1,0,1,0,0,0,0,0,1,0,1,0,1,0,1,1,0,0,0,0,0,0,1,0,0,0,0,0,0,1,0,1,0,0,0,0,0,0,1,0,1,1,1,1,0,1,1,1,0,1,0,1,1,0,0,0,0,0,1,1,0,0,0,1,1,0,1,0,0,0,0,0,1,0,1,1,1,1,0,0,1,1,1,0,0,1,1,0,0,0,1,1,1,1,0,0,0,0,1,0,0,0,0,0,1,0,1,0,0,1,0,0,0,0,1,1,1,1,0,0,1,0,0,0,1,0,0,0,0,1,1,1,0,0,0,1,0,0,0,1,1,0,0,0,1,1,1,0,1,0,0,1,1,0,1,1,1,1,1,1,1,1,1,1,1,1,1,1,1,1,1,1,1,1,1,1,1,1,1,1,1,0,0,1,0,1,1,1,1,1,1,0,1,1,1,1,1,1,1,1,1,1,1,0,0,0,1,1,1,0,1,1,1,1,0,1,0,1,1,1,0,1,1,1,0,0,0,1,0,0,1,1,0,1,1,1,0,1,0,1,0,0,1,0,0,1,1,0,0,0,0,1,0,0,0,1,0,1,1,1,0,0,1,1,0,0,1,1,1,1,0,1,0,1,0,0,1,0,1,1,0,0,0,0,1,0,1,1,1,1,1,0,0,0,0,0,0,1,0,0,0,1,0,0,0,1,0,1,1,0,0,1,0,1,0,0,1,1,0,0,1,0,0,1,1,1,0,1,0,1,0,0,1,0,0,0,0,0,1,1,0,0,0,1,0,0,0,1,1,0,1,0,1,1,1,0,0,1,1,1,1,1,0,1,0,1,0,0,1,1,0,0,1,0,1,1,0,0,0,0,1,0,0,1,0,0,0,1,1,0,0,1,0,1,1,0,1,0,1,1,1,1,0,0,1,0,1,1,1,0,0,0,1,1,0,1,1,0,0,0,0,1,1,1,1,1,0,1,0,1,1,1,0,1,1,1,1,1,1,0,1,0,1,1,1,1,1,1,0,1,0,0,0,0,0,0,0,1,1,1,0,1,1,0,0,1,1,1,0,1,1,0,0,1,1,1,1,1,0,0,0,0,1,1,0,0,0,0,1,1,0,0,1,1,1,1,1,0,0,1,1,1,0,0,0,0,1,1,1,1,1,0,0,1,1,1,1,0,1,0,0,1,1,0,0,0,0,0,1,0,0,1,1,0,1,0,1,0,0,0,1,0,1,0,1,0,0,1,1,1,0,1,1,1,0,1,1,0,0,0,1,0,1,1,1,0,1,0,1,0,1,1,0,0,1,1,0,0,0,1,1,0,0,0,1,0,1,0,1,1,1,0,0,1,1,1,1,0,0,1,1,1,1,1,1,0,0,0,1,1,0,1,1,1,1,1,0,1,1,1,1,0,1,0,0,0,1,1,1,0,0,1,1,1,1,0,0,1,1,1,1,1,1,1,1
Long Entry on Body in Zone,1,0,1,int,"Enter if close ≤ lower band (0=false, 1=true) - OPTIMIZABLE",1,1,1,1,1,1,1,1,1,1,1,1,1,1,1,1,1,1,1,1,1,1,1,1,1,1,1,1,1,1,1,1,1,1,1,1,1,1,1,0,1,1,1,1,0,1,0,0,1,1,1,1,1,1,1,1,1,1,1,1,1,1,1,1,1,1,1,1,1,1,1,1,1,1,1,1,1,1,1,1,1,1,1,1,1,1,1,1,1,1,1,1,1,1,1,1,1,1,1,1,1,1,1,1,1,1,1,1,1,1,1,1,1,1,1,1,1,1,1,1,1,1,1,1,1,1,1,1,1,1,1,1,1,1,1,1,1,1,1,1,1,1,1,1,1,1,1,1,1,1,1,1,1,1,1,1,0,1,1,1,1,1,1,1,1,1,1,1,1,1,1,1,0,1,1,1,1,1,1,1,1,1,1,1,1,1,1,1,1,1,1,1,1,1,1,1,1,1,1,1,1,1,1,1,1,1,1,1,1,1,1,1,1,1,1,1,1,1,1,1,1,1,1,1,1,1,1,1,1,1,1,1,1,1,1,1,1,1,1,1,0,1,1,1,1,1,1,1,1,1,1,1,1,1,1,1,1,1,1,1,1,1,1,1,1,1,1,1,1,1,1,1,1,1,1,1,1,1,1,1,1,1,1,1,1,1,1,1,1,1,1,1,1,1,1,1,1,1,1,1,1,1,1,1,1,1,1,1,1,0,1,1,1,1,1,1,1,1,1,1,1,1,1,1,1,1,1,1,1,1,1,1,1,1,1,1,1,1,1,1,1,1,1,1,1,1,1,1,1,1,1,1,1,1,1,1,1,1,1,1,1,1,1,1,1,1,1,1,1,1,1,1,1,1,1,1,1,1,1,1,1,1,1,1,1,1,1,1,1,1,1,1,1,1,1,1,1,0,1,1,1,1,1,1,1,1,1,1,1,1,1,1,1,1,1,1,1,1,1,1,1,1,1,1,1,1,1,1,1,0,0,1,1,1,1,1,1,1,1,1,1,1,1,1,1,1,1,1,1,1,1,1,1,1,1,1,1,1,1,1,1,1,1,1,1,1,1,1,1,1,1,1,1,1,1,1,1,1,1,1,1,1,1,1,1,1,1,1,1,1,1,1,1,1,1,1,1,1,1,1,1,1,1,1,1,1,1,1,1,1,1,1,1,1,1,1,1,1,1,1,1,1,1,1,1,0,1,1,1,1,1,1,1,1,1,0,1,1,1,1,1,1,1,1,1,1,1,1,1,1,1,1,1,1,1,1,1,1,1,1,1,1,1,1,1,1,1,1,1,1,1,1,1,1,1,1,1,1,1,1,1,1,1,1,1,1,1,1,1,1,1,1,1,1,1,1,1,1,1,1,1,1,1,1,1,1,1,1,1,1,1,1,1,1,1,1,1,1,1,1,1,1,1,1,1,1,1,1,1,1,1,1,1,1,1,1,1,1,1,1,1,1,1,1,1,1,1,1,1,0,1,1,1,1,1,1,1,1,1,1,1,1,1,1,1,1,1,1,1,1,1,1,1,1,1,1,1,1,1,1,1,1,1,1,1,1,1,1,1,1,1,1,1,1,1,1,1,1,1,1,1,1,1,1,1,1,1,1,1,1,1,1,1,1,1,1,1,1,1,1,1,1,1,1,1,1,1,1,1,1,1,1,1,1,1,1,1,1,1,1,1,1,1,1,1,1,1,1,1,1,1,1,1,1,1,1,1,1,1,1,1,1,1,1,1,1,1,1,1,1,1,1,1,1,1,1,1,1,1,1,1,1,1,1,1,1,1,1,1,1,1,1,1,1,1,1,1,1,1,1,1,1,1,1,1,1,1,1,1,1,1,1,1,1,1,1,1,1,1,1,1,1,1,1,1,1,1,1,1,1,1,1,1,1,1,1,1,1,1,1,1,1,1,1,1,1,1,1,1,1,1,1,1,1,1,1,1,1,1,1,1,1,1,1,1,1,1,1,1,1,1,1,1,1,1,1,1,1,1,1,1,1,1,1,1,1,1,1,1,1,1,1,1,1,1,1,1,1,1,1,1,1,1,1,1,1,1,1,1,1,1,1,1,1,1,1,0,1,1,1,1,1,1,1,1,1,1,1,1,1,1,1,1
Long Trigger (% From Lower Band),0.5,0,2.0,float,% below lower band to trigger (min 0.5% to avoid band extremes),0.0,0.0,0.0,0.0,0.0,0.0,0.0,0.1605,0.0,0.0,0.0,0.0,0.829,0.0234,0.0945,0.0753,0.023,1.4827,0.848,0.1035,0.0,0.0,0.0,0.0,0.0,0.0,0.0,0.0,0.0,0.0,0.0,0.0,0.0,0.0708,0.0,0.945,0.0,0.0,0.0,0.455,0.0,0.0,0.14,0.0,0.455,0.0,0.455,0.455,0.0,0.0,0.0,0.0,0.0,0.0,0.0,0.0,1.1801,0.0,0.0,0.0234,0.0,0.0,0.0,0.0,0.0642,0.0,0.0,0.0,0.0,0.0,0.17,0.0,0.0,0.0,0.0,0.0,0.0,0.0,0.0,0.0,0.0,0.0,0.0,0.1053,0.0,0.0,0.0,0.0,0.0,0.0,0.0,0.0,0.0,0.0,0.0,0.0,0.0492,0.0518,0.0,0.0,0.0792,0.0017,0.0,0.0,0.0,0.0,0.0,0.0,0.0,0.0,0.0,1.4143,0.0,0.0,1.4143,1.4143,0.0,0.0,0.0017,0.0,0.0,0.0,0.0,0.0,0.0,0.0,0.0,0.0,0.0,0.0,0.0,0.0,0.0,0.0,0.0,0.0,0.0,0.0,0.0,0.0,0.0,0.0534,0.0,0.0,0.0,0.0,0.1599,0.0,0.17,0.17,0.0,0.0,0.0,0.0012,0.0,0.0,0.0294,0.0,0.0,0.0,0.0,0.0,0.0,0.1599,0.0,0.0,0.0,0.0,0.0,0.0165,0.2543,0.0019,0.0729,1.363,1.363,0.1439,0.0934,0.8544,0.0,0.0,0.0,0.0001,0.0,0.0,0.0,1.2576,1.3069,0.5996,0.0057,0.0436,0.0677,0.0,0.0,0.02,0.0322,0.0,0.0,0.0,0.0,0.0,0.0,0.0,0.0932,0.0,0.0,0.0,0.0,0.0,0.0496,0.574,0.0,0.0228,0.0228,0.0383,0.0,0.0,0.0079,0.0,0.0,0.0,0.0,0.0,0.0,0.0,0.0,0.0,0.0,0.0,0.0,0.0,0.0,0.0,0.0,0.0,0.0339,0.0053,0.0,0.0053,0.0139,0.0,0.5805,0.0,0.0,0.0,0.0,0.0339,0.0339,0.0,0.032,0.0074,0.0074,0.0,0.0074,0.0036,0.0,0.1607,0.0,0.0074,0.0074,0.0,0.0,0.0,0.0074,0.2876,0.0,0.0074,0.0,0.0269,0.0,0.0,0.0,0.0,0.0,0.0,0.047,0.0,1.032,0.0,0.0,0.0507,0.0028,0.1035,0.0507,0.0507,0.1756,0.0,0.1746,0.0,0.0,0.0,0.0066,0.0,0.0,0.0,0.0,0.0,0.0056,0.0,0.0,0.0,0.0,0.0,0.0,0.0,0.0418,0.0,0.0185,0.0,0.0,0.3232,0.0,0.0,0.0,0.0,0.0,0.0,0.0,1.6459,0.0,0.0067,0.0,0.0,0.0,0.0,0.0,0.3117,0.0,0.0,0.0,0.0,0.0,0.0,0.0373,0.0178,0.0178,0.0065,0.0,0.0,0.0,0.0079,0.0,0.0,0.0,0.2756,0.0,0.0,0.0006,0.0,0.0,0.1123,0.0801,0.0,0.0,0.0003,0.0015,0.0,0.0,0.0,0.0,0.0,0.0136,0.0913,0.0,0.0,0.0178,0.0092,0.6603,0.0388,0.0069,0.0006,0.0006,0.0,0.0288,0.0,0.0,0.028,0.0,0.0153,0.006,0.0,0.006,0.006,0.0,0.0288,0.0288,0.0288,0.006,0.0,0.0,0.0,0.0816,0.0288,0.0009,0.0,0.006,0.0,0.0,0.0638,0.0,0.066,0.0,0.0,0.0,0.0,0.0,0.0033,0.0993,0.0277,0.0,0.0765,0.0151,0.0323,0.0003,0.0003,0.0,0.0,0.0664,0.0585,0.011,0.0,0.0835,0.0,0.0,0.0,0.0,0.0002,0.0156,0.0456,0.7631,1.5602,1.6378,0.0,1.2266,0.0,0.0086,0.8135,0.0,0.8135,0.2289,0.0054,0.0123,0.077,0.3942,0.3942,0.1279,0.0,0.0033,0.0,0.0,0.0094,0.6963,0.0,0.0197,0.0,0.0127,0.0,0.0,0.0,0.0,0.0,0.0,0.0,0.0,0.0,0.0,0.0,0.0,0.0,0.0,0.0,0.0,0.8044,0.0,0.8158,1.1614,0.9163,0.9163,0.9163,0.803,0.6383,1.3126,0.0,0.0,0.0,0.8255,0.8255,0.8088,0.9533,0.9533,0.9533,1.2088,0.1065,0.8135,0.0,0.0,0.0,0.0155,0.0,0.0,0.0,0.1158,0.0,0.0,0.0,0.0305,0.0725,0.014,0.0342,0.0,0.1164,0.0,0.0155,0.0,0.0,0.0,0.0,0.0,0.0,0.0033,0.0,0.0033,0.0,0.0063,0.0,0.0,0.0125,0.0,0.9359,0.0,0.0306,0.0,0.0,0.0141,0.0,0.0,0.0,0.0,0.1798,0.0,0.0094,0.0,0.1163,0.015,0.0,0.0,0.0928,0.0,0.0,0.0494,0.0025,0.0,0.0086,0.0387,0.0,0.059,0.0,0.0,0.0,0.0,0.0108,0.0176,0.0,0.0,0.0,0.0304,0.0939,0.0294,0.0,0.0,0.0001,0.0,0.0158,0.0,0.0,0.0,0.0,0.0,0.839,0.0917,0.0,0.5321,0.0441,0.0441,0.0,0.0,0.4203,0.0,0.0013,0.0,0.0,0.0,0.0542,0.0292,0.0,0.0001,0.0,0.0,0.0,0.0,0.0,0.0372,0.0,0.0,0.1956,0.0,0.0,1.0038,0.0,0.0,0.0,0.0,0.1292,0.0,0.0,0.0,0.1032,0.0203,0.0199,0.0006,0.0,0.083,0.0372,0.0,0.0,0.064,0.0,0.0,0.0,0.2644,0.1221,0.0,1.4088,0.0848,0.0,0.0,0.0,0.0,0.0,0.0067,0.0,0.0,0.1015,1.3579,0.0,0.0592,0.0,0.0,0.0,0.0,0.0059,0.0,0.1059,0.0325,0.0,0.0841,0.107,0.0443,0.0952,0.0012,0.0045,0.0011,0.0,0.1032,0.0,0.0,0.0047,0.0151,0.0151,0.0006,0.1327,0.0,0.1325,0.0,0.06,0.0,0.0716,0.0,0.047,0.0045,1.3579,0.0,0.033,0.0,0.0333,0.0,0.1043,0.0,0.1421,0.1166,0.1166,0.0045,0.0654,0.1358,0.1043,0.0,0.0,0.6438,0.0093,0.0,0.0,0.0,0.0,0.09,0.2347,0.0842,0.1186,0.1186,0.0667,0.1043,1.2394,0.1325,0.0,0.2669,0.1166,0.0222,0.1325,0.0106,0.0,0.0,0.0,0.1271,0.0,0.0,0.0,0.0,0.0,0.1014,0.1138,0.0,0.0,0.3713,0.0265,0.0133,0.0,0.0,0.0,0.0181,0.0,0.0274,0.0033,0.1557,0.0046,0.0,0.116,0.0103,0.0,0.0,0.0,0.0,0.0,0.0112,0.0,0.0644,0.0,0.0,0.0,0.0,0.0,0.0,0.0,0.0441,0.0,0.0,0.0,0.0,0.0,0.0,0.0,0.1521,0.0052,0.526,0.0,0.0,0.0222,0.0,0.256,0.0,0.0,0.0,0.0,0.0,0.2675,0.0,0.0005,0.0,0.0626,0.0,0.0,0.0853,0.5397,0.0,0.0,0.0,0.0222,0.1166,0.0,0.0,0.0,0.0,0.0,0.0,0.0,0.0,0.0,0.0124,0.096,0.0265,0.0,0.0033,0.1007,0.0213,0.0322,0.0089,0.0,0.0956,0.1245,0.1151,0.0,0.1593,0.1014,0.233,0.0,0.0123,0.1165,0.0,0.0074,0.0,0.0,0.2651,0.103,0.001,0.3041,0.5397,0.0,0.0225,0.0119,0.1151,0.1094,0.0225,0.5397,0.0,0.0037,0.0029,0.0037,0.0694,0.001,0.0046,0.0036,0.0347,0.0644,0.0,0.0955,0.233,0.0383,0.0108,0.0,0.4423,0.0,0.0,0.0037,0.0,0.0,0.1319,0.4934,0.004,0.0095,0.0,0.0,0.0461,0.0,0.0,0.0,0.0,0.1409,0.2079,0.0,0.4934,0.0159,0.4934,0.0571,0.0,0.0,0.1716,0.0,0.0632,0.0,0.0,0.5176,0.2079,0.2079,0.2079,0.0,0.0,0.0994,0.0,0.0,0.1117,0.0853,0.4302,0.0,0.0,0.0,0.9014,0.1794,0.0392,0.1203,0.0705,0.2432,0.1229,0.0015,0.0,0.2687,0.0071,0.0,0.0,0.0,0.0,0.0,0.0036,0.0,0.0,0.2079,0.2079,0.0071,0.0,0.0,0.0,0.0,0.0,0.0,0.0,1.0553,0.0
Short Entry on Wick Touch,0,0,1,int,"Enter if high touches upper band (0=false, 1=true) - OPTIMIZABLE",0,0,0,0,0,0,0,0,0,0,0,0,0,0,1,1,0,1,1,1,0,0,0,0,1,0,0,0,0,0,0,0,0,0,0,1,0,0,0,0,0,0,1,0,0,0,0,0,0,0,0,0,0,0,0,0,1,0,0,0,0,0,0,0,1,0,0,1,0,0,1,0,0,0,0,0,0,0,0,0,0,0,0,0,0,0,0,0,0,0,0,0,0,0,0,0,0,0,0,0,0,1,0,0,0,0,0,0,0,0,0,1,0,0,1,1,0,0,1,0,0,0,0,0,0,0,0,0,0,0,0,0,1,0,0,0,0,0,0,0,0,1,0,0,0,0,1,0,1,1,0,0,0,0,0,0,0,0,0,0,0,0,0,1,0,1,0,0,0,1,0,0,1,1,1,1,1,1,0,0,0,0,0,0,0,1,1,1,0,0,1,0,0,0,0,0,0,0,0,0,0,0,0,0,0,0,0,1,0,0,0,0,0,1,0,1,0,0,1,0,0,0,1,0,1,0,0,0,0,0,0,1,1,0,1,0,1,0,0,0,1,0,1,0,0,1,1,0,0,0,0,0,0,0,0,0,1,0,0,0,0,0,0,0,0,0,0,1,0,0,0,0,0,0,0,0,0,0,1,0,1,1,0,0,0,0,0,0,0,0,0,0,0,0,0,0,1,0,0,0,0,0,1,1,0,0,0,0,0,0,1,0,0,0,0,0,0,0,0,0,0,0,0,0,0,1,1,0,0,0,0,0,0,0,0,0,0,1,0,0,0,0,0,0,0,0,0,0,0,0,0,1,0,0,0,0,0,0,0,0,0,0,0,0,0,0,0,0,0,1,0,0,0,0,0,0,0,0,0,0,0,0,1,0,0,0,0,0,0,0,0,0,0,0,0,0,0,0,0,0,0,0,0,0,1,0,0,0,0,0,0,0,0,0,0,1,0,0,0,0,0,0,0,1,0,0,0,0,1,1,1,0,1,1,1,0,1,0,0,0,1,1,1,1,1,1,1,1,1,1,1,1,1,0,0,0,0,1,1,1,1,1,1,1,1,1,1,1,1,0,1,1,0,1,1,1,1,1,1,1,1,1,1,0,1,1,1,1,1,1,1,0,0,0,1,1,0,0,1,0,1,1,0,1,1,0,1,0,0,0,1,0,0,0,0,1,0,1,0,0,0,1,0,1,0,0,0,1,0,0,1,0,0,1,1,0,0,0,0,0,0,1,0,0,0,0,0,0,0,0,1,0,0,1,0,1,1,1,0,1,0,0,0,0,0,0,0,1,0,0,0,0,0,0,1,0,1,0,0,0,1,0,0,0,0,1,0,0,0,0,0,0,0,0,0,1,0,0,0,0,0,0,0,0,0,0,1,0,0,0,0,0,0,1,0,0,0,1,0,0,0,0,0,0,0,0,0,0,1,0,0,1,0,1,0,0,1,0,0,0,0,0,0,0,0,0,0,0,0,0,0,0,0,0,0,0,0,0,0,0,1,0,0,0,0,0,0,0,0,0,0,0,0,0,0,0,1,1,0,0,0,0,1,0,0,0,0,0,0,0,0,0,1,0,1,0,0,0,0,0,1,0,0,0,1,1,1,0,0,1,0,0,1,0,0,0,0,0,1,1,0,1,1,1,1,1,0,0,0,0,1,0,1,0,1,0,0,0,0,0,1,0,0,0,0,1,0,1,0,1,0,0,0,1,1,0,0,1,1,0,0,1,1,1,1,1,0,0,0,0,1,1,0,0,0,0,1,1,0,0,0,1,0,0,0,0,0,1,0,0,0,0,0,0,0,1,1,1,0,0,0,0,1,1,0,0,0,0,0,1,0,0,0,0,0,0,0,0,0,0,0,0,0,0,0,0,0,0,0,0,1,0,0,0,0,0,0,0,0,0,0,0,0,0,0,0,0,0,0,0,0,0,0,0,0,0,0,0,0,0,0,1,0,0,0,0,0,0,0,0,0,0,0,1,0,1,0,1,0,0,0,1,0,0,0,0,0,0,0,0,0,1,0,0,0,0,0,0,0,0,0,1,0,0,0,0,1,0,0,0,0,0,0,0,0,0,0,0,0,0,0,0,0,0,0,1,1,1,1,1,1,1,0
Short Entry on Body in Zone,1,0,1,int,"Enter if close ≥ upper band (0=false, 1=true) - OPTIMIZABLE",1,1,1,1,0,1,1,1,1,1,1,1,1,1,1,1,1,1,1,1,1,1,1,1,1,1,1,1,1,1,1,1,1,1,0,1,0,1,1,1,1,1,1,1,1,1,1,1,1,1,1,1,1,1,1,1,1,1,1,1,1,1,1,1,1,1,1,1,1,1,0,1,1,1,1,1,1,1,1,1,1,1,1,1,1,1,1,1,1,1,1,1,1,1,1,1,1,1,1,1,1,1,1,1,1,1,1,1,1,1,1,1,1,1,1,1,1,1,1,1,1,1,1,1,1,1,1,1,1,1,1,1,1,1,1,1,1,1,1,1,1,1,1,1,1,1,0,1,0,0,1,1,1,1,1,1,0,1,1,1,1,1,1,0,1,1,1,1,1,1,1,1,0,1,1,1,1,1,1,1,1,1,1,1,1,0,0,1,1,1,0,1,1,1,1,1,1,1,0,1,1,1,1,1,1,1,1,1,1,1,1,1,1,0,1,1,1,1,1,1,1,1,1,1,1,0,1,1,1,1,1,1,1,1,1,1,1,1,1,1,0,1,1,1,1,1,1,1,1,1,1,1,1,0,1,1,1,1,1,1,1,1,1,1,1,1,1,1,1,1,1,1,1,1,1,1,1,1,1,1,1,1,1,1,1,1,1,1,1,1,1,1,1,1,1,1,1,1,1,1,1,1,1,1,1,1,1,1,1,1,1,1,1,1,1,1,1,1,1,1,0,1,1,1,1,1,1,1,1,1,0,1,1,1,1,1,1,1,1,1,1,1,1,1,1,1,1,1,1,1,1,1,1,1,1,1,1,1,1,1,1,1,1,1,1,1,1,1,1,1,1,1,1,1,1,1,1,1,1,1,1,1,0,1,1,1,1,1,0,1,1,1,1,0,1,1,0,1,1,1,1,1,1,1,1,1,1,1,1,1,1,1,1,1,1,0,1,1,1,1,1,1,1,0,1,1,1,1,1,0,0,0,1,0,1,1,1,1,1,1,1,1,1,1,1,1,1,1,1,1,0,1,1,1,1,1,1,0,0,1,1,1,1,1,1,1,1,1,1,1,0,1,1,1,0,0,0,0,0,1,0,0,0,0,1,1,1,1,1,1,0,1,1,1,1,0,1,1,1,1,1,1,1,0,1,1,1,1,1,1,0,1,1,1,1,0,1,1,1,1,1,0,1,1,1,0,1,0,1,1,1,1,1,0,1,1,1,1,1,0,1,0,1,1,1,1,0,1,1,1,1,1,1,1,1,0,0,0,1,0,1,0,1,1,1,1,1,1,1,1,1,1,1,1,0,1,0,1,1,1,1,1,1,1,1,0,1,1,1,1,1,1,1,1,1,1,1,1,1,1,1,1,1,1,1,1,1,1,1,1,1,1,1,1,1,1,1,1,1,1,1,1,0,1,1,1,1,1,0,1,1,1,1,1,1,1,0,1,1,1,1,1,1,1,0,1,1,0,1,0,1,1,1,1,1,1,1,1,1,1,1,1,1,1,1,1,1,1,1,1,1,1,1,1,1,1,1,1,1,1,1,1,1,1,1,1,1,1,1,1,1,1,1,1,1,1,1,1,1,1,1,1,1,1,1,1,1,1,1,1,1,1,1,1,1,1,1,1,0,1,1,1,1,1,1,1,1,1,1,1,0,1,1,1,1,1,1,1,1,1,1,1,1,1,0,0,1,0,1,0,1,1,1,0,1,1,1,1,0,0,1,0,0,0,0,0,1,1,1,1,0,0,1,1,1,1,0,0,1,1,1,1,1,1,1,1,0,1,1,1,1,1,1,1,1,0,0,0,1,1,0,1,0,0,1,1,1,1,1,1,1,1,1,1,1,1,1,1,1,1,1,1,1,1,1,1,1,1,1,1,1,1,1,1,1,1,1,1,1,1,0,1,1,1,1,1,1,1,1,1,1,1,1,1,1,1,1,1,1,1,1,0,1,1,1,1,0,1,1,1,0,0,1,1,1,1,1,1,1,1,1,0,1,1,1,1,1,1,1,1,1,1,1,1,1,1,1,1,1,1,1,0,1,1,1,1,1,1,1,1,1,1,1,1,1,1,0,1,1,1,1,1,1,1,1,0,0,0,0,0,0,0,1
Short Trigger (% From Upper Band),0.5,0,2.0,float,% above upper band to trigger (min 0.5% to avoid band extremes),0.1831,0.3416,0.1789,0.6537,1.493,0.0,1.2974,0.0,0.0923,0.0923,0.0923,0.0,0.0,0.0334,0.1488,0.1084,0.0,0.0821,0.0784,0.1119,0.3915,0.3915,0.3971,2.0,0.1581,0.3915,2.0,2.0,0.0996,0.0996,0.3915,0.5037,0.5905,0.1046,0.0,0.0505,0.0,0.0,0.0,0.0,0.389,0.389,0.143,0.2821,0.0,0.2821,0.0,0.0,1.2534,0.5217,0.0,0.182,0.0,1.6124,1.403,0.4151,0.0,0.182,1.8692,0.0334,2.0,2.0,0.0,0.0,0.7855,0.4613,0.3282,0.4235,0.0636,0.0644,0.0916,0.0255,0.4358,0.63,0.0,0.0,0.1396,0.0135,1.2581,0.0201,0.0795,0.3596,0.0,0.0,1.457,0.0,0.0,0.5849,0.3373,0.0,0.0,2.0,0.2429,0.3816,1.3215,0.293,0.0621,0.0,0.1074,0.4845,0.0,0.0486,0.3512,0.1074,1.0814,0.9552,0.3951,0.4103,0.4103,0.5943,0.4103,0.0,0.5943,1.5648,0.0,0.0,0.5854,0.0536,0.0486,0.3261,0.0,0.4692,0.255,0.0304,0.0304,0.5569,0.6229,0.1939,0.0,0.575,0.4103,0.4224,0.0481,1.1635,0.5228,0.0126,1.1635,0.462,1.6466,0.3111,0.6202,0.0,0.0,0.4718,0.4718,0.9594,0.204,0.6895,0.0921,0.0921,0.6308,2.0,1.1147,0.0,2.0,0.0,1.785,0.6157,0.8082,0.5609,0.0257,0.0931,0.3696,0.3805,0.4931,0.0423,0.0,2.0,0.0,0.0,0.0,0.7628,1.8331,0.0762,0.0762,0.0569,0.106,0.0716,0.3265,0.0,0.0,0.0,0.0,0.0,0.068,0.0655,0.0655,0.0672,0.1314,0.5027,0.1189,2.0,0.0,0.0729,0.0,0.5854,0.0,0.0,0.2735,0.9992,2.0,1.0445,0.0,1.0445,1.2084,0.3936,0.9476,0.0084,0.0,0.0,0.0,0.0772,0.1145,0.0594,1.5831,0.0,0.2719,0.5836,1.1958,1.313,0.9552,0.4682,0.2974,0.0,0.0,0.2325,0.0,0.2817,0.0,0.0,0.8113,0.0751,0.2475,0.0538,0.0,0.5957,0.0743,0.5957,0.0,0.0,0.0022,1.3696,0.0,1.3696,0.4337,0.0,0.0,0.4711,0.2769,0.0193,0.0494,0.0299,0.0193,0.0,0.0824,0.0,0.1392,0.0,0.0,1.073,2.0,0.1842,0.0,0.0,1.1652,0.0,0.3128,0.0255,0.3693,0.0,0.0045,0.0,0.0,0.0,0.0,0.0,0.0,0.0,0.0,0.0,0.0,0.0723,0.0,0.0,0.0,0.0076,0.0,0.0,0.0,0.0,1.5711,0.3749,0.0067,0.0,0.0,0.0149,0.0,0.2546,0.0,1.7175,0.5793,0.0,0.0042,0.0042,0.0,0.0,0.0,0.0,1.1149,0.0,0.0,0.0,0.3793,0.0,0.0,0.0,0.0025,0.0,0.0514,0.0,0.0672,0.137,0.0,0.0,0.0,0.0,0.0036,0.408,0.0038,0.0,0.0,0.0,0.0077,0.0,0.0,0.0,0.0,0.0036,0.0,0.0,0.0,0.6081,0.0001,0.0,0.0,0.0,0.0072,0.0,0.0,0.0,0.0,0.5624,0.4155,0.0437,0.153,0.0,0.0,0.0,0.0,0.0,0.1453,0.0,0.0001,0.6698,0.0,0.0,0.0,0.0,0.0046,0.4271,0.0,0.0,0.0,0.0,0.0,0.0013,0.039,0.0,0.0045,0.6698,0.0045,0.0045,0.3886,0.0,0.0,0.0,0.0045,0.0,0.2061,1.4924,0.0,0.0,0.0,0.2688,0.0045,0.0,0.2061,0.0,0.0472,0.0,0.0,0.0,0.0055,0.0109,0.019,0.0044,0.0,0.034,0.3786,0.0,0.0,0.0,0.2068,0.0063,0.0029,0.0,0.0,0.0,0.0099,0.0,0.0,0.025,0.0,0.7151,0.0792,0.0,0.0129,0.0,0.0,0.0018,0.0018,0.3764,0.0,0.0,0.0043,0.0,0.0832,0.0,0.0,0.0975,0.0715,0.0,0.0,0.0,0.0,0.0,0.0,0.0,0.0,0.0772,0.0,0.1678,0.0,2.0,0.0,0.0011,0.0,0.0,0.0,0.0,0.0415,0.0647,0.0,0.094,0.0544,0.0299,0.0432,0.6851,0.0,0.0,0.0,0.0,0.0,0.0,0.0,0.0,0.0,0.0,0.0,0.0,0.0,0.0,0.4997,0.0,0.0,0.0,0.0,0.0,0.0,0.0,0.0,0.0,0.0,0.0,0.0412,0.0,0.1305,0.3953,0.0,0.0041,0.0,0.0,0.0,0.0,0.0,0.0,0.0,0.2086,0.0128,0.0,0.0,0.1305,0.0,0.0,0.0,0.0,0.0,0.9149,0.0044,0.0274,0.0,0.4444,0.1895,0.0,0.0,1.0443,0.0,0.0,0.0,0.0129,0.0,0.0,0.0,0.0,0.1606,0.0,0.0129,0.0,0.0,0.326,0.0,0.0,0.0128,0.0057,0.0,0.0027,0.0,0.0427,0.0038,0.0117,0.0191,0.0,0.0,0.0,0.0,0.4915,0.4915,0.4915,0.1883,0.0,0.0,0.1896,0.0,0.0,0.0,0.0182,0.0083,0.0056,0.0,0.2948,0.1012,0.0006,0.0,0.0,0.4915,0.0141,0.0019,0.0,0.0,0.0063,0.0,0.0916,0.0916,0.1012,0.0691,0.0006,0.0211,0.0,0.0236,0.0246,0.0021,0.0,0.0007,0.0,0.2605,1.0463,0.0,0.0246,0.0,0.2049,0.0,0.446,0.0071,0.0445,0.0,0.0,0.0,0.0529,0.0246,0.0906,0.0,0.0669,0.0,0.0056,0.0024,0.0439,0.0266,0.0,0.0337,0.0002,0.0,0.0071,0.0033,0.0,0.0,0.0077,0.0,0.1424,0.0,0.0554,0.0,0.0,0.0,0.0,0.0,0.0529,0.0,0.0,0.0064,0.0139,0.0136,0.0622,0.0,0.0,0.2096,0.0135,0.0,0.0288,0.0894,0.0,0.0097,0.046,0.0,0.0,0.0896,0.0,0.0007,0.0084,0.0131,0.0,0.0,0.0,0.0,0.0036,0.0154,0.0,0.0018,0.0018,0.0,0.2675,0.0437,0.1031,0.0,0.0245,0.0,0.0,0.0086,0.0,0.0093,0.0,0.0,0.0,1.1228,0.0093,0.5509,0.0661,0.0154,0.0,0.0288,0.0288,0.0093,0.0,0.0,0.0661,0.0086,0.0762,0.0,0.0294,0.0276,0.1331,0.1439,0.0169,0.0923,0.1076,0.015,0.0,0.0,0.0,0.0661,0.0,0.1031,0.024,0.0,0.0,0.0,0.1031,0.2327,0.0154,0.7924,0.0872,0.4852,0.0872,0.0872,0.0,0.0872,0.0872,0.024,0.0111,0.0,0.0032,0.0,0.3496,0.0,0.1137,0.1096,0.0,0.0966,0.0735,0.0,0.0103,0.0,0.0,0.0,0.0361,0.0701,0.068,0.0928,0.1232,0.3601,0.1172,0.1058,0.3601,0.0,0.0,0.0872,0.0082,0.1486,0.0872,0.0,0.8043,0.0,0.0128,0.0128,0.0128,0.0136,0.0551,0.3601,0.0,0.0,0.0,0.0,0.0163,0.0,0.0,0.0,0.0063,0.1232,0.1232,0.0529,0.0013,0.1137,0.0,0.0,0.0049,0.2635,0.0,1.0769,0.1038,0.014,0.3195,0.0179,0.0008,0.0,0.0,0.024,0.1232,0.1232,0.2121,0.0,0.0607,0.1717,0.0292,0.2713,0.2713,0.0262,0.0,0.0049,0.0055,0.0276,0.0,1.6146,0.0181,0.0274,0.3601,0.0327,0.0794,0.0,0.0,0.0,0.024,0.0,0.0,0.0253,0.0,0.0,1.6182,0.0,0.0,0.1322,0.0679,0.0,0.0,0.3195,0.0,0.0,0.0,0.0,0.0052,0.0,0.3195,0.7766,0.0,0.0,0.0,0.0,0.0,0.0092,0.0023,0.0756,0.6037,0.0,0.0085,0.0,0.0765,0.0,0.0,0.0,0.0,0.0,0.0,0.0,0.0,0.0543,0.0311,1.1914,0.0,0.1461,0.0798,0.1157,0.0724,1.875,0.1461,0.0145,0.1587,0.046,0.0,0.0311,0.0,0.0311,0.0,0.0107,1.3075,0.0,0.0,0.0,0.0,0.0,0.26,0.0,0.0,0.0,0.0,0.0798,0.0,0.0,0.0211,0.1142,0.014,0.001,0.1497,0.1497,1.0288,0.0311,0.0,0.0,0.0,0.0,0.0,0.0187,0.0,0.0,0.0035,0.0035,0.0,0.1497,0.0,2.0,0.0,0.0023,0.0199,0.0,0.0,0.0,0.0035,0.0,0.0,0.0,0.0,0.0,0.0,0.0165,0.0,0.1218
ATR Length for Filter,26,10,100,int,ATR period for entry filter (separate from trailing stop ATR),73,79,76,79,90,96,97,77,72,72,72,72,87,100,87,41,100,11,11,17,80,80,81,96,10,80,93,93,69,69,80,84,95,14,84,50,84,78,78,78,82,82,21,86,78,86,78,78,100,47,71,80,78,93,100,81,100,80,100,100,93,93,80,82,47,100,95,80,71,87,72,70,81,81,78,78,49,98,83,78,76,99,78,67,77,71,77,74,74,78,78,93,75,81,99,78,10,77,78,77,64,30,84,78,99,75,81,76,76,76,76,10,76,78,10,10,83,64,30,78,73,82,75,77,77,78,75,81,81,75,76,76,69,74,72,77,74,74,73,81,72,87,66,80,80,74,17,81,16,16,82,92,75,64,97,62,83,61,83,58,75,86,45,17,77,83,32,86,77,10,31,86,28,77,77,31,50,13,97,15,15,72,15,15,80,14,14,14,12,82,47,100,62,77,75,83,57,75,77,100,93,99,94,99,100,86,94,93,39,95,97,89,89,82,91,67,10,87,50,77,75,71,10,70,70,62,10,73,89,95,91,84,10,93,70,100,76,100,10,71,75,77,68,77,58,70,70,58,100,100,100,76,100,56,89,78,96,100,100,63,100,83,100,81,77,100,76,80,76,94,10,40,62,100,10,58,70,75,25,77,10,17,77,77,10,75,84,61,61,66,75,87,76,67,56,75,90,45,61,97,10,56,55,55,74,82,60,10,41,81,64,56,100,70,30,92,10,78,73,97,15,92,96,76,76,63,64,53,100,100,76,81,77,61,61,10,10,100,55,57,64,43,77,61,70,70,41,70,77,78,78,23,62,86,77,89,89,70,100,77,75,80,59,79,61,51,85,10,61,10,74,47,63,34,34,100,77,74,64,79,64,64,100,63,63,63,64,77,77,84,78,63,64,12,64,59,77,36,10,62,70,81,91,71,100,84,78,58,100,66,78,100,72,31,58,10,87,72,100,61,90,80,70,15,63,10,100,16,10,56,56,100,93,79,10,74,91,74,30,10,16,42,17,17,61,10,10,61,61,17,44,21,100,10,21,10,10,10,10,90,10,18,18,13,18,18,90,12,10,13,27,10,78,10,10,10,10,10,10,11,10,10,21,100,10,10,10,10,10,10,100,38,74,80,61,10,16,25,88,91,61,28,100,10,58,90,11,100,100,95,20,16,81,81,66,25,81,100,84,66,68,44,69,18,97,46,74,10,74,100,76,80,78,47,92,87,100,77,100,38,100,10,100,77,71,73,82,100,94,100,72,70,91,35,87,19,19,19,84,66,99,79,65,91,100,100,82,81,17,92,92,98,61,90,19,100,10,100,88,100,10,71,71,92,77,78,79,30,80,82,100,97,83,92,90,75,73,79,100,81,65,49,77,100,19,19,74,91,82,81,97,92,60,81,89,76,100,79,78,88,63,77,100,80,100,88,25,81,99,10,11,18,100,11,79,91,14,53,65,64,100,81,11,71,50,80,92,58,21,43,81,50,84,92,77,97,96,72,100,79,74,79,76,100,96,89,100,100,80,100,60,91,100,75,79,98,86,77,79,11,79,100,88,79,98,78,78,98,77,77,79,54,20,78,86,74,13,100,84,93,10,59,88,80,100,35,35,99,78,18,91,76,17,77,77,91,73,78,20,20,78,20,20,20,20,20,76,96,100,95,16,83,97,10,10,73,78,13,25,92,10,77,99,97,100,25,75,10,50,19,10,50,100,19,20,75,73,20,19,100,72,20,20,20,20,19,50,58,85,77,13,20,70,77,67,10,10,10,100,62,27,20,72,83,92,74,34,22,95,92,100,62,97,77,77,10,10,10,83,61,29,54,20,20,95,77,83,75,84,97,100,100,87,50,89,78,87,63,97,76,96,77,96,76,88,100,70,99,71,93,100,84,92,57,100,75,87,73,100,92,100,60,66,60,78,68,80,90,64,77,60,86,96,47,28,30,79,64,78,60,77,30,61,88,88,10,25,73,70,20,100,25,73,40,60,97,88,73,88,69,76,22,60,72,89,53,92,93,60,60,61,17,73,100,69,77,53,95,100,60,60,21,88,60,47,10,70,93,76,64,92,100,100,57,60,92,63,17,90,73,13,60,60,100,76,60,60,49,49,10,12,59,14
Max ATR Filter (Points),4.0,0.5,6.0,float,Maximum ATR value to allow entries for mean reversion (ATR <= max). Low ATR = exhausted move ready to reverse (good). High ATR = strong momentum (bad for mean reversion). Range 1.0-6.0 points,4.1487,3.4884,4.4621,3.855,4.2574,4.337,4.1611,4.0836,4.1686,4.1686,4.1686,4.2199,3.9989,4.6979,3.7909,4.619,3.933,3.9258,3.7975,4.3558,3.4569,3.5969,4.2498,4.3903,4.3524,3.1448,4.2811,4.2811,4.3821,4.3821,3.4569,4.2324,4.295,4.926,3.6486,3.9784,3.6486,4.0415,4.0415,4.6846,4.2289,4.111,5.5453,3.9212,4.6846,4.2344,4.6846,4.6846,4.1192,3.876,4.4515,4.2851,4.4805,4.0701,4.1971,3.7411,4.316,4.4346,4.1231,4.8115,4.2811,4.2811,4.0498,3.9822,4.3853,3.96,4.1288,3.6585,4.3716,3.3738,5.1803,4.3765,3.8646,3.8454,3.8766,4.014,4.1168,4.0874,3.9912,4.2136,4.1958,4.2743,4.3197,3.9457,4.2326,4.3657,4.4931,4.4437,4.3717,4.3416,4.2481,4.2811,3.8164,3.0206,4.2995,4.2481,4.3206,4.3413,4.5153,3.9778,4.3295,4.4445,3.9441,4.5153,4.5415,4.3852,4.0399,3.8409,3.8409,3.8409,3.8409,1.4122,3.8409,4.1804,1.4122,1.4122,3.314,4.6962,4.4445,4.1167,4.3841,4.1768,4.426,4.6251,4.6251,4.0539,3.7731,4.1772,4.1772,4.3195,3.8409,4.4505,3.6148,4.4099,3.9526,4.7875,4.4099,4.4099,4.2653,3.8454,4.3549,4.4488,4.0578,3.5227,3.4289,4.4099,5.0921,3.8502,6.0,6.0,3.4345,4.2375,3.8248,4.2659,4.1394,4.2061,4.0332,3.6515,4.4313,3.4969,4.3922,3.9334,4.3141,5.0921,4.4117,4.6311,4.3356,3.821,4.3183,2.9682,4.0347,3.1564,3.5559,4.3179,4.3179,3.6754,4.3512,4.2264,4.2733,1.562,1.562,4.0012,1.5454,1.5454,4.1028,4.3917,4.3917,4.4197,4.0039,4.4761,4.5161,4.0462,4.2949,4.0909,4.4642,3.314,5.3595,4.4908,4.4036,4.179,4.2811,4.2995,4.2756,3.8849,3.9471,4.7645,4.0455,4.0706,4.8579,4.2756,4.3658,3.926,4.04,5.7464,4.7078,4.0389,4.3592,4.268,5.3199,4.3152,3.9979,3.8008,4.1078,4.7217,4.2773,4.403,4.2751,4.2816,3.6928,4.5927,4.3144,4.2,4.2289,3.687,4.5798,4.2706,4.1703,4.2396,4.4245,4.4388,4.3151,4.1821,3.8424,4.1821,3.5026,4.8043,4.8043,3.5026,4.4087,4.279,4.3003,4.3604,4.279,3.5567,3.5505,4.3712,3.7146,4.0504,4.3003,4.3235,4.1282,3.8195,4.3003,4.4634,4.2946,4.3003,3.9214,4.7383,3.7857,4.6347,4.2086,4.3063,4.1953,4.0634,4.3237,4.1986,4.0314,4.4164,4.2571,4.3662,3.6166,4.3558,4.222,4.222,4.4697,4.0446,5.4511,4.4355,4.4355,4.0718,3.8584,3.6832,3.9201,4.4365,4.7156,4.577,4.5089,4.3698,3.3691,4.0154,4.3318,4.7156,4.4285,4.4285,4.159,4.2896,4.3091,3.8621,3.9732,4.1088,3.8413,4.7156,4.4641,4.0397,4.3516,4.1582,4.1536,4.1209,4.0788,4.5142,4.185,3.6911,4.3548,4.4554,4.4554,4.5569,4.3935,4.1308,4.3542,4.2846,3.9062,4.2313,4.3464,4.3153,4.26,4.1852,4.5278,3.9628,4.2755,5.1328,4.6899,3.9917,4.1642,4.5485,4.0397,4.0397,4.32,4.199,4.1642,3.8659,4.2844,3.2442,3.8971,4.0549,4.2393,3.6908,3.6908,4.012,4.1546,4.1642,4.4003,4.2392,3.8492,3.905,4.1789,3.7966,4.4745,4.2741,4.4304,5.4167,4.5806,4.5515,4.3101,4.6588,4.6592,4.315,4.7043,4.2727,4.1478,3.905,4.1478,4.4443,4.7831,4.3101,4.3101,4.3101,4.5041,4.1642,4.3494,3.7941,4.7221,4.3101,4.3665,4.0363,4.7916,4.3406,4.3494,4.6676,4.3497,3.7932,4.1923,3.6461,4.3058,4.6858,4.2788,4.73,4.6377,4.4234,4.7005,4.454,4.7221,4.203,4.3208,4.7281,4.4188,3.498,3.6792,4.3184,4.3056,4.4127,3.843,4.1245,3.8505,3.6801,4.0392,4.2412,4.5034,3.7256,4.3211,3.8418,3.8418,3.9592,4.0803,4.0569,4.1799,4.2737,3.8664,4.2737,4.2091,4.2922,4.1975,3.834,3.7838,3.7838,3.6323,4.1305,4.1821,3.8758,3.8758,4.099,3.7985,4.3359,3.493,4.0688,4.3453,4.286,4.2159,3.9535,4.029,3.931,3.6709,4.283,4.283,4.2878,3.5852,3.7834,3.9942,4.2976,3.8369,3.839,3.6356,4.0229,3.7651,4.3408,4.311,4.3011,4.3011,4.3011,4.3011,4.3356,4.338,4.1209,4.0383,4.276,4.0933,4.0933,3.8986,4.3249,4.3249,4.3249,3.9231,3.3647,4.3691,4.2231,3.8758,4.3968,4.4196,2.9752,4.4365,4.383,3.8758,4.2725,4.5,4.5052,3.1938,4.3822,4.5311,4.5488,4.4856,3.9818,4.0703,4.6046,4.4297,4.4297,3.4786,3.7588,3.6461,4.0359,4.73,4.4205,4.7192,4.671,4.2523,4.7005,4.3643,4.1239,4.2212,4.7803,4.2212,4.5424,4.9823,4.4481,4.4305,3.8419,4.213,4.6106,4.5424,4.3573,4.1997,4.9208,4.3995,4.9281,4.5246,3.3199,4.8781,4.5671,4.0314,4.2098,4.2962,4.4364,4.2411,4.5315,4.3274,3.1115,4.1726,5.1096,5.1096,5.1096,4.2658,4.3521,3.8963,4.4835,3.9116,4.3754,4.2785,4.3703,4.1859,4.4042,3.9951,3.6125,3.6891,5.189,5.2862,3.6484,5.3367,4.4396,5.3589,4.0321,4.1563,4.9165,3.967,4.051,4.051,3.6891,4.1097,2.9143,4.3811,4.0255,4.3755,4.2849,4.7123,4.2273,4.1814,4.5669,3.6082,4.4786,3.6863,4.3754,4.3257,4.3063,3.9687,3.6706,4.1097,4.0107,5.5969,5.5969,4.0753,4.3341,4.4491,3.6884,4.2389,4.122,5.2862,4.4042,4.3936,4.3037,4.2958,4.0531,4.1346,4.3272,4.7283,4.0624,4.2864,4.2398,4.3257,3.8164,4.5109,4.2389,4.3504,4.3045,5.7955,4.0332,4.3451,5.8123,4.266,4.3341,5.8321,4.4633,4.9711,4.4439,4.2554,4.3063,4.4687,3.9828,4.3529,4.2141,4.4669,6.0,6.0,4.3832,4.3867,4.3036,4.3388,4.5669,4.3509,3.7479,4.6587,4.3282,4.3572,4.7854,3.5929,4.4274,4.3037,4.2756,4.5756,4.3877,4.3515,4.3515,4.4295,4.5097,4.1982,4.1838,4.4207,3.8345,4.5564,4.3126,4.2156,4.3275,4.9032,4.4687,5.1081,4.2957,4.9026,4.9032,3.9607,4.4182,4.3607,4.3126,4.3039,4.3039,4.9032,4.2667,3.8361,4.4595,4.2981,4.3709,4.8487,4.3008,4.481,4.1578,4.0935,4.2958,4.1128,3.9439,4.3076,3.2882,3.2882,4.3223,4.2708,3.9537,4.1838,3.8546,5.2061,4.3039,3.9849,4.1838,3.4224,4.7153,4.5615,3.8546,4.0982,3.8546,3.8546,3.1933,3.8546,3.8546,4.3039,4.2378,3.6922,5.1701,5.5924,4.9245,4.2957,4.3161,3.7948,4.3442,4.3518,4.397,4.4182,4.1892,3.3717,4.9737,4.3192,4.3722,4.2449,4.1943,4.1699,5.4196,3.9871,4.0469,4.7134,3.8587,4.2353,3.3856,3.8361,5.2668,4.387,3.7949,3.3856,4.5584,4.2944,3.3849,3.3849,3.3849,3.3849,3.3856,3.8587,4.4188,4.366,4.0599,5.4039,3.9439,5.2912,3.9849,3.5972,4.3577,5.0546,5.0546,3.7698,4.2758,6.0,3.8172,4.6389,4.5017,4.5387,4.424,4.3326,3.9902,4.2928,4.0693,4.1529,4.6109,4.0132,4.0427,4.3039,5.4196,5.4196,5.4196,5.3073,4.6318,3.4189,3.6415,4.2709,4.3467,4.2928,4.8477,4.9245,5.2597,4.4548,4.2957,3.5289,5.17,4.458,3.7657,4.3014,4.3354,4.3122,3.9859,3.7514,4.1209,4.183,4.3124,3.936,4.1376,4.2831,4.3912,4.4094,3.7698,4.8613,4.4895,4.3353,4.2029,3.8548,3.7799,4.7822,4.3041,4.3122,3.7097,4.6268,3.8548,4.2644,5.3822,5.0996,5.3962,6.0,3.8111,4.9053,4.3603,4.6386,4.3042,5.379,6.0,4.2365,4.4734,3.25,4.1255,4.7358,5.1124,4.397,5.3822,3.8817,3.6368,5.1438,3.9141,3.5516,4.5617,4.132,5.2444,4.2178,4.1593,4.2076,4.1986,5.4587,4.1585,5.409,3.709,3.9141,4.8257,3.9141,5.2704,4.859,4.4341,5.4917,3.9074,4.6293,5.2529,4.0552,3.9084,5.409,5.409,5.409,3.8515,5.1203,4.3534,5.7831,4.3965,4.1979,4.2928,3.6675,4.1234,4.1234,4.5614,3.9141,5.3962,3.5654,4.1127,5.306,4.9437,5.2331,4.605,3.7769,4.4618,4.3691,5.8723,4.1234,3.7769,3.9541,4.0925,4.3974,4.9711,5.1161,5.409,5.5757,4.3691,4.1936,3.1046,3.1046,4.0743,4.0743,5.4196,4.5015,4.5386,5.0427
Min ATR Filter (Points),0.5,0.5,1.0,float,Minimum ATR floor (optional) to ensure stops aren't too tight. Default 0.5 points. ATR must be >= this AND <= Max ATR Filter,1.0,0.977,0.9651,1.0,0.5,0.6771,0.5086,0.9179,0.999,0.999,0.999,0.999,0.5572,0.7648,0.5,0.5509,0.8921,0.6127,0.6139,0.7482,0.9179,0.9378,0.9497,0.6764,0.782,0.9179,0.7588,0.7588,0.9993,0.9993,0.734,0.6237,1.0,0.5,0.6222,1.0,0.6222,1.0,1.0,0.5,1.0,1.0,0.7878,0.7861,0.5,0.7861,0.5,0.5,0.5436,0.9438,0.9953,0.686,1.0,0.7283,0.7646,0.9569,0.8645,0.686,0.5436,0.8981,0.633,0.633,0.7649,0.9993,0.8778,0.9962,1.0,0.9666,1.0,0.9552,0.8685,0.6929,1.0,0.9407,0.999,0.999,0.7124,0.8236,0.9904,0.9989,0.8481,0.8841,1.0,1.0,1.0,0.856,1.0,0.9897,1.0,0.9989,0.9989,0.633,0.9702,0.9282,1.0,0.9989,0.6844,0.6208,0.9989,0.9819,0.9275,0.9086,0.9459,0.9989,1.0,1.0,0.9998,1.0,1.0,1.0,1.0,0.8594,1.0,0.9923,0.8594,0.8594,1.0,0.6944,0.9086,0.9929,0.8896,0.9817,0.9203,0.9916,0.9916,0.8332,0.9862,0.714,0.714,1.0,0.9447,0.9501,0.8774,1.0,1.0,1.0,0.9564,0.9564,0.9965,0.9407,1.0,0.812,0.9686,0.6887,0.6887,0.8886,0.8156,0.5858,0.5,0.5,1.0,0.9705,0.913,1.0,0.6615,1.0,0.8513,0.5969,0.574,0.9383,0.7944,0.958,1.0,0.8156,0.9656,1.0,0.5052,0.9182,0.7765,0.8291,0.5107,0.5857,0.6994,0.8382,0.8382,0.7559,0.5,0.8429,0.5582,0.8152,0.8152,0.7617,0.8152,0.8152,1.0,0.6909,0.6909,0.7161,0.8284,0.8575,0.5,0.5,0.9974,1.0,0.703,1.0,0.5,0.5087,0.7113,0.9996,0.633,0.9983,0.6766,0.9983,0.988,0.9151,0.9962,1.0,0.9013,0.6766,0.7778,0.7827,0.7827,1.0,0.5,0.5032,0.9979,0.9847,0.5,0.6514,1.0,0.9251,0.5367,0.5978,0.5168,1.0,0.5,0.9509,0.5,0.6451,0.7324,0.9715,0.6758,0.5,0.6339,0.5,0.777,0.5,0.9001,0.9914,0.8032,0.7408,0.7977,0.7408,0.8491,0.5,0.6339,0.8491,0.8248,0.962,1.0,0.9469,0.962,0.8428,0.5108,0.916,1.0,0.8866,1.0,1.0,0.5,0.7684,0.962,1.0,0.5472,0.8866,0.9046,1.0,0.9046,0.5772,1.0,0.6225,0.6817,0.8268,1.0,1.0,0.8141,0.7626,0.9957,0.5,0.5281,0.7482,0.5038,0.5038,0.5981,1.0,0.7077,0.5,0.5333,0.6903,0.5,0.7557,0.972,0.5497,0.666,1.0,0.5731,0.625,0.8537,0.9883,0.5536,0.666,1.0,0.8472,0.5018,0.9574,0.9807,0.5056,0.512,0.5,0.7376,0.666,0.7979,0.5226,1.0,1.0,0.9772,0.9138,0.8756,0.7276,0.9857,0.5015,1.0,0.9637,0.9637,0.5859,0.9898,0.7976,0.736,0.8661,0.8606,1.0,0.8593,0.8015,0.8015,0.9274,0.6218,0.5,0.6787,0.8782,0.8517,0.54,0.6519,1.0,0.9078,0.9078,0.8114,0.7065,0.6519,0.5,0.502,0.7251,0.8343,0.6908,0.9897,0.5,0.5,1.0,0.8298,0.6519,0.872,0.8919,0.833,0.5741,0.8015,0.5,0.946,0.7444,0.5,0.7596,0.9645,1.0,0.9458,0.8742,0.8591,1.0,0.9813,0.9514,0.8947,0.5741,0.8947,0.5858,0.5,1.0,0.9458,0.9458,0.5858,0.5,0.7998,0.7424,0.8531,0.9458,0.9142,1.0,0.5858,0.7111,1.0,0.8857,0.6525,0.5063,0.9078,1.0,0.8253,0.9618,0.9621,0.9701,0.9316,0.6723,1.0,0.717,0.8531,0.5988,0.7764,0.6466,0.97,0.5,0.7612,0.9765,1.0,0.9943,0.8204,0.8514,0.8482,0.5,0.8783,0.6055,0.6031,0.5047,0.5504,0.5013,0.5013,0.5,0.5,0.6259,0.8999,0.6549,0.5044,0.6549,1.0,0.8441,0.581,0.5,0.6551,0.6551,0.601,0.7236,0.5118,0.601,0.5,0.5,0.5733,0.7591,0.5219,0.5,0.5667,0.6818,0.6818,0.548,0.548,0.6344,0.6123,0.5,0.5,0.7369,0.5,0.5593,0.5045,0.5,0.6662,0.5078,0.5273,0.5,0.5,0.7143,0.7731,0.7145,0.8159,0.6851,0.6076,0.5,0.8384,0.5,0.5082,0.5,0.6614,0.6614,0.6322,0.5965,0.5965,0.5965,0.5,0.5193,0.6549,0.7189,0.601,0.548,0.7688,0.5,0.6914,0.7121,0.8611,0.9448,0.5,0.5416,0.6046,0.7658,0.6449,0.5,0.9989,0.7482,0.7914,0.5,1.0,1.0,0.5034,0.9525,1.0,0.742,0.9701,0.9213,0.8374,0.6353,0.9916,0.5,0.6668,0.8955,0.9081,0.5121,1.0,0.5749,0.9722,0.6212,1.0,0.8936,0.9012,0.566,0.9527,0.8989,1.0,0.5,0.5845,0.9571,0.9708,0.8127,0.7456,0.6206,0.8755,0.9973,0.7532,0.8928,1.0,0.9506,0.7524,0.5,0.5594,0.5,0.5,0.5,0.8117,0.7739,0.9996,0.5,0.8517,0.6868,0.7748,1.0,0.8814,0.8342,0.7785,0.5091,0.5013,0.9005,0.8461,0.6104,0.5,0.9674,0.7167,0.7654,1.0,1.0,0.6879,0.6425,0.6425,0.6708,0.7835,0.5,0.5,0.9751,0.5,0.8468,1.0,0.9997,0.771,0.6125,0.5073,0.5,0.5,0.5,1.0,0.8703,0.6946,0.7112,0.7835,0.9589,0.5,0.5,0.7347,0.9042,0.8468,0.9814,0.7171,0.6492,0.8461,1.0,0.557,0.8672,0.9478,0.5,0.619,0.706,0.5946,0.7835,0.5,0.8375,1.0,0.5,0.8483,0.7917,0.6869,0.9967,0.5,0.5307,0.9935,0.5,0.8822,0.9042,0.5,0.6817,0.7795,0.6458,0.97,0.8703,0.5112,0.5667,0.5715,0.6783,0.6125,0.698,0.5,0.8678,0.7693,1.0,1.0,0.6125,0.8547,0.8132,1.0,0.7915,0.9805,0.6864,0.5,0.5773,1.0,0.7275,0.9446,1.0,1.0,1.0,0.8323,0.7631,0.7987,0.6618,0.6762,0.593,0.611,0.7651,0.7185,0.5629,1.0,0.5112,0.6864,0.5,0.5,0.8447,0.591,0.7089,0.5,0.7651,0.8358,0.8358,1.0,0.8115,0.7534,0.7158,0.7185,0.8588,0.5,0.8072,0.9223,0.6764,0.6389,0.5,0.7083,0.7635,0.6321,0.5228,0.5228,1.0,0.7158,0.6031,0.6618,1.0,0.5,0.8358,0.8146,0.5,0.8249,0.5,0.7627,0.7534,0.5,0.7534,0.7534,0.7574,0.7534,0.7534,1.0,1.0,0.8028,0.7346,0.51,0.707,0.5,0.5,0.5101,0.8019,0.5809,0.5,1.0,0.7104,0.5,0.9193,0.8774,0.9422,0.7235,0.6891,1.0,0.5018,0.846,1.0,0.5,0.846,0.6817,1.0,0.7534,1.0,0.5279,0.7534,1.0,0.8898,0.9168,1.0,1.0,1.0,1.0,1.0,0.846,0.97,0.7465,0.7535,0.5,0.6793,0.5159,0.8146,0.7699,1.0,0.5018,0.5018,0.9507,0.8899,0.7619,0.7896,0.9261,0.707,0.728,0.677,0.7971,0.844,0.6075,0.7226,1.0,0.8283,0.6045,0.8146,0.8358,0.5018,0.5018,0.5,0.5003,0.7679,0.5,0.5253,0.7726,0.7726,0.6843,1.0,0.707,0.5415,0.6197,0.5,0.5,0.8274,0.9015,0.846,1.0,0.6755,0.5,0.8481,0.8191,1.0,0.6695,0.8539,0.721,1.0,0.8024,1.0,1.0,0.9507,0.5,0.9739,0.5,0.6765,0.7051,0.5412,0.9609,0.5828,0.7104,0.9414,0.9609,0.7051,0.9349,0.793,0.7877,0.793,0.978,0.981,0.6511,0.8627,0.8099,0.5272,0.8164,0.6746,0.6695,0.5,0.6689,0.9122,0.8363,0.7925,0.5233,1.0,0.5523,0.5,0.5017,0.8582,0.6529,0.7173,0.7052,0.7747,0.6165,0.739,0.7897,0.7052,0.8111,0.5202,0.793,0.7443,0.8582,0.7686,0.7267,0.5,0.7983,0.7904,0.7855,0.7654,0.5649,0.79,0.6963,0.7404,0.793,0.793,0.793,0.7504,0.8736,0.5843,0.9477,0.8381,0.8287,0.5,0.7384,0.7607,0.7607,0.6577,0.8582,0.793,0.777,0.7101,0.9227,0.8217,0.7412,0.7124,0.5,0.8308,0.8341,0.7773,0.7607,0.5,0.5087,0.7381,0.8627,0.8736,0.5,0.7941,0.7941,0.8341,0.9244,0.8961,0.8961,0.5,0.5,0.5018,0.5,0.5,0.5
RTH Start (HH:MM),09:30,09:30,09:30,str,Regular trading hours start (Eastern Time),,,,,,,,,,,,,,,,,,,,,,,,,,,,,,,,,,,,,,,,,,,,,,,,,,,,,,,,,,,,,,,,,,,,,,,,,,,,,,,,,,,,,,,,,,,,,,,,,,,,,,,,,,,,,,,,,,,,,,,,,,,,,,,,,,,,,,,,,,,,,,,,,,,,,,,,,,,,,,,,,,,,,,,,,,,,,,,,,,,,,,,,,,,,,,,,,,,,,,,,,,,,,,,,,,,,,,,,,,,,,,,,,,,,,,,,,,,,,,,,,,,,,,,,,,,,,,,,,,,,,,,,,,,,,,,,,,,,,,,,,,,,,,,,,,,,,,,,,,,,,,,,,,,,,,,,,,,,,,,,,,,,,,,,,,,,,,,,,,,,,,,,,,,,,,,,,,,,,,,,,,,,,,,,,,,,,,,,,,,,,,,,,,,,,,,,,,,,,,,,,,,,,,,,,,,,,,,,,,,,,,,,,,,,,,,,,,,,,,,,,,,,,,,,,,,,,,,,,,,,,,,,,,,,,,,,,,,,,,,,,,,,,,,,,,,,,,,,,,,,,,,,,,,,,,,,,,,,,,,,,,,,,,,,,,,,,,,,,,,,,,,,,,,,,,,,,,,,,,,,,,,,,,,,,,,,,,,,,,,,,,,,,,,,,,,,,,,,,,,,,,,,,,,,,,,,,,,,,,,,,,,,,,,,,,,,,,,,,,,,,,,,,,,,,,,,,,,,,,,,,,,,,,,,,,,,,,,,,,,,,,,,,,,,,,,,,,,,,,,,,,,,,,,,,,,,,,,,,,,,,,,,,,,,,,,,,,,,,,,,,,,,,,,,,,,,,,,,,,,,,,,,,,,,,,,,,,,,,,,,,,,,,,,,,,,,,,,,,,,,,,,,,,,,,,,,,,,,,,,,,,,,,,,,,,,,,,,,,,,,,,,,,,,,,,,,,,,,,,,,,,,,,,,,,,,,,,,,,,,,,,,,,,,,,,,,,,,,,,,,,,,,,,,,,,,,,,,,,,,,,,,,,,,,,,,,,
RTH End (HH:MM),16:00,16:00,16:00,str,Regular trading hours end (Eastern Time),,,,,,,,,,,,,,,,,,,,,,,,,,,,,,,,,,,,,,,,,,,,,,,,,,,,,,,,,,,,,,,,,,,,,,,,,,,,,,,,,,,,,,,,,,,,,,,,,,,,,,,,,,,,,,,,,,,,,,,,,,,,,,,,,,,,,,,,,,,,,,,,,,,,,,,,,,,,,,,,,,,,,,,,,,,,,,,,,,,,,,,,,,,,,,,,,,,,,,,,,,,,,,,,,,,,,,,,,,,,,,,,,,,,,,,,,,,,,,,,,,,,,,,,,,,,,,,,,,,,,,,,,,,,,,,,,,,,,,,,,,,,,,,,,,,,,,,,,,,,,,,,,,,,,,,,,,,,,,,,,,,,,,,,,,,,,,,,,,,,,,,,,,,,,,,,,,,,,,,,,,,,,,,,,,,,,,,,,,,,,,,,,,,,,,,,,,,,,,,,,,,,,,,,,,,,,,,,,,,,,,,,,,,,,,,,,,,,,,,,,,,,,,,,,,,,,,,,,,,,,,,,,,,,,,,,,,,,,,,,,,,,,,,,,,,,,,,,,,,,,,,,,,,,,,,,,,,,,,,,,,,,,,,,,,,,,,,,,,,,,,,,,,,,,,,,,,,,,,,,,,,,,,,,,,,,,,,,,,,,,,,,,,,,,,,,,,,,,,,,,,,,,,,,,,,,,,,,,,,,,,,,,,,,,,,,,,,,,,,,,,,,,,,,,,,,,,,,,,,,,,,,,,,,,,,,,,,,,,,,,,,,,,,,,,,,,,,,,,,,,,,,,,,,,,,,,,,,,,,,,,,,,,,,,,,,,,,,,,,,,,,,,,,,,,,,,,,,,,,,,,,,,,,,,,,,,,,,,,,,,,,,,,,,,,,,,,,,,,,,,,,,,,,,,,,,,,,,,,,,,,,,,,,,,,,,,,,,,,,,,,,,,,,,,,,,,,,,,,,,,,,,,,,,,,,,,,,,,,,,,,,,,,,,,,,,,,,,,,,,,,,,,,,,,,,,,,,,,,,,,,,,,,,,,,,,,
Enable RTH Filter,1,0,1,int,"Restrict entries to RTH only (0=false, 1=true) - OPTIMIZABLE",0,0,0,0,0,0,0,0,0,0,0,0,0,0,0,0,0,0,0,0,0,0,0,0,0,0,0,0,0,0,0,0,0,0,0,0,0,0,0,0,0,0,0,0,0,0,0,0,0,0,0,0,0,0,0,0,0,0,0,0,0,0,0,0,0,0,0,0,0,0,0,0,0,0,0,0,0,0,0,0,0,0,0,0,0,0,0,0,0,0,0,0,0,0,0,0,0,0,0,0,0,0,0,0,0,0,0,0,0,0,0,0,0,0,0,0,0,0,0,0,0,0,0,0,0,0,0,0,0,0,0,0,0,0,0,0,0,0,0,0,0,0,0,0,0,0,0,0,0,0,0,0,0,0,0,0,0,0,0,0,0,0,0,0,0,0,0,0,0,0,0,0,0,0,0,0,0,0,0,0,0,0,0,0,0,0,0,0,0,0,0,0,0,0,0,0,0,0,0,0,0,0,0,0,0,0,0,0,0,0,0,0,0,0,0,0,0,0,0,0,0,0,0,0,0,0,0,0,0,0,0,0,0,0,0,0,0,0,0,0,0,0,0,0,0,0,0,0,0,0,0,0,0,0,0,0,0,0,0,0,0,0,0,0,0,0,0,0,0,0,0,0,0,0,0,0,0,0,0,0,0,0,0,0,0,0,0,0,0,0,0,0,0,0,0,0,0,0,0,0,0,0,0,0,0,0,0,0,0,0,0,0,0,0,0,0,0,0,0,0,0,0,0,0,0,0,0,0,0,0,0,0,0,0,0,0,0,0,0,0,0,0,0,0,0,0,0,0,0,0,0,0,0,0,0,0,0,0,0,0,0,0,0,0,0,0,0,0,0,0,0,0,0,0,0,0,0,0,0,0,0,0,0,0,0,0,0,0,0,0,0,0,0,0,0,0,0,0,0,0,0,0,0,0,0,0,0,0,0,0,0,0,0,0,0,0,0,0,0,0,0,0,0,0,0,0,0,0,0,0,0,0,0,0,0,0,0,0,0,0,0,0,0,0,0,0,0,0,0,0,0,0,0,0,0,0,0,0,0,0,0,0,0,0,0,0,0,0,0,0,0,0,0,0,0,0,0,0,0,0,0,0,0,0,0,0,0,0,0,0,0,0,0,0,0,0,0,0,0,0,0,0,0,0,0,0,1,0,0,0,0,0,0,0,0,0,0,0,0,0,0,0,0,0,0,0,0,0,0,0,0,0,0,0,0,0,0,0,0,0,0,0,0,0,0,0,0,0,0,0,0,0,0,0,0,0,0,0,0,0,0,0,0,0,0,0,0,0,0,0,0,0,0,0,0,0,0,0,0,0,0,0,0,0,0,0,0,0,0,0,0,0,0,0,0,0,0,0,0,0,0,0,0,0,0,0,0,0,0,0,0,0,0,0,0,0,0,0,0,0,0,0,0,0,0,0,0,0,0,0,0,0,0,0,0,0,0,0,0,0,0,0,0,0,0,0,0,0,0,0,0,0,0,0,0,0,0,0,0,0,0,0,0,0,0,0,0,0,0,0,0,0,0,0,0,0,0,0,0,0,0,0,0,0,0,0,0,0,0,0,0,0,0,0,0,0,0,0,0,0,0,0,0,0,0,0,0,0,0,0,0,0,0,0,0,0,0,0,0,0,0,0,0,0,0,0,0,0,0,0,0,0,0,0,0,0,0,0,0,0,0,0,0,0,0,0,0,0,0,0,0,0,0,0,0,0,0,0,0,0,0,0,0,0,0,0,0,0,0,0,0,0,0,0,0,0,0,0,0,0,0,0,0,0,0,0,0,0,0,0,0,0,0,0,0,0,0,0,0,0,0,0,0,0,0,0,0,0,0,0,0,0,0,0,0,0,0,0,0,0,0,0,0,0,0,0,0,0,0,0,0,0,0,0,0,0,0,0,0,0,0,0,0,0,0,0,0,0,0,0,0,0,0,0,0,0,0,0,0,0,0,0,0,0,0,0,0,0,0,0,0,0,0,0,0,0,0,0,0,0,0,0,0,0,0,0,0,0,0,0,0,0,0,0,0,0,0,0,0,0,0,0,0,0,0,0,0,0,0,0,0,0,0,0,0,0,0,0,0,0,0,0,0,0,0,0,0,0,0,0,0,0,0
RTH Exit Buffer (minutes),0,0,60,int,Minutes before RTH end to start closing positions (0 = no auto-close),10,0,7,0,41,14,14,12,8,8,8,8,25,0,28,2,6,47,45,53,16,16,16,8,11,16,13,13,5,5,16,3,8,57,0,6,0,30,30,38,22,22,52,7,38,7,38,38,17,25,0,13,4,8,2,20,38,13,17,0,13,13,7,20,39,23,20,24,7,44,12,5,12,22,6,6,19,10,6,6,5,20,30,8,19,7,10,0,0,6,6,13,6,19,22,6,46,9,6,26,9,4,0,6,22,12,0,6,6,6,6,60,6,20,60,60,14,6,4,0,4,20,6,5,5,7,0,14,14,1,6,6,16,5,12,5,5,5,42,22,0,9,10,14,14,5,60,12,58,58,26,9,5,0,3,0,40,31,0,41,21,44,21,60,25,5,16,11,22,2,41,36,17,23,23,0,60,31,19,32,32,14,32,32,60,2,2,39,19,54,60,17,0,9,12,14,26,10,22,11,13,22,4,22,25,15,19,28,8,4,1,35,35,50,60,32,17,16,35,8,12,7,10,5,18,8,17,0,12,25,30,11,12,27,12,22,14,22,20,9,39,30,4,30,50,12,12,50,14,16,16,9,16,26,28,8,60,16,16,22,16,19,16,13,0,16,23,3,23,11,12,18,4,6,15,53,8,1,0,11,15,53,11,11,53,7,15,60,60,4,59,0,7,6,11,7,35,19,26,7,13,10,0,0,13,25,13,5,60,25,2,10,0,9,16,51,14,20,17,18,7,12,43,11,11,4,3,18,35,35,40,26,11,24,24,20,13,37,18,27,22,16,23,17,9,9,13,22,23,10,2,5,60,10,19,13,13,9,5,23,18,60,5,6,24,59,5,15,6,45,4,7,14,21,21,16,6,17,38,6,38,38,6,14,14,13,38,23,14,0,10,14,21,60,38,20,14,23,19,32,9,13,14,14,0,32,11,15,16,15,10,11,57,16,13,26,33,15,25,45,11,39,18,51,32,15,15,17,24,43,43,53,28,4,17,18,23,18,15,19,50,26,46,46,44,15,14,44,44,58,37,38,3,14,36,6,6,10,10,13,12,41,41,31,3,15,41,52,34,52,36,44,25,33,29,29,29,29,29,43,29,60,51,8,34,34,37,45,45,45,30,60,18,41,44,10,40,17,60,60,44,24,12,14,39,60,51,10,33,23,4,40,13,13,38,27,13,16,32,39,26,16,27,41,4,37,21,32,21,15,11,9,21,39,9,24,15,9,15,48,26,14,33,60,4,58,14,21,13,11,9,25,11,48,21,52,52,52,8,41,25,0,25,16,8,14,23,37,36,15,13,57,25,12,52,16,34,43,58,44,41,3,3,13,7,45,28,34,17,32,9,9,7,35,15,9,25,17,22,14,0,30,7,57,60,60,9,14,32,9,27,24,25,37,22,14,15,9,27,10,50,7,25,29,22,25,40,14,8,14,57,24,14,51,12,14,58,19,13,14,50,14,60,7,40,35,35,45,3,41,11,14,22,35,0,29,26,23,16,22,22,39,14,33,15,17,13,13,14,39,7,22,17,27,18,32,9,11,22,60,22,14,9,22,60,17,36,32,15,15,22,32,49,17,9,48,55,15,7,21,41,15,0,17,60,48,48,21,17,41,22,15,60,15,13,22,21,36,47,49,20,49,49,51,49,49,15,25,22,33,16,16,15,43,55,8,0,57,27,45,60,26,23,24,7,47,2,32,14,55,60,14,3,57,49,42,43,49,57,27,20,54,54,54,54,57,14,13,9,16,60,53,13,13,15,26,32,32,7,14,29,48,43,16,33,15,60,39,22,44,43,3,39,13,15,32,32,32,21,16,12,11,52,52,29,15,16,0,15,15,60,60,13,14,7,16,16,22,3,15,50,15,45,17,13,5,20,7,29,12,14,21,44,24,14,17,16,12,14,44,12,55,34,55,15,16,36,13,40,3,55,50,50,60,0,6,55,4,60,55,21,53,59,38,17,42,5,47,52,60,14,5,56,51,55,28,38,41,38,60,6,16,55,58,45,54,8,43,55,55,55,42,47,23,14,13,60,22,34,15,15,24,38,55,41,23,35,0,47,36,38,13,13,38,15,38,47,54,13,47,60,55,55,13,12,20,20,32,32,32,27,31,60
Enable Maintenance Filter,true,false,true,bool,Exit positions before maintenance periods,,,,,,,,,,,,,,,,,,,,,,,,,,,,,,,,,,,,,,,,,,,,,,,,,,,,,,,,,,,,,,,,,,,,,,,,,,,,,,,,,,,,,,,,,,,,,,,,,,,,,,,,,,,,,,,,,,,,,,,,,,,,,,,,,,,,,,,,,,,,,,,,,,,,,,,,,,,,,,,,,,,,,,,,,,,,,,,,,,,,,,,,,,,,,,,,,,,,,,,,,,,,,,,,,,,,,,,,,,,,,,,,,,,,,,,,,,,,,,,,,,,,,,,,,,,,,,,,,,,,,,,,,,,,,,,,,,,,,,,,,,,,,,,,,,,,,,,,,,,,,,,,,,,,,,,,,,,,,,,,,,,,,,,,,,,,,,,,,,,,,,,,,,,,,,,,,,,,,,,,,,,,,,,,,,,,,,,,,,,,,,,,,,,,,,,,,,,,,,,,,,,,,,,,,,,,,,,,,,,,,,,,,,,,,,,,,,,,,,,,,,,,,,,,,,,,,,,,,,,,,,,,,,,,,,,,,,,,,,,,,,,,,,,,,,,,,,,,,,,,,,,,,,,,,,,,,,,,,,,,,,,,,,,,,,,,,,,,,,,,,,,,,,,,,,,,,,,,,,,,,,,,,,,,,,,,,,,,,,,,,,,,,,,,,,,,,,,,,,,,,,,,,,,,,,,,,,,,,,,,,,,,,,,,,,,,,,,,,,,,,,,,,,,,,,,,,,,,,,,,,,,,,,,,,,,,,,,,,,,,,,,,,,,,,,,,,,,,,,,,,,,,,,,,,,,,,,,,,,,,,,,,,,,,,,,,,,,,,,,,,,,,,,,,,,,,,,,,,,,,,,,,,,,,,,,,,,,,,,,,,,,,,,,,,,,,,,,,,,,,,,,,,,,,,,,,,,,,,,,,,,,,,,,,,,,,,,,,,,,,,,,,,,,,,,,,,,,,,,,,,,,,,,,,,,,,,,,,,,,,,,,,,,,,,,,,,,,,,,,,,,,,,,,,,,,,,,,,,,,,,,,,,,,,,,,,,
Daily Maintenance Start (HH:MM),17:00,17:00,17:00,str,Daily maintenance period start in Eastern Time (ES: 4:00 PM CT = 5:00 PM ET),,,,,,,,,,,,,,,,,,,,,,,,,,,,,,,,,,,,,,,,,,,,,,,,,,,,,,,,,,,,,,,,,,,,,,,,,,,,,,,,,,,,,,,,,,,,,,,,,,,,,,,,,,,,,,,,,,,,,,,,,,,,,,,,,,,,,,,,,,,,,,,,,,,,,,,,,,,,,,,,,,,,,,,,,,,,,,,,,,,,,,,,,,,,,,,,,,,,,,,,,,,,,,,,,,,,,,,,,,,,,,,,,,,,,,,,,,,,,,,,,,,,,,,,,,,,,,,,,,,,,,,,,,,,,,,,,,,,,,,,,,,,,,,,,,,,,,,,,,,,,,,,,,,,,,,,,,,,,,,,,,,,,,,,,,,,,,,,,,,,,,,,,,,,,,,,,,,,,,,,,,,,,,,,,,,,,,,,,,,,,,,,,,,,,,,,,,,,,,,,,,,,,,,,,,,,,,,,,,,,,,,,,,,,,,,,,,,,,,,,,,,,,,,,,,,,,,,,,,,,,,,,,,,,,,,,,,,,,,,,,,,,,,,,,,,,,,,,,,,,,,,,,,,,,,,,,,,,,,,,,,,,,,,,,,,,,,,,,,,,,,,,,,,,,,,,,,,,,,,,,,,,,,,,,,,,,,,,,,,,,,,,,,,,,,,,,,,,,,,,,,,,,,,,,,,,,,,,,,,,,,,,,,,,,,,,,,,,,,,,,,,,,,,,,,,,,,,,,,,,,,,,,,,,,,,,,,,,,,,,,,,,,,,,,,,,,,,,,,,,,,,,,,,,,,,,,,,,,,,,,,,,,,,,,,,,,,,,,,,,,,,,,,,,,,,,,,,,,,,,,,,,,,,,,,,,,,,,,,,,,,,,,,,,,,,,,,,,,,,,,,,,,,,,,,,,,,,,,,,,,,,,,,,,,,,,,,,,,,,,,,,,,,,,,,,,,,,,,,,,,,,,,,,,,,,,,,,,,,,,,,,,,,,,,,,,,,,,,,,,,,,,,,,,,,,,,,,,,,,,,,,,,,,,,,,,,
Daily Maintenance End (HH:MM),17:30,17:30,17:30,str,Daily maintenance period end in Eastern Time (ES: 4:30 PM CT = 5:30 PM ET),,,,,,,,,,,,,,,,,,,,,,,,,,,,,,,,,,,,,,,,,,,,,,,,,,,,,,,,,,,,,,,,,,,,,,,,,,,,,,,,,,,,,,,,,,,,,,,,,,,,,,,,,,,,,,,,,,,,,,,,,,,,,,,,,,,,,,,,,,,,,,,,,,,,,,,,,,,,,,,,,,,,,,,,,,,,,,,,,,,,,,,,,,,,,,,,,,,,,,,,,,,,,,,,,,,,,,,,,,,,,,,,,,,,,,,,,,,,,,,,,,,,,,,,,,,,,,,,,,,,,,,,,,,,,,,,,,,,,,,,,,,,,,,,,,,,,,,,,,,,,,,,,,,,,,,,,,,,,,,,,,,,,,,,,,,,,,,,,,,,,,,,,,,,,,,,,,,,,,,,,,,,,,,,,,,,,,,,,,,,,,,,,,,,,,,,,,,,,,,,,,,,,,,,,,,,,,,,,,,,,,,,,,,,,,,,,,,,,,,,,,,,,,,,,,,,,,,,,,,,,,,,,,,,,,,,,,,,,,,,,,,,,,,,,,,,,,,,,,,,,,,,,,,,,,,,,,,,,,,,,,,,,,,,,,,,,,,,,,,,,,,,,,,,,,,,,,,,,,,,,,,,,,,,,,,,,,,,,,,,,,,,,,,,,,,,,,,,,,,,,,,,,,,,,,,,,,,,,,,,,,,,,,,,,,,,,,,,,,,,,,,,,,,,,,,,,,,,,,,,,,,,,,,,,,,,,,,,,,,,,,,,,,,,,,,,,,,,,,,,,,,,,,,,,,,,,,,,,,,,,,,,,,,,,,,,,,,,,,,,,,,,,,,,,,,,,,,,,,,,,,,,,,,,,,,,,,,,,,,,,,,,,,,,,,,,,,,,,,,,,,,,,,,,,,,,,,,,,,,,,,,,,,,,,,,,,,,,,,,,,,,,,,,,,,,,,,,,,,,,,,,,,,,,,,,,,,,,,,,,,,,,,,,,,,,,,,,,,,,,,,,,,,,,,,,,,,,,,,,,,,,,,,,,,,,,,
Weekend Maintenance Start Day,4,4,4,int,"Weekend maintenance start day (0=Monday, 1=Tuesday, 2=Wednesday, 3=Thursday, 4=Friday, 5=Saturday, 6=Sunday). For ES futures: 4 (Friday)",,,,,,,,,,,,,,,,,,,,,,,,,,,,,,,,,,,,,,,,,,,,,,,,,,,,,,,,,,,,,,,,,,,,,,,,,,,,,,,,,,,,,,,,,,,,,,,,,,,,,,,,,,,,,,,,,,,,,,,,,,,,,,,,,,,,,,,,,,,,,,,,,,,,,,,,,,,,,,,,,,,,,,,,,,,,,,,,,,,,,,,,,,,,,,,,,,,,,,,,,,,,,,,,,,,,,,,,,,,,,,,,,,,,,,,,,,,,,,,,,,,,,,,,,,,,,,,,,,,,,,,,,,,,,,,,,,,,,,,,,,,,,,,,,,,,,,,,,,,,,,,,,,,,,,,,,,,,,,,,,,,,,,,,,,,,,,,,,,,,,,,,,,,,,,,,,,,,,,,,,,,,,,,,,,,,,,,,,,,,,,,,,,,,,,,,,,,,,,,,,,,,,,,,,,,,,,,,,,,,,,,,,,,,,,,,,,,,,,,,,,,,,,,,,,,,,,,,,,,,,,,,,,,,,,,,,,,,,,,,,,,,,,,,,,,,,,,,,,,,,,,,,,,,,,,,,,,,,,,,,,,,,,,,,,,,,,,,,,,,,,,,,,,,,,,,,,,,,,,,,,,,,,,,,,,,,,,,,,,,,,,,,,,,,,,,,,,,,,,,,,,,,,,,,,,,,,,,,,,,,,,,,,,,,,,,,,,,,,,,,,,,,,,,,,,,,,,,,,,,,,,,,,,,,,,,,,,,,,,,,,,,,,,,,,,,,,,,,,,,,,,,,,,,,,,,,,,,,,,,,,,,,,,,,,,,,,,,,,,,,,,,,,,,,,,,,,,,,,,,,,,,,,,,,,,,,,,,,,,,,,,,,,,,,,,,,,,,,,,,,,,,,,,,,,,,,,,,,,,,,,,,,,,,,,,,,,,,,,,,,,,,,,,,,,,,,,,,,,,,,,,,,,,,,,,,,,,,,,,,,,,,,,,,,,,,,,,,,,,,,,,,,,,,,,,,,,,,,,,,,,,,,,,,,,,,,
Weekend Maintenance Start Time (HH:MM),17:00,17:00,17:00,str,Weekend maintenance start time in Eastern Time (ES: Fri 4:00 PM CT = 5:00 PM ET),,,,,,,,,,,,,,,,,,,,,,,,,,,,,,,,,,,,,,,,,,,,,,,,,,,,,,,,,,,,,,,,,,,,,,,,,,,,,,,,,,,,,,,,,,,,,,,,,,,,,,,,,,,,,,,,,,,,,,,,,,,,,,,,,,,,,,,,,,,,,,,,,,,,,,,,,,,,,,,,,,,,,,,,,,,,,,,,,,,,,,,,,,,,,,,,,,,,,,,,,,,,,,,,,,,,,,,,,,,,,,,,,,,,,,,,,,,,,,,,,,,,,,,,,,,,,,,,,,,,,,,,,,,,,,,,,,,,,,,,,,,,,,,,,,,,,,,,,,,,,,,,,,,,,,,,,,,,,,,,,,,,,,,,,,,,,,,,,,,,,,,,,,,,,,,,,,,,,,,,,,,,,,,,,,,,,,,,,,,,,,,,,,,,,,,,,,,,,,,,,,,,,,,,,,,,,,,,,,,,,,,,,,,,,,,,,,,,,,,,,,,,,,,,,,,,,,,,,,,,,,,,,,,,,,,,,,,,,,,,,,,,,,,,,,,,,,,,,,,,,,,,,,,,,,,,,,,,,,,,,,,,,,,,,,,,,,,,,,,,,,,,,,,,,,,,,,,,,,,,,,,,,,,,,,,,,,,,,,,,,,,,,,,,,,,,,,,,,,,,,,,,,,,,,,,,,,,,,,,,,,,,,,,,,,,,,,,,,,,,,,,,,,,,,,,,,,,,,,,,,,,,,,,,,,,,,,,,,,,,,,,,,,,,,,,,,,,,,,,,,,,,,,,,,,,,,,,,,,,,,,,,,,,,,,,,,,,,,,,,,,,,,,,,,,,,,,,,,,,,,,,,,,,,,,,,,,,,,,,,,,,,,,,,,,,,,,,,,,,,,,,,,,,,,,,,,,,,,,,,,,,,,,,,,,,,,,,,,,,,,,,,,,,,,,,,,,,,,,,,,,,,,,,,,,,,,,,,,,,,,,,,,,,,,,,,,,,,,,,,,,,,,,,,,,,,,,,,,,,,,,,,,,,,,,,,,
Weekend Maintenance End Day,6,6,6,int,"Weekend maintenance end day (0=Monday, 1=Tuesday, 2=Wednesday, 3=Thursday, 4=Friday, 5=Saturday, 6=Sunday). For ES futures: 6 (Sunday)",,,,,,,,,,,,,,,,,,,,,,,,,,,,,,,,,,,,,,,,,,,,,,,,,,,,,,,,,,,,,,,,,,,,,,,,,,,,,,,,,,,,,,,,,,,,,,,,,,,,,,,,,,,,,,,,,,,,,,,,,,,,,,,,,,,,,,,,,,,,,,,,,,,,,,,,,,,,,,,,,,,,,,,,,,,,,,,,,,,,,,,,,,,,,,,,,,,,,,,,,,,,,,,,,,,,,,,,,,,,,,,,,,,,,,,,,,,,,,,,,,,,,,,,,,,,,,,,,,,,,,,,,,,,,,,,,,,,,,,,,,,,,,,,,,,,,,,,,,,,,,,,,,,,,,,,,,,,,,,,,,,,,,,,,,,,,,,,,,,,,,,,,,,,,,,,,,,,,,,,,,,,,,,,,,,,,,,,,,,,,,,,,,,,,,,,,,,,,,,,,,,,,,,,,,,,,,,,,,,,,,,,,,,,,,,,,,,,,,,,,,,,,,,,,,,,,,,,,,,,,,,,,,,,,,,,,,,,,,,,,,,,,,,,,,,,,,,,,,,,,,,,,,,,,,,,,,,,,,,,,,,,,,,,,,,,,,,,,,,,,,,,,,,,,,,,,,,,,,,,,,,,,,,,,,,,,,,,,,,,,,,,,,,,,,,,,,,,,,,,,,,,,,,,,,,,,,,,,,,,,,,,,,,,,,,,,,,,,,,,,,,,,,,,,,,,,,,,,,,,,,,,,,,,,,,,,,,,,,,,,,,,,,,,,,,,,,,,,,,,,,,,,,,,,,,,,,,,,,,,,,,,,,,,,,,,,,,,,,,,,,,,,,,,,,,,,,,,,,,,,,,,,,,,,,,,,,,,,,,,,,,,,,,,,,,,,,,,,,,,,,,,,,,,,,,,,,,,,,,,,,,,,,,,,,,,,,,,,,,,,,,,,,,,,,,,,,,,,,,,,,,,,,,,,,,,,,,,,,,,,,,,,,,,,,,,,,,,,,,,,,,,,,,,,,,,,,,,,,,,,,,,,,,,,,,,,
Weekend Maintenance End Time (HH:MM),18:00,18:00,18:00,str,Weekend maintenance end time in Eastern Time (ES: Sun 5:00 PM CT = 6:00 PM ET),,,,,,,,,,,,,,,,,,,,,,,,,,,,,,,,,,,,,,,,,,,,,,,,,,,,,,,,,,,,,,,,,,,,,,,,,,,,,,,,,,,,,,,,,,,,,,,,,,,,,,,,,,,,,,,,,,,,,,,,,,,,,,,,,,,,,,,,,,,,,,,,,,,,,,,,,,,,,,,,,,,,,,,,,,,,,,,,,,,,,,,,,,,,,,,,,,,,,,,,,,,,,,,,,,,,,,,,,,,,,,,,,,,,,,,,,,,,,,,,,,,,,,,,,,,,,,,,,,,,,,,,,,,,,,,,,,,,,,,,,,,,,,,,,,,,,,,,,,,,,,,,,,,,,,,,,,,,,,,,,,,,,,,,,,,,,,,,,,,,,,,,,,,,,,,,,,,,,,,,,,,,,,,,,,,,,,,,,,,,,,,,,,,,,,,,,,,,,,,,,,,,,,,,,,,,,,,,,,,,,,,,,,,,,,,,,,,,,,,,,,,,,,,,,,,,,,,,,,,,,,,,,,,,,,,,,,,,,,,,,,,,,,,,,,,,,,,,,,,,,,,,,,,,,,,,,,,,,,,,,,,,,,,,,,,,,,,,,,,,,,,,,,,,,,,,,,,,,,,,,,,,,,,,,,,,,,,,,,,,,,,,,,,,,,,,,,,,,,,,,,,,,,,,,,,,,,,,,,,,,,,,,,,,,,,,,,,,,,,,,,,,,,,,,,,,,,,,,,,,,,,,,,,,,,,,,,,,,,,,,,,,,,,,,,,,,,,,,,,,,,,,,,,,,,,,,,,,,,,,,,,,,,,,,,,,,,,,,,,,,,,,,,,,,,,,,,,,,,,,,,,,,,,,,,,,,,,,,,,,,,,,,,,,,,,,,,,,,,,,,,,,,,,,,,,,,,,,,,,,,,,,,,,,,,,,,,,,,,,,,,,,,,,,,,,,,,,,,,,,,,,,,,,,,,,,,,,,,,,,,,,,,,,,,,,,,,,,,,,,,,,,,,,,,,,,,,,,,,,,,,,,,,,,,,,,,
Maintenance Buffer Minutes,5,1,30,int,Minutes before/after maintenance to exit/block trading,23,29,20,30,21,22,30,27,18,18,18,18,24,18,15,21,22,21,21,21,27,27,20,21,24,27,21,21,19,19,27,20,21,19,27,18,27,20,20,20,26,26,21,30,20,30,20,20,21,30,22,25,20,29,21,29,16,25,21,18,21,21,21,17,26,20,19,23,20,30,20,19,25,30,20,20,22,21,19,20,20,24,20,13,23,20,16,29,23,20,20,21,13,28,17,20,22,24,20,30,24,19,24,20,17,17,25,30,30,30,30,23,30,30,23,23,21,18,19,24,20,26,13,18,18,28,22,24,24,30,30,30,27,18,9,21,18,18,27,30,18,19,30,27,27,18,20,26,20,20,22,28,30,21,21,23,16,21,24,18,20,24,26,20,25,19,21,20,14,24,23,27,14,15,15,29,12,20,22,28,28,20,28,28,24,19,19,21,18,17,19,21,23,24,22,21,21,25,27,16,21,17,12,17,20,26,18,19,22,12,29,22,22,12,21,27,14,24,20,20,17,30,18,17,26,30,17,22,30,17,17,24,30,25,22,26,20,26,13,30,23,17,30,17,19,22,22,19,30,15,15,30,15,21,25,26,25,15,15,16,21,20,15,20,21,15,26,19,26,19,15,30,19,21,15,20,21,19,22,19,27,21,19,19,17,22,19,24,24,21,19,30,30,21,21,22,21,23,21,26,24,21,25,25,19,29,28,18,21,18,22,21,21,21,26,15,17,30,17,19,30,30,21,29,29,15,18,22,21,21,30,16,22,15,15,13,23,20,19,22,25,24,28,16,21,21,21,24,28,23,20,21,22,19,28,30,30,21,21,28,22,14,20,12,15,25,19,15,22,11,29,20,27,21,21,18,16,25,21,12,21,21,3,27,27,27,20,28,30,30,23,27,26,30,21,25,30,20,22,23,21,22,6,25,14,17,21,27,15,26,23,23,19,29,3,20,30,17,15,27,25,24,15,20,22,16,22,23,16,22,22,24,17,21,18,23,18,23,30,16,22,15,23,23,14,19,24,14,14,18,18,22,23,25,15,23,23,19,19,17,20,30,30,21,29,25,19,25,22,19,17,24,18,15,17,17,17,17,17,21,17,22,17,23,29,29,29,17,17,17,16,15,23,17,14,19,21,30,13,28,14,22,24,18,22,23,22,21,19,30,20,22,22,22,28,19,22,21,17,21,25,21,20,30,20,18,14,17,14,7,22,24,30,30,26,24,7,17,7,20,24,21,4,26,29,22,25,30,25,20,27,7,22,19,9,18,18,18,19,11,21,30,26,30,15,14,29,25,21,30,30,27,30,30,18,14,22,22,19,20,27,24,24,30,21,20,24,14,25,21,20,26,25,17,30,30,25,30,28,15,24,18,21,21,19,19,27,27,21,25,30,30,30,25,22,17,29,22,30,30,23,21,21,25,28,24,20,15,16,17,19,18,24,21,24,27,20,27,21,23,21,15,18,21,20,17,17,20,19,17,21,17,21,17,23,16,15,16,12,28,26,30,17,26,14,24,22,22,21,21,20,30,30,25,24,23,27,17,28,18,28,23,29,28,23,25,18,23,20,20,28,23,21,25,27,22,19,27,21,25,27,29,23,20,26,19,19,24,25,19,30,20,19,20,25,30,24,18,21,21,24,21,21,21,21,21,20,26,20,19,17,30,27,22,20,23,20,19,13,20,21,24,30,20,23,20,27,17,26,21,18,26,28,21,21,23,25,21,21,26,15,21,21,21,21,21,26,3,25,22,17,21,25,25,30,25,17,17,20,22,23,21,4,30,23,25,26,19,28,22,19,20,26,25,20,17,17,17,20,16,17,19,21,21,28,22,30,17,22,27,20,25,23,26,17,26,15,26,15,21,30,30,12,20,15,25,29,20,26,23,26,27,22,26,16,26,15,23,16,22,25,23,15,23,21,20,22,24,25,30,23,19,30,20,21,28,23,22,24,23,25,26,20,21,25,23,23,23,22,18,25,23,26,19,23,19,21,20,21,30,22,19,23,21,24,23,30,21,23,23,23,21,23,23,19,25,23,28,21,14,14,19,21,23,23,30,18,23,24,17,20,25,25,30,14,20,19,20,24,23,19,23,23,25,24,18,18,20,20,17,17,17,19
Volume MA Length,50,10,200,int,Rolling window for average volume calculation (used by volume filter),46,34,53,11,83,40,200,108,31,31,31,31,48,13,40,10,159,21,21,15,39,39,48,92,106,39,199,199,49,49,39,34,99,10,71,34,71,10,10,10,200,200,13,38,10,38,10,10,196,40,42,152,58,200,59,132,10,152,196,13,200,200,114,108,10,71,200,156,39,34,34,33,91,62,30,30,35,85,100,34,46,50,10,10,200,10,34,32,53,66,66,200,39,17,19,66,11,85,66,140,13,48,26,66,19,75,68,39,39,39,39,42,39,200,42,42,10,33,48,35,15,169,38,30,30,37,27,46,46,10,39,38,42,38,20,30,38,38,10,62,36,26,29,10,10,38,16,64,13,13,23,180,39,45,147,45,156,59,66,40,40,28,41,15,52,24,120,13,34,40,28,68,19,22,22,15,30,35,50,77,77,28,77,77,37,22,22,16,81,33,11,173,45,35,10,10,73,84,38,10,200,19,95,19,27,38,10,14,37,95,36,34,34,151,108,48,27,51,89,69,75,39,163,34,10,38,10,23,77,21,30,160,10,200,11,25,39,25,33,33,16,66,30,66,30,10,10,30,14,10,10,40,10,63,16,10,10,10,10,31,10,59,10,15,57,10,38,10,38,12,41,10,26,70,15,24,14,39,32,35,58,15,35,35,10,27,13,23,23,82,10,32,37,11,10,27,35,40,63,142,13,10,11,11,28,124,33,10,200,78,31,10,49,31,24,30,10,64,43,10,38,28,31,33,33,24,73,46,24,24,64,99,10,10,10,10,14,16,34,62,61,14,20,13,31,31,27,163,20,10,32,10,49,64,44,62,62,31,72,20,46,10,10,15,10,36,10,19,12,90,78,10,20,10,10,42,28,10,12,15,12,12,11,20,20,20,12,20,38,152,13,20,12,37,12,10,38,91,13,15,31,29,48,10,62,10,11,34,10,37,13,20,51,27,32,22,26,46,10,71,52,10,55,87,58,43,23,30,41,33,33,28,57,107,133,44,15,44,86,12,19,12,26,26,21,19,45,21,21,22,73,11,32,10,27,14,14,17,17,23,16,45,45,10,56,14,17,10,22,15,25,23,10,24,24,23,23,23,23,10,23,20,17,21,24,24,24,28,28,28,22,23,44,151,21,17,10,25,16,12,21,55,37,10,55,44,24,10,22,56,16,10,29,29,30,10,29,172,10,10,10,18,17,45,27,114,11,28,11,20,97,18,11,75,17,10,20,41,20,11,32,13,19,58,37,43,17,33,27,33,28,47,21,25,10,10,10,10,44,19,30,45,90,10,36,20,13,29,14,10,13,31,10,24,10,12,19,22,16,62,24,48,48,13,34,162,10,10,50,10,11,18,16,17,10,22,21,19,24,40,36,27,34,19,11,11,27,41,10,48,43,15,10,29,13,39,31,17,10,28,28,34,22,10,24,140,10,40,35,10,11,15,29,11,30,41,10,33,12,23,14,40,19,11,44,26,17,10,10,119,33,39,46,17,49,12,30,44,10,30,10,18,39,33,33,10,31,31,16,42,38,15,52,10,18,10,30,10,30,19,30,28,21,30,22,33,28,10,45,45,30,10,14,33,30,39,18,34,10,48,25,26,10,22,10,25,25,30,33,23,15,45,12,45,57,15,87,28,10,14,39,14,14,14,14,14,45,18,36,12,15,10,30,10,15,10,33,10,21,49,23,33,13,53,27,15,41,11,22,17,111,22,10,17,14,36,32,14,17,10,13,18,18,18,18,17,21,32,30,23,12,18,13,57,42,45,11,11,10,30,38,14,11,10,42,29,14,14,20,30,29,15,10,57,45,11,11,11,21,10,10,45,14,14,15,24,10,63,18,30,25,23,22,21,22,37,19,25,12,45,17,30,33,42,45,21,45,10,30,10,38,56,30,22,10,22,19,24,10,30,172,34,34,34,14,10,27,29,17,28,34,36,17,22,23,33,35,42,29,34,21,169,10,32,51,32,43,17,10,10,200,43,69,26,34,10,32,10,32,33,12,95,34,56,42,28,49,33,34,34,34,16,17,20,14,32,29,20,12,30,30,14,32,34,10,25,10,37,35,21,37,29,29,34,30,37,10,34,29,17,16,34,34,29,35,57,57,43,43,11,10,17,10
Max Volume Multiplier,1.2,0.1,3.0,float,"Volume filter for mean reversion - MAX volume allowed (volume <= avg * multiplier). Low volume = exhausted move ready to reverse. High volume = strong momentum (bad for mean reversion). Range 0.5-3.0 (1.0 = no filter, lower = more restrictive)",2.4069,2.5421,2.5607,2.1582,2.3884,2.7158,2.0241,2.8167,2.5225,2.5225,2.5225,2.5225,3.0,1.8265,2.7712,3.0,1.471,3.0,3.0,2.4253,2.1396,2.1396,2.6026,2.2359,0.4262,2.1396,2.2304,2.2304,2.569,2.6217,2.1396,2.5027,2.3829,2.1127,2.9031,2.9407,2.919,2.1219,2.1219,2.3496,2.5529,2.5529,2.1395,2.1285,2.1982,2.1285,2.3496,2.4894,3.0,2.5328,2.5709,2.8581,2.5743,2.8958,3.0,2.4181,3.0,2.8581,3.0,1.5698,2.4437,2.4437,2.4036,2.6104,2.288,2.7496,2.7114,2.4539,2.5434,2.6136,2.6305,2.5718,2.2004,2.6181,2.6119,2.6119,2.098,2.8569,2.9058,2.5714,2.5716,2.1336,2.1219,2.3708,2.6058,2.509,2.7215,2.7866,2.6147,2.5727,2.5727,2.4437,3.0,1.9241,2.8033,2.5727,2.8339,2.8893,2.5954,2.9166,2.6865,2.735,3.0,2.5954,2.7759,2.4083,2.4989,2.4398,2.4398,2.7296,2.7296,2.903,2.7296,2.5622,2.903,2.903,2.5611,2.573,3.0,3.0,2.5226,2.9757,2.91,2.6977,2.6977,2.0635,2.7675,3.0,3.0,2.5711,2.2611,2.3477,2.0618,2.8598,2.8099,2.7394,2.8598,2.8598,2.2078,2.6181,2.9168,2.7851,2.4907,2.5624,2.5624,2.7514,2.7049,2.192,2.7507,3.0,2.8802,3.0,2.1025,2.7482,3.0,2.8882,2.262,3.0,2.8369,2.935,2.9427,3.0,2.5406,2.7049,2.7262,2.6843,2.9923,2.2953,2.5427,2.1461,2.6256,2.5015,2.9267,2.9024,2.9024,2.058,2.6007,2.9638,2.2553,2.6043,2.6043,3.0,3.0,2.7294,3.0,1.7409,1.7409,2.3882,1.8269,2.7586,2.1172,2.243,2.8882,2.2172,3.0,2.5611,3.0,2.5035,2.8714,2.4922,2.4437,2.8113,2.495,2.8113,2.8858,2.0289,2.7036,3.0,2.874,2.495,2.7104,2.2569,2.2569,2.2837,2.9227,3.0,2.3411,3.0,2.8661,2.8191,2.4083,2.2646,2.79,3.0,1.778,2.4847,2.5066,3.0,3.0,3.0,2.9215,2.507,2.6795,2.3755,3.0,2.7802,2.5257,2.9604,2.7103,2.5022,2.3177,3.0,2.4399,3.0,2.9784,2.9335,2.6029,2.9784,1.8639,2.7432,2.7432,2.7928,2.7432,2.8678,2.4814,2.8972,1.7439,2.7432,2.7432,2.9254,2.0568,2.0447,2.7432,2.7359,2.8165,2.7432,2.5524,2.6933,2.5524,3.0,2.6226,3.0,2.8046,3.0,2.7242,2.2822,3.0,2.8274,3.0,2.6772,2.6137,2.4253,2.612,2.612,2.6442,2.515,2.7574,2.5282,2.5282,2.7348,2.2883,2.148,2.5305,3.0,2.4155,2.515,2.8376,2.9651,3.0,2.5958,3.0,2.4155,2.445,2.445,2.3828,2.7591,2.5485,2.2482,1.9581,2.4964,2.8734,2.4155,2.9805,3.0,2.7013,1.811,2.2847,2.9588,2.727,2.4296,1.6878,3.0,2.3974,2.6791,2.6791,2.6885,2.4993,3.0,2.9207,2.9207,2.8937,2.8926,2.8388,1.6794,1.6794,2.5454,2.3466,2.9281,2.5705,2.9651,3.0,2.9639,2.0996,2.6921,3.0,3.0,2.8523,2.8237,2.0996,2.3338,2.6025,2.7767,2.4294,3.0,2.651,3.0,3.0,3.0,2.9189,2.3296,2.99,2.609,3.0,2.9752,1.6794,2.2889,3.0,2.466,2.2016,1.98,2.7308,2.4393,2.722,2.5497,2.5497,2.4026,2.5892,2.6249,2.3426,2.9752,2.3426,2.3426,2.8697,2.722,2.722,2.722,2.3426,2.176,2.6546,2.3467,2.8885,2.722,2.4182,2.6856,2.3426,2.5253,2.8442,2.8833,2.8328,2.677,3.0,3.0,2.6844,2.662,2.4331,2.5951,2.7535,2.642,3.0,2.9137,2.8885,2.5168,2.3261,3.0,2.9286,3.0,2.9349,2.2665,3.0,3.0,3.0,2.7169,2.7696,0.5894,2.9391,3.0,2.9288,2.9968,2.1107,2.2048,2.2048,2.7161,3.0,1.956,3.0,2.8665,2.7744,2.8665,3.0,1.7765,2.4819,2.5772,2.6087,2.6087,2.8359,2.8389,2.5382,2.7766,2.7766,2.9946,1.9481,2.0948,2.8521,1.635,2.7676,2.5751,2.8052,3.0,2.8315,3.0,3.0,3.0,3.0,2.182,2.9806,2.8423,3.0,2.0976,2.996,3.0,2.9883,3.0,2.6353,3.0,2.9317,3.0,2.9017,3.0,3.0,3.0,3.0,2.8268,2.9493,2.9694,3.0,3.0,3.0,3.0,3.0,3.0,2.8536,2.8299,2.8665,2.9233,2.9103,3.0,2.3647,2.0654,2.2546,2.638,2.7766,2.6883,2.7426,2.7304,2.4908,2.581,3.0,3.0,2.8505,2.468,2.0563,2.3647,2.7579,2.7579,2.7109,1.9507,3.0,2.2326,2.3146,2.307,2.6358,2.9107,2.3487,3.0,3.0,2.0731,2.4691,3.0,2.4691,2.9054,2.5862,3.0,2.4038,0.717,3.0,2.5568,2.9054,2.9443,2.9054,2.8478,2.664,2.4688,2.8272,3.0,2.7081,2.8473,2.2383,2.7214,2.7849,3.0,3.0,2.5381,2.4259,2.8486,2.7225,2.8756,2.8756,2.8756,2.0216,2.2665,2.7499,3.0,2.2776,2.7175,3.0,2.5951,2.8148,2.5674,1.7017,2.8056,3.0,2.7113,1.6551,3.0,3.0,3.0,3.0,2.8452,2.9386,2.2085,2.7464,2.7399,2.7399,2.7427,2.4289,2.1411,2.2326,2.7141,2.8593,2.6954,2.3162,2.5213,2.9674,2.739,2.8574,2.747,2.1898,2.6663,2.6883,2.1654,2.5676,2.9093,2.5075,3.0,2.4256,2.4256,2.5585,2.5064,2.6954,3.0,2.4418,2.8931,1.6551,2.5345,2.5937,2.7145,3.0,2.3903,2.4644,2.1974,2.5896,2.5869,2.5609,2.381,2.6883,2.9704,2.7077,2.4028,2.8165,2.6018,2.6394,2.5442,2.9963,2.6929,3.0,2.5064,2.8177,2.3658,2.2916,2.3655,2.9229,2.4028,2.9861,2.4001,2.4468,2.2451,2.739,2.9237,2.4424,1.1715,2.6437,2.6886,2.4095,2.739,2.8936,2.857,2.5229,2.3452,3.0,2.6925,2.6851,2.3808,2.5956,3.0,2.9513,2.5202,2.4387,2.4387,2.8267,2.8521,2.9891,2.781,2.4719,2.4059,0.8428,2.5941,3.0,2.4706,2.6925,2.9861,2.6925,2.6545,3.0,2.6925,2.4324,2.925,2.5347,2.5941,2.8473,2.8473,2.6925,2.6338,2.0499,2.925,2.901,2.3883,2.7192,3.0,1.8281,2.5238,2.6351,2.8403,2.7384,2.4234,2.0297,2.8486,2.8486,2.693,2.925,2.8603,2.781,2.9198,2.2904,3.0,3.0,2.947,2.5287,2.7941,2.2846,1.9123,2.6718,1.9123,1.9123,2.0148,1.9123,1.9123,2.9198,1.5905,2.8912,3.0,3.0,2.8737,2.2901,3.0,2.8963,2.8845,2.4773,2.953,1.7213,2.7827,2.858,3.0,2.6448,3.0,2.386,1.9252,2.3798,3.0,2.3845,2.7962,2.2889,2.3845,2.3619,2.7501,2.121,2.6097,3.0,2.0602,3.0,2.8479,2.6717,1.796,1.796,1.796,1.796,3.0,2.9918,2.5384,2.8501,2.6598,2.8759,3.0,2.5239,3.0,2.7406,2.5664,3.0,3.0,2.7669,2.3922,1.0118,2.5373,2.3953,2.7954,2.8258,2.8365,2.292,2.8423,2.7992,2.8417,2.0827,2.5384,2.1485,2.6583,2.9198,3.0,3.0,3.0,2.3164,2.0634,3.0,2.7642,2.0198,2.0198,3.0,2.7335,3.0,2.969,2.7013,2.2901,2.6454,2.8404,2.4594,2.8411,3.0,2.7707,2.7576,2.881,2.7914,2.9198,3.0,2.9926,3.0,2.789,2.5839,2.4477,2.5786,2.7669,2.8518,2.9984,2.4658,3.0,2.8417,2.3577,2.4434,2.3752,2.7576,2.6669,2.5369,2.8417,2.0109,2.6942,2.7297,2.6942,2.713,2.7791,2.4399,2.7297,3.0,2.6388,2.7239,3.0,3.0,2.839,1.9665,2.12,2.8198,2.7281,2.4647,2.6942,2.7201,2.5633,2.597,2.8012,2.7923,2.2936,1.4895,2.0673,2.5428,2.0702,2.0548,1.6313,3.0,2.8755,2.5294,2.6078,2.8012,2.8751,2.8012,2.456,2.5225,2.1568,2.7868,2.6347,2.8475,2.8947,2.219,2.8025,2.5294,2.5294,2.5294,1.8244,2.4034,2.5828,2.6496,2.3237,2.6878,2.6348,2.8107,1.919,1.919,2.0826,2.7296,2.6942,3.0,2.2765,2.8357,2.5206,2.5837,2.3782,3.0,2.4639,2.6684,2.213,1.919,3.0,2.9421,1.9775,2.7297,2.6206,2.7743,2.5294,2.5294,2.4639,2.1647,3.0,2.9774,2.9862,2.9862,2.8648,2.6611,2.6725,2.2974
Timeframe (minutes),15,1,15,int,Resample timeframe in minutes,9,9,9,9,8,8,7,7,7,7,7,7,8,7,6,6,9,1,1,1,9,9,8,7,5,9,7,7,9,9,9,9,7,5,8,1,8,7,7,8,8,8,3,9,8,9,8,8,11,8,9,8,9,9,8,8,11,8,11,7,7,7,8,7,5,11,11,7,9,7,8,9,7,8,7,7,9,7,7,9,8,8,7,8,7,9,7,7,7,7,7,7,8,9,8,7,7,8,7,8,8,1,7,7,8,8,7,7,7,7,7,10,7,7,10,10,8,10,1,7,9,8,8,7,7,8,7,8,8,7,7,7,9,8,7,7,8,8,8,8,8,10,8,9,9,8,7,8,1,1,8,8,7,9,8,9,7,8,8,8,8,7,8,7,7,9,12,6,7,11,9,11,3,5,5,7,4,1,9,10,10,7,10,10,7,1,1,1,7,7,1,9,9,8,7,8,14,8,7,8,7,8,6,8,8,9,8,1,7,6,7,9,9,5,6,9,6,8,14,8,8,6,7,7,7,8,7,7,8,2,7,5,4,8,8,9,9,9,5,8,10,8,5,8,3,8,8,3,8,5,5,7,5,3,7,7,5,5,5,8,9,6,5,6,8,5,7,7,7,3,5,9,6,8,5,7,8,8,5,7,11,1,7,7,8,7,7,7,7,7,6,5,8,4,8,7,10,9,4,7,7,8,4,4,7,8,8,8,7,8,6,8,8,8,6,4,8,5,8,9,6,8,5,8,8,1,3,8,8,8,12,8,7,5,5,9,6,11,7,3,7,8,8,6,8,8,6,9,8,7,6,9,5,8,8,8,8,8,1,8,8,6,3,2,6,7,7,5,5,2,9,8,7,10,10,9,8,7,5,2,5,5,3,7,7,7,5,8,6,5,7,7,7,7,5,7,6,7,7,7,8,5,8,7,5,5,7,7,5,7,7,8,3,6,5,11,8,8,5,7,5,3,7,2,5,6,6,1,1,1,1,1,1,3,8,9,8,9,3,2,4,1,4,4,1,1,3,1,1,1,2,3,2,2,1,1,1,1,1,2,1,1,1,10,1,1,1,1,1,1,1,1,1,1,1,1,1,1,1,1,1,1,1,1,1,1,1,1,1,1,1,1,9,9,1,1,3,2,1,6,1,1,1,1,8,7,1,1,7,7,1,3,5,5,6,1,5,7,5,5,5,3,8,1,4,8,8,1,8,6,5,7,7,4,8,5,6,8,6,4,3,7,7,6,7,4,5,5,6,8,8,7,1,1,8,1,1,1,8,1,7,1,7,8,6,6,7,1,1,8,8,6,5,8,1,5,1,6,5,4,2,7,7,8,7,4,8,7,8,4,7,7,6,5,8,7,7,8,6,8,2,7,7,8,1,1,6,7,4,8,1,8,5,1,8,8,5,1,8,1,5,7,2,8,6,9,2,8,1,8,1,1,6,1,5,7,1,7,4,8,2,8,1,7,1,4,5,2,1,1,7,8,5,5,8,5,5,7,6,8,6,5,8,4,5,5,5,5,7,5,4,7,7,8,5,7,3,7,8,1,8,5,5,8,6,7,3,7,8,8,8,6,2,7,3,6,1,6,4,6,1,6,7,5,1,1,1,6,7,1,7,8,1,8,6,7,1,3,2,1,5,1,1,6,1,1,8,4,4,6,1,6,5,2,2,7,6,1,1,7,1,5,6,7,6,2,5,1,5,3,5,5,7,7,2,5,8,2,7,4,8,2,2,2,2,7,5,5,7,5,1,7,5,6,7,9,1,1,5,9,1,1,8,6,7,6,3,1,6,5,1,7,8,7,8,1,1,1,1,3,1,5,2,2,7,6,6,6,5,5,5,7,6,5,7,7,5,8,5,8,5,6,6,8,8,6,9,5,7,6,5,5,5,8,6,5,5,8,6,5,2,5,5,5,8,5,6,5,7,5,5,5,5,1,4,7,7,6,6,5,4,1,5,8,1,1,1,6,6,4,1,1,6,1,5,7,8,5,8,6,7,2,5,5,4,6,1,6,5,5,5,4,6,6,5,1,6,6,7,1,1,2,8,5,1,4,5,5,5,4,4,6,6,5,1,4,4,3,5,6,1,5,5,6,2,1,1,3,3,1,1,1,1
Max Open Trades,1,1,1,int,Maximum concurrent positions,,,,,,,,,,,,,,,,,,,,,,,,,,,,,,,,,,,,,,,,,,,,,,,,,,,,,,,,,,,,,,,,,,,,,,,,,,,,,,,,,,,,,,,,,,,,,,,,,,,,,,,,,,,,,,,,,,,,,,,,,,,,,,,,,,,,,,,,,,,,,,,,,,,,,,,,,,,,,,,,,,,,,,,,,,,,,,,,,,,,,,,,,,,,,,,,,,,,,,,,,,,,,,,,,,,,,,,,,,,,,,,,,,,,,,,,,,,,,,,,,,,,,,,,,,,,,,,,,,,,,,,,,,,,,,,,,,,,,,,,,,,,,,,,,,,,,,,,,,,,,,,,,,,,,,,,,,,,,,,,,,,,,,,,,,,,,,,,,,,,,,,,,,,,,,,,,,,,,,,,,,,,,,,,,,,,,,,,,,,,,,,,,,,,,,,,,,,,,,,,,,,,,,,,,,,,,,,,,,,,,,,,,,,,,,,,,,,,,,,,,,,,,,,,,,,,,,,,,,,,,,,,,,,,,,,,,,,,,,,,,,,,,,,,,,,,,,,,,,,,,,,,,,,,,,,,,,,,,,,,,,,,,,,,,,,,,,,,,,,,,,,,,,,,,,,,,,,,,,,,,,,,,,,,,,,,,,,,,,,,,,,,,,,,,,,,,,,,,,,,,,,,,,,,,,,,,,,,,,,,,,,,,,,,,,,,,,,,,,,,,,,,,,,,,,,,,,,,,,,,,,,,,,,,,,,,,,,,,,,,,,,,,,,,,,,,,,,,,,,,,,,,,,,,,,,,,,,,,,,,,,,,,,,,,,,,,,,,,,,,,,,,,,,,,,,,,,,,,,,,,,,,,,,,,,,,,,,,,,,,,,,,,,,,,,,,,,,,,,,,,,,,,,,,,,,,,,,,,,,,,,,,,,,,,,,,,,,,,,,,,,,,,,,,,,,,,,,,,,,,,,,,,,,,,,,,,,,,,,,,,,,,,,,,,,,,,,,,,,,,,,,,,,,,,,,,,,,,,,,,,,,,,,,,,,,,,
=== TAKE PROFIT CRITERIA ===,,,,,,,,,,,,,,,,,,,,,,,,,,,,,,,,,,,,,,,,,,,,,,,,,,,,,,,,,,,,,,,,,,,,,,,,,,,,,,,,,,,,,,,,,,,,,,,,,,,,,,,,,,,,,,,,,,,,,,,,,,,,,,,,,,,,,,,,,,,,,,,,,,,,,,,,,,,,,,,,,,,,,,,,,,,,,,,,,,,,,,,,,,,,,,,,,,,,,,,,,,,,,,,,,,,,,,,,,,,,,,,,,,,,,,,,,,,,,,,,,,,,,,,,,,,,,,,,,,,,,,,,,,,,,,,,,,,,,,,,,,,,,,,,,,,,,,,,,,,,,,,,,,,,,,,,,,,,,,,,,,,,,,,,,,,,,,,,,,,,,,,,,,,,,,,,,,,,,,,,,,,,,,,,,,,,,,,,,,,,,,,,,,,,,,,,,,,,,,,,,,,,,,,,,,,,,,,,,,,,,,,,,,,,,,,,,,,,,,,,,,,,,,,,,,,,,,,,,,,,,,,,,,,,,,,,,,,,,,,,,,,,,,,,,,,,,,,,,,,,,,,,,,,,,,,,,,,,,,,,,,,,,,,,,,,,,,,,,,,,,,,,,,,,,,,,,,,,,,,,,,,,,,,,,,,,,,,,,,,,,,,,,,,,,,,,,,,,,,,,,,,,,,,,,,,,,,,,,,,,,,,,,,,,,,,,,,,,,,,,,,,,,,,,,,,,,,,,,,,,,,,,,,,,,,,,,,,,,,,,,,,,,,,,,,,,,,,,,,,,,,,,,,,,,,,,,,,,,,,,,,,,,,,,,,,,,,,,,,,,,,,,,,,,,,,,,,,,,,,,,,,,,,,,,,,,,,,,,,,,,,,,,,,,,,,,,,,,,,,,,,,,,,,,,,,,,,,,,,,,,,,,,,,,,,,,,,,,,,,,,,,,,,,,,,,,,,,,,,,,,,,,,,,,,,,,,,,,,,,,,,,,,,,,,,,,,,,,,,,,,,,,,,,,,,,,,,,,,,,,,,,,,,,,,,,,,,,,,,
TP Method,0,0,2,int,"Take profit method (0=Fixed BB at Entry, 1=Fixed ATR, 2=Opposite BB) - OPTIMIZABLE",,,,,,,,,,,,,,,,,,,,,,,,,,,,,,,,,,,,,,,,,,,,,,,,,,,,,,,,,,,,,,,,,,,,,,,,,,,,,,,,,,,,,,,,,,,,,,,,,,,,,,,,,,,,,,,,,,,,,,,,,,,,,,,,,,,,,,,,,,,,,,,,,,,,,,,,,,,,,,,,,,,,,,,,,,,,,,,,,,,,,,,,,,,,,,,,,,,,,,,,,,,,,,,,,,,,,,,,,,,,,,,,,,,,,,,,,,,,,,,,,,,,,,,,,,,,,,,,,,,,,,,,,,,,,,,,,,,,,,,,,,,,,,,,,,,,,,,,,,,,,,,,,,,,,,,,,,,,,,,,,,,,,,,,,,,,,,,,,,,,,,,,,,,,,,,,,,,,,,,,,,,,,,,,,,,,,,,,,,,,,,,,,,,,,,,,,,,,,,,,,,,,,,,,,,,,,,,,,,,,,,,,,,,,,,,,,,,,,,,,,,,,,,,,,,,,,,,,,,,,,,,,,,,,,,,,,,,,,,,,,,,,,,,,,,,,,,,,,,,,,,,,,,,,,,,,,,,,,,,,,,,,,,,,,,,,,,,,,,,,,,,,,,,,,,,,,,,,,,,,,,,,,,,,,,,,,,,,,,,,,,,,,,,,,,,,,,,,,,,,,,,,,,,,,,,,,,,,,,,,,,,,,,,,,,,,,,,,,,,,,,,,,,,,,,,,,,,,,,,,,,,,,,,,,,,,,,,,,,,,,,,,,,,,,,,,,,,,,,,,,,,,,,,,,,,,,,,,,,,,,,,,,,,,,,,,,,,,,,,,,,,,,,,,,,,,,,,,,,,,,,,,,,,,,,,,,,,,,,,,,,,,,,,,,,,,,,,,,,,,,,,,,,,,,,,,,,,,,,,,,,,,,,,,,,,,,,,,,,,,,,,,,,,,,,,,,,,,,,,,,,,,,,,,,,,,,,,,,,,,,,,,,,,,,,,,,,,,,,,,,,,,,,,,,,,,,,,,,,,,,,,,,,,,,,,,,
Opposite Bollinger Band TP,false,false,false,bool,FIXED: Controlled by TP Method (do not optimize directly),True,True,True,True,True,True,True,True,True,True,True,True,True,True,True,True,True,True,True,True,True,True,True,True,True,True,True,True,True,True,True,True,True,True,True,True,True,True,True,True,True,True,True,True,True,True,True,True,True,True,True,True,True,True,True,True,True,True,True,True,True,True,True,True,True,True,True,True,True,True,True,True,True,True,True,True,True,True,True,True,True,True,True,True,True,True,True,True,True,True,True,True,True,True,True,True,True,True,True,True,True,True,True,True,True,True,True,True,True,True,True,True,True,True,True,True,True,True,True,True,True,True,True,True,True,True,True,True,True,True,True,True,True,True,True,True,True,True,True,True,True,True,True,True,True,True,True,True,True,True,True,True,True,True,True,True,True,True,True,True,True,True,True,True,True,True,True,True,True,True,True,True,True,True,True,True,True,True,True,True,True,True,True,True,True,True,True,True,True,True,True,True,True,True,True,True,True,True,True,True,True,True,True,True,True,True,True,True,True,True,True,True,True,True,True,True,True,True,True,True,True,True,True,True,True,True,True,True,True,True,True,True,True,True,True,True,True,True,True,True,True,True,True,True,True,True,True,True,True,True,True,True,True,True,True,True,True,True,True,True,True,True,True,True,True,True,True,True,True,True,True,True,True,True,True,True,True,True,True,True,True,True,True,True,True,True,True,True,True,True,True,True,True,True,True,True,True,True,True,True,True,True,True,True,True,True,True,True,True,True,True,True,True,True,True,True,True,True,True,True,True,True,True,True,True,True,True,True,True,True,True,True,True,True,True,True,True,True,True,True,True,True,True,True,True,True,True,True,True,True,True,True,True,True,True,True,True,True,True,True,True,True,True,True,True,True,True,True,True,False,True,True,True,True,True,True,True,True,True,True,True,True,True,True,True,True,True,True,True,True,True,True,True,False,True,True,True,True,True,True,True,True,True,True,True,True,True,True,True,True,True,True,True,True,True,True,True,True,True,True,True,True,True,True,True,True,True,True,True,True,True,True,True,True,True,True,True,True,True,True,True,True,True,True,True,True,True,True,True,True,True,True,True,True,True,True,True,True,True,True,True,True,True,True,True,True,True,True,True,True,True,True,True,True,True,True,True,True,True,True,True,True,True,True,True,True,True,True,True,True,True,True,True,True,True,True,True,True,True,True,True,True,True,True,True,True,True,True,True,True,True,True,True,True,True,True,True,False,True,True,True,True,True,True,True,False,True,True,True,True,True,True,True,True,True,True,True,True,True,True,True,True,True,True,True,True,True,True,True,True,True,True,True,False,True,True,True,True,True,True,True,True,True,True,True,True,True,True,False,True,True,True,True,True,True,True,True,True,True,True,True,True,True,True,True,True,True,True,True,True,True,True,True,True,True,True,True,True,True,True,True,True,True,True,True,True,True,True,True,True,True,True,True,True,True,True,True,True,True,True,True,True,True,True,True,True,True,True,True,True,True,False,True,True,True,True,True,True,True,True,True,True,False,True,True,True,True,True,True,False,True,True,True,True,True,True,True,True,True,True,True,True,True,True,True,True,False,False,True,True,True,True,True,True,True,True,True,True,True,False,True,True,True,True,True,True,True,True,True,True,True,True,False,True,True,True,False,True,True,True,False,True,True,True,True,False,False,True,True,False,True,True,False,True,True,True,False,True,False,False,True,False,False,False,False,False,True,True,True,True,False,True,True,False,False,True,True,False,True,True,False,True,True,True,True,False,True,False,False,False,False,False,True,False,False,True,False,False,False,True,True,False,False,False,False,False,False,True,True,True,False,False,True,True,True,True,False,False,True,True,False,False,True,True,True,True,False,False,True,False,True,True,True,True,True,False,False,False,False,True,False,False,False,False,True,True,True,True,True,True,False,True,True,False,True,True,True,True,True,True,True,True,True,True,True,True,True,True,True,True,True,True,False,False,True,True,True,False,True,False,False,True,True,True,True,True,True,False,True,True,True,True,True,False,True,True,False,True,False,True,True,False,True,False,False,False,False,True,True,False,False,False,True,False,True,False,False,False,False,True,True,False,True,False,True,True,False,False,True,True,True,False,True,True,True,False,True,True,False,False,False,False,False,True,False,False,True,True,False,False,True,False,False,True,False,True,False,False,False,True,False,True,True,False,False,False,False,True,True,False,False,False,False
Fixed ATR TP,false,false,false,bool,FIXED: Controlled by TP Method (do not optimize directly),False,False,False,False,False,False,False,False,False,False,False,False,False,False,False,False,False,False,False,False,False,False,False,False,False,False,False,False,False,False,False,False,False,False,False,False,False,False,False,False,False,False,False,False,False,False,False,False,False,False,False,False,False,False,False,False,False,False,False,False,False,False,False,False,False,False,False,False,False,False,False,False,False,False,False,False,False,False,False,False,False,False,False,False,False,False,False,False,False,False,False,False,False,False,False,False,False,False,False,False,False,False,False,False,False,False,False,False,False,False,False,False,False,False,False,False,False,False,False,False,False,False,False,False,False,False,False,False,False,False,False,False,False,False,False,False,False,False,False,False,False,False,False,False,False,False,False,False,False,False,False,False,False,False,False,False,False,False,False,False,False,False,False,False,False,False,False,False,False,False,False,False,False,False,False,False,False,False,False,False,False,False,False,False,False,False,False,False,False,False,False,False,False,False,False,False,False,False,False,False,False,False,False,False,False,False,False,False,False,False,False,False,False,False,False,False,False,False,False,False,False,False,False,False,False,False,False,False,False,False,False,False,False,False,False,False,False,False,False,False,False,False,False,False,False,False,False,False,False,False,False,False,False,False,False,False,False,False,False,False,False,False,False,False,False,False,False,False,False,False,False,False,False,False,False,False,False,False,False,False,False,False,False,False,False,False,False,False,False,False,False,False,False,False,False,False,False,False,False,False,False,False,False,False,False,False,False,False,False,False,False,False,False,False,False,False,False,False,False,False,False,False,False,False,False,False,False,False,False,False,False,False,False,False,False,False,False,False,False,False,False,False,False,False,False,False,False,False,False,False,False,False,False,False,False,False,False,False,False,False,False,False,False,False,False,False,False,False,False,False,False,False,False,False,False,False,False,False,False,False,False,False,False,False,False,False,False,False,False,False,False,False,False,True,False,False,False,False,False,False,False,False,False,False,False,False,False,False,False,False,False,False,False,False,False,False,False,False,False,False,False,False,False,False,False,False,False,False,False,False,False,False,False,False,False,False,False,False,False,False,False,False,False,False,False,False,False,False,False,False,False,False,False,False,False,False,False,False,False,False,False,False,False,False,False,False,False,False,False,False,False,False,False,False,False,False,False,False,False,False,False,False,False,False,False,False,False,False,False,False,False,False,False,False,False,False,False,False,False,False,False,False,False,False,False,False,False,False,False,False,False,False,False,False,False,False,False,True,False,False,False,False,False,False,False,True,False,False,False,False,False,False,False,False,False,False,False,False,False,False,False,False,False,False,False,False,False,False,False,False,False,False,False,False,False,False,False,False,False,False,False,False,False,False,False,False,False,False,False,False,False,False,False,False,False,False,False,False,False,False,False,False,False,False,False,False,False,False,False,False,False,False,False,False,False,False,False,False,False,False,False,False,False,False,False,False,False,False,False,False,False,False,False,False,False,False,False,False,False,False,False,False,False,False,False,False,False,False,False,False,False,False,False,False,False,False,False,False,False,False,False,False,False,False,False,False,False,False,False,True,False,False,False,False,False,False,False,False,False,False,False,False,False,False,False,False,True,True,False,False,False,False,False,False,False,False,False,False,False,False,False,False,False,False,False,False,False,False,False,False,False,False,False,False,False,False,False,False,False,False,False,False,False,False,False,False,False,False,False,False,False,False,False,False,False,False,True,False,False,False,False,False,False,False,False,False,False,False,False,False,False,False,False,False,False,False,False,False,False,False,False,False,False,False,False,False,False,False,False,False,True,False,False,False,False,False,True,False,False,False,False,False,False,False,False,False,False,False,False,False,False,False,False,False,False,False,False,False,False,False,True,False,False,False,False,False,True,False,False,True,False,False,False,False,False,False,False,False,False,False,False,True,False,False,False,False,False,False,False,False,False,False,False,False,False,False,False,False,False,False,False,False,False,False,False,False,False,False,False,False,False,False,True,False,False,False,False,True,False,True,True,False,False,False,False,False,False,True,False,False,False,False,False,True,False,False,True,False,True,False,False,True,False,True,True,True,True,False,False,True,True,True,False,True,False,True,True,True,True,False,False,True,False,True,False,False,True,True,False,False,False,True,False,False,False,True,False,False,True,True,True,True,True,False,True,True,False,False,True,True,False,True,True,False,True,False,True,True,True,False,False,False,False,True,True,True,True,False,False,False,False,False,True
Fixed BB at Entry TP,true,true,true,bool,FIXED: Controlled by TP Method (do not optimize directly),False,False,False,False,False,False,False,False,False,False,False,False,False,False,False,False,False,False,False,False,False,False,False,False,False,False,False,False,False,False,False,False,False,False,False,False,False,False,False,False,False,False,False,False,False,False,False,False,False,False,False,False,False,False,False,False,False,False,False,False,False,False,False,False,False,False,False,False,False,False,False,False,False,False,False,False,False,False,False,False,False,False,False,False,False,False,False,False,False,False,False,False,False,False,False,False,False,False,False,False,False,False,False,False,False,False,False,False,False,False,False,False,False,False,False,False,False,False,False,False,False,False,False,False,False,False,False,False,False,False,False,False,False,False,False,False,False,False,False,False,False,False,False,False,False,False,False,False,False,False,False,False,False,False,False,False,False,False,False,False,False,False,False,False,False,False,False,False,False,False,False,False,False,False,False,False,False,False,False,False,False,False,False,False,False,False,False,False,False,False,False,False,False,False,False,False,False,False,False,False,False,False,False,False,False,False,False,False,False,False,False,False,False,False,False,False,False,False,False,False,False,False,False,False,False,False,False,False,False,False,False,False,False,False,False,False,False,False,False,False,False,False,False,False,False,False,False,False,False,False,False,False,False,False,False,False,False,False,False,False,False,False,False,False,False,False,False,False,False,False,False,False,False,False,False,False,False,False,False,False,False,False,False,False,False,False,False,False,False,False,False,False,False,False,False,False,False,False,False,False,False,False,False,False,False,False,False,False,False,False,False,False,False,False,False,False,False,False,False,False,False,False,False,False,False,False,False,False,False,False,False,False,False,False,False,False,False,False,False,False,False,False,False,False,False,False,False,False,False,False,False,False,False,False,False,False,False,False,False,False,False,False,False,False,False,False,False,False,False,True,False,False,False,False,False,False,False,False,False,False,False,False,False,False,False,False,False,False,False,False,False,False,False,False,False,False,False,False,False,False,False,False,False,False,False,False,False,False,False,False,False,False,False,False,False,False,False,False,False,False,False,False,False,False,False,False,False,False,False,False,False,False,False,False,False,False,False,False,False,False,False,False,False,False,False,False,False,False,False,False,False,False,False,False,False,False,False,False,False,False,False,False,False,False,False,False,False,False,False,False,False,False,False,False,False,False,False,False,False,False,False,False,False,False,False,False,False,False,False,False,False,False,False,False,False,False,False,False,False,False,False,False,False,False,False,False,False,False,False,False,False,False,False,False,False,False,False,False,False,False,False,False,False,False,False,False,False,False,False,False,False,False,False,False,False,False,False,False,False,False,False,False,False,False,False,False,False,False,False,False,False,False,False,True,False,False,False,False,False,False,False,False,False,False,False,False,False,False,True,False,False,False,False,False,False,False,False,False,False,False,False,False,False,False,False,False,False,False,False,False,False,False,False,False,False,False,False,False,False,False,False,False,False,False,False,False,False,False,False,False,False,False,False,False,False,False,False,False,False,False,False,False,False,False,False,False,False,False,False,False,False,True,False,False,False,False,False,False,False,False,False,False,True,False,False,False,False,False,False,False,False,False,False,False,False,False,False,False,False,False,False,False,False,False,False,False,False,False,False,False,False,False,False,False,False,False,False,False,False,True,False,False,False,False,False,False,False,False,False,False,False,False,True,False,False,False,True,False,False,False,True,False,False,False,False,True,True,False,False,True,False,False,True,False,False,False,False,False,True,True,False,True,True,True,True,True,False,False,False,False,True,False,False,True,True,False,False,True,False,False,True,False,False,False,False,True,False,True,True,True,False,True,False,True,True,False,False,True,True,False,False,True,True,True,True,True,True,False,False,False,True,True,False,False,False,False,True,True,False,False,False,True,False,False,False,False,False,True,False,False,False,False,False,False,False,True,True,True,True,False,True,False,True,True,False,False,False,False,False,False,True,False,False,True,False,False,False,False,False,False,False,False,False,False,False,False,False,False,False,False,False,False,False,True,False,False,False,False,False,False,False,False,False,False,False,False,False,False,False,False,False,False,False,False,False,False,False,False,False,False,False,False,False,False,False,False,False,False,False,False,False,False,False,False,False,False,False,False,False,False,False,False,False,False,False,False,False,False,False,False,False,False,False,False,False,False,False,False,False,False,False,False,False,False,False,False,False,False,False,False,False,False,False,False,False,False,False,False,False,False,True,False,False,False,False,False,False,False,False,True,True,True,False
ATR Length for TP,26,5,80,int,ATR period for fixed TP,37,48,28,22,45,37,37,46,36,36,36,36,28,8,29,19,8,36,36,5,51,51,33,40,58,51,48,48,34,34,51,47,40,18,10,42,10,29,29,29,39,39,19,42,29,42,29,29,63,33,38,38,36,54,44,11,34,38,63,8,48,48,32,34,58,43,67,75,29,29,26,37,31,20,43,43,45,41,27,36,40,56,29,36,25,29,38,11,34,35,35,48,38,61,26,35,9,39,35,36,39,33,27,35,26,28,19,37,37,37,37,42,37,11,42,42,33,48,33,26,37,18,44,37,37,28,38,38,38,20,37,43,55,43,37,45,43,43,12,20,48,26,10,30,30,43,26,26,29,29,32,50,36,33,56,32,30,72,67,62,42,27,49,26,31,33,51,33,58,41,37,74,23,24,24,5,5,33,66,41,41,34,41,41,25,33,33,5,41,22,22,5,32,5,16,33,24,33,33,27,48,26,46,26,25,39,22,35,17,46,51,12,12,38,44,26,31,69,66,62,28,39,22,31,29,17,13,33,44,56,58,55,73,31,30,20,65,20,14,35,25,41,36,41,67,30,30,67,52,36,36,43,36,74,11,41,5,36,36,44,7,62,36,26,53,36,49,36,49,5,33,23,67,35,30,34,24,42,45,47,52,5,47,47,46,44,20,55,55,34,41,22,39,5,29,44,20,49,56,80,5,29,36,36,37,47,48,12,27,37,66,29,34,42,44,12,20,16,29,30,18,45,12,35,35,27,35,48,42,42,42,47,47,40,40,43,7,53,21,50,32,27,28,28,42,42,50,53,28,48,41,17,23,47,38,41,41,42,41,28,35,16,41,34,40,60,59,29,33,63,30,38,21,13,13,32,39,36,47,34,47,47,34,21,21,21,47,28,13,13,48,21,35,12,47,11,13,51,53,23,42,5,42,28,31,45,40,43,36,17,48,43,43,30,45,80,24,33,35,27,16,42,40,70,80,31,44,45,28,29,29,25,27,57,47,22,32,22,31,41,25,43,28,28,14,30,80,13,13,21,46,10,6,45,42,5,5,11,11,9,10,5,5,6,42,74,19,5,19,27,24,37,31,27,24,24,24,24,24,34,24,28,24,28,26,26,36,38,38,38,24,10,22,5,13,11,12,8,12,28,13,47,24,26,77,62,19,5,44,64,6,12,5,5,39,71,5,5,45,41,38,28,49,5,5,54,42,29,42,46,5,5,54,49,32,11,46,5,46,16,27,40,46,36,37,32,18,36,55,23,41,43,5,21,39,24,24,24,5,25,22,24,80,43,37,52,33,35,5,42,42,55,45,41,24,10,17,80,39,12,67,35,35,42,52,38,39,23,40,55,51,22,41,33,42,45,22,41,12,45,80,6,52,21,14,14,32,72,55,9,74,49,45,35,32,8,37,43,37,38,67,52,31,36,12,41,17,45,31,5,14,17,13,20,44,72,28,46,51,27,5,45,16,22,21,28,32,53,16,80,5,9,44,33,33,14,10,31,8,16,15,47,9,36,43,41,5,5,20,27,18,42,47,37,13,63,55,5,16,16,16,5,45,16,53,46,25,63,20,20,16,62,5,46,55,53,5,33,29,40,5,46,6,80,12,21,21,12,46,21,42,20,20,20,34,42,59,25,11,5,29,5,5,5,5,5,20,39,79,19,21,28,5,36,10,55,44,57,21,20,5,18,13,6,58,6,64,37,59,5,34,59,45,6,5,41,39,5,5,6,35,5,5,5,5,5,59,45,42,76,17,5,5,34,8,33,37,37,29,19,10,8,49,28,43,27,11,73,54,67,5,11,27,34,20,37,37,37,5,24,21,47,9,9,34,5,28,49,34,5,76,44,41,59,17,47,35,20,33,20,43,36,30,29,20,80,35,29,78,17,9,43,67,18,11,41,35,12,11,67,43,80,48,80,5,64,59,7,48,53,80,41,43,59,41,40,5,12,80,80,20,5,24,43,47,31,5,53,35,22,5,5,48,13,80,5,43,16,43,68,52,59,80,78,51,18,40,70,80,80,80,5,53,13,27,33,26,54,23,5,5,50,43,80,59,47,22,51,34,43,80,10,10,34,5,80,50,7,7,53,5,80,80,10,37,12,12,76,76,37,21,21,16
ATR Multiplier for TP,2.0,0,5.0,float,Fixed TP ATR multiplier - reduced max to prevent overfitting,3.2677,3.5906,3.4708,3.203,5.0,5.0,5.0,0.1595,2.0465,2.0465,2.0465,2.0465,1.2945,2.5866,3.6543,0.0,2.4054,0.7719,1.0487,4.5376,3.3535,3.3535,3.6169,0.3535,4.212,3.3535,0.6443,0.6443,3.3365,3.6262,3.3535,0.1937,1.6602,0.0,4.8938,0.0,4.8938,2.3216,2.3216,2.0373,3.2635,3.2635,4.5302,2.2622,2.0373,2.6489,2.0373,2.0373,3.2655,2.4857,5.0,5.0,4.0427,1.669,3.0511,2.9099,2.8249,5.0,3.2655,2.5866,0.6443,0.6443,1.7412,3.3198,4.8989,3.6142,3.449,3.0253,2.6933,4.478,2.5148,3.5743,3.7269,2.7205,2.6271,2.6271,2.6807,0.9575,3.1343,2.6744,3.3197,5.0,2.2837,2.4403,3.3099,2.4804,1.0477,3.6157,3.0738,3.2848,3.2848,0.8203,3.7608,3.3951,3.1413,3.2848,0.0,2.7416,3.2848,2.2127,2.5188,3.0846,3.4516,3.2848,3.1413,3.0733,4.2042,3.7661,3.7661,3.6947,3.6947,1.1658,4.2136,3.9219,1.1658,1.1658,2.5928,3.0922,3.0846,2.8643,3.0523,2.6508,3.781,3.9099,3.4799,3.0311,4.0112,5.0,4.9218,3.6573,3.7661,3.7862,1.2855,3.7195,3.4029,3.4979,3.7195,3.7195,3.8721,2.7205,3.9448,3.8838,2.2067,2.7408,2.7264,3.7195,5.0,2.9446,1.044,1.4274,2.7623,1.691,3.7046,3.2271,3.1535,2.6371,3.1922,2.9804,2.695,3.3202,3.494,4.6615,4.323,5.0,2.9013,2.427,1.0068,1.4074,1.8577,3.6253,5.0,0.8006,2.1445,2.047,2.2789,4.8938,3.6905,0.8953,0.5558,5.0,5.0,3.1188,5.0,5.0,3.5775,3.1437,3.0635,3.5063,3.9823,3.4021,0.0,3.1515,2.9176,2.9062,0.0,2.7294,1.1854,1.504,5.0,2.9717,0.6443,3.1413,0.3986,3.1413,3.3671,2.5522,3.2255,2.1035,0.1324,0.3986,0.7632,3.3742,3.6285,1.5161,3.2678,3.17,2.1202,3.9633,0.0,3.2691,3.0733,3.9841,3.7118,4.1247,3.2791,2.7585,2.8433,1.6633,5.0,3.493,2.9361,3.0372,1.749,3.6888,3.3287,2.4032,2.4212,2.4032,2.1916,1.5544,1.7627,3.3266,4.1521,3.1586,3.3139,3.2717,3.2717,3.3987,4.9608,2.5514,2.451,3.7417,2.5514,2.1009,0.0,0.0924,2.9427,2.5514,2.5514,3.1435,3.1069,4.2429,2.5514,1.2001,3.3797,2.5514,3.8078,3.3247,3.7366,3.3435,3.2967,2.1614,3.1005,2.9398,2.6926,4.2886,2.4873,3.8004,2.8952,1.6797,1.4428,4.5376,1.6797,1.6797,1.6018,2.681,4.1286,4.3831,4.6512,0.0,3.978,2.8756,3.0204,1.0522,3.5403,2.681,3.2211,0.0,2.7267,2.8016,3.0949,3.5403,2.808,2.808,1.7654,4.3909,3.4531,1.691,1.0798,2.0959,3.4463,3.5403,3.0183,1.2798,1.9665,2.819,3.2866,4.3542,3.2186,2.5117,4.5369,4.9792,3.2567,1.5268,1.5268,0.6257,2.6177,5.0,3.3444,3.3444,2.8825,3.4719,0.7035,3.4705,3.4705,2.4415,3.8943,4.0059,4.5258,2.5837,2.3454,5.0,1.4836,1.2266,1.6453,1.8147,3.1498,1.6668,1.4836,0.6146,1.7437,3.8089,4.5109,5.0,2.6689,4.8275,4.8275,1.8147,2.4235,1.4836,3.0869,3.3343,2.1391,2.2045,3.4705,1.9275,3.607,2.5968,3.4519,1.225,1.7859,3.4857,1.9726,2.9816,3.3167,2.8887,2.8186,4.6061,2.9923,2.2045,2.905,2.905,3.3274,1.8559,1.9726,2.0904,2.905,1.8177,4.7709,3.7689,1.6741,1.9726,5.0,4.5908,2.905,4.4655,4.7709,4.2737,1.8356,1.5737,1.8147,3.0541,3.4139,2.5411,3.5376,3.1174,2.746,5.0,2.5514,4.9275,1.6741,1.4781,2.8974,3.7569,1.6673,3.3857,2.4329,3.4842,2.4035,2.4465,0.9602,2.3217,3.4773,2.4997,5.0,2.9071,3.2781,0.9538,3.8668,2.1742,2.1742,1.2336,1.6329,0.0,4.1092,2.4812,3.5577,2.4812,1.0652,2.763,4.9513,2.0327,4.4423,4.4423,2.0407,1.6191,1.4443,1.5545,1.5545,2.6557,2.6606,4.5535,1.4477,1.3436,1.3619,3.2397,3.2397,3.2713,3.2713,1.4564,3.9433,2.073,2.161,2.9814,2.2667,2.2849,1.8382,0.0,1.0978,1.416,0.9803,1.6209,3.458,1.7972,2.0415,2.0415,2.0415,1.7489,1.9964,1.3978,2.0415,0.0,1.6877,1.6568,1.643,1.643,1.6312,1.1019,1.2888,1.2888,2.0359,1.1691,2.5061,5.0,1.439,3.2713,4.1231,1.6552,1.7102,0.1382,1.5545,2.5818,2.8921,3.1425,3.1179,3.7445,5.0,1.6512,3.2781,2.1537,3.2035,4.4042,2.8731,2.8731,3.3149,0.9091,3.0541,3.1081,3.1174,2.9969,4.2402,2.3069,3.58,2.161,0.0,3.4604,2.377,0.2002,2.377,3.282,2.9629,2.325,2.9995,2.9567,2.4297,3.4924,3.282,2.5328,3.282,4.3751,1.2432,3.7609,3.282,3.5872,3.9129,3.0209,2.3258,2.5891,3.5966,3.0338,1.6678,3.542,1.5916,1.2714,3.8309,1.0363,1.0363,1.0363,2.8156,3.5921,2.4138,2.7746,3.0836,4.6077,1.6984,3.9198,4.7851,2.1474,3.2092,5.0,4.8066,3.8055,2.9909,4.5768,1.0363,4.0436,1.9046,3.8304,4.0391,1.1126,4.5268,3.7041,3.1496,4.999,3.0096,2.1306,5.0,2.0863,5.0,1.7855,4.06,3.7157,2.9691,3.6178,3.7209,3.5255,1.4618,5.0,3.8412,3.2966,4.0111,1.9572,3.0096,3.2304,2.6706,2.6706,1.3363,4.0553,1.7855,3.1067,4.6129,4.997,2.9909,2.1474,4.4025,3.0085,3.7082,1.8747,1.2201,1.8916,4.2651,3.0096,3.2706,3.1704,3.8412,3.1822,3.6792,3.6424,3.3897,2.882,0.2888,2.768,3.6548,0.5948,1.6614,4.077,0.1197,4.0775,2.6939,3.416,2.3698,3.5139,1.6189,0.3663,2.0593,0.5135,3.6809,0.0,2.8825,3.0517,3.6196,3.0285,1.0125,3.8664,3.0642,0.5343,3.6093,4.0857,2.9688,5.0,1.4475,4.2642,3.0085,2.2851,3.0012,2.0801,3.7388,3.7388,3.1932,4.5588,1.6474,4.8462,3.3471,1.9475,2.8994,3.6511,0.6542,2.9366,5.0,1.6189,5.0,2.5025,3.1244,5.0,3.8105,4.9671,2.9917,3.6511,3.0664,3.0664,5.0,3.7675,3.7606,5.0,0.638,5.0,1.3883,3.7454,0.4208,4.3993,1.8562,0.0,3.6084,4.7091,0.3683,1.2416,1.3064,3.7027,5.0,2.6004,4.8462,3.6207,0.0,2.8776,3.8276,4.8462,4.8877,2.9917,4.7448,3.7757,2.0302,3.9019,3.1875,3.2659,3.6661,3.5829,3.135,4.9588,3.3456,3.9107,0.0,0.0611,3.7818,0.0,3.8284,2.252,0.9659,0.121,2.3878,5.0,1.1374,5.0,3.7861,3.0766,2.5126,3.0885,3.6915,0.0,3.542,5.0,4.3717,3.542,0.3642,4.4229,3.7606,2.7888,5.0,3.1875,4.769,5.0,2.0035,3.1219,3.1219,3.5168,3.5168,4.769,3.542,1.6673,2.1914,3.5215,0.0137,4.1449,5.0,3.8276,2.7303,2.4084,0.0,0.0,2.6679,2.9816,5.0,3.6251,2.19,0.1784,5.0,3.187,5.0,0.0,4.8162,4.9412,2.727,4.3472,1.4637,4.2337,3.0989,0.0,0.0,0.0803,4.154,1.2451,1.8236,5.0,5.0,5.0,2.1469,3.7009,0.1244,0.061,0.3089,3.7818,3.7764,3.2901,0.7518,3.542,3.2366,5.0,2.9064,5.0,2.9981,3.135,0.0044,3.4582,3.4505,3.3983,3.0582,1.7569,5.0,2.5722,2.9912,2.2739,2.5404,2.1527,4.7782,2.3989,3.2526,3.583,3.2365,3.1519,3.2265,4.4592,5.0,5.0,2.8827,5.0,2.8178,2.1624,2.3984,3.0304,4.9153,5.0,5.0,2.7893,0.0044,3.4159,2.9677,2.6522,4.688,4.785,3.2891,5.0,1.2917,4.5987,5.0,3.6395,4.8369,4.127,4.5455,4.9099,4.5109,3.5555,5.0,4.5455,3.552,3.8502,5.0,3.5829,3.8725,3.7783,3.8725,3.4587,2.5657,3.8083,4.8276,4.9475,5.0,5.0,3.846,4.4191,4.1602,5.0,5.0,3.5829,4.9099,5.0,2.3329,3.4043,5.0,4.701,3.5364,3.1997,3.5404,4.106,3.8725,5.0,3.5512,5.0,2.6325,5.0,4.6067,4.0522,0.8769,3.3138,3.3138,2.9469,3.1596,0.8769,5.0,3.5468,3.0304,4.9099,1.2703,5.0,5.0,3.3138,4.1967,3.6568,3.6568,1.3827,1.3827,0.0,0.0,0.3632,0.0
=== STOP LOSS CRITERIA ===,,,,,,,,,,,,,,,,,,,,,,,,,,,,,,,,,,,,,,,,,,,,,,,,,,,,,,,,,,,,,,,,,,,,,,,,,,,,,,,,,,,,,,,,,,,,,,,,,,,,,,,,,,,,,,,,,,,,,,,,,,,,,,,,,,,,,,,,,,,,,,,,,,,,,,,,,,,,,,,,,,,,,,,,,,,,,,,,,,,,,,,,,,,,,,,,,,,,,,,,,,,,,,,,,,,,,,,,,,,,,,,,,,,,,,,,,,,,,,,,,,,,,,,,,,,,,,,,,,,,,,,,,,,,,,,,,,,,,,,,,,,,,,,,,,,,,,,,,,,,,,,,,,,,,,,,,,,,,,,,,,,,,,,,,,,,,,,,,,,,,,,,,,,,,,,,,,,,,,,,,,,,,,,,,,,,,,,,,,,,,,,,,,,,,,,,,,,,,,,,,,,,,,,,,,,,,,,,,,,,,,,,,,,,,,,,,,,,,,,,,,,,,,,,,,,,,,,,,,,,,,,,,,,,,,,,,,,,,,,,,,,,,,,,,,,,,,,,,,,,,,,,,,,,,,,,,,,,,,,,,,,,,,,,,,,,,,,,,,,,,,,,,,,,,,,,,,,,,,,,,,,,,,,,,,,,,,,,,,,,,,,,,,,,,,,,,,,,,,,,,,,,,,,,,,,,,,,,,,,,,,,,,,,,,,,,,,,,,,,,,,,,,,,,,,,,,,,,,,,,,,,,,,,,,,,,,,,,,,,,,,,,,,,,,,,,,,,,,,,,,,,,,,,,,,,,,,,,,,,,,,,,,,,,,,,,,,,,,,,,,,,,,,,,,,,,,,,,,,,,,,,,,,,,,,,,,,,,,,,,,,,,,,,,,,,,,,,,,,,,,,,,,,,,,,,,,,,,,,,,,,,,,,,,,,,,,,,,,,,,,,,,,,,,,,,,,,,,,,,,,,,,,,,,,,,,,,,,,,,,,,,,,,,,,,,,,,,,,,,,,,,,,,,,,,,,,,,,,,,,,,,,,,,,,,,,,,,,,,
Initial Stop Loss (%),1.0,0.1,2,float,Fixed stop loss % - min 1.0% to avoid tight stops that cause quick losses,0.1,0.1,0.1,0.1,0.1,0.1078,0.1,0.1,0.1217,0.1,0.1,0.1,0.1218,0.4917,0.1,0.1968,0.1,0.1,0.1,0.3764,0.1,0.1,0.1,0.1,0.1001,0.1,0.1,0.1,0.1,0.1,0.1,0.1,0.1,0.2386,0.1,0.1,0.1,0.1625,0.1625,0.1,0.1037,0.1037,0.5019,0.1018,0.1,0.1018,0.1,0.1,0.1,0.1014,0.1187,0.1,0.1,0.105,0.1,0.1,0.1144,0.1,0.1,0.4917,0.1,0.1,0.1243,0.102,0.359,0.1012,0.1036,0.1,0.1448,0.2162,0.2452,0.1163,0.1052,0.1,0.1305,0.1305,0.1016,0.1,0.1,0.1143,0.1098,0.1,0.227,0.1,0.1099,0.1454,0.1,0.1,0.1,0.1,0.1,0.1,0.1,0.1,0.1042,0.1,0.1036,0.1,0.1,0.1,0.1,0.9224,0.1,0.1,0.1042,0.1,0.1087,0.1,0.1,0.1,0.1,0.3488,0.1,0.1,0.467,0.467,0.1326,0.1016,0.9224,0.101,0.1443,0.1067,0.1,0.1,0.1,0.1,0.1167,0.2406,0.2406,0.1,0.1,0.1,0.1039,0.1,0.1,0.1,0.1,0.1,0.1003,0.2019,0.1038,0.1019,0.1,0.103,0.103,0.1,0.6293,0.1,0.3676,0.3676,0.1319,0.1097,0.1,0.1959,0.12,0.2362,0.2891,0.1,0.1001,0.1,0.1,0.1736,0.1,0.6293,0.1105,0.1178,0.1,0.1,0.1,0.1277,0.1234,0.1,0.292,0.1,0.1,0.3785,0.3728,0.101,0.1,0.1377,0.1377,0.1028,0.2422,0.1377,0.1931,0.9774,0.9774,0.4755,0.7373,0.1,0.6243,0.1,0.2362,0.1003,0.1058,0.2976,0.1,0.1097,0.1,0.3203,0.5928,0.3322,0.1,0.3322,0.3697,0.1,0.3329,0.1208,0.1,0.1084,0.1,0.1002,0.1,0.3766,0.1274,0.1198,1.0979,0.8097,0.2973,0.1,0.6284,0.1021,0.7522,0.2183,0.1,0.1,0.1063,0.1,0.1,0.1078,0.5177,0.1,0.4513,0.1,0.1,0.2898,0.6788,0.2898,0.1,0.1,0.1009,0.4908,0.2098,0.4908,0.1,0.1,0.1,0.1,0.1004,1.5374,1.5374,0.12,1.2145,1.9071,0.1623,0.106,0.1005,1.5374,1.5374,0.7577,0.3305,0.8784,1.5374,0.134,0.1,1.5374,0.1,0.1,0.1,1.2964,0.1,0.1,0.1,0.1066,1.039,0.1,0.1283,0.1,0.1257,0.1,0.6795,0.3764,0.1,0.1,0.1,0.1,0.1,1.8155,1.7928,0.1,2.0,0.1002,0.1,0.1,0.6914,0.1,0.1002,0.1,1.6392,0.1,0.6256,0.5872,0.2068,0.2068,0.1,0.1,0.1,0.1,0.1,0.1117,0.1,0.925,0.1,0.1,0.1299,0.6198,2.0,0.1,0.1164,0.3753,0.2131,0.1,0.6516,0.1,0.1,0.1143,0.1338,0.1,0.7095,0.3288,1.2744,0.1,0.1116,1.2155,1.2155,0.1009,0.4747,0.1,0.1,1.7321,1.2639,0.1,0.2932,0.1335,0.1,0.1,0.1381,0.6636,0.2932,0.124,0.1396,0.12,0.1796,0.1,0.112,0.1,0.1,0.1,0.1,0.2932,0.1,0.2228,0.2567,0.2288,1.2155,2.0,0.1018,1.1222,1.9369,0.4944,0.1073,0.8858,0.1,0.1721,0.1721,0.1147,0.1,0.1,1.9341,0.1,1.9341,1.9341,0.7768,0.1,0.1,0.1,1.9341,0.5113,0.1,0.1003,0.1,0.1,1.6107,0.1,1.9341,0.1032,0.1,1.4644,0.1297,0.1052,0.1,0.1876,0.2055,0.82,0.1388,1.8956,0.1097,0.1,1.5374,0.1,0.1,0.1029,0.1353,0.1331,0.1,0.1416,0.1,0.1,1.1671,0.1999,0.1499,0.1,0.2646,0.4077,0.1013,0.1,0.6595,1.0123,0.3335,0.7871,0.7871,0.1154,0.1238,0.1,0.9164,0.673,0.3401,0.5194,1.0469,0.6093,0.4713,0.3675,0.644,0.644,0.3466,1.3341,0.2509,0.3466,0.3466,0.4337,0.4524,0.3605,0.2879,0.3148,1.7259,0.6877,0.6877,0.8027,0.8027,0.2649,1.1271,0.5029,0.5029,0.1551,0.2932,0.2107,0.3215,0.1849,0.1,0.1691,0.1247,0.1,0.1487,0.136,0.1242,0.1242,0.1242,0.1242,0.1242,0.1223,0.1242,0.1,0.1,0.1,0.1,0.1,0.1,0.1,0.1,0.1,0.1182,0.1,0.7403,0.1232,0.3466,0.8027,0.4664,0.3442,0.3973,0.5712,0.3466,2.0,0.4581,0.362,0.1,0.1,0.3602,0.1279,0.2272,0.1,1.0407,0.4664,0.1,0.1,0.2912,0.3591,0.1,0.1001,2.0,0.1,0.1,1.2291,0.1,0.5029,0.1,0.1,0.1,0.1385,0.1,0.6063,0.1714,1.1317,0.1,0.1,0.1507,0.1219,0.2001,0.1,0.2001,0.7853,0.1069,0.9788,0.174,0.1,0.1706,0.1,0.1,0.1202,0.184,0.1,0.1057,1.4081,0.1269,0.1158,0.1,1.0979,1.0892,0.7206,0.1,0.467,0.1274,0.1347,0.1035,0.1,1.006,0.1944,0.1,0.1,0.1,0.1,0.1,0.1116,0.8762,0.1,1.0979,0.4328,0.6241,0.4067,1.7901,0.12,0.1,0.1,0.1,0.1,0.1167,0.3442,0.1373,0.1274,0.1157,1.3665,0.1449,0.1341,0.1,0.1645,0.1,0.2151,0.7287,0.114,0.1418,0.1,0.1,0.3345,0.1167,0.1,0.4364,0.3621,0.1,0.1001,1.3665,0.1,0.3001,0.1,0.8762,0.1,0.1,0.1,0.1525,0.4865,0.1,0.1,2.0,0.1167,0.1,0.1239,0.1418,0.1,0.5857,0.1,0.132,0.1,0.1093,0.1161,0.184,0.1033,0.1,0.1,0.2538,0.1,0.6608,0.1,0.561,0.1,0.1,0.1317,1.3841,0.1,0.1645,1.0063,0.5161,0.3578,0.1,0.1,0.1208,0.1645,0.1,0.1,2.0,0.1,0.2796,0.1169,0.6655,2.0,0.1,0.1293,0.1258,0.1,0.1594,0.1594,0.1463,0.1,0.1099,0.1,0.1,0.1,0.8557,0.1,0.9048,0.1539,0.1142,0.1,0.1169,0.2642,0.2681,0.1169,0.1001,0.1,0.9707,0.1,0.1,0.1,0.1169,0.1,0.1004,0.1,1.0206,0.1,0.1,0.1299,0.1,0.1011,0.1,0.1,0.1032,0.1228,0.5444,0.1158,0.1158,0.1366,0.1,0.1153,0.1421,0.1,0.1,0.1,0.1,0.1,0.1,0.9707,0.1,0.1,0.1,0.1004,0.1004,0.1,0.1004,0.1004,0.1,0.1,0.1069,0.1013,0.1096,0.1,0.3255,0.1113,0.1,0.1005,0.1,0.1579,1.1754,0.1,0.1,0.1,0.133,0.1012,0.1018,0.1,0.1,0.1,0.1,0.1004,1.254,0.1,0.1016,0.1,0.1004,0.1,0.1,0.1004,0.1,0.1,0.1,0.1001,0.1001,0.1001,0.1001,0.1,0.1,0.1,0.1,0.1458,0.1237,0.1,0.1,0.1,0.1,0.1,0.134,0.134,0.8624,0.1,0.4598,0.1111,0.1273,0.1,0.1,0.1,0.1,0.1,0.1422,0.1,0.5082,0.1239,0.1,0.1,0.1,0.134,0.134,0.134,0.1,0.1,0.1,0.1,0.1006,0.1006,0.2909,0.1532,0.1,0.1,0.1,0.3255,0.1,0.137,0.1,0.166,0.1,0.1,0.7363,0.1,0.2654,0.1,0.4015,0.1303,0.1,0.1,0.1003,0.1007,0.1126,0.7721,0.1021,0.1246,0.1951,0.1,0.1,0.1,0.1,0.1,0.7363,0.1,0.1,0.1,0.1,0.1201,0.1,0.1201,0.1553,0.1646,0.1,0.3972,0.1,0.1,0.1201,0.1,0.4015,0.1,0.1,0.1019,0.1,0.1215,0.1458,0.1201,0.1,0.1,0.1,0.1,0.1,0.1,0.1055,0.1006,0.1046,0.1,0.1,0.1055,0.1,0.1,0.1201,0.1002,0.1,0.1,0.1,0.1,0.1194,0.1014,0.1201,0.1308,0.1,0.1,0.1,0.1,0.1201,0.1201,0.1201,0.1002,0.1006,0.1099,0.1589,0.1,0.1065,0.1,0.1026,0.1,0.1,0.1,0.1,0.1201,0.1,0.1,0.1,0.1056,0.1,0.1,0.1,0.1,0.1,0.1772,0.1,0.1,0.1,0.1001,0.1,0.1006,0.1,0.1,0.1,0.1,0.1,0.1,0.1,0.1,0.1,0.1,0.1,0.1044,0.1
Enable Trailing Stop,1,0,1,int,"Use ATR trailing stop (0=false, 1=true) - OPTIMIZABLE",1,0,1,1,1,1,1,1,0,0,0,0,1,1,0,1,1,0,0,1,0,0,1,1,0,0,0,0,1,1,0,1,1,1,0,1,0,1,1,1,0,0,1,0,1,0,1,1,1,1,1,0,1,1,1,1,1,0,1,1,1,1,1,1,1,0,0,1,1,0,1,1,1,1,1,1,1,1,1,1,0,0,1,1,1,1,1,1,1,1,1,1,0,0,0,1,1,0,1,1,1,0,1,1,0,0,0,0,0,0,0,1,0,1,1,1,1,1,0,1,1,1,0,1,1,1,1,1,1,1,0,0,1,0,1,0,0,0,0,1,1,1,1,1,1,0,1,0,1,1,0,1,0,1,1,1,1,1,0,1,1,1,1,1,1,0,1,1,1,1,1,1,1,1,1,1,1,0,0,0,0,1,0,0,1,1,1,1,1,0,1,1,1,0,1,1,1,1,1,0,1,0,1,0,1,1,1,1,1,1,1,0,0,1,1,1,1,1,1,0,0,0,0,0,0,1,1,1,0,0,1,1,1,1,0,1,1,1,1,1,1,0,1,0,1,0,0,1,1,1,1,0,1,1,1,1,1,1,1,0,1,1,1,1,0,1,0,1,0,0,0,1,1,1,1,1,1,0,1,1,0,1,1,1,1,1,0,1,1,0,1,0,0,1,0,1,0,1,1,1,1,0,1,1,0,1,1,1,1,1,1,0,1,1,1,0,1,1,1,1,1,1,1,1,1,0,1,1,1,1,1,1,1,1,1,1,1,1,0,0,1,1,1,1,1,1,1,1,1,1,1,1,1,1,1,0,0,1,1,1,1,0,1,1,1,1,0,1,1,1,1,0,1,1,1,0,1,1,1,1,1,1,1,1,1,1,1,1,1,0,1,1,1,1,1,1,1,0,0,1,1,1,1,1,1,1,0,1,1,1,1,0,1,0,1,1,0,1,1,1,1,1,0,1,1,0,1,1,1,0,0,1,1,1,0,1,0,1,0,1,0,0,1,1,1,1,1,1,1,1,1,1,1,1,1,1,1,1,1,1,1,0,0,1,0,1,1,1,1,1,0,1,0,1,1,1,1,1,1,0,1,1,1,1,1,1,1,1,1,1,1,1,1,1,1,1,1,1,1,1,1,1,0,1,0,1,1,1,1,1,1,1,1,1,1,1,1,1,1,1,1,1,1,0,0,0,1,1,1,1,1,1,1,1,1,0,1,0,1,1,0,1,1,1,1,1,0,1,1,1,1,0,1,0,1,1,1,1,0,1,1,0,1,0,1,1,1,1,1,1,1,1,1,0,1,1,1,1,1,0,1,0,0,1,0,1,1,1,0,1,1,0,1,1,1,1,1,0,1,1,1,1,0,1,1,1,1,1,1,0,1,1,1,1,0,0,1,0,1,1,1,0,0,1,1,0,0,1,0,0,1,1,1,0,1,1,1,1,1,0,1,1,1,1,1,1,1,1,1,0,1,0,0,1,0,1,1,1,1,0,0,1,0,1,1,1,1,1,1,1,0,1,1,1,1,1,1,1,0,1,0,1,1,0,1,1,0,1,0,0,0,1,1,1,1,1,1,1,1,1,1,1,1,1,1,0,0,0,1,1,1,0,0,0,1,1,1,0,1,1,0,1,1,1,1,1,0,1,1,1,1,1,1,1,1,0,1,1,1,0,1,1,0,0,0,1,1,1,1,1,1,1,1,1,1,1,1,1,1,1,0,1,1,1,1,1,1,1,1,1,1,1,1,1,1,1,1,1,1,1,0,1,1,1,1,0,1,1,1,1,1,1,1,1,0,1,1,1,1,1,0,0,1,1,1,0,1,1,0,1,1,1,0,1,0,1,1,1,1,0,1,1,0,0,1,1,1,1,1,1,1,1,1,1,1,1,1,0,1,1,1,1,1,1,0,1,0,1,1,1,1,1,1,1,1,1,1,1,1,1,1,1,1,1,1,0,1,1,1,0,1,1,1,0,1,1,1,1,1,1,0,1,1,1,1,1,0,1,1,1,1,1,1,0,1,0,1,1,1,0,0,0,1,1,1,1,1,1,1,0,1,0,0,1,0,1,1,1,1,1,1,1,1,0,1,1,1,1,1,1,1,1,1
ATR Length for Trailing Stop,26,10,100,int,ATR period for trailing,50,41,60,47,60,59,58,87,82,82,82,82,10,49,75,18,49,94,94,51,48,48,49,74,47,48,34,34,52,52,48,33,51,55,80,50,80,16,16,90,54,54,57,61,89,61,89,89,59,60,52,66,51,49,59,63,86,66,59,49,34,34,28,53,51,62,55,48,56,14,52,50,59,54,47,47,61,61,61,47,59,53,16,82,63,57,56,48,50,49,49,34,60,47,58,49,49,59,49,60,57,73,51,49,58,58,59,60,60,60,60,83,60,60,83,83,56,62,73,61,48,59,60,60,60,60,49,66,66,47,60,60,42,58,57,56,58,58,51,54,59,61,66,53,53,58,82,62,51,51,56,47,58,31,58,34,100,83,81,60,63,22,50,82,50,41,39,42,51,85,50,78,83,100,100,46,68,41,55,74,74,42,74,74,32,91,91,62,69,82,52,52,34,44,15,56,56,69,59,58,34,58,41,58,58,59,57,71,32,41,48,48,48,38,47,85,56,62,59,64,58,61,72,100,52,70,100,73,66,73,64,50,54,53,43,59,39,59,33,59,87,60,40,60,60,43,43,60,76,54,54,57,54,41,25,60,67,54,54,58,62,42,54,83,81,54,48,56,48,45,55,51,55,65,91,10,40,63,74,56,100,51,56,56,18,56,53,50,50,81,54,63,56,42,58,56,47,52,42,67,63,58,43,43,59,62,57,100,63,73,53,58,53,67,71,55,50,100,48,61,66,34,55,57,57,100,45,52,41,40,100,78,57,63,62,37,70,32,53,41,52,42,78,86,67,67,66,55,78,30,60,64,48,60,51,70,70,67,60,78,50,33,60,60,63,52,10,44,51,100,25,54,58,52,52,42,56,66,49,60,49,49,63,58,58,58,49,78,67,62,59,58,75,28,49,61,67,29,53,34,67,55,52,47,43,51,63,62,54,63,59,59,72,52,58,17,30,52,58,100,42,63,26,52,57,68,56,10,36,100,100,26,74,80,25,85,48,85,69,84,77,29,88,88,41,44,100,41,41,99,54,40,35,56,100,66,66,85,85,50,100,29,29,24,26,56,45,63,55,22,10,99,58,100,93,93,93,93,93,94,93,41,85,51,99,99,94,100,100,100,33,62,85,40,41,85,51,76,45,51,41,39,50,84,32,48,100,50,50,54,98,51,55,55,56,10,55,52,51,49,50,56,51,29,21,33,32,100,32,56,49,61,75,32,65,83,56,62,56,60,74,82,50,63,48,50,51,100,60,54,66,60,48,18,18,64,64,64,56,34,76,95,41,72,51,55,56,41,54,36,38,70,51,32,64,31,64,65,51,44,92,68,68,38,55,100,13,97,10,51,70,34,71,46,44,63,53,36,54,50,57,57,55,41,100,100,100,40,51,46,85,52,51,41,45,51,47,10,40,51,60,55,57,67,54,39,51,51,66,53,44,38,60,100,62,40,58,61,58,55,11,51,78,60,63,43,46,61,10,25,50,51,46,46,50,44,51,53,60,44,100,49,51,58,53,36,56,56,52,69,70,51,65,31,73,66,53,61,44,78,44,51,47,44,84,62,94,66,50,50,44,67,25,62,53,48,10,70,55,54,100,58,61,53,53,18,18,80,62,100,51,50,84,50,61,51,88,94,68,25,59,25,25,39,25,25,50,54,48,57,86,55,58,53,12,59,46,36,100,50,36,46,92,53,69,10,52,51,51,22,20,51,17,36,25,58,93,25,36,61,56,30,30,30,30,36,51,58,75,50,44,39,31,61,53,38,51,51,12,58,86,100,66,55,50,54,67,33,52,66,12,57,46,61,50,51,51,51,11,45,62,27,76,76,57,50,55,60,64,58,41,52,62,51,65,56,54,53,60,50,46,60,55,48,46,55,41,12,47,60,59,48,66,51,55,50,54,48,55,66,64,53,60,53,49,46,67,54,55,56,53,65,46,47,67,91,47,58,93,53,76,29,57,45,82,55,66,74,35,20,60,66,66,68,54,58,45,41,45,56,81,88,53,70,53,58,60,51,53,53,53,17,74,63,65,55,55,52,52,52,52,55,45,53,63,74,65,55,52,95,62,53,53,53,52,62,66,67,54,74,23,54,54,53,59,10,10,14,14,51,62,45,44
ATR Multiplier for Trailing Stop,2.0,0.5,4.5,float,Trailing stop ATR multiplier - reduced max to prevent overfitting,2.3306,2.4946,1.7676,2.868,1.9983,1.9206,1.9129,2.2924,2.1588,2.1588,2.1588,2.1588,2.374,3.5358,0.8173,2.841,3.4864,2.5409,2.5409,1.7085,2.2748,2.1853,2.9235,1.4954,3.3149,2.1853,1.4661,1.8014,3.1963,3.1963,2.4466,3.6948,1.941,3.2056,1.4178,2.6659,1.4017,1.9947,2.0517,2.6753,2.0763,2.0763,1.2635,2.5314,2.6753,2.5314,2.6753,2.6868,3.2302,2.8306,2.6512,2.569,2.099,2.2774,3.4838,3.7618,1.3888,2.569,2.7084,3.5358,1.5265,1.5265,1.9165,2.8351,2.1872,2.1738,3.1372,3.8349,1.8193,2.8539,2.1606,1.6693,3.459,4.1452,1.8751,1.8751,2.3389,2.0888,2.6729,2.2228,3.3782,2.5668,2.0014,1.4139,2.323,1.6937,1.718,2.2416,1.885,2.3221,2.3221,1.5265,3.3406,2.8364,3.3967,2.6254,2.1133,3.3238,2.3221,3.3655,1.0419,3.2995,2.4075,2.3221,3.8138,3.2443,3.4589,3.3209,3.3209,3.3209,3.3209,1.4054,3.3209,3.2679,1.4054,1.4054,4.2045,0.7662,3.2995,2.3494,2.025,3.5034,3.1406,0.8941,0.8941,2.8973,1.7038,2.8871,2.8871,2.8928,3.3209,3.121,2.3015,3.2252,3.8496,0.96,3.2252,3.2252,0.5762,4.1452,2.7317,2.4203,3.1168,3.8738,4.0824,3.0076,1.7345,2.5091,1.6351,1.7965,4.2278,2.9025,3.1879,2.6976,2.866,3.2178,2.2246,2.4077,2.1191,2.2211,4.0574,3.4798,2.5691,1.5965,2.3251,0.5,2.4476,1.6242,1.5538,1.6142,2.6625,3.077,2.1166,2.0969,2.0969,1.7025,0.5,2.5711,2.5785,2.1906,2.1906,2.9553,2.1906,2.1906,3.4216,3.2448,3.1991,1.8898,2.026,1.6298,0.8495,2.7755,3.2178,0.9861,1.674,4.2045,2.4298,1.5644,1.5891,3.3735,1.5265,3.3967,1.3998,3.3967,3.4458,2.4153,3.5521,2.5213,0.501,1.3998,1.0713,0.9914,0.9914,2.0777,1.9235,2.5577,1.4349,2.921,2.8054,2.1702,3.2443,2.3309,1.9377,3.4704,3.1591,3.4607,3.0311,1.5733,2.3352,4.1577,3.2026,3.5301,1.2095,2.0369,3.038,3.6322,2.1911,3.6322,1.9677,3.9572,1.5265,2.8897,3.2018,2.8897,2.6069,3.1238,3.1238,2.6069,1.9793,1.6115,1.6115,2.609,1.9978,0.7744,3.8432,3.5557,0.5,1.6115,1.6115,3.2289,3.6741,3.0469,1.6115,4.4102,3.1688,1.6115,2.2996,0.5,2.2996,3.6308,3.0371,2.2446,3.5499,2.875,2.0861,2.9179,0.5,4.0047,1.3972,2.8287,1.7442,1.7085,2.8367,2.5105,2.2301,3.0911,1.5928,1.6048,1.6021,1.6378,1.701,2.2875,3.7396,3.8804,3.2057,3.0911,3.0058,2.5209,0.8033,2.5678,3.2617,3.29,3.0307,3.0307,2.118,1.8709,2.7208,1.9366,1.8047,2.482,3.3218,3.1464,2.831,2.8691,2.0668,3.0538,3.2924,2.8553,2.8855,1.7443,1.6655,2.248,3.297,3.5831,3.5831,3.9686,2.5091,3.5497,3.0952,3.0952,2.9649,1.5414,2.403,2.0968,2.0968,1.9263,4.4188,2.206,2.3245,1.1297,2.8294,4.5,1.6963,1.5572,2.8774,2.8774,2.4182,1.8096,1.3198,0.8846,2.4451,1.8851,1.5585,4.5,4.5,2.3012,2.3012,2.7936,2.9251,1.3198,3.4202,1.7478,3.0402,2.1039,2.392,2.2199,1.4205,1.9603,2.3056,4.5,2.2734,2.636,1.9749,2.0212,2.0212,1.6781,1.6099,3.6904,3.909,2.1039,3.9165,3.9165,2.6532,1.9749,1.7459,1.6905,3.9282,1.3198,1.5702,3.2158,1.163,1.7459,1.8555,2.1996,3.98,3.824,1.5702,2.7613,2.9486,2.4681,2.8774,3.5724,3.5266,0.9676,2.4785,3.6001,0.9481,4.1386,1.6115,3.5686,1.163,2.2933,2.9165,1.4601,2.977,2.0829,2.9132,2.2092,2.5594,1.8959,1.0967,3.0979,1.5447,1.3575,2.1665,2.4092,2.8822,2.2829,2.4081,2.1382,2.1382,2.4022,2.0416,2.3847,1.2232,1.758,1.9288,2.0027,2.1185,2.0302,2.382,2.2841,1.2887,1.397,0.793,1.9157,1.5387,0.793,0.7187,1.68,1.5395,1.9618,2.2297,1.8036,0.5885,3.8032,3.8032,3.2909,3.2253,1.7619,0.839,1.3975,1.3975,1.1693,1.3244,1.7502,1.6617,1.9151,1.6806,2.0785,1.7888,1.5454,4.5,1.3811,1.6057,1.6057,1.6057,1.4643,1.6057,2.333,1.6057,2.0958,2.0701,2.2967,1.4222,1.425,1.6368,1.5637,1.5637,1.5637,1.4569,1.66,2.0027,0.5,0.5,3.2909,0.9787,1.7262,1.9538,3.3254,0.9811,1.7797,3.0561,3.2097,3.4486,1.1136,1.7253,1.7552,3.1303,0.9631,3.496,0.9787,3.3971,3.3971,2.4166,1.4189,3.5102,2.8393,3.6001,4.2771,2.6926,1.7927,4.2829,1.4193,3.0872,2.0626,1.4127,1.2759,1.4127,2.8929,3.3401,3.1091,1.1337,1.731,2.5817,2.3204,2.9986,3.7122,2.9932,2.0342,2.2018,2.3493,3.1411,3.0351,2.6052,4.5,0.5513,2.5271,2.3847,1.9806,2.7401,2.9747,2.5162,1.8133,1.3561,2.4582,2.4582,2.4582,3.0875,1.5594,1.866,1.305,4.5,2.2503,1.9777,2.8407,4.0274,2.7347,3.9352,1.9337,2.214,3.2629,1.9883,1.8082,2.4582,2.5257,2.2391,1.7318,1.673,2.2156,1.6166,1.6199,1.6199,2.214,1.9253,2.2856,2.7449,2.2662,2.7488,2.2927,1.1214,2.1843,2.8631,1.9762,1.906,3.6508,2.0241,2.4231,2.065,2.3787,1.8633,0.5,1.9253,2.4598,1.464,1.464,3.7446,3.0966,2.2927,1.3648,1.5496,3.7151,1.4939,2.8113,2.8069,3.7061,2.0447,2.7947,2.4961,1.2388,4.2579,2.2014,1.5855,2.1579,2.065,2.068,4.5,2.4418,1.6037,3.3891,1.0257,1.4914,2.1518,1.7393,3.4679,3.0966,1.9303,3.4138,2.6642,1.6349,3.0946,2.3787,1.7057,4.5,2.9877,3.6299,1.9762,3.319,1.4018,2.3672,2.3111,3.436,2.9378,1.4359,2.0384,0.5222,1.7123,2.3701,2.2111,2.2308,1.6248,2.4881,3.8863,1.1073,2.95,1.8924,2.0982,2.0982,2.7888,2.1106,2.4628,2.3922,2.0945,2.569,2.2367,4.5,2.6853,2.6926,2.2308,1.686,2.0135,3.3017,1.5524,2.2308,2.3926,4.0947,2.0538,4.5,4.1257,4.1257,2.2308,4.2954,1.9022,4.0883,2.6853,1.904,1.7855,1.8335,3.3298,2.444,1.2609,4.1839,2.2001,2.3356,1.9136,1.5044,1.8133,2.0271,4.0883,1.5039,2.3922,4.2561,1.5297,4.2548,3.0348,2.4016,4.5,1.7185,1.9539,1.0976,2.513,1.0976,1.1135,0.8862,1.2676,1.228,4.2561,3.4595,3.5259,2.6115,1.5474,3.7194,2.2106,2.1231,1.6314,2.1234,2.6144,1.2449,2.1193,4.0706,1.7969,2.0737,2.0606,3.5598,2.6184,4.2885,3.2101,2.0498,4.5,1.3566,2.2679,4.5,1.6711,0.9628,1.9022,2.1052,2.791,1.7183,0.9628,2.4137,2.1723,1.5189,1.5189,1.5189,1.7283,0.9776,4.4373,2.977,3.4004,2.8358,1.9272,1.3027,3.363,2.4407,2.1717,1.5089,2.0498,2.0498,1.5958,3.4446,2.1292,1.4174,2.558,3.9543,3.3226,3.7277,1.3795,1.0661,2.1957,3.082,1.3251,2.8139,2.5848,3.2071,4.2561,2.0498,2.2736,2.0498,1.6471,0.86,2.8297,1.9527,1.9604,1.9604,1.5329,4.5,3.9543,2.5903,3.1561,2.2106,3.1005,2.7063,3.1981,4.4373,3.5563,2.6579,3.2038,2.2476,1.9777,4.2561,2.1793,3.8917,0.5,3.3174,3.2697,1.5313,2.3603,1.5958,4.1265,4.4727,2.4226,2.644,3.082,2.7474,3.4206,2.2188,3.1681,2.0409,3.4206,3.082,1.785,2.3366,1.8913,2.3366,4.2921,2.2437,2.9909,1.7955,3.5254,2.6665,2.3366,2.0305,2.2431,1.5776,2.4566,4.3124,2.133,2.5754,2.3673,2.3366,2.6441,2.4766,1.7069,3.1612,3.5958,1.4318,2.1224,2.0744,3.5824,1.1155,2.0489,2.1224,2.5549,1.6762,2.3366,2.7504,3.1612,2.1807,3.1612,1.9378,2.0264,1.453,2.4789,1.4176,3.0786,2.2915,1.46,3.0509,2.3366,2.3366,2.3366,2.6021,2.1594,1.8417,4.3652,1.4599,3.2531,2.1957,3.2396,1.3987,1.3987,1.0578,3.0188,2.3366,4.3396,4.423,4.5,2.118,2.3418,2.9529,2.4212,1.7699,1.3956,2.1909,1.3987,2.4212,2.0642,1.8903,2.0347,2.1594,1.8924,2.3366,2.3366,1.3956,1.8449,1.5647,1.5647,2.3168,2.3168,2.0498,3.5387,0.5,1.7277
Trailing Delay (bars),5,0,20,int,"Bars before trailing stop begins tightening (0 = immediate, max 7 to avoid delayed trailing)",10,12,7,12,14,18,16,12,12,12,12,12,11,12,14,12,20,9,9,16,13,13,12,11,15,13,12,12,5,5,13,11,12,11,6,1,6,9,9,8,13,13,16,12,8,12,8,8,20,6,3,8,7,16,10,13,10,8,20,12,12,12,3,12,17,14,15,13,14,11,18,6,12,13,11,11,19,17,11,9,5,13,9,5,10,2,9,12,12,12,12,12,9,13,7,12,10,4,11,11,4,8,12,11,8,7,10,9,9,9,9,15,9,10,15,15,12,9,8,12,2,12,9,10,10,8,11,10,10,12,9,9,13,9,9,10,9,9,9,13,11,14,16,12,12,9,16,7,17,17,9,16,9,5,13,4,9,4,1,11,8,12,13,16,12,17,18,3,10,20,11,14,18,10,10,12,17,10,13,15,15,12,15,15,12,9,9,17,8,16,19,20,4,11,9,12,18,12,10,10,12,7,15,7,6,13,7,9,12,15,12,8,8,0,13,11,12,6,16,15,7,12,17,9,19,14,11,14,14,6,7,7,13,20,19,11,8,11,4,7,8,8,9,8,14,19,19,14,16,0,0,10,0,17,8,11,15,0,0,10,14,2,0,4,2,0,13,18,13,0,14,17,2,17,5,9,3,8,9,15,11,16,15,15,13,9,13,14,14,7,13,11,9,4,12,9,10,13,17,11,5,12,10,10,15,8,3,16,18,12,6,12,11,20,4,11,11,10,19,0,14,16,14,8,8,15,12,11,11,11,12,12,11,0,0,12,8,2,4,18,9,9,14,4,20,20,13,9,14,11,11,15,2,13,13,14,14,20,20,14,13,8,20,14,0,12,19,6,10,19,5,12,6,4,4,7,10,8,18,14,18,18,13,6,6,6,18,14,13,10,11,5,8,10,18,6,13,17,15,18,20,10,13,8,12,7,10,6,0,6,11,10,10,0,16,9,16,12,0,9,9,4,17,11,0,11,12,12,17,8,8,9,9,9,0,13,15,13,7,0,9,12,14,14,11,5,13,11,11,8,8,6,15,10,20,7,7,7,7,0,7,16,16,8,6,9,20,11,9,14,14,9,12,9,10,9,9,9,9,9,9,12,7,6,9,9,9,15,15,15,7,14,13,11,11,7,9,14,12,5,11,13,11,10,0,15,12,0,12,11,8,9,10,10,12,20,10,20,7,17,6,6,17,16,3,15,9,9,9,13,8,5,9,11,19,7,13,16,13,12,7,12,13,0,0,16,9,14,17,11,19,9,16,15,9,14,14,14,10,16,10,9,3,10,10,6,15,9,15,17,16,13,1,15,14,3,11,7,0,8,10,4,4,16,9,10,7,11,7,4,8,8,14,13,14,11,20,10,6,20,11,12,9,12,15,15,9,14,4,11,12,18,1,9,9,15,14,12,9,9,0,9,10,5,6,20,9,20,9,12,15,13,16,7,20,14,17,6,11,9,4,20,16,4,4,3,13,3,15,5,20,15,7,13,16,11,7,17,13,10,14,13,15,0,20,9,12,12,13,13,2,16,13,12,18,6,20,15,10,16,10,10,17,10,0,6,12,6,16,16,10,6,16,6,20,10,10,14,9,6,8,20,16,2,19,15,15,7,6,10,16,16,15,16,7,16,20,12,17,16,11,16,16,16,16,16,16,13,3,13,7,0,10,10,15,4,8,15,2,16,14,4,7,16,12,16,12,9,20,16,1,20,13,16,16,4,2,16,16,1,4,16,16,16,16,16,20,16,16,14,7,16,8,7,11,16,9,9,0,11,7,17,9,0,12,5,19,15,19,7,11,12,18,7,16,9,9,9,13,14,9,12,16,16,0,13,0,7,9,10,3,12,10,20,14,7,7,10,2,16,0,7,6,16,14,11,5,0,8,18,9,5,7,20,12,10,7,13,12,7,14,3,5,3,10,14,12,10,0,7,3,4,0,15,8,12,5,2,6,3,2,12,11,16,18,8,13,1,7,10,13,13,2,14,3,16,16,18,16,7,0,12,3,17,19,3,8,18,3,3,3,16,1,3,14,10,6,19,14,13,13,11,16,3,2,14,13,4,2,0,10,12,12,4,13,10,15,15,10,1,15,3,3,12,12,13,13,13,13,9,8,7,15
=== GA CRITERIA ===,,,,,,,,,,,,,,,,,,,,,,,,,,,,,,,,,,,,,,,,,,,,,,,,,,,,,,,,,,,,,,,,,,,,,,,,,,,,,,,,,,,,,,,,,,,,,,,,,,,,,,,,,,,,,,,,,,,,,,,,,,,,,,,,,,,,,,,,,,,,,,,,,,,,,,,,,,,,,,,,,,,,,,,,,,,,,,,,,,,,,,,,,,,,,,,,,,,,,,,,,,,,,,,,,,,,,,,,,,,,,,,,,,,,,,,,,,,,,,,,,,,,,,,,,,,,,,,,,,,,,,,,,,,,,,,,,,,,,,,,,,,,,,,,,,,,,,,,,,,,,,,,,,,,,,,,,,,,,,,,,,,,,,,,,,,,,,,,,,,,,,,,,,,,,,,,,,,,,,,,,,,,,,,,,,,,,,,,,,,,,,,,,,,,,,,,,,,,,,,,,,,,,,,,,,,,,,,,,,,,,,,,,,,,,,,,,,,,,,,,,,,,,,,,,,,,,,,,,,,,,,,,,,,,,,,,,,,,,,,,,,,,,,,,,,,,,,,,,,,,,,,,,,,,,,,,,,,,,,,,,,,,,,,,,,,,,,,,,,,,,,,,,,,,,,,,,,,,,,,,,,,,,,,,,,,,,,,,,,,,,,,,,,,,,,,,,,,,,,,,,,,,,,,,,,,,,,,,,,,,,,,,,,,,,,,,,,,,,,,,,,,,,,,,,,,,,,,,,,,,,,,,,,,,,,,,,,,,,,,,,,,,,,,,,,,,,,,,,,,,,,,,,,,,,,,,,,,,,,,,,,,,,,,,,,,,,,,,,,,,,,,,,,,,,,,,,,,,,,,,,,,,,,,,,,,,,,,,,,,,,,,,,,,,,,,,,,,,,,,,,,,,,,,,,,,,,,,,,,,,,,,,,,,,,,,,,,,,,,,,,,,,,,,,,,,,,,,,,,,,,,,,,,,,,,,,,,,,,,,,,,,,,,,,,,,,,,,,,,,,,,,,,,,,,,,,,,,,,,,,,,,,,,,,,,,,,,,,,,
POP_SIZE,50,100,150,int,Population size - reduced to prevent overfitting,,,,,,,,,,,,,,,,,,,,,,,,,,,,,,,,,,,,,,,,,,,,,,,,,,,,,,,,,,,,,,,,,,,,,,,,,,,,,,,,,,,,,,,,,,,,,,,,,,,,,,,,,,,,,,,,,,,,,,,,,,,,,,,,,,,,,,,,,,,,,,,,,,,,,,,,,,,,,,,,,,,,,,,,,,,,,,,,,,,,,,,,,,,,,,,,,,,,,,,,,,,,,,,,,,,,,,,,,,,,,,,,,,,,,,,,,,,,,,,,,,,,,,,,,,,,,,,,,,,,,,,,,,,,,,,,,,,,,,,,,,,,,,,,,,,,,,,,,,,,,,,,,,,,,,,,,,,,,,,,,,,,,,,,,,,,,,,,,,,,,,,,,,,,,,,,,,,,,,,,,,,,,,,,,,,,,,,,,,,,,,,,,,,,,,,,,,,,,,,,,,,,,,,,,,,,,,,,,,,,,,,,,,,,,,,,,,,,,,,,,,,,,,,,,,,,,,,,,,,,,,,,,,,,,,,,,,,,,,,,,,,,,,,,,,,,,,,,,,,,,,,,,,,,,,,,,,,,,,,,,,,,,,,,,,,,,,,,,,,,,,,,,,,,,,,,,,,,,,,,,,,,,,,,,,,,,,,,,,,,,,,,,,,,,,,,,,,,,,,,,,,,,,,,,,,,,,,,,,,,,,,,,,,,,,,,,,,,,,,,,,,,,,,,,,,,,,,,,,,,,,,,,,,,,,,,,,,,,,,,,,,,,,,,,,,,,,,,,,,,,,,,,,,,,,,,,,,,,,,,,,,,,,,,,,,,,,,,,,,,,,,,,,,,,,,,,,,,,,,,,,,,,,,,,,,,,,,,,,,,,,,,,,,,,,,,,,,,,,,,,,,,,,,,,,,,,,,,,,,,,,,,,,,,,,,,,,,,,,,,,,,,,,,,,,,,,,,,,,,,,,,,,,,,,,,,,,,,,,,,,,,,,,,,,,,,,,,,,,,,,,,,,,,,,,,,,,,,,,,,,,,,,,,,,,,,,
NUM_GEN,50,50,75,int,Number of generations - reduced to prevent overfitting,,,,,,,,,,,,,,,,,,,,,,,,,,,,,,,,,,,,,,,,,,,,,,,,,,,,,,,,,,,,,,,,,,,,,,,,,,,,,,,,,,,,,,,,,,,,,,,,,,,,,,,,,,,,,,,,,,,,,,,,,,,,,,,,,,,,,,,,,,,,,,,,,,,,,,,,,,,,,,,,,,,,,,,,,,,,,,,,,,,,,,,,,,,,,,,,,,,,,,,,,,,,,,,,,,,,,,,,,,,,,,,,,,,,,,,,,,,,,,,,,,,,,,,,,,,,,,,,,,,,,,,,,,,,,,,,,,,,,,,,,,,,,,,,,,,,,,,,,,,,,,,,,,,,,,,,,,,,,,,,,,,,,,,,,,,,,,,,,,,,,,,,,,,,,,,,,,,,,,,,,,,,,,,,,,,,,,,,,,,,,,,,,,,,,,,,,,,,,,,,,,,,,,,,,,,,,,,,,,,,,,,,,,,,,,,,,,,,,,,,,,,,,,,,,,,,,,,,,,,,,,,,,,,,,,,,,,,,,,,,,,,,,,,,,,,,,,,,,,,,,,,,,,,,,,,,,,,,,,,,,,,,,,,,,,,,,,,,,,,,,,,,,,,,,,,,,,,,,,,,,,,,,,,,,,,,,,,,,,,,,,,,,,,,,,,,,,,,,,,,,,,,,,,,,,,,,,,,,,,,,,,,,,,,,,,,,,,,,,,,,,,,,,,,,,,,,,,,,,,,,,,,,,,,,,,,,,,,,,,,,,,,,,,,,,,,,,,,,,,,,,,,,,,,,,,,,,,,,,,,,,,,,,,,,,,,,,,,,,,,,,,,,,,,,,,,,,,,,,,,,,,,,,,,,,,,,,,,,,,,,,,,,,,,,,,,,,,,,,,,,,,,,,,,,,,,,,,,,,,,,,,,,,,,,,,,,,,,,,,,,,,,,,,,,,,,,,,,,,,,,,,,,,,,,,,,,,,,,,,,,,,,,,,,,,,,,,,,,,,,,,,,,,,,,,,,,,,,,,,,,,,,,,,,,,,,,
CX_PB,0.7,0.5,0.9,float,Crossover probability,,,,,,,,,,,,,,,,,,,,,,,,,,,,,,,,,,,,,,,,,,,,,,,,,,,,,,,,,,,,,,,,,,,,,,,,,,,,,,,,,,,,,,,,,,,,,,,,,,,,,,,,,,,,,,,,,,,,,,,,,,,,,,,,,,,,,,,,,,,,,,,,,,,,,,,,,,,,,,,,,,,,,,,,,,,,,,,,,,,,,,,,,,,,,,,,,,,,,,,,,,,,,,,,,,,,,,,,,,,,,,,,,,,,,,,,,,,,,,,,,,,,,,,,,,,,,,,,,,,,,,,,,,,,,,,,,,,,,,,,,,,,,,,,,,,,,,,,,,,,,,,,,,,,,,,,,,,,,,,,,,,,,,,,,,,,,,,,,,,,,,,,,,,,,,,,,,,,,,,,,,,,,,,,,,,,,,,,,,,,,,,,,,,,,,,,,,,,,,,,,,,,,,,,,,,,,,,,,,,,,,,,,,,,,,,,,,,,,,,,,,,,,,,,,,,,,,,,,,,,,,,,,,,,,,,,,,,,,,,,,,,,,,,,,,,,,,,,,,,,,,,,,,,,,,,,,,,,,,,,,,,,,,,,,,,,,,,,,,,,,,,,,,,,,,,,,,,,,,,,,,,,,,,,,,,,,,,,,,,,,,,,,,,,,,,,,,,,,,,,,,,,,,,,,,,,,,,,,,,,,,,,,,,,,,,,,,,,,,,,,,,,,,,,,,,,,,,,,,,,,,,,,,,,,,,,,,,,,,,,,,,,,,,,,,,,,,,,,,,,,,,,,,,,,,,,,,,,,,,,,,,,,,,,,,,,,,,,,,,,,,,,,,,,,,,,,,,,,,,,,,,,,,,,,,,,,,,,,,,,,,,,,,,,,,,,,,,,,,,,,,,,,,,,,,,,,,,,,,,,,,,,,,,,,,,,,,,,,,,,,,,,,,,,,,,,,,,,,,,,,,,,,,,,,,,,,,,,,,,,,,,,,,,,,,,,,,,,,,,,,,,,,,,,,,,,,,,,,,,,,,,,,,,,,,,,,
MUT_PB,0.4,0.2,0.5,float,Mutation probability (increased from 0.35 for more exploration),,,,,,,,,,,,,,,,,,,,,,,,,,,,,,,,,,,,,,,,,,,,,,,,,,,,,,,,,,,,,,,,,,,,,,,,,,,,,,,,,,,,,,,,,,,,,,,,,,,,,,,,,,,,,,,,,,,,,,,,,,,,,,,,,,,,,,,,,,,,,,,,,,,,,,,,,,,,,,,,,,,,,,,,,,,,,,,,,,,,,,,,,,,,,,,,,,,,,,,,,,,,,,,,,,,,,,,,,,,,,,,,,,,,,,,,,,,,,,,,,,,,,,,,,,,,,,,,,,,,,,,,,,,,,,,,,,,,,,,,,,,,,,,,,,,,,,,,,,,,,,,,,,,,,,,,,,,,,,,,,,,,,,,,,,,,,,,,,,,,,,,,,,,,,,,,,,,,,,,,,,,,,,,,,,,,,,,,,,,,,,,,,,,,,,,,,,,,,,,,,,,,,,,,,,,,,,,,,,,,,,,,,,,,,,,,,,,,,,,,,,,,,,,,,,,,,,,,,,,,,,,,,,,,,,,,,,,,,,,,,,,,,,,,,,,,,,,,,,,,,,,,,,,,,,,,,,,,,,,,,,,,,,,,,,,,,,,,,,,,,,,,,,,,,,,,,,,,,,,,,,,,,,,,,,,,,,,,,,,,,,,,,,,,,,,,,,,,,,,,,,,,,,,,,,,,,,,,,,,,,,,,,,,,,,,,,,,,,,,,,,,,,,,,,,,,,,,,,,,,,,,,,,,,,,,,,,,,,,,,,,,,,,,,,,,,,,,,,,,,,,,,,,,,,,,,,,,,,,,,,,,,,,,,,,,,,,,,,,,,,,,,,,,,,,,,,,,,,,,,,,,,,,,,,,,,,,,,,,,,,,,,,,,,,,,,,,,,,,,,,,,,,,,,,,,,,,,,,,,,,,,,,,,,,,,,,,,,,,,,,,,,,,,,,,,,,,,,,,,,,,,,,,,,,,,,,,,,,,,,,,,,,,,,,,,,,,,,,,,,,,,,,,,,,,,,,,,,,,,,,,,,,,,,,,,,,
MUT_MU,0.0,-1.0,1.0,float,Mutation mean,,,,,,,,,,,,,,,,,,,,,,,,,,,,,,,,,,,,,,,,,,,,,,,,,,,,,,,,,,,,,,,,,,,,,,,,,,,,,,,,,,,,,,,,,,,,,,,,,,,,,,,,,,,,,,,,,,,,,,,,,,,,,,,,,,,,,,,,,,,,,,,,,,,,,,,,,,,,,,,,,,,,,,,,,,,,,,,,,,,,,,,,,,,,,,,,,,,,,,,,,,,,,,,,,,,,,,,,,,,,,,,,,,,,,,,,,,,,,,,,,,,,,,,,,,,,,,,,,,,,,,,,,,,,,,,,,,,,,,,,,,,,,,,,,,,,,,,,,,,,,,,,,,,,,,,,,,,,,,,,,,,,,,,,,,,,,,,,,,,,,,,,,,,,,,,,,,,,,,,,,,,,,,,,,,,,,,,,,,,,,,,,,,,,,,,,,,,,,,,,,,,,,,,,,,,,,,,,,,,,,,,,,,,,,,,,,,,,,,,,,,,,,,,,,,,,,,,,,,,,,,,,,,,,,,,,,,,,,,,,,,,,,,,,,,,,,,,,,,,,,,,,,,,,,,,,,,,,,,,,,,,,,,,,,,,,,,,,,,,,,,,,,,,,,,,,,,,,,,,,,,,,,,,,,,,,,,,,,,,,,,,,,,,,,,,,,,,,,,,,,,,,,,,,,,,,,,,,,,,,,,,,,,,,,,,,,,,,,,,,,,,,,,,,,,,,,,,,,,,,,,,,,,,,,,,,,,,,,,,,,,,,,,,,,,,,,,,,,,,,,,,,,,,,,,,,,,,,,,,,,,,,,,,,,,,,,,,,,,,,,,,,,,,,,,,,,,,,,,,,,,,,,,,,,,,,,,,,,,,,,,,,,,,,,,,,,,,,,,,,,,,,,,,,,,,,,,,,,,,,,,,,,,,,,,,,,,,,,,,,,,,,,,,,,,,,,,,,,,,,,,,,,,,,,,,,,,,,,,,,,,,,,,,,,,,,,,,,,,,,,,,,,,,,,,,,,,,,,,,,,,,,,,,,,,,,,
MUT_SIGMA,0.25,0.1,0.4,float,Mutation std dev,,,,,,,,,,,,,,,,,,,,,,,,,,,,,,,,,,,,,,,,,,,,,,,,,,,,,,,,,,,,,,,,,,,,,,,,,,,,,,,,,,,,,,,,,,,,,,,,,,,,,,,,,,,,,,,,,,,,,,,,,,,,,,,,,,,,,,,,,,,,,,,,,,,,,,,,,,,,,,,,,,,,,,,,,,,,,,,,,,,,,,,,,,,,,,,,,,,,,,,,,,,,,,,,,,,,,,,,,,,,,,,,,,,,,,,,,,,,,,,,,,,,,,,,,,,,,,,,,,,,,,,,,,,,,,,,,,,,,,,,,,,,,,,,,,,,,,,,,,,,,,,,,,,,,,,,,,,,,,,,,,,,,,,,,,,,,,,,,,,,,,,,,,,,,,,,,,,,,,,,,,,,,,,,,,,,,,,,,,,,,,,,,,,,,,,,,,,,,,,,,,,,,,,,,,,,,,,,,,,,,,,,,,,,,,,,,,,,,,,,,,,,,,,,,,,,,,,,,,,,,,,,,,,,,,,,,,,,,,,,,,,,,,,,,,,,,,,,,,,,,,,,,,,,,,,,,,,,,,,,,,,,,,,,,,,,,,,,,,,,,,,,,,,,,,,,,,,,,,,,,,,,,,,,,,,,,,,,,,,,,,,,,,,,,,,,,,,,,,,,,,,,,,,,,,,,,,,,,,,,,,,,,,,,,,,,,,,,,,,,,,,,,,,,,,,,,,,,,,,,,,,,,,,,,,,,,,,,,,,,,,,,,,,,,,,,,,,,,,,,,,,,,,,,,,,,,,,,,,,,,,,,,,,,,,,,,,,,,,,,,,,,,,,,,,,,,,,,,,,,,,,,,,,,,,,,,,,,,,,,,,,,,,,,,,,,,,,,,,,,,,,,,,,,,,,,,,,,,,,,,,,,,,,,,,,,,,,,,,,,,,,,,,,,,,,,,,,,,,,,,,,,,,,,,,,,,,,,,,,,,,,,,,,,,,,,,,,,,,,,,,,,,,,,,,,,,,,,,,,,,,,,,,,,,,,,,
TARGET_TRADES_DAY,3,1,4,int,Ideal trades/day - reduced to be more realistic,,,,,,,,,,,,,,,,,,,,,,,,,,,,,,,,,,,,,,,,,,,,,,,,,,,,,,,,,,,,,,,,,,,,,,,,,,,,,,,,,,,,,,,,,,,,,,,,,,,,,,,,,,,,,,,,,,,,,,,,,,,,,,,,,,,,,,,,,,,,,,,,,,,,,,,,,,,,,,,,,,,,,,,,,,,,,,,,,,,,,,,,,,,,,,,,,,,,,,,,,,,,,,,,,,,,,,,,,,,,,,,,,,,,,,,,,,,,,,,,,,,,,,,,,,,,,,,,,,,,,,,,,,,,,,,,,,,,,,,,,,,,,,,,,,,,,,,,,,,,,,,,,,,,,,,,,,,,,,,,,,,,,,,,,,,,,,,,,,,,,,,,,,,,,,,,,,,,,,,,,,,,,,,,,,,,,,,,,,,,,,,,,,,,,,,,,,,,,,,,,,,,,,,,,,,,,,,,,,,,,,,,,,,,,,,,,,,,,,,,,,,,,,,,,,,,,,,,,,,,,,,,,,,,,,,,,,,,,,,,,,,,,,,,,,,,,,,,,,,,,,,,,,,,,,,,,,,,,,,,,,,,,,,,,,,,,,,,,,,,,,,,,,,,,,,,,,,,,,,,,,,,,,,,,,,,,,,,,,,,,,,,,,,,,,,,,,,,,,,,,,,,,,,,,,,,,,,,,,,,,,,,,,,,,,,,,,,,,,,,,,,,,,,,,,,,,,,,,,,,,,,,,,,,,,,,,,,,,,,,,,,,,,,,,,,,,,,,,,,,,,,,,,,,,,,,,,,,,,,,,,,,,,,,,,,,,,,,,,,,,,,,,,,,,,,,,,,,,,,,,,,,,,,,,,,,,,,,,,,,,,,,,,,,,,,,,,,,,,,,,,,,,,,,,,,,,,,,,,,,,,,,,,,,,,,,,,,,,,,,,,,,,,,,,,,,,,,,,,,,,,,,,,,,,,,,,,,,,,,,,,,,,,,,,,,,,,,,,,,,,,,,,,,,,,,,,,,,,,,,,,,,,,,,,,,,,
TRADES_PENALTY_WEIGHT,0.3,0.1,0.8,float,Penalty for excess trades - reduced to be less restrictive,,,,,,,,,,,,,,,,,,,,,,,,,,,,,,,,,,,,,,,,,,,,,,,,,,,,,,,,,,,,,,,,,,,,,,,,,,,,,,,,,,,,,,,,,,,,,,,,,,,,,,,,,,,,,,,,,,,,,,,,,,,,,,,,,,,,,,,,,,,,,,,,,,,,,,,,,,,,,,,,,,,,,,,,,,,,,,,,,,,,,,,,,,,,,,,,,,,,,,,,,,,,,,,,,,,,,,,,,,,,,,,,,,,,,,,,,,,,,,,,,,,,,,,,,,,,,,,,,,,,,,,,,,,,,,,,,,,,,,,,,,,,,,,,,,,,,,,,,,,,,,,,,,,,,,,,,,,,,,,,,,,,,,,,,,,,,,,,,,,,,,,,,,,,,,,,,,,,,,,,,,,,,,,,,,,,,,,,,,,,,,,,,,,,,,,,,,,,,,,,,,,,,,,,,,,,,,,,,,,,,,,,,,,,,,,,,,,,,,,,,,,,,,,,,,,,,,,,,,,,,,,,,,,,,,,,,,,,,,,,,,,,,,,,,,,,,,,,,,,,,,,,,,,,,,,,,,,,,,,,,,,,,,,,,,,,,,,,,,,,,,,,,,,,,,,,,,,,,,,,,,,,,,,,,,,,,,,,,,,,,,,,,,,,,,,,,,,,,,,,,,,,,,,,,,,,,,,,,,,,,,,,,,,,,,,,,,,,,,,,,,,,,,,,,,,,,,,,,,,,,,,,,,,,,,,,,,,,,,,,,,,,,,,,,,,,,,,,,,,,,,,,,,,,,,,,,,,,,,,,,,,,,,,,,,,,,,,,,,,,,,,,,,,,,,,,,,,,,,,,,,,,,,,,,,,,,,,,,,,,,,,,,,,,,,,,,,,,,,,,,,,,,,,,,,,,,,,,,,,,,,,,,,,,,,,,,,,,,,,,,,,,,,,,,,,,,,,,,,,,,,,,,,,,,,,,,,,,,,,,,,,,,,,,,,,,,,,,,,,,,,,,,,,,,,,,,,,,,,,,,,,,,,,,,,,,,
DD_WEIGHT,0.5,0.2,0.8,float,Drawdown penalty weight - increased to prioritize risk management,,,,,,,,,,,,,,,,,,,,,,,,,,,,,,,,,,,,,,,,,,,,,,,,,,,,,,,,,,,,,,,,,,,,,,,,,,,,,,,,,,,,,,,,,,,,,,,,,,,,,,,,,,,,,,,,,,,,,,,,,,,,,,,,,,,,,,,,,,,,,,,,,,,,,,,,,,,,,,,,,,,,,,,,,,,,,,,,,,,,,,,,,,,,,,,,,,,,,,,,,,,,,,,,,,,,,,,,,,,,,,,,,,,,,,,,,,,,,,,,,,,,,,,,,,,,,,,,,,,,,,,,,,,,,,,,,,,,,,,,,,,,,,,,,,,,,,,,,,,,,,,,,,,,,,,,,,,,,,,,,,,,,,,,,,,,,,,,,,,,,,,,,,,,,,,,,,,,,,,,,,,,,,,,,,,,,,,,,,,,,,,,,,,,,,,,,,,,,,,,,,,,,,,,,,,,,,,,,,,,,,,,,,,,,,,,,,,,,,,,,,,,,,,,,,,,,,,,,,,,,,,,,,,,,,,,,,,,,,,,,,,,,,,,,,,,,,,,,,,,,,,,,,,,,,,,,,,,,,,,,,,,,,,,,,,,,,,,,,,,,,,,,,,,,,,,,,,,,,,,,,,,,,,,,,,,,,,,,,,,,,,,,,,,,,,,,,,,,,,,,,,,,,,,,,,,,,,,,,,,,,,,,,,,,,,,,,,,,,,,,,,,,,,,,,,,,,,,,,,,,,,,,,,,,,,,,,,,,,,,,,,,,,,,,,,,,,,,,,,,,,,,,,,,,,,,,,,,,,,,,,,,,,,,,,,,,,,,,,,,,,,,,,,,,,,,,,,,,,,,,,,,,,,,,,,,,,,,,,,,,,,,,,,,,,,,,,,,,,,,,,,,,,,,,,,,,,,,,,,,,,,,,,,,,,,,,,,,,,,,,,,,,,,,,,,,,,,,,,,,,,,,,,,,,,,,,,,,,,,,,,,,,,,,,,,,,,,,,,,,,,,,,,,,,,,,,,,,,,,,,,,,,,,,,,,,,
DATA_SPLITS,0.65,0.60,0.70,float,In-sample fraction per period - 60-70% for better generalization (30-40% OOS),,,,,,,,,,,,,,,,,,,,,,,,,,,,,,,,,,,,,,,,,,,,,,,,,,,,,,,,,,,,,,,,,,,,,,,,,,,,,,,,,,,,,,,,,,,,,,,,,,,,,,,,,,,,,,,,,,,,,,,,,,,,,,,,,,,,,,,,,,,,,,,,,,,,,,,,,,,,,,,,,,,,,,,,,,,,,,,,,,,,,,,,,,,,,,,,,,,,,,,,,,,,,,,,,,,,,,,,,,,,,,,,,,,,,,,,,,,,,,,,,,,,,,,,,,,,,,,,,,,,,,,,,,,,,,,,,,,,,,,,,,,,,,,,,,,,,,,,,,,,,,,,,,,,,,,,,,,,,,,,,,,,,,,,,,,,,,,,,,,,,,,,,,,,,,,,,,,,,,,,,,,,,,,,,,,,,,,,,,,,,,,,,,,,,,,,,,,,,,,,,,,,,,,,,,,,,,,,,,,,,,,,,,,,,,,,,,,,,,,,,,,,,,,,,,,,,,,,,,,,,,,,,,,,,,,,,,,,,,,,,,,,,,,,,,,,,,,,,,,,,,,,,,,,,,,,,,,,,,,,,,,,,,,,,,,,,,,,,,,,,,,,,,,,,,,,,,,,,,,,,,,,,,,,,,,,,,,,,,,,,,,,,,,,,,,,,,,,,,,,,,,,,,,,,,,,,,,,,,,,,,,,,,,,,,,,,,,,,,,,,,,,,,,,,,,,,,,,,,,,,,,,,,,,,,,,,,,,,,,,,,,,,,,,,,,,,,,,,,,,,,,,,,,,,,,,,,,,,,,,,,,,,,,,,,,,,,,,,,,,,,,,,,,,,,,,,,,,,,,,,,,,,,,,,,,,,,,,,,,,,,,,,,,,,,,,,,,,,,,,,,,,,,,,,,,,,,,,,,,,,,,,,,,,,,,,,,,,,,,,,,,,,,,,,,,,,,,,,,,,,,,,,,,,,,,,,,,,,,,,,,,,,,,,,,,,,,,,,,,,,,,,,,,,,,,,,,,,,,,,,,,,,,,,,,,,,
DATA_SIZE,0,0,10000000,int,Rows to subsample (0 = full dataset),,,,,,,,,,,,,,,,,,,,,,,,,,,,,,,,,,,,,,,,,,,,,,,,,,,,,,,,,,,,,,,,,,,,,,,,,,,,,,,,,,,,,,,,,,,,,,,,,,,,,,,,,,,,,,,,,,,,,,,,,,,,,,,,,,,,,,,,,,,,,,,,,,,,,,,,,,,,,,,,,,,,,,,,,,,,,,,,,,,,,,,,,,,,,,,,,,,,,,,,,,,,,,,,,,,,,,,,,,,,,,,,,,,,,,,,,,,,,,,,,,,,,,,,,,,,,,,,,,,,,,,,,,,,,,,,,,,,,,,,,,,,,,,,,,,,,,,,,,,,,,,,,,,,,,,,,,,,,,,,,,,,,,,,,,,,,,,,,,,,,,,,,,,,,,,,,,,,,,,,,,,,,,,,,,,,,,,,,,,,,,,,,,,,,,,,,,,,,,,,,,,,,,,,,,,,,,,,,,,,,,,,,,,,,,,,,,,,,,,,,,,,,,,,,,,,,,,,,,,,,,,,,,,,,,,,,,,,,,,,,,,,,,,,,,,,,,,,,,,,,,,,,,,,,,,,,,,,,,,,,,,,,,,,,,,,,,,,,,,,,,,,,,,,,,,,,,,,,,,,,,,,,,,,,,,,,,,,,,,,,,,,,,,,,,,,,,,,,,,,,,,,,,,,,,,,,,,,,,,,,,,,,,,,,,,,,,,,,,,,,,,,,,,,,,,,,,,,,,,,,,,,,,,,,,,,,,,,,,,,,,,,,,,,,,,,,,,,,,,,,,,,,,,,,,,,,,,,,,,,,,,,,,,,,,,,,,,,,,,,,,,,,,,,,,,,,,,,,,,,,,,,,,,,,,,,,,,,,,,,,,,,,,,,,,,,,,,,,,,,,,,,,,,,,,,,,,,,,,,,,,,,,,,,,,,,,,,,,,,,,,,,,,,,,,,,,,,,,,,,,,,,,,,,,,,,,,,,,,,,,,,,,,,,,,,,,,,,,,,,,,,,,,,,,,,,,,,,,,,,,,,,,,,,,,,,,
USE_INTERLEAVED_SPLIT,true,false,true,bool,Use interleaved IS/OOS periods instead of single split,,,,,,,,,,,,,,,,,,,,,,,,,,,,,,,,,,,,,,,,,,,,,,,,,,,,,,,,,,,,,,,,,,,,,,,,,,,,,,,,,,,,,,,,,,,,,,,,,,,,,,,,,,,,,,,,,,,,,,,,,,,,,,,,,,,,,,,,,,,,,,,,,,,,,,,,,,,,,,,,,,,,,,,,,,,,,,,,,,,,,,,,,,,,,,,,,,,,,,,,,,,,,,,,,,,,,,,,,,,,,,,,,,,,,,,,,,,,,,,,,,,,,,,,,,,,,,,,,,,,,,,,,,,,,,,,,,,,,,,,,,,,,,,,,,,,,,,,,,,,,,,,,,,,,,,,,,,,,,,,,,,,,,,,,,,,,,,,,,,,,,,,,,,,,,,,,,,,,,,,,,,,,,,,,,,,,,,,,,,,,,,,,,,,,,,,,,,,,,,,,,,,,,,,,,,,,,,,,,,,,,,,,,,,,,,,,,,,,,,,,,,,,,,,,,,,,,,,,,,,,,,,,,,,,,,,,,,,,,,,,,,,,,,,,,,,,,,,,,,,,,,,,,,,,,,,,,,,,,,,,,,,,,,,,,,,,,,,,,,,,,,,,,,,,,,,,,,,,,,,,,,,,,,,,,,,,,,,,,,,,,,,,,,,,,,,,,,,,,,,,,,,,,,,,,,,,,,,,,,,,,,,,,,,,,,,,,,,,,,,,,,,,,,,,,,,,,,,,,,,,,,,,,,,,,,,,,,,,,,,,,,,,,,,,,,,,,,,,,,,,,,,,,,,,,,,,,,,,,,,,,,,,,,,,,,,,,,,,,,,,,,,,,,,,,,,,,,,,,,,,,,,,,,,,,,,,,,,,,,,,,,,,,,,,,,,,,,,,,,,,,,,,,,,,,,,,,,,,,,,,,,,,,,,,,,,,,,,,,,,,,,,,,,,,,,,,,,,,,,,,,,,,,,,,,,,,,,,,,,,,,,,,,,,,,,,,,,,,,,,,,,,,,,,,,,,,,,,,,,,,,,,,,,,,,,,,
NUM_SPLIT_PERIODS,5,3,7,int,Number of alternating periods (IS-OOS-IS-OOS-IS) - odd number recommended,,,,,,,,,,,,,,,,,,,,,,,,,,,,,,,,,,,,,,,,,,,,,,,,,,,,,,,,,,,,,,,,,,,,,,,,,,,,,,,,,,,,,,,,,,,,,,,,,,,,,,,,,,,,,,,,,,,,,,,,,,,,,,,,,,,,,,,,,,,,,,,,,,,,,,,,,,,,,,,,,,,,,,,,,,,,,,,,,,,,,,,,,,,,,,,,,,,,,,,,,,,,,,,,,,,,,,,,,,,,,,,,,,,,,,,,,,,,,,,,,,,,,,,,,,,,,,,,,,,,,,,,,,,,,,,,,,,,,,,,,,,,,,,,,,,,,,,,,,,,,,,,,,,,,,,,,,,,,,,,,,,,,,,,,,,,,,,,,,,,,,,,,,,,,,,,,,,,,,,,,,,,,,,,,,,,,,,,,,,,,,,,,,,,,,,,,,,,,,,,,,,,,,,,,,,,,,,,,,,,,,,,,,,,,,,,,,,,,,,,,,,,,,,,,,,,,,,,,,,,,,,,,,,,,,,,,,,,,,,,,,,,,,,,,,,,,,,,,,,,,,,,,,,,,,,,,,,,,,,,,,,,,,,,,,,,,,,,,,,,,,,,,,,,,,,,,,,,,,,,,,,,,,,,,,,,,,,,,,,,,,,,,,,,,,,,,,,,,,,,,,,,,,,,,,,,,,,,,,,,,,,,,,,,,,,,,,,,,,,,,,,,,,,,,,,,,,,,,,,,,,,,,,,,,,,,,,,,,,,,,,,,,,,,,,,,,,,,,,,,,,,,,,,,,,,,,,,,,,,,,,,,,,,,,,,,,,,,,,,,,,,,,,,,,,,,,,,,,,,,,,,,,,,,,,,,,,,,,,,,,,,,,,,,,,,,,,,,,,,,,,,,,,,,,,,,,,,,,,,,,,,,,,,,,,,,,,,,,,,,,,,,,,,,,,,,,,,,,,,,,,,,,,,,,,,,,,,,,,,,,,,,,,,,,,,,,,,,,,,,,,,,,,,,,,,,,,,,,,,,,,,,,,,,,,,,,
MIN_TRADES_DAY,1,0.5,2.0,float,MUST have at least 0.3 trades/day - further relaxed due to interleaved split reducing effective trading days,,,,,,,,,,,,,,,,,,,,,,,,,,,,,,,,,,,,,,,,,,,,,,,,,,,,,,,,,,,,,,,,,,,,,,,,,,,,,,,,,,,,,,,,,,,,,,,,,,,,,,,,,,,,,,,,,,,,,,,,,,,,,,,,,,,,,,,,,,,,,,,,,,,,,,,,,,,,,,,,,,,,,,,,,,,,,,,,,,,,,,,,,,,,,,,,,,,,,,,,,,,,,,,,,,,,,,,,,,,,,,,,,,,,,,,,,,,,,,,,,,,,,,,,,,,,,,,,,,,,,,,,,,,,,,,,,,,,,,,,,,,,,,,,,,,,,,,,,,,,,,,,,,,,,,,,,,,,,,,,,,,,,,,,,,,,,,,,,,,,,,,,,,,,,,,,,,,,,,,,,,,,,,,,,,,,,,,,,,,,,,,,,,,,,,,,,,,,,,,,,,,,,,,,,,,,,,,,,,,,,,,,,,,,,,,,,,,,,,,,,,,,,,,,,,,,,,,,,,,,,,,,,,,,,,,,,,,,,,,,,,,,,,,,,,,,,,,,,,,,,,,,,,,,,,,,,,,,,,,,,,,,,,,,,,,,,,,,,,,,,,,,,,,,,,,,,,,,,,,,,,,,,,,,,,,,,,,,,,,,,,,,,,,,,,,,,,,,,,,,,,,,,,,,,,,,,,,,,,,,,,,,,,,,,,,,,,,,,,,,,,,,,,,,,,,,,,,,,,,,,,,,,,,,,,,,,,,,,,,,,,,,,,,,,,,,,,,,,,,,,,,,,,,,,,,,,,,,,,,,,,,,,,,,,,,,,,,,,,,,,,,,,,,,,,,,,,,,,,,,,,,,,,,,,,,,,,,,,,,,,,,,,,,,,,,,,,,,,,,,,,,,,,,,,,,,,,,,,,,,,,,,,,,,,,,,,,,,,,,,,,,,,,,,,,,,,,,,,,,,,,,,,,,,,,,,,,,,,,,,,,,,,,,,,,,,,,,,,,,,,,,,,,,,,,,,,,,,,,,,,,,,,,,,,,,,,
MIN_TRADES_PEN_WEIGHT,-100.0,-200.0,-50.0,float,Scalar penalty — zero trades = -100,,,,,,,,,,,,,,,,,,,,,,,,,,,,,,,,,,,,,,,,,,,,,,,,,,,,,,,,,,,,,,,,,,,,,,,,,,,,,,,,,,,,,,,,,,,,,,,,,,,,,,,,,,,,,,,,,,,,,,,,,,,,,,,,,,,,,,,,,,,,,,,,,,,,,,,,,,,,,,,,,,,,,,,,,,,,,,,,,,,,,,,,,,,,,,,,,,,,,,,,,,,,,,,,,,,,,,,,,,,,,,,,,,,,,,,,,,,,,,,,,,,,,,,,,,,,,,,,,,,,,,,,,,,,,,,,,,,,,,,,,,,,,,,,,,,,,,,,,,,,,,,,,,,,,,,,,,,,,,,,,,,,,,,,,,,,,,,,,,,,,,,,,,,,,,,,,,,,,,,,,,,,,,,,,,,,,,,,,,,,,,,,,,,,,,,,,,,,,,,,,,,,,,,,,,,,,,,,,,,,,,,,,,,,,,,,,,,,,,,,,,,,,,,,,,,,,,,,,,,,,,,,,,,,,,,,,,,,,,,,,,,,,,,,,,,,,,,,,,,,,,,,,,,,,,,,,,,,,,,,,,,,,,,,,,,,,,,,,,,,,,,,,,,,,,,,,,,,,,,,,,,,,,,,,,,,,,,,,,,,,,,,,,,,,,,,,,,,,,,,,,,,,,,,,,,,,,,,,,,,,,,,,,,,,,,,,,,,,,,,,,,,,,,,,,,,,,,,,,,,,,,,,,,,,,,,,,,,,,,,,,,,,,,,,,,,,,,,,,,,,,,,,,,,,,,,,,,,,,,,,,,,,,,,,,,,,,,,,,,,,,,,,,,,,,,,,,,,,,,,,,,,,,,,,,,,,,,,,,,,,,,,,,,,,,,,,,,,,,,,,,,,,,,,,,,,,,,,,,,,,,,,,,,,,,,,,,,,,,,,,,,,,,,,,,,,,,,,,,,,,,,,,,,,,,,,,,,,,,,,,,,,,,,,,,,,,,,,,,,,,,,,,,,,,,,,,,,,,,,,,,,,,,,,,,,,,
NORM_SORTINO_MAX,10.0,5.0,20.0,float,Normalization range for Sortino Ratio (used in fitness calculation),11.9284,20.0,12.3942,10.988,8.8654,12.2263,12.3807,8.6022,13.6862,13.6862,13.6862,13.6862,7.772,13.5754,11.3917,11.846,13.7348,9.4791,9.4723,6.4583,11.5544,11.5544,12.0588,10.3534,13.7137,11.5544,9.3057,9.386,14.1364,14.1364,11.5544,9.8493,10.2774,11.1421,14.2803,6.8936,14.2803,8.664,8.664,8.3266,15.3858,15.4495,13.7831,11.8465,8.0515,11.8465,8.0515,8.7198,13.0962,13.031,12.4694,13.1724,12.5303,12.5769,11.9325,13.0362,7.7734,13.1724,13.0962,13.5754,9.386,9.386,12.1489,13.5009,5.0,13.9105,13.2547,14.0247,13.8894,7.4565,5.0,12.2958,12.1666,10.8631,11.9013,11.7169,12.9113,10.2808,9.181,11.8822,14.0611,12.7848,8.664,9.3224,11.6051,12.2889,15.7681,11.8047,11.8514,11.9684,11.9684,9.386,11.5664,12.9842,12.898,11.9684,15.9845,10.034,11.5979,9.1663,10.4799,8.0947,7.8628,11.5979,12.898,12.7574,20.0,11.7843,11.7843,11.7843,11.7843,7.7799,11.5992,12.5172,8.2551,7.8861,10.4489,14.8886,8.0947,18.3494,12.3532,20.0,11.4147,14.8075,14.8075,12.6632,12.3046,12.2756,11.9922,12.835,11.7843,11.6325,11.737,11.4649,11.6173,15.9013,11.9125,11.9125,12.6045,10.931,13.2705,7.7363,14.5593,16.1049,16.1049,11.5238,5.5067,12.8952,5.0,5.0,12.468,12.9384,11.8934,13.3292,12.0311,14.2479,8.236,13.9863,13.2146,11.4466,12.2448,8.1499,13.7451,5.4486,8.0207,19.5353,12.9508,15.4546,7.4446,11.2871,13.4327,11.3416,7.1298,7.861,7.861,13.0492,9.2005,12.2371,10.373,9.283,9.283,13.2831,9.6242,9.283,18.6366,14.8263,14.8263,6.753,11.8822,5.0,10.3327,13.1893,14.2479,18.805,12.7259,10.4489,13.074,15.1921,12.2816,10.7212,9.386,12.7404,9.4888,12.7404,12.1319,7.8659,12.1557,12.3885,11.1416,9.7258,12.7275,13.207,13.207,12.2329,6.6773,9.2402,10.9099,12.4262,13.0605,14.3865,12.6067,11.7986,12.0023,12.4777,7.4442,20.0,11.4235,11.8716,12.1259,13.2128,11.8874,14.1755,9.0506,9.2312,6.2503,7.0143,9.5845,7.2879,7.3889,14.6451,14.2216,11.9838,11.7759,11.9838,13.506,6.2503,6.2503,14.1564,12.647,9.9884,9.9884,12.5691,9.805,16.7499,10.5273,11.4798,12.8101,10.2023,9.9884,12.5056,6.8622,14.408,9.9884,9.7796,14.1713,10.2314,13.4014,5.0,13.4014,12.2602,14.2623,13.2604,11.0517,13.7891,8.2146,9.0569,6.3894,12.4074,13.6015,10.9089,9.853,6.4583,10.9089,10.9089,8.5561,12.1677,11.3667,11.7876,11.7876,7.6706,11.587,11.8958,10.7651,9.8784,12.1331,12.1677,13.9087,13.295,16.7347,8.0159,11.7856,11.857,11.7709,11.7709,10.7471,13.4083,10.7624,10.7897,12.3513,12.8386,14.0925,11.857,12.6034,13.3205,7.743,12.023,12.1666,14.0272,12.9786,12.3462,12.603,10.3276,5.0,14.752,14.752,18.4463,11.9146,5.0,12.352,12.4175,9.9703,13.163,10.9946,9.8978,9.8978,6.7692,13.1589,13.226,12.3968,17.2106,11.0014,10.231,12.2631,6.5209,13.3205,13.5703,5.0,13.6798,12.2631,11.4021,11.023,11.192,10.3357,12.2321,13.8715,12.5354,12.5354,13.3915,12.3491,12.2631,9.8458,10.3742,14.0661,13.8903,9.8978,11.5128,9.1601,9.0853,9.6085,5.0,10.9251,11.9932,10.5997,16.3952,16.3952,10.4914,13.7672,13.5594,9.6818,13.7988,9.7295,9.4075,8.7627,10.5997,10.5997,10.5997,9.4075,12.3557,18.5243,11.7055,11.0357,10.5997,9.2392,7.6371,9.4075,11.4221,18.889,10.8191,15.6109,15.3854,13.5703,12.5004,5.1382,12.1168,5.0,12.097,11.2256,12.0681,9.9884,11.0545,11.0357,13.5832,5.1128,13.1297,16.6511,10.914,16.1405,8.0411,10.0206,7.5569,7.7843,14.6883,10.016,17.6916,18.4574,14.4447,7.843,8.9781,9.5647,13.3811,13.7294,11.4977,9.0129,11.0584,16.1449,5.0,11.1431,5.0,14.7524,14.1994,13.4905,8.873,5.7819,5.7819,5.0,8.939,16.0376,5.0,5.0,7.7664,9.59,13.2227,10.2041,10.3224,9.1116,14.6332,14.1169,15.19,14.7124,10.3906,14.0977,9.3338,9.3338,9.3798,9.426,10.0116,10.9398,11.5653,8.7543,11.8111,9.1367,9.0031,11.0987,9.1321,8.8899,8.8899,8.8899,8.8899,8.8899,7.3208,8.8899,9.992,8.7271,15.3381,8.8782,8.8782,8.8534,17.6302,17.2802,17.2802,10.7405,10.7899,5.0,8.5604,5.0,15.1497,12.9903,12.9313,5.6602,20.0,5.0,10.8623,13.6886,15.8908,5.0,11.926,10.0983,11.4832,7.7715,11.3765,13.0284,13.2471,12.5004,12.5004,11.3212,9.6517,12.5004,13.2008,12.1731,10.2896,12.4838,11.8668,12.5788,9.3338,8.3754,14.1572,10.7095,15.7121,10.7095,7.4002,10.4971,10.9542,10.611,14.6459,18.4563,7.6454,7.4002,9.5871,7.4002,8.4009,7.8531,16.2776,7.3288,14.7483,12.4896,9.2868,13.0497,12.46,9.2775,8.8289,11.7504,10.4582,8.5716,9.2505,11.9173,8.7419,8.7419,8.7419,8.5917,14.1996,7.7087,12.627,5.3753,12.3342,6.9661,7.3238,13.6397,10.6121,13.9913,10.874,10.7371,12.2782,15.9241,12.2167,8.7391,10.1486,14.2642,5.0,12.9352,10.574,14.0995,5.1065,5.4615,10.7371,10.8274,7.2834,13.4543,13.0548,13.1258,10.3262,13.8084,10.2827,15.6022,11.0438,11.8184,10.1554,11.7374,12.1279,6.5791,10.5962,15.6113,6.5961,10.8274,19.2328,9.6472,9.4245,13.1188,11.4986,10.3262,8.2835,9.6171,9.8934,15.6087,10.6121,12.9491,9.3835,7.8832,9.4694,8.574,10.6079,10.5771,10.8274,9.1015,9.6567,6.5791,12.962,7.6299,10.927,9.618,9.845,16.0787,8.7581,7.0648,17.9018,13.4516,11.4986,12.4726,11.6728,13.7133,10.0812,11.1894,10.927,9.9497,10.1208,16.5406,13.6826,11.0438,19.1801,8.6029,15.2283,10.5309,9.3145,10.5175,11.0438,10.8381,8.753,8.5064,10.7054,9.5019,11.7649,9.7952,10.031,9.2444,9.163,16.3076,10.6232,6.8553,6.8553,7.4311,9.5792,16.1478,9.9167,18.2706,8.2678,13.0842,10.4691,5.0,8.9477,11.7649,9.9497,11.433,9.2193,6.449,11.6002,16.6314,12.6017,10.8977,10.6286,8.6358,8.6358,11.7649,9.7576,12.6986,13.0336,5.0,9.5353,10.311,9.4735,11.665,6.8614,8.5767,10.2955,6.4059,14.6723,7.3937,9.2505,9.2505,7.2835,13.0336,9.0037,9.9167,8.6155,16.1325,8.6999,14.7274,9.6159,12.8063,10.8977,14.9646,12.9788,6.97,12.9788,13.4418,8.5603,12.8517,13.2487,8.6155,12.7888,5.0,5.691,8.4934,13.1621,7.8954,13.3664,14.3825,12.2313,10.3529,12.6632,8.2791,13.058,9.9846,13.8095,9.8912,7.8602,11.64,13.3132,9.2523,17.3972,5.0,12.5235,14.2258,5.0,9.4556,8.2801,12.6986,12.2738,7.4077,13.4418,7.835,11.3804,5.42,7.9287,7.9287,7.9287,7.9287,7.7869,5.0,16.6511,14.116,11.9258,16.955,7.9826,9.4432,14.6469,12.6248,10.0972,17.2796,17.2796,9.8337,15.0127,9.2735,8.7308,15.2726,13.1621,10.5968,8.3829,15.4241,12.8518,8.8802,10.0196,11.8351,15.4624,10.1719,14.7274,8.6155,17.2485,17.2485,17.2485,10.9152,8.0466,6.8676,8.5038,14.6942,14.6942,13.0609,12.8756,13.1621,15.2229,11.6651,8.1183,18.1161,10.5839,11.6652,5.0,20.0,8.4163,10.9671,11.4327,8.5495,8.6155,19.9022,16.5199,11.7777,7.2507,5.0,11.1552,11.4428,9.8337,14.362,10.514,8.1431,18.6416,10.3851,12.3998,9.4207,11.6813,10.9671,8.2045,9.8639,10.3851,12.287,15.7461,16.1737,15.7461,8.6667,10.4571,10.6306,9.5388,14.5598,8.2002,15.7461,12.4778,20.0,6.945,8.3167,16.2708,8.4854,15.7035,9.6549,15.7461,13.0563,13.0958,10.0073,7.8626,12.9232,9.2732,13.6002,15.0738,10.5487,13.642,12.1296,13.6002,14.957,5.0,15.7606,7.9956,7.8626,8.4623,7.8626,14.563,16.366,10.2218,15.7461,18.3725,9.6371,15.7263,10.5335,9.5076,16.1054,15.7461,16.0306,9.8288,15.0738,8.5916,10.4386,9.2299,9.5983,8.8944,6.8854,17.7469,17.8925,12.1467,7.8626,15.7461,10.2883,11.7517,8.7154,5.0,11.5928,17.816,18.7581,9.964,9.8211,19.5943,17.5893,18.7581,16.0714,11.4662,9.5388,15.3302,9.8633,15.6852,15.6852,9.8211,11.5098,5.0,5.0,19.6841,20.0,17.3972,15.849,9.1231,16.1011
NORM_DD_MAX,100000.0,50000.0,200000.0,float,Normalization range for Max Drawdown in dollars (used in fitness calculation),93720.9075,113430.5761,60457.6157,114470.5243,152061.2039,50000.0,116579.9128,63831.5434,112607.3785,112607.4082,112607.2426,112607.4082,168680.7413,85687.0187,50710.772,95957.8243,76023.1671,92935.3648,200000.0,121403.4601,75820.1262,75820.5753,78607.0164,70112.9381,70827.9862,75820.5753,97676.2555,97676.2555,99468.8821,99468.8821,75820.1262,98323.1622,90255.8363,94281.9315,62115.0147,50000.0,62115.0147,77943.116,77943.116,77948.1027,84953.6549,84953.5862,129804.2726,81894.7452,77948.0181,81894.7452,77948.0181,77948.0181,99215.5592,63721.3871,95963.5181,70731.29,89472.6125,101524.5028,70285.9772,56761.629,57344.6616,70731.29,99215.5592,85687.0187,97676.2555,97676.2555,66315.6012,85047.5736,103331.2595,97316.5773,93815.7187,61128.2162,129646.3525,97066.6071,98645.9169,90124.5307,92112.2266,62045.3515,89617.9212,89617.9212,100415.401,88012.536,85152.1986,90698.9101,98954.6466,52895.1249,77943.116,107037.7495,66585.4615,50830.3074,81422.3436,110354.8178,99158.0274,89458.4419,89458.4322,97676.7131,75338.6901,70413.1492,89897.2299,89458.4322,65647.9858,68311.5351,89457.8454,76291.7536,65176.7191,200000.0,101590.6378,89457.8095,89897.3338,89458.8234,99025.4862,75332.7531,75332.7531,75333.1186,75332.7531,96106.6566,75333.1186,72374.8258,96106.6441,96106.6441,72660.8557,103215.4202,200000.0,100170.2314,79845.3043,99984.4867,75337.6843,94529.5381,94529.5381,94573.0094,124619.6118,63520.8049,63520.782,104947.3917,75332.7531,75331.7473,113811.3735,75355.1358,81694.4406,89024.9498,75355.1358,75355.1358,85431.0453,62045.3515,100067.0605,118307.4874,62661.8499,90851.0268,90850.9354,75354.8216,111473.3877,95881.4597,118852.7651,118852.8872,80883.1249,98398.3595,75349.8903,105442.321,86421.8228,142335.646,75358.1409,200000.0,107155.8906,177092.1272,62647.2793,96848.0499,58712.9201,111473.696,110560.4605,96958.4452,91712.151,63143.4422,88764.932,65385.7137,104216.779,81623.7085,136320.7142,50000.0,50000.0,117021.9382,80798.5252,97464.7198,136851.0219,100407.7377,100407.3974,146936.669,100407.0231,100407.2599,95427.6435,115674.2901,115674.3681,120416.208,182966.8729,111431.5766,133130.6388,105868.9925,142335.646,88494.3775,79781.5251,72660.8557,96822.9012,64986.6535,75917.719,81675.3965,97676.2555,89897.6657,59078.6444,89897.7603,88958.7632,75266.7678,88500.9101,72673.7252,76276.4714,59078.6444,99487.5329,83957.6064,83957.6328,50000.0,100541.1186,50000.0,100442.4482,62922.3957,127071.2295,91647.4624,89459.6942,82796.3497,92203.6311,81100.7422,97357.2755,112249.1319,107360.1573,73713.5102,83839.7889,54049.9675,78922.264,68188.8466,83982.3029,70735.3836,98749.2496,97378.5272,77407.7421,97378.5272,89023.1996,97816.5166,77326.0339,79537.7214,104627.575,79537.7214,56141.9821,98749.2496,98749.2496,56142.1018,166477.2108,105385.7171,105385.7171,77372.5587,105385.7171,82645.0013,81322.0675,71258.19,50000.0,105385.5049,105385.7171,79168.2683,100398.4916,113197.2193,105385.7171,80889.8849,98262.6943,105385.6588,66296.9937,99384.1221,66296.9937,74966.5582,133694.5595,98001.5867,105684.5019,64611.6201,98062.7208,86357.4699,79279.1777,59773.144,50902.6453,65676.0287,74918.7153,121403.4601,65675.9915,65675.9915,50000.0,90312.1846,90534.8872,103500.5466,103500.5466,65441.0454,110106.8139,76553.86,74182.9142,108091.3271,101910.0361,90312.1846,81331.2117,58483.843,66112.6373,89657.8496,80835.2726,101909.9319,98871.3161,98871.3161,82224.2386,64051.2926,69832.4528,90132.1686,93759.4071,71867.1913,74914.7204,101909.9319,105225.6622,63963.6284,110031.2756,71992.7912,121584.5495,78512.0572,68031.3124,73802.5692,107469.1908,76892.5906,60064.4343,66009.4961,66009.4961,100241.0677,95329.8419,69001.2588,50000.0,50000.0,81948.5018,71462.5817,70221.8907,108455.867,108455.867,74956.8468,105708.2652,86981.3561,94299.4195,60764.0043,50000.0,119184.2271,50000.0,72302.4293,63963.0123,63963.0123,100119.7432,127429.7814,50000.0,87532.0332,71680.6328,193340.4577,108719.7557,73140.6764,109737.6897,84514.1154,84514.1154,63963.0123,88411.5595,50000.0801,102968.8526,88560.8551,85671.2193,124736.1282,108455.7128,102533.3635,116180.701,95307.0058,103246.5241,50206.36,82608.0838,105890.7369,65873.6087,57157.3894,57157.3622,76324.0119,93380.2999,66530.5881,103260.5119,124736.1282,103260.5119,103260.5119,90336.3898,65873.6087,65873.6087,65873.6087,103260.6989,50000.0,112557.3866,76555.3209,71181.016,65873.6087,103078.7839,50000.0,103260.5119,95972.9835,112557.3866,50000.0,71036.0294,96789.9309,63963.0123,64820.2434,154248.4915,68686.0715,69073.413,137768.8435,74850.9299,90905.54,105385.7171,133574.7083,71181.016,64396.3033,130228.9844,92848.1287,70733.6108,196805.1283,103350.3429,63487.7585,109300.0025,66478.4341,104406.9135,112952.6143,85226.3933,53434.4895,90913.4358,162874.0407,68697.8223,86443.1762,57623.1365,75929.775,75929.7565,80132.6288,50000.0,50000.0,86822.3577,50000.0,102277.0786,50000.0,138252.2862,172697.5933,143034.159,69633.746,97791.6411,97791.7509,50000.0,139219.3762,200000.0,50000.0,50000.0,200000.0,71269.3809,138611.6148,94770.7762,81740.7943,81650.6558,123910.5267,123910.5267,130186.7807,130186.7807,83528.5243,159101.8402,50000.0,50000.4033,162582.7443,50000.0,61648.3909,142321.4858,110661.8873,50000.0,50000.0,50000.0,101079.6204,69529.531,50000.0,50000.0792,50000.0,50000.0,50000.0,50000.0,191603.4853,50000.0,51710.7799,101282.3408,127779.7887,50000.0,50000.0,106075.3966,91523.635,91523.9666,91523.9666,50000.0,96667.7447,50000.1029,55415.3627,50000.0,130186.4541,143226.7354,50028.7488,61142.521,112946.1225,50000.0,67349.3404,84598.298,117980.8806,85350.5107,92019.6099,110657.8946,62019.338,63838.2921,96722.5416,133204.951,143226.831,64820.2114,64820.2747,50965.8856,128802.5772,64820.2434,153919.8171,137768.8435,106052.6001,105924.1277,121442.6137,100902.3753,50000.4033,95551.1651,200000.0,67321.9601,81950.9284,67321.9601,81993.163,124740.2568,69681.9118,88658.3118,66302.0062,98474.5212,78418.3128,81993.163,50000.0,81993.163,99527.1139,97935.8548,112649.5276,77133.6328,162814.53,100371.1805,133112.8513,84828.7272,106624.6035,105954.4344,109491.529,105134.4485,83112.3931,96619.1458,199999.744,74728.2008,100057.3996,100057.3996,100057.3996,96994.2862,76755.4349,86965.5954,54887.2439,72413.9245,82437.0961,50000.0,106794.9499,55864.3084,93957.0256,115479.1662,79899.1289,77566.9171,68220.7447,109643.8783,52231.561,100057.2145,96887.1504,134690.1513,50000.0,114582.4887,126316.6967,126575.8294,131058.1527,131058.1527,77566.7871,87989.2242,81092.5796,69321.8262,102643.3841,64711.6771,96943.4817,91273.9203,88455.0503,152902.1176,75053.3267,60153.5881,81843.5788,50000.0,83133.9339,108027.553,72882.8971,112186.0762,61212.325,87989.2351,73544.0828,199343.2997,199343.2997,101097.7531,71940.2215,96943.4817,83390.1273,87199.0069,116450.8872,109643.7618,93957.0825,97028.9401,158706.5988,54611.2343,60757.0847,116408.4027,95019.1604,104232.4084,87989.2351,68852.8308,111838.8397,108027.553,72096.0229,50000.0,72882.8971,98010.6942,67797.8155,146924.538,199999.7336,103865.9617,177598.3805,91842.1603,71940.2215,152191.2834,81977.6529,115515.1007,169034.9591,71570.4684,72882.8971,177864.3163,68416.5225,156481.2391,105962.5952,75053.3267,187706.3848,177527.6562,86296.6751,98393.8852,50000.0,76163.8392,75053.3267,151791.0849,108169.9261,116324.9392,80552.3595,96933.8971,84429.9702,72311.2974,110919.9536,158706.5988,96563.5656,58405.3095,108465.0506,127076.9508,127076.8664,135769.6329,73385.8525,77880.1906,58746.6081,84939.2933,141423.3304,79059.5527,90736.6981,92262.4983,97714.1195,84430.2916,177865.0343,84429.9702,58462.2075,93990.6332,84430.0341,101593.8603,119113.8948,95717.1315,90736.6981,154890.9245,154890.9245,84430.2916,106412.5226,160219.0312,119114.2229,92262.4983,80347.3605,105824.4088,168999.398,83652.368,50000.0,200000.0,100212.3545,137879.5645,73516.541,132165.1423,199999.7856,200000.0,96303.0038,119113.8948,200000.0,58746.418,154890.9231,134446.9487,154890.9232,144183.328,58746.6081,53997.613,95717.1315,179576.0838,160219.2291,101096.0592,160219.2291,160219.2291,170125.5402,160219.2291,160219.2291,154890.9231,113442.6054,76186.7036,97747.2522,144335.3307,112850.7761,97114.0244,160288.6386,157201.0588,83571.0246,75989.1622,116456.6458,84309.457,90958.8105,192582.442,108869.6972,96534.2621,102347.0578,93529.6904,131304.1696,72347.2122,168829.2735,102235.9582,157073.8638,137320.4403,102236.1444,63924.139,166979.7117,160219.2291,75851.8936,65757.7193,160219.2291,166979.7117,123663.0862,109838.946,169311.6232,169311.6232,169311.6232,169311.6497,166979.7117,102236.1444,70733.285,70737.1625,80237.8367,180634.3932,160854.494,108348.273,144183.328,73578.4379,89621.1823,168829.2735,168829.2735,80504.9642,54083.0643,105602.2829,200000.0,117016.7601,112850.7761,64043.7553,127570.5331,146321.5331,122835.038,105453.7504,50000.0,65922.9333,132453.8896,74972.865,144183.328,154890.9231,168829.2735,168829.2735,168829.0546,177077.8428,116749.9388,69863.8631,136393.1043,155406.2634,155406.2634,109807.5783,112512.8921,112850.7761,137137.047,93030.5329,97114.0244,102412.1144,57406.1483,99827.1922,102236.1444,72193.217,64190.127,54439.2993,85053.8531,116953.9255,154890.6651,124678.1047,121789.6033,72268.397,95850.6972,167929.9104,95777.7158,79687.8484,80504.9642,200000.0,135218.2828,70988.6501,50000.0,50000.0,94508.1373,72864.3794,61151.1306,54439.3929,127825.8009,72864.3794,50000.0114,108780.6655,109899.4766,79041.3808,109899.4766,122044.3278,78156.2889,96354.1858,108920.2607,102762.8574,75723.9418,109899.4766,139545.4175,124678.0282,63836.6275,58207.9872,175598.2209,111001.2098,139825.154,105227.1824,109899.4766,97453.6408,200000.0,95725.7084,50000.0359,87332.9093,166172.9307,117150.6672,104553.6332,137496.6328,63246.5652,114972.3635,117150.6672,159404.8183,174727.8477,109899.4766,165950.0471,50000.0,101839.4069,50000.0,62895.8986,112195.5079,140896.9715,109899.7118,73482.8756,131170.0044,126619.1244,64298.9949,50000.0,109899.4766,109899.4766,109899.4766,166362.251,104553.6332,86298.0382,94301.09,182045.1479,131615.1928,105453.7504,50000.0,132130.8239,132130.8239,140871.4618,50000.0,109899.4766,97301.3753,118546.6848,97460.2662,73628.1975,110914.2919,59981.4806,50072.3616,96789.0333,96789.4608,116951.0672,132130.8239,50072.1364,110868.2595,176446.005,108920.2607,104553.6332,183108.6014,109899.4766,109899.4766,96789.4608,114829.8276,167082.38,167082.38,196701.063,196701.2843,168829.2735,160531.3348,50000.0,125966.7361
NORM_PF_MAX,5.0,3.0,10.0,float,Normalization range for Profit Factor (used in fitness calculation),6.7985,8.5034,4.4535,8.7585,7.4255,5.4108,8.0742,8.9009,9.1346,9.2036,9.1346,9.2036,5.357,6.3865,8.0939,8.7061,10.0,5.3742,5.356,5.8145,8.6671,8.6181,4.9047,8.5118,5.1353,8.5119,9.0589,8.6425,10.0,10.0,8.5503,8.7963,8.844,7.3408,5.941,5.6945,5.941,6.4943,6.4943,6.5878,8.8966,8.5952,5.711,9.9655,6.5878,9.9655,6.5878,6.5878,10.0,9.5526,4.0508,8.9196,4.0237,9.1893,7.7258,9.3172,6.9332,8.9196,10.0,6.356,8.6425,8.6425,4.9653,8.1566,6.1062,10.0,10.0,9.257,8.644,7.8572,9.3172,9.3959,9.4903,7.8626,6.3834,6.3834,10.0,8.9125,8.1412,6.5466,7.7849,8.4694,6.4943,4.4056,8.2035,5.3469,9.2957,7.962,6.3571,6.1951,6.1951,8.7461,9.5768,8.5704,8.9196,6.1951,9.203,8.2869,6.0818,9.9021,7.5773,5.2223,10.0,6.0818,8.9196,7.6285,9.2643,9.3938,9.3938,9.3938,9.3938,5.7006,9.4665,9.8669,5.9372,5.7006,3.0,10.0,5.4328,6.7614,4.9172,9.7923,9.6832,8.9584,8.9584,8.6268,4.5195,8.8179,8.8179,8.0206,9.6368,9.5001,9.7456,9.2349,10.0,9.635,9.2349,9.2369,7.9264,7.8626,6.2208,10.0,9.7679,9.7474,9.7474,9.4315,5.6142,7.1158,5.4966,5.1087,3.0,8.9272,9.3852,3.0,6.9573,4.7773,6.2734,8.2874,8.2187,9.4941,8.9953,10.0,7.9377,5.6142,8.3763,8.3207,8.2393,6.5326,8.4081,7.1617,3.9183,6.5078,5.8367,3.6208,3.6208,7.2815,8.6579,7.231,9.2359,4.7207,4.7207,8.6527,4.8715,4.7207,6.3243,4.5366,4.5366,5.776,5.0279,7.5259,5.6184,10.0,4.8571,6.9653,5.0049,3.0,10.0,9.4174,6.9232,9.8253,8.6972,9.0001,8.8456,9.1025,9.0855,10.0,9.7241,7.1757,5.4639,8.8456,5.3875,7.2053,7.2053,7.2466,10.0,10.0,5.7512,10.0,9.6451,8.6351,7.697,9.5278,6.4733,5.2589,10.0,8.4478,8.9647,7.5502,7.9773,8.6405,3.0,9.5312,5.1056,8.3504,9.6386,5.3492,5.5986,4.8383,8.8017,9.6784,5.9854,7.7817,9.7652,7.7817,9.7109,9.6386,9.6386,9.7109,5.9843,5.2146,4.9311,9.2229,5.2146,6.2658,7.5637,9.0947,4.7526,4.9311,4.9311,9.2265,5.147,3.0,5.2146,8.3612,8.2247,4.9311,7.9292,9.5538,7.9292,3.3852,9.6161,7.8102,3.9637,9.4423,8.2801,10.0,8.2187,9.0562,3.5515,9.1412,8.3381,5.8145,9.1412,9.5859,10.0,9.0996,8.9187,10.0,10.0,7.9401,3.3509,6.7629,9.6725,9.3071,10.0,9.0996,10.0,8.3833,6.2477,8.1921,3.0,10.0,10.0,10.0,9.8297,8.9524,10.0,9.188,6.3561,7.1844,9.2006,10.0,9.68,9.5762,8.7474,6.8941,9.3361,4.7216,10.0,5.9131,9.5342,7.9035,8.5426,9.5682,9.5682,8.0147,10.0,6.8019,7.5377,7.5377,6.2653,9.2924,9.0626,5.4601,5.4601,4.0987,9.0082,3.2543,8.6129,6.1034,8.369,8.3566,9.1886,8.6222,9.7609,9.7609,9.9061,9.6495,9.1886,8.8112,8.9506,10.0,4.0284,6.9763,8.7208,7.5735,7.9883,9.4963,9.9102,9.1886,5.56,9.7347,9.9106,9.5732,5.6178,8.7018,7.9166,8.392,3.8842,6.2384,9.7608,5.8079,7.9839,3.0887,3.0,10.0,9.3431,10.0,8.6269,9.5732,9.0061,9.0061,9.4183,7.9839,7.9839,7.9839,9.0061,9.1886,6.776,10.0,9.1301,8.316,4.8781,10.0,9.0061,9.101,6.776,5.3742,9.0005,7.2913,9.7609,4.4309,9.2912,3.0,8.996,9.2193,10.0,9.9113,5.0381,8.0204,9.1301,8.8063,7.9903,8.7952,8.8062,8.0353,7.3394,10.0,5.1309,4.9032,8.5836,8.685,7.9886,5.7639,4.7522,9.6294,8.3091,4.4882,4.6409,6.0643,6.3751,5.8279,4.9413,8.1414,5.0027,5.4881,5.5171,5.4881,4.5351,6.4689,5.3635,5.8317,5.3163,5.3163,5.2345,7.6291,3.0,5.2345,5.2345,5.0823,8.3172,4.7554,4.6809,3.0,7.1844,7.4942,7.4942,7.7508,7.7508,3.0,8.2479,5.3746,5.3746,7.1014,5.2846,3.0,5.3969,3.0,5.4779,5.4317,5.2523,5.2578,9.1055,5.9242,5.1325,5.2658,5.2658,5.2658,5.2658,5.6528,5.1051,5.3914,5.8977,7.2795,5.513,5.513,5.4018,5.3955,5.4992,5.4992,5.4434,9.55,5.4881,4.9452,5.1653,7.6403,5.1678,5.911,4.2791,9.8629,5.2345,5.1751,4.8047,3.74,8.5393,9.3175,5.477,3.2838,8.3364,6.3043,7.9609,5.1678,4.386,4.386,8.896,3.1813,4.5795,4.6849,9.3801,8.6142,10.0,7.8999,8.843,5.3746,3.0,3.2449,8.305,6.2561,8.305,8.5069,10.0,3.0,9.0117,5.8637,9.4415,9.478,8.5069,9.879,8.5069,6.253,4.7074,7.2919,8.5341,9.6678,10.0,10.0,6.3181,8.9021,10.0,9.2346,9.5005,7.9619,8.2583,5.3109,8.5575,6.3869,6.3796,6.3862,8.4045,6.0102,10.0,4.6131,7.1027,9.3276,4.8423,8.7261,9.8728,6.4241,5.4428,7.9016,7.9144,10.0,6.6277,7.7501,6.3869,8.9025,7.0659,6.164,3.9674,9.5289,9.1138,5.6145,5.9375,7.9144,9.4102,5.8309,9.1803,9.7501,8.7269,8.9021,8.9559,9.3903,10.0,9.6289,7.8088,9.6801,3.8797,9.2851,9.225,9.8681,8.3577,3.2919,10.0,9.8665,4.7678,4.7678,4.9097,8.5774,8.9021,8.6015,8.7414,10.0,6.6277,6.4241,7.7883,9.9612,8.9981,8.8176,8.6142,6.5654,3.0,10.0,8.9377,7.3345,9.225,8.2932,6.1406,9.8681,6.933,9.3806,5.7324,4.9342,9.0008,5.3501,9.7836,8.5774,5.3945,10.0,7.0486,6.2552,5.771,9.8681,5.3631,7.9993,8.012,10.0,9.6289,6.4893,4.9532,3.9397,9.1952,9.0988,10.0,9.6289,10.0,5.8115,9.3716,7.7615,8.8417,10.0,6.2855,8.6063,9.9612,5.6841,9.3527,9.5027,6.5042,6.5042,9.5734,9.0372,10.0,5.4611,8.0464,8.7522,5.9199,10.0,8.1821,8.8181,10.0,5.3591,10.0,4.7172,8.6068,10.0,8.672,10.0,8.7516,10.0,9.6527,9.6527,10.0,10.0,6.1677,10.0,7.8945,10.0,6.0231,8.2161,7.775,8.8242,5.3982,8.7563,5.0545,5.7583,8.7005,5.3109,5.3109,9.2741,10.0,4.8616,5.4611,9.7331,4.2613,9.9092,9.8872,5.513,8.9015,8.9472,6.3548,6.1935,3.9284,6.1677,6.1677,6.2036,6.1677,6.1677,9.7331,8.4636,10.0,8.4278,4.1153,9.5951,6.049,7.9716,5.9576,9.0746,9.4546,5.8612,6.6479,9.3794,5.3285,10.0,3.0,9.085,8.9592,5.6706,3.0,6.5485,8.8686,6.1597,5.9852,8.8686,8.6065,6.1955,6.1677,6.5507,9.8983,6.1677,6.1955,7.4494,4.6063,6.2926,6.2926,6.1552,6.1552,5.9228,8.8686,8.8062,9.9192,3.5333,3.6648,6.2059,9.4232,9.8872,8.1533,7.8113,6.3632,6.3632,7.4328,9.4289,6.5772,6.0123,6.9571,9.5951,8.5672,9.1732,6.6148,5.9752,8.8866,8.2799,6.5325,3.5362,6.9363,9.8872,9.7331,6.3632,6.3632,6.3632,7.6948,4.1663,4.6534,5.8676,6.109,6.109,3.716,10.0,9.5951,7.4518,8.289,6.0583,4.3557,10.0,8.1468,8.8009,9.92,8.9917,5.8553,9.7253,5.287,9.5603,4.5336,9.9531,8.9179,9.9326,6.5225,9.1776,10.0,7.2711,9.2615,9.117,4.8773,10.0,8.4238,6.3237,9.1468,8.4138,5.8553,9.7055,9.1315,8.4238,6.5675,3.0,7.0467,3.0421,10.0,3.0,10.0,6.5605,10.0,9.8756,3.0,5.8489,4.6588,5.0909,4.3791,10.0,5.3065,9.7435,10.0,3.0,7.8468,6.6024,7.4792,9.4678,9.6096,4.9303,6.6469,6.9446,7.8504,6.3223,7.3485,6.6469,7.0208,8.0469,3.0,10.0,9.5935,7.9583,9.5935,10.0,7.0097,10.0,3.0,3.0,10.0,9.5541,8.0677,8.3896,3.4872,3.0,3.0682,10.0,6.9446,9.3036,7.7426,6.8763,4.2602,8.8866,10.0,7.1886,7.1886,9.0044,9.5935,3.0421,3.0,9.6324,6.8119,3.4607,10.0,8.4891,9.2845,9.2481,8.9897,3.6898,6.9629,9.4508,6.0833,6.5768,6.5605,6.9446,5.5138,3.0,3.0,8.9897,7.8014,5.6885,5.6885,4.2603,4.157,6.5485,4.3354,4.8328,5.6082
NORM_TRADES_MAX,3.0,1.0,5.0,float,Normalization range for Avg Trades/Day (used in fitness calculation) - reduced to 3.0 for realistic expectations,1.0,2.285,2.9088,1.0905,2.7852,2.9067,1.2652,1.843,1.4489,1.4475,1.5574,1.4475,2.6591,2.2147,2.191,1.0106,4.2868,1.7068,1.7016,2.6753,1.2652,1.4887,3.4792,3.2048,3.1017,1.4887,2.8842,2.8842,1.087,1.087,1.7038,1.642,3.1096,5.0,3.3828,1.6619,3.6978,1.542,1.8339,3.0567,1.5929,1.5929,2.2495,1.2232,3.0567,1.3118,3.0567,3.1895,1.0028,1.0,2.6527,3.2818,3.1283,3.0852,2.131,2.0753,1.2154,3.2818,1.0028,2.2147,2.823,2.823,3.156,1.6449,2.0001,2.2563,1.0,2.2174,2.4011,2.2548,3.0803,1.0,2.279,2.0464,2.6187,2.6187,1.0,3.9,1.7147,2.1634,2.6109,2.0203,1.8339,2.5856,2.0714,2.9935,1.6498,1.3924,2.1065,3.0806,3.0806,2.823,2.1223,2.0109,4.4207,3.0806,2.8422,3.5026,3.0806,2.2799,1.9102,2.8731,2.2199,3.0806,4.4207,4.3914,2.0594,2.2278,2.2278,2.2932,2.2932,3.4662,2.2932,1.9834,3.1295,3.1295,1.8301,1.4253,2.8731,2.1102,3.0809,2.1114,1.8876,1.9834,1.9834,5.0,1.0,3.1816,2.4339,2.0185,2.1465,1.9931,1.0,1.972,2.6999,2.0514,1.972,1.972,3.6246,2.0464,1.6852,3.8433,4.7311,2.2223,2.2223,1.972,3.0167,4.8623,2.9146,2.9146,3.5696,2.8999,2.2309,4.2296,1.0,4.886,3.5046,1.2706,2.5992,1.0126,2.3067,2.3034,2.3625,3.0167,1.1544,4.0213,2.9422,2.1639,2.5106,3.3313,2.6559,1.9773,3.3447,1.1029,1.1029,1.3229,2.6399,4.001,3.2473,2.9803,2.8364,3.1295,2.8364,2.8364,2.3907,3.0008,3.0008,2.1567,4.0041,1.2834,1.9607,4.126,4.886,3.1799,5.0,1.8301,3.1506,1.5686,2.2045,2.6676,2.823,4.4207,1.0,4.4207,4.9047,4.2055,4.4116,2.9953,1.8834,1.0,2.1318,4.0057,4.0057,2.0504,2.2342,3.8323,1.6709,2.7639,1.0,2.2798,4.3118,2.2767,1.2903,1.9265,1.3919,2.2932,2.5496,2.9409,2.9005,1.9664,4.0135,2.3565,5.0,2.7081,3.8304,3.2437,3.9193,3.2437,2.6797,1.7106,4.095,1.2966,2.6784,1.2966,2.3346,3.8304,3.8304,2.3346,3.1914,5.0,5.0,2.4648,5.0,1.2912,2.0876,1.7754,2.1695,5.0,5.0,1.6435,4.4539,5.0,5.0,3.0019,2.2248,5.0,2.1932,3.0173,2.3087,2.21,2.264,3.0281,5.0,1.2218,3.1645,5.0,3.835,2.2177,2.4602,1.6852,2.3577,2.6753,1.6852,1.5372,2.4754,2.3687,5.0,1.0,1.0,2.5404,5.0,5.0,2.3343,5.0,3.8632,2.3687,3.1159,2.8982,1.9602,1.5918,4.5586,3.7135,1.0421,1.0421,1.9774,1.703,4.4817,2.1032,5.0,2.2534,2.7127,3.7135,2.3066,5.0,3.9885,2.2066,2.4851,1.0,4.6782,2.4352,3.2023,2.0777,1.1161,1.6314,1.6314,4.5801,2.1982,2.2544,2.6866,3.0114,3.1974,3.4616,1.6391,3.6167,3.6167,2.0494,3.9537,2.5132,3.4137,2.0146,2.5729,2.1743,3.114,5.0,5.0,5.0,1.0367,1.2922,3.114,1.8722,1.5786,2.2704,3.6951,1.0,3.1042,2.2518,2.5834,5.0,5.0,3.114,1.7277,1.1867,5.0,4.8663,3.6167,4.89,1.5488,3.717,1.0,3.3403,3.5736,3.0508,4.6812,3.9329,3.8417,2.8782,2.5351,1.4457,5.0,4.8663,5.0,5.0,3.0149,4.6812,4.6812,4.5657,4.5972,3.114,2.1719,3.9202,1.3331,4.6812,1.0,2.1789,5.0,4.9005,2.1719,3.4646,3.3177,3.9906,5.0,3.3117,2.3194,2.81,2.42,3.3645,1.6568,3.1327,4.7948,4.6942,1.0,1.8436,2.6121,1.0,5.0,2.5274,3.2408,3.7087,5.0,3.3984,3.7421,3.2931,1.315,5.0,3.9611,4.2176,3.4325,2.5117,2.061,1.5044,1.5044,2.7513,3.4083,1.7479,2.6024,3.2228,4.1072,3.342,3.0375,4.0127,4.1712,1.0,2.7362,2.7362,2.7141,3.1862,2.6104,2.7141,2.7141,1.1173,3.79,2.1823,2.7967,2.6195,4.9555,4.5445,4.2156,1.8126,1.8126,2.7445,2.4371,4.028,4.028,3.0934,2.1779,2.5662,5.0,3.0352,1.8756,4.4443,2.9654,1.6136,1.8602,1.1989,1.1774,1.1983,1.2355,1.1983,1.1983,1.804,1.0629,3.1346,1.9496,2.082,1.8596,1.5958,1.6204,1.7159,1.6914,1.6914,2.9355,2.9256,3.342,3.4306,2.7141,1.367,2.2425,3.1404,2.374,1.2814,2.7141,3.8388,4.6858,2.716,2.805,1.5499,3.9864,2.6862,3.4149,1.4808,2.305,2.2425,3.3117,2.7734,2.0526,1.9767,3.3117,3.1633,3.3645,3.2256,4.3492,2.6475,2.7742,4.028,5.0,3.732,2.6962,1.3287,2.5506,2.8306,2.2042,4.7897,1.052,4.5463,2.7855,2.9248,2.8306,1.8385,2.8306,3.297,2.1834,3.4461,2.8129,3.9167,1.2934,2.4976,2.1157,2.898,4.1384,2.1108,3.9816,3.528,2.2226,2.3965,2.4324,2.9432,2.9432,2.9432,3.9497,4.012,2.5307,1.9231,2.291,3.2688,1.8269,3.7747,1.2568,1.8962,4.7264,1.8734,1.7607,3.0355,2.8172,2.2522,2.9432,3.1909,2.6751,2.5271,3.828,3.3228,3.0328,2.182,2.182,1.7607,2.255,1.8319,1.5686,2.3792,1.4827,2.1351,4.4903,3.1532,3.4724,2.8889,1.881,3.8041,2.959,3.5582,5.0,1.8374,2.9178,1.9996,2.255,2.9751,5.0,5.0,2.2744,2.0283,2.1351,3.876,2.9115,3.2427,2.9579,1.8962,5.0,2.1301,3.2907,2.7953,4.7769,2.2946,4.9375,2.255,1.8864,1.0845,5.0,2.8856,2.7231,1.8374,1.0,2.3717,4.1851,3.7054,3.9175,2.2458,4.3631,2.0283,3.2598,3.7592,5.0,4.2538,2.5397,1.8374,1.8423,5.0,3.4102,1.9302,2.8889,3.5662,4.5875,2.4106,1.6877,2.2067,1.8773,2.8889,3.1102,3.686,2.697,2.0954,2.7461,3.3827,2.1346,5.0,2.1301,4.7024,5.0,2.9444,3.2793,3.4492,3.3356,2.0458,3.3117,3.2439,1.5474,4.756,3.3209,1.0,4.4136,2.4437,3.3347,1.8423,3.6623,2.4466,3.2182,3.2936,2.7773,3.5977,1.0,1.0,3.5151,3.5151,3.3347,4.9923,2.4644,3.6552,4.3315,2.1451,4.6034,4.2833,2.4939,2.6834,2.6212,5.0,3.8759,3.4199,1.7769,2.3789,2.3965,2.7664,3.5977,1.0,3.2439,3.607,4.3243,3.3081,3.8108,3.2439,4.3526,1.0,3.9741,2.4644,2.0493,2.4644,2.4644,3.0938,2.4644,2.4644,3.607,4.7932,2.4654,4.145,1.0,2.6206,3.0652,2.8404,1.9719,3.2739,2.1741,3.0232,3.0286,1.0,3.6143,4.3418,2.7522,4.2355,1.5061,1.8399,2.0747,2.4661,4.0595,2.2145,5.0,4.1806,5.0,2.8995,2.4644,1.9826,3.2513,2.4644,2.8995,2.3009,2.1191,2.8304,2.8304,2.7406,2.7406,2.8995,4.1806,5.0,3.2751,2.4232,3.6824,2.8758,1.0,4.0555,5.0,1.6395,2.3243,2.8497,5.0,3.778,3.6891,2.7045,2.6674,2.9508,2.3256,3.7811,3.4369,2.2486,4.9388,2.3558,2.101,4.2831,3.0157,3.8108,3.607,2.8497,2.8898,2.5529,2.4449,3.8593,2.6582,2.9838,2.7264,2.7264,1.0,2.3355,2.6206,4.8592,2.5406,3.0652,5.0,3.2625,1.4914,4.1806,3.1323,2.2092,2.157,3.0771,5.0,3.607,1.0,3.5972,4.3607,4.0411,2.4178,1.6673,3.255,5.0,4.671,3.5013,4.4768,2.6559,2.3558,2.4431,2.7615,2.3829,1.8486,3.2151,2.7615,2.3558,5.0,4.0208,1.8055,4.0208,3.8667,2.6775,5.0,3.08,2.9316,2.7358,3.8737,2.0301,1.0,2.2039,2.4067,3.6131,4.8532,3.6519,5.0,3.8869,4.3475,1.0,4.9697,2.2361,2.5124,2.7403,3.6785,3.0071,3.8049,2.5912,3.1911,3.4356,4.0977,2.2053,3.8689,3.5291,2.2361,4.2657,2.2361,3.559,3.117,3.1193,4.0672,3.8126,2.5722,4.0179,3.0826,2.3545,3.8662,3.8662,3.8662,3.3939,3.0071,4.9775,2.4595,2.3877,3.7578,4.9388,3.2644,2.9002,2.8518,3.7125,2.2361,4.0208,4.1747,3.5496,2.8377,3.806,1.9309,2.2378,2.9838,3.1248,2.8501,1.3023,2.9002,2.9838,3.5223,2.6757,3.08,2.6807,5.0,3.8494,3.8494,3.1248,2.6115,3.0439,3.0439,3.0435,3.0435,2.4661,2.5232,3.025,5.0
NORM_PNL_MAX,465000.0,100000.0,1000000.0,float,Normalization range for Total Profit in dollars (used in fitness calculation) - increased to prevent maxing out,718427.2927,319990.9853,551967.7038,1000000.0,252538.4609,413444.6056,100000.001,716933.3503,602053.5392,602053.5392,602053.5392,602053.5392,100000.0,626992.3785,549876.9993,549169.0451,961950.5394,554506.2561,524075.0748,242269.0182,102141.1236,102141.1376,629865.2374,179120.2429,100000.0,102141.1236,100000.6146,100000.6146,727142.4121,727142.4121,102141.6999,100000.0,100000.0,642160.202,177680.2414,156753.6051,177680.2414,347453.6618,347453.6618,341506.2904,465992.8093,465992.8093,117333.9205,277125.2058,341506.042,277125.2058,341506.2904,341506.2904,772378.1426,272400.8904,207330.2789,100000.0,555049.779,223882.2049,464652.6718,814971.1267,495135.2525,100000.0,772378.1426,626992.3785,100000.0162,100000.0,567318.4021,520033.8478,248696.4284,474252.8006,999439.7496,813683.811,509256.5228,470795.0651,100000.0,543068.5354,466520.204,642689.8446,548390.3204,548390.0333,851347.1497,100000.0,841671.7208,547879.2114,778814.4738,456862.528,347453.969,309309.3046,250342.3222,552508.572,662589.9468,310348.15,421963.1195,550716.1677,550715.9877,100000.0162,383214.9623,791792.9735,135581.4421,550715.9877,790560.4244,100000.0,550716.4129,441026.1252,105195.7608,100000.0,444745.2897,550716.4129,135581.1343,194920.3091,449188.4227,431840.1204,431840.5497,431840.5497,431840.5497,100000.0533,431840.5497,1000000.0,100000.0,100000.0,349234.9314,788267.1364,100000.0,449641.9886,555590.6472,458374.4275,390008.9986,790243.7472,790243.7472,322259.8201,100000.0,100000.0,100000.0,1000000.0,431840.5497,438634.586,422515.8289,383074.2627,466471.3389,542799.6478,383074.3197,383074.3724,1000000.0,642689.8446,543997.3091,590954.4017,303992.8206,100000.0,100000.0,383074.3197,100000.0,175522.2331,251119.952,251120.2512,100000.0,243464.5406,424905.8708,105437.8144,457024.7327,337481.2854,332992.1637,704582.7754,660944.5681,337966.6245,369934.364,465778.4979,314054.5768,100000.268,425553.4392,191595.9536,1000000.0,659393.6654,217689.9906,392379.4563,465279.7273,445077.4999,100000.0,598174.7701,598174.7701,918630.0992,238436.6982,451740.0569,445062.2772,100000.1052,100000.0,327637.3652,100000.0,100000.0,470674.8975,594436.3712,594436.3712,233029.6493,199133.0308,388600.8587,100000.0,949842.8342,337481.2854,643742.9948,420748.2969,349235.1057,460943.0689,265875.4237,190332.723,436474.8418,100000.0162,135581.4421,421029.6991,135581.4421,100000.0,774764.683,589436.9533,466744.8344,295571.696,421029.6991,427663.583,660298.0349,660298.0349,755099.6795,705474.3889,784408.8377,295382.7393,380969.8869,306238.4567,698951.1526,194920.3091,357657.3521,165200.9689,100000.0,766104.7731,471525.3136,299172.7515,409068.7612,345564.1069,548368.7641,204836.8714,920014.4546,292161.7433,950322.4825,688800.6711,361558.5821,327908.5462,361558.5821,326727.9629,775679.9302,310090.0621,237263.9616,736679.7942,237264.4394,226060.263,688800.6711,688800.6711,226060.3245,230865.1608,284627.3446,284626.9722,480036.28,284627.3446,121433.4172,234860.6881,100000.0,226848.6658,284627.3446,284627.3446,491743.8526,1000000.0,569589.1196,284627.3446,158224.7333,749690.4705,284627.3446,100000.0,804246.0437,100000.0,388900.8866,576590.1644,246961.9575,247571.2245,479334.6606,268085.5888,142390.9544,168300.0672,369007.1352,1000000.0,247788.0682,423401.0872,242269.0182,247788.0682,247788.1524,319051.6186,292641.9508,100000.0,152155.8538,152155.8538,188868.2618,122003.6443,425345.7653,203097.637,395878.8652,728510.7093,292641.9577,387279.5774,313399.9412,129946.1606,1000000.0,167602.6671,728511.3412,654907.9229,654907.9229,240151.3879,697732.5287,300156.221,258882.2021,933182.8501,385880.3558,913186.0067,728510.7093,490629.6895,378106.0738,228190.5591,613039.0856,642604.2037,527627.6079,366525.6785,275998.9524,393786.8222,344371.2433,641766.7437,275280.8329,275281.1337,154528.4445,698945.2687,528116.2005,392583.6553,392583.6553,493614.0368,394005.0098,298030.597,100000.0,100000.0,244830.8936,236745.0718,369424.6402,280812.5576,130820.6547,647049.3192,440790.2488,652746.6609,358279.6181,378106.0738,378106.0738,773973.503,706383.5883,652746.6609,100000.0524,217857.1716,504647.0881,100000.0,295551.4848,532847.2262,101192.876,101192.8636,378106.0738,100000.0,652746.6609,188769.5592,484877.0335,755538.9257,100000.0,100000.0,155098.5635,176826.9375,257789.9974,100000.0,656145.3737,845043.4064,718652.1124,310458.655,903926.6433,903926.7701,569269.5679,561500.4502,443476.1811,149410.9909,100000.0,149410.9909,149410.9909,100000.0,310458.655,310458.9279,310458.655,149411.2173,652746.6609,162017.6818,750560.0017,100000.2726,310458.5947,102503.217,471966.1629,149410.9909,336729.7285,162017.6818,215306.3204,289642.3272,197546.3763,378106.21,104906.3143,100000.0,331252.2061,573976.7209,525681.0644,171857.269,324456.0134,284627.2187,327880.9181,100000.2726,100000.0,100000.0,592947.0606,516297.9522,1000000.0,247713.3224,201118.0565,100000.0,969711.742,321958.398,100000.0,347211.9304,138217.287,570890.3783,611243.6193,657391.7041,100670.3201,292413.8367,358777.5582,358777.2128,201849.5642,696615.2912,100000.0,167091.2925,100000.0,471155.5993,100000.0,100000.0,221505.9736,100000.0,113303.4351,874524.5002,874524.8287,440164.6648,563642.2026,481248.7796,440164.6648,440164.6648,215420.0726,358338.8999,171528.4054,292541.1416,146603.8398,193624.2077,713797.5381,713797.5381,905102.6677,905102.624,440235.0706,100000.0,123230.179,123230.179,463598.8354,465321.0389,375189.8052,100000.0,142606.1827,100000.0,102133.073,618610.2227,616944.5685,543280.4378,607709.1392,602675.1216,602674.6935,602674.6935,602674.6935,602674.6935,467710.4825,602674.6935,699368.3805,114936.1963,586137.537,614201.1717,614201.1717,598079.4759,320681.0004,320681.1845,320681.1845,583161.3558,422126.9637,100000.0,127367.5547,440164.5433,905102.6677,100000.0,655304.3206,348154.9508,424080.6365,440164.3254,180499.2892,494748.5921,989801.0268,701994.511,153226.2474,214477.5961,776170.1103,667880.2232,138919.5476,1000000.0,100000.0,104906.5507,104906.5507,335877.9245,100000.0,104906.5507,296742.2771,525681.0644,354695.3261,100000.0,100000.0,243734.2621,123230.179,367394.4256,100000.0,215537.5159,1000000.0,215537.5159,510752.8889,1000000.0,261890.3335,223537.1499,646560.4956,623971.4452,747422.3144,510752.8889,100000.0,510752.8889,169212.8082,685246.3456,313452.9572,521241.408,321860.6755,472229.9152,195766.5419,566985.8966,224063.7139,728966.2041,581739.2408,644259.8941,898039.761,408230.1744,404131.1169,298410.0065,100000.0,100000.0,100000.0,596074.3012,243524.9536,555562.7628,426371.9784,125303.5274,543322.6582,119588.5796,571465.5266,373087.5671,418966.769,297864.4344,100000.0,100000.0,430563.8494,674981.6907,114835.8544,100000.0,344043.4346,1000000.0,200464.5793,430646.5001,449563.523,203807.5507,230757.0136,230757.0136,100000.0,269589.3673,100000.0,411032.8078,459328.9264,100000.0,275549.28,465961.6045,602980.3885,410252.5971,252930.9582,119706.3621,543522.3572,882586.0787,490139.1702,666533.5057,100000.0,112868.6594,100000.0,269589.6675,535726.4746,128390.6151,128390.6151,145762.775,1000000.0,275549.28,344148.7433,363347.7967,149531.4395,674981.6907,418966.5952,510655.9611,152576.0898,637961.2166,317568.0028,100000.0,472380.8189,121267.4426,269589.6242,560041.1697,129532.2405,666533.5057,1000000.0,529012.5857,100000.0,197601.042,594645.065,100000.0,360186.0097,659735.1283,591075.5223,400069.1066,1000000.0,321023.2018,303594.4182,332714.3888,237909.7389,372682.8733,100000.0,266154.0996,331727.3932,562088.4535,548760.9497,252931.0867,530571.4314,326697.6233,152163.0832,100000.0,398904.1611,651906.0606,252931.4859,268099.956,409772.4866,497561.5445,227538.2285,725021.9309,633167.0345,863992.6639,227974.3303,152576.0898,315016.9856,420387.8489,168876.261,504494.969,504494.9164,415922.9138,204045.8268,100000.0,215534.8533,529622.1246,100000.0,101271.1536,176049.0778,727313.0052,688535.6826,633167.0345,266154.0996,633167.4184,233870.5992,696230.212,633166.8919,355990.2998,324879.2479,203801.5686,176049.0778,207813.2166,207813.5198,633167.0345,100000.0,196913.9432,324879.0995,727312.6239,268438.8075,100000.0,340984.0959,711510.1651,878249.4393,100000.0,221941.1824,374213.0099,709058.3964,461241.6332,404131.1169,404131.1169,667814.1117,324879.2479,388195.3796,215534.8533,207813.2166,126473.9212,207813.2166,322626.7798,215534.8533,1000000.0,203801.5686,169217.305,196913.9422,665032.442,196913.9422,196913.9422,193428.0174,196913.9422,196913.9422,207813.2166,752831.0226,254323.6245,767100.1388,361869.8007,378940.9212,245571.8039,1000000.0,100000.0,151926.4911,256969.9776,115201.2218,425018.6039,192785.8018,442069.1652,603642.4013,519882.3349,397711.4739,513908.189,1000000.0,334679.4754,968299.5734,284575.6215,197782.8993,227356.4197,284575.6215,397203.8396,194297.0106,196913.9432,522328.553,100000.0,196913.8376,194297.0106,354729.1923,341309.8783,198120.0281,198120.0281,198120.0281,198119.6662,194297.0106,284575.6215,516297.9522,459725.9725,493344.8929,1000000.0,194580.8309,128484.4396,322626.7798,354164.1877,262472.5282,968299.6195,968299.5734,313316.1735,354123.8552,100000.0,419594.2159,166142.1412,378940.9212,173887.7563,678136.3143,160739.8365,205514.8611,100000.0,137138.7004,783819.7793,425933.4636,190796.3316,322626.7798,207813.2166,968299.5734,968299.5734,968299.5734,100000.1127,382660.0876,378831.3716,100000.0,235312.2231,235312.2231,345507.3101,354212.8983,378940.9212,223726.9717,657983.0322,245571.5524,1000000.0,616751.5912,592551.5009,284575.3648,506224.9975,657566.6497,463189.3638,578198.7994,438405.923,207813.2166,314935.7704,273594.5157,571597.4038,413799.8063,207389.3842,1000000.0,548212.1215,313316.0112,100000.0,361537.4992,898709.8261,416864.583,137138.7004,313338.9505,520734.4919,140363.9203,463189.2036,286711.9768,520734.923,137138.7004,411128.1652,564664.6191,540171.833,564664.6191,152168.2771,456045.1215,520179.2653,126704.209,247737.6894,100000.0,564664.6191,506661.4748,314936.0904,681486.4019,613073.2887,401389.2695,422783.4745,391484.5721,846074.7692,564664.6191,225297.9306,411674.697,483777.2169,362901.0832,100000.0,100000.0,100000.0,279862.6415,250240.2477,425526.8524,100000.0,100000.0,330031.579,433709.6146,564664.3478,555832.2552,362901.0832,353647.9187,362901.0832,268489.824,281013.5015,100000.0,564664.6191,100000.0,253870.2862,590656.5963,248217.6152,166657.8583,564664.6191,564664.6191,564664.6191,564542.0132,279862.6415,160558.8609,673802.8242,264499.4038,602431.0843,100000.0,549919.7102,100000.1691,100000.0,100000.0,362901.1459,564664.6191,100000.0,400233.3318,100000.0,564862.9828,536296.9866,100000.0,100000.0,362032.09,362032.09,665064.4598,100000.1691,100000.0,321264.5133,210867.1545,126703.8319,279862.6415,100000.0,564664.3478,564664.1397,362032.09,808811.2368,496412.041,496411.818,518494.1773,518494.1773,968299.5734,732833.3126,739695.4444,101787.8334
MIN_WIN_RATE,0.40,0.30,0.50,float,Minimum win rate threshold (hard constraint - strategies below this are eliminated),0.4663,0.4188,0.3648,0.4119,0.3392,0.5,0.3,0.396,0.4126,0.4126,0.4126,0.4126,0.406,0.4407,0.5,0.4727,0.3056,0.3775,0.369,0.3658,0.3749,0.3749,0.4283,0.3,0.3756,0.3749,0.3219,0.3219,0.3,0.3,0.3749,0.5,0.4353,0.4487,0.3667,0.392,0.3667,0.4107,0.4107,0.3,0.3519,0.3519,0.4206,0.467,0.3349,0.467,0.3349,0.3349,0.5,0.4514,0.3029,0.3107,0.3621,0.405,0.4976,0.4323,0.5,0.3107,0.5,0.3677,0.3097,0.3097,0.3361,0.5,0.3603,0.3437,0.3607,0.4662,0.3598,0.3289,0.5,0.3,0.3954,0.3,0.3355,0.3302,0.4458,0.4708,0.5,0.4792,0.3936,0.3704,0.4107,0.3233,0.4665,0.3,0.3227,0.3755,0.3812,0.5,0.5,0.3097,0.5,0.4349,0.5,0.5,0.3742,0.5,0.5,0.3922,0.4056,0.5,0.3,0.5,0.5,0.5,0.3311,0.3,0.4983,0.4983,0.4983,0.3,0.4983,0.4963,0.3,0.3098,0.4655,0.4398,0.5,0.3797,0.3,0.4233,0.5,0.4087,0.4087,0.5,0.4563,0.3357,0.3357,0.4355,0.4983,0.4975,0.3876,0.5,0.3,0.4216,0.5,0.5,0.4624,0.5,0.432,0.4361,0.4767,0.4463,0.4463,0.5,0.3349,0.3683,0.4162,0.4162,0.4764,0.3,0.4974,0.4633,0.5,0.5,0.3,0.5,0.5,0.5,0.4006,0.3,0.4062,0.5,0.3826,0.4266,0.5,0.3266,0.3721,0.3008,0.3493,0.3434,0.3291,0.5,0.3859,0.4176,0.4172,0.4511,0.5,0.3,0.3037,0.4067,0.3037,0.3037,0.5,0.4155,0.4155,0.3532,0.4447,0.3,0.3953,0.5,0.5,0.4755,0.3246,0.4655,0.5,0.3615,0.422,0.4642,0.3355,0.475,0.375,0.3984,0.396,0.4393,0.4267,0.3322,0.4001,0.375,0.3929,0.4507,0.4507,0.3,0.5,0.3,0.4196,0.4605,0.4575,0.5,0.5,0.4788,0.3305,0.3394,0.4361,0.4052,0.3859,0.5,0.3,0.438,0.5,0.3,0.5,0.4331,0.4596,0.4104,0.4138,0.4104,0.5,0.3258,0.5,0.3683,0.3819,0.3683,0.5,0.4596,0.4596,0.5,0.3,0.4721,0.3,0.4586,0.4721,0.4671,0.3022,0.3,0.347,0.3303,0.3,0.5,0.3849,0.5,0.4721,0.4893,0.5,0.3303,0.3985,0.4572,0.4309,0.3344,0.3272,0.4663,0.3998,0.5,0.4421,0.464,0.3451,0.4284,0.3978,0.3,0.3476,0.3658,0.3,0.3,0.4781,0.3362,0.3932,0.3,0.3,0.3219,0.3,0.4105,0.3432,0.463,0.3757,0.3362,0.4494,0.5,0.3651,0.4662,0.3244,0.3905,0.3736,0.3736,0.4794,0.4565,0.4457,0.3,0.4843,0.3098,0.5,0.3905,0.5,0.5,0.379,0.3,0.3,0.4959,0.3818,0.3932,0.3256,0.3613,0.3347,0.3262,0.3262,0.4348,0.4183,0.3713,0.3684,0.3684,0.4628,0.3167,0.4034,0.437,0.437,0.5,0.3966,0.3,0.3507,0.3884,0.5,0.3,0.4998,0.4843,0.5,0.5,0.5,0.5,0.4998,0.5,0.3206,0.3343,0.3608,0.3795,0.3928,0.3275,0.3275,0.3638,0.4439,0.4998,0.4447,0.3,0.4045,0.3996,0.437,0.3,0.3,0.4456,0.3,0.4714,0.3,0.3384,0.3752,0.3009,0.3009,0.3,0.3,0.3191,0.4175,0.3,0.3,0.3,0.3,0.3752,0.4477,0.3752,0.4187,0.4998,0.3642,0.5,0.5,0.4477,0.3078,0.3186,0.5,0.3726,0.3642,0.4135,0.3351,0.4948,0.5,0.5,0.3,0.3172,0.5,0.3,0.5,0.3637,0.3,0.3738,0.5,0.4057,0.308,0.3422,0.4371,0.3,0.5,0.398,0.4861,0.3,0.3255,0.5,0.3,0.3,0.3,0.4299,0.4004,0.4081,0.3,0.3913,0.3913,0.3,0.3314,0.3812,0.3,0.3,0.5,0.3,0.3,0.4249,0.3648,0.3608,0.5,0.4491,0.5,0.4698,0.3412,0.5,0.395,0.354,0.3242,0.5,0.3759,0.3,0.4514,0.4071,0.5,0.3999,0.3192,0.3201,0.3164,0.3707,0.3,0.4707,0.3524,0.5,0.3584,0.4166,0.4522,0.4712,0.3992,0.3,0.4597,0.4378,0.3982,0.3982,0.3982,0.3982,0.3982,0.5,0.3982,0.4172,0.4277,0.5,0.4686,0.4686,0.3998,0.5,0.5,0.3,0.4019,0.379,0.3,0.399,0.5,0.3,0.3687,0.5,0.5,0.3003,0.5,0.4521,0.3811,0.5,0.4861,0.3,0.5,0.3091,0.3963,0.4498,0.3203,0.3687,0.5,0.4996,0.3989,0.341,0.5,0.3826,0.3,0.3874,0.3,0.3,0.3928,0.3,0.4949,0.389,0.5,0.3518,0.5,0.4371,0.3471,0.5,0.3,0.3043,0.422,0.4377,0.4371,0.5,0.4371,0.3849,0.3199,0.3798,0.433,0.376,0.4634,0.3835,0.4543,0.4549,0.4702,0.4812,0.4042,0.433,0.4856,0.3934,0.5,0.3,0.3,0.3,0.5,0.4726,0.3332,0.3613,0.4901,0.3,0.3,0.381,0.3237,0.3999,0.5,0.4312,0.3888,0.4878,0.3,0.3,0.3,0.5,0.3723,0.5,0.3346,0.3,0.3809,0.4967,0.4967,0.3888,0.3,0.3,0.3,0.5,0.3,0.5,0.4255,0.5,0.3248,0.3428,0.4544,0.4074,0.4569,0.3,0.3783,0.5,0.3153,0.5,0.3,0.3,0.3705,0.3,0.415,0.3804,0.5,0.4338,0.3,0.3125,0.3,0.3,0.3318,0.4972,0.4717,0.348,0.47,0.3555,0.5,0.3,0.3698,0.3,0.3783,0.4206,0.3837,0.4747,0.4834,0.5,0.4388,0.3,0.46,0.3926,0.4004,0.3804,0.4179,0.3705,0.3045,0.344,0.5,0.4747,0.3747,0.4878,0.3,0.3033,0.3428,0.3642,0.3224,0.3031,0.408,0.5,0.3011,0.5,0.3691,0.4346,0.4144,0.3521,0.5,0.3,0.5,0.4978,0.4972,0.3,0.484,0.3,0.4334,0.4334,0.4696,0.5,0.4796,0.3095,0.4696,0.3476,0.3266,0.3,0.4131,0.5,0.3,0.3543,0.3,0.5,0.4083,0.3,0.3,0.3645,0.5,0.3,0.4926,0.4926,0.3,0.3,0.3,0.3645,0.4605,0.3187,0.3922,0.3791,0.4668,0.415,0.4909,0.3501,0.5,0.31,0.3647,0.3934,0.3934,0.3,0.3645,0.3924,0.3095,0.3632,0.427,0.375,0.4048,0.3095,0.4679,0.5,0.4299,0.3122,0.3994,0.3122,0.3161,0.3,0.3,0.3161,0.3474,0.3,0.4106,0.5,0.392,0.3031,0.4156,0.3635,0.3,0.3316,0.3058,0.342,0.5,0.4422,0.3846,0.4733,0.3341,0.4574,0.4304,0.3039,0.4729,0.3596,0.3,0.5,0.5,0.3,0.3501,0.3,0.3,0.5,0.4265,0.5,0.3,0.5,0.3377,0.3,0.3372,0.3372,0.3372,0.3,0.3,0.4371,0.5,0.5,0.3988,0.3,0.3,0.4048,0.486,0.4198,0.3596,0.3596,0.3,0.3842,0.307,0.3,0.3,0.3031,0.3351,0.344,0.4498,0.5,0.394,0.5,0.3,0.4919,0.3,0.3228,0.5,0.3596,0.3596,0.3,0.4132,0.4981,0.32,0.3627,0.3408,0.3408,0.3046,0.4313,0.3031,0.3736,0.4871,0.5,0.4638,0.3775,0.4466,0.3119,0.4496,0.413,0.3894,0.3361,0.431,0.3474,0.3392,0.3098,0.5,0.4344,0.4555,0.3,0.3017,0.3,0.5,0.3501,0.4526,0.4858,0.3,0.3535,0.433,0.4158,0.3894,0.3357,0.433,0.3,0.5,0.3423,0.3,0.3423,0.3733,0.5,0.4059,0.4735,0.3166,0.3909,0.3173,0.3614,0.3392,0.5,0.339,0.5,0.5,0.5,0.3,0.3423,0.4914,0.477,0.3,0.5,0.386,0.3197,0.3,0.3,0.3,0.5,0.3283,0.3247,0.3744,0.4236,0.3,0.3623,0.5,0.5,0.3,0.3,0.3,0.3,0.3152,0.3473,0.4185,0.3,0.3478,0.4277,0.3,0.3,0.3,0.3209,0.3,0.3,0.5,0.5,0.3163,0.3,0.3621,0.4338,0.4338,0.3,0.3,0.3423,0.453,0.3,0.3815,0.4365,0.3068,0.3771,0.3,0.3,0.4068,0.4323,0.4338,0.3,0.4331,0.3,0.4735,0.3,0.5,0.3,0.3,0.3,0.3175,0.3,0.4404,0.3,0.3,0.3596,0.5,0.3849,0.4199
SORTINO_CAP,10.0,5.0,20.0,float,Maximum Sortino value before capping (prevents unrealistic values),13.667,12.6421,13.8814,15.9167,10.6284,13.6327,20.0,13.9026,13.2127,13.2127,13.2127,13.2127,11.4369,15.9696,12.0047,18.143,20.0,20.0,19.0916,17.2994,13.5176,13.5176,13.9512,12.0941,11.3716,13.5176,8.0409,8.0409,13.9538,13.9538,13.5176,13.744,11.0373,20.0,13.8995,5.2715,13.6293,15.5785,15.5785,13.5517,14.4572,14.2731,18.775,13.0838,13.5517,13.0838,13.5517,13.5517,6.4541,13.079,13.6051,11.9201,13.6453,10.2851,13.2162,14.8887,8.9435,11.9201,6.4541,15.9696,8.0409,8.29,17.2316,13.4518,17.3122,14.8727,8.6216,15.497,13.975,12.5577,15.1754,14.3413,13.2166,13.2945,13.3285,13.4518,12.8833,5.1316,13.3003,13.7359,12.5031,12.3655,15.2625,13.3338,12.7094,13.5951,13.0945,16.37,13.2397,13.8489,14.1787,8.0409,13.1075,12.7726,13.0142,14.1787,15.3378,11.2634,13.8822,13.0903,13.5376,19.8492,13.2328,13.8822,13.0142,13.6683,14.0835,12.9821,13.0206,13.0206,13.0206,16.321,13.0206,15.0947,16.2567,16.3871,13.2843,12.8642,20.0,13.3276,13.5033,14.1916,13.1084,13.4249,13.2757,13.5428,16.4599,13.904,13.8291,15.625,12.8846,13.0214,12.1078,13.1101,12.632,13.2455,13.1101,13.1101,12.5176,13.2945,14.1237,12.1917,12.793,13.436,13.5403,13.1101,16.9245,14.129,14.1608,14.1608,12.9608,10.8096,12.8863,13.0001,9.991,12.9025,11.1779,5.0,13.7466,5.0,13.1339,13.6477,12.333,16.9245,15.8034,13.3,5.5377,15.8876,15.3318,13.5621,14.9886,14.8321,10.2108,15.1682,15.1682,17.4397,17.2912,8.112,12.4468,13.3337,13.3337,14.7679,13.463,13.3337,13.7425,9.2199,8.5477,7.6881,9.8839,12.1776,14.3274,5.6659,12.9025,13.1212,14.1968,13.2843,7.202,13.669,14.808,13.3377,8.166,13.0142,13.8793,13.0091,13.176,13.3315,13.1522,12.7647,18.2484,13.8793,12.4518,13.1584,13.1584,14.6382,11.7148,15.0702,13.2947,8.3353,14.5909,14.0709,13.6683,13.0588,14.6417,13.5136,14.7824,14.9987,17.01,13.1206,11.8373,8.4618,12.4941,15.5227,14.0985,14.2547,14.4838,12.3242,12.9293,12.3242,13.1109,14.2577,13.5121,13.7231,13.222,13.324,5.0,14.561,14.561,5.0,11.2492,12.2517,12.5311,14.5903,12.2517,15.2366,10.0447,13.8353,10.0659,12.8002,12.5311,12.97,8.0164,12.9507,12.2517,11.6769,14.0966,12.5311,13.2259,14.7103,13.2259,11.3942,13.9858,5.0,12.4864,10.1235,12.6166,14.1501,16.2871,13.1071,8.4452,13.9973,14.8874,17.2994,13.9973,13.9973,10.9172,13.5145,12.0911,11.6578,11.6578,7.8001,10.367,12.6969,13.0879,12.2482,14.1727,13.5145,13.2539,12.3583,14.4951,17.4606,8.3732,14.2186,14.3178,14.344,14.6672,5.0,12.3,16.5873,5.9465,13.9762,11.3693,14.1727,12.2422,13.0217,12.8058,12.7716,13.2663,15.1083,13.629,14.4421,15.4162,15.3658,12.836,12.9962,12.9962,13.9892,13.893,13.3562,14.637,14.637,11.1922,5.8753,14.1257,11.8276,11.8276,16.1706,12.753,13.4705,12.5374,15.1219,13.3865,8.1594,14.5071,12.9962,12.9897,12.5731,15.0215,16.092,14.4582,13.9166,13.828,10.6733,9.0568,15.233,12.6162,14.6277,14.6277,12.5731,9.7598,14.6893,14.2388,15.3505,12.3173,10.4641,11.8276,7.739,11.9634,12.9316,11.6566,14.9909,11.3064,13.8253,12.606,14.7708,14.7444,10.8829,13.2208,16.5597,11.5998,10.4641,11.5998,11.4223,5.0,12.606,12.606,12.8697,11.4223,14.4582,12.0293,14.6508,13.9609,12.606,12.4747,13.268,11.4223,12.6913,12.0293,20.0,14.5222,15.4893,12.5731,14.2994,13.4736,10.9588,13.2448,11.4214,13.9637,12.6254,12.533,12.6446,13.9609,13.5756,8.956,14.4547,12.5168,15.0315,13.8718,13.9226,11.803,12.6184,9.7916,11.2221,12.1875,17.6862,12.9749,14.4168,12.4397,14.1526,12.5086,17.63,17.63,18.1452,15.0701,13.7938,8.534,14.819,15.2756,14.819,15.763,10.724,19.8798,5.0,13.4643,13.4643,12.4172,9.1981,14.5602,12.4172,12.4172,11.1955,17.6064,9.5966,15.2694,11.7098,10.5321,5.0,5.5076,8.3528,8.3528,14.1041,8.3953,9.4672,9.4672,10.7037,7.6071,14.8706,14.3306,9.6456,15.8774,8.1816,10.2376,10.6451,9.6112,13.3294,8.7464,8.7464,8.7464,8.7464,8.7464,7.3262,8.7464,8.6231,8.6115,8.1721,12.4221,12.6935,12.6426,7.4746,7.4746,7.4746,8.6849,11.7223,14.819,10.3802,12.4172,8.3528,20.0,9.9937,5.5706,15.0925,12.4492,20.0,12.1803,9.4321,12.9154,13.9315,15.6944,13.5695,12.4766,15.9677,8.3573,20.0,14.2994,14.2994,19.7562,10.8236,14.2994,9.1108,11.4214,13.538,11.443,14.7472,12.0874,9.5674,15.4461,5.0094,15.8985,8.1204,15.8985,12.5537,14.8631,13.7897,14.6155,16.7654,10.0695,13.2062,12.7893,13.8674,12.4936,11.5152,13.367,18.0374,12.5906,11.9854,13.042,13.8048,16.9405,12.763,14.3023,13.4214,12.5202,14.2074,12.854,10.6773,12.084,5.0,5.0,5.0,13.5465,12.6381,13.9732,14.0912,12.872,10.9371,10.9778,13.542,14.5236,12.4578,7.9003,17.8253,18.1562,12.553,11.8191,14.4822,5.0,10.6887,5.0,9.4224,12.907,10.759,9.9459,12.2171,12.2171,17.8541,14.2308,11.7706,16.4948,17.6489,11.3874,11.4732,12.6855,14.8187,12.7048,13.8444,17.6966,12.68,14.0266,10.9316,14.4578,13.8662,10.5817,12.4441,14.2308,13.6867,8.5857,8.5857,12.9614,14.3863,11.4732,13.7193,10.9179,10.9422,11.6996,12.3339,14.0426,13.8291,14.8022,12.7024,11.23,12.7089,10.8738,14.0084,9.3696,13.9482,14.1558,11.6964,9.8857,13.8662,15.1077,13.5104,8.4745,9.1629,14.7321,10.3312,12.5366,14.9682,13.8402,12.5623,12.2777,16.0126,16.1931,13.8662,9.0118,12.1766,13.6305,14.7045,13.8444,14.0068,8.5374,10.8652,14.3751,13.7206,10.9225,13.8444,13.8125,9.2162,11.7221,12.76,12.63,13.8783,14.5183,11.8647,13.8291,12.2694,12.6299,12.2965,20.0,20.0,13.8935,15.1601,11.1297,12.4925,12.8364,10.8107,17.9482,12.2045,11.8405,13.2757,13.8783,9.0118,14.3145,18.6868,11.6986,13.9279,8.2419,12.641,11.8339,12.2045,13.9808,13.9808,13.8783,11.9221,8.4772,12.9593,11.8808,11.1252,12.1993,14.0574,9.8865,11.8836,8.1329,15.6444,13.1473,11.8663,14.5472,10.7422,10.6773,14.5178,12.641,9.4616,12.4925,14.1523,8.3123,13.9808,12.6464,12.4925,12.073,11.8281,11.2293,8.4772,13.6929,8.4772,8.4772,6.9216,8.4772,8.4772,13.9595,16.5258,13.3176,11.5721,8.6363,14.5672,18.9344,9.8338,8.4727,10.9287,10.9342,8.2883,11.8771,15.8976,9.1733,14.3947,14.4922,13.4904,17.9592,8.4347,13.9958,7.7672,12.3003,13.1838,6.0183,12.3003,13.8692,11.6282,8.4772,11.0385,12.675,8.4772,11.6282,11.6019,12.0721,7.7337,7.5339,7.5339,7.5339,12.1226,12.3003,12.5168,12.4075,13.5422,8.4781,8.6783,11.3632,12.5667,13.1422,12.0525,7.8091,7.8091,13.7297,14.0856,17.4568,9.3836,12.922,14.5672,13.3868,14.4474,11.857,8.3741,14.2573,10.7492,14.6715,14.2041,13.9241,12.6464,13.9595,7.8091,7.8091,7.8091,6.0011,16.8062,15.9334,14.1519,10.8694,10.8694,12.1755,12.6831,14.5672,11.6516,9.8159,19.5105,12.4949,12.2023,10.2004,12.1512,13.1075,12.3615,12.3665,13.6844,11.6876,13.9595,12.8813,12.6465,12.9455,13.0123,14.1625,19.9427,13.5862,13.7297,14.371,12.6427,13.3214,13.0946,10.9876,14.378,13.3073,16.3797,12.3665,13.8095,13.3126,10.9876,10.5693,14.5808,15.0424,14.4864,12.1068,13.2071,19.0616,14.3687,11.1488,13.4381,13.8004,11.2052,13.0042,11.2384,14.2365,13.8724,13.9643,12.5574,14.0581,13.9493,13.1974,8.7809,11.7271,6.6718,8.5479,19.1718,17.667,10.4057,11.0071,14.6813,9.2488,17.667,11.4752,11.1794,14.5808,9.4952,6.5851,16.2266,6.5851,12.4554,13.5113,11.2647,14.4251,17.1679,13.3675,12.7645,8.6061,7.2217,14.5808,14.5808,14.5808,9.1676,10.4057,10.9258,15.0126,16.383,10.8429,14.519,8.0156,5.0,5.0,11.3792,6.6794,14.4864,12.7399,10.7887,15.3613,14.4082,13.9032,13.7759,14.4674,15.361,15.361,14.0254,5.1708,14.4674,10.9366,5.6091,14.3687,10.4057,8.5637,14.5808,14.5808,15.361,10.0454,19.6341,19.6341,14.6419,14.6419,7.7672,10.8688,10.6248,8.5837
=== SOLUTION STATISTICS ===,,,,,,,,,,,,,,,,,,,,,,,,,,,,,,,,,,,,,,,,,,,,,,,,,,,,,,,,,,,,,,,,,,,,,,,,,,,,,,,,,,,,,,,,,,,,,,,,,,,,,,,,,,,,,,,,,,,,,,,,,,,,,,,,,,,,,,,,,,,,,,,,,,,,,,,,,,,,,,,,,,,,,,,,,,,,,,,,,,,,,,,,,,,,,,,,,,,,,,,,,,,,,,,,,,,,,,,,,,,,,,,,,,,,,,,,,,,,,,,,,,,,,,,,,,,,,,,,,,,,,,,,,,,,,,,,,,,,,,,,,,,,,,,,,,,,,,,,,,,,,,,,,,,,,,,,,,,,,,,,,,,,,,,,,,,,,,,,,,,,,,,,,,,,,,,,,,,,,,,,,,,,,,,,,,,,,,,,,,,,,,,,,,,,,,,,,,,,,,,,,,,,,,,,,,,,,,,,,,,,,,,,,,,,,,,,,,,,,,,,,,,,,,,,,,,,,,,,,,,,,,,,,,,,,,,,,,,,,,,,,,,,,,,,,,,,,,,,,,,,,,,,,,,,,,,,,,,,,,,,,,,,,,,,,,,,,,,,,,,,,,,,,,,,,,,,,,,,,,,,,,,,,,,,,,,,,,,,,,,,,,,,,,,,,,,,,,,,,,,,,,,,,,,,,,,,,,,,,,,,,,,,,,,,,,,,,,,,,,,,,,,,,,,,,,,,,,,,,,,,,,,,,,,,,,,,,,,,,,,,,,,,,,,,,,,,,,,,,,,,,,,,,,,,,,,,,,,,,,,,,,,,,,,,,,,,,,,,,,,,,,,,,,,,,,,,,,,,,,,,,,,,,,,,,,,,,,,,,,,,,,,,,,,,,,,,,,,,,,,,,,,,,,,,,,,,,,,,,,,,,,,,,,,,,,,,,,,,,,,,,,,,,,,,,,,,,,,,,,,,,,,,,,,,,,,,,,,,,,,,,,,,,,,,,,,,,,,,,,,,,,,,,,,,,,,,,,,,,,,,,,,,,,,,,,,,,,,,,,
Sortino Ratio,,,,statistic,Sortino Ratio for each solution,1.0000,1.0000,1.0000,1.0000,1.0000,1.0000,1.0000,1.0000,1.0000,1.0000,1.0000,1.0000,1.0000,1.0000,1.0000,1.0000,1.0000,1.0000,1.0000,1.0000,0.9971,0.9933,0.9883,0.9852,0.9830,0.9807,0.9672,0.9672,0.9619,0.9556,0.9540,0.9525,0.9482,0.9467,0.9450,0.9423,0.9401,0.9329,0.9329,0.9231,0.9147,0.9134,0.9128,0.9100,0.9096,0.9060,0.9038,0.8989,0.8977,0.8933,0.8904,0.8902,0.8839,0.8836,0.8827,0.8816,0.8730,0.8693,0.8656,0.8601,0.8594,0.8594,0.8516,0.8514,0.8482,0.8458,0.8448,0.8443,0.8416,0.8381,0.8374,0.8340,0.8318,0.8301,0.8300,0.8220,0.8183,0.8168,0.8118,0.8102,0.8061,0.8050,0.8044,0.7874,0.7845,0.7825,0.7747,0.7716,0.7661,0.7653,0.7653,0.7614,0.7575,0.7464,0.7464,0.7448,0.7442,0.7318,0.7231,0.7200,0.7187,0.7181,0.7142,0.7127,0.7065,0.7065,0.7055,0.6990,0.6990,0.6957,0.6957,0.6885,0.6860,0.6859,0.6850,0.6850,0.6803,0.6778,0.6673,0.6665,0.6567,0.6565,0.6545,0.6510,0.6510,0.6505,0.6490,0.6478,0.6478,0.6476,0.6444,0.6420,0.6419,0.6345,0.6309,0.6289,0.6203,0.6203,0.6121,0.6112,0.6005,0.5997,0.5973,0.5968,0.5950,0.5881,0.5868,0.5845,0.5829,0.5758,0.5674,0.5585,0.5532,0.5452,0.5442,0.5381,0.5349,0.5328,0.5302,0.5300,0.5291,0.5277,0.5244,0.5222,0.5216,0.5162,0.5044,0.5023,0.5000,0.5000,0.5000,0.5000,0.5000,0.5000,0.5000,0.5000,0.4998,0.4976,0.4967,0.4965,0.4965,0.4954,0.4950,0.4950,0.4941,0.4937,0.4937,0.4857,0.4843,0.4809,0.4748,0.4722,0.4672,0.4628,0.4602,0.4594,0.4541,0.4531,0.4512,0.4491,0.4355,0.4340,0.4332,0.4321,0.4300,0.4284,0.4250,0.4239,0.4230,0.4102,0.4088,0.4030,0.4028,0.3982,0.3930,0.3894,0.3836,0.3795,0.3754,0.3751,0.3737,0.3649,0.3644,0.3551,0.3538,0.3535,0.3493,0.3489,0.3483,0.3406,0.3386,0.3380,0.3311,0.3290,0.3256,0.3218,0.3199,0.3187,0.3184,0.3101,0.3088,0.3078,0.3055,0.3046,0.3004,0.2996,0.2983,0.2962,0.2936,0.2930,0.2913,0.2908,0.2904,0.2901,0.2873,0.2862,0.2827,0.2819,0.2818,0.2811,0.2808,0.2775,0.2770,0.2741,0.2718,0.2690,0.2684,0.2648,0.2644,0.2640,0.2609,0.2608,0.2599,0.2599,0.2588,0.2579,0.2553,0.2549,0.2542,0.2541,0.2500,0.2496,0.2428,0.2416,0.2409,0.2401,0.2392,0.2380,0.2377,0.2347,0.2329,0.2310,0.2254,0.2247,0.2193,0.2188,0.2153,0.2114,0.2112,0.2099,0.2089,0.2080,0.2061,0.2048,0.2044,0.2042,0.2037,0.2037,0.2023,0.1940,0.1936,0.1887,0.1878,0.1875,0.1863,0.1853,0.1843,0.1841,0.1835,0.1826,0.1820,0.1816,0.1809,0.1808,0.1808,0.1805,0.1797,0.1775,0.1766,0.1744,0.1743,0.1739,0.1724,0.1718,0.1713,0.1704,0.1694,0.1683,0.1681,0.1675,0.1667,0.1663,0.1653,0.1651,0.1650,0.1650,0.1636,0.1622,0.1615,0.1606,0.1590,0.1560,0.1545,0.1537,0.1527,0.1518,0.1518,0.1516,0.1515,0.1503,0.1484,0.1467,0.1447,0.1439,0.1428,0.1420,0.1419,0.1418,0.1403,0.1401,0.1393,0.1388,0.1378,0.1375,0.1374,0.1367,0.1364,0.1363,0.1355,0.1352,0.1345,0.1341,0.1341,0.1338,0.1332,0.1331,0.1306,0.1304,0.1299,0.1270,0.1265,0.1265,0.1264,0.1220,0.1205,0.1204,0.1204,0.1195,0.1184,0.1173,0.1172,0.1150,0.1142,0.1140,0.1125,0.1124,0.1118,0.1107,0.1106,0.1106,0.1102,0.1101,0.1098,0.1087,0.1086,0.1079,0.1072,0.1068,0.1055,0.1049,0.1045,0.1036,0.1033,0.1031,0.1020,0.1017,0.1007,0.1000,0.1000,0.1000,0.1000,0.1000,0.1000,0.1000,0.1000,0.1000,0.1000,0.1000,0.1000,0.1000,0.1000,0.1000,0.1000,0.1000,0.1000,0.1000,0.1000,0.1000,0.1000,0.1000,0.1000,0.1000,0.1000,0.1000,0.1000,0.1000,0.1000,0.1000,0.1000,0.1000,0.1000,0.1000,0.1000,0.1000,0.1000,0.1000,0.1000,0.1000,0.1000,0.1000,0.1000,0.1000,0.1000,0.1000,0.1000,0.1000,0.1000,0.1000,0.1000,0.1000,0.1000,0.1000,0.1000,0.1000,0.1000,0.1000,0.1000,0.1000,0.1000,0.1000,0.1000,0.1000,0.0994,0.0990,0.0988,0.0986,0.0979,0.0976,0.0974,0.0960,0.0959,0.0957,0.0955,0.0953,0.0948,0.0945,0.0945,0.0940,0.0931,0.0927,0.0926,0.0923,0.0922,0.0922,0.0922,0.0920,0.0916,0.0916,0.0914,0.0907,0.0907,0.0903,0.0900,0.0894,0.0893,0.0875,0.0872,0.0870,0.0867,0.0867,0.0867,0.0855,0.0845,0.0844,0.0842,0.0837,0.0832,0.0830,0.0829,0.0827,0.0825,0.0825,0.0822,0.0821,0.0821,0.0814,0.0810,0.0810,0.0809,0.0803,0.0798,0.0797,0.0781,0.0778,0.0774,0.0770,0.0770,0.0770,0.0768,0.0764,0.0764,0.0762,0.0756,0.0755,0.0751,0.0750,0.0749,0.0740,0.0730,0.0730,0.0723,0.0709,0.0708,0.0703,0.0701,0.0699,0.0694,0.0693,0.0691,0.0688,0.0683,0.0681,0.0681,0.0675,0.0674,0.0670,0.0669,0.0662,0.0658,0.0657,0.0653,0.0652,0.0652,0.0651,0.0650,0.0648,0.0643,0.0641,0.0636,0.0631,0.0628,0.0626,0.0624,0.0623,0.0622,0.0622,0.0619,0.0614,0.0612,0.0607,0.0607,0.0607,0.0604,0.0601,0.0595,0.0595,0.0593,0.0589,0.0589,0.0586,0.0583,0.0580,0.0580,0.0577,0.0576,0.0570,0.0570,0.0569,0.0567,0.0563,0.0562,0.0561,0.0557,0.0557,0.0554,0.0552,0.0551,0.0549,0.0544,0.0536,0.0519,0.0518,0.0517,0.0508,0.0507,0.0504,0.0503,0.0500,0.0500,0.0497,0.0494,0.0493,0.0489,0.0482,0.0477,0.0473,0.0472,0.0469,0.0464,0.0464,0.0463,0.0456,0.0450,0.0449,0.0449,0.0435,0.0435,0.0435,0.0435,0.0434,0.0433,0.0431,0.0431,0.0428,0.0426,0.0420,0.0415,0.0414,0.0409,0.0409,0.0405,0.0405,0.0404,0.0404,0.0403,0.0403,0.0399,0.0389,0.0388,0.0388,0.0387,0.0387,0.0385,0.0380,0.0376,0.0373,0.0366,0.0357,0.0356,0.0354,0.0353,0.0350,0.0350,0.0349,0.0348,0.0347,0.0347,0.0339,0.0338,0.0333,0.0326,0.0326,0.0325,0.0323,0.0322,0.0321,0.0319,0.0317,0.0315,0.0312,0.0311,0.0306,0.0306,0.0306,0.0305,0.0305,0.0303,0.0294,0.0294,0.0291,0.0289,0.0287,0.0284,0.0281,0.0278,0.0278,0.0277,0.0277,0.0276,0.0275,0.0272,0.0270,0.0269,0.0267,0.0267,0.0266,0.0261,0.0256,0.0255,0.0253,0.0253,0.0251,0.0250,0.0250,0.0249,0.0248,0.0247,0.0246,0.0245,0.0244,0.0244,0.0244,0.0244,0.0244,0.0242,0.0240,0.0240,0.0239,0.0234,0.0228,0.0226,0.0225,0.0222,0.0221,0.0218,0.0214,0.0212,0.0212,0.0212,0.0211,0.0205,0.0204,0.0204,0.0201,0.0198,0.0196,0.0193,0.0191,0.0190,0.0189,0.0189,0.0185,0.0184,0.0181,0.0180,0.0179,0.0179,0.0177,0.0172,0.0167,0.0167,0.0166,0.0163,0.0162,0.0161,0.0160,0.0159,0.0159,0.0159,0.0156,0.0149,0.0148,0.0147,0.0146,0.0146,0.0144,0.0143,0.0142,0.0142,0.0138,0.0138,0.0137,0.0136,0.0134,0.0131,0.0131,0.0130,0.0128,0.0127,0.0127,0.0124,0.0124,0.0124,0.0122,0.0119,0.0119,0.0114,0.0114,0.0111,0.0110,0.0103,0.0102,0.0102,0.0101,0.0097,0.0096,0.0096,0.0095,0.0089,0.0089,0.0088,0.0085,0.0085,0.0082,0.0081,0.0080,0.0079,0.0078,0.0078,0.0078,0.0077,0.0076,0.0073,0.0070,0.0070,0.0070,0.0068,0.0068,0.0068,0.0067,0.0066,0.0062,0.0061,0.0060,0.0060,0.0058,0.0058,0.0055,0.0055,0.0055,0.0055,0.0055,0.0054,0.0054,0.0054,0.0052,0.0052,0.0052,0.0050,0.0050,0.0049,0.0048,0.0047,0.0046,0.0043,0.0043,0.0043,0.0042,0.0041,0.0040,0.0040,0.0039,0.0037,0.0036,0.0036,0.0035,0.0035,0.0034,0.0033,0.0032,0.0031,0.0031,0.0031,0.0031,0.0029,0.0028,0.0024,0.0023,0.0023,0.0022,0.0022,0.0021,0.0020,0.0020,0.0017,0.0010,0.0009,0.0006,0.0006,0.0001,0.0001,0.0001,0.0001
Max Drawdown ($),,,,statistic,Max Drawdown ($) for each solution,$0.97,$0.98,$0.98,$0.98,$0.98,$0.99,$0.99,$0.99,$0.99,$0.99,$0.99,$0.99,$0.99,$0.99,$0.99,$1.00,$1.00,$1.00,$1.00,$1.00,$0.98,$0.98,$0.98,$0.99,$0.99,$0.99,$0.98,$0.98,$0.97,$0.97,$0.98,$0.98,$0.98,$0.99,$0.98,$0.98,$0.98,$0.99,$0.99,$0.99,$0.98,$0.98,$0.99,$0.98,$0.99,$0.97,$0.99,$0.99,$0.98,$0.99,$0.97,$0.98,$0.97,$0.95,$0.97,$0.97,$0.98,$0.98,$0.98,$0.99,$0.98,$0.98,$0.98,$0.98,$0.98,$0.98,$0.97,$0.97,$0.97,$0.99,$1.00,$0.98,$0.97,$0.97,$0.99,$0.99,$0.98,$0.98,$0.98,$0.95,$0.97,$0.97,$0.99,$0.97,$0.98,$0.97,$0.98,$0.98,$0.97,$0.98,$0.98,$0.98,$0.97,$0.98,$0.97,$0.98,$0.99,$0.98,$0.97,$0.97,$0.97,$0.97,$0.98,$0.97,$0.96,$0.97,$0.98,$0.98,$0.98,$0.98,$0.98,$0.99,$0.98,$0.96,$0.99,$0.99,$0.98,$0.97,$0.97,$0.97,$0.96,$0.97,$0.97,$0.97,$0.97,$0.97,$0.98,$0.98,$0.98,$0.96,$0.97,$0.97,$0.99,$0.97,$0.98,$0.97,$0.97,$0.97,$0.97,$0.97,$0.97,$0.97,$0.97,$0.97,$0.97,$0.97,$0.99,$0.97,$1.00,$1.00,$0.96,$0.94,$0.96,$0.94,$0.96,$0.94,$0.98,$0.97,$0.97,$0.97,$0.97,$0.98,$0.97,$0.99,$0.93,$0.95,$0.96,$0.96,$0.98,$0.99,$0.99,$0.99,$1.00,$1.00,$1.00,$1.00,$1.00,$1.00,$0.95,$1.00,$1.00,$0.98,$0.99,$1.00,$0.97,$0.98,$0.98,$1.00,$0.99,$0.98,$0.99,$0.92,$0.95,$0.97,$0.99,$0.97,$0.92,$0.95,$0.96,$0.96,$0.98,$0.95,$0.99,$0.95,$0.95,$0.96,$0.95,$0.96,$0.98,$0.98,$0.98,$0.96,$0.97,$0.96,$0.95,$0.93,$0.91,$0.93,$0.93,$0.98,$0.96,$0.96,$0.90,$0.93,$0.94,$0.96,$0.97,$0.98,$0.94,$0.90,$0.90,$0.98,$0.91,$0.96,$0.94,$0.93,$0.93,$0.92,$0.93,$0.95,$0.97,$0.94,$0.88,$0.94,$0.89,$0.93,$0.93,$0.90,$0.97,$0.90,$0.90,$0.94,$0.93,$0.94,$0.98,$0.95,$0.97,$0.90,$0.91,$0.95,$0.94,$0.97,$0.91,$0.96,$0.97,$0.91,$0.97,$0.97,$0.97,$0.88,$0.89,$0.96,$0.96,$0.93,$0.94,$0.95,$0.94,$0.97,$0.92,$0.95,$0.98,$1.00,$0.95,$0.95,$0.97,$0.94,$0.97,$0.85,$0.85,$0.94,$0.86,$0.98,$0.95,$0.89,$0.80,$0.91,$0.96,$0.95,$0.92,$0.90,$0.87,$0.82,$0.87,$0.88,$0.91,$0.87,$0.93,$0.95,$0.95,$0.83,$0.91,$0.74,$0.88,$0.82,$0.82,$0.83,$0.89,$0.98,$0.93,$0.89,$0.95,$0.93,$0.88,$0.93,$0.93,$0.94,$0.87,$0.92,$0.76,$0.82,$0.99,$0.96,$0.90,$0.82,$0.82,$0.95,$0.87,$0.90,$0.90,$0.87,$0.86,$0.91,$0.87,$0.91,$0.82,$0.82,$0.93,$0.94,$0.87,$0.98,$0.88,$0.95,$0.92,$0.86,$0.93,$0.87,$0.87,$0.81,$0.86,$0.87,$0.91,$0.83,$0.74,$0.73,$0.72,$0.94,$0.95,$0.91,$0.74,$0.47,$0.98,$0.74,$0.85,$0.83,$0.83,$0.92,$0.89,$0.81,$0.72,$0.78,$0.72,$0.64,$0.86,$0.85,$0.86,$0.86,$0.66,$0.83,$0.94,$0.97,$0.78,$0.82,$0.71,$0.84,$0.66,$0.77,$0.94,$0.80,$0.84,$0.76,$0.80,$0.78,$0.76,$0.69,$0.88,$0.52,$0.76,$0.80,$0.93,$0.87,$0.78,$0.88,$0.94,$0.73,$0.72,$0.97,$0.80,$0.77,$0.64,$0.91,$0.93,$0.85,$0.62,$0.85,$0.89,$0.87,$0.60,$0.96,$0.96,$0.97,$0.97,$0.97,$0.98,$0.98,$0.98,$0.98,$0.99,$0.99,$0.99,$0.99,$0.99,$0.99,$0.99,$0.99,$0.99,$0.99,$0.99,$0.99,$0.99,$0.99,$1.00,$1.00,$1.00,$1.00,$1.00,$1.00,$1.00,$1.00,$1.00,$1.00,$1.00,$1.00,$1.00,$1.00,$1.00,$1.00,$1.00,$1.00,$1.00,$1.00,$1.00,$1.00,$1.00,$1.00,$1.00,$1.00,$1.00,$1.00,$1.00,$1.00,$1.00,$1.00,$1.00,$1.00,$1.00,$1.00,$1.00,$1.00,$1.00,$1.00,$1.00,$0.98,$0.98,$0.77,$0.99,$1.00,$1.00,$0.94,$0.97,$0.58,$0.99,$0.99,$1.00,$0.99,$0.96,$0.79,$0.99,$0.99,$0.65,$0.75,$1.00,$1.00,$0.76,$0.76,$0.88,$0.99,$0.86,$0.74,$0.68,$0.73,$0.72,$0.98,$0.91,$1.00,$0.72,$0.88,$0.75,$1.00,$0.75,$0.62,$0.63,$0.46,$0.71,$0.94,$0.71,$0.69,$0.47,$0.79,$0.53,$0.98,$0.62,$0.98,$0.64,$0.74,$0.62,$0.74,$0.97,$0.90,$0.57,$0.86,$0.68,$0.95,$0.95,$0.90,$0.65,$0.99,$0.99,$0.99,$0.79,$0.87,$0.62,$0.99,$0.73,$0.74,$0.37,$0.51,$0.70,$0.95,$0.89,$0.70,$0.69,$0.84,$0.69,$0.74,$0.99,$0.46,$1.00,$0.90,$0.57,$0.63,$0.95,$0.75,$0.75,$0.67,$0.67,$0.94,$0.59,$0.83,$0.62,$0.48,$0.81,$0.60,$0.56,$0.53,$0.68,$0.92,$0.75,$0.64,$0.62,$0.84,$0.86,$0.98,$0.60,$0.88,$1.00,$1.00,$0.89,$0.75,$0.37,$0.70,$0.95,$0.80,$0.67,$0.95,$0.53,$0.66,$0.47,$0.96,$0.78,$0.94,$0.84,$0.58,$0.94,$0.61,$0.41,$0.88,$0.95,$0.80,$0.86,$0.80,$1.00,$0.71,$0.52,$1.00,$0.51,$0.79,$1.00,$0.75,$0.44,$0.88,$0.78,$0.74,$0.70,$0.91,$0.86,$0.79,$0.46,$0.99,$1.00,$0.52,$0.79,$0.75,$0.62,$0.38,$0.66,$0.89,$0.20,$0.70,$0.34,$0.37,$0.61,$0.67,$0.61,$0.86,$0.75,$0.89,$0.47,$0.47,$0.57,$0.80,$0.57,$0.75,$0.72,$0.77,$0.75,$0.60,$0.57,$0.86,$0.41,$0.25,$0.35,$0.34,$0.67,$0.53,$0.88,$0.80,$0.20,$0.67,$0.77,$0.77,$0.38,$0.66,$0.71,$0.78,$0.55,$0.67,$0.08,$0.50,$0.83,$0.66,$0.15,$0.51,$0.80,$0.61,$0.71,$0.00,$0.00,$0.57,$0.77,$0.00,$0.62,$0.69,$0.00,$0.70,$0.55,$0.67,$0.65,$0.13,$0.47,$0.12,$0.72,$0.10,$0.10,$0.82,$0.07,$0.07,$0.66,$0.76,$0.66,$0.45,$0.52,$0.47,$0.32,$0.20,$0.35,$0.77,$0.53,$0.20,$0.81,$0.76,$0.00,$0.45,$0.45,$0.84,$0.64,$0.32,$0.50,$0.23,$0.68,$0.51,$0.65,$0.63,$0.61,$0.84,$0.27,$0.78,$0.71,$0.31,$0.84,$0.51,$0.54,$0.55,$0.55,$0.55,$0.53,$0.86,$0.58,$0.77,$0.71,$0.43,$0.00,$0.80,$0.71,$0.52,$0.80,$0.54,$0.12,$0.12,$0.35,$0.77,$0.58,$0.00,$0.70,$0.51,$0.70,$0.50,$0.80,$0.00,$0.40,$0.75,$0.79,$0.45,$0.49,$0.63,$0.58,$0.12,$0.09,$0.11,$0.00,$0.58,$0.57,$0.66,$0.08,$0.09,$0.41,$0.45,$0.44,$0.49,$0.41,$0.27,$0.62,$0.20,$0.58,$0.55,$0.66,$0.82,$0.16,$0.65,$0.23,$0.63,$0.29,$0.48,$0.72,$0.46,$0.59,$0.58,$0.54,$0.28,$0.60,$0.36,$0.40,$0.45,$0.72,$0.76,$0.44,$0.76,$0.24,$0.81,$0.38,$0.73,$0.54,$0.29,$0.15,$0.27,$0.31,$0.26,$0.58,$0.41,$0.59,$0.54,$0.29,$0.25,$0.15,$0.76,$0.84,$0.66,$0.22,$0.45,$0.51,$0.32,$0.66,$0.41,$0.39,$0.53,$0.55,$0.50,$0.43,$0.49,$0.68,$0.71,$0.45,$0.44,$0.31,$0.71,$0.21,$0.28,$0.50,$0.40,$0.49,$0.30,$0.40,$0.70,$0.12,$0.36,$0.52,$0.21,$0.38,$0.74,$0.05,$0.05,$0.08,$0.68,$0.33,$0.36,$0.17,$0.37,$0.60,$0.39,$0.51,$0.52,$0.53,$0.61,$0.52,$0.13,$0.17,$0.66,$0.15,$0.16,$0.14,$0.22,$0.48,$0.17,$0.25,$0.11,$0.52,$0.51,$0.66,$0.20,$0.12,$0.18,$0.00,$0.06,$0.12,$0.22,$0.26,$0.17,$0.15,$0.08,$0.08,$0.00,$0.00,$0.00,$0.00
Profit Factor,,,,statistic,Profit Factor for each solution,0.3455,0.3517,0.3071,0.3336,0.2372,0.2929,0.2183,0.2277,0.1691,0.1800,0.1800,0.1798,0.1464,1.0000,0.8612,1.0000,1.0000,1.0000,1.0000,1.0000,0.3691,0.3673,0.3103,0.2192,0.2306,0.3787,0.2605,0.2605,0.3037,0.3055,0.3300,0.3010,0.3106,0.1110,0.2742,0.2862,0.2734,0.1404,0.1404,0.1415,0.4068,0.4088,0.9933,0.4230,0.1396,0.4150,0.1381,0.1215,0.6143,0.2533,0.3108,0.2610,0.3916,0.4961,0.4619,0.4620,0.3169,0.2537,0.6284,0.9689,0.2156,0.2156,0.3229,0.3304,0.1448,0.6192,0.5867,0.3431,0.2741,0.1769,0.8181,0.2177,0.3748,0.4143,0.2086,0.2066,0.2561,0.3094,0.3470,0.3829,0.3007,0.5571,0.1328,0.2667,0.3383,0.2389,0.2252,0.2152,0.2871,0.2939,0.3084,0.2245,0.3859,0.4896,0.5422,0.3165,0.2943,0.2247,0.2860,0.4743,0.2214,0.1711,0.2939,0.2960,0.5087,0.4480,0.3442,0.3260,0.3260,0.3209,0.3209,1.0000,0.3163,0.4011,1.0000,1.0000,0.3888,0.2932,0.1825,0.3030,0.2897,0.4684,0.3700,0.2572,0.2572,0.3798,0.2624,0.1914,0.1914,0.2915,0.3245,0.3010,0.2593,0.4107,0.3012,0.2372,0.3960,0.3960,0.4063,0.3174,0.3986,0.3348,0.3926,0.3848,0.3879,0.3710,1.0000,0.3554,1.0000,1.0000,0.4078,0.3433,0.3312,0.2129,0.4764,0.2127,0.1199,0.3536,0.3327,0.3638,0.3376,0.2537,0.3368,0.8537,0.3192,0.2954,0.4490,0.3690,0.0889,0.0607,0.0718,0.0943,0.5280,0.5650,0.5650,1.0000,0.8248,1.0000,0.3663,0.4925,0.4925,0.1019,0.4876,0.4943,0.2468,1.0000,1.0000,1.0000,0.4305,0.1110,0.0596,0.3873,0.1657,0.3488,0.0969,0.3056,0.3690,0.3237,0.3226,0.3247,0.1767,0.3344,0.0926,0.3394,0.3344,0.2167,0.3202,0.2556,0.0857,0.1021,0.1128,0.4853,0.4799,0.0696,0.1774,0.4587,0.1580,0.2916,0.1839,0.1319,0.2959,0.1204,0.1389,0.2211,0.3452,0.3599,0.1344,0.1251,0.4442,0.2387,0.1857,0.1116,0.1640,0.3780,0.5330,0.2698,0.2189,0.2676,0.3755,0.3882,0.1451,0.2257,0.2651,0.2238,0.4257,0.4779,0.4918,0.4189,0.1281,0.2238,0.2272,0.2575,0.2100,0.1292,0.1124,0.3382,0.1198,0.2154,0.2234,0.2458,0.2405,0.0628,0.2193,0.2061,0.1635,0.2109,0.1573,0.1306,0.1576,0.1419,0.3882,0.1526,0.1221,0.4041,0.1382,0.3270,0.2447,0.1611,0.3615,0.4756,0.4103,0.6000,0.4780,0.4778,0.0452,0.4963,0.0701,0.1730,0.1740,0.3616,0.1596,0.0503,0.5987,0.6175,0.1678,0.5054,0.1741,0.1598,0.1249,0.2463,0.2296,0.1699,0.3465,0.3146,0.5764,0.5254,0.5644,0.5444,0.1550,0.4513,0.6311,0.1598,0.4716,0.6736,0.5069,0.1460,0.1462,0.0584,0.6116,0.1544,0.1131,0.6967,0.1591,0.3823,0.3823,0.1046,0.4205,0.4257,0.1886,0.2683,0.4142,0.1384,0.6786,0.3550,0.3541,0.1332,0.1591,0.8043,0.4419,0.1240,0.1019,0.4618,0.1704,0.2825,0.7430,0.7430,0.3169,0.0544,0.1699,0.0596,0.3179,0.1542,0.2292,0.5879,0.3849,0.6415,0.6415,0.7626,0.4335,0.1639,0.4375,0.3430,0.3183,0.2807,0.3175,0.0795,0.1298,0.0615,0.1756,0.0375,0.0575,0.1194,0.5211,0.2989,0.2967,0.2984,0.3765,0.8413,0.1871,0.3681,0.1868,0.1617,0.1294,0.5346,0.5186,0.5182,0.1584,0.1384,0.1138,0.0692,0.5856,0.5721,0.2827,0.6850,0.1425,0.6288,0.1193,0.1114,0.5179,0.7092,0.5130,0.4175,0.4271,0.1991,0.3667,0.1795,0.6312,0.6564,0.0795,0.7074,0.4423,0.1771,0.1099,0.3781,0.5355,0.0399,0.8248,0.5932,0.2922,0.0962,0.0981,0.4526,0.2745,0.0496,0.5166,0.1678,0.1968,0.0220,0.0210,0.0234,0.0234,0.0215,0.0223,0.0234,0.1005,0.3177,0.1164,0.2481,0.1010,0.0995,0.4327,0.0198,0.1154,0.1154,0.0198,0.0193,0.3460,0.0187,0.0185,0.2590,0.1527,0.4529,0.3156,0.0954,0.0943,0.0949,0.0947,0.2325,0.2330,0.3384,0.2389,0.2300,0.2271,0.4530,0.2481,0.2523,0.1083,0.2448,0.3061,0.0906,0.2955,0.3006,0.0899,0.3190,0.3280,0.3217,0.3325,0.3182,0.3097,0.1237,0.3344,0.1574,0.3017,0.1500,0.3263,0.3263,0.3217,0.3201,0.3201,0.3201,0.0915,0.0227,0.1069,0.3901,0.0191,0.2312,0.4054,0.0640,0.0158,0.1723,0.0292,0.0278,0.0899,0.0123,0.0763,0.4725,0.0603,0.0244,0.4156,0.6270,0.2300,0.3738,0.5183,0.5183,0.0696,0.1410,0.5419,0.5761,0.1333,0.7091,0.4292,0.0290,0.1603,0.0817,0.5258,0.6606,0.5451,0.2679,0.5756,0.2114,0.3751,0.1979,0.5598,0.0398,0.6841,0.4776,0.3450,0.8575,0.3590,0.2102,0.4704,0.0819,0.4912,0.7371,0.5300,0.6432,0.0242,0.1679,0.3705,0.2036,0.5098,0.0138,0.0112,0.0058,0.6752,0.0105,0.0105,0.0105,0.8258,0.0928,0.6814,0.0194,0.4301,0.7067,0.2404,0.5832,0.6468,0.0152,0.0066,0.8093,0.7398,0.1337,0.2545,0.5934,0.0096,0.3374,0.0668,0.0480,0.4262,0.4832,0.0680,0.8280,0.8280,0.7552,0.7121,0.0255,0.6165,0.1920,0.7062,0.3511,0.1534,0.7178,0.6080,0.3829,0.7782,0.0192,0.0524,0.6857,0.4445,0.8344,0.0638,0.0313,0.5447,0.7710,0.1533,0.0586,0.0658,0.9094,0.3441,0.8829,0.0131,0.8616,0.2518,0.0152,0.6236,0.8860,0.5325,0.0134,0.2292,0.0108,0.0487,0.6268,0.0121,0.6465,0.5768,0.0473,0.0111,0.7698,0.0122,0.9087,0.0585,0.0338,0.5516,0.0505,0.4804,0.8055,0.1169,0.2048,0.2154,0.0876,0.0833,0.9079,0.0052,0.0681,0.0584,0.2273,0.4490,0.0566,0.0653,0.1175,0.2412,0.8157,0.4591,0.3637,0.8763,0.0723,0.2637,0.6620,0.3916,0.5673,0.0499,0.0657,0.8051,0.0868,0.1945,0.0909,0.5136,0.5136,0.1937,0.5673,0.6238,0.8980,0.5478,0.2585,0.0454,0.2679,0.0653,0.0592,0.6135,0.0049,0.4892,0.3833,0.0727,0.5096,0.0736,0.7753,0.1278,0.2746,0.8687,0.8687,0.6081,0.2261,0.0340,0.7610,0.0648,0.4913,0.0044,0.6402,0.0941,0.2239,0.0344,0.2351,0.7611,0.5317,0.0920,0.0324,0.0324,0.7011,0.7910,0.0330,0.8071,0.7457,0.0244,0.7924,0.7226,0.8263,0.2264,0.1128,0.0345,0.0338,0.8922,0.0338,0.0338,0.0375,0.0338,0.0338,0.8599,0.0820,0.2297,0.1869,0.0214,0.4534,0.1243,0.0351,0.0353,0.1158,0.6331,0.0326,0.0520,0.1020,0.0318,0.1932,0.2346,0.9875,0.8210,0.0351,0.5720,0.0231,0.7546,0.0371,0.1442,0.7596,0.2554,0.0387,0.0353,0.0723,0.6684,0.0353,0.0388,0.6013,0.2795,0.0355,0.0355,0.0355,0.0355,0.0393,0.7334,0.1021,0.5772,0.2016,0.0223,0.0378,0.0761,0.6762,0.0968,0.0880,0.0262,0.0262,0.3534,0.0835,0.0978,0.0330,0.0920,0.1198,0.5292,0.2808,0.1110,0.0339,0.2233,0.9718,0.0515,0.2158,0.2711,0.8120,0.6585,0.0225,0.0225,0.0225,0.0219,0.0904,0.1028,0.2733,0.0342,0.0342,0.1543,0.4323,0.1068,0.1773,0.1189,0.3395,0.5445,0.4573,0.2539,0.6865,0.7825,0.2852,0.1947,0.1045,0.3823,0.5994,0.1133,0.2255,0.0374,0.5682,0.5998,0.6384,0.6924,0.1617,0.5213,0.6668,0.1753,0.2312,0.9589,0.2824,0.2495,0.0435,0.1612,0.9370,0.2619,0.9412,0.1055,0.0701,0.0870,0.0697,0.3091,0.1827,0.0995,0.1241,0.2522,0.7380,0.0681,0.1246,0.1204,0.0387,0.0389,0.6599,0.2363,0.3957,0.0940,0.0719,0.0432,0.0381,0.0964,0.7220,0.0430,0.0370,0.0374,0.0860,0.1171,0.0478,0.0381,0.0374,0.0765,0.2984,0.1558,0.2799,0.6963,0.3965,0.6751,0.1707,0.1011,0.0379,0.1437,0.2048,0.0381,0.0827,0.0384,0.8866,0.1371,0.1371,0.1372,0.0465,0.0911,0.1153,0.1236,0.0371,0.8417,0.0448,0.5912,0.0391,0.0416,0.0417,0.7828,0.1471,0.0376,0.1310,0.0978,0.0862,0.0954,0.1111,0.0435,0.2602,0.1362,0.0395,0.0384,0.0443,0.0462,0.0425,0.0468,0.0376,0.0010,0.0749,0.0695,0.1354,0.0427,0.0347,0.0347,0.0378,0.0378,0.0008,0.0014,0.0013,0.0001
Avg Trades/Day,,,,statistic,Avg Trades/Day for each solution,3.649,3.448,3.768,3.469,4.527,4.533,5.399,4.938,5.534,5.534,5.534,5.547,5.748,3.166,5.748,4.087,4.754,5.244,5.822,4.806,3.423,3.382,4.370,5.530,5.121,3.340,4.853,4.853,3.995,4.012,4.046,4.341,3.903,5.118,5.465,5.077,5.476,5.693,5.693,5.836,3.417,3.396,3.413,3.351,5.927,3.400,5.965,5.998,1.050,5.516,3.916,5.173,3.468,3.099,3.782,3.316,4.011,5.193,1.050,2.729,5.983,5.983,4.250,4.439,5.056,1.120,1.029,4.237,4.009,5.220,5.286,5.555,4.236,4.153,5.487,5.525,5.460,5.131,4.741,3.670,5.165,3.298,5.762,4.490,4.468,4.995,5.662,5.899,5.529,5.176,5.153,5.983,4.620,3.347,3.376,5.153,5.195,5.911,5.236,3.680,5.725,5.887,5.748,5.236,3.416,3.918,4.942,5.362,5.362,5.469,5.469,4.344,5.469,4.412,4.344,4.344,4.114,4.670,5.592,5.630,4.647,3.619,5.030,5.792,5.792,4.992,5.750,5.827,5.827,5.976,5.608,5.795,5.980,4.613,5.976,5.785,4.843,4.843,4.812,4.153,4.704,4.942,4.979,4.695,4.670,5.216,1.554,5.446,4.841,4.920,4.142,3.610,5.772,4.335,3.667,4.416,5.985,5.809,5.887,5.409,5.815,5.548,5.903,1.559,5.663,5.512,4.466,4.809,7.262,8.022,7.573,8.475,8.986,8.571,8.571,8.277,6.739,6.750,2.758,7.107,7.107,7.977,7.553,7.147,5.497,7.101,7.101,8.084,7.232,7.611,8.672,2.006,5.272,5.442,8.779,4.114,3.328,3.803,3.999,3.343,5.983,3.383,8.519,3.310,3.255,5.815,3.709,4.938,8.093,8.478,6.116,3.508,3.563,5.384,5.785,3.342,4.424,3.954,4.310,6.033,3.842,8.015,4.894,1.572,4.559,4.140,7.246,6.340,4.061,5.495,5.093,8.318,5.404,3.965,3.335,4.760,5.340,4.803,4.123,4.547,7.398,5.701,2.676,5.701,4.313,3.489,3.238,4.413,6.055,4.459,4.336,5.870,4.252,5.833,8.449,5.019,8.217,4.829,4.528,5.150,5.285,8.175,4.660,5.885,6.231,4.939,6.100,8.771,6.060,5.411,4.776,7.596,8.386,5.082,5.821,5.476,5.903,6.033,5.325,3.752,10.704,9.525,3.640,3.640,11.404,4.283,8.557,3.265,3.236,5.663,3.809,11.903,3.415,3.331,3.185,3.969,6.923,7.075,5.951,5.141,1.407,3.228,3.791,4.319,3.412,4.188,3.456,4.383,8.556,3.166,3.578,3.126,4.482,3.665,3.941,4.798,4.543,9.461,3.350,5.842,7.543,3.049,4.486,5.841,5.841,8.685,3.917,4.789,3.042,3.476,7.121,7.366,3.221,3.504,3.494,6.584,4.753,1.777,5.471,3.723,5.596,4.606,5.568,5.733,3.200,3.200,5.708,8.007,5.596,9.632,4.759,7.568,5.891,4.379,5.334,4.567,4.567,3.034,4.504,5.862,5.399,3.628,3.704,4.658,3.546,6.062,6.677,8.925,4.966,6.635,9.612,2.429,5.085,5.671,5.703,5.977,5.895,3.347,3.172,5.880,3.172,3.984,4.955,4.937,5.098,5.102,3.998,5.202,8.290,10.350,3.738,4.416,3.053,3.400,4.048,4.316,7.590,5.165,4.692,3.622,5.649,4.094,4.124,4.664,5.929,4.337,3.739,4.511,6.130,3.535,5.716,7.791,6.008,5.375,4.894,10.512,3.591,4.856,4.537,6.817,7.048,5.833,4.408,8.540,5.074,6.641,4.176,114.191,119.883,104.255,104.255,121.037,151.224,46.719,57.502,23.189,56.583,23.193,75.246,173.300,76.721,211.701,132.727,132.727,281.689,288.375,199.426,369.752,430.586,268.057,268.394,187.654,307.107,309.860,423.178,450.557,454.131,560.020,558.540,287.221,487.823,582.292,598.222,58.681,568.721,535.716,603.438,574.326,459.200,605.642,584.512,587.752,620.849,421.863,385.419,421.428,360.893,440.323,498.468,602.653,351.084,605.091,591.848,606.066,450.830,450.830,468.933,505.309,505.309,505.309,606.999,111.959,23.446,5.014,295.596,565.857,79.571,8.093,275.841,5.763,230.174,242.136,618.038,392.157,10.295,5.992,234.277,58.955,4.131,4.519,371.177,96.558,5.233,5.233,8.033,289.058,5.060,5.064,5.447,3.653,5.715,149.192,8.564,603.813,2.451,3.883,5.639,586.204,5.350,3.922,4.356,4.714,4.893,10.535,3.227,4.355,5.514,3.056,5.449,116.050,4.879,72.758,4.530,3.883,3.125,4.296,24.294,8.103,5.421,8.818,5.866,20.777,79.840,152.071,4.636,329.251,329.251,329.258,3.318,8.207,3.543,159.364,5.941,5.220,3.849,3.209,5.430,196.853,123.934,3.683,4.494,7.629,5.142,5.640,331.146,4.613,440.654,8.966,4.190,4.054,9.025,3.824,3.824,4.318,3.958,11.930,4.793,7.411,4.361,4.326,8.648,3.520,4.869,5.366,3.835,19.990,6.372,4.753,5.640,3.547,10.025,59.714,5.427,3.949,619.091,620.340,10.719,3.229,4.276,3.231,50.809,4.260,5.584,155.270,5.639,3.890,4.578,202.875,8.637,127.071,8.862,4.701,57.285,4.249,4.063,10.908,63.458,4.131,54.391,3.558,626.396,277.128,3.861,627.391,5.913,4.108,629.941,8.780,4.581,9.295,8.095,3.515,169.296,11.006,8.856,8.788,4.420,291.914,608.892,5.698,7.599,4.278,5.991,5.389,3.623,11.782,4.048,4.985,4.331,4.532,7.375,6.599,4.253,9.230,6.452,11.901,4.560,4.560,7.999,5.825,5.133,3.791,5.916,6.489,7.891,8.016,7.562,10.999,4.008,170.888,4.733,4.901,6.203,5.096,11.312,4.420,4.539,6.276,4.043,4.043,3.960,8.224,140.599,4.434,7.536,5.960,178.727,3.828,11.297,8.920,264.210,8.731,4.594,5.697,8.060,250.557,250.557,3.571,4.346,249.227,3.285,4.781,294.809,4.528,4.096,4.253,8.958,4.648,152.030,213.087,3.339,212.957,212.904,56.360,212.533,212.609,4.086,10.681,8.951,7.607,310.430,5.750,6.315,196.711,204.197,10.192,4.951,286.269,9.721,10.996,295.441,8.233,6.367,3.135,3.280,161.457,5.678,330.803,4.496,95.510,7.361,4.426,8.693,44.164,150.308,11.697,4.895,149.685,44.563,4.104,7.232,105.442,105.442,105.442,105.446,45.057,4.690,10.141,5.819,8.681,298.797,57.600,10.693,4.117,11.785,7.276,303.079,303.079,5.517,11.463,4.840,185.571,9.917,10.303,5.841,6.889,11.450,191.877,6.179,3.515,9.309,6.244,7.650,3.298,5.543,304.278,301.787,304.882,311.340,11.387,11.406,8.650,144.735,145.375,8.337,5.346,9.719,8.770,11.633,4.198,5.699,4.530,8.325,3.319,4.760,6.135,5.710,11.676,5.744,5.906,8.512,7.908,14.278,5.966,5.748,4.391,3.453,7.118,5.779,4.644,6.683,7.768,3.435,6.328,7.094,12.460,5.836,3.665,7.061,3.463,11.645,11.004,9.515,11.010,4.790,6.926,11.974,7.165,8.423,3.787,11.690,8.272,7.969,19.275,12.992,4.961,7.645,5.521,11.816,9.726,12.820,30.690,9.255,4.301,20.202,24.890,23.691,11.689,11.714,13.241,19.810,24.214,11.249,6.267,6.906,8.614,4.774,5.959,4.926,8.517,9.020,20.565,6.423,8.718,14.699,11.679,22.374,3.780,8.605,8.605,8.598,13.522,11.581,9.761,7.726,21.829,3.197,12.960,5.432,23.402,21.416,20.265,3.547,7.105,16.535,10.305,10.862,11.160,10.576,11.357,16.448,7.137,9.508,10.301,22.749,15.854,13.170,15.649,13.844,13.473,312.791,9.486,9.583,9.299,16.900,23.992,23.927,19.191,19.191,324.925,316.125,339.868,559.780
Total Profit (norm),,,,statistic,Total Profit (norm) for each solution,0.6729,0.6347,0.6975,0.7034,0.5718,0.8389,0.7810,0.6483,0.9855,0.9734,0.9734,0.9792,0.6878,0.6840,0.6374,0.7570,0.5879,0.7420,0.8189,0.8629,0.6258,0.6241,0.8307,0.8313,0.6807,0.6053,0.7757,0.7757,0.6925,0.6967,0.6766,0.7090,0.6166,1.0000,0.8949,0.6120,0.8937,1.0000,1.0000,0.7536,0.6726,0.6664,0.6657,0.5932,0.7616,0.5981,0.7633,0.7628,0.4526,0.9325,0.7422,0.8336,0.6069,0.7985,0.7422,0.6530,0.8337,0.8438,0.4540,0.6034,0.8729,0.8729,0.7093,0.7602,1.0000,0.4869,0.4433,0.7379,0.7407,0.9094,0.8938,0.8534,0.7625,0.7621,0.9471,0.9540,0.8471,0.8170,0.8339,0.6350,0.8330,0.6129,1.0000,0.5464,0.8135,0.8600,0.9370,0.9766,0.9320,0.8668,0.8819,0.8502,0.8278,0.5623,0.6606,0.8874,0.8365,0.6519,0.9034,0.6359,0.6954,0.9292,0.9984,0.9135,0.6747,0.6700,0.8852,0.9052,0.9052,0.9255,0.9255,0.2865,0.9082,0.7197,0.2869,0.2869,0.8310,0.6607,0.8845,0.9412,0.7378,0.6407,0.8015,0.9973,0.9973,0.7316,0.9784,1.0000,1.0000,0.9964,0.9168,0.9649,0.9330,0.7676,0.9747,1.0000,0.7775,0.7775,0.7909,0.8457,0.7602,0.8544,0.7833,0.5887,0.5859,0.7894,0.4047,0.6805,0.9317,0.9488,0.7382,0.6984,0.8035,0.9992,0.5600,1.0000,0.9418,0.7425,0.7528,0.7264,0.8106,1.0000,0.8044,0.3038,0.8342,0.9787,0.5071,0.7796,1.0000,1.0000,0.7957,1.0000,1.0000,1.0000,1.0000,1.0000,1.0000,0.9718,0.4546,0.4777,0.4777,0.9180,0.5072,0.4793,1.0000,1.0000,1.0000,1.0000,0.8580,1.0000,1.0000,0.3554,1.0000,0.6893,1.0000,0.9343,0.5467,0.4903,0.5355,0.8532,0.9059,0.8129,0.8955,0.7879,0.7879,1.0000,0.8211,1.0000,1.0000,0.9601,0.9567,0.3422,0.3450,1.0000,0.8581,0.4109,1.0000,0.9312,1.0000,0.8556,0.8385,1.0000,1.0000,0.6552,0.4504,0.4571,0.9891,0.9930,0.3979,0.8092,1.0000,0.9109,1.0000,0.4547,0.4129,0.9617,0.9364,0.9637,0.4310,0.5126,0.9869,0.8961,0.7202,0.8782,0.5624,0.4301,0.3901,0.5744,0.9509,0.9252,0.9041,0.7144,0.9988,1.0000,1.0000,0.5384,0.9310,0.9370,0.9323,1.0000,1.0000,0.9064,0.9543,0.6785,0.7707,0.9612,0.8402,1.0000,0.8340,1.0000,0.5041,0.7884,1.0000,0.4301,0.8099,0.5369,0.5419,0.8199,0.5824,0.2876,1.0000,1.0000,0.2653,0.2638,1.0000,0.3287,0.9999,0.6307,0.6269,0.4571,0.8425,1.0000,0.2925,0.3325,0.6727,0.3196,1.0000,0.6565,1.0000,0.3259,0.5194,0.6207,0.6228,0.6728,0.2211,0.2877,0.2423,0.3130,0.7138,0.1986,0.2705,0.6220,0.3744,0.2609,0.2721,0.6622,0.6588,0.9507,0.2755,0.8049,0.8728,0.2460,0.6336,0.4657,0.4657,1.0000,0.3762,0.3075,0.4819,0.4230,1.0000,0.7906,0.2294,0.4019,0.3873,0.8432,0.6034,0.4395,0.3487,0.9997,0.7469,0.3096,0.4782,0.4279,0.2277,0.2277,0.4918,1.0000,0.4652,0.8825,0.2894,0.7445,0.5495,0.2721,0.3706,0.3157,0.3157,0.2068,0.3506,0.4636,0.3570,0.2887,0.4616,0.3944,0.3001,1.0000,0.6928,1.0000,0.6544,0.0364,1.0000,0.5511,0.2700,0.4638,0.4683,0.3232,0.4055,0.2565,0.4861,0.3885,0.4817,0.5400,0.7795,0.2608,0.2608,0.2606,0.5495,0.4114,0.7207,0.9257,0.2135,0.2041,0.3135,0.1681,0.5617,0.2131,0.6861,0.5088,0.2548,0.1925,0.3418,0.2529,0.2984,0.4100,0.4125,0.5776,0.2401,0.2448,1.0000,0.2109,0.3102,0.5223,0.8345,0.3163,0.2796,1.0000,0.2095,0.2514,0.4661,0.6266,0.5765,0.3607,0.2862,0.6511,0.2838,0.4008,0.3233,1.0000,1.0000,1.0000,1.0000,1.0000,1.0000,1.0000,1.0000,1.0000,1.0000,1.0000,1.0000,1.0000,1.0000,1.0000,1.0000,1.0000,1.0000,1.0000,1.0000,1.0000,1.0000,1.0000,1.0000,1.0000,1.0000,1.0000,1.0000,1.0000,1.0000,1.0000,1.0000,1.0000,1.0000,1.0000,1.0000,1.0000,1.0000,1.0000,1.0000,1.0000,1.0000,1.0000,1.0000,1.0000,1.0000,1.0000,1.0000,1.0000,1.0000,1.0000,1.0000,1.0000,1.0000,1.0000,1.0000,1.0000,1.0000,1.0000,1.0000,1.0000,1.0000,1.0000,1.0000,1.0000,1.0000,0.2033,1.0000,1.0000,1.0000,0.9058,1.0000,0.4307,1.0000,1.0000,1.0000,1.0000,0.7120,0.2760,1.0000,1.0000,0.2594,0.1888,1.0000,1.0000,0.2446,0.2446,0.7098,1.0000,0.2143,0.2283,0.5465,0.2173,0.3279,1.0000,0.5673,1.0000,0.1738,0.1616,0.2550,1.0000,0.2446,0.2581,0.2693,0.3000,0.1916,0.7341,0.1920,0.1917,0.3001,0.1651,0.2651,1.0000,0.1803,1.0000,0.2484,0.1723,0.1638,0.1952,1.0000,0.6707,0.2116,0.4913,0.2610,1.0000,1.0000,1.0000,0.1764,1.0000,1.0000,1.0000,0.1627,0.8622,0.1379,1.0000,0.2045,0.3139,0.2044,0.1397,0.2870,1.0000,1.0000,0.2075,0.2274,0.5305,0.3042,0.2488,1.0000,0.2328,1.0000,0.4718,0.1433,0.1914,0.7870,0.1647,0.1647,0.1994,0.1594,0.7321,0.2291,0.3960,0.1930,0.1989,0.5388,0.1492,0.1391,0.1788,0.1802,1.0000,0.5101,0.2337,0.1800,0.1798,0.7328,1.0000,0.1911,0.1497,1.0000,1.0000,0.6792,0.1533,0.1867,0.1313,1.0000,0.2090,0.2313,1.0000,0.2486,0.1718,0.1458,1.0000,0.4429,1.0000,0.6632,0.1479,1.0000,0.1397,0.1036,0.5304,1.0000,0.1736,1.0000,0.1193,1.0000,1.0000,0.1312,1.0000,0.1615,0.1829,1.0000,0.3557,0.2436,0.5564,0.7717,0.1408,1.0000,0.7171,0.5013,0.3964,0.1027,1.0000,1.0000,0.3340,0.3512,0.1553,0.1698,0.1218,0.1129,0.6148,0.1222,0.1457,0.1438,0.1479,0.3949,0.4367,0.1490,0.6495,0.3329,0.7230,0.1036,0.1036,0.3549,0.1990,0.1644,0.1259,0.1941,0.2607,0.3738,0.3307,0.5053,0.5785,0.1373,1.0000,0.1608,0.1187,0.4913,0.1577,0.5669,0.1397,0.1350,0.2761,0.1228,0.1228,0.1273,0.2284,1.0000,0.1302,0.4824,0.1243,1.0000,0.0677,0.5745,0.2486,1.0000,0.2687,0.1220,0.1059,0.4017,1.0000,1.0000,0.0871,0.1086,1.0000,0.0752,0.1270,1.0000,0.1185,0.0827,0.1031,0.3361,0.1237,1.0000,1.0000,0.0922,1.0000,1.0000,0.6618,1.0000,1.0000,0.1063,0.3473,0.2490,0.2631,1.0000,0.1540,0.1847,1.0000,1.0000,0.4865,0.0720,1.0000,0.5717,0.3890,1.0000,0.2248,0.2433,0.0801,0.0786,1.0000,0.1003,1.0000,0.0993,0.9398,0.3786,0.0909,0.2161,0.5308,1.0000,0.5197,0.0745,1.0000,0.5408,0.0662,0.2220,0.9542,0.9542,0.9542,0.9482,0.5413,0.0964,0.4207,0.0949,0.1721,1.0000,0.6086,0.5419,0.0470,0.3113,0.6016,1.0000,1.0000,0.0589,0.2337,0.3648,0.7689,0.3726,0.3848,0.0922,0.1891,0.5203,0.8614,0.1241,0.0682,0.5618,0.1380,0.1661,0.0311,0.0770,1.0000,1.0000,1.0000,1.0000,0.3079,0.3882,0.1628,0.7972,0.8008,0.1124,0.0590,0.3423,0.1666,0.2821,0.0252,0.0569,0.0459,0.1374,0.0314,0.0609,0.1227,0.0358,0.1994,0.0381,0.0597,0.0855,0.1135,0.4960,0.0567,0.0477,0.0399,0.0218,0.0795,0.0608,0.0416,0.0692,0.0792,0.0381,0.1104,0.1447,0.4507,0.0246,0.0250,0.1225,0.0321,0.2360,0.2436,0.1763,0.2414,0.0795,0.0571,0.1970,0.0611,0.0892,0.0185,0.1977,0.1117,0.0458,0.4121,0.3115,0.0133,0.0702,0.0210,0.1028,0.1900,0.3208,0.3849,0.1676,0.0156,0.4763,0.4112,0.5682,0.1530,0.1046,0.4440,0.4776,0.4993,0.1379,0.0625,0.0557,0.0404,0.0130,0.0084,0.0120,0.0429,0.1118,0.4162,0.0438,0.0252,0.2559,0.1043,0.2494,0.0115,0.0413,0.0413,0.0408,0.2963,0.0918,0.0647,0.0547,0.2085,0.0044,0.1569,0.0078,0.3639,0.3783,0.3460,0.0038,0.0250,0.1340,0.0550,0.0949,0.0473,0.0708,0.0591,0.1237,0.0192,0.0577,0.0693,0.2588,0.1093,0.1264,0.0813,0.0841,0.0977,0.0001,0.0332,0.0363,0.0265,0.0683,0.0199,0.0175,0.0061,0.0061,0.0001,0.0001,0.0001,0.0001
Solution Rank,,,,statistic,Rank by Sortino (0 = highest),#0 (SELECTED),#1,#2,#3,#4,#5,#6,#7,#8,#9,#10,#11,#12,#13,#14,#15,#16,#17,#18,#19,#20,#21,#22,#23,#24,#25,#26,#27,#28,#29,#30,#31,#32,#33,#34,#35,#36,#37,#38,#39,#40,#41,#42,#43,#44,#45,#46,#47,#48,#49,#50,#51,#52,#53,#54,#55,#56,#57,#58,#59,#60,#61,#62,#63,#64,#65,#66,#67,#68,#69,#70,#71,#72,#73,#74,#75,#76,#77,#78,#79,#80,#81,#82,#83,#84,#85,#86,#87,#88,#89,#90,#91,#92,#93,#94,#95,#96,#97,#98,#99,#100,#101,#102,#103,#104,#105,#106,#107,#108,#109,#110,#111,#112,#113,#114,#115,#116,#117,#118,#119,#120,#121,#122,#123,#124,#125,#126,#127,#128,#129,#130,#131,#132,#133,#134,#135,#136,#137,#138,#139,#140,#141,#142,#143,#144,#145,#146,#147,#148,#149,#150,#151,#152,#153,#154,#155,#156,#157,#158,#159,#160,#161,#162,#163,#164,#165,#166,#167,#168,#169,#170,#171,#172,#173,#174,#175,#176,#177,#178,#179,#180,#181,#182,#183,#184,#185,#186,#187,#188,#189,#190,#191,#192,#193,#194,#195,#196,#197,#198,#199,#200,#201,#202,#203,#204,#205,#206,#207,#208,#209,#210,#211,#212,#213,#214,#215,#216,#217,#218,#219,#220,#221,#222,#223,#224,#225,#226,#227,#228,#229,#230,#231,#232,#233,#234,#235,#236,#237,#238,#239,#240,#241,#242,#243,#244,#245,#246,#247,#248,#249,#250,#251,#252,#253,#254,#255,#256,#257,#258,#259,#260,#261,#262,#263,#264,#265,#266,#267,#268,#269,#270,#271,#272,#273,#274,#275,#276,#277,#278,#279,#280,#281,#282,#283,#284,#285,#286,#287,#288,#289,#290,#291,#292,#293,#294,#295,#296,#297,#298,#299,#300,#301,#302,#303,#304,#305,#306,#307,#308,#309,#310,#311,#312,#313,#314,#315,#316,#317,#318,#319,#320,#321,#322,#323,#324,#325,#326,#327,#328,#329,#330,#331,#332,#333,#334,#335,#336,#337,#338,#339,#340,#341,#342,#343,#344,#345,#346,#347,#348,#349,#350,#351,#352,#353,#354,#355,#356,#357,#358,#359,#360,#361,#362,#363,#364,#365,#366,#367,#368,#369,#370,#371,#372,#373,#374,#375,#376,#377,#378,#379,#380,#381,#382,#383,#384,#385,#386,#387,#388,#389,#390,#391,#392,#393,#394,#395,#396,#397,#398,#399,#400,#401,#402,#403,#404,#405,#406,#407,#408,#409,#410,#411,#412,#413,#414,#415,#416,#417,#418,#419,#420,#421,#422,#423,#424,#425,#426,#427,#428,#429,#430,#431,#432,#433,#434,#435,#436,#437,#438,#439,#440,#441,#442,#443,#444,#445,#446,#447,#448,#449,#450,#451,#452,#453,#454,#455,#456,#457,#458,#459,#460,#461,#462,#463,#464,#465,#466,#467,#468,#469,#470,#471,#472,#473,#474,#475,#476,#477,#478,#479,#480,#481,#482,#483,#484,#485,#486,#487,#488,#489,#490,#491,#492,#493,#494,#495,#496,#497,#498,#499,#500,#501,#502,#503,#504,#505,#506,#507,#508,#509,#510,#511,#512,#513,#514,#515,#516,#517,#518,#519,#520,#521,#522,#523,#524,#525,#526,#527,#528,#529,#530,#531,#532,#533,#534,#535,#536,#537,#538,#539,#540,#541,#542,#543,#544,#545,#546,#547,#548,#549,#550,#551,#552,#553,#554,#555,#556,#557,#558,#559,#560,#561,#562,#563,#564,#565,#566,#567,#568,#569,#570,#571,#572,#573,#574,#575,#576,#577,#578,#579,#580,#581,#582,#583,#584,#585,#586,#587,#588,#589,#590,#591,#592,#593,#594,#595,#596,#597,#598,#599,#600,#601,#602,#603,#604,#605,#606,#607,#608,#609,#610,#611,#612,#613,#614,#615,#616,#617,#618,#619,#620,#621,#622,#623,#624,#625,#626,#627,#628,#629,#630,#631,#632,#633,#634,#635,#636,#637,#638,#639,#640,#641,#642,#643,#644,#645,#646,#647,#648,#649,#650,#651,#652,#653,#654,#655,#656,#657,#658,#659,#660,#661,#662,#663,#664,#665,#666,#667,#668,#669,#670,#671,#672,#673,#674,#675,#676,#677,#678,#679,#680,#681,#682,#683,#684,#685,#686,#687,#688,#689,#690,#691,#692,#693,#694,#695,#696,#697,#698,#699,#700,#701,#702,#703,#704,#705,#706,#707,#708,#709,#710,#711,#712,#713,#714,#715,#716,#717,#718,#719,#720,#721,#722,#723,#724,#725,#726,#727,#728,#729,#730,#731,#732,#733,#734,#735,#736,#737,#738,#739,#740,#741,#742,#743,#744,#745,#746,#747,#748,#749,#750,#751,#752,#753,#754,#755,#756,#757,#758,#759,#760,#761,#762,#763,#764,#765,#766,#767,#768,#769,#770,#771,#772,#773,#774,#775,#776,#777,#778,#779,#780,#781,#782,#783,#784,#785,#786,#787,#788,#789,#790,#791,#792,#793,#794,#795,#796,#797,#798,#799,#800,#801,#802,#803,#804,#805,#806,#807,#808,#809,#810,#811,#812,#813,#814,#815,#816,#817,#818,#819,#820,#821,#822,#823,#824,#825,#826,#827,#828,#829,#830,#831,#832,#833,#834,#835,#836,#837,#838,#839,#840,#841,#842,#843,#844,#845,#846,#847,#848,#849,#850,#851,#852,#853,#854,#855,#856,#857,#858,#859,#860,#861,#862,#863,#864,#865,#866,#867,#868,#869,#870,#871,#872,#873,#874,#875,#876,#877,#878,#879,#880,#881,#882,#883,#884,#885,#886,#887,#888,#889,#890,#891,#892,#893,#894,#895,#896,#897,#898,#899,#900,#901,#902,#903,#904,#905,#906,#907,#908,#909,#910,#911,#912,#913,#914,#915,#916,#917,#918,#919,#920,#921,#922,#923,#924,#925,#926,#927,#928,#929,#930,#931,#932
