Name,Value,Min,Max,Type,Description,Solution_0_SELECTED,Solution_1,Solution_2,Solution_3,Solution_4,Solution_5,Solution_6,Solution_7,Solution_8,Solution_9,Solution_10,Solution_11,Solution_12,Solution_13,Solution_14,Solution_15,Solution_16,Solution_17,Solution_18,Solution_19,Solution_20,Solution_21,Solution_22,Solution_23,Solution_24,Solution_25,Solution_26,Solution_27,Solution_28,Solution_29,Solution_30,Solution_31,Solution_32,Solution_33,Solution_34,Solution_35,Solution_36,Solution_37,Solution_38,Solution_39,Solution_40,Solution_41,Solution_42,Solution_43,Solution_44,Solution_45,Solution_46,Solution_47,Solution_48,Solution_49,Solution_50,Solution_51,Solution_52,Solution_53,Solution_54,Solution_55,Solution_56,Solution_57,Solution_58,Solution_59,Solution_60,Solution_61,Solution_62,Solution_63,Solution_64,Solution_65,Solution_66,Solution_67,Solution_68,Solution_69,Solution_70,Solution_71,Solution_72,Solution_73,Solution_74,Solution_75,Solution_76,Solution_77,Solution_78,Solution_79,Solution_80,Solution_81,Solution_82,Solution_83,Solution_84,Solution_85,Solution_86,Solution_87,Solution_88,Solution_89,Solution_90,Solution_91,Solution_92,Solution_93,Solution_94,Solution_95,Solution_96,Solution_97,Solution_98,Solution_99,Solution_100,Solution_101,Solution_102,Solution_103,Solution_104,Solution_105,Solution_106,Solution_107,Solution_108,Solution_109,Solution_110,Solution_111,Solution_112,Solution_113,Solution_114,Solution_115,Solution_116,Solution_117,Solution_118,Solution_119,Solution_120,Solution_121,Solution_122,Solution_123,Solution_124,Solution_125,Solution_126,Solution_127,Solution_128,Solution_129,Solution_130,Solution_131,Solution_132,Solution_133,Solution_134,Solution_135,Solution_136,Solution_137,Solution_138,Solution_139,Solution_140,Solution_141,Solution_142,Solution_143,Solution_144,Solution_145,Solution_146,Solution_147,Solution_148,Solution_149,Solution_150,Solution_151,Solution_152,Solution_153,Solution_154,Solution_155,Solution_156,Solution_157,Solution_158,Solution_159,Solution_160,Solution_161,Solution_162,Solution_163,Solution_164,Solution_165,Solution_166,Solution_167,Solution_168,Solution_169,Solution_170,Solution_171,Solution_172,Solution_173,Solution_174,Solution_175,Solution_176,Solution_177,Solution_178,Solution_179,Solution_180,Solution_181,Solution_182,Solution_183,Solution_184,Solution_185,Solution_186,Solution_187,Solution_188,Solution_189,Solution_190,Solution_191,Solution_192,Solution_193,Solution_194,Solution_195,Solution_196,Solution_197,Solution_198,Solution_199,Solution_200,Solution_201,Solution_202,Solution_203,Solution_204,Solution_205,Solution_206,Solution_207,Solution_208,Solution_209,Solution_210,Solution_211,Solution_212,Solution_213,Solution_214,Solution_215,Solution_216,Solution_217,Solution_218,Solution_219,Solution_220,Solution_221,Solution_222,Solution_223,Solution_224,Solution_225,Solution_226,Solution_227,Solution_228,Solution_229,Solution_230,Solution_231,Solution_232,Solution_233,Solution_234,Solution_235,Solution_236,Solution_237,Solution_238,Solution_239,Solution_240,Solution_241,Solution_242,Solution_243,Solution_244,Solution_245,Solution_246,Solution_247,Solution_248,Solution_249,Solution_250,Solution_251,Solution_252,Solution_253,Solution_254,Solution_255,Solution_256,Solution_257,Solution_258,Solution_259,Solution_260,Solution_261,Solution_262,Solution_263,Solution_264,Solution_265,Solution_266,Solution_267,Solution_268,Solution_269,Solution_270,Solution_271,Solution_272,Solution_273,Solution_274,Solution_275,Solution_276,Solution_277,Solution_278,Solution_279,Solution_280,Solution_281,Solution_282,Solution_283,Solution_284,Solution_285,Solution_286,Solution_287,Solution_288,Solution_289,Solution_290,Solution_291,Solution_292,Solution_293,Solution_294,Solution_295,Solution_296,Solution_297,Solution_298,Solution_299,Solution_300,Solution_301,Solution_302,Solution_303,Solution_304,Solution_305,Solution_306,Solution_307,Solution_308,Solution_309,Solution_310,Solution_311,Solution_312,Solution_313,Solution_314,Solution_315,Solution_316,Solution_317,Solution_318,Solution_319,Solution_320,Solution_321,Solution_322,Solution_323,Solution_324,Solution_325,Solution_326,Solution_327,Solution_328,Solution_329,Solution_330,Solution_331,Solution_332,Solution_333,Solution_334,Solution_335,Solution_336,Solution_337,Solution_338,Solution_339,Solution_340,Solution_341,Solution_342,Solution_343,Solution_344,Solution_345,Solution_346,Solution_347,Solution_348,Solution_349,Solution_350,Solution_351,Solution_352,Solution_353,Solution_354,Solution_355,Solution_356,Solution_357,Solution_358,Solution_359,Solution_360,Solution_361,Solution_362,Solution_363,Solution_364,Solution_365,Solution_366,Solution_367,Solution_368,Solution_369,Solution_370,Solution_371,Solution_372,Solution_373,Solution_374,Solution_375,Solution_376,Solution_377,Solution_378,Solution_379,Solution_380,Solution_381,Solution_382,Solution_383,Solution_384,Solution_385,Solution_386,Solution_387,Solution_388,Solution_389,Solution_390,Solution_391,Solution_392,Solution_393,Solution_394,Solution_395,Solution_396,Solution_397,Solution_398,Solution_399,Solution_400,Solution_401,Solution_402,Solution_403,Solution_404,Solution_405,Solution_406,Solution_407,Solution_408,Solution_409,Solution_410,Solution_411,Solution_412,Solution_413,Solution_414,Solution_415,Solution_416,Solution_417,Solution_418,Solution_419,Solution_420,Solution_421,Solution_422,Solution_423,Solution_424,Solution_425,Solution_426,Solution_427,Solution_428,Solution_429,Solution_430,Solution_431,Solution_432,Solution_433,Solution_434,Solution_435,Solution_436,Solution_437,Solution_438,Solution_439,Solution_440,Solution_441,Solution_442,Solution_443,Solution_444,Solution_445,Solution_446,Solution_447,Solution_448,Solution_449,Solution_450,Solution_451,Solution_452,Solution_453,Solution_454,Solution_455,Solution_456,Solution_457,Solution_458,Solution_459,Solution_460,Solution_461,Solution_462,Solution_463,Solution_464,Solution_465,Solution_466,Solution_467,Solution_468,Solution_469,Solution_470,Solution_471,Solution_472,Solution_473,Solution_474,Solution_475,Solution_476,Solution_477,Solution_478,Solution_479,Solution_480,Solution_481,Solution_482,Solution_483,Solution_484,Solution_485,Solution_486,Solution_487,Solution_488,Solution_489,Solution_490,Solution_491,Solution_492,Solution_493,Solution_494,Solution_495,Solution_496,Solution_497,Solution_498,Solution_499,Solution_500,Solution_501,Solution_502,Solution_503,Solution_504,Solution_505,Solution_506,Solution_507,Solution_508,Solution_509,Solution_510,Solution_511,Solution_512,Solution_513,Solution_514,Solution_515,Solution_516,Solution_517,Solution_518,Solution_519,Solution_520,Solution_521,Solution_522,Solution_523,Solution_524,Solution_525,Solution_526,Solution_527,Solution_528,Solution_529,Solution_530,Solution_531,Solution_532,Solution_533,Solution_534,Solution_535,Solution_536,Solution_537,Solution_538,Solution_539,Solution_540,Solution_541,Solution_542,Solution_543,Solution_544,Solution_545,Solution_546,Solution_547,Solution_548,Solution_549,Solution_550,Solution_551,Solution_552,Solution_553,Solution_554,Solution_555,Solution_556,Solution_557,Solution_558,Solution_559,Solution_560,Solution_561,Solution_562,Solution_563,Solution_564,Solution_565,Solution_566,Solution_567,Solution_568,Solution_569,Solution_570,Solution_571,Solution_572,Solution_573,Solution_574,Solution_575,Solution_576,Solution_577,Solution_578,Solution_579,Solution_580,Solution_581,Solution_582,Solution_583,Solution_584,Solution_585,Solution_586,Solution_587,Solution_588,Solution_589,Solution_590,Solution_591,Solution_592,Solution_593,Solution_594,Solution_595,Solution_596,Solution_597,Solution_598,Solution_599,Solution_600,Solution_601,Solution_602,Solution_603,Solution_604,Solution_605,Solution_606,Solution_607,Solution_608,Solution_609,Solution_610,Solution_611,Solution_612,Solution_613,Solution_614,Solution_615,Solution_616,Solution_617,Solution_618,Solution_619,Solution_620,Solution_621,Solution_622,Solution_623,Solution_624,Solution_625,Solution_626,Solution_627,Solution_628,Solution_629,Solution_630,Solution_631,Solution_632,Solution_633,Solution_634,Solution_635,Solution_636,Solution_637,Solution_638,Solution_639,Solution_640,Solution_641,Solution_642,Solution_643,Solution_644,Solution_645,Solution_646,Solution_647,Solution_648,Solution_649,Solution_650,Solution_651,Solution_652,Solution_653,Solution_654,Solution_655,Solution_656,Solution_657,Solution_658,Solution_659,Solution_660,Solution_661,Solution_662,Solution_663,Solution_664,Solution_665,Solution_666,Solution_667,Solution_668,Solution_669,Solution_670,Solution_671,Solution_672,Solution_673,Solution_674,Solution_675,Solution_676,Solution_677,Solution_678,Solution_679,Solution_680,Solution_681,Solution_682,Solution_683,Solution_684,Solution_685,Solution_686,Solution_687,Solution_688,Solution_689,Solution_690,Solution_691,Solution_692,Solution_693,Solution_694,Solution_695,Solution_696,Solution_697,Solution_698,Solution_699,Solution_700,Solution_701,Solution_702,Solution_703,Solution_704,Solution_705,Solution_706,Solution_707,Solution_708,Solution_709,Solution_710,Solution_711,Solution_712,Solution_713,Solution_714,Solution_715,Solution_716,Solution_717,Solution_718,Solution_719,Solution_720,Solution_721,Solution_722,Solution_723,Solution_724,Solution_725,Solution_726,Solution_727,Solution_728,Solution_729,Solution_730,Solution_731,Solution_732,Solution_733,Solution_734,Solution_735,Solution_736,Solution_737,Solution_738,Solution_739,Solution_740,Solution_741,Solution_742,Solution_743,Solution_744,Solution_745,Solution_746,Solution_747,Solution_748,Solution_749,Solution_750,Solution_751,Solution_752,Solution_753,Solution_754,Solution_755,Solution_756,Solution_757,Solution_758,Solution_759,Solution_760,Solution_761,Solution_762,Solution_763,Solution_764,Solution_765,Solution_766,Solution_767,Solution_768,Solution_769,Solution_770,Solution_771,Solution_772,Solution_773,Solution_774,Solution_775,Solution_776,Solution_777,Solution_778,Solution_779,Solution_780,Solution_781,Solution_782,Solution_783,Solution_784,Solution_785,Solution_786,Solution_787,Solution_788,Solution_789,Solution_790,Solution_791,Solution_792,Solution_793,Solution_794,Solution_795
__indicatorName,BB Strategy,,,,Strategy identifier,,,,,,,,,,,,,,,,,,,,,,,,,,,,,,,,,,,,,,,,,,,,,,,,,,,,,,,,,,,,,,,,,,,,,,,,,,,,,,,,,,,,,,,,,,,,,,,,,,,,,,,,,,,,,,,,,,,,,,,,,,,,,,,,,,,,,,,,,,,,,,,,,,,,,,,,,,,,,,,,,,,,,,,,,,,,,,,,,,,,,,,,,,,,,,,,,,,,,,,,,,,,,,,,,,,,,,,,,,,,,,,,,,,,,,,,,,,,,,,,,,,,,,,,,,,,,,,,,,,,,,,,,,,,,,,,,,,,,,,,,,,,,,,,,,,,,,,,,,,,,,,,,,,,,,,,,,,,,,,,,,,,,,,,,,,,,,,,,,,,,,,,,,,,,,,,,,,,,,,,,,,,,,,,,,,,,,,,,,,,,,,,,,,,,,,,,,,,,,,,,,,,,,,,,,,,,,,,,,,,,,,,,,,,,,,,,,,,,,,,,,,,,,,,,,,,,,,,,,,,,,,,,,,,,,,,,,,,,,,,,,,,,,,,,,,,,,,,,,,,,,,,,,,,,,,,,,,,,,,,,,,,,,,,,,,,,,,,,,,,,,,,,,,,,,,,,,,,,,,,,,,,,,,,,,,,,,,,,,,,,,,,,,,,,,,,,,,,,,,,,,,,,,,,,,,,,,,,,,,,,,,,,,,,,,,,,,,,,,,,,,,,,,,,,,,,,,,,,,,,,,,,,,,,,,,,,,,,,,,,,,,,,,,,,,,,,,,,,,,,,,,,,,,,,,,,,,,,,,,,,,,,,,,,,,,,,,,,,,,,,,,,,,,,,,,,,,,,,,,,,,,,,,,,,,,,,,,,,,,,,,,,,,,,,,,,,,,,
=== ENTRY CRITERIA ===,,,,,,,,,,,,,,,,,,,,,,,,,,,,,,,,,,,,,,,,,,,,,,,,,,,,,,,,,,,,,,,,,,,,,,,,,,,,,,,,,,,,,,,,,,,,,,,,,,,,,,,,,,,,,,,,,,,,,,,,,,,,,,,,,,,,,,,,,,,,,,,,,,,,,,,,,,,,,,,,,,,,,,,,,,,,,,,,,,,,,,,,,,,,,,,,,,,,,,,,,,,,,,,,,,,,,,,,,,,,,,,,,,,,,,,,,,,,,,,,,,,,,,,,,,,,,,,,,,,,,,,,,,,,,,,,,,,,,,,,,,,,,,,,,,,,,,,,,,,,,,,,,,,,,,,,,,,,,,,,,,,,,,,,,,,,,,,,,,,,,,,,,,,,,,,,,,,,,,,,,,,,,,,,,,,,,,,,,,,,,,,,,,,,,,,,,,,,,,,,,,,,,,,,,,,,,,,,,,,,,,,,,,,,,,,,,,,,,,,,,,,,,,,,,,,,,,,,,,,,,,,,,,,,,,,,,,,,,,,,,,,,,,,,,,,,,,,,,,,,,,,,,,,,,,,,,,,,,,,,,,,,,,,,,,,,,,,,,,,,,,,,,,,,,,,,,,,,,,,,,,,,,,,,,,,,,,,,,,,,,,,,,,,,,,,,,,,,,,,,,,,,,,,,,,,,,,,,,,,,,,,,,,,,,,,,,,,,,,,,,,,,,,,,,,,,,,,,,,,,,,,,,,,,,,,,,,,,,,,,,,,,,,,,,,,,,,,,,,,,,,,,,,,,,,,,,,,,,,,,,,,,,,,,,,,,,,,,,,,,,,,,,,,,,,,,,,,,,,,,,,,,,,,,,,,,,,,,,,,,,,,,,,,,,,,,,,,,,,,,,
Enable Long Trades,true,false,true,bool,Allow long entries,,,,,,,,,,,,,,,,,,,,,,,,,,,,,,,,,,,,,,,,,,,,,,,,,,,,,,,,,,,,,,,,,,,,,,,,,,,,,,,,,,,,,,,,,,,,,,,,,,,,,,,,,,,,,,,,,,,,,,,,,,,,,,,,,,,,,,,,,,,,,,,,,,,,,,,,,,,,,,,,,,,,,,,,,,,,,,,,,,,,,,,,,,,,,,,,,,,,,,,,,,,,,,,,,,,,,,,,,,,,,,,,,,,,,,,,,,,,,,,,,,,,,,,,,,,,,,,,,,,,,,,,,,,,,,,,,,,,,,,,,,,,,,,,,,,,,,,,,,,,,,,,,,,,,,,,,,,,,,,,,,,,,,,,,,,,,,,,,,,,,,,,,,,,,,,,,,,,,,,,,,,,,,,,,,,,,,,,,,,,,,,,,,,,,,,,,,,,,,,,,,,,,,,,,,,,,,,,,,,,,,,,,,,,,,,,,,,,,,,,,,,,,,,,,,,,,,,,,,,,,,,,,,,,,,,,,,,,,,,,,,,,,,,,,,,,,,,,,,,,,,,,,,,,,,,,,,,,,,,,,,,,,,,,,,,,,,,,,,,,,,,,,,,,,,,,,,,,,,,,,,,,,,,,,,,,,,,,,,,,,,,,,,,,,,,,,,,,,,,,,,,,,,,,,,,,,,,,,,,,,,,,,,,,,,,,,,,,,,,,,,,,,,,,,,,,,,,,,,,,,,,,,,,,,,,,,,,,,,,,,,,,,,,,,,,,,,,,,,,,,,,,,,,,,,,,,,,,,,,,,,,,,,,,,,,,,,,,,,,,,,,,,,,,,,,,,,,,,,,,,,,,,,,,,,,,,,,,,,,,,,,,,,,,,,,,,,,,
Enable Short Trades,true,false,true,bool,Allow short entries,,,,,,,,,,,,,,,,,,,,,,,,,,,,,,,,,,,,,,,,,,,,,,,,,,,,,,,,,,,,,,,,,,,,,,,,,,,,,,,,,,,,,,,,,,,,,,,,,,,,,,,,,,,,,,,,,,,,,,,,,,,,,,,,,,,,,,,,,,,,,,,,,,,,,,,,,,,,,,,,,,,,,,,,,,,,,,,,,,,,,,,,,,,,,,,,,,,,,,,,,,,,,,,,,,,,,,,,,,,,,,,,,,,,,,,,,,,,,,,,,,,,,,,,,,,,,,,,,,,,,,,,,,,,,,,,,,,,,,,,,,,,,,,,,,,,,,,,,,,,,,,,,,,,,,,,,,,,,,,,,,,,,,,,,,,,,,,,,,,,,,,,,,,,,,,,,,,,,,,,,,,,,,,,,,,,,,,,,,,,,,,,,,,,,,,,,,,,,,,,,,,,,,,,,,,,,,,,,,,,,,,,,,,,,,,,,,,,,,,,,,,,,,,,,,,,,,,,,,,,,,,,,,,,,,,,,,,,,,,,,,,,,,,,,,,,,,,,,,,,,,,,,,,,,,,,,,,,,,,,,,,,,,,,,,,,,,,,,,,,,,,,,,,,,,,,,,,,,,,,,,,,,,,,,,,,,,,,,,,,,,,,,,,,,,,,,,,,,,,,,,,,,,,,,,,,,,,,,,,,,,,,,,,,,,,,,,,,,,,,,,,,,,,,,,,,,,,,,,,,,,,,,,,,,,,,,,,,,,,,,,,,,,,,,,,,,,,,,,,,,,,,,,,,,,,,,,,,,,,,,,,,,,,,,,,,,,,,,,,,,,,,,,,,,,,,,,,,,,,,,,,,,,,,,,,,,,,,,,,,,,,,,,,,,,,,,,,,
Bollinger Band Length,30,2,7,int,Lookback period for BB,4,4,4,4,4,4,4,4,4,4,4,4,4,4,4,4,4,4,4,4,3,3,4,3,4,4,4,4,4,4,4,4,4,4,4,4,4,4,4,3,4,4,3,3,4,3,4,4,4,3,4,4,3,4,4,4,3,3,3,3,4,4,4,3,4,4,4,3,3,3,4,4,4,3,3,3,4,3,3,4,4,3,4,4,4,4,3,4,4,4,4,4,4,4,4,3,3,4,4,3,4,4,4,4,4,4,4,4,4,4,4,4,4,4,4,4,4,4,3,4,3,4,3,3,4,3,3,4,4,4,4,4,4,4,4,4,3,3,4,4,4,4,4,3,4,4,4,4,4,4,4,4,3,3,4,4,4,4,4,3,4,4,4,4,4,4,4,4,4,4,3,4,4,4,4,4,4,4,4,4,4,4,4,4,4,4,4,4,4,4,3,4,4,4,4,4,4,4,4,4,4,4,4,4,4,4,4,4,4,4,4,4,4,4,4,4,4,4,4,4,4,4,4,4,4,4,4,4,4,4,4,4,4,4,4,4,4,4,4,3,4,4,4,4,4,4,4,4,4,4,4,4,4,4,4,4,4,4,4,3,4,4,4,4,4,4,4,4,4,4,4,4,4,4,4,4,4,4,4,4,4,4,4,4,4,4,4,4,4,4,4,4,4,4,4,4,4,4,4,4,4,4,4,3,4,4,4,4,4,4,4,4,4,4,3,4,4,4,4,4,4,4,4,4,4,4,4,4,4,4,4,4,4,4,4,4,4,4,4,4,4,4,4,4,4,4,4,4,4,4,4,4,4,4,4,4,4,4,4,4,5,4,4,4,4,4,4,4,4,4,4,4,4,4,4,4,4,4,4,4,4,4,4,4,3,4,3,4,4,4,4,4,4,4,4,4,4,4,4,4,4,4,3,4,4,4,4,4,4,4,4,4,4,4,4,4,4,4,4,5,4,4,4,4,4,4,4,4,4,4,4,4,4,4,4,4,4,4,4,4,3,4,4,4,4,4,4,4,4,4,4,4,4,4,4,4,4,4,4,4,4,4,4,4,4,4,4,4,4,4,4,4,4,4,4,4,4,4,4,4,3,4,5,4,4,3,4,4,4,4,4,4,4,4,4,4,4,4,4,4,4,4,4,4,3,4,4,3,4,4,4,4,4,4,4,4,4,4,4,4,4,4,4,4,4,4,4,4,4,4,4,4,4,4,4,4,4,4,3,4,4,4,4,4,3,3,4,4,4,4,4,4,4,4,4,4,4,4,3,4,4,3,4,4,4,4,4,4,4,4,4,4,4,4,4,4,4,4,4,4,4,4,4,4,4,3,3,4,3,4,4,4,4,3,4,3,4,4,3,3,3,4,4,4,4,4,4,4,4,4,3,3,4,4,4,4,4,4,3,4,4,4,4,4,4,4,4,4,4,4,4,4,4,4,4,4,4,4,4,4,4,4,3,4,4,4,4,3,4,4,3,4,4,4,4,4,4,4,4,4,4,4,4,4,4,4,4,4,4,4,4,4,4,4,4,4,4,4,4,4,4,4,4,4,3,4,4,4,4,4,4,4,4,4,4,4,4,4,4,4,3,4,4,4,4,4,4,4,4,4,4,4,4,4,4,4,4,4,4,4,4,4,4,4,4,4,4,4,4,4,4,4,4,4,4,4,4,4,4,4,4,4,4,4,4,4,4,4,4,4,4,4,4,4,4,4,4,4,4,4,4,4,4,4,4,4,4,4,4,4,4,4,4,4,4,4,4,4,4,4,4,3,4,3,4,4,4,4,4,4,4,4,4,4,4,3
Bollinger Band StdDev,2,1,3,float,StdDev multiplier for BB width (Max capped at 3.0 to prevent overfitting),2.2272,2.1608,1.9735,1.9735,1.9614,2.0101,2.088,2.1231,2.0918,2.0918,2.1033,1.9478,1.9735,1.9735,2.0171,1.946,1.9909,2.0744,2.5882,1.9497,1.9188,1.9188,2.5987,1.9188,1.9984,2.5795,1.9919,2.0198,2.0176,2.0207,2.0207,2.09,2.0099,2.0504,2.0361,2.0099,2.0099,2.0504,2.1493,1.9281,2.1527,2.1742,1.7875,1.8749,1.984,1.7479,2.3246,1.9982,1.9265,1.7616,2.0744,2.3178,1.7479,2.3099,2.3384,2.3384,1.7616,1.8288,1.8288,1.7616,2.1475,2.1725,2.1725,1.536,1.9279,2.6231,2.3384,2.0707,2.0707,2.0707,2.249,2.1929,2.0553,2.0707,2.0707,1.8182,2.2128,1.709,1.7529,2.184,1.9668,1.6981,2.2093,1.9058,2.1635,2.2382,1.789,2.0068,2.0068,2.2585,1.9564,2.371,1.8646,1.9601,1.9081,1.9492,1.8962,2.1992,1.8123,1.7749,2.0249,2.2582,2.2582,2.2691,2.2272,1.9593,2.1535,2.025,2.2299,2.2276,2.1653,1.9596,2.2159,2.3615,2.2822,2.1756,1.9696,2.1742,1.7151,2.3598,1.8842,2.1622,1.7223,1.739,2.5442,1.6639,1.7929,2.2265,2.2834,2.2633,2.2444,2.1762,2.1465,1.9236,2.0044,2.653,1.7935,1.6679,2.1801,2.2215,2.1563,2.653,2.0192,1.531,2.1391,2.0452,2.0183,2.0071,2.2115,1.9754,2.1607,2.2736,1.6679,1.6679,2.2792,1.9953,2.1657,2.2323,2.14,1.4856,2.1196,2.5174,2.1845,2.3001,2.0187,2.2798,2.231,2.5381,1.9361,2.1948,1.8971,2.0867,2.4018,2.5381,1.948,1.948,2.1954,2.1215,2.2084,1.9694,2.1593,2.0943,2.0262,2.1173,2.2004,2.1567,2.1567,2.227,2.0867,2.0243,1.5765,2.54,2.0359,2.6076,1.9246,1.9246,2.2286,2.0745,2.1506,2.1344,2.6231,2.2084,1.9857,2.2268,2.0079,2.1277,2.0757,2.2358,2.0698,2.1711,1.9857,2.5933,2.1344,2.2515,2.2516,2.0243,2.5437,2.2095,2.072,2.3731,2.2666,1.9129,2.371,2.2095,2.2095,2.209,2.1572,2.5267,2.074,2.0823,2.2095,2.0294,2.366,1.9943,2.1745,1.9263,2.0937,2.6024,1.9968,1.5765,2.2095,2.0004,2.5849,1.9968,2.1788,2.1605,2.0771,2.1016,2.1887,1.9955,2.2827,2.0433,2.2047,2.0837,1.9655,2.1458,2.1517,2.0768,2.0888,2.1413,2.0837,2.0974,2.0837,2.5619,2.0238,2.0759,2.6056,2.041,2.1071,2.1146,2.0837,2.1918,1.8626,2.5102,2.5102,2.0617,2.5711,2.5875,2.1118,2.08,2.1754,2.0701,2.6041,2.2424,2.5953,2.1779,2.1884,2.5929,2.0755,2.1702,2.1678,2.1718,2.5922,2.1982,2.5934,2.5873,2.4776,2.5913,2.5994,2.0368,2.0845,2.5977,1.921,1.8372,2.1678,1.993,2.0138,2.0922,2.3815,2.0624,2.1057,2.106,2.0799,2.5931,1.742,2.0096,2.0791,2.1759,2.1322,2.1057,2.0998,2.0868,1.9914,2.0497,2.0922,2.0873,2.0774,2.0738,2.0998,2.1721,2.0684,2.0462,1.9923,2.0293,2.061,2.0868,1.893,2.0348,1.9138,2.5359,2.6153,2.1102,2.028,2.0975,2.077,2.1677,2.041,2.5888,1.9957,2.1707,2.0181,1.7533,2.0242,2.449,2.0617,2.592,2.1816,2.0417,2.074,2.1799,2.1626,2.4362,2.0069,2.0598,1.8948,2.1889,2.598,2.0864,2.6139,2.0837,2.0121,2.0733,2.0057,2.1683,2.0859,2.0123,2.5928,2.1228,1.9914,2.4343,2.0229,2.0057,2.0399,2.5388,2.517,2.1609,1.519,2.0875,2.0433,2.6041,2.1492,2.4925,2.536,2.1057,2.0717,2.0031,2.5269,2.0093,2.0519,2.17,2.4925,2.0167,1.8055,2.0802,2.0031,2.2015,2.0908,1.997,2.1671,2.0821,1.7921,2.1958,2.5896,2.1812,2.1015,2.0089,2.0159,2.0106,2.0494,2.1003,1.9603,1.8852,2.0766,2.0472,2.0592,2.1853,2.5257,2.3942,1.8075,2.6286,2.2931,2.5389,2.0138,2.0014,2.5363,2.0885,2.1338,2.1578,2.0907,2.0404,1.7156,2.1454,2.5878,2.1212,2.2197,1.8055,2.1578,2.0533,1.9632,1.8495,1.8222,2.3429,1.9777,2.2416,2.0828,1.8909,2.1759,2.3461,2.358,1.8569,2.2461,2.3461,2.1648,2.1615,1.9754,1.8625,1.8099,1.9989,2.0271,2.091,2.1829,2.0075,2.126,1.8974,2.1606,2.1485,1.8504,2.1628,2.1247,2.5033,1.5269,2.0776,2.1021,1.8974,2.4174,1.9178,1.8968,2.6278,2.164,1.7857,2.0275,1.988,2.361,2.1824,2.5977,2.0774,1.7742,1.7912,1.8469,2.2998,2.1083,2.0797,2.5384,2.0359,1.092,1.7607,1.8504,1.092,2.0779,2.5984,2.0066,2.1082,2.5994,2.0719,2.006,2.0789,2.0719,2.1954,2.0411,1.8424,2.1019,2.2636,1.9946,2.0928,2.6014,2.0411,2.0515,2.0297,2.1002,2.1896,2.0148,1.7871,2.3798,2.1803,2.0563,2.6035,2.0913,2.0896,1.7711,2.6054,1.795,2.0986,2.4307,2.5984,1.9877,1.9877,2.076,2.1998,2.5914,1.8212,2.0075,2.6102,2.0333,1.9521,2.0645,2.0387,2.0445,2.2092,1.91,2.1464,2.2004,1.8898,2.0883,2.0512,2.1228,1.8901,2.1508,2.4477,2.0942,2.2189,1.8029,2.5902,2.5902,2.0828,2.1329,2.5947,2.2081,2.0788,2.4487,2.5978,2.0873,1.7831,2.0962,1.9285,2.6035,1.8813,1.828,2.188,1.7323,2.0901,2.0742,2.0469,2.287,1.828,1.8939,1.828,2.1414,2.269,1.4449,1.4449,1.4449,2.0199,2.0799,2.1027,1.996,2.0047,1.9238,2.0027,2.0788,1.7873,1.4449,1.7984,2.0255,1.8639,2.5878,2.0826,1.9197,2.0554,1.4449,2.1966,1.9174,1.8179,2.1991,2.1024,2.1617,2.0222,1.9091,1.8567,1.8627,1.8442,2.004,1.9123,2.0439,1.8995,2.0411,1.9947,1.8479,1.8672,2.0439,1.9486,1.8139,2.5923,1.7667,2.0661,2.5992,2.5992,2.0309,1.8146,2.0789,2.0584,1.7956,1.7831,2.596,2.1822,2.0367,1.9159,2.15,2.15,1.9032,2.0073,2.0953,2.1908,2.1549,2.1939,2.0665,2.0334,2.361,1.8155,2.1927,2.1784,2.1928,2.059,2.1699,2.5898,1.9044,1.7917,2.1485,2.0734,1.8245,2.0216,2.0183,2.0021,2.1777,1.8105,1.8118,2.0334,2.1158,2.181,1.8939,2.0717,2.0231,2.1799,2.2266,2.0403,2.0231,2.0719,1.7927,2.1878,2.4912,2.5873,1.3963,2.1114,2.2314,2.0843,2.0334,2.0334,2.361,2.1529,2.6552,2.5996,1.9606,1.9606,2.1802,2.609,1.915,2.0911,2.0734,2.0379,1.9606,2.5996,2.6011,2.1391,2.1864,2.0856,1.9633,1.6786,2.0797,2.1529,2.5935,2.095,2.0906,1.8023,2.596,2.598,1.9212,1.9685,2.051,2.0839,2.1613,1.974,2.1632,2.048,2.1532,2.093,2.6133,2.0338,2.6006,1.7976,2.0731,2.0729,2.0883,2.0906,1.9777,2.0328,2.1328,2.2099,2.1875,2.6023,1.9019,2.0334,2.1693,2.5994,2.1559,2.174,1.9003,2.5985,2.6196,1.9124,2.1571,1.9124,2.2049,2.0715,2.1111,2.5862,2.0197,2.1621,1.9463,1.9463,1.9463,2.5688,2.0643,1.1607,2.0413,1.1607,2.4684,2.0453,2.1459,2.1721,1.9604,2.1465,2.6213,2.6213,1.9463,1.9033,1.9456,1.3621
Long Entry on Wick Touch,0,0,1,int,"Enter if low touches lower band (0=false, 1=true) - OPTIMIZABLE",1,1,1,1,1,1,1,1,1,1,1,1,1,1,1,1,1,1,1,1,1,1,1,1,1,1,1,1,1,1,1,1,1,1,1,1,1,1,1,1,1,1,1,1,1,1,1,1,1,1,1,1,1,1,1,1,1,1,1,1,1,1,1,1,1,1,1,0,0,0,1,1,1,0,0,1,1,1,1,1,1,1,1,1,1,1,1,1,1,1,1,1,1,0,1,1,1,1,1,1,1,1,1,1,1,1,1,1,1,1,1,1,1,1,1,1,0,1,1,1,1,1,1,1,1,1,1,1,1,1,1,1,1,1,1,1,1,1,1,1,1,1,1,1,1,1,1,1,1,1,1,1,1,1,1,1,1,1,1,1,1,1,1,1,1,1,1,1,1,1,1,1,1,1,1,1,1,1,1,1,1,1,1,1,1,1,1,1,1,1,1,1,1,1,1,1,1,1,1,1,1,1,1,1,1,1,1,1,1,1,1,1,1,1,1,1,1,1,1,1,1,1,1,1,1,1,1,1,1,1,1,1,1,1,1,1,1,1,1,1,1,1,1,1,1,1,1,1,1,1,1,1,1,1,1,1,1,1,1,1,1,1,1,1,1,1,1,1,1,1,1,1,1,1,1,1,1,1,1,1,1,1,1,1,1,1,1,1,1,1,1,1,1,1,1,1,1,1,1,1,1,1,1,1,1,1,1,1,1,1,1,1,1,1,0,1,1,1,1,1,1,1,1,1,1,1,1,1,1,1,1,1,1,1,1,1,1,1,1,1,1,1,1,1,1,1,1,1,1,1,1,1,1,1,1,1,1,1,1,1,1,1,1,1,1,1,1,1,1,1,1,1,1,1,1,1,1,0,1,1,1,1,1,1,1,1,1,1,1,1,1,1,1,1,1,1,1,1,1,1,1,1,1,1,1,1,1,1,1,1,1,1,1,1,1,1,1,1,1,1,1,1,1,1,1,1,1,1,1,1,1,1,1,1,1,1,1,1,1,1,0,1,1,1,1,1,1,1,1,1,1,1,1,1,1,1,1,1,1,1,1,1,1,1,1,1,1,1,1,1,1,1,1,1,1,1,1,1,1,1,1,1,1,1,1,1,1,1,1,1,1,1,1,1,1,1,1,1,1,1,1,1,1,1,1,1,1,1,1,1,1,1,1,1,1,1,1,1,1,1,1,1,1,1,1,1,1,1,1,1,1,1,1,1,1,1,1,1,1,1,1,1,1,1,1,1,1,1,1,1,1,1,1,1,1,1,1,1,1,1,1,1,1,1,1,1,1,1,1,1,1,1,1,1,1,1,1,1,1,1,1,1,1,1,1,1,1,1,1,1,1,1,1,1,1,1,1,1,0,0,0,1,1,1,1,1,1,1,1,1,0,1,1,1,1,1,1,1,0,1,1,1,1,1,1,1,1,1,1,1,1,1,1,1,1,1,1,1,1,1,1,1,1,1,1,1,1,1,1,1,1,1,1,1,1,1,1,1,1,1,1,1,1,1,1,1,1,1,1,1,1,1,1,1,1,1,1,1,1,1,1,1,1,1,1,1,1,1,1,1,1,1,1,1,1,1,1,1,1,1,1,1,1,1,1,1,1,1,1,1,1,1,1,1,1,1,1,1,1,1,1,1,1,1,1,1,1,1,1,1,1,1,1,1,1,1,1,1,1,0,1,1,1,1,1,1,1,1,1,1,1,1,1,1,1,1,1,1,1,1,1,1,1,1,1,1,1,1,1,1,1,1,1,1,1,1,1,1,1,1,1,0,1,0,1,1,1,1,1,1,1,1,1,1,1,1
Long Entry on Body in Zone,1,0,1,int,"Enter if close ≤ lower band (0=false, 1=true) - OPTIMIZABLE",0,0,1,0,1,1,0,1,0,0,0,0,1,1,0,1,1,0,0,1,0,0,0,0,0,0,0,0,0,0,0,0,0,0,0,1,0,0,0,0,0,0,0,0,1,0,1,0,0,0,0,0,0,1,0,0,1,0,0,1,0,0,0,1,0,0,0,1,1,1,0,0,0,1,1,0,0,0,0,0,0,0,0,0,0,0,0,0,0,0,0,0,0,0,0,0,0,0,1,0,0,0,0,0,0,0,0,0,0,0,0,0,1,0,0,0,0,0,0,0,0,0,0,0,0,0,0,0,0,0,0,0,0,0,0,1,0,0,0,0,0,1,0,0,0,0,0,0,0,0,0,1,0,0,0,0,0,1,0,0,0,0,0,0,0,0,0,0,1,0,0,0,1,0,1,1,0,0,0,0,0,0,0,0,0,0,0,0,0,0,0,0,0,0,0,0,1,1,0,0,0,0,1,0,0,0,0,0,0,1,1,0,0,0,0,0,0,0,0,0,0,0,0,0,0,0,1,0,0,0,0,0,0,0,0,0,1,0,0,0,0,0,0,0,1,0,1,1,0,0,0,1,0,0,0,0,1,0,0,0,0,0,0,0,0,0,0,0,0,0,0,0,1,0,0,0,0,0,0,0,1,0,0,0,0,1,0,0,0,0,0,0,0,0,0,0,0,0,0,1,0,0,0,0,0,0,1,0,0,0,0,0,0,0,0,0,0,0,0,0,0,0,1,0,0,0,0,0,0,0,0,0,0,0,0,0,0,0,0,0,0,0,1,0,0,0,1,0,0,0,0,0,0,0,1,0,0,0,0,0,0,0,0,0,0,0,0,1,0,0,0,0,1,1,0,0,0,0,0,0,0,0,0,0,0,0,1,0,1,0,0,1,0,0,0,1,0,0,1,0,1,0,0,1,1,1,0,0,0,0,0,0,0,0,0,0,0,0,1,0,0,0,0,0,0,0,0,1,0,0,0,0,1,0,0,0,0,0,0,0,1,1,0,0,0,0,1,0,0,0,0,0,0,0,0,0,0,0,0,0,0,0,0,0,0,0,0,0,1,0,0,0,0,0,0,0,0,0,0,0,1,0,0,0,0,0,0,0,0,0,0,0,0,0,0,0,0,0,1,0,0,0,0,0,1,1,0,1,0,0,0,0,0,0,0,0,1,0,0,0,0,0,0,0,0,0,0,0,0,0,0,0,0,0,0,0,0,0,0,0,0,0,0,0,0,0,0,0,0,1,0,0,0,0,0,0,0,0,0,0,0,0,0,0,0,0,0,0,0,0,0,0,0,0,0,0,0,0,0,0,0,0,1,0,0,0,0,0,1,0,0,0,0,0,0,0,0,0,1,1,1,1,0,0,0,0,0,0,0,0,1,0,0,0,0,0,0,0,1,0,0,0,0,0,0,0,0,0,1,0,0,0,1,0,0,0,0,0,1,0,0,0,0,0,0,0,1,0,0,0,0,0,1,0,0,1,0,0,0,0,0,0,1,0,1,0,0,0,0,0,0,0,0,0,0,0,0,0,0,0,0,0,0,0,0,0,0,0,0,0,0,0,0,0,0,0,0,0,0,0,0,0,0,0,0,0,0,0,0,0,0,0,0,0,1,1,0,0,0,0,0,0,0,0,0,0,0,0,0,0,0,0,0,1,0,0,0,0,0,0,0,0,0,0,0,0,0,0,0,0,0,0,0,0,0,0,0,0,1,0,0,0,0,0,1,1,0,0,0,0,0,0,0,0,0,0,1,1,1,0,0,1,0,1,0,0,0,1,0,0,0,0,1,1,1,0
Long Trigger (% From Lower Band),0.5,0,2,float,% below lower band to trigger (min 0.5% to avoid band extremes),0.0,0.0,0.0,0.0,0.0,0.0,0.0,0.0,0.0,0.0,0.0,0.0,0.0,0.0,0.0,0.0,0.0,0.0,0.0,0.0,0.0,0.0,0.0,0.0,0.0,0.0,0.0,0.0,0.0,0.0,0.0,0.0,0.0,0.0,0.0,0.0,0.0,0.0,0.0,0.0,0.0,0.0,0.0,0.0,0.0,0.0,0.0,0.0,0.0,0.0,0.0,0.0,0.0,0.0,0.0,0.0,0.0,0.0,0.0,0.0,0.0,0.0,0.0,0.0726,0.0,0.0,0.0,0.9572,1.1211,0.9706,0.0,0.0,0.0,0.9706,1.1211,0.0,0.0,0.0,0.0,0.0,0.0,0.0,0.0,0.0,0.0,0.0,0.0453,0.0,0.0,0.0,0.0,0.0,0.0,1.1228,0.0,0.0,0.0,0.0,0.0,0.0,0.0,0.0,0.0,0.0,0.0,0.0,0.0,0.0,0.0,0.0,0.0,0.0,0.0,0.0,0.0,0.0,0.8038,0.0,0.0,0.0,0.0,0.0,0.0,0.0,0.0,0.0,0.0,0.0,0.0,0.0,0.0,0.0,0.0,0.0,0.0,0.0,0.0,0.0,0.0,0.0,0.0,0.0,0.0,0.0,0.0,0.0,0.0,0.0,0.0,0.0,0.0,0.0,0.0,0.0,0.0,0.0,0.0,0.0,0.0,0.0216,0.0,0.0,0.0,0.0,0.0,0.0,0.0,0.0,0.0,0.0,0.0,0.0,0.0,0.0,0.0,0.0,0.0,0.0,0.0,0.0,0.0,0.0,0.0,0.0,0.0,0.0,0.0,0.0,0.0,0.0,0.0,0.0,0.0,0.0,0.0,0.0,0.0,0.0,0.0,0.0,0.0,0.0,0.0,0.0,0.0,0.0,0.0,0.0,0.0,0.0,0.0,0.0,0.0,0.0,0.0,0.0,0.0,0.0,0.0,0.0,0.0,0.0,0.0,0.0,0.0,0.0,0.0,0.0,0.0,0.0,0.0,0.0,0.0,0.0,0.0,0.0,0.0,0.0,0.0,0.0,0.0,0.0,0.0,0.0,0.0,0.0,0.0,0.0,0.0,0.0,0.0,0.0,0.0,0.0,0.0,0.0,0.0,0.0,0.0,0.0,0.0,0.0,0.0,0.0,0.0,0.0,0.0,0.0,0.0,0.0,0.0,0.0,0.0,0.0,0.0,0.0,0.0,0.0,0.0,0.0,0.0,0.0,0.0,0.0,0.0,0.0,0.0,0.0,0.0,0.0,0.0,0.0,0.0,0.0,0.0,0.0,0.0,0.0,0.0,0.0,0.0,0.0,0.0,0.0284,0.0,0.0,0.0,0.0,0.0,0.0,0.0,0.0,0.0,0.0,0.0001,0.0,0.0,0.0,0.0,0.0,0.0,0.0,0.0,0.0,0.0,0.0,0.0,0.0,0.0,0.0,0.0,0.0,0.0,0.0,0.0,0.0,0.0,0.0,0.0,0.0,0.0,0.0,0.0,0.0,0.0,0.0,0.0,0.0,0.0,0.0,0.0,0.0,0.0,0.0,0.0,0.0,0.0,0.0,0.0,0.0,0.0,0.0,0.0,0.0,0.0,0.0,0.0,0.0,0.0,0.0,0.0,0.0,0.0,0.0,0.0,0.0,0.0,1.1228,0.0,0.0,0.0,0.0,0.0,0.0,0.0,0.0,0.1082,0.0,0.0,0.0,0.0,0.0014,0.0,0.0,0.0,0.0,0.0,0.0,0.0,0.0,0.0,0.0,0.0,0.0,0.0,0.0,0.0,0.0,0.0,0.0,0.0,0.0,0.0,0.0,0.0,0.0,0.0,0.0,0.0,0.0,0.0,0.0,0.0,0.0,0.0,0.0,0.0,0.0,0.0,0.0,0.0,0.0,0.0,0.0,0.0,0.0,0.0,0.0,0.0,0.0,0.0012,0.0,0.0,0.0,0.0,0.0,0.0,0.0,0.0,0.0,0.0,0.0,0.0,0.0,0.0,0.0,0.0,0.0,0.0,0.0,0.0,0.0,0.0,0.0,0.0,0.0,0.0,0.0,0.0,0.0,0.0,0.0,0.0,0.0,0.0,0.0,0.0,0.0,0.0,0.0,0.1487,0.0,0.0,0.0,0.0,0.0,0.0,0.0,0.0,0.0,0.0,0.0,0.0,0.0,0.0,0.0,0.0,0.0,0.0,0.0,0.0,0.0,0.0,0.0,0.1278,0.0184,0.0,0.1278,0.0,0.0,0.0,0.0,0.0,0.0,0.0,0.0,0.0,0.0,0.0,0.0,0.0,0.0,0.0,0.0,0.0,0.0,0.0,0.0,0.0,0.0,0.0,0.0,0.0,0.0,0.0,0.0,0.0,0.0,0.0,0.0,0.0,0.0,0.0,0.0,0.0,0.0,0.0,0.0,0.0,0.0,0.0,0.0,0.0,0.0,0.0,0.0,0.0,0.0,0.0,0.0,0.0,0.0,0.0,0.0,0.0,0.0,0.0,0.0,0.0,0.0,0.0,0.0,0.0,0.0,0.0,0.0,0.0,0.0,0.0,0.0,0.0,0.0,0.0,0.0,0.0,0.0017,0.0007,0.0,0.1698,0.0,0.0,0.0,0.0,0.0007,0.0,0.0,0.0,0.0,0.0428,0.0406,0.0152,0.0,0.0,0.0,0.0,0.0,0.0,0.0,0.0,0.0,0.0,0.0,0.0,0.0,0.0,0.0,0.0,0.0,0.0,0.0,0.0,0.0,0.0,0.0,0.0,0.0,0.0,0.0,0.0,0.0,0.0,0.0,0.0,0.0,0.0,0.0,0.0,0.0,0.0,0.0,0.0,0.0,0.0,0.0,0.0,0.0,0.0,0.0,0.0,0.0,0.0,0.0,0.0,0.0,0.0,0.0,0.0,0.0,0.0,0.0,0.0,0.0,0.0,0.0,0.0,0.0,0.0,0.0,0.0,0.0,0.0,0.0,0.0,0.0,0.0,0.0,0.0,0.0,0.0,0.0,0.0,0.0,0.0,0.0,0.0,0.0,0.0,0.0,0.0,0.0,0.0,0.0,0.0,0.0,0.0,0.0,0.0,0.0,0.0128,0.0,0.0,0.0,0.0,0.0,0.0,0.0,0.0,0.0,0.0093,0.0,0.0,0.0,0.0,0.0,0.0,0.0,0.0,0.0,0.0,0.0,0.0,0.0,0.0,0.0,0.0,0.0,0.0,0.0,0.0,0.0,0.0,0.0,0.0,0.0,0.0,0.0,0.0,0.0,0.0,0.9422,0.0,0.0,0.0,0.0,0.0,0.0,0.0,0.0,0.0,0.0,0.0,0.0,0.0,0.0,0.0,0.0,0.0,0.0,0.0,0.0,0.0,0.0,0.0,0.0,0.0,0.0,0.0,0.0,0.0,0.0,0.0,0.0,0.0,0.0,0.0,0.0,0.0,0.0,0.0,0.0,0.0,0.0055,0.0,0.0055,0.0,0.0,0.0,0.0,0.0,0.0,0.0,0.0,0.0,0.0,0.0,0.0
Short Entry on Wick Touch,0,0,1,int,"Enter if high touches upper band (0=false, 1=true) - OPTIMIZABLE",1,1,1,1,1,1,1,1,1,1,1,1,1,1,1,1,1,1,1,1,1,1,1,1,1,1,1,1,1,1,1,1,1,1,1,1,1,1,0,1,0,1,1,0,1,1,1,1,1,1,1,0,1,1,1,1,1,1,1,1,0,1,1,1,1,1,1,1,1,1,1,1,1,1,1,1,1,1,1,0,1,1,0,1,0,0,1,1,1,1,1,0,1,1,1,1,1,1,1,1,1,1,1,1,1,0,1,1,1,1,0,1,1,1,1,1,1,0,1,1,0,1,1,0,1,0,0,1,1,1,1,1,0,0,0,1,1,1,1,0,1,1,0,1,1,1,0,0,1,1,0,1,1,1,1,1,0,1,1,1,0,1,1,1,0,0,1,1,1,0,1,0,1,1,0,0,0,0,1,0,1,1,1,0,1,1,1,1,0,1,1,1,1,1,0,0,0,0,1,1,1,1,1,1,0,0,0,1,0,1,1,1,1,1,1,1,1,0,0,1,1,1,1,0,0,1,1,1,0,0,0,0,1,0,0,1,1,1,0,1,0,0,1,0,1,0,0,1,1,0,1,0,1,1,1,0,0,0,1,0,1,0,1,1,1,0,1,0,0,0,0,1,1,1,1,1,1,1,0,0,0,0,1,0,1,1,1,1,1,0,1,0,1,1,1,1,1,1,1,0,0,1,1,1,1,0,1,0,1,0,0,0,1,1,1,0,0,0,1,0,0,0,0,0,0,0,1,0,0,0,0,1,1,0,1,0,1,1,0,1,1,0,0,0,0,1,0,1,1,0,0,1,0,1,0,1,0,0,0,0,1,1,0,1,0,0,1,1,1,0,0,0,1,1,1,1,1,1,1,1,1,0,1,1,1,0,1,1,0,1,0,1,1,0,0,1,1,0,0,0,1,0,0,0,1,1,1,0,1,1,1,0,1,0,1,0,0,1,0,1,0,0,0,0,1,0,1,1,1,1,1,1,1,1,1,0,1,0,1,1,1,0,1,1,1,0,0,1,0,1,0,1,0,0,0,1,0,1,1,1,0,1,1,0,1,0,0,0,0,0,0,0,1,0,0,0,0,1,0,1,1,0,1,0,1,1,1,1,0,0,0,0,1,0,1,0,0,1,0,1,0,0,1,1,1,1,0,1,0,1,0,0,1,1,1,0,0,0,0,1,1,0,0,1,1,0,0,1,0,0,1,0,1,0,1,1,1,1,1,1,0,0,1,1,0,0,1,0,1,0,0,1,0,0,0,0,0,0,0,0,0,1,0,0,0,0,0,1,1,1,0,1,1,0,1,1,0,0,1,1,0,0,1,0,1,1,1,1,1,0,0,1,1,1,0,1,0,1,1,1,1,0,0,0,0,0,1,0,0,1,1,0,0,0,1,1,0,1,1,0,0,0,1,0,0,0,0,1,1,0,0,1,0,0,0,0,1,1,0,0,0,1,0,0,1,1,0,1,0,0,0,1,1,0,1,1,0,0,0,0,0,0,0,0,1,0,1,1,0,0,0,1,0,1,0,1,1,0,0,0,0,1,0,0,1,0,0,0,0,0,0,0,0,0,0,0,1,0,1,1,1,0,1,0,0,0,1,1,1,1,0,0,0,1,1,0,0,0,0,1,1,0,0,0,0,0,0,1,1,0,0,0,1,1,0,0,0,1,0,1,0,0,0,0,1,0,1,0,0,1,0,0,0,0,0,1,1,1,0,0,0,1,0,1,0,1,1,0,0,0,1,1,1,1,0,0,0,0,0,1,0,1,1,1,1,0,0,0,0,0,1,1,0,0,0,1
Short Entry on Body in Zone,1,0,1,int,"Enter if close ≥ upper band (0=false, 1=true) - OPTIMIZABLE",1,1,1,1,1,1,1,1,1,1,1,1,1,1,1,1,1,1,1,1,1,1,1,1,1,1,1,1,1,1,1,1,1,1,1,1,1,1,1,1,1,1,1,1,1,1,1,1,1,1,1,1,1,1,0,1,1,1,1,1,1,1,1,1,1,1,1,1,1,1,1,1,1,1,1,1,1,1,1,1,1,1,1,1,1,1,1,1,1,1,1,1,1,1,1,1,1,1,1,1,1,1,1,1,1,1,1,1,1,1,1,1,1,1,1,1,1,1,1,1,1,1,1,1,1,1,1,1,1,1,1,1,1,1,1,1,1,1,1,1,1,1,1,1,1,1,1,1,1,1,1,1,1,1,1,1,1,1,1,1,1,1,1,1,1,1,1,1,1,1,1,1,1,1,1,1,1,1,1,1,1,1,1,1,1,1,1,1,1,1,1,1,1,1,1,1,1,1,1,1,1,1,1,1,1,1,1,1,1,1,1,1,1,1,1,1,1,1,1,1,1,1,1,1,1,1,1,1,1,1,1,1,1,1,1,1,1,1,1,1,1,1,1,1,1,1,1,1,1,1,1,1,1,1,1,1,1,1,1,1,1,1,1,1,1,1,1,1,1,1,1,1,1,1,1,1,1,1,1,1,1,1,1,1,1,1,1,1,1,1,1,1,1,1,1,1,1,1,1,1,1,1,1,1,1,1,1,1,1,1,1,1,1,1,1,1,1,1,1,1,1,1,1,1,1,1,1,1,1,1,1,1,1,1,1,1,1,1,1,1,1,1,1,1,1,1,1,1,1,1,1,1,1,1,1,1,1,1,1,1,1,1,1,1,1,1,1,1,1,1,1,1,1,1,1,1,1,1,1,1,1,1,1,1,1,1,1,1,1,1,1,1,1,1,1,1,1,1,1,1,1,1,1,1,1,1,1,1,1,1,1,1,1,1,1,1,1,1,1,1,1,1,1,1,1,1,1,1,1,1,1,1,1,1,1,1,1,1,1,1,1,1,1,1,1,1,1,1,1,1,1,1,1,1,1,1,1,1,1,1,1,1,1,1,1,1,1,1,1,1,1,1,1,1,1,1,1,1,1,1,1,1,1,1,1,1,1,1,1,1,1,1,1,1,1,1,1,1,1,1,1,1,1,1,1,1,1,1,1,1,1,1,1,1,1,1,1,1,1,1,1,1,1,1,1,1,1,1,1,1,1,1,1,1,1,1,1,1,1,1,1,1,1,1,1,1,1,1,1,1,1,1,1,1,1,1,1,1,1,1,0,1,1,1,1,1,1,1,1,1,1,1,1,1,1,1,1,1,1,1,1,1,1,1,1,1,1,1,1,1,1,1,1,1,1,1,1,1,1,1,1,1,1,1,1,1,1,1,1,1,1,1,1,1,1,1,1,1,1,1,1,1,1,1,1,1,1,1,1,1,1,1,1,1,1,1,1,1,1,1,1,1,1,1,1,1,1,1,1,1,1,1,1,1,1,1,1,1,1,1,1,1,1,1,1,1,1,1,1,1,1,1,1,1,1,1,1,1,1,1,1,1,1,1,1,1,1,1,1,1,0,1,1,1,0,1,1,1,1,1,1,1,1,1,1,1,1,1,1,1,1,1,1,1,1,1,1,1,1,1,1,1,1,1,1,1,1,1,1,1,1,1,1,1,1,1,1,1,1,1,1,1,1,1,1,1,1,1,1,1,1,1,1,1,1,1,1,1,1,1,1,1,1,1,1,1,1,1,1,1,1,1,1,1,1,1,1,1,1,1,1,1,1,1,1,1,1,1,1,1,1,1,1,1,1,1
Short Trigger (% From Upper Band),0.5,0,2,float,% above upper band to trigger (min 0.5% to avoid band extremes),0.0,0.0,0.0,0.0,0.0,0.0,0.0,0.0,0.0,0.0,0.0,0.0,0.0,0.0,0.0,0.0,0.0,0.0,0.0,0.0,0.2425,0.3682,0.0,0.371,0.0,0.0,0.0,0.0,0.0,0.0,0.0,0.0,0.0,0.0,0.0,0.0,0.0,0.0,0.0,1.0916,0.4369,0.0,0.429,0.9061,0.0,0.441,0.3193,0.0,0.0,1.1304,0.0,0.067,0.441,0.3193,0.2596,0.2596,1.1304,0.7582,0.2759,1.0197,0.1467,0.5457,0.5457,0.0163,0.0,0.0,0.2596,0.0,0.0,0.0,0.0,0.9132,0.0,0.0,0.0,0.4021,0.8657,0.1429,0.0731,0.0,0.0,0.1377,0.3605,0.0,0.5501,0.256,0.0,0.0,0.0,0.0,0.0,0.0,0.0,0.004,0.0,0.0087,0.0,1.0506,0.0088,0.1043,0.0,0.04,0.04,0.3329,0.9026,0.0,0.5237,0.0,0.7646,0.7008,0.0,0.0,0.1196,0.2321,0.1771,0.7705,0.0,0.5473,0.1653,0.3051,0.0695,0.0,0.2549,0.0,0.0,0.0982,0.1824,0.1431,1.5065,0.2452,0.4269,0.4165,0.1164,0.3071,0.216,0.0188,0.0851,0.1651,0.7402,0.0,0.0,0.0188,0.2814,0.3318,0.0,0.6868,0.1702,0.4899,0.8067,0.0,0.5912,0.9119,0.1651,0.1651,0.1771,0.0,0.0,0.6382,0.1101,1.0389,0.0056,0.0,0.0108,0.0276,0.3045,0.0005,0.162,0.0,1.6927,0.3992,0.0,0.5993,0.1864,0.0,1.1623,1.1623,0.3508,0.0075,0.6804,0.2881,0.6587,0.7036,0.3421,0.034,0.3942,0.1967,0.2368,0.5955,1.1097,0.0,0.1661,0.0,0.0,0.0,0.6595,0.293,0.5549,0.5549,0.9781,0.1994,0.0,0.6804,0.2208,0.1808,0.7359,0.0729,0.5131,0.066,0.2971,0.1315,0.2208,0.0,0.1994,0.4732,0.5891,0.0,0.0,0.2909,0.0,0.0311,0.1758,0.0,0.5255,0.2226,0.2226,0.3689,0.4894,0.0,0.2895,0.2313,0.2226,0.3967,0.0,0.5133,0.0723,0.0,0.0376,0.0,0.3087,0.1661,0.2226,0.0,0.0,0.3087,0.3792,0.2226,0.0,0.0282,0.0,0.8171,0.0204,0.1012,0.3161,0.1811,0.6133,0.0,0.499,0.0143,0.2204,0.3833,0.1811,0.1417,0.1811,0.0,0.1618,0.1914,0.0,0.2429,0.4107,0.0947,0.1641,0.2069,0.0,0.0,0.0,0.4089,0.0,0.0,0.1931,0.0,0.6494,0.1589,0.0,0.0123,0.0,0.6437,0.3721,0.0,0.4797,0.1546,0.2646,0.06,0.0,0.0127,0.0,0.0,0.0,0.0,0.0,0.0908,0.0954,0.0,1.0892,0.8009,0.2646,0.046,0.3298,0.1613,0.0,0.0,0.0089,0.0039,0.2973,0.0,0.0205,0.2267,0.8851,0.0136,0.5023,0.0089,0.225,0.7295,0.0326,0.0004,0.1107,0.8034,0.4337,0.4141,0.3999,0.2062,0.6011,0.2204,0.1729,0.1393,0.0635,0.9684,0.0,0.0342,0.0,0.0,0.0,0.3183,0.2171,0.0,0.2247,0.5127,0.2585,0.0,0.2671,0.5927,0.191,0.3099,0.3115,0.0,0.0732,0.0,0.0613,0.1295,0.1176,0.0179,0.0306,0.0,0.0,0.1324,0.0508,0.506,0.0,0.7341,0.0,0.0,0.0069,0.3148,0.0,0.567,0.2962,0.6329,0.0,0.004,0.0795,0.0,0.1494,0.0031,0.8661,0.0,0.3058,0.0752,0.0269,0.4473,0.1012,0.0,0.4878,0.0,0.0,0.1098,0.1207,0.3648,0.0,0.0,0.1976,0.2377,0.0,0.0147,0.2142,0.0632,0.4238,0.5684,0.744,0.4959,0.5511,0.1932,0.1595,0.0878,0.0,0.3763,0.2392,0.0437,0.0976,0.3769,0.0,0.149,0.0842,0.2098,0.1095,0.0543,0.2307,0.0418,0.0,0.0,0.4528,0.0,0.0,0.0,0.3298,0.0,0.0,0.9346,0.1925,0.0457,0.0151,0.91,0.0043,0.6894,0.0,0.0,0.0,0.2225,0.0457,0.1833,0.0,0.1304,0.0085,0.0,0.0706,0.0398,0.4157,0.3444,0.2077,0.2368,0.0047,0.2073,0.008,0.2368,0.1147,0.0969,0.5166,0.5838,0.0233,0.081,0.6648,0.0341,0.1531,0.6859,0.1898,0.2847,0.0965,0.1279,0.041,0.1251,0.0,0.0,0.0093,0.6381,0.1933,0.2847,0.0,0.1653,0.8096,0.0,0.49,0.2366,0.0996,0.0808,0.0,0.0,0.0,0.4635,0.1423,0.1324,0.368,0.1406,0.0,0.0703,0.0,0.0,0.0295,0.0372,0.0503,0.0295,0.1784,0.0,0.0687,0.6101,0.0,0.4226,0.5509,0.6043,0.8321,0.0814,0.0,0.1118,0.1935,0.4133,0.6584,0.6884,0.0,0.0,0.3514,0.3981,0.4413,0.0,0.4484,0.5687,0.0,0.3485,1.1433,0.0,0.0,0.0813,0.1901,0.0,0.213,0.0,0.0,0.0,0.1838,0.1838,0.2814,0.6352,0.0167,0.0,0.6859,0.0,0.5788,0.5639,0.1062,0.2201,0.6164,0.139,0.2376,0.6727,0.1295,0.0,0.0003,0.5301,0.2633,0.3422,0.0776,0.0,0.1645,0.0,0.0,0.0,0.0,0.0,0.0,0.0,0.0,0.6112,0.0,0.0,0.0,0.2125,0.0262,0.2198,0.0,0.1246,0.1245,0.0,0.0038,0.2405,0.4178,0.49,0.0,0.1245,0.2207,0.6558,0.0,0.0,0.0163,0.0163,0.0163,0.206,0.0529,0.2432,0.3269,0.0956,0.1194,0.0888,0.6112,0.3395,0.0163,0.2146,0.0,0.6783,0.0,0.2122,0.4299,0.1789,0.0163,0.2131,0.4573,0.0572,0.1195,0.2461,0.5097,0.1805,0.2434,0.5058,0.0992,0.0,0.1459,0.6742,0.0,0.3546,0.0994,0.185,0.7336,0.1479,0.0,0.5657,0.2756,0.0,0.2244,0.0,0.0,0.0,0.1095,0.1981,0.3738,0.1882,0.2064,0.0545,0.0,0.0,0.5523,0.0973,0.1947,0.1947,0.0,0.0,0.0,0.4733,0.2505,0.0108,0.0,0.1988,0.0,0.0947,0.2511,0.4524,0.6033,0.3515,0.2255,0.0,0.0,0.4256,0.449,0.0,0.1483,0.1179,0.0161,0.449,0.1364,0.194,0.1899,0.0,1.0149,0.2576,0.577,0.841,0.2168,0.0265,0.0,0.0567,0.2397,0.2266,0.3489,0.0,0.0,0.0,0.7113,0.3365,0.0066,0.0,0.0349,0.1101,0.0,0.1995,0.0,0.0,0.3549,0.3552,0.247,0.0024,0.194,0.2323,0.0,0.0281,0.3549,0.0,0.0,0.233,0.6108,0.0617,0.0,0.0,0.5667,0.1995,0.0,0.0368,0.2022,0.17,0.0,0.0,0.4763,0.3227,0.0,0.0313,0.3091,0.0058,0.5211,0.0,0.1824,0.1106,0.0,0.2392,0.0,0.1244,0.2774,0.0895,0.5246,0.1974,0.2961,0.0,0.1416,0.0,0.112,0.0,0.5375,0.0,0.7115,0.0,0.2391,0.0,0.4739,0.0,0.0,0.3374,0.0,0.3374,0.0052,0.1631,0.3746,0.0,0.704,0.223,0.0644,0.0,0.0644,0.0,0.4775,0.0207,0.4046,0.0207,0.0,0.1731,0.4142,0.0644,0.7178,0.115,0.0,0.0,0.0644,0.0644,0.7769,0.2473
ATR Length for Filter,26,5,20,int,ATR period for entry filter (separate from trailing stop ATR),18,17,17,17,17,17,17,17,17,17,17,17,17,17,17,17,17,17,14,17,19,19,17,19,17,17,17,17,17,17,17,18,17,17,17,17,17,17,13,12,13,15,18,17,15,18,16,17,16,18,17,17,18,16,18,18,18,17,17,18,17,17,17,18,17,18,18,12,12,12,17,18,19,12,12,20,18,19,16,13,17,16,12,14,12,18,17,15,15,15,15,16,14,18,17,17,18,17,17,17,15,17,17,18,18,15,12,14,18,17,14,18,14,17,18,17,18,16,17,14,17,16,17,18,17,17,16,18,17,18,16,17,15,20,17,17,17,16,16,15,16,17,16,20,15,15,17,20,18,17,16,16,16,16,18,14,17,15,18,18,13,16,17,15,17,13,18,18,18,16,18,20,15,18,19,19,16,14,17,17,19,18,16,13,17,19,19,15,20,15,17,18,18,17,19,19,20,20,19,16,18,17,13,17,17,17,20,15,18,18,13,17,16,18,14,15,13,16,17,18,18,17,15,16,16,20,17,12,16,18,16,18,16,9,16,17,17,17,17,17,16,20,15,17,16,16,14,15,18,20,13,18,20,20,17,15,15,20,15,18,20,18,20,15,17,20,15,20,11,10,19,19,17,16,16,20,14,16,17,19,18,20,16,14,16,15,15,16,18,15,17,14,15,17,17,16,15,16,16,15,17,16,17,18,17,16,17,19,17,14,16,13,17,17,15,16,17,15,17,16,15,15,16,17,20,17,17,14,20,12,16,18,16,17,19,15,16,17,14,13,18,17,14,17,19,16,17,16,17,17,16,19,14,18,16,16,17,17,14,16,16,14,15,17,16,18,16,14,8,19,16,17,17,17,14,17,16,18,13,15,16,16,17,16,17,15,18,15,18,16,13,17,17,16,17,12,14,16,17,16,17,17,16,17,12,9,19,18,18,20,17,13,16,17,16,16,16,16,16,16,13,16,20,17,17,17,16,16,16,13,16,17,17,17,17,18,14,14,16,17,18,16,16,18,17,17,14,15,15,16,17,13,17,12,16,17,16,15,17,17,11,15,16,20,15,17,16,17,15,16,11,17,15,18,7,17,17,17,16,15,16,14,16,18,8,17,16,12,16,16,15,16,16,16,16,14,16,16,18,14,17,17,12,18,18,17,16,18,17,16,17,17,17,16,17,17,17,16,17,13,11,12,18,17,16,17,16,13,16,16,18,20,17,16,17,17,20,15,16,17,16,16,17,16,16,16,9,17,15,16,17,16,14,15,17,15,16,17,18,17,17,15,17,16,15,15,16,17,16,17,16,16,16,14,16,16,16,17,17,16,15,16,16,16,17,18,17,17,18,11,17,15,19,17,16,17,8,19,15,15,15,16,15,15,17,16,14,16,17,11,15,16,17,14,16,14,16,15,15,17,16,17,16,15,15,15,15,15,18,5,17,15,16,16,17,17,14,19,16,16,17,15,19,16,16,16,16,16,17,12,16,16,17,16,18,18,17,17,18,17,15,18,14,13,17,17,16,17,15,11,12,17,17,16,15,16,15,11,14,17,15,15,15,17,16,16,15,16,16,16,16,16,14,15,16,16,16,17,18,16,14,16,17,16,16,16,16,15,16,16,16,16,16,17,14,16,11,16,16,15,16,16,17,17,16,13,17,15,16,16,16,17,17,17,16,16,17,15,16,17,15,17,15,15,17,16,16,17,16,15,9,16,16,17,15,17,17,17,17,16,16,16,15,16,18,17,17,17,10,17,15,15,15,16,16,16,15,15,15,16,14,17,16,17,16,16,17,15,15,17,17,17,15,15,15,17
Max ATR Filter (Points),4,2,7,float,Maximum ATR value to allow entries for mean reversion (ATR <= max). Low ATR = exhausted move ready to reverse (good). High ATR = strong momentum (bad for mean reversion). Range 1.0-6.0 points,5.5008,5.397,5.3508,5.3508,5.2757,5.3809,5.3242,5.3508,5.3497,5.3497,5.4469,5.3213,5.3508,5.3508,5.3213,5.4005,5.4885,5.4672,5.389,5.339,5.3997,5.4189,5.514,5.4189,5.4496,5.6946,5.4409,5.3844,5.3629,5.4167,5.4167,5.5969,5.1445,5.373,5.3016,5.4021,5.4041,5.3542,5.2593,5.3637,4.9196,5.4795,5.3237,5.4391,5.1123,5.4608,5.3747,5.3823,5.3193,5.3714,5.4672,5.5346,5.4608,5.3747,5.355,5.355,5.3714,5.4872,5.1558,5.3714,5.1263,5.3808,5.3808,5.2106,5.2958,5.392,5.2685,5.2807,5.2807,5.2807,5.1522,5.342,5.9841,5.2807,5.2807,5.3995,5.4204,5.4093,5.4746,5.2745,5.3593,5.353,5.5002,5.0742,4.8473,5.4361,5.3355,5.4515,5.4515,5.4439,5.1615,5.5374,5.3965,5.643,5.3235,5.1366,5.286,5.3577,5.4531,5.4939,5.6159,5.4292,5.4292,5.3932,5.3602,5.6158,5.0951,5.6756,5.3618,5.5472,5.6223,5.3581,5.3942,5.3638,5.6105,5.4345,5.642,5.1936,5.4992,5.2694,5.4864,5.5201,5.4373,5.3343,5.0188,5.4325,5.5689,5.3499,5.4442,5.392,5.4601,5.3226,5.4078,5.4357,5.519,5.6266,5.656,5.2075,5.6385,5.5239,5.5201,5.6266,5.7987,5.5622,5.6228,5.369,5.8177,5.4593,5.4434,5.6901,5.529,5.4769,5.4823,5.4823,5.6105,5.7769,5.1593,5.5215,5.3017,5.0605,5.2593,5.3281,5.3089,5.4885,5.5715,5.2593,5.6154,5.392,5.5496,5.5733,5.4853,5.4822,5.6621,5.4231,5.6345,5.6345,5.5558,5.3901,5.4615,5.4278,5.4061,5.6045,5.2509,5.6785,5.3686,5.4046,5.4046,5.6533,5.4822,6.1283,5.5935,5.5898,5.958,5.5259,5.8262,5.8262,5.4859,5.4335,5.2937,5.255,5.392,5.3931,5.5256,5.3637,5.3359,5.4273,5.5439,5.5263,5.4488,5.0808,5.5256,5.4985,5.255,5.3933,5.6424,6.0679,5.1371,5.5002,5.5001,5.3693,5.4416,6.0664,5.5049,5.5002,5.5002,5.5415,5.4117,5.5896,5.0347,5.3868,5.5002,5.2203,5.3715,5.6202,5.4165,6.154,5.4865,5.7945,5.3572,5.7534,5.5002,5.3973,5.364,5.3572,5.6216,5.5002,5.4033,5.4481,5.4159,5.3688,5.5228,5.3927,5.4091,5.4754,5.2766,5.3927,5.473,5.5231,5.4675,5.3872,5.3695,5.4579,5.4151,4.8813,5.3515,5.3874,5.0992,4.9871,4.9673,5.3589,5.3918,5.3633,6.0436,5.6931,5.6931,5.3636,5.5673,5.0423,5.4986,5.3258,5.4222,5.375,5.5409,5.4909,5.7227,5.4998,6.1549,5.3588,5.0452,5.3278,5.3882,5.4559,4.5015,5.2585,5.2352,5.1662,5.5261,4.7451,4.8314,5.1679,5.2897,5.3993,5.3838,5.1178,5.3882,5.0122,5.3749,5.4507,5.3447,5.5965,5.4128,5.6646,5.422,5.5587,5.2158,5.4629,4.9574,5.5269,5.4948,5.4128,5.446,5.1551,5.4871,5.3494,5.5937,5.046,4.9941,5.0981,5.5733,5.5313,4.961,5.4663,5.498,5.2794,5.121,5.1551,6.1388,5.4753,5.0513,5.2669,5.402,5.3335,5.5728,5.3112,5.4759,5.5785,5.0475,5.0661,5.0735,5.2307,5.461,5.5515,5.0624,5.8543,5.3881,5.6176,5.5215,5.1243,5.4682,5.4562,5.4757,5.0738,5.4434,5.6644,4.867,5.4496,5.5914,5.3529,5.081,5.3918,5.3175,4.9528,6.3269,5.4356,5.1802,5.4726,5.5847,5.643,5.1224,5.6237,5.3675,5.3474,5.1256,5.5269,5.428,5.197,5.6101,5.6595,5.3927,5.7162,5.317,5.3719,5.47,5.3273,5.0268,5.3958,5.0462,5.4681,5.4882,5.4461,5.3719,5.367,6.3474,5.2853,5.3958,5.4741,5.3861,5.1938,5.4081,5.3916,5.418,5.4254,5.7593,5.3816,5.5626,5.5632,5.5747,5.4088,5.3773,5.44,5.1555,5.3745,5.4248,5.4092,5.4456,5.4839,5.4708,5.7362,5.4807,5.4103,5.2708,5.4815,5.3749,4.8655,5.3734,5.5555,5.603,5.6811,5.5325,5.2646,3.7215,5.5612,5.7585,5.3718,5.4758,5.4739,5.6811,5.5561,5.4338,5.3789,5.4727,5.4031,5.3486,5.5628,5.6782,5.4133,5.3796,5.5381,5.2384,5.3775,5.5562,5.5552,5.6042,5.6236,5.3319,5.6038,5.5027,5.5472,5.4474,5.6918,5.6601,5.6493,5.6602,5.4907,5.68,5.5632,5.4087,5.557,5.7306,5.6422,5.2248,5.7446,5.9774,5.5751,5.7178,5.4992,5.5517,5.7123,5.7162,5.3911,5.7362,5.512,5.9076,5.7263,5.9143,5.7842,5.4906,5.5955,5.6681,5.6577,5.6726,5.7263,5.8043,5.7005,5.0692,5.0993,5.7171,5.1185,5.8463,5.9865,5.8587,5.9773,6.0167,6.0251,6.039,5.838,5.8403,5.7244,5.8173,5.7689,5.8389,5.8403,5.8309,5.9076,6.1208,5.8651,5.9188,5.7396,5.8638,5.9032,6.0123,5.7344,5.8779,5.9401,5.888,6.193,5.9196,6.0153,5.7236,6.1725,5.9049,5.9429,5.9019,6.1452,5.8907,5.8907,5.9236,5.9958,6.2977,5.9403,5.9454,6.2098,5.8702,5.854,6.0922,5.929,5.9103,5.9846,5.9962,6.02,5.9845,6.6126,6.0342,6.1516,6.1032,5.8769,5.9691,6.1606,5.9795,6.5918,6.0401,6.3069,6.3069,6.1203,5.9018,6.3262,6.0478,6.1121,6.0562,6.3704,6.0875,5.9475,6.4009,6.0204,6.3513,6.0042,6.0429,6.1454,7.0,6.3323,6.2214,6.3569,5.9765,6.061,6.2536,6.061,6.1905,6.0208,4.3851,4.3851,4.3851,6.2289,6.3028,6.2337,6.2491,6.1342,6.0926,6.1282,6.2043,6.0473,4.3851,6.12,6.1498,6.0402,6.3799,6.4765,6.3028,6.1511,4.3851,6.1396,6.2646,6.4599,6.1986,6.2135,6.1778,6.37,6.1307,6.0406,6.1223,6.3414,6.2803,6.1786,6.1241,6.3767,6.2382,6.236,6.2009,6.2013,6.1241,6.3341,6.3013,6.5224,6.226,6.3323,6.543,6.543,6.3286,6.1784,6.3187,6.4074,6.2937,6.1026,6.4753,6.3954,6.3409,6.2511,6.3459,6.3459,6.2544,6.4169,6.3561,6.417,6.3982,6.4158,6.2514,6.4073,6.3437,6.5107,6.5167,6.5148,6.4543,6.3334,6.4492,6.59,6.3966,6.3698,6.4253,6.6315,6.3474,6.6319,6.5221,6.4253,6.4952,6.4632,6.3521,6.4663,6.5164,6.5125,6.5878,6.5183,6.5077,6.5879,6.5238,6.5388,6.5077,6.5583,6.4059,6.5621,6.5509,6.6637,6.4959,6.5589,6.5688,6.4907,6.5708,6.5708,6.481,6.5442,6.5922,6.715,6.5693,6.5693,6.6618,6.6499,6.5925,6.4696,6.6315,6.6065,6.5693,6.7466,6.7777,6.6052,6.6514,6.6148,6.6128,6.3804,6.6554,6.6063,6.8629,6.674,6.7226,6.6259,6.7719,6.7886,6.8107,6.619,6.6469,6.8262,6.7106,6.8027,6.7923,6.7016,6.7336,6.7536,6.8353,6.7519,6.8977,6.7988,6.8347,6.8268,6.9412,6.8347,6.8372,6.8583,6.834,6.7935,6.8471,7.0,6.7794,6.8934,6.9524,7.0,6.9304,6.9916,6.9166,7.0,6.8751,6.9455,7.0,6.9455,7.0,7.0,6.9397,7.0,7.0,6.95,7.0,7.0,7.0,7.0,7.0,4.802,7.0,4.802,7.0,7.0,7.0,7.0,7.0,7.0,7.0,7.0,7.0,7.0,7.0,6.3858
Min ATR Filter (Points),0.5,1.3,2.5,float,Minimum ATR floor (optional) to ensure stops aren't too tight. Default 0.5 points. ATR must be >= this AND <= Max ATR Filter,2.29,2.3415,2.5,2.4733,2.4671,2.4173,2.2714,2.2498,2.264,2.264,2.3295,2.4052,2.3154,2.2623,2.4052,2.5,2.3179,2.4407,2.3357,2.4559,2.4704,2.4704,2.4967,2.4624,2.3992,2.5,2.43,2.4061,2.4415,2.4129,2.4129,2.407,2.4035,2.4483,2.2838,2.4114,2.4133,2.3152,2.4045,2.475,2.4469,1.9998,2.4741,2.5,2.4131,2.5,2.392,2.4631,2.5,2.4721,2.4407,2.2859,2.4422,2.392,2.5,2.5,2.4721,2.5,2.5,2.4721,2.4473,2.5,2.4963,2.5,2.5,2.4935,2.3707,2.5,2.5,2.5,2.416,2.5,2.5,2.5,2.5,2.4737,2.5,2.4431,2.5,2.4751,2.4298,2.5,2.5,2.4415,2.4594,2.4941,2.5,2.3216,2.3216,2.0438,2.4437,2.4493,2.4647,2.2758,2.4844,2.5,2.5,2.5,2.5,2.5,2.371,2.47,2.5,2.5,2.5,2.5,2.5,2.3737,2.5,2.5,2.5,2.4169,2.4881,2.4865,2.3859,2.4715,2.4014,2.5,2.5,2.3833,2.5,1.9519,2.5,2.5,2.5,2.5,2.4855,2.3829,2.2765,2.4935,2.3736,2.3929,2.4854,2.5,2.4511,2.2648,2.5,2.3612,2.5,2.4494,1.9519,2.2648,2.5,2.5,2.3154,2.4683,2.5,2.4348,2.5,2.451,2.4379,2.2654,2.3612,2.3612,2.1631,2.4719,2.4072,2.3008,2.3467,2.184,2.4803,2.4932,2.4426,2.5,2.4825,2.4065,2.2246,2.4935,2.4734,2.4917,2.5,2.4996,2.4597,2.4935,2.3755,2.3755,2.4578,2.5,2.5,2.5,2.5,2.3353,2.5,2.4877,2.3425,2.5,2.5,2.2369,2.3952,2.5,2.4759,2.4926,2.3893,2.4981,2.5,2.5,2.4994,2.4994,2.4895,2.4787,2.4935,2.5,2.5,2.1469,2.4999,2.5,2.4762,2.4853,2.4617,2.3368,2.3905,2.4991,2.3135,2.4991,2.4554,2.3779,2.492,2.3116,2.452,2.3784,2.3672,2.4843,2.2995,2.5,2.5,2.4745,2.5,2.3308,2.4629,2.5,2.2604,2.4169,2.4977,2.4981,2.5,2.4723,2.5,2.5,2.4669,2.4759,2.2604,2.5,2.4987,2.4669,2.5,2.2604,2.4017,2.5,2.4566,2.5,2.309,2.3633,2.4238,2.5,2.4628,2.4342,2.5,2.453,2.4926,2.4837,2.4862,2.3158,2.4862,2.5,2.3891,2.3462,2.4948,2.4638,2.4591,2.5,2.5,2.4846,2.5,2.5,2.5,2.491,2.4628,2.5,2.224,2.5,2.4331,2.5,2.5,2.4516,2.5,2.3079,2.4249,2.5,2.5,2.4833,2.4885,2.5,2.5,2.4612,2.4288,2.4563,2.3596,2.48,2.4964,2.3052,2.5,2.4978,2.5,2.0509,2.4885,2.4945,2.4647,2.4035,2.4588,2.4006,2.4924,2.4883,2.4857,2.4638,2.3491,2.498,2.3311,2.5,2.2492,2.4924,2.4918,2.4675,2.4332,2.4669,2.5,2.4817,2.4959,2.4086,2.5,2.4883,2.5,2.479,2.4969,2.4856,2.4381,2.4675,2.5,2.5,2.4757,2.5,2.3515,2.4131,2.5,2.5,2.1264,2.5,2.4359,2.4279,2.5,2.5,2.4978,2.5,2.4613,2.5,2.5,2.4219,2.2012,2.4789,2.5,2.4861,2.4998,2.5,2.5,2.4602,2.5,2.195,2.4883,2.4653,2.259,2.5,2.5,2.4913,2.4674,2.3529,2.4365,2.4911,2.4521,2.5,2.3829,2.3571,2.3321,2.5,2.3102,2.4794,2.4683,2.2971,2.5,2.4711,2.3633,2.5,2.5,2.4511,2.5,2.4924,2.3647,2.381,2.5,2.4577,2.4689,2.5,2.4511,2.4051,2.5,2.3103,2.381,2.2816,2.3255,2.3257,2.4937,2.5,2.5,2.4682,2.5,2.5,2.3998,2.5,2.4996,2.5,2.2763,2.5,2.3823,2.4957,2.5,2.5,2.404,2.5,2.4125,2.448,2.2854,2.4683,2.407,2.4973,2.4647,2.4839,2.2744,2.498,2.3832,2.5,2.5,2.4536,2.4075,2.5,2.4301,2.493,2.5,2.4095,2.5,2.4269,2.4445,2.5,2.5,2.4219,2.5,2.4976,2.466,2.4868,2.5,2.2927,2.3422,2.4854,2.3682,2.2927,2.4415,1.8112,2.3786,2.4929,2.5,2.5,2.0638,2.4981,2.4784,2.5,2.408,2.5,2.4906,2.5,2.4716,2.1557,2.492,2.367,2.5,2.5,2.5,2.5,2.4966,2.4769,2.3355,2.2783,2.5,2.5,2.5,2.3906,2.4953,2.3972,2.4339,2.4771,2.5,2.4967,2.5,2.3108,2.5,2.5,2.4766,2.3893,2.3581,2.3011,2.5,2.3605,2.4712,2.4986,2.5,2.5,2.288,2.4664,2.4751,2.5,2.4978,2.4993,2.5,2.4821,2.5,2.4751,2.5,2.5,2.4985,2.5,2.5,2.1098,2.5,2.3989,2.4802,2.5,2.5,2.4702,2.4758,2.5,2.4298,2.5,2.4701,2.4687,2.4965,2.469,2.4594,2.4986,2.5,2.5,2.2496,2.4993,2.4858,2.4788,2.4218,2.4665,2.4842,2.5,2.5,2.5,2.2895,2.4994,2.5,2.4981,2.3472,2.4997,2.1915,2.5,2.4988,2.4874,2.4997,2.5,2.2749,2.4052,2.4891,2.4992,2.4992,2.5,2.38,2.4708,2.4613,2.4982,2.2732,2.5,2.2417,2.4955,2.4482,2.5,2.5,2.4937,2.495,2.4996,2.4341,2.5,2.4973,2.4158,2.5,2.5,2.4974,2.5,2.4671,2.2107,2.0099,2.0099,2.0099,2.4323,2.5,2.5,2.5,2.5,2.421,2.5,2.4982,2.459,2.0099,2.4928,2.0629,2.4982,2.4301,2.4958,2.4913,2.4396,2.0099,2.5,2.492,2.5,2.3244,2.3078,2.4892,2.4806,2.1278,2.4813,2.5,2.4836,2.5,2.4832,2.4377,2.5,2.5,2.4649,2.4404,2.4932,2.4377,2.5,2.4997,2.4574,2.4942,2.4941,2.5,2.5,2.5,2.4978,2.4986,2.4963,2.495,2.4425,2.4793,2.3936,2.3669,2.1912,2.4985,2.4985,2.3983,2.468,2.5,2.4937,2.29,2.474,2.5,2.433,2.4953,2.4465,2.5,2.4955,2.4475,2.4266,2.2645,2.449,2.4556,2.5,2.4886,2.4656,2.5,2.4991,2.3972,2.4886,2.4455,2.4984,2.5,2.3272,2.4801,2.3264,2.5,2.4449,2.5,2.3618,2.4471,2.5,2.5,2.3357,2.5,2.5,2.5,2.4491,2.4899,2.5,2.3803,2.4793,2.5,2.5,2.4953,2.5,2.4315,2.4379,2.5,2.5,2.3105,2.3093,2.4362,2.2178,2.4656,2.5,2.5,2.4596,2.4327,2.5,2.5,2.5,2.5,2.5,2.5,2.5,2.5,2.43,2.5,2.4984,2.4698,2.448,2.5,2.4476,2.5,2.5,2.5,2.419,2.5,2.5,2.4082,2.4892,2.4493,2.5,2.4497,2.5,2.5,2.5,2.4959,2.5,2.5,2.3812,2.4095,2.4387,2.4363,2.5,2.2506,2.3272,2.3186,2.5,2.5,2.4918,2.4886,2.4561,2.1235,2.4994,2.5,2.4994,2.2879,2.4527,2.4896,2.4552,2.5,2.5,2.2776,2.2776,2.2776,2.4171,2.5,2.1916,2.5,2.1916,2.4975,2.5,2.5,2.2776,2.5,2.5,2.1608,2.1608,2.2776,2.2776,2.2561,2.5
Enable Trend Filter,1,0,1,int,"Trade with trend only (Long > EMA, Short < EMA) - OPTIMIZABLE",0,0,0,0,0,0,0,0,0,0,0,0,0,0,0,0,0,0,0,0,0,0,0,0,0,0,0,0,0,0,0,0,0,0,0,0,0,0,0,0,0,0,0,0,0,0,0,0,0,0,0,0,0,0,0,0,0,0,0,0,0,0,0,0,0,0,0,0,0,0,0,0,0,0,0,0,0,0,0,0,0,0,0,0,0,0,0,0,0,0,0,0,0,0,0,0,0,0,0,0,0,0,0,0,0,0,0,0,0,0,0,0,0,0,0,0,0,0,0,0,0,0,0,0,0,0,0,0,0,0,0,0,0,0,0,0,0,0,0,0,0,0,0,0,0,0,0,0,0,0,0,0,0,0,0,0,0,0,0,0,0,0,0,0,0,0,0,0,0,0,0,0,0,0,0,0,0,0,0,0,0,0,0,0,0,0,0,0,0,0,0,0,0,0,0,0,0,0,0,0,0,0,0,0,0,0,0,0,0,0,0,0,0,0,0,0,0,0,0,0,0,0,0,0,0,0,0,0,0,0,0,0,0,0,0,0,0,0,0,0,0,0,0,0,0,0,0,0,0,0,0,0,0,0,0,0,0,0,0,0,0,0,0,0,0,0,0,0,0,0,0,0,0,0,0,0,0,0,0,0,0,0,0,0,0,0,0,0,0,0,0,0,0,0,0,0,0,0,0,0,0,0,0,0,0,0,0,0,0,0,0,0,0,0,0,0,0,0,0,0,0,0,0,0,0,0,0,0,0,0,0,0,0,0,0,0,0,0,0,0,0,0,0,0,0,0,0,0,0,0,0,0,0,0,0,0,0,0,0,0,0,0,0,0,0,0,0,0,0,0,0,0,0,0,0,0,0,0,0,0,0,0,0,0,0,0,0,0,0,0,0,0,0,0,0,0,0,0,0,0,0,0,0,0,0,0,0,0,0,0,0,0,0,0,0,0,0,0,0,0,0,0,0,0,0,0,0,0,0,0,0,0,0,0,0,0,0,0,0,0,0,0,0,0,0,0,0,0,0,0,0,0,0,0,0,0,0,0,0,0,0,0,0,0,0,0,0,0,0,0,0,0,0,0,0,0,0,0,0,0,0,0,0,0,0,0,0,0,0,0,0,0,0,0,0,0,0,0,0,0,0,0,0,0,0,0,0,0,0,0,0,0,0,0,0,0,0,0,0,0,0,0,0,0,0,0,0,0,0,0,0,0,0,0,0,0,0,0,0,0,0,0,0,0,0,0,0,0,0,0,0,0,0,0,0,0,0,0,0,0,0,0,0,0,0,0,0,0,0,0,0,0,0,0,0,0,0,0,0,0,0,0,0,0,0,0,0,0,0,0,0,0,0,0,0,0,0,0,0,0,0,0,0,0,0,0,0,0,0,0,0,0,0,0,0,0,0,0,0,0,0,0,0,0,0,0,0,0,0,0,0,0,0,0,0,0,0,0,0,0,0,0,0,0,0,0,0,0,0,0,0,0,0,0,0,0,0,0,0,0,0,0,0,0,0,0,0,0,0,0,0,0,0,0,0,0,0,0,0,0,0,0,0,0,0,0,0,0,0,0,0,0,0,0,0,0,0,0,0,0,0,0,0,0,0,0,0,0,0,0,0,0,0,0,0,0,0,0,0,0,0,0,0,0,0,0,0,0,0,0,0,0,0,0,0,0,0,0,0,0,0,0,0,0,0,0,0,0,0,0,0,0,0,0,0,0,0,0,0,0,0,0,0,0,0,0,0,0,0,0,0,0,0,0,0,0,0,0,0,0,0,0,0,0,0,0,0,0,0,0,0,0,0,0,0,0
Trend EMA Length,200,30,200,int,EMA Length for trend filter,30,37,52,52,124,135,46,52,49,49,35,31,52,52,31,144,92,126,42,95,104,104,64,104,115,30,97,37,72,38,38,92,35,128,69,132,113,128,104,30,61,124,104,133,146,104,94,41,170,93,126,103,104,94,66,66,93,94,150,93,66,90,90,200,158,100,66,119,119,119,90,91,105,119,119,90,92,103,99,110,120,98,36,30,60,109,94,107,107,92,49,180,86,165,173,129,91,90,160,83,113,35,35,91,90,101,100,200,76,104,122,72,30,129,89,56,165,79,108,65,179,162,110,144,134,174,91,56,146,100,79,88,99,155,39,99,97,101,117,71,162,99,45,129,200,86,30,139,104,52,148,116,101,101,89,49,74,55,140,70,104,120,109,94,98,104,92,100,111,124,77,138,118,100,111,111,103,104,87,100,80,32,70,54,52,94,93,31,138,49,101,133,52,112,163,163,125,125,100,69,100,87,189,66,88,147,137,98,110,77,189,52,69,83,117,49,168,99,74,32,99,175,149,99,99,126,122,56,44,158,99,30,81,104,155,142,123,200,112,101,99,111,99,112,114,99,74,145,82,120,200,160,200,149,104,81,90,142,114,152,149,97,149,79,141,69,109,48,200,53,146,59,56,74,74,103,104,200,94,152,122,129,30,155,67,49,60,106,64,147,97,147,130,175,45,79,200,30,114,100,125,128,65,69,97,111,200,120,115,41,191,75,115,101,200,112,196,81,54,191,142,120,142,181,112,142,107,32,101,150,92,61,120,113,88,120,48,148,148,96,52,86,103,99,130,94,110,31,107,83,119,113,143,52,119,94,147,111,131,192,100,100,97,92,59,136,171,47,82,146,95,94,196,129,113,196,72,165,200,200,102,98,104,144,106,124,38,169,160,30,114,127,102,191,104,200,88,91,191,138,127,33,109,105,200,125,35,104,97,170,116,99,55,149,139,145,110,160,115,149,131,118,122,99,112,137,50,106,182,106,185,170,200,102,73,58,99,70,132,82,174,30,56,121,87,114,70,30,158,94,99,165,200,141,131,101,102,191,179,86,136,191,134,56,147,157,109,101,47,197,111,86,141,154,151,80,135,117,195,62,30,111,150,154,169,108,89,99,91,137,125,95,168,91,58,49,76,97,118,186,103,86,89,52,68,99,137,68,100,139,83,89,94,45,80,101,131,148,88,112,99,140,159,104,151,88,43,93,54,87,46,89,200,92,81,199,186,41,85,156,92,104,116,139,99,99,101,132,30,108,86,200,169,105,98,77,80,106,109,64,127,87,55,52,137,86,113,144,98,62,85,30,30,58,127,118,101,108,87,174,91,179,97,80,200,103,112,106,65,111,94,43,189,112,200,112,37,138,169,169,169,104,123,125,97,107,30,134,108,104,169,92,60,86,56,147,127,141,169,185,119,85,122,143,152,67,150,111,69,89,121,109,64,85,88,155,85,112,64,57,200,45,68,195,187,187,69,83,106,153,90,124,163,30,45,53,128,128,176,200,158,128,164,84,30,158,167,149,123,129,77,90,128,57,118,76,153,69,105,87,124,153,31,200,81,117,129,82,200,94,147,172,51,200,147,50,77,110,89,64,142,154,127,123,117,117,167,118,189,30,90,90,154,200,63,65,69,41,90,95,122,134,97,84,48,112,126,118,111,116,157,149,132,120,200,85,113,114,121,101,120,85,127,180,98,71,163,74,157,156,170,157,86,47,133,90,48,199,161,117,139,199,156,200,143,117,30,200,152,200,122,165,91,72,200,83,61,61,61,200,66,200,164,200,134,58,78,61,184,174,199,199,61,61,43,165
Enable ADX Filter,1,0,1,int,Trade only when ADX < Threshold (Ranging Markets) - OPTIMIZABLE,0,0,0,0,0,0,0,0,0,0,0,0,0,0,0,0,0,0,0,0,0,0,0,0,0,0,0,0,0,0,0,0,0,0,0,0,0,0,0,0,0,0,0,0,0,0,0,0,0,0,0,0,0,0,0,0,0,0,0,0,0,0,0,0,0,0,0,0,0,0,0,0,0,0,0,0,0,0,0,0,0,0,0,0,0,0,0,0,0,0,0,0,0,0,0,0,0,0,0,0,0,0,0,0,0,0,0,0,0,0,0,0,0,0,0,0,0,0,0,0,0,0,0,0,0,0,0,0,0,0,0,0,0,0,0,0,0,0,0,0,0,0,0,0,0,0,0,0,0,0,0,0,0,0,0,0,0,0,0,0,0,0,0,0,0,0,0,0,0,0,0,0,0,0,0,0,0,0,0,0,0,0,0,0,0,0,0,0,0,0,0,0,0,0,0,0,0,0,0,0,0,0,0,0,0,0,0,0,0,0,0,0,0,0,0,0,0,0,0,0,0,0,0,0,0,0,0,0,0,0,0,0,0,0,0,0,0,0,0,0,0,0,0,0,0,0,0,0,0,0,0,0,0,0,0,0,0,0,0,0,0,0,0,0,0,0,0,0,0,0,0,0,0,0,0,0,0,0,0,0,0,0,0,0,0,0,0,0,0,0,0,0,0,0,0,0,0,0,0,0,0,0,0,0,0,0,0,0,0,0,0,0,0,0,1,0,0,0,0,0,0,0,0,0,0,0,0,0,0,0,0,0,0,0,0,0,0,0,0,0,0,0,0,0,0,0,0,0,0,0,0,0,0,0,0,0,0,0,0,0,0,0,0,0,0,0,0,0,0,0,0,0,0,0,0,0,0,0,0,0,0,0,0,0,0,0,0,0,0,0,0,0,0,0,0,0,0,0,0,0,0,0,0,0,0,0,0,0,0,0,0,0,0,0,0,0,0,0,0,0,0,0,0,0,0,0,0,0,0,0,0,0,0,0,0,0,0,0,0,0,1,0,0,0,0,0,0,0,0,0,0,0,0,0,0,0,0,0,0,0,0,0,0,0,0,0,0,0,0,0,0,0,0,0,0,0,0,0,0,0,1,0,0,0,0,0,0,0,0,0,0,0,0,0,0,0,0,0,0,0,0,0,0,0,0,0,0,0,0,0,0,0,0,0,0,0,0,0,0,0,0,0,0,0,0,0,0,0,0,0,0,0,0,0,0,0,0,0,0,0,0,0,0,0,0,0,0,0,0,0,0,0,0,0,0,0,0,0,0,0,0,0,0,0,0,0,0,0,0,0,0,0,0,0,0,0,0,0,0,0,0,0,0,0,0,0,0,0,0,0,0,0,0,0,0,0,0,0,1,1,1,0,0,0,0,0,0,0,0,0,1,0,0,0,0,0,0,0,1,0,0,0,0,0,0,0,0,0,0,0,0,0,0,0,0,0,0,0,0,0,0,0,0,0,0,0,0,0,0,0,0,0,0,0,0,0,0,0,0,0,0,0,0,0,0,0,0,0,0,0,0,0,0,0,0,0,0,0,0,0,0,0,0,0,0,0,0,0,0,0,0,0,0,0,0,0,0,0,0,0,1,0,0,0,0,0,0,0,0,0,0,0,0,0,0,0,0,0,0,0,0,0,0,0,0,0,0,0,0,0,0,0,0,0,0,0,0,0,0,0,0,0,0,0,0,0,0,0,0,0,0,0,0,0,0,0,0,0,0,0,0,0,0,0,0,0,0,0,0,0,0,0,0,0,0,0,0,0,0,0,0,1,0,1,0,0,0,0,0,0,0,0,0,0,0,0
ADX Period,14,10,30,int,Lookback period for ADX calculation,16,16,27,27,11,20,20,27,22,22,24,19,27,27,19,11,27,18,24,12,25,25,23,25,22,22,13,29,20,29,29,16,22,22,22,20,19,22,16,24,19,28,25,18,12,24,30,25,16,17,18,14,24,30,22,22,17,17,18,17,12,12,12,25,14,10,22,27,27,27,24,22,13,27,27,26,20,28,29,26,18,28,19,18,23,16,28,14,14,11,18,30,24,29,24,22,27,26,30,28,16,28,28,14,23,23,21,27,16,25,17,20,25,22,20,21,30,17,27,23,18,25,26,26,24,18,22,15,25,10,25,10,20,14,22,25,28,27,26,21,25,25,19,28,21,15,27,19,24,27,18,22,28,27,20,20,19,16,20,22,16,28,16,29,22,16,15,10,10,13,26,18,27,10,23,23,12,16,27,20,16,13,23,18,22,23,23,16,18,18,26,20,22,10,19,19,15,15,10,24,10,27,22,17,24,17,27,12,23,19,22,12,24,25,16,18,21,15,21,25,21,18,26,15,15,23,11,16,22,13,15,23,10,21,21,23,10,24,24,26,15,10,10,24,22,15,28,18,18,18,30,10,24,27,10,15,10,26,10,21,27,18,26,19,14,22,10,19,23,18,11,21,26,20,20,27,29,24,15,10,23,23,16,20,27,17,10,13,22,19,26,19,15,17,12,25,30,27,18,22,16,25,14,21,26,16,23,12,12,23,16,10,26,13,26,17,16,19,12,16,22,21,24,19,28,22,13,22,15,10,20,22,23,25,14,21,16,29,30,17,30,15,10,28,30,21,24,27,25,17,19,17,22,18,11,26,18,22,14,10,30,16,23,23,17,25,10,23,12,11,26,24,16,30,20,24,13,29,24,27,27,25,16,21,27,16,20,22,10,16,30,28,24,16,27,23,17,18,23,23,28,18,26,23,23,19,14,26,24,19,29,16,25,22,20,16,30,23,25,17,23,22,29,24,16,15,10,27,25,30,22,12,23,24,25,23,28,15,23,20,24,25,25,27,30,23,15,30,16,22,28,19,15,19,16,26,15,30,27,22,19,30,29,21,22,26,22,25,27,23,20,17,18,23,11,23,27,16,16,24,25,19,16,23,16,27,27,16,23,28,14,21,22,18,26,22,20,27,24,23,15,10,21,22,25,20,22,25,24,16,19,18,25,20,10,24,25,22,18,19,29,19,21,21,16,18,17,14,14,15,19,27,26,22,26,26,19,23,22,23,20,15,17,16,22,22,22,26,30,22,17,25,22,18,19,20,15,24,24,22,22,29,19,16,20,23,23,22,25,25,27,16,16,22,30,26,11,24,16,12,25,21,20,25,25,27,25,24,26,22,25,15,28,25,25,25,11,21,26,26,26,21,12,18,30,20,16,10,24,26,26,21,20,23,25,10,22,29,26,22,22,25,14,23,20,20,28,18,23,24,24,22,24,19,18,25,25,24,24,28,23,24,21,18,24,24,20,22,24,20,22,30,25,22,22,23,26,25,25,22,22,24,23,18,10,19,22,18,24,20,12,16,28,25,11,24,25,24,25,20,12,25,20,26,23,12,12,15,25,23,26,24,21,29,26,18,24,21,14,25,10,14,20,17,12,12,22,30,25,27,22,22,18,25,23,24,24,25,22,19,20,21,20,24,22,26,24,30,12,12,18,26,20,23,21,23,30,20,15,18,25,16,19,30,24,28,25,24,18,22,17,18,22,25,22,18,20,24,22,12,25,24,18,23,18,19,19,23,21,23,12,13,21,10,24,15,26,26,26,24,15,27,15,27,22,18,17,25,26,20,24,24,26,25,27,25
Max ADX Threshold,25,15,25,int,Maximum ADX allowed for entry. Lower = Only extremely choppy. Higher = Allow some trend.,23,18,19,19,19,24,18,19,18,18,18,24,19,19,24,23,19,24,21,19,20,20,20,20,19,18,19,24,25,19,19,25,19,23,24,18,18,23,25,19,25,18,20,25,19,20,25,23,23,24,24,24,20,25,22,22,24,21,22,24,22,23,23,18,23,20,22,17,17,17,20,20,24,17,17,19,20,21,25,21,20,25,22,25,24,23,15,21,21,24,25,17,25,16,21,22,21,20,22,22,19,21,21,19,20,20,24,23,20,18,23,24,20,23,25,17,17,25,23,25,25,23,21,21,24,22,25,24,22,20,25,18,22,15,19,18,17,23,19,24,23,18,25,19,21,25,25,25,19,21,21,19,23,23,25,25,24,24,22,16,25,25,23,24,18,25,25,20,25,24,24,25,23,20,20,20,24,24,24,24,21,18,25,23,24,21,21,18,25,25,23,19,19,20,17,17,20,20,20,25,20,24,19,21,23,23,22,24,24,23,19,22,25,25,19,25,24,25,24,24,25,23,24,25,25,16,19,24,20,24,25,20,19,23,25,24,23,23,24,23,25,17,20,24,18,25,25,25,19,25,23,25,16,24,19,23,25,23,25,20,24,24,24,21,19,24,21,22,25,21,24,15,24,19,19,20,18,23,25,24,24,24,22,22,20,23,21,22,22,21,25,22,23,22,19,22,25,19,24,25,23,23,24,15,25,24,20,24,23,25,25,24,25,22,19,25,21,25,25,25,21,24,23,22,25,24,23,21,24,25,21,25,25,25,20,24,25,17,22,19,24,25,25,21,22,24,24,20,25,25,25,22,24,25,18,16,24,25,23,25,23,24,17,20,19,24,20,25,22,24,15,22,19,22,23,25,22,16,20,24,25,15,19,18,20,25,25,24,25,22,24,20,20,25,22,20,24,25,24,25,20,24,20,25,20,24,24,22,25,20,22,24,23,20,22,20,21,25,24,23,20,25,25,20,25,20,19,17,24,21,23,24,20,18,20,22,22,20,24,24,18,25,20,20,24,20,20,25,24,21,25,25,24,25,21,20,25,23,23,23,25,23,25,25,25,22,25,24,25,19,25,17,24,25,25,25,25,25,25,25,17,25,23,25,25,23,24,25,25,21,24,25,19,20,20,25,25,25,25,23,23,24,25,19,18,15,25,18,25,24,25,23,23,23,23,20,24,25,24,22,25,25,18,25,24,24,25,24,24,25,21,25,23,25,25,23,24,25,18,20,21,25,24,24,24,24,24,22,18,25,17,21,24,25,19,23,24,21,20,19,22,25,25,25,23,25,23,22,24,24,22,25,25,20,20,20,25,20,20,20,23,21,23,25,23,15,16,21,22,25,25,25,25,16,25,16,24,21,17,17,17,22,23,25,22,20,25,24,20,19,17,22,25,24,20,23,25,22,17,24,25,23,25,23,24,22,17,25,25,23,24,24,25,25,24,24,24,22,25,25,24,23,21,23,19,19,25,22,20,23,22,25,23,21,21,25,25,25,25,23,24,25,25,25,16,25,19,20,25,25,25,19,25,19,24,15,24,24,25,22,23,24,25,21,22,24,23,25,25,24,23,21,25,23,23,25,22,24,24,20,21,25,25,25,24,24,19,20,21,24,23,23,25,24,25,25,24,25,23,23,23,25,24,23,20,23,25,20,20,24,19,25,23,20,25,21,21,20,24,24,25,18,24,25,21,25,20,25,19,23,25,19,22,20,24,25,25,23,25,24,25,23,22,25,24,24,25,24,21,24,25,24,23,20,25,25,25,25,25,22,23,16,25,16,23,25,24,25,25,15,23,23,25,25,25,20
RTH Start (HH:MM),09:30,09:30,09:30,str,Regular trading hours start (Eastern Time),,,,,,,,,,,,,,,,,,,,,,,,,,,,,,,,,,,,,,,,,,,,,,,,,,,,,,,,,,,,,,,,,,,,,,,,,,,,,,,,,,,,,,,,,,,,,,,,,,,,,,,,,,,,,,,,,,,,,,,,,,,,,,,,,,,,,,,,,,,,,,,,,,,,,,,,,,,,,,,,,,,,,,,,,,,,,,,,,,,,,,,,,,,,,,,,,,,,,,,,,,,,,,,,,,,,,,,,,,,,,,,,,,,,,,,,,,,,,,,,,,,,,,,,,,,,,,,,,,,,,,,,,,,,,,,,,,,,,,,,,,,,,,,,,,,,,,,,,,,,,,,,,,,,,,,,,,,,,,,,,,,,,,,,,,,,,,,,,,,,,,,,,,,,,,,,,,,,,,,,,,,,,,,,,,,,,,,,,,,,,,,,,,,,,,,,,,,,,,,,,,,,,,,,,,,,,,,,,,,,,,,,,,,,,,,,,,,,,,,,,,,,,,,,,,,,,,,,,,,,,,,,,,,,,,,,,,,,,,,,,,,,,,,,,,,,,,,,,,,,,,,,,,,,,,,,,,,,,,,,,,,,,,,,,,,,,,,,,,,,,,,,,,,,,,,,,,,,,,,,,,,,,,,,,,,,,,,,,,,,,,,,,,,,,,,,,,,,,,,,,,,,,,,,,,,,,,,,,,,,,,,,,,,,,,,,,,,,,,,,,,,,,,,,,,,,,,,,,,,,,,,,,,,,,,,,,,,,,,,,,,,,,,,,,,,,,,,,,,,,,,,,,,,,,,,,,,,,,,,,,,,,,,,,,,,,,,,,,,,,,,,,,,,,,,,,,,,,,,,,,,,,,,,,,,,,,,,,,,,,,,,,,,,,,,,,,,,,
RTH End (HH:MM),16:00,16:00,16:00,str,Regular trading hours end (Eastern Time),,,,,,,,,,,,,,,,,,,,,,,,,,,,,,,,,,,,,,,,,,,,,,,,,,,,,,,,,,,,,,,,,,,,,,,,,,,,,,,,,,,,,,,,,,,,,,,,,,,,,,,,,,,,,,,,,,,,,,,,,,,,,,,,,,,,,,,,,,,,,,,,,,,,,,,,,,,,,,,,,,,,,,,,,,,,,,,,,,,,,,,,,,,,,,,,,,,,,,,,,,,,,,,,,,,,,,,,,,,,,,,,,,,,,,,,,,,,,,,,,,,,,,,,,,,,,,,,,,,,,,,,,,,,,,,,,,,,,,,,,,,,,,,,,,,,,,,,,,,,,,,,,,,,,,,,,,,,,,,,,,,,,,,,,,,,,,,,,,,,,,,,,,,,,,,,,,,,,,,,,,,,,,,,,,,,,,,,,,,,,,,,,,,,,,,,,,,,,,,,,,,,,,,,,,,,,,,,,,,,,,,,,,,,,,,,,,,,,,,,,,,,,,,,,,,,,,,,,,,,,,,,,,,,,,,,,,,,,,,,,,,,,,,,,,,,,,,,,,,,,,,,,,,,,,,,,,,,,,,,,,,,,,,,,,,,,,,,,,,,,,,,,,,,,,,,,,,,,,,,,,,,,,,,,,,,,,,,,,,,,,,,,,,,,,,,,,,,,,,,,,,,,,,,,,,,,,,,,,,,,,,,,,,,,,,,,,,,,,,,,,,,,,,,,,,,,,,,,,,,,,,,,,,,,,,,,,,,,,,,,,,,,,,,,,,,,,,,,,,,,,,,,,,,,,,,,,,,,,,,,,,,,,,,,,,,,,,,,,,,,,,,,,,,,,,,,,,,,,,,,,,,,,,,,,,,,,,,,,,,,,,,,,,,,,,,,,,,
Enable RTH Filter,1,0,1,int,"Restrict entries to RTH only (0=false, 1=true) - OPTIMIZABLE",0,0,0,0,0,0,0,0,0,0,0,0,0,0,0,0,0,0,0,0,0,0,0,0,0,0,0,0,0,0,0,0,0,0,0,0,0,0,0,0,0,0,0,0,0,0,0,0,0,0,0,0,0,0,0,0,0,0,0,0,0,0,0,0,0,0,0,0,0,0,0,0,0,0,0,0,0,0,0,0,0,0,0,0,0,0,0,0,0,0,0,0,0,0,0,0,0,0,0,0,0,0,0,0,0,0,0,0,0,0,0,0,0,0,0,0,0,0,0,0,0,0,0,0,0,0,0,0,0,0,0,0,0,0,0,0,0,0,0,0,0,0,0,0,0,0,0,0,0,0,0,0,0,0,0,0,0,0,0,0,0,0,0,0,0,0,0,0,0,0,0,0,0,0,0,0,0,0,0,0,0,0,0,0,0,0,0,0,0,0,0,0,0,0,0,0,0,0,0,0,0,0,0,0,0,0,0,0,0,0,0,0,0,0,0,0,0,0,0,0,0,0,0,0,0,0,0,0,0,0,0,0,0,0,0,0,0,0,0,0,0,0,0,0,0,0,0,0,0,0,0,0,0,0,0,0,0,0,0,0,0,0,0,0,0,0,0,0,0,0,0,0,0,0,0,0,0,0,0,0,0,0,0,0,0,0,0,0,0,0,0,0,0,0,0,0,0,0,0,0,0,0,0,0,0,0,0,0,0,0,0,0,0,0,0,0,0,0,0,0,0,0,0,0,0,0,0,0,0,0,0,0,0,0,0,0,0,0,0,0,0,0,0,0,0,0,0,0,0,0,0,0,0,0,0,0,0,0,0,0,0,0,0,0,0,0,0,0,0,0,0,0,0,0,0,0,0,0,0,0,0,0,0,0,0,0,0,0,0,0,0,0,0,0,0,0,0,0,0,0,0,0,0,0,0,0,0,0,0,0,0,0,0,0,0,0,0,0,0,0,0,0,0,0,0,0,0,0,0,0,0,0,0,0,0,0,0,0,0,0,0,0,0,0,0,0,0,0,0,0,0,0,0,0,0,0,0,0,0,0,0,0,0,0,0,0,0,0,0,0,0,0,0,0,0,0,0,0,0,0,0,0,0,0,0,0,0,0,0,0,0,0,0,0,0,0,0,0,0,0,0,0,0,0,0,0,0,0,0,0,0,0,0,0,0,0,0,0,0,0,0,0,0,0,0,0,0,0,0,0,0,0,0,0,0,0,0,0,0,0,0,0,0,0,0,0,0,0,0,0,0,0,0,0,0,0,0,0,0,0,0,0,0,0,0,0,0,0,0,0,0,0,0,0,0,0,0,0,0,0,0,0,0,0,0,0,0,0,0,0,0,0,0,0,0,0,0,0,0,0,0,0,0,0,0,0,0,0,0,0,0,0,0,0,0,0,0,0,0,0,0,0,0,0,0,0,0,0,0,0,0,0,0,0,0,0,0,0,0,0,0,0,0,0,0,0,0,0,0,0,0,0,0,0,0,0,0,0,0,0,0,0,0,0,0,0,0,0,0,0,0,0,0,0,0,0,0,0,0,0,0,0,0,0,0,0,0,0,0,0,0,0,0,0,0,0,0,0,0,0,0,0,0,0,0,0,0,0,0,0,0,0,0,0,0,0,0,0,0,0,0,0,0,0,0,0,0,0,0,0,0,0,0,0,0,0,0,0,0,0,0,0,0,0,0,0,0,0,0,0,0,0,0,0,0,0,0,0,0,0,0,0,0,0,0,0,0,0,0,0,0,0,0,0,0,0,0,0,0,0,0,0,0,0,0,0,0,0,0,0,0,0,0,0,0,0
RTH Exit Buffer (minutes),0,0,60,int,Minutes before RTH end to start closing positions (0 = no auto-close),28,27,22,22,22,21,27,22,27,27,21,7,22,22,7,21,21,8,18,14,34,34,27,34,20,31,20,17,27,22,22,50,20,20,13,20,20,20,22,42,8,19,33,11,20,31,24,29,18,42,8,20,31,24,27,27,42,22,12,42,17,33,33,24,25,15,27,14,14,14,23,24,30,14,14,30,18,54,13,25,26,14,24,18,10,22,33,42,42,27,19,32,24,27,36,15,0,25,32,18,19,24,24,11,27,11,7,16,27,25,25,21,45,13,25,28,21,60,21,31,20,14,21,2,33,21,52,21,29,15,21,26,54,1,12,27,33,21,25,19,14,27,2,22,35,41,18,13,15,60,1,48,21,21,25,23,24,26,15,25,22,20,17,24,19,22,7,15,38,11,29,16,32,15,14,14,14,23,22,6,26,10,26,26,22,26,26,30,16,15,31,25,23,13,36,36,28,28,15,25,15,22,27,28,15,29,7,31,26,22,27,39,25,24,15,15,26,8,1,26,13,29,19,8,8,25,17,25,31,18,8,26,24,6,1,33,7,31,24,31,8,26,24,24,44,8,38,12,27,16,29,25,0,25,14,17,38,30,14,25,25,26,25,23,18,24,26,17,5,20,25,22,13,21,21,45,14,34,11,25,13,26,43,24,31,27,13,43,26,24,24,24,33,22,43,60,31,48,33,9,0,31,18,25,24,20,25,25,28,18,20,25,14,39,31,19,20,0,26,20,23,40,36,21,24,19,34,26,37,25,24,21,14,14,21,40,25,22,26,21,25,28,8,10,7,15,6,50,25,24,6,17,5,31,27,23,20,24,15,24,33,29,27,24,22,18,42,23,43,25,34,34,25,27,23,28,42,27,26,19,39,27,22,18,28,22,47,29,25,43,12,20,60,20,17,26,37,12,0,28,20,10,30,3,26,9,24,34,32,53,21,15,55,27,19,10,17,13,52,10,24,14,12,11,16,13,41,44,9,27,18,35,25,21,56,17,15,29,13,33,22,1,55,6,14,26,29,31,9,42,9,11,29,14,7,36,42,29,21,26,11,29,21,12,22,24,6,8,19,19,12,20,12,23,5,20,23,25,20,60,12,8,3,23,12,21,23,43,31,21,11,40,39,23,58,40,46,18,24,18,31,16,27,23,39,0,23,39,0,38,0,3,57,24,25,19,18,0,5,55,38,14,19,48,37,5,7,31,8,10,1,0,30,2,14,31,12,36,54,34,36,17,10,38,10,9,16,2,32,41,20,60,33,18,26,24,15,20,36,29,19,13,26,18,18,27,18,40,23,18,49,40,40,33,11,34,5,20,28,30,28,41,9,36,34,39,51,49,15,23,27,20,26,51,34,51,20,32,22,22,22,2,10,21,38,11,32,4,20,18,22,44,38,15,55,13,29,38,22,32,26,44,22,11,33,23,6,29,21,18,3,23,7,18,5,6,20,56,7,17,26,33,28,24,34,34,0,55,20,25,41,36,15,0,3,20,27,27,24,21,43,27,19,27,21,15,39,45,46,50,31,23,11,54,17,30,36,43,33,15,11,36,21,28,52,6,22,48,35,31,41,34,23,30,41,38,50,14,23,57,23,34,26,5,6,6,39,28,29,33,4,4,60,31,18,35,43,29,4,33,49,0,14,5,0,25,0,28,41,5,29,6,9,18,25,10,10,0,26,25,45,0,24,20,26,28,32,17,29,20,6,29,5,24,16,29,32,31,36,6,25,36,27,30,34,17,13,29,24,29,43,40,33,50,21,8,35,35,35,15,7,22,34,22,30,7,24,35,25,19,30,30,35,35,11,25
Enable Maintenance Filter,true,false,true,bool,Exit positions before maintenance periods,,,,,,,,,,,,,,,,,,,,,,,,,,,,,,,,,,,,,,,,,,,,,,,,,,,,,,,,,,,,,,,,,,,,,,,,,,,,,,,,,,,,,,,,,,,,,,,,,,,,,,,,,,,,,,,,,,,,,,,,,,,,,,,,,,,,,,,,,,,,,,,,,,,,,,,,,,,,,,,,,,,,,,,,,,,,,,,,,,,,,,,,,,,,,,,,,,,,,,,,,,,,,,,,,,,,,,,,,,,,,,,,,,,,,,,,,,,,,,,,,,,,,,,,,,,,,,,,,,,,,,,,,,,,,,,,,,,,,,,,,,,,,,,,,,,,,,,,,,,,,,,,,,,,,,,,,,,,,,,,,,,,,,,,,,,,,,,,,,,,,,,,,,,,,,,,,,,,,,,,,,,,,,,,,,,,,,,,,,,,,,,,,,,,,,,,,,,,,,,,,,,,,,,,,,,,,,,,,,,,,,,,,,,,,,,,,,,,,,,,,,,,,,,,,,,,,,,,,,,,,,,,,,,,,,,,,,,,,,,,,,,,,,,,,,,,,,,,,,,,,,,,,,,,,,,,,,,,,,,,,,,,,,,,,,,,,,,,,,,,,,,,,,,,,,,,,,,,,,,,,,,,,,,,,,,,,,,,,,,,,,,,,,,,,,,,,,,,,,,,,,,,,,,,,,,,,,,,,,,,,,,,,,,,,,,,,,,,,,,,,,,,,,,,,,,,,,,,,,,,,,,,,,,,,,,,,,,,,,,,,,,,,,,,,,,,,,,,,,,,,,,,,,,,,,,,,,,,,,,,,,,,,,,,,,,,,,,,,,,,,,,,,,,,,,,,,,,,,,,,,,,,,,,,,,,,,,,,,,,,,,,,,,,,,,,,,,,,
Daily Maintenance Start (HH:MM),17:00,17:00,17:00,str,Daily maintenance period start in Eastern Time (ES: 4:00 PM CT = 5:00 PM ET),,,,,,,,,,,,,,,,,,,,,,,,,,,,,,,,,,,,,,,,,,,,,,,,,,,,,,,,,,,,,,,,,,,,,,,,,,,,,,,,,,,,,,,,,,,,,,,,,,,,,,,,,,,,,,,,,,,,,,,,,,,,,,,,,,,,,,,,,,,,,,,,,,,,,,,,,,,,,,,,,,,,,,,,,,,,,,,,,,,,,,,,,,,,,,,,,,,,,,,,,,,,,,,,,,,,,,,,,,,,,,,,,,,,,,,,,,,,,,,,,,,,,,,,,,,,,,,,,,,,,,,,,,,,,,,,,,,,,,,,,,,,,,,,,,,,,,,,,,,,,,,,,,,,,,,,,,,,,,,,,,,,,,,,,,,,,,,,,,,,,,,,,,,,,,,,,,,,,,,,,,,,,,,,,,,,,,,,,,,,,,,,,,,,,,,,,,,,,,,,,,,,,,,,,,,,,,,,,,,,,,,,,,,,,,,,,,,,,,,,,,,,,,,,,,,,,,,,,,,,,,,,,,,,,,,,,,,,,,,,,,,,,,,,,,,,,,,,,,,,,,,,,,,,,,,,,,,,,,,,,,,,,,,,,,,,,,,,,,,,,,,,,,,,,,,,,,,,,,,,,,,,,,,,,,,,,,,,,,,,,,,,,,,,,,,,,,,,,,,,,,,,,,,,,,,,,,,,,,,,,,,,,,,,,,,,,,,,,,,,,,,,,,,,,,,,,,,,,,,,,,,,,,,,,,,,,,,,,,,,,,,,,,,,,,,,,,,,,,,,,,,,,,,,,,,,,,,,,,,,,,,,,,,,,,,,,,,,,,,,,,,,,,,,,,,,,,,,,,,,,,,,,,,,,,,,,,,,,,,,,,,,,,,,,,,,,,,,
Daily Maintenance End (HH:MM),17:30,17:30,17:30,str,Daily maintenance period end in Eastern Time (ES: 4:30 PM CT = 5:30 PM ET),,,,,,,,,,,,,,,,,,,,,,,,,,,,,,,,,,,,,,,,,,,,,,,,,,,,,,,,,,,,,,,,,,,,,,,,,,,,,,,,,,,,,,,,,,,,,,,,,,,,,,,,,,,,,,,,,,,,,,,,,,,,,,,,,,,,,,,,,,,,,,,,,,,,,,,,,,,,,,,,,,,,,,,,,,,,,,,,,,,,,,,,,,,,,,,,,,,,,,,,,,,,,,,,,,,,,,,,,,,,,,,,,,,,,,,,,,,,,,,,,,,,,,,,,,,,,,,,,,,,,,,,,,,,,,,,,,,,,,,,,,,,,,,,,,,,,,,,,,,,,,,,,,,,,,,,,,,,,,,,,,,,,,,,,,,,,,,,,,,,,,,,,,,,,,,,,,,,,,,,,,,,,,,,,,,,,,,,,,,,,,,,,,,,,,,,,,,,,,,,,,,,,,,,,,,,,,,,,,,,,,,,,,,,,,,,,,,,,,,,,,,,,,,,,,,,,,,,,,,,,,,,,,,,,,,,,,,,,,,,,,,,,,,,,,,,,,,,,,,,,,,,,,,,,,,,,,,,,,,,,,,,,,,,,,,,,,,,,,,,,,,,,,,,,,,,,,,,,,,,,,,,,,,,,,,,,,,,,,,,,,,,,,,,,,,,,,,,,,,,,,,,,,,,,,,,,,,,,,,,,,,,,,,,,,,,,,,,,,,,,,,,,,,,,,,,,,,,,,,,,,,,,,,,,,,,,,,,,,,,,,,,,,,,,,,,,,,,,,,,,,,,,,,,,,,,,,,,,,,,,,,,,,,,,,,,,,,,,,,,,,,,,,,,,,,,,,,,,,,,,,,,,,,,,,,,,,,,,,,,,,,,,,,,,,,,,,,,
Weekend Maintenance Start Day,4,4,4,int,"Weekend maintenance start day (0=Monday, 1=Tuesday, 2=Wednesday, 3=Thursday, 4=Friday, 5=Saturday, 6=Sunday). For ES futures: 4 (Friday)",,,,,,,,,,,,,,,,,,,,,,,,,,,,,,,,,,,,,,,,,,,,,,,,,,,,,,,,,,,,,,,,,,,,,,,,,,,,,,,,,,,,,,,,,,,,,,,,,,,,,,,,,,,,,,,,,,,,,,,,,,,,,,,,,,,,,,,,,,,,,,,,,,,,,,,,,,,,,,,,,,,,,,,,,,,,,,,,,,,,,,,,,,,,,,,,,,,,,,,,,,,,,,,,,,,,,,,,,,,,,,,,,,,,,,,,,,,,,,,,,,,,,,,,,,,,,,,,,,,,,,,,,,,,,,,,,,,,,,,,,,,,,,,,,,,,,,,,,,,,,,,,,,,,,,,,,,,,,,,,,,,,,,,,,,,,,,,,,,,,,,,,,,,,,,,,,,,,,,,,,,,,,,,,,,,,,,,,,,,,,,,,,,,,,,,,,,,,,,,,,,,,,,,,,,,,,,,,,,,,,,,,,,,,,,,,,,,,,,,,,,,,,,,,,,,,,,,,,,,,,,,,,,,,,,,,,,,,,,,,,,,,,,,,,,,,,,,,,,,,,,,,,,,,,,,,,,,,,,,,,,,,,,,,,,,,,,,,,,,,,,,,,,,,,,,,,,,,,,,,,,,,,,,,,,,,,,,,,,,,,,,,,,,,,,,,,,,,,,,,,,,,,,,,,,,,,,,,,,,,,,,,,,,,,,,,,,,,,,,,,,,,,,,,,,,,,,,,,,,,,,,,,,,,,,,,,,,,,,,,,,,,,,,,,,,,,,,,,,,,,,,,,,,,,,,,,,,,,,,,,,,,,,,,,,,,,,,,,,,,,,,,,,,,,,,,,,,,,,,,,,,,,,,,,,,,,,,,,,,,,,,,,,,,,,,,,,,,
Weekend Maintenance Start Time (HH:MM),17:00,17:00,17:00,str,Weekend maintenance start time in Eastern Time (ES: Fri 4:00 PM CT = 5:00 PM ET),,,,,,,,,,,,,,,,,,,,,,,,,,,,,,,,,,,,,,,,,,,,,,,,,,,,,,,,,,,,,,,,,,,,,,,,,,,,,,,,,,,,,,,,,,,,,,,,,,,,,,,,,,,,,,,,,,,,,,,,,,,,,,,,,,,,,,,,,,,,,,,,,,,,,,,,,,,,,,,,,,,,,,,,,,,,,,,,,,,,,,,,,,,,,,,,,,,,,,,,,,,,,,,,,,,,,,,,,,,,,,,,,,,,,,,,,,,,,,,,,,,,,,,,,,,,,,,,,,,,,,,,,,,,,,,,,,,,,,,,,,,,,,,,,,,,,,,,,,,,,,,,,,,,,,,,,,,,,,,,,,,,,,,,,,,,,,,,,,,,,,,,,,,,,,,,,,,,,,,,,,,,,,,,,,,,,,,,,,,,,,,,,,,,,,,,,,,,,,,,,,,,,,,,,,,,,,,,,,,,,,,,,,,,,,,,,,,,,,,,,,,,,,,,,,,,,,,,,,,,,,,,,,,,,,,,,,,,,,,,,,,,,,,,,,,,,,,,,,,,,,,,,,,,,,,,,,,,,,,,,,,,,,,,,,,,,,,,,,,,,,,,,,,,,,,,,,,,,,,,,,,,,,,,,,,,,,,,,,,,,,,,,,,,,,,,,,,,,,,,,,,,,,,,,,,,,,,,,,,,,,,,,,,,,,,,,,,,,,,,,,,,,,,,,,,,,,,,,,,,,,,,,,,,,,,,,,,,,,,,,,,,,,,,,,,,,,,,,,,,,,,,,,,,,,,,,,,,,,,,,,,,,,,,,,,,,,,,,,,,,,,,,,,,,,,,,,,,,,,,,,,,,,,,,,,,,,,,,,,,,,,,,,,,,,,,,,,,
Weekend Maintenance End Day,6,6,6,int,"Weekend maintenance end day (0=Monday, 1=Tuesday, 2=Wednesday, 3=Thursday, 4=Friday, 5=Saturday, 6=Sunday). For ES futures: 6 (Sunday)",,,,,,,,,,,,,,,,,,,,,,,,,,,,,,,,,,,,,,,,,,,,,,,,,,,,,,,,,,,,,,,,,,,,,,,,,,,,,,,,,,,,,,,,,,,,,,,,,,,,,,,,,,,,,,,,,,,,,,,,,,,,,,,,,,,,,,,,,,,,,,,,,,,,,,,,,,,,,,,,,,,,,,,,,,,,,,,,,,,,,,,,,,,,,,,,,,,,,,,,,,,,,,,,,,,,,,,,,,,,,,,,,,,,,,,,,,,,,,,,,,,,,,,,,,,,,,,,,,,,,,,,,,,,,,,,,,,,,,,,,,,,,,,,,,,,,,,,,,,,,,,,,,,,,,,,,,,,,,,,,,,,,,,,,,,,,,,,,,,,,,,,,,,,,,,,,,,,,,,,,,,,,,,,,,,,,,,,,,,,,,,,,,,,,,,,,,,,,,,,,,,,,,,,,,,,,,,,,,,,,,,,,,,,,,,,,,,,,,,,,,,,,,,,,,,,,,,,,,,,,,,,,,,,,,,,,,,,,,,,,,,,,,,,,,,,,,,,,,,,,,,,,,,,,,,,,,,,,,,,,,,,,,,,,,,,,,,,,,,,,,,,,,,,,,,,,,,,,,,,,,,,,,,,,,,,,,,,,,,,,,,,,,,,,,,,,,,,,,,,,,,,,,,,,,,,,,,,,,,,,,,,,,,,,,,,,,,,,,,,,,,,,,,,,,,,,,,,,,,,,,,,,,,,,,,,,,,,,,,,,,,,,,,,,,,,,,,,,,,,,,,,,,,,,,,,,,,,,,,,,,,,,,,,,,,,,,,,,,,,,,,,,,,,,,,,,,,,,,,,,,,,,,,,,,,,,,,,,,,,,,,,,,,,,,,,,,,,
Weekend Maintenance End Time (HH:MM),18:00,18:00,18:00,str,Weekend maintenance end time in Eastern Time (ES: Sun 5:00 PM CT = 6:00 PM ET),,,,,,,,,,,,,,,,,,,,,,,,,,,,,,,,,,,,,,,,,,,,,,,,,,,,,,,,,,,,,,,,,,,,,,,,,,,,,,,,,,,,,,,,,,,,,,,,,,,,,,,,,,,,,,,,,,,,,,,,,,,,,,,,,,,,,,,,,,,,,,,,,,,,,,,,,,,,,,,,,,,,,,,,,,,,,,,,,,,,,,,,,,,,,,,,,,,,,,,,,,,,,,,,,,,,,,,,,,,,,,,,,,,,,,,,,,,,,,,,,,,,,,,,,,,,,,,,,,,,,,,,,,,,,,,,,,,,,,,,,,,,,,,,,,,,,,,,,,,,,,,,,,,,,,,,,,,,,,,,,,,,,,,,,,,,,,,,,,,,,,,,,,,,,,,,,,,,,,,,,,,,,,,,,,,,,,,,,,,,,,,,,,,,,,,,,,,,,,,,,,,,,,,,,,,,,,,,,,,,,,,,,,,,,,,,,,,,,,,,,,,,,,,,,,,,,,,,,,,,,,,,,,,,,,,,,,,,,,,,,,,,,,,,,,,,,,,,,,,,,,,,,,,,,,,,,,,,,,,,,,,,,,,,,,,,,,,,,,,,,,,,,,,,,,,,,,,,,,,,,,,,,,,,,,,,,,,,,,,,,,,,,,,,,,,,,,,,,,,,,,,,,,,,,,,,,,,,,,,,,,,,,,,,,,,,,,,,,,,,,,,,,,,,,,,,,,,,,,,,,,,,,,,,,,,,,,,,,,,,,,,,,,,,,,,,,,,,,,,,,,,,,,,,,,,,,,,,,,,,,,,,,,,,,,,,,,,,,,,,,,,,,,,,,,,,,,,,,,,,,,,,,,,,,,,,,,,,,,,,,,,,,,,,,,,,,,,,
Maintenance Buffer Minutes,5,1,30,int,Minutes before/after maintenance to exit/block trading,4,3,2,3,3,2,1,2,2,2,3,1,2,2,1,4,1,3,2,1,3,3,2,3,1,1,1,1,1,4,4,2,1,1,1,2,2,1,1,3,1,2,3,1,2,2,1,4,21,3,3,1,2,1,1,1,3,1,3,3,2,1,1,9,13,4,1,11,11,11,1,1,3,11,11,3,2,2,24,1,3,20,1,27,1,1,8,11,11,3,14,4,1,8,5,24,30,1,5,11,21,3,3,3,1,16,1,17,1,1,1,1,2,1,1,5,12,30,2,1,1,30,2,1,1,11,1,2,1,4,1,1,1,15,1,1,1,1,23,1,30,1,5,21,5,3,30,1,4,1,4,25,1,1,1,17,1,3,2,30,1,2,28,1,1,1,1,4,3,26,1,1,4,4,7,7,30,1,30,24,1,1,1,1,1,1,1,4,1,20,2,1,30,4,14,14,1,1,4,1,4,30,1,1,2,4,13,1,1,2,1,2,1,30,4,20,1,1,1,2,1,30,1,1,1,25,2,1,1,20,1,1,1,2,2,30,30,3,29,2,1,1,4,29,30,1,6,1,4,1,1,10,4,10,1,2,23,26,1,30,10,1,10,1,30,2,4,30,2,26,12,27,30,4,4,25,2,4,1,12,30,2,4,1,1,1,1,2,30,8,30,7,30,28,3,1,1,6,26,10,30,14,12,19,30,1,1,2,2,24,30,1,1,2,1,1,18,28,2,30,1,29,20,3,1,29,1,1,19,23,20,1,30,30,4,29,4,1,23,3,2,1,1,15,8,28,13,7,10,17,24,26,24,1,23,3,2,26,26,24,1,1,24,4,23,30,29,1,2,12,27,1,1,30,1,27,30,8,5,20,17,25,2,1,11,1,6,30,10,4,30,11,1,30,1,2,1,22,14,18,11,5,2,2,2,1,2,2,30,1,27,1,1,27,1,22,1,22,30,1,5,30,1,16,30,30,7,14,30,1,15,11,1,22,5,2,2,10,30,12,5,30,1,1,30,1,10,1,7,30,14,1,1,1,25,1,1,3,21,30,1,3,1,20,1,22,1,17,1,16,6,30,1,16,21,2,12,1,29,20,9,30,1,16,1,2,20,2,30,15,1,1,1,1,1,29,14,13,25,28,1,2,1,30,9,5,28,9,30,20,3,1,1,10,26,1,1,1,1,30,2,30,24,27,1,1,23,2,21,1,20,30,13,27,1,1,27,20,1,1,26,30,8,20,28,28,2,25,2,30,30,26,3,17,1,25,3,1,30,23,3,19,17,20,30,12,1,1,1,1,16,2,2,1,1,4,30,1,30,1,17,14,1,12,1,9,12,1,5,2,21,17,1,12,18,12,14,1,3,3,3,2,29,1,2,25,16,2,1,30,3,19,10,1,1,1,27,2,3,4,30,12,1,13,1,11,1,7,1,25,27,11,1,18,1,30,20,4,1,19,28,1,14,25,1,1,9,1,1,24,27,7,9,30,30,29,30,30,24,26,2,27,25,28,2,17,1,17,27,28,28,3,27,1,16,1,7,2,1,1,6,7,30,29,2,3,7,1,18,30,2,30,30,28,2,19,2,15,4,1,3,30,4,1,3,3,1,2,16,1,27,27,30,5,26,2,2,30,27,23,1,25,29,4,27,30,30,2,1,26,24,19,8,9,29,23,1,19,25,5,23,30,28,30,1,1,2,24,24,3,29,24,28,1,10,1,30,2,8,3,19,5,15,20,11,19,11,30,15,30,4,24,1,1,23,1,25,25,25,2,3,9,1,9,21,1,23,25,28,1,14,14,25,25,5,15
Volume MA Length,50,75,200,int,Rolling window for average volume calculation (used by volume filter),169,183,162,162,155,167,153,162,159,159,187,200,162,162,200,174,162,134,162,150,152,152,162,152,161,175,176,186,165,161,161,158,172,172,167,167,166,172,163,152,168,171,144,157,169,144,200,158,185,149,134,149,144,200,168,168,149,130,149,149,150,166,166,162,183,200,168,171,171,171,196,175,165,171,171,151,171,139,140,151,150,132,144,172,167,188,159,171,171,163,158,149,200,99,200,181,161,160,178,156,172,171,171,200,161,183,168,170,171,176,174,168,156,165,200,162,160,174,163,134,135,200,163,152,183,149,155,165,157,200,172,160,163,167,200,138,158,164,179,171,200,138,200,169,120,170,200,200,168,159,200,179,164,164,200,168,174,170,175,160,163,180,167,168,200,163,200,200,151,170,173,200,159,200,183,183,183,150,163,171,172,177,129,164,165,163,163,200,200,169,159,155,200,197,155,155,200,200,200,164,199,163,164,167,188,155,200,166,172,176,164,158,164,185,200,169,191,169,174,75,200,196,144,169,169,200,168,170,174,182,169,172,177,186,174,197,200,137,173,159,169,154,199,173,179,169,170,164,155,200,174,190,158,184,173,168,175,181,200,149,184,183,184,198,198,198,192,200,164,200,180,200,183,159,159,163,197,132,200,180,179,187,158,173,132,167,180,167,100,184,139,183,175,180,158,158,200,148,180,180,170,176,174,164,139,200,161,200,168,139,200,159,197,186,174,171,184,143,173,200,178,164,177,195,200,178,200,173,144,162,169,193,192,198,180,164,161,138,160,158,96,160,200,144,168,185,194,144,200,184,174,181,158,178,200,134,178,171,200,194,144,161,175,161,200,163,161,177,143,180,176,177,162,151,200,145,161,99,164,162,144,176,157,195,147,174,163,189,190,158,175,157,134,200,200,164,169,182,198,181,157,200,136,182,164,137,200,146,135,200,156,135,138,148,198,183,200,179,190,137,172,200,200,179,200,187,200,167,153,167,186,178,161,200,127,168,200,89,200,107,163,173,140,180,181,180,89,176,198,183,141,164,161,174,178,151,188,200,181,166,181,200,190,198,174,148,172,168,178,176,84,133,133,150,165,188,163,200,198,162,162,200,138,150,164,163,173,119,183,171,197,200,170,162,139,177,161,156,154,182,87,170,189,200,163,148,104,163,186,176,197,147,142,155,182,189,176,170,179,153,190,165,171,94,174,179,198,189,188,200,189,160,127,152,158,139,175,199,183,148,169,200,135,176,178,178,200,180,190,176,133,156,106,164,146,83,185,190,174,90,181,164,164,105,151,150,141,156,199,175,136,158,158,115,191,139,193,182,125,192,196,165,196,97,143,194,197,185,149,187,149,167,200,198,145,198,162,158,164,164,164,183,198,200,142,158,161,183,182,196,164,177,165,167,140,196,155,190,164,176,156,177,165,161,147,185,180,181,158,195,184,168,173,148,179,186,163,180,173,172,137,159,167,195,190,190,158,184,185,163,176,161,139,179,182,158,146,146,153,174,153,150,147,146,155,148,170,200,148,154,142,159,147,141,189,156,142,176,156,184,195,142,176,192,183,195,195,187,145,84,160,138,174,141,160,179,181,167,196,151,165,177,182,165,195,195,170,189,157,163,177,177,141,122,156,200,176,170,177,159,157,161,171,168,174,147,142,189,192,198,200,140,158,146,75,178,150,159,133,148,167,155,186,200,127,98,129,145,200,151,200,200,175,197,196,164,161,132,200,195,170,132,200,166,191,157,185,185,187,185,180,161,168,147,154,168,159,159,159,124,200,166,178,166,164,193,200,159,158,180,132,132,159,159,164,188
Max Volume Multiplier,1.2,2,4,float,"Volume filter for mean reversion - MAX volume allowed (volume <= avg * multiplier). Low volume = exhausted move ready to reverse. High volume = strong momentum (bad for mean reversion). Range 0.5-3.0 (1.0 = no filter, lower = more restrictive)",3.8231,3.7279,2.5271,2.5271,2.555,3.1095,2.5368,2.5271,2.5275,2.5275,3.8898,3.3363,2.5271,2.5271,3.3363,2.9861,2.8525,4.0,2.0316,2.8692,3.3716,3.3716,2.5915,3.3716,3.0704,2.0537,2.948,3.3951,3.0984,3.2095,3.2526,3.322,3.2293,3.6567,3.2501,3.1039,3.2277,3.3196,3.0001,3.8128,3.0696,3.1128,3.3922,3.4211,3.142,3.091,2.9888,3.2101,3.283,3.4074,4.0,2.2751,3.091,3.3896,3.8301,3.8301,3.7352,3.4044,3.2644,3.9163,2.4508,2.9301,2.9301,3.6485,3.2469,3.4035,3.8301,2.4801,2.4801,2.4801,2.2544,3.9439,4.0,2.2719,2.262,3.3763,4.0,3.1653,2.8284,3.2571,4.0,2.8548,3.361,3.5646,3.0884,3.4047,2.8856,3.9813,3.9813,3.8011,4.0,3.1308,3.6085,2.7146,3.9036,3.164,2.2062,4.0,4.0,3.2206,4.0,3.4721,3.5794,3.6923,3.9592,3.5116,3.0493,4.0,2.8017,3.302,3.3492,3.875,4.0,3.6752,3.7648,3.0412,3.0412,3.2938,3.1916,3.8676,3.3836,2.8228,3.5089,3.406,3.6734,3.1275,2.9384,3.9354,3.4208,3.4035,3.2022,3.9552,3.7227,2.6032,3.1709,3.915,3.3293,3.2176,3.1629,3.3083,3.1737,4.0,4.0,3.0409,3.4737,3.8579,4.0,3.2052,3.4055,3.0014,3.3499,3.1627,3.2176,3.2176,3.8675,3.7759,3.5629,3.2488,3.3061,3.638,3.0001,3.9767,2.8973,2.9969,3.2404,2.927,3.8767,3.4035,2.2911,3.1117,3.1959,3.5844,3.7743,3.4035,3.433,3.433,3.2411,3.8202,2.9932,2.7869,2.9594,3.3245,3.8474,2.9265,3.0696,4.0,4.0,3.254,3.5844,4.0,3.1707,3.964,4.0,3.4029,2.6674,2.6674,3.8123,3.8123,3.6439,4.0,3.4035,2.9932,3.1098,3.7638,3.6137,4.0,3.3366,3.1912,3.5352,3.5514,3.1098,3.9368,4.0,3.4879,3.3328,4.0,3.9602,2.9754,3.2522,3.5998,3.286,3.7471,2.8422,3.213,3.213,3.0307,2.9006,3.533,3.3159,3.2946,2.9754,3.1078,2.9364,3.5787,3.5782,4.0,3.9877,3.3564,3.4819,3.1707,3.3263,2.398,3.2887,3.4819,3.1651,2.9754,3.8958,3.1617,3.1363,4.0,3.4806,3.4288,3.0487,3.3026,3.2559,2.9319,4.0,3.1762,3.6662,3.3492,3.3026,3.4805,3.3026,3.5701,4.0,3.3676,3.4196,3.5039,3.4482,3.457,3.2584,4.0,3.492,3.4171,3.4171,3.3332,3.6305,3.3575,3.1329,3.2462,3.5947,3.3564,4.0,3.2091,3.9742,3.1013,4.0,3.9514,3.818,3.2789,2.7597,3.2105,3.4383,3.153,3.9475,3.8756,3.2829,3.8933,3.4173,3.1428,3.9084,3.3686,3.1246,3.7134,2.7597,4.0,3.0019,3.52,3.4513,3.4035,3.3989,2.973,2.6266,3.4008,3.8609,3.987,3.1315,3.4751,3.7381,3.4506,3.9844,2.5338,3.9095,3.4546,3.6055,3.537,3.4578,3.1209,3.3491,3.2979,3.1863,3.9922,3.0239,3.3125,3.2589,2.4356,3.0715,2.7241,3.0704,4.0,3.5667,3.9069,3.5725,3.116,3.0273,3.1055,3.5203,3.213,3.8587,3.3468,2.6081,2.0,3.6461,3.1311,3.7925,3.9228,3.2193,2.6196,3.5143,3.378,3.63,3.9102,4.0,3.0616,4.0,3.1875,3.6604,3.3013,3.8412,3.2584,3.3164,3.8395,3.0556,2.794,3.2987,3.4985,3.411,2.7669,3.151,3.8049,2.7246,3.0214,3.3682,3.9229,3.8123,3.6982,3.4693,3.6692,3.4288,4.0,3.7712,3.881,3.4178,3.3989,3.2086,3.177,3.7413,2.7543,3.3723,3.1854,3.881,3.9927,2.8776,2.9954,3.3437,3.4847,4.0,3.3931,3.1873,3.0182,2.1776,4.0,3.9925,3.3312,4.0,2.9609,3.7974,3.1495,3.1245,4.0,3.3574,3.0173,3.1267,2.9103,3.0954,3.1983,3.9543,3.1396,2.536,3.7113,3.3852,3.4818,3.1783,3.1567,3.3892,3.9303,4.0,3.4648,2.8515,3.7283,3.2132,3.6304,3.8494,3.3277,3.3116,3.4673,3.543,3.3559,3.9146,2.6703,3.1712,3.2536,3.812,3.3758,3.074,3.3535,3.0348,3.4689,4.0,4.0,3.2835,3.4689,3.6167,2.6166,3.0716,3.0794,2.6379,3.5112,3.126,3.9396,3.7104,3.8821,4.0,3.0865,3.5034,2.9569,3.6477,3.7768,3.4123,3.7209,3.3536,3.4069,3.7062,3.0865,3.2869,3.3912,3.2344,3.5292,3.1083,3.5089,4.0,3.1682,3.9417,3.3517,3.8537,3.956,3.3091,4.0,3.0945,2.9333,3.7179,3.7345,3.9382,4.0,3.7619,3.183,3.4652,3.7619,3.5961,4.0,3.1614,4.0,3.8613,3.0284,2.9867,3.657,3.5602,2.7398,3.4543,3.1597,3.767,3.3894,3.4649,3.7249,4.0,3.4543,3.0013,3.6143,2.8437,3.4587,3.6794,3.2824,3.4707,2.9715,3.2557,3.6701,3.0888,3.8228,2.5158,3.6141,2.7085,4.0,3.8371,4.0,2.6743,2.6743,3.3519,3.5892,3.891,2.8251,3.8821,4.0,3.6366,2.9991,3.6499,3.6828,4.0,3.6722,3.5816,3.6507,3.1635,3.0855,3.6755,3.3191,3.7233,3.2532,3.916,3.9166,3.3618,3.4215,3.0751,4.0,4.0,3.6409,2.8436,4.0,3.2584,3.4203,3.1454,3.6817,3.2354,3.3093,3.5334,2.3678,3.8409,2.8394,2.6507,3.405,3.7455,3.8426,3.1283,3.7174,4.0,2.6507,2.7003,2.6507,3.1349,3.8437,3.3577,3.3577,3.3577,3.33,3.39,4.0,4.0,2.6639,3.7689,3.5048,3.5719,3.5115,3.3577,2.7075,3.4816,3.6773,3.8494,3.3584,3.274,4.0,3.3757,2.9911,2.9141,3.1004,3.2845,3.7402,3.2948,3.3485,3.4328,3.05,3.6093,3.3202,3.242,2.769,3.3151,3.2328,3.4543,3.6506,3.1284,3.5522,3.0942,3.0971,3.3445,3.5249,2.6895,3.3637,4.0,4.0,3.5942,2.748,3.5893,3.2836,2.5121,3.1332,3.9326,3.4407,3.6047,2.8793,2.7075,2.7075,2.9407,3.2981,2.9564,2.8574,3.0183,3.2237,2.1346,3.5461,4.0,3.7962,3.3051,3.3172,3.1677,3.2136,2.8656,3.9971,3.7173,2.6994,3.3592,3.9006,3.4466,3.5015,3.7869,3.3592,2.833,3.9288,2.5526,3.9997,3.7834,3.2294,2.5604,2.7632,3.4275,3.5575,4.0,3.102,3.6542,3.377,2.6456,3.1251,3.9009,3.8705,3.5172,3.5799,4.0,3.5153,3.8992,3.9731,4.0,3.4401,3.9807,3.5039,3.1674,3.1674,3.1325,3.6671,3.3489,3.1861,3.9006,3.5249,3.1674,3.4596,4.0,2.9758,3.4384,4.0,4.0,3.4815,3.286,3.4401,3.9743,3.6029,3.4019,2.6114,4.0,3.9051,3.11,3.8797,3.1099,3.8438,3.8711,2.6973,2.904,3.9871,3.9326,3.4244,3.6002,2.7958,3.3201,2.6637,3.7751,3.0774,3.3894,3.4019,3.6508,3.9818,3.9876,2.994,2.8818,3.3554,3.8976,3.9997,2.9564,3.3419,3.9914,4.0,3.8323,3.9358,3.7331,3.6532,3.3125,3.6532,4.0,3.1907,3.0268,3.7959,3.196,3.2525,2.8933,2.8933,2.8933,3.555,3.4732,3.8809,3.7251,3.8809,3.9965,3.6092,3.2918,2.8933,3.1993,3.2959,3.3389,3.1666,2.8933,2.8933,2.6781,3.8384
Timeframe (minutes),15,1,5,int,Resample timeframe in minutes,5,5,5,5,5,5,5,5,5,5,5,5,5,5,5,5,5,5,5,5,5,5,5,5,5,5,5,5,5,5,5,5,5,5,5,5,5,5,5,5,5,5,5,5,5,5,5,5,5,5,5,5,5,5,5,5,5,5,5,5,5,5,5,2,5,5,5,2,2,2,5,5,5,2,2,5,5,5,5,5,5,5,5,5,5,5,5,5,5,5,5,5,5,1,5,5,5,5,5,5,5,5,5,5,5,1,5,5,5,5,5,5,5,5,5,5,1,5,5,5,5,5,5,5,5,5,5,5,5,5,5,5,5,1,5,5,5,5,5,5,5,5,1,5,5,5,1,5,5,5,5,5,5,5,5,5,5,5,5,1,5,5,5,5,5,5,5,5,5,5,5,5,5,5,1,1,5,5,5,5,5,5,5,5,5,5,5,5,5,5,5,5,5,5,1,1,5,5,5,5,5,5,5,5,5,5,5,5,5,5,5,5,5,5,5,5,5,5,5,5,5,5,5,5,5,5,5,5,5,5,5,5,5,5,5,5,5,5,5,5,5,5,5,5,5,5,5,5,5,5,5,5,5,5,5,5,5,5,5,5,5,5,5,5,5,5,5,5,5,5,5,5,5,5,5,5,5,5,5,5,5,5,5,5,5,5,5,5,5,5,5,5,5,5,5,5,5,5,5,5,5,5,5,3,5,5,5,5,5,5,5,5,5,5,1,5,5,5,5,5,5,5,5,5,5,5,5,5,5,5,5,5,5,5,5,5,5,5,5,5,5,5,5,5,5,5,5,5,5,5,5,5,5,5,5,5,5,5,5,5,5,5,5,5,5,5,5,5,5,5,5,5,5,5,5,5,5,1,5,5,5,5,5,5,5,5,1,5,5,5,5,5,5,5,5,5,5,5,5,5,5,5,5,5,5,5,5,5,5,5,5,5,5,5,5,5,5,5,5,5,5,5,5,5,5,5,5,5,5,5,5,5,5,5,5,5,5,5,5,5,1,5,5,5,5,5,5,5,5,5,5,5,5,5,5,5,5,5,5,5,5,5,5,5,5,5,5,5,5,5,5,5,5,5,5,5,5,5,5,5,3,5,5,5,5,5,5,5,5,5,5,5,5,5,5,5,5,5,5,3,5,5,5,5,2,4,5,2,5,5,5,5,5,5,5,5,5,5,5,5,5,5,5,5,5,5,1,5,1,5,5,5,5,5,5,5,5,5,5,5,5,5,5,5,4,4,5,5,5,5,5,5,5,5,5,5,5,5,5,5,5,5,5,5,5,5,5,5,5,5,5,5,5,5,5,5,5,5,5,5,5,5,5,5,5,5,5,5,5,5,5,5,5,5,5,5,5,5,3,3,3,5,5,5,5,5,5,5,5,5,3,5,5,5,5,5,5,5,3,5,5,5,5,5,5,5,5,5,5,5,5,5,5,5,5,5,5,5,5,5,5,5,5,5,5,5,5,5,5,5,5,5,5,5,5,5,5,5,5,5,5,5,5,5,5,5,5,5,5,5,5,5,5,5,5,5,5,5,5,5,5,5,5,5,5,5,5,5,5,5,5,5,5,5,5,5,5,5,5,5,5,5,5,5,5,5,5,5,5,5,5,5,5,5,5,5,5,5,5,5,5,5,5,5,5,5,5,5,5,5,5,5,5,5,5,5,5,5,5,1,5,5,5,5,5,5,5,5,5,5,5,5,5,5,5,5,5,5,5,5,5,5,5,5,5,5,5,5,5,5,5,5,5,5,5,5,5,5,5,5,5,2,5,2,5,5,5,5,5,5,5,5,5,5,5,1
Max Open Trades,1,1,1,int,Maximum concurrent positions,,,,,,,,,,,,,,,,,,,,,,,,,,,,,,,,,,,,,,,,,,,,,,,,,,,,,,,,,,,,,,,,,,,,,,,,,,,,,,,,,,,,,,,,,,,,,,,,,,,,,,,,,,,,,,,,,,,,,,,,,,,,,,,,,,,,,,,,,,,,,,,,,,,,,,,,,,,,,,,,,,,,,,,,,,,,,,,,,,,,,,,,,,,,,,,,,,,,,,,,,,,,,,,,,,,,,,,,,,,,,,,,,,,,,,,,,,,,,,,,,,,,,,,,,,,,,,,,,,,,,,,,,,,,,,,,,,,,,,,,,,,,,,,,,,,,,,,,,,,,,,,,,,,,,,,,,,,,,,,,,,,,,,,,,,,,,,,,,,,,,,,,,,,,,,,,,,,,,,,,,,,,,,,,,,,,,,,,,,,,,,,,,,,,,,,,,,,,,,,,,,,,,,,,,,,,,,,,,,,,,,,,,,,,,,,,,,,,,,,,,,,,,,,,,,,,,,,,,,,,,,,,,,,,,,,,,,,,,,,,,,,,,,,,,,,,,,,,,,,,,,,,,,,,,,,,,,,,,,,,,,,,,,,,,,,,,,,,,,,,,,,,,,,,,,,,,,,,,,,,,,,,,,,,,,,,,,,,,,,,,,,,,,,,,,,,,,,,,,,,,,,,,,,,,,,,,,,,,,,,,,,,,,,,,,,,,,,,,,,,,,,,,,,,,,,,,,,,,,,,,,,,,,,,,,,,,,,,,,,,,,,,,,,,,,,,,,,,,,,,,,,,,,,,,,,,,,,,,,,,,,,,,,,,,,,,,,,,,,,,,,,,,,,,,,,,,,,,,,,,,,,,,,,,,,,,,,,,,,,,,,,,,,,,,,,,,,,,
Transaction Cost (Per Trade),20,20,20,float,Estimated friction per trade (Slippage + Commissions) to realistic PnL. E.g. $4 comm + $12.50 slip = 16.5,,,,,,,,,,,,,,,,,,,,,,,,,,,,,,,,,,,,,,,,,,,,,,,,,,,,,,,,,,,,,,,,,,,,,,,,,,,,,,,,,,,,,,,,,,,,,,,,,,,,,,,,,,,,,,,,,,,,,,,,,,,,,,,,,,,,,,,,,,,,,,,,,,,,,,,,,,,,,,,,,,,,,,,,,,,,,,,,,,,,,,,,,,,,,,,,,,,,,,,,,,,,,,,,,,,,,,,,,,,,,,,,,,,,,,,,,,,,,,,,,,,,,,,,,,,,,,,,,,,,,,,,,,,,,,,,,,,,,,,,,,,,,,,,,,,,,,,,,,,,,,,,,,,,,,,,,,,,,,,,,,,,,,,,,,,,,,,,,,,,,,,,,,,,,,,,,,,,,,,,,,,,,,,,,,,,,,,,,,,,,,,,,,,,,,,,,,,,,,,,,,,,,,,,,,,,,,,,,,,,,,,,,,,,,,,,,,,,,,,,,,,,,,,,,,,,,,,,,,,,,,,,,,,,,,,,,,,,,,,,,,,,,,,,,,,,,,,,,,,,,,,,,,,,,,,,,,,,,,,,,,,,,,,,,,,,,,,,,,,,,,,,,,,,,,,,,,,,,,,,,,,,,,,,,,,,,,,,,,,,,,,,,,,,,,,,,,,,,,,,,,,,,,,,,,,,,,,,,,,,,,,,,,,,,,,,,,,,,,,,,,,,,,,,,,,,,,,,,,,,,,,,,,,,,,,,,,,,,,,,,,,,,,,,,,,,,,,,,,,,,,,,,,,,,,,,,,,,,,,,,,,,,,,,,,,,,,,,,,,,,,,,,,,,,,,,,,,,,,,,,,,,,,,,,,,,,,,,,,,,,,,,,,,,,,,,,,,,
=== TAKE PROFIT CRITERIA ===,,,,,,,,,,,,,,,,,,,,,,,,,,,,,,,,,,,,,,,,,,,,,,,,,,,,,,,,,,,,,,,,,,,,,,,,,,,,,,,,,,,,,,,,,,,,,,,,,,,,,,,,,,,,,,,,,,,,,,,,,,,,,,,,,,,,,,,,,,,,,,,,,,,,,,,,,,,,,,,,,,,,,,,,,,,,,,,,,,,,,,,,,,,,,,,,,,,,,,,,,,,,,,,,,,,,,,,,,,,,,,,,,,,,,,,,,,,,,,,,,,,,,,,,,,,,,,,,,,,,,,,,,,,,,,,,,,,,,,,,,,,,,,,,,,,,,,,,,,,,,,,,,,,,,,,,,,,,,,,,,,,,,,,,,,,,,,,,,,,,,,,,,,,,,,,,,,,,,,,,,,,,,,,,,,,,,,,,,,,,,,,,,,,,,,,,,,,,,,,,,,,,,,,,,,,,,,,,,,,,,,,,,,,,,,,,,,,,,,,,,,,,,,,,,,,,,,,,,,,,,,,,,,,,,,,,,,,,,,,,,,,,,,,,,,,,,,,,,,,,,,,,,,,,,,,,,,,,,,,,,,,,,,,,,,,,,,,,,,,,,,,,,,,,,,,,,,,,,,,,,,,,,,,,,,,,,,,,,,,,,,,,,,,,,,,,,,,,,,,,,,,,,,,,,,,,,,,,,,,,,,,,,,,,,,,,,,,,,,,,,,,,,,,,,,,,,,,,,,,,,,,,,,,,,,,,,,,,,,,,,,,,,,,,,,,,,,,,,,,,,,,,,,,,,,,,,,,,,,,,,,,,,,,,,,,,,,,,,,,,,,,,,,,,,,,,,,,,,,,,,,,,,,,,,,,,,,,,,,,,,,,,,,,,,,,,,,,,,,,,,
TP Method,0,0,2,int,"Take profit method (0=Fixed BB at Entry, 1=Fixed ATR, 2=Opposite BB) - OPTIMIZABLE",,,,,,,,,,,,,,,,,,,,,,,,,,,,,,,,,,,,,,,,,,,,,,,,,,,,,,,,,,,,,,,,,,,,,,,,,,,,,,,,,,,,,,,,,,,,,,,,,,,,,,,,,,,,,,,,,,,,,,,,,,,,,,,,,,,,,,,,,,,,,,,,,,,,,,,,,,,,,,,,,,,,,,,,,,,,,,,,,,,,,,,,,,,,,,,,,,,,,,,,,,,,,,,,,,,,,,,,,,,,,,,,,,,,,,,,,,,,,,,,,,,,,,,,,,,,,,,,,,,,,,,,,,,,,,,,,,,,,,,,,,,,,,,,,,,,,,,,,,,,,,,,,,,,,,,,,,,,,,,,,,,,,,,,,,,,,,,,,,,,,,,,,,,,,,,,,,,,,,,,,,,,,,,,,,,,,,,,,,,,,,,,,,,,,,,,,,,,,,,,,,,,,,,,,,,,,,,,,,,,,,,,,,,,,,,,,,,,,,,,,,,,,,,,,,,,,,,,,,,,,,,,,,,,,,,,,,,,,,,,,,,,,,,,,,,,,,,,,,,,,,,,,,,,,,,,,,,,,,,,,,,,,,,,,,,,,,,,,,,,,,,,,,,,,,,,,,,,,,,,,,,,,,,,,,,,,,,,,,,,,,,,,,,,,,,,,,,,,,,,,,,,,,,,,,,,,,,,,,,,,,,,,,,,,,,,,,,,,,,,,,,,,,,,,,,,,,,,,,,,,,,,,,,,,,,,,,,,,,,,,,,,,,,,,,,,,,,,,,,,,,,,,,,,,,,,,,,,,,,,,,,,,,,,,,,,,,,,,,,,,,,,,,,,,,,,,,,,,,,,,,,,,,,,,,,,,,,,,,,,,,,,,,,,,,,,,,,,
Opposite Bollinger Band TP,false,false,false,bool,FIXED: Controlled by TP Method (do not optimize directly),True,True,True,True,True,True,True,True,True,True,True,True,True,True,True,True,True,True,True,True,True,True,True,True,True,True,True,True,True,True,True,True,True,True,True,True,True,True,True,True,True,True,True,True,True,True,True,True,True,True,True,True,True,True,True,True,True,True,True,True,True,True,True,True,True,True,True,True,True,True,True,True,True,True,True,True,True,True,True,True,True,True,True,True,True,True,True,True,True,True,True,True,True,True,True,True,True,True,True,True,True,True,True,True,True,True,True,True,True,True,True,True,True,True,True,True,True,True,True,True,True,True,True,True,True,True,True,True,True,True,True,True,True,True,True,True,True,True,True,True,True,True,True,True,True,True,True,True,True,True,True,True,True,True,True,True,True,True,True,True,True,True,True,True,True,True,True,True,True,True,True,True,True,True,True,True,True,True,True,True,True,True,True,True,True,True,True,True,True,True,True,True,True,True,True,True,True,True,True,True,True,True,True,True,True,True,True,True,True,True,True,True,True,True,True,True,True,True,True,True,True,True,True,True,True,True,True,True,True,True,True,True,True,True,True,True,True,True,True,True,True,True,True,True,True,True,True,True,True,True,True,True,True,True,True,True,True,True,True,True,True,True,True,True,True,True,True,True,True,True,True,True,True,True,True,True,True,True,True,True,True,True,True,True,True,True,True,True,True,True,True,True,True,True,True,True,True,True,True,True,True,True,True,True,True,True,True,True,True,True,True,True,True,True,True,True,True,True,True,True,True,True,True,True,True,True,True,True,True,True,True,True,True,True,True,True,True,True,True,True,True,True,True,True,True,True,True,True,True,True,True,True,True,True,True,True,True,True,True,True,True,True,True,True,True,True,True,True,True,True,True,True,True,True,True,True,True,True,True,True,True,True,True,True,True,True,True,True,True,True,True,True,True,True,True,True,True,True,True,True,True,True,True,True,True,True,True,True,True,True,True,True,True,True,True,True,True,True,True,True,True,True,True,True,True,True,True,True,True,True,True,True,True,True,True,True,True,True,True,True,True,True,True,True,True,True,True,True,True,True,True,True,True,True,True,True,True,True,True,True,True,True,True,True,True,True,True,True,True,True,True,True,True,True,True,True,True,True,True,True,True,True,True,True,True,True,True,True,True,True,True,True,True,True,True,True,True,True,True,True,True,True,True,True,True,True,True,True,True,True,True,True,True,True,True,True,True,True,True,True,True,True,True,True,True,True,True,True,True,True,True,True,True,True,True,True,True,True,True,True,True,True,True,True,True,True,True,True,True,True,True,True,True,True,True,True,True,True,True,True,True,True,True,True,True,True,True,True,True,True,True,True,True,True,True,True,True,True,True,True,True,True,True,True,True,True,True,True,True,True,True,True,True,True,True,True,True,True,True,True,True,True,True,True,True,True,True,True,True,True,True,True,True,True,True,True,True,True,True,True,True,True,True,True,True,True,True,True,True,True,True,True,True,True,True,True,True,True,True,True,True,True,True,True,True,True,True,True,True,True,True,True,True,True,True,True,True,True,True,True,True,True,True,True,True,True,True,True,True,True,True,True,True,True,True,True,True,True,True,True,True,True,True,True,True,True,True,True,True,True,True,True,True,True,True,True,True,True,True,True,True,True,True,True,True,True,True,True,True,True,True,True,True,True,True,True,True,True,True,True,True,True,True,True,True,True,True,True,True,True,True,True,True,True,True,True,True,True,True,True,True,True,True,True,True,True,True,True,True,True,True,True,True,True,True,True,True,True,True,True,True,True,True,True,True,True,True,True,True,True,True,True,True,True,True,True,True,True,True,True,True,True,True,True,True,True,True,True,True,True,True,True,True,True,True,True
Fixed ATR TP,false,false,false,bool,FIXED: Controlled by TP Method (do not optimize directly),False,False,False,False,False,False,False,False,False,False,False,False,False,False,False,False,False,False,False,False,False,False,False,False,False,False,False,False,False,False,False,False,False,False,False,False,False,False,False,False,False,False,False,False,False,False,False,False,False,False,False,False,False,False,False,False,False,False,False,False,False,False,False,False,False,False,False,False,False,False,False,False,False,False,False,False,False,False,False,False,False,False,False,False,False,False,False,False,False,False,False,False,False,False,False,False,False,False,False,False,False,False,False,False,False,False,False,False,False,False,False,False,False,False,False,False,False,False,False,False,False,False,False,False,False,False,False,False,False,False,False,False,False,False,False,False,False,False,False,False,False,False,False,False,False,False,False,False,False,False,False,False,False,False,False,False,False,False,False,False,False,False,False,False,False,False,False,False,False,False,False,False,False,False,False,False,False,False,False,False,False,False,False,False,False,False,False,False,False,False,False,False,False,False,False,False,False,False,False,False,False,False,False,False,False,False,False,False,False,False,False,False,False,False,False,False,False,False,False,False,False,False,False,False,False,False,False,False,False,False,False,False,False,False,False,False,False,False,False,False,False,False,False,False,False,False,False,False,False,False,False,False,False,False,False,False,False,False,False,False,False,False,False,False,False,False,False,False,False,False,False,False,False,False,False,False,False,False,False,False,False,False,False,False,False,False,False,False,False,False,False,False,False,False,False,False,False,False,False,False,False,False,False,False,False,False,False,False,False,False,False,False,False,False,False,False,False,False,False,False,False,False,False,False,False,False,False,False,False,False,False,False,False,False,False,False,False,False,False,False,False,False,False,False,False,False,False,False,False,False,False,False,False,False,False,False,False,False,False,False,False,False,False,False,False,False,False,False,False,False,False,False,False,False,False,False,False,False,False,False,False,False,False,False,False,False,False,False,False,False,False,False,False,False,False,False,False,False,False,False,False,False,False,False,False,False,False,False,False,False,False,False,False,False,False,False,False,False,False,False,False,False,False,False,False,False,False,False,False,False,False,False,False,False,False,False,False,False,False,False,False,False,False,False,False,False,False,False,False,False,False,False,False,False,False,False,False,False,False,False,False,False,False,False,False,False,False,False,False,False,False,False,False,False,False,False,False,False,False,False,False,False,False,False,False,False,False,False,False,False,False,False,False,False,False,False,False,False,False,False,False,False,False,False,False,False,False,False,False,False,False,False,False,False,False,False,False,False,False,False,False,False,False,False,False,False,False,False,False,False,False,False,False,False,False,False,False,False,False,False,False,False,False,False,False,False,False,False,False,False,False,False,False,False,False,False,False,False,False,False,False,False,False,False,False,False,False,False,False,False,False,False,False,False,False,False,False,False,False,False,False,False,False,False,False,False,False,False,False,False,False,False,False,False,False,False,False,False,False,False,False,False,False,False,False,False,False,False,False,False,False,False,False,False,False,False,False,False,False,False,False,False,False,False,False,False,False,False,False,False,False,False,False,False,False,False,False,False,False,False,False,False,False,False,False,False,False,False,False,False,False,False,False,False,False,False,False,False,False,False,False,False,False,False,False,False,False,False,False,False,False,False,False,False,False,False,False,False,False,False,False,False,False,False,False,False,False,False,False,False,False,False,False,False,False,False,False,False,False,False,False,False,False,False,False,False,False,False,False,False,False,False,False,False,False,False,False,False,False,False,False,False,False,False,False,False,False,False,False,False,False,False,False,False,False,False,False,False,False,False,False,False,False,False,False,False,False,False,False,False,False,False,False,False,False,False,False,False,False,False,False,False,False,False,False,False,False,False,False,False,False,False,False,False,False,False,False,False,False,False,False,False,False,False,False,False,False,False,False,False,False,False,False,False,False,False
Fixed BB at Entry TP,true,true,true,bool,FIXED: Controlled by TP Method (do not optimize directly),False,False,False,False,False,False,False,False,False,False,False,False,False,False,False,False,False,False,False,False,False,False,False,False,False,False,False,False,False,False,False,False,False,False,False,False,False,False,False,False,False,False,False,False,False,False,False,False,False,False,False,False,False,False,False,False,False,False,False,False,False,False,False,False,False,False,False,False,False,False,False,False,False,False,False,False,False,False,False,False,False,False,False,False,False,False,False,False,False,False,False,False,False,False,False,False,False,False,False,False,False,False,False,False,False,False,False,False,False,False,False,False,False,False,False,False,False,False,False,False,False,False,False,False,False,False,False,False,False,False,False,False,False,False,False,False,False,False,False,False,False,False,False,False,False,False,False,False,False,False,False,False,False,False,False,False,False,False,False,False,False,False,False,False,False,False,False,False,False,False,False,False,False,False,False,False,False,False,False,False,False,False,False,False,False,False,False,False,False,False,False,False,False,False,False,False,False,False,False,False,False,False,False,False,False,False,False,False,False,False,False,False,False,False,False,False,False,False,False,False,False,False,False,False,False,False,False,False,False,False,False,False,False,False,False,False,False,False,False,False,False,False,False,False,False,False,False,False,False,False,False,False,False,False,False,False,False,False,False,False,False,False,False,False,False,False,False,False,False,False,False,False,False,False,False,False,False,False,False,False,False,False,False,False,False,False,False,False,False,False,False,False,False,False,False,False,False,False,False,False,False,False,False,False,False,False,False,False,False,False,False,False,False,False,False,False,False,False,False,False,False,False,False,False,False,False,False,False,False,False,False,False,False,False,False,False,False,False,False,False,False,False,False,False,False,False,False,False,False,False,False,False,False,False,False,False,False,False,False,False,False,False,False,False,False,False,False,False,False,False,False,False,False,False,False,False,False,False,False,False,False,False,False,False,False,False,False,False,False,False,False,False,False,False,False,False,False,False,False,False,False,False,False,False,False,False,False,False,False,False,False,False,False,False,False,False,False,False,False,False,False,False,False,False,False,False,False,False,False,False,False,False,False,False,False,False,False,False,False,False,False,False,False,False,False,False,False,False,False,False,False,False,False,False,False,False,False,False,False,False,False,False,False,False,False,False,False,False,False,False,False,False,False,False,False,False,False,False,False,False,False,False,False,False,False,False,False,False,False,False,False,False,False,False,False,False,False,False,False,False,False,False,False,False,False,False,False,False,False,False,False,False,False,False,False,False,False,False,False,False,False,False,False,False,False,False,False,False,False,False,False,False,False,False,False,False,False,False,False,False,False,False,False,False,False,False,False,False,False,False,False,False,False,False,False,False,False,False,False,False,False,False,False,False,False,False,False,False,False,False,False,False,False,False,False,False,False,False,False,False,False,False,False,False,False,False,False,False,False,False,False,False,False,False,False,False,False,False,False,False,False,False,False,False,False,False,False,False,False,False,False,False,False,False,False,False,False,False,False,False,False,False,False,False,False,False,False,False,False,False,False,False,False,False,False,False,False,False,False,False,False,False,False,False,False,False,False,False,False,False,False,False,False,False,False,False,False,False,False,False,False,False,False,False,False,False,False,False,False,False,False,False,False,False,False,False,False,False,False,False,False,False,False,False,False,False,False,False,False,False,False,False,False,False,False,False,False,False,False,False,False,False,False,False,False,False,False,False,False,False,False,False,False,False,False,False,False,False,False,False,False,False,False,False,False,False,False,False,False,False,False,False,False,False,False,False,False,False,False,False,False,False,False,False,False,False,False,False,False,False,False,False,False,False,False,False,False,False,False,False,False,False,False,False,False,False,False,False,False,False,False,False,False,False,False,False,False,False,False,False,False,False,False,False,False,False,False,False,False,False,False,False,False,False,False,False
ATR Length for TP,26,5,80,int,ATR period for fixed TP,36,28,6,6,42,5,36,6,48,48,36,29,6,6,29,33,5,33,22,24,17,17,34,17,34,26,42,27,22,24,24,32,34,33,33,5,7,33,38,16,21,32,17,37,36,17,32,28,25,34,33,28,17,32,31,31,34,35,30,34,47,32,32,44,25,28,31,20,20,20,5,29,34,20,20,28,38,27,28,29,51,29,26,39,26,28,17,31,31,33,51,23,33,54,21,23,20,28,32,18,32,26,26,29,29,36,27,24,29,30,29,52,19,35,31,34,75,30,14,29,27,26,16,20,36,33,46,32,27,28,33,25,33,40,33,43,24,31,36,36,26,43,57,28,5,17,10,32,17,33,38,34,31,31,31,32,22,36,36,19,38,31,37,22,33,38,31,28,43,18,15,35,37,28,51,51,33,40,20,27,29,36,31,30,21,29,29,41,35,32,16,35,34,28,72,72,25,25,25,32,28,20,35,27,32,49,41,37,29,30,35,34,32,22,20,32,33,32,29,21,31,34,16,32,32,31,42,32,29,30,32,30,19,31,27,39,33,33,25,15,32,5,24,25,34,32,58,29,33,33,7,33,27,32,37,37,27,30,21,13,32,25,32,32,34,32,33,35,23,28,30,29,48,27,27,27,15,36,26,26,22,33,46,35,29,45,30,21,37,33,27,33,30,33,47,33,5,33,33,26,25,33,38,27,27,30,64,30,60,30,35,30,27,28,57,28,32,32,33,35,34,38,23,33,33,42,25,28,63,32,28,29,27,28,31,38,45,19,36,37,19,39,23,30,45,26,12,33,5,32,20,20,35,63,26,32,33,34,36,32,52,36,27,9,30,31,32,37,40,30,28,42,45,30,38,27,32,54,33,31,30,28,27,35,24,38,31,40,33,46,35,49,35,35,42,45,36,31,5,28,49,27,17,29,45,33,30,46,52,45,18,60,33,11,80,29,8,27,30,52,33,26,33,30,37,31,41,17,28,14,27,26,64,33,60,32,77,37,39,32,53,27,33,22,18,38,37,27,29,32,29,31,27,32,39,15,32,9,33,35,32,9,32,29,32,36,27,31,32,41,33,38,50,12,31,32,13,32,34,31,38,37,27,12,32,14,28,33,28,25,34,30,33,32,33,31,21,38,5,26,33,31,33,34,39,36,28,39,41,33,36,35,34,35,28,40,36,27,30,34,63,31,36,34,33,30,50,27,51,27,28,29,35,26,46,33,27,31,18,33,33,36,35,33,31,31,11,21,26,30,38,34,31,57,33,36,49,37,15,35,28,22,28,35,31,17,5,31,36,34,21,33,33,37,5,33,31,37,28,28,34,49,34,31,34,24,25,35,16,8,32,40,5,25,53,25,34,30,52,52,52,29,35,32,31,25,50,29,37,44,52,44,28,32,33,36,13,28,52,44,26,39,32,58,48,33,37,19,27,33,28,25,25,29,30,30,24,28,25,62,29,26,42,33,27,27,53,23,36,33,37,66,35,33,33,27,38,38,34,38,29,31,30,42,34,41,33,25,46,50,27,26,41,33,29,25,31,36,29,30,34,31,26,32,16,33,27,30,53,45,44,32,32,59,44,25,19,30,28,33,45,31,31,41,33,33,33,14,33,29,32,32,29,34,40,34,36,28,32,25,33,24,41,28,34,29,38,15,20,34,32,50,23,35,44,25,33,29,24,47,26,32,38,35,33,26,33,30,32,42,28,32,33,34,65,31,24,33,36,33,27,34,33,21,48,33,49,31,34,31,31,14,25,25,45,31,29,29,29,34,24,52,30,52,21,34,35,29,50,28,32,32,29,29,32,37
ATR Multiplier for TP,2,0,6,float,Fixed TP ATR multiplier - reduced max to prevent overfitting,2.7521,2.6794,4.0786,4.093,3.813,2.6633,3.9589,4.1569,4.5701,4.5701,2.633,3.4047,4.3835,4.3044,3.4047,3.639,3.8141,3.4245,5.1203,3.0864,1.3751,1.3751,3.7027,1.5104,3.7385,1.3338,3.3046,4.0186,3.4779,4.1783,4.1783,4.301,3.3992,2.2409,2.7554,2.3848,3.6692,2.6978,3.3658,2.7743,4.3261,1.3159,1.0778,1.4516,3.469,0.8674,3.2203,4.4548,5.0284,1.1846,3.4245,4.0047,1.1923,3.2265,3.5259,3.5259,1.1846,1.028,2.0924,1.1846,3.69,3.6204,3.6204,2.7646,4.445,2.7628,3.4465,4.4173,4.4173,4.3272,3.5666,1.3698,2.9019,4.3272,4.6361,1.3815,3.6087,1.3859,2.9598,5.415,4.0533,3.0123,3.2429,3.6911,4.4402,3.5547,5.0659,1.6013,1.7062,3.5763,3.5995,3.1583,4.1955,3.4187,3.459,6.0,2.7992,3.7137,4.6059,6.0,3.9621,3.871,3.871,2.2082,1.3629,1.5178,3.5881,3.4792,1.5363,1.5575,5.5347,3.5445,4.0896,2.2029,3.0087,4.3208,4.3977,5.6837,1.8504,3.4142,6.0,4.5528,4.2642,1.5789,4.6374,6.0,4.8078,3.621,4.61,3.2875,2.9186,3.7263,3.7377,3.5917,5.1751,3.8676,5.665,2.5083,2.0377,3.1921,4.5161,3.8676,2.3594,4.0245,3.4179,2.7075,1.7357,4.6475,2.8214,3.797,2.5152,4.6457,2.5145,2.5083,3.0087,3.9217,3.066,1.7208,4.5466,4.5773,3.3658,3.5765,3.9688,5.4778,5.1175,3.3658,2.9357,2.7997,0.7043,3.1526,5.8487,3.1156,4.6146,2.7997,2.1253,2.1253,2.2306,3.6754,2.8181,5.3024,1.5528,3.2585,3.4879,3.8225,3.744,1.3794,1.4145,3.1197,2.8658,3.7687,6.0,3.2389,4.6485,2.816,4.1007,3.6131,2.7702,2.7702,2.4202,1.4087,2.7628,2.8181,3.6453,3.5331,2.9846,4.0329,2.5667,1.6961,2.5859,3.1049,3.6453,3.7269,1.4087,2.9666,2.9547,3.7687,4.0019,3.2043,2.3679,4.3144,3.2737,2.5496,3.1891,3.3123,3.3123,4.1706,3.5272,0.9513,2.5835,5.0055,3.3123,3.7442,0.6862,2.9662,3.252,6.0,4.437,5.0003,5.2243,6.0,3.3123,4.0482,1.967,5.2243,4.1586,3.3123,4.2988,3.8544,4.5362,3.6369,0.2919,3.6977,4.4082,4.1849,3.1626,4.9426,4.766,4.7003,3.2562,1.3276,4.2381,2.821,4.2381,4.0697,4.4106,3.3118,4.0619,4.1991,2.0489,5.5551,4.2137,4.2712,3.2137,2.1696,2.8088,2.9035,1.6896,4.8875,3.2679,4.2823,5.5986,2.9619,3.6396,4.0991,3.8768,1.7408,3.9163,1.1698,4.304,4.9223,2.8989,5.1331,4.552,3.3859,3.8984,4.1971,2.7883,4.0315,4.6517,4.3937,4.7602,4.349,1.6305,6.0,2.8989,4.6018,0.2314,2.1304,4.3607,1.9526,0.9491,4.0477,2.8835,2.7727,5.15,4.7628,0.0163,4.9245,4.2758,0.9491,2.5481,0.0,2.5555,1.9414,3.0343,0.0,3.2724,3.7807,6.0,4.3424,3.802,4.5682,5.4039,5.3131,3.2021,0.0,1.8965,4.0099,5.476,3.0611,2.5005,3.8502,1.1156,3.5958,3.5625,5.1228,3.2833,4.9842,3.3221,4.8646,4.7834,3.6753,4.7094,3.2297,5.3341,3.6696,4.9638,0.0,5.6349,3.9486,3.0537,3.6358,3.8057,4.0613,3.8994,3.6029,2.4283,2.6199,3.8639,4.2137,3.968,3.9965,2.0711,3.5665,3.561,1.7513,2.7894,3.4187,3.8897,4.9025,3.5004,4.0279,4.1488,2.3302,2.3482,4.2353,4.4095,0.0,3.6977,3.6396,5.2549,2.8379,4.7918,0.9491,3.8564,5.6863,3.642,0.0168,3.3601,3.6902,2.8379,3.2128,5.568,3.273,5.6863,4.0482,4.7992,4.068,3.1603,4.4072,2.3953,3.9994,3.9766,1.8591,4.1665,5.2134,4.256,2.1312,3.3641,3.3635,4.4191,5.1462,2.8797,0.6061,2.4383,4.8874,3.8579,2.4951,3.1965,4.6797,1.5484,2.3782,0.2314,4.0414,3.7657,3.3239,3.7709,5.689,5.6235,4.5672,3.7877,2.5774,3.9751,3.6323,0.0,4.086,5.689,0.9481,5.1067,3.1503,3.589,1.9923,5.3707,2.2534,4.7144,1.9066,2.6263,2.8808,3.679,2.9429,1.8965,2.8808,1.9113,3.7452,2.2479,4.6322,2.2484,0.2443,4.362,6.0,2.9593,3.6058,3.4027,4.6862,2.5353,3.0684,4.4969,3.0253,1.2305,2.9306,2.9532,5.9855,3.3659,4.6862,4.0052,1.7579,2.8637,1.9102,4.0348,3.9529,6.0,3.4581,2.1624,3.3296,3.7529,2.27,4.1163,5.9653,4.18,5.906,4.2031,1.6887,3.5766,4.6485,4.3113,4.2385,3.924,4.3113,4.1867,3.8888,4.5128,4.0858,3.6507,2.459,5.5298,4.1894,5.0486,5.6218,0.0531,2.532,4.0074,2.2609,0.0,5.1109,3.6094,0.1478,3.2758,3.682,2.2547,3.3351,0.0,5.8642,5.178,4.9168,1.9512,4.8487,5.0497,1.934,5.6132,1.6935,1.9981,3.4507,1.492,3.6426,3.0968,3.0968,3.1904,2.0607,2.9209,3.3347,3.6058,3.5797,2.7593,3.7758,3.0992,4.3835,5.4325,4.0578,1.5137,4.1636,1.4143,4.2397,4.2542,4.2219,4.7211,2.7864,3.6405,4.404,3.7769,4.5826,6.0,3.6128,3.6128,4.5048,3.7899,3.8045,2.8771,4.0362,2.9936,3.3089,4.2392,3.117,3.6524,4.6783,4.6629,5.6398,5.5597,3.7983,1.1747,4.5389,5.1912,5.0915,3.0959,5.8882,4.5117,5.8882,3.5129,4.5877,3.2175,3.2819,3.4272,3.4598,4.2413,4.0976,3.8136,2.2489,0.7847,4.4997,4.0701,3.5375,3.4502,4.5826,3.8965,0.845,3.9751,4.2385,4.4822,4.9075,3.4502,4.1661,3.6552,3.2785,3.5389,4.0118,4.5162,4.3921,4.9229,2.8341,4.018,3.8075,4.5664,6.0,5.0981,4.2483,0.0,2.6424,5.117,4.3533,5.5004,4.398,3.3045,5.1295,4.5572,1.2525,0.0,0.0,5.3557,5.4147,4.2443,1.6463,5.1679,5.2383,5.3064,4.9783,0.0,3.8891,3.5309,3.5309,4.632,3.526,3.6893,4.9033,4.4332,3.6357,3.6274,2.985,2.0231,4.268,3.0953,3.2784,2.718,3.6395,3.2135,4.1094,6.0,2.2944,2.2066,3.825,6.0,2.9913,4.0239,2.2066,5.2655,4.3565,6.0,4.6787,3.7697,2.9847,4.5117,4.95,4.9412,2.569,4.2086,4.6626,4.9412,5.8314,2.7119,5.196,2.8749,4.2915,3.3545,2.898,2.9969,6.0,4.6972,4.6972,2.0231,2.439,3.4158,4.9954,4.2265,4.2265,2.5568,5.2595,4.1758,4.5079,3.8011,5.3666,4.2265,5.1678,4.2177,4.4683,4.1972,4.4535,4.6419,4.2728,5.0853,2.439,0.0,5.0215,3.0107,2.5085,2.8286,2.073,2.5263,5.0368,4.9833,4.9207,2.543,3.4252,2.1854,3.498,4.6059,0.5836,3.7359,4.0829,5.0037,4.3199,3.0215,3.3998,2.9029,3.0215,4.6372,4.806,3.8966,5.1938,5.2971,4.9014,4.1167,4.804,2.2675,4.8846,3.6325,5.1797,3.2554,2.3745,4.212,3.3145,3.509,2.927,1.2385,3.2837,4.5609,4.6892,3.8164,3.0365,4.3484,4.2198,4.2499,4.772,3.9592,3.7122,3.7957,3.9813,5.4483,4.7481,3.1868,4.2499,3.5115,4.2886,4.7185,4.7185,4.2499,4.2499,5.1323,3.9478
=== STOP LOSS CRITERIA ===,,,,,,,,,,,,,,,,,,,,,,,,,,,,,,,,,,,,,,,,,,,,,,,,,,,,,,,,,,,,,,,,,,,,,,,,,,,,,,,,,,,,,,,,,,,,,,,,,,,,,,,,,,,,,,,,,,,,,,,,,,,,,,,,,,,,,,,,,,,,,,,,,,,,,,,,,,,,,,,,,,,,,,,,,,,,,,,,,,,,,,,,,,,,,,,,,,,,,,,,,,,,,,,,,,,,,,,,,,,,,,,,,,,,,,,,,,,,,,,,,,,,,,,,,,,,,,,,,,,,,,,,,,,,,,,,,,,,,,,,,,,,,,,,,,,,,,,,,,,,,,,,,,,,,,,,,,,,,,,,,,,,,,,,,,,,,,,,,,,,,,,,,,,,,,,,,,,,,,,,,,,,,,,,,,,,,,,,,,,,,,,,,,,,,,,,,,,,,,,,,,,,,,,,,,,,,,,,,,,,,,,,,,,,,,,,,,,,,,,,,,,,,,,,,,,,,,,,,,,,,,,,,,,,,,,,,,,,,,,,,,,,,,,,,,,,,,,,,,,,,,,,,,,,,,,,,,,,,,,,,,,,,,,,,,,,,,,,,,,,,,,,,,,,,,,,,,,,,,,,,,,,,,,,,,,,,,,,,,,,,,,,,,,,,,,,,,,,,,,,,,,,,,,,,,,,,,,,,,,,,,,,,,,,,,,,,,,,,,,,,,,,,,,,,,,,,,,,,,,,,,,,,,,,,,,,,,,,,,,,,,,,,,,,,,,,,,,,,,,,,,,,,,,,,,,,,,,,,,,,,,,,,,,,,,,,,,,,,,,,,,,,,,,,,,,,,,,,,,,,,,,,,,,,,,,,,,,,,,,,,,,,,,,,,,,,,,,,,,,,,
Initial Stop Loss (%),1,0.1,0.5,float,Fixed stop loss % - min 1.0% to avoid tight stops that cause quick losses,0.1,0.105,0.1008,0.1008,0.1,0.1,0.1,0.1008,0.1003,0.1003,0.1,0.1,0.1008,0.1008,0.1262,0.1248,0.1,0.1292,0.1,0.133,0.1,0.1,0.1,0.1,0.1503,0.1,0.1491,0.1589,0.1659,0.1643,0.1643,0.1723,0.1924,0.1812,0.1632,0.2225,0.2179,0.1812,0.1,0.1784,0.1,0.1797,0.1667,0.1681,0.2684,0.1713,0.1142,0.2804,0.3036,0.1677,0.3277,0.133,0.1713,0.1142,0.1418,0.1418,0.1677,0.1952,0.2306,0.1677,0.1179,0.1518,0.1518,0.4718,0.3495,0.1774,0.1418,0.2632,0.2632,0.2632,0.1334,0.1369,0.1911,0.2632,0.2632,0.2889,0.1432,0.1941,0.3338,0.1558,0.3241,0.3868,0.1699,0.5,0.1528,0.1635,0.5,0.4881,0.5,0.3831,0.5,0.1716,0.3195,0.4996,0.5,0.3808,0.5,0.1653,0.5,0.5,0.4906,0.1543,0.1543,0.1741,0.1645,0.4076,0.1676,0.4945,0.1526,0.1669,0.1751,0.4434,0.1785,0.1843,0.1628,0.1503,0.5,0.1603,0.5,0.1936,0.432,0.459,0.5,0.4882,0.1994,0.3678,0.4999,0.1648,0.1741,0.1774,0.1831,0.1767,0.1789,0.5,0.168,0.2146,0.5,0.5,0.1666,0.1816,0.459,0.2146,0.5,0.4549,0.4847,0.1756,0.5,0.1818,0.2077,0.5,0.1875,0.1942,0.5,0.5,0.1628,0.495,0.1868,0.1913,0.1703,0.5,0.1911,0.2248,0.188,0.2229,0.186,0.2159,0.1771,0.2495,0.1736,0.2012,0.5,0.2083,0.2224,0.2495,0.406,0.406,0.2216,0.2116,0.2143,0.1832,0.2124,0.1839,0.1994,0.1897,0.2215,0.2243,0.2243,0.2033,0.2083,0.4078,0.5,0.2522,0.5,0.3027,0.5,0.5,0.2644,0.2644,0.2412,0.2044,0.3129,0.2286,0.2081,0.1985,0.2271,0.2289,0.2045,0.2752,0.2172,0.1951,0.2081,0.4026,0.2044,0.2531,0.2436,0.468,0.3208,0.2805,0.2242,0.2456,0.2875,0.5,0.3041,0.2805,0.2805,0.2528,0.2464,0.3063,0.2294,0.2964,0.2805,0.2284,0.2783,0.2751,0.2445,0.4564,0.2409,0.2747,0.2134,0.5,0.2805,0.3106,0.36,0.2134,0.2697,0.2805,0.2168,0.2767,0.2783,0.3272,0.3111,0.2583,0.2982,0.3088,0.2094,0.2821,0.3286,0.2966,0.3273,0.166,0.3088,0.2689,0.3088,0.3631,0.2906,0.3054,0.3897,0.398,0.3444,0.4403,0.3423,0.3316,0.4913,0.2899,0.2899,0.3241,0.376,0.5,0.2663,0.3517,0.3505,0.3833,0.5,0.321,0.3384,0.3405,0.189,0.5,0.3093,0.3543,0.3456,0.3576,0.5,0.3031,0.4327,0.5,0.3797,0.5,0.5,0.3312,0.4202,0.5,0.2628,0.5,0.359,0.3696,0.3169,0.3651,0.3204,0.3324,0.4136,0.3064,0.3529,0.5,0.5,0.3604,0.396,0.385,0.2723,0.4136,0.3466,0.4501,0.3336,0.3543,0.3753,0.4799,0.4523,0.4609,0.3473,0.5,0.5,0.3741,0.3865,0.4395,0.4573,0.4501,0.4498,0.3237,0.3917,0.431,0.4814,0.4092,0.4423,0.4404,0.2746,0.3935,0.4529,0.5,0.4687,0.4858,0.5,0.1865,0.5,0.2738,0.5,0.5,0.3573,0.4513,0.5,0.5,0.5,0.3596,0.479,0.3011,0.4308,0.4411,0.5,0.4644,0.4328,0.5,0.5,0.5,0.5,0.4486,0.5,0.4452,0.5,0.4996,0.4958,0.3932,0.4951,0.4997,0.4397,0.5,0.4955,0.4616,0.5,0.4609,0.5,0.5,0.5,0.4084,0.5,0.5,0.5,0.4939,0.5,0.4658,0.5,0.5,0.4084,0.5,0.498,0.4716,0.4939,0.4925,0.5,0.3836,0.5,0.4996,0.3996,0.5,0.5,0.5,0.4615,0.4602,0.4979,0.5,0.4589,0.5,0.4334,0.4463,0.5,0.4694,0.5,0.475,0.5,0.3208,0.3894,0.5,0.4477,0.5,0.5,0.4995,0.5,0.5,0.4541,0.4395,0.5,0.4693,0.4422,0.5,0.5,0.4626,0.5,0.3101,0.4395,0.5,0.5,0.4624,0.3442,0.5,0.5,0.4995,0.4595,0.434,0.5,0.4955,0.5,0.4894,0.4945,0.4955,0.5,0.4184,0.5,0.389,0.5,0.4785,0.5,0.5,0.5,0.5,0.5,0.5,0.5,0.4763,0.4973,0.4841,0.5,0.5,0.4943,0.5,0.3879,0.5,0.5,0.5,0.5,0.5,0.5,0.5,0.5,0.5,0.3993,0.5,0.5,0.5,0.5,0.5,0.5,0.495,0.5,0.5,0.5,0.5,0.4742,0.5,0.4998,0.4742,0.5,0.5,0.4526,0.4056,0.5,0.3393,0.392,0.5,0.5,0.5,0.5,0.5,0.4937,0.5,0.5,0.5,0.5,0.5,0.5,0.4934,0.5,0.4922,0.5,0.4811,0.5,0.5,0.5,0.5,0.4859,0.5,0.4979,0.5,0.5,0.5,0.5,0.5,0.5,0.5,0.5,0.5,0.5,0.5,0.5,0.4859,0.5,0.5,0.4008,0.5,0.5,0.5,0.5,0.5,0.5,0.5,0.4162,0.3609,0.5,0.5,0.5,0.4237,0.4938,0.2234,0.3754,0.5,0.5,0.4525,0.5,0.5,0.5,0.5,0.5,0.5,0.4817,0.5,0.31,0.5,0.5,0.5,0.4974,0.5,0.466,0.4233,0.5,0.3542,0.5,0.5,0.5,0.5,0.5,0.5,0.4297,0.4315,0.4449,0.4144,0.5,0.458,0.4226,0.5,0.4983,0.5,0.5,0.4698,0.4494,0.5,0.4207,0.5,0.5,0.3578,0.4286,0.5,0.4494,0.4959,0.4406,0.2357,0.5,0.4908,0.4999,0.4149,0.387,0.5,0.5,0.3201,0.5,0.5,0.4827,0.3679,0.5,0.5,0.5,0.5,0.5,0.5,0.4744,0.5,0.5,0.5,0.5,0.5,0.4722,0.4987,0.5,0.5,0.4989,0.4937,0.5,0.5,0.5,0.5,0.4986,0.4986,0.5,0.5,0.5,0.4984,0.5,0.5,0.5,0.4483,0.5,0.3164,0.4727,0.4798,0.5,0.5,0.4991,0.5,0.5,0.5,0.5,0.3945,0.5,0.3721,0.5,0.5,0.5,0.4966,0.4976,0.5,0.5,0.5,0.5,0.5,0.5,0.4627,0.5,0.5,0.5,0.5,0.5,0.4994,0.5,0.5,0.4868,0.4796,0.4846,0.5,0.5,0.5,0.5,0.5,0.4996,0.5,0.4876,0.4876,0.4643,0.4856,0.4815,0.5,0.5,0.4966,0.5,0.5,0.5,0.5,0.5,0.5,0.5,0.5,0.5,0.5,0.5,0.5,0.4759,0.5,0.5,0.5,0.3456,0.5,0.5,0.3763,0.4952,0.4994,0.4948,0.5,0.5,0.5,0.5,0.5,0.5,0.4596,0.5,0.5,0.4217,0.5,0.5,0.5,0.4864,0.5,0.5,0.5,0.5,0.5,0.4926,0.5,0.4804,0.5,0.3928,0.5,0.5,0.4812,0.4895,0.5,0.4919,0.4643,0.4981,0.4856,0.5,0.5,0.3691,0.3691,0.3691,0.5,0.4886,0.5,0.4871,0.4733,0.5,0.5,0.5,0.5,0.4699,0.5,0.5,0.5,0.5,0.5,0.5,0.498
Enable Trailing Stop,1,0,1,int,"Use ATR trailing stop (0=false, 1=true) - OPTIMIZABLE",0,0,0,0,0,0,0,0,0,0,0,0,0,0,0,0,0,0,0,0,1,1,0,1,0,0,0,0,0,0,0,1,0,0,0,0,0,0,0,0,0,0,1,0,0,1,0,0,0,0,0,0,1,0,0,0,0,0,0,0,0,0,0,1,0,0,0,0,0,0,0,0,0,0,0,1,0,1,1,0,0,1,0,0,0,0,1,0,0,0,0,0,0,0,0,1,0,0,0,1,0,0,0,0,0,0,0,0,0,0,0,0,0,0,0,0,0,1,0,0,0,0,0,1,0,0,0,0,0,0,0,0,0,1,0,0,1,0,0,1,0,0,0,0,1,0,0,0,0,0,1,0,0,0,0,0,0,0,0,0,0,0,0,0,0,0,0,0,0,0,0,0,0,0,0,0,0,0,0,1,0,0,0,0,0,0,0,0,0,0,0,0,1,0,0,0,0,0,0,0,0,0,0,0,0,0,0,0,0,1,0,0,0,0,0,0,0,0,0,0,0,0,0,0,0,0,0,0,0,0,0,0,0,0,0,1,0,0,1,0,0,0,0,1,0,0,0,0,0,0,0,0,0,1,0,0,1,1,0,1,1,0,1,0,0,1,0,0,0,0,0,0,0,0,0,1,0,0,0,0,1,1,0,0,0,0,0,0,0,0,0,0,0,0,0,0,0,0,0,0,0,0,0,0,0,0,0,0,0,0,0,0,0,0,0,0,0,0,0,0,0,0,1,0,0,0,0,0,0,1,0,0,1,1,0,0,0,0,1,0,0,0,1,0,0,0,0,0,0,1,1,1,0,0,0,0,0,0,0,1,0,0,0,0,0,0,0,0,0,0,0,0,0,0,0,0,0,0,0,0,1,0,0,0,0,0,0,0,0,0,0,0,0,0,0,0,0,0,0,0,0,0,0,0,0,0,0,0,0,0,1,0,0,0,0,0,0,1,1,0,0,0,0,0,0,0,0,0,1,0,0,0,0,0,0,0,0,0,0,0,0,0,0,1,0,0,0,0,0,1,0,0,0,0,0,0,0,0,0,0,0,0,0,0,0,0,0,0,1,0,0,0,0,1,0,0,0,0,0,0,0,0,0,1,0,0,0,0,0,0,0,0,0,0,0,0,0,0,1,0,0,0,0,1,0,0,1,0,0,0,0,0,0,0,1,0,0,0,0,0,0,0,0,0,0,0,0,0,0,0,0,0,0,0,0,0,0,0,0,0,0,0,0,0,0,0,0,0,0,1,0,0,0,1,0,0,0,0,0,0,0,0,0,0,0,0,0,0,0,0,0,0,0,0,0,0,0,0,0,0,0,0,0,1,0,1,1,0,0,0,0,0,0,1,1,1,0,0,1,1,1,0,0,0,0,0,0,0,0,0,1,0,0,0,0,0,0,0,1,0,0,0,0,0,0,0,0,0,0,0,0,0,0,0,0,0,0,0,0,1,0,0,0,0,0,0,0,0,0,0,0,0,0,0,0,1,0,0,1,0,0,0,1,0,0,0,0,1,0,0,0,0,0,0,0,1,0,0,0,1,0,0,0,0,0,0,0,0,1,0,0,0,0,0,0,0,0,0,0,0,0,0,0,0,0,0,0,0,0,0,1,1,0,0,1,0,0,0,0,0,0,0,0,0,1,0,0,0,0,0,0,0,0,0,0,1,0,0,0,0,0,0,0,0,0,0,0,1,0,0,0,0,1,1,0,0,0,0,0,0,0,0,0,0,0,0,0,0,0,0,0,0,0,0,0,0,1,1,1,0,0,0,0,0,0,0,0,1,0,0,0,0,1,1,0,0
ATR Length for Trailing Stop,26,10,100,int,ATR period for trailing,60,54,49,49,53,57,50,49,50,50,55,50,49,49,50,53,47,58,62,53,84,84,55,84,54,55,53,52,55,55,55,63,55,55,54,57,57,55,58,65,58,50,84,55,50,85,52,52,43,64,58,55,85,52,56,56,64,60,50,64,53,54,54,69,39,56,56,58,58,58,43,52,61,58,58,59,52,83,64,63,56,73,55,58,56,53,64,61,61,61,59,65,65,64,63,67,68,53,64,62,62,56,56,54,52,62,60,74,52,50,50,55,59,54,56,54,63,60,100,56,48,42,100,75,69,43,51,54,65,56,52,52,51,65,57,58,68,100,49,47,42,58,43,100,36,68,36,59,52,55,57,49,100,100,56,66,56,63,56,86,58,60,48,50,58,58,54,56,48,51,57,58,57,56,63,63,51,58,48,50,52,56,56,59,47,52,52,58,58,59,100,70,56,55,64,64,56,56,56,56,56,48,55,54,54,55,55,47,53,58,55,53,56,50,56,59,42,50,53,54,58,53,60,50,50,52,53,64,53,57,50,53,48,52,53,57,56,60,51,100,50,49,58,51,49,50,56,51,53,59,65,53,49,47,55,47,59,51,58,73,47,55,47,59,56,57,61,49,50,43,53,54,62,55,55,51,66,66,57,38,48,58,59,44,52,61,56,58,55,42,67,43,32,38,53,62,41,46,40,43,57,42,50,49,67,53,42,53,58,64,45,57,58,66,68,55,51,47,57,45,74,47,55,51,57,48,53,53,43,50,61,54,51,63,56,47,56,55,48,67,67,58,61,54,52,41,55,43,63,56,53,96,47,66,52,62,48,54,54,46,41,64,56,39,54,41,24,43,53,53,62,54,50,50,51,63,32,64,55,64,55,55,54,64,68,53,56,53,53,59,52,65,71,45,47,57,62,63,53,58,65,51,98,36,57,55,52,45,58,36,96,61,62,55,55,32,62,64,44,56,55,53,59,23,49,57,43,71,64,51,71,38,42,50,75,55,57,46,41,48,62,57,62,80,43,53,46,63,55,54,57,67,49,56,47,66,41,65,55,52,55,65,45,55,56,48,54,31,66,50,54,56,44,78,50,55,51,56,47,61,71,52,45,78,52,100,59,64,41,40,54,31,57,53,61,51,40,90,68,63,58,42,50,56,67,65,63,67,54,59,50,58,66,47,44,54,52,52,44,66,46,53,54,59,59,44,64,56,64,48,48,69,65,47,41,66,68,51,61,64,71,45,58,59,68,68,56,49,59,49,56,60,71,43,51,54,56,53,72,55,65,63,45,57,55,64,50,58,47,59,65,59,59,44,65,61,48,53,55,77,51,90,51,60,66,73,81,72,65,55,41,53,49,81,67,81,52,56,69,69,69,33,53,54,57,47,73,53,53,63,69,68,45,40,62,52,57,61,69,61,58,48,54,58,43,33,65,65,100,55,38,65,32,57,44,50,62,61,32,66,50,58,68,47,62,62,57,89,54,51,62,61,64,41,54,100,62,62,59,53,51,55,46,66,61,48,57,66,47,46,75,53,46,62,60,64,67,60,31,51,53,67,54,52,83,53,52,66,67,63,68,45,64,68,68,43,64,41,61,62,71,53,53,59,53,53,57,100,30,66,61,61,53,68,60,44,60,59,61,40,60,41,55,52,49,85,53,100,61,53,38,68,63,63,56,58,53,36,55,64,52,51,49,45,54,39,60,66,38,66,46,38,49,53,52,60,56,65,53,53,52,61,59,57,25,59,60,53,60,53,46,42,59,56,52,50,48,48,48,59,47,73,49,73,38,47,53,48,52,42,60,60,48,48,40,72
ATR Multiplier for Trailing Stop,2,0.5,4.5,float,Trailing stop ATR multiplier - reduced max to prevent overfitting,0.6815,0.8115,0.9129,0.9129,0.9429,0.6009,0.8708,0.5,0.8661,0.8654,0.7489,0.5162,0.9129,0.9129,0.5162,0.5,0.8125,0.5113,0.8689,0.8818,1.7686,1.5228,0.647,1.5228,1.0218,0.6636,0.5,0.5065,0.5,0.5,0.5,0.9955,0.5,0.6988,0.7079,0.5139,0.5,0.6988,1.0744,0.5206,1.029,0.9365,0.5474,1.5512,0.9113,0.5507,0.5,1.924,1.0392,1.3784,0.5113,0.5408,0.5507,0.5,0.7186,0.5,1.3784,1.639,2.4975,1.3784,0.9402,0.6986,0.6986,3.784,2.3163,1.1723,0.5,1.5984,1.5984,1.4228,0.8168,0.7565,1.8207,1.5119,1.8979,2.7503,0.7401,0.5283,1.1048,0.6961,0.5904,0.5,1.0381,1.4374,0.5,1.0355,0.5,0.86,0.86,1.8363,0.5886,0.5078,4.0778,1.2918,1.5829,1.1638,0.5,0.6954,0.5,0.879,0.7785,0.5,0.5,0.9634,0.6854,0.8324,1.1836,0.885,0.5,0.935,0.9042,0.5,0.6855,0.8856,0.5073,0.7784,1.2313,1.4931,0.7338,0.5,0.9238,0.7161,0.7158,1.0576,1.8298,0.9014,0.868,0.5837,0.5,1.0066,0.6642,0.6762,0.872,1.2418,1.2994,0.7128,0.6573,0.5896,0.8514,0.8526,0.7161,0.7128,0.8288,0.7033,1.3018,0.672,0.8783,0.5,0.7424,0.5231,0.8467,0.8468,0.872,0.5896,0.5073,0.5,0.8814,3.9475,2.12,3.2595,1.0744,1.4861,0.6136,0.8848,1.2903,1.0744,0.5097,0.9534,0.8036,0.6636,0.5287,0.7966,0.8181,0.7437,0.7755,0.6524,0.8226,0.6843,0.542,1.1099,3.6215,0.8841,0.5,0.5039,0.5955,4.5,4.5,4.5,0.7452,0.6087,0.8735,1.6636,0.5078,1.206,1.2036,1.2036,0.9767,1.012,1.6407,0.5,0.9331,0.7798,1.3951,0.7943,0.5295,0.5,0.8408,0.8744,0.8225,0.5,0.9353,0.7002,0.7782,1.0654,0.9242,0.6087,2.3622,0.5,0.9308,0.5,0.5544,0.8306,0.5226,0.6094,0.519,0.5389,0.8484,0.7742,0.7571,2.4768,0.519,0.6237,1.0364,0.5312,0.5,0.7614,0.5,1.8722,1.4058,0.8735,0.519,2.2612,1.1732,1.171,0.8481,0.519,0.666,0.9706,0.5,0.8706,0.5,0.5,0.5,3.8516,0.5,0.6198,2.3031,2.6259,0.5,0.9029,3.8516,0.5,3.8516,0.9204,0.6518,0.7942,1.1703,1.5873,0.7723,0.7528,3.7455,0.5268,0.5,0.9077,0.9077,1.0946,0.5,1.8012,0.5,1.8703,1.2801,0.813,0.5306,0.6358,0.9451,2.3342,0.6904,1.1664,1.0792,3.4323,0.7462,0.6668,1.0753,0.9216,0.5751,1.3228,0.5607,1.0685,1.0095,0.7591,0.5238,0.9374,0.9842,3.6589,0.7462,0.5,1.3598,0.8668,0.7453,0.8927,0.5514,3.126,1.4885,1.6023,2.1967,0.5,0.5593,0.6209,4.2748,0.5514,1.0517,0.6109,2.0403,0.7223,1.2344,0.9797,1.6648,0.7384,0.5,4.5,1.5254,0.5348,0.792,0.5209,1.0392,0.8179,0.7021,0.93,0.8436,0.9544,0.663,0.6223,1.4352,0.505,0.5007,0.7904,1.3065,1.4611,0.5,0.8349,0.8397,0.6284,0.666,0.5935,0.745,1.7727,0.5436,0.5017,0.7589,4.1202,0.6408,1.0753,0.5,0.9931,0.5352,0.6785,1.2112,1.8284,1.0448,3.7455,0.5,1.2015,0.5,0.9272,1.4384,0.7496,1.1606,1.2918,0.9289,0.9615,0.5,0.5,0.524,3.0782,0.7955,2.5475,0.5,0.6536,0.5,0.5306,0.5,0.8933,1.3405,0.5514,1.2379,1.3273,1.1117,0.6308,0.7382,0.7757,0.8933,0.5378,0.504,0.5199,1.3273,0.6464,1.0077,1.7232,0.7262,0.8497,0.5713,1.2524,1.3766,0.8722,4.0727,0.5,0.6822,0.7351,0.7355,0.5229,0.7515,0.5,1.2815,1.0475,0.5576,0.9345,1.916,0.8463,0.6878,0.7482,0.7267,1.3501,1.3598,1.9949,2.9538,0.5,0.5,1.213,0.8918,0.5,3.9438,0.5,1.41,1.7272,0.811,1.6023,1.213,0.5101,1.0698,0.5017,0.6896,1.4125,0.7262,0.7006,1.0718,0.9109,0.8591,0.5601,1.1909,0.8539,0.6971,0.5601,0.9051,0.5,0.6977,0.809,0.6392,0.9286,0.5,0.7537,1.4547,1.6732,0.6834,0.8666,1.4526,0.7264,0.8181,0.5302,0.5,0.6496,0.5,0.5,0.5312,0.838,1.6934,0.8843,0.5,0.5,0.9087,0.6228,0.6077,0.6793,0.698,0.512,1.4006,0.5,0.6333,0.9268,0.8972,0.9526,1.4939,1.102,2.1506,0.5078,3.9131,4.3387,0.9248,3.9529,1.1685,1.1568,0.5185,1.4375,1.9804,0.8629,1.3637,1.1938,1.3548,0.521,1.0369,1.1638,0.5,0.7137,1.2165,1.428,1.0791,1.2009,0.9602,1.7661,1.1062,0.5282,1.0803,0.5,1.2281,0.6365,0.6945,1.8447,0.7254,0.5,0.7879,0.5,0.5073,1.7875,0.5492,1.1568,1.6903,1.6903,0.5201,0.5,0.5627,0.5986,1.6991,1.0037,1.6804,0.5012,1.8194,0.8274,0.5699,1.5757,1.072,1.5087,0.6479,0.5,0.6198,0.9504,0.6883,0.9913,0.5,1.1546,3.8228,2.7447,1.0648,0.6868,1.0786,1.2611,0.7765,1.4631,0.799,1.3254,0.5,1.4074,2.5971,1.3761,0.5,0.5,1.9445,0.6707,0.5387,1.5582,0.5,0.5,0.6603,0.6111,2.9075,0.5387,0.7671,0.5,1.1942,0.5,3.5515,3.5515,3.5515,0.5552,0.6676,0.6252,0.5566,0.6328,0.5409,0.5027,1.3254,0.6959,3.5515,0.7426,0.6546,0.9527,1.6084,2.2314,1.3425,0.757,3.2486,0.5157,1.2865,2.3186,0.5,0.692,0.5125,0.7832,0.5,0.5156,0.9226,0.6397,0.7282,0.5,0.704,0.6103,1.2009,0.5,0.5,2.0099,0.5594,0.5915,1.204,0.7977,0.7483,0.5,1.5089,1.5577,0.5,0.6848,1.3536,0.8798,0.5583,0.6855,2.4565,1.0347,1.1844,0.9305,1.0872,1.0872,0.9693,0.7599,0.5732,0.5207,0.5548,0.8684,0.9683,0.5394,0.6077,1.5704,0.6472,0.6389,0.8763,0.6713,0.5,1.3717,0.5221,0.5,1.1184,1.2373,0.5718,0.6811,0.6822,1.0032,1.7292,0.6828,0.5004,0.7897,0.5097,0.5,0.7671,0.6616,1.1702,0.8311,1.0542,0.6483,1.1702,0.7537,0.5,0.5,0.7411,1.3584,0.5,0.9216,0.5116,0.5324,0.5163,0.5163,0.6077,0.7165,2.3133,0.732,0.5,0.5,0.7969,0.5,0.5329,0.7711,1.2373,0.6437,0.5,0.6959,1.2346,0.641,0.6684,0.5601,0.5015,0.5,0.8046,0.7165,1.4918,1.3825,0.7872,0.6782,2.8462,0.6918,0.6044,0.5,0.5009,1.3021,1.0796,1.3055,0.6863,1.8854,0.7024,0.5993,1.3897,0.847,1.2976,2.2764,0.9295,0.575,0.5257,1.1079,0.5,0.5064,0.5427,0.6675,1.4683,1.8774,0.7123,0.7897,0.5239,2.1177,0.7861,0.5,0.9062,1.1917,2.8072,0.816,0.6604,0.816,0.5,0.5,0.7523,1.4328,0.8106,0.532,0.5,0.5,0.5,1.9978,0.5297,3.2506,0.907,3.2506,0.5,0.5404,0.5,0.5,0.6684,0.7222,2.0548,2.0548,0.5,0.5,0.5,2.4317
Trailing Delay (bars),5,0,20,int,"Bars before trailing stop begins tightening (0 = immediate, max 7 to avoid delayed trailing)",20,17,20,20,13,20,17,20,17,17,18,18,20,20,18,9,19,20,20,13,20,20,20,20,20,17,17,18,18,18,18,16,18,20,18,17,18,20,17,20,17,15,20,12,15,20,17,19,1,18,20,11,20,17,20,20,18,19,13,18,11,18,17,8,2,20,20,14,14,14,19,11,18,14,14,19,11,20,15,14,9,20,19,18,20,20,19,12,12,15,13,12,5,6,19,20,19,14,9,19,16,18,18,18,14,19,17,12,15,14,12,18,20,19,20,18,13,20,19,20,14,0,19,14,17,0,4,17,15,20,20,14,13,19,18,11,17,18,15,19,0,11,16,19,11,19,20,19,18,19,20,15,18,18,20,16,20,13,18,14,17,13,18,20,20,17,14,20,13,17,20,19,20,19,12,12,17,19,14,18,12,20,18,17,13,11,11,13,19,20,18,12,20,20,14,14,19,19,20,17,20,14,12,15,15,20,20,14,20,17,12,10,17,20,17,20,10,16,18,16,20,17,12,16,16,18,12,13,17,8,16,17,13,15,16,19,11,19,20,18,16,16,20,20,15,16,16,16,10,19,12,18,18,5,11,19,20,6,15,20,5,20,5,20,17,17,20,17,20,14,9,18,11,20,20,16,20,20,14,1,20,20,10,6,20,10,20,20,15,3,20,0,20,0,10,5,13,20,20,20,16,20,7,13,20,20,15,20,20,20,14,10,19,18,5,20,19,18,13,14,2,19,20,19,19,19,10,14,14,7,20,18,17,20,20,19,19,15,18,14,14,13,19,19,11,15,20,20,20,19,20,20,20,12,15,20,16,19,14,8,20,20,20,20,20,16,19,16,20,9,18,20,17,13,17,13,20,6,13,12,20,20,16,20,19,11,19,19,18,10,20,19,13,14,16,13,20,20,20,15,19,17,19,20,13,10,20,20,19,20,20,7,11,20,20,19,14,15,15,20,15,13,19,19,16,19,20,14,15,19,4,18,15,19,9,20,20,18,0,19,0,17,9,20,17,17,18,13,19,20,15,20,14,0,19,20,20,12,7,20,2,12,19,9,20,20,15,20,20,20,0,17,20,15,9,20,13,20,15,13,5,20,20,15,12,19,11,20,15,20,17,9,14,17,15,7,20,16,13,16,14,17,9,20,10,17,8,10,20,6,10,14,14,16,20,20,16,16,17,4,19,0,19,15,12,17,13,15,12,17,20,18,20,16,19,20,14,20,15,16,15,17,20,6,13,13,18,14,18,16,17,14,13,10,16,14,18,20,15,14,20,20,19,18,18,20,19,20,13,17,12,10,10,20,16,20,17,20,20,19,14,16,19,20,20,19,19,20,15,18,13,20,20,19,13,19,9,20,9,9,9,0,14,17,4,15,13,17,20,11,9,15,17,17,9,14,17,18,9,11,10,1,18,18,6,5,17,19,16,8,20,19,20,20,17,20,15,14,20,13,20,10,20,20,18,18,16,20,20,19,14,14,20,19,20,15,14,14,15,20,20,15,14,2,9,19,14,12,18,8,20,17,18,5,19,19,12,9,16,16,14,12,13,12,19,17,14,17,13,15,20,18,9,12,20,16,17,20,20,4,11,17,20,7,17,17,14,19,20,7,20,20,18,13,16,19,9,20,20,20,5,16,14,20,16,17,20,19,19,17,17,16,19,17,20,16,20,17,17,13,17,20,20,14,20,20,20,19,17,12,15,17,17,19,20,12,13,20,7,17,20,20,17,13,8,9,20,20,11,20,20,19,17,20,19,16,15,15,15,14,15,1,15,1,12,16,18,15,19,19,20,20,15,15,15,9
=== GA CRITERIA ===,,,,,,,,,,,,,,,,,,,,,,,,,,,,,,,,,,,,,,,,,,,,,,,,,,,,,,,,,,,,,,,,,,,,,,,,,,,,,,,,,,,,,,,,,,,,,,,,,,,,,,,,,,,,,,,,,,,,,,,,,,,,,,,,,,,,,,,,,,,,,,,,,,,,,,,,,,,,,,,,,,,,,,,,,,,,,,,,,,,,,,,,,,,,,,,,,,,,,,,,,,,,,,,,,,,,,,,,,,,,,,,,,,,,,,,,,,,,,,,,,,,,,,,,,,,,,,,,,,,,,,,,,,,,,,,,,,,,,,,,,,,,,,,,,,,,,,,,,,,,,,,,,,,,,,,,,,,,,,,,,,,,,,,,,,,,,,,,,,,,,,,,,,,,,,,,,,,,,,,,,,,,,,,,,,,,,,,,,,,,,,,,,,,,,,,,,,,,,,,,,,,,,,,,,,,,,,,,,,,,,,,,,,,,,,,,,,,,,,,,,,,,,,,,,,,,,,,,,,,,,,,,,,,,,,,,,,,,,,,,,,,,,,,,,,,,,,,,,,,,,,,,,,,,,,,,,,,,,,,,,,,,,,,,,,,,,,,,,,,,,,,,,,,,,,,,,,,,,,,,,,,,,,,,,,,,,,,,,,,,,,,,,,,,,,,,,,,,,,,,,,,,,,,,,,,,,,,,,,,,,,,,,,,,,,,,,,,,,,,,,,,,,,,,,,,,,,,,,,,,,,,,,,,,,,,,,,,,,,,,,,,,,,,,,,,,,,,,,,,,,,,,,,,,,,,,,,,,,,,,,,,,,,,,,,,,,,,,,,,,,,,,,,,,,,,,,,,,,,,,,,,,,,,,,,,,,,,,,,,,,,,,,,,,,,,,,,,,,,,,,
POP_SIZE,150,100,150,int,Population size - reduced to prevent overfitting,,,,,,,,,,,,,,,,,,,,,,,,,,,,,,,,,,,,,,,,,,,,,,,,,,,,,,,,,,,,,,,,,,,,,,,,,,,,,,,,,,,,,,,,,,,,,,,,,,,,,,,,,,,,,,,,,,,,,,,,,,,,,,,,,,,,,,,,,,,,,,,,,,,,,,,,,,,,,,,,,,,,,,,,,,,,,,,,,,,,,,,,,,,,,,,,,,,,,,,,,,,,,,,,,,,,,,,,,,,,,,,,,,,,,,,,,,,,,,,,,,,,,,,,,,,,,,,,,,,,,,,,,,,,,,,,,,,,,,,,,,,,,,,,,,,,,,,,,,,,,,,,,,,,,,,,,,,,,,,,,,,,,,,,,,,,,,,,,,,,,,,,,,,,,,,,,,,,,,,,,,,,,,,,,,,,,,,,,,,,,,,,,,,,,,,,,,,,,,,,,,,,,,,,,,,,,,,,,,,,,,,,,,,,,,,,,,,,,,,,,,,,,,,,,,,,,,,,,,,,,,,,,,,,,,,,,,,,,,,,,,,,,,,,,,,,,,,,,,,,,,,,,,,,,,,,,,,,,,,,,,,,,,,,,,,,,,,,,,,,,,,,,,,,,,,,,,,,,,,,,,,,,,,,,,,,,,,,,,,,,,,,,,,,,,,,,,,,,,,,,,,,,,,,,,,,,,,,,,,,,,,,,,,,,,,,,,,,,,,,,,,,,,,,,,,,,,,,,,,,,,,,,,,,,,,,,,,,,,,,,,,,,,,,,,,,,,,,,,,,,,,,,,,,,,,,,,,,,,,,,,,,,,,,,,,,,,,,,,,,,,,,,,,,,,,,,,,,,,,,,,,,,,,,,,,,,,,,,,,,,,,,,,,,,,,,,,,,
NUM_GEN,100,50,75,int,Number of generations - reduced to prevent overfitting,,,,,,,,,,,,,,,,,,,,,,,,,,,,,,,,,,,,,,,,,,,,,,,,,,,,,,,,,,,,,,,,,,,,,,,,,,,,,,,,,,,,,,,,,,,,,,,,,,,,,,,,,,,,,,,,,,,,,,,,,,,,,,,,,,,,,,,,,,,,,,,,,,,,,,,,,,,,,,,,,,,,,,,,,,,,,,,,,,,,,,,,,,,,,,,,,,,,,,,,,,,,,,,,,,,,,,,,,,,,,,,,,,,,,,,,,,,,,,,,,,,,,,,,,,,,,,,,,,,,,,,,,,,,,,,,,,,,,,,,,,,,,,,,,,,,,,,,,,,,,,,,,,,,,,,,,,,,,,,,,,,,,,,,,,,,,,,,,,,,,,,,,,,,,,,,,,,,,,,,,,,,,,,,,,,,,,,,,,,,,,,,,,,,,,,,,,,,,,,,,,,,,,,,,,,,,,,,,,,,,,,,,,,,,,,,,,,,,,,,,,,,,,,,,,,,,,,,,,,,,,,,,,,,,,,,,,,,,,,,,,,,,,,,,,,,,,,,,,,,,,,,,,,,,,,,,,,,,,,,,,,,,,,,,,,,,,,,,,,,,,,,,,,,,,,,,,,,,,,,,,,,,,,,,,,,,,,,,,,,,,,,,,,,,,,,,,,,,,,,,,,,,,,,,,,,,,,,,,,,,,,,,,,,,,,,,,,,,,,,,,,,,,,,,,,,,,,,,,,,,,,,,,,,,,,,,,,,,,,,,,,,,,,,,,,,,,,,,,,,,,,,,,,,,,,,,,,,,,,,,,,,,,,,,,,,,,,,,,,,,,,,,,,,,,,,,,,,,,,,,,,,,,,,,,,,,,,,,,,,,,,,,,,,,,,,,,,,
CX_PB,0.7,0.5,0.9,float,Crossover probability,,,,,,,,,,,,,,,,,,,,,,,,,,,,,,,,,,,,,,,,,,,,,,,,,,,,,,,,,,,,,,,,,,,,,,,,,,,,,,,,,,,,,,,,,,,,,,,,,,,,,,,,,,,,,,,,,,,,,,,,,,,,,,,,,,,,,,,,,,,,,,,,,,,,,,,,,,,,,,,,,,,,,,,,,,,,,,,,,,,,,,,,,,,,,,,,,,,,,,,,,,,,,,,,,,,,,,,,,,,,,,,,,,,,,,,,,,,,,,,,,,,,,,,,,,,,,,,,,,,,,,,,,,,,,,,,,,,,,,,,,,,,,,,,,,,,,,,,,,,,,,,,,,,,,,,,,,,,,,,,,,,,,,,,,,,,,,,,,,,,,,,,,,,,,,,,,,,,,,,,,,,,,,,,,,,,,,,,,,,,,,,,,,,,,,,,,,,,,,,,,,,,,,,,,,,,,,,,,,,,,,,,,,,,,,,,,,,,,,,,,,,,,,,,,,,,,,,,,,,,,,,,,,,,,,,,,,,,,,,,,,,,,,,,,,,,,,,,,,,,,,,,,,,,,,,,,,,,,,,,,,,,,,,,,,,,,,,,,,,,,,,,,,,,,,,,,,,,,,,,,,,,,,,,,,,,,,,,,,,,,,,,,,,,,,,,,,,,,,,,,,,,,,,,,,,,,,,,,,,,,,,,,,,,,,,,,,,,,,,,,,,,,,,,,,,,,,,,,,,,,,,,,,,,,,,,,,,,,,,,,,,,,,,,,,,,,,,,,,,,,,,,,,,,,,,,,,,,,,,,,,,,,,,,,,,,,,,,,,,,,,,,,,,,,,,,,,,,,,,,,,,,,,,,,,,,,,,,,,,,,,,,,,,,,,,,,,,,
MUT_PB,0.4,0.2,0.5,float,Mutation probability (increased from 0.35 for more exploration),,,,,,,,,,,,,,,,,,,,,,,,,,,,,,,,,,,,,,,,,,,,,,,,,,,,,,,,,,,,,,,,,,,,,,,,,,,,,,,,,,,,,,,,,,,,,,,,,,,,,,,,,,,,,,,,,,,,,,,,,,,,,,,,,,,,,,,,,,,,,,,,,,,,,,,,,,,,,,,,,,,,,,,,,,,,,,,,,,,,,,,,,,,,,,,,,,,,,,,,,,,,,,,,,,,,,,,,,,,,,,,,,,,,,,,,,,,,,,,,,,,,,,,,,,,,,,,,,,,,,,,,,,,,,,,,,,,,,,,,,,,,,,,,,,,,,,,,,,,,,,,,,,,,,,,,,,,,,,,,,,,,,,,,,,,,,,,,,,,,,,,,,,,,,,,,,,,,,,,,,,,,,,,,,,,,,,,,,,,,,,,,,,,,,,,,,,,,,,,,,,,,,,,,,,,,,,,,,,,,,,,,,,,,,,,,,,,,,,,,,,,,,,,,,,,,,,,,,,,,,,,,,,,,,,,,,,,,,,,,,,,,,,,,,,,,,,,,,,,,,,,,,,,,,,,,,,,,,,,,,,,,,,,,,,,,,,,,,,,,,,,,,,,,,,,,,,,,,,,,,,,,,,,,,,,,,,,,,,,,,,,,,,,,,,,,,,,,,,,,,,,,,,,,,,,,,,,,,,,,,,,,,,,,,,,,,,,,,,,,,,,,,,,,,,,,,,,,,,,,,,,,,,,,,,,,,,,,,,,,,,,,,,,,,,,,,,,,,,,,,,,,,,,,,,,,,,,,,,,,,,,,,,,,,,,,,,,,,,,,,,,,,,,,,,,,,,,,,,,,,,,,,,,,,,,,,,,,,,,,,,,,,,,,,,,,,,,,
MUT_MU,0,-1,1,float,Mutation mean,,,,,,,,,,,,,,,,,,,,,,,,,,,,,,,,,,,,,,,,,,,,,,,,,,,,,,,,,,,,,,,,,,,,,,,,,,,,,,,,,,,,,,,,,,,,,,,,,,,,,,,,,,,,,,,,,,,,,,,,,,,,,,,,,,,,,,,,,,,,,,,,,,,,,,,,,,,,,,,,,,,,,,,,,,,,,,,,,,,,,,,,,,,,,,,,,,,,,,,,,,,,,,,,,,,,,,,,,,,,,,,,,,,,,,,,,,,,,,,,,,,,,,,,,,,,,,,,,,,,,,,,,,,,,,,,,,,,,,,,,,,,,,,,,,,,,,,,,,,,,,,,,,,,,,,,,,,,,,,,,,,,,,,,,,,,,,,,,,,,,,,,,,,,,,,,,,,,,,,,,,,,,,,,,,,,,,,,,,,,,,,,,,,,,,,,,,,,,,,,,,,,,,,,,,,,,,,,,,,,,,,,,,,,,,,,,,,,,,,,,,,,,,,,,,,,,,,,,,,,,,,,,,,,,,,,,,,,,,,,,,,,,,,,,,,,,,,,,,,,,,,,,,,,,,,,,,,,,,,,,,,,,,,,,,,,,,,,,,,,,,,,,,,,,,,,,,,,,,,,,,,,,,,,,,,,,,,,,,,,,,,,,,,,,,,,,,,,,,,,,,,,,,,,,,,,,,,,,,,,,,,,,,,,,,,,,,,,,,,,,,,,,,,,,,,,,,,,,,,,,,,,,,,,,,,,,,,,,,,,,,,,,,,,,,,,,,,,,,,,,,,,,,,,,,,,,,,,,,,,,,,,,,,,,,,,,,,,,,,,,,,,,,,,,,,,,,,,,,,,,,,,,,,,,,,,,,,,,,,,,,,,,,,,,,,,,,,,
MUT_SIGMA,0.25,0.1,0.4,float,Mutation std dev,,,,,,,,,,,,,,,,,,,,,,,,,,,,,,,,,,,,,,,,,,,,,,,,,,,,,,,,,,,,,,,,,,,,,,,,,,,,,,,,,,,,,,,,,,,,,,,,,,,,,,,,,,,,,,,,,,,,,,,,,,,,,,,,,,,,,,,,,,,,,,,,,,,,,,,,,,,,,,,,,,,,,,,,,,,,,,,,,,,,,,,,,,,,,,,,,,,,,,,,,,,,,,,,,,,,,,,,,,,,,,,,,,,,,,,,,,,,,,,,,,,,,,,,,,,,,,,,,,,,,,,,,,,,,,,,,,,,,,,,,,,,,,,,,,,,,,,,,,,,,,,,,,,,,,,,,,,,,,,,,,,,,,,,,,,,,,,,,,,,,,,,,,,,,,,,,,,,,,,,,,,,,,,,,,,,,,,,,,,,,,,,,,,,,,,,,,,,,,,,,,,,,,,,,,,,,,,,,,,,,,,,,,,,,,,,,,,,,,,,,,,,,,,,,,,,,,,,,,,,,,,,,,,,,,,,,,,,,,,,,,,,,,,,,,,,,,,,,,,,,,,,,,,,,,,,,,,,,,,,,,,,,,,,,,,,,,,,,,,,,,,,,,,,,,,,,,,,,,,,,,,,,,,,,,,,,,,,,,,,,,,,,,,,,,,,,,,,,,,,,,,,,,,,,,,,,,,,,,,,,,,,,,,,,,,,,,,,,,,,,,,,,,,,,,,,,,,,,,,,,,,,,,,,,,,,,,,,,,,,,,,,,,,,,,,,,,,,,,,,,,,,,,,,,,,,,,,,,,,,,,,,,,,,,,,,,,,,,,,,,,,,,,,,,,,,,,,,,,,,,,,,,,,,,,,,,,,,,,,,,,,,,,,,,,,,,,,,
TARGET_TRADES_DAY,5,1,4,int,Ideal trades/day - reduced to be more realistic for combined filters,,,,,,,,,,,,,,,,,,,,,,,,,,,,,,,,,,,,,,,,,,,,,,,,,,,,,,,,,,,,,,,,,,,,,,,,,,,,,,,,,,,,,,,,,,,,,,,,,,,,,,,,,,,,,,,,,,,,,,,,,,,,,,,,,,,,,,,,,,,,,,,,,,,,,,,,,,,,,,,,,,,,,,,,,,,,,,,,,,,,,,,,,,,,,,,,,,,,,,,,,,,,,,,,,,,,,,,,,,,,,,,,,,,,,,,,,,,,,,,,,,,,,,,,,,,,,,,,,,,,,,,,,,,,,,,,,,,,,,,,,,,,,,,,,,,,,,,,,,,,,,,,,,,,,,,,,,,,,,,,,,,,,,,,,,,,,,,,,,,,,,,,,,,,,,,,,,,,,,,,,,,,,,,,,,,,,,,,,,,,,,,,,,,,,,,,,,,,,,,,,,,,,,,,,,,,,,,,,,,,,,,,,,,,,,,,,,,,,,,,,,,,,,,,,,,,,,,,,,,,,,,,,,,,,,,,,,,,,,,,,,,,,,,,,,,,,,,,,,,,,,,,,,,,,,,,,,,,,,,,,,,,,,,,,,,,,,,,,,,,,,,,,,,,,,,,,,,,,,,,,,,,,,,,,,,,,,,,,,,,,,,,,,,,,,,,,,,,,,,,,,,,,,,,,,,,,,,,,,,,,,,,,,,,,,,,,,,,,,,,,,,,,,,,,,,,,,,,,,,,,,,,,,,,,,,,,,,,,,,,,,,,,,,,,,,,,,,,,,,,,,,,,,,,,,,,,,,,,,,,,,,,,,,,,,,,,,,,,,,,,,,,,,,,,,,,,,,,,,,,,,,,,,,,,,,,,,,,,,,,,,,,,,,,,,,,,,,,
TRADES_PENALTY_WEIGHT,0.3,0.1,0.8,float,Penalty for excess trades - reduced to be less restrictive,,,,,,,,,,,,,,,,,,,,,,,,,,,,,,,,,,,,,,,,,,,,,,,,,,,,,,,,,,,,,,,,,,,,,,,,,,,,,,,,,,,,,,,,,,,,,,,,,,,,,,,,,,,,,,,,,,,,,,,,,,,,,,,,,,,,,,,,,,,,,,,,,,,,,,,,,,,,,,,,,,,,,,,,,,,,,,,,,,,,,,,,,,,,,,,,,,,,,,,,,,,,,,,,,,,,,,,,,,,,,,,,,,,,,,,,,,,,,,,,,,,,,,,,,,,,,,,,,,,,,,,,,,,,,,,,,,,,,,,,,,,,,,,,,,,,,,,,,,,,,,,,,,,,,,,,,,,,,,,,,,,,,,,,,,,,,,,,,,,,,,,,,,,,,,,,,,,,,,,,,,,,,,,,,,,,,,,,,,,,,,,,,,,,,,,,,,,,,,,,,,,,,,,,,,,,,,,,,,,,,,,,,,,,,,,,,,,,,,,,,,,,,,,,,,,,,,,,,,,,,,,,,,,,,,,,,,,,,,,,,,,,,,,,,,,,,,,,,,,,,,,,,,,,,,,,,,,,,,,,,,,,,,,,,,,,,,,,,,,,,,,,,,,,,,,,,,,,,,,,,,,,,,,,,,,,,,,,,,,,,,,,,,,,,,,,,,,,,,,,,,,,,,,,,,,,,,,,,,,,,,,,,,,,,,,,,,,,,,,,,,,,,,,,,,,,,,,,,,,,,,,,,,,,,,,,,,,,,,,,,,,,,,,,,,,,,,,,,,,,,,,,,,,,,,,,,,,,,,,,,,,,,,,,,,,,,,,,,,,,,,,,,,,,,,,,,,,,,,,,,,,,,,,,,,,,,,,,,,,,,,,,,,,,,,,,,,,,
DD_WEIGHT,0.5,0.2,0.8,float,Drawdown penalty weight - increased to prioritize risk management,,,,,,,,,,,,,,,,,,,,,,,,,,,,,,,,,,,,,,,,,,,,,,,,,,,,,,,,,,,,,,,,,,,,,,,,,,,,,,,,,,,,,,,,,,,,,,,,,,,,,,,,,,,,,,,,,,,,,,,,,,,,,,,,,,,,,,,,,,,,,,,,,,,,,,,,,,,,,,,,,,,,,,,,,,,,,,,,,,,,,,,,,,,,,,,,,,,,,,,,,,,,,,,,,,,,,,,,,,,,,,,,,,,,,,,,,,,,,,,,,,,,,,,,,,,,,,,,,,,,,,,,,,,,,,,,,,,,,,,,,,,,,,,,,,,,,,,,,,,,,,,,,,,,,,,,,,,,,,,,,,,,,,,,,,,,,,,,,,,,,,,,,,,,,,,,,,,,,,,,,,,,,,,,,,,,,,,,,,,,,,,,,,,,,,,,,,,,,,,,,,,,,,,,,,,,,,,,,,,,,,,,,,,,,,,,,,,,,,,,,,,,,,,,,,,,,,,,,,,,,,,,,,,,,,,,,,,,,,,,,,,,,,,,,,,,,,,,,,,,,,,,,,,,,,,,,,,,,,,,,,,,,,,,,,,,,,,,,,,,,,,,,,,,,,,,,,,,,,,,,,,,,,,,,,,,,,,,,,,,,,,,,,,,,,,,,,,,,,,,,,,,,,,,,,,,,,,,,,,,,,,,,,,,,,,,,,,,,,,,,,,,,,,,,,,,,,,,,,,,,,,,,,,,,,,,,,,,,,,,,,,,,,,,,,,,,,,,,,,,,,,,,,,,,,,,,,,,,,,,,,,,,,,,,,,,,,,,,,,,,,,,,,,,,,,,,,,,,,,,,,,,,,,,,,,,,,,,,,,,,,,,,,,,,,,,,,,,
DATA_SPLITS,0.65,0.6,0.7,float,In-sample fraction per period - 60-70% for better generalization (30-40% OOS),,,,,,,,,,,,,,,,,,,,,,,,,,,,,,,,,,,,,,,,,,,,,,,,,,,,,,,,,,,,,,,,,,,,,,,,,,,,,,,,,,,,,,,,,,,,,,,,,,,,,,,,,,,,,,,,,,,,,,,,,,,,,,,,,,,,,,,,,,,,,,,,,,,,,,,,,,,,,,,,,,,,,,,,,,,,,,,,,,,,,,,,,,,,,,,,,,,,,,,,,,,,,,,,,,,,,,,,,,,,,,,,,,,,,,,,,,,,,,,,,,,,,,,,,,,,,,,,,,,,,,,,,,,,,,,,,,,,,,,,,,,,,,,,,,,,,,,,,,,,,,,,,,,,,,,,,,,,,,,,,,,,,,,,,,,,,,,,,,,,,,,,,,,,,,,,,,,,,,,,,,,,,,,,,,,,,,,,,,,,,,,,,,,,,,,,,,,,,,,,,,,,,,,,,,,,,,,,,,,,,,,,,,,,,,,,,,,,,,,,,,,,,,,,,,,,,,,,,,,,,,,,,,,,,,,,,,,,,,,,,,,,,,,,,,,,,,,,,,,,,,,,,,,,,,,,,,,,,,,,,,,,,,,,,,,,,,,,,,,,,,,,,,,,,,,,,,,,,,,,,,,,,,,,,,,,,,,,,,,,,,,,,,,,,,,,,,,,,,,,,,,,,,,,,,,,,,,,,,,,,,,,,,,,,,,,,,,,,,,,,,,,,,,,,,,,,,,,,,,,,,,,,,,,,,,,,,,,,,,,,,,,,,,,,,,,,,,,,,,,,,,,,,,,,,,,,,,,,,,,,,,,,,,,,,,,,,,,,,,,,,,,,,,,,,,,,,,,,,,,,,,,,,,,,,,,,,,,,,,,,,,,,,,,,,,,,,,,
DATA_SIZE,0,0,10000000,int,Rows to subsample (0 = full dataset),,,,,,,,,,,,,,,,,,,,,,,,,,,,,,,,,,,,,,,,,,,,,,,,,,,,,,,,,,,,,,,,,,,,,,,,,,,,,,,,,,,,,,,,,,,,,,,,,,,,,,,,,,,,,,,,,,,,,,,,,,,,,,,,,,,,,,,,,,,,,,,,,,,,,,,,,,,,,,,,,,,,,,,,,,,,,,,,,,,,,,,,,,,,,,,,,,,,,,,,,,,,,,,,,,,,,,,,,,,,,,,,,,,,,,,,,,,,,,,,,,,,,,,,,,,,,,,,,,,,,,,,,,,,,,,,,,,,,,,,,,,,,,,,,,,,,,,,,,,,,,,,,,,,,,,,,,,,,,,,,,,,,,,,,,,,,,,,,,,,,,,,,,,,,,,,,,,,,,,,,,,,,,,,,,,,,,,,,,,,,,,,,,,,,,,,,,,,,,,,,,,,,,,,,,,,,,,,,,,,,,,,,,,,,,,,,,,,,,,,,,,,,,,,,,,,,,,,,,,,,,,,,,,,,,,,,,,,,,,,,,,,,,,,,,,,,,,,,,,,,,,,,,,,,,,,,,,,,,,,,,,,,,,,,,,,,,,,,,,,,,,,,,,,,,,,,,,,,,,,,,,,,,,,,,,,,,,,,,,,,,,,,,,,,,,,,,,,,,,,,,,,,,,,,,,,,,,,,,,,,,,,,,,,,,,,,,,,,,,,,,,,,,,,,,,,,,,,,,,,,,,,,,,,,,,,,,,,,,,,,,,,,,,,,,,,,,,,,,,,,,,,,,,,,,,,,,,,,,,,,,,,,,,,,,,,,,,,,,,,,,,,,,,,,,,,,,,,,,,,,,,,,,,,,,,,,,,,,,,,,,,,,,,,,,,,,,,,
USE_INTERLEAVED_SPLIT,true,false,true,bool,Use interleaved IS/OOS periods instead of single split,,,,,,,,,,,,,,,,,,,,,,,,,,,,,,,,,,,,,,,,,,,,,,,,,,,,,,,,,,,,,,,,,,,,,,,,,,,,,,,,,,,,,,,,,,,,,,,,,,,,,,,,,,,,,,,,,,,,,,,,,,,,,,,,,,,,,,,,,,,,,,,,,,,,,,,,,,,,,,,,,,,,,,,,,,,,,,,,,,,,,,,,,,,,,,,,,,,,,,,,,,,,,,,,,,,,,,,,,,,,,,,,,,,,,,,,,,,,,,,,,,,,,,,,,,,,,,,,,,,,,,,,,,,,,,,,,,,,,,,,,,,,,,,,,,,,,,,,,,,,,,,,,,,,,,,,,,,,,,,,,,,,,,,,,,,,,,,,,,,,,,,,,,,,,,,,,,,,,,,,,,,,,,,,,,,,,,,,,,,,,,,,,,,,,,,,,,,,,,,,,,,,,,,,,,,,,,,,,,,,,,,,,,,,,,,,,,,,,,,,,,,,,,,,,,,,,,,,,,,,,,,,,,,,,,,,,,,,,,,,,,,,,,,,,,,,,,,,,,,,,,,,,,,,,,,,,,,,,,,,,,,,,,,,,,,,,,,,,,,,,,,,,,,,,,,,,,,,,,,,,,,,,,,,,,,,,,,,,,,,,,,,,,,,,,,,,,,,,,,,,,,,,,,,,,,,,,,,,,,,,,,,,,,,,,,,,,,,,,,,,,,,,,,,,,,,,,,,,,,,,,,,,,,,,,,,,,,,,,,,,,,,,,,,,,,,,,,,,,,,,,,,,,,,,,,,,,,,,,,,,,,,,,,,,,,,,,,,,,,,,,,,,,,,,,,,,,,,,,,,,,,,,,,,,,,,,,,,,,,,,,,,,,,,,,,,,,,,
NUM_SPLIT_PERIODS,5,3,7,int,Number of alternating periods (IS-OOS-IS-OOS-IS) - odd number recommended,,,,,,,,,,,,,,,,,,,,,,,,,,,,,,,,,,,,,,,,,,,,,,,,,,,,,,,,,,,,,,,,,,,,,,,,,,,,,,,,,,,,,,,,,,,,,,,,,,,,,,,,,,,,,,,,,,,,,,,,,,,,,,,,,,,,,,,,,,,,,,,,,,,,,,,,,,,,,,,,,,,,,,,,,,,,,,,,,,,,,,,,,,,,,,,,,,,,,,,,,,,,,,,,,,,,,,,,,,,,,,,,,,,,,,,,,,,,,,,,,,,,,,,,,,,,,,,,,,,,,,,,,,,,,,,,,,,,,,,,,,,,,,,,,,,,,,,,,,,,,,,,,,,,,,,,,,,,,,,,,,,,,,,,,,,,,,,,,,,,,,,,,,,,,,,,,,,,,,,,,,,,,,,,,,,,,,,,,,,,,,,,,,,,,,,,,,,,,,,,,,,,,,,,,,,,,,,,,,,,,,,,,,,,,,,,,,,,,,,,,,,,,,,,,,,,,,,,,,,,,,,,,,,,,,,,,,,,,,,,,,,,,,,,,,,,,,,,,,,,,,,,,,,,,,,,,,,,,,,,,,,,,,,,,,,,,,,,,,,,,,,,,,,,,,,,,,,,,,,,,,,,,,,,,,,,,,,,,,,,,,,,,,,,,,,,,,,,,,,,,,,,,,,,,,,,,,,,,,,,,,,,,,,,,,,,,,,,,,,,,,,,,,,,,,,,,,,,,,,,,,,,,,,,,,,,,,,,,,,,,,,,,,,,,,,,,,,,,,,,,,,,,,,,,,,,,,,,,,,,,,,,,,,,,,,,,,,,,,,,,,,,,,,,,,,,,,,,,,,,,,,,,,,,,,,,,,,,,,,,,,,,,,,,,,,,,,,,
MIN_TRADES_DAY,2,0.5,2,float,MUST have at least 0.1 trades/day (approx 1 per 2 weeks) - relaxed for combined logic,,,,,,,,,,,,,,,,,,,,,,,,,,,,,,,,,,,,,,,,,,,,,,,,,,,,,,,,,,,,,,,,,,,,,,,,,,,,,,,,,,,,,,,,,,,,,,,,,,,,,,,,,,,,,,,,,,,,,,,,,,,,,,,,,,,,,,,,,,,,,,,,,,,,,,,,,,,,,,,,,,,,,,,,,,,,,,,,,,,,,,,,,,,,,,,,,,,,,,,,,,,,,,,,,,,,,,,,,,,,,,,,,,,,,,,,,,,,,,,,,,,,,,,,,,,,,,,,,,,,,,,,,,,,,,,,,,,,,,,,,,,,,,,,,,,,,,,,,,,,,,,,,,,,,,,,,,,,,,,,,,,,,,,,,,,,,,,,,,,,,,,,,,,,,,,,,,,,,,,,,,,,,,,,,,,,,,,,,,,,,,,,,,,,,,,,,,,,,,,,,,,,,,,,,,,,,,,,,,,,,,,,,,,,,,,,,,,,,,,,,,,,,,,,,,,,,,,,,,,,,,,,,,,,,,,,,,,,,,,,,,,,,,,,,,,,,,,,,,,,,,,,,,,,,,,,,,,,,,,,,,,,,,,,,,,,,,,,,,,,,,,,,,,,,,,,,,,,,,,,,,,,,,,,,,,,,,,,,,,,,,,,,,,,,,,,,,,,,,,,,,,,,,,,,,,,,,,,,,,,,,,,,,,,,,,,,,,,,,,,,,,,,,,,,,,,,,,,,,,,,,,,,,,,,,,,,,,,,,,,,,,,,,,,,,,,,,,,,,,,,,,,,,,,,,,,,,,,,,,,,,,,,,,,,,,,,,,,,,,,,,,,,,,,,,,,,,,,,,,,,,,,,,,,,,,,,,,,,,,,,,,,,,,,,,,,,,,,
MIN_TRADES_PEN_WEIGHT,-500,-200,-50,float,Scalar penalty — zero trades = -50 (Less harsh death penalty),,,,,,,,,,,,,,,,,,,,,,,,,,,,,,,,,,,,,,,,,,,,,,,,,,,,,,,,,,,,,,,,,,,,,,,,,,,,,,,,,,,,,,,,,,,,,,,,,,,,,,,,,,,,,,,,,,,,,,,,,,,,,,,,,,,,,,,,,,,,,,,,,,,,,,,,,,,,,,,,,,,,,,,,,,,,,,,,,,,,,,,,,,,,,,,,,,,,,,,,,,,,,,,,,,,,,,,,,,,,,,,,,,,,,,,,,,,,,,,,,,,,,,,,,,,,,,,,,,,,,,,,,,,,,,,,,,,,,,,,,,,,,,,,,,,,,,,,,,,,,,,,,,,,,,,,,,,,,,,,,,,,,,,,,,,,,,,,,,,,,,,,,,,,,,,,,,,,,,,,,,,,,,,,,,,,,,,,,,,,,,,,,,,,,,,,,,,,,,,,,,,,,,,,,,,,,,,,,,,,,,,,,,,,,,,,,,,,,,,,,,,,,,,,,,,,,,,,,,,,,,,,,,,,,,,,,,,,,,,,,,,,,,,,,,,,,,,,,,,,,,,,,,,,,,,,,,,,,,,,,,,,,,,,,,,,,,,,,,,,,,,,,,,,,,,,,,,,,,,,,,,,,,,,,,,,,,,,,,,,,,,,,,,,,,,,,,,,,,,,,,,,,,,,,,,,,,,,,,,,,,,,,,,,,,,,,,,,,,,,,,,,,,,,,,,,,,,,,,,,,,,,,,,,,,,,,,,,,,,,,,,,,,,,,,,,,,,,,,,,,,,,,,,,,,,,,,,,,,,,,,,,,,,,,,,,,,,,,,,,,,,,,,,,,,,,,,,,,,,,,,,,,,,,,,,,,,,,,,,,,,,,,,,,,,,,,,,,
NORM_SORTINO_MAX,10,5,20,float,Normalization range for Sortino Ratio (used in fitness calculation),,,,,,,,,,,,,,,,,,,,,,,,,,,,,,,,,,,,,,,,,,,,,,,,,,,,,,,,,,,,,,,,,,,,,,,,,,,,,,,,,,,,,,,,,,,,,,,,,,,,,,,,,,,,,,,,,,,,,,,,,,,,,,,,,,,,,,,,,,,,,,,,,,,,,,,,,,,,,,,,,,,,,,,,,,,,,,,,,,,,,,,,,,,,,,,,,,,,,,,,,,,,,,,,,,,,,,,,,,,,,,,,,,,,,,,,,,,,,,,,,,,,,,,,,,,,,,,,,,,,,,,,,,,,,,,,,,,,,,,,,,,,,,,,,,,,,,,,,,,,,,,,,,,,,,,,,,,,,,,,,,,,,,,,,,,,,,,,,,,,,,,,,,,,,,,,,,,,,,,,,,,,,,,,,,,,,,,,,,,,,,,,,,,,,,,,,,,,,,,,,,,,,,,,,,,,,,,,,,,,,,,,,,,,,,,,,,,,,,,,,,,,,,,,,,,,,,,,,,,,,,,,,,,,,,,,,,,,,,,,,,,,,,,,,,,,,,,,,,,,,,,,,,,,,,,,,,,,,,,,,,,,,,,,,,,,,,,,,,,,,,,,,,,,,,,,,,,,,,,,,,,,,,,,,,,,,,,,,,,,,,,,,,,,,,,,,,,,,,,,,,,,,,,,,,,,,,,,,,,,,,,,,,,,,,,,,,,,,,,,,,,,,,,,,,,,,,,,,,,,,,,,,,,,,,,,,,,,,,,,,,,,,,,,,,,,,,,,,,,,,,,,,,,,,,,,,,,,,,,,,,,,,,,,,,,,,,,,,,,,,,,,,,,,,,,,,,,,,,,,,,,,,,,,,,,,,,,,,,,,,,,,,,,,,,,,,,,,
NORM_DD_MAX,50000,50000,200000,float,Normalization range for Max Drawdown in dollars (used in fitness calculation),,,,,,,,,,,,,,,,,,,,,,,,,,,,,,,,,,,,,,,,,,,,,,,,,,,,,,,,,,,,,,,,,,,,,,,,,,,,,,,,,,,,,,,,,,,,,,,,,,,,,,,,,,,,,,,,,,,,,,,,,,,,,,,,,,,,,,,,,,,,,,,,,,,,,,,,,,,,,,,,,,,,,,,,,,,,,,,,,,,,,,,,,,,,,,,,,,,,,,,,,,,,,,,,,,,,,,,,,,,,,,,,,,,,,,,,,,,,,,,,,,,,,,,,,,,,,,,,,,,,,,,,,,,,,,,,,,,,,,,,,,,,,,,,,,,,,,,,,,,,,,,,,,,,,,,,,,,,,,,,,,,,,,,,,,,,,,,,,,,,,,,,,,,,,,,,,,,,,,,,,,,,,,,,,,,,,,,,,,,,,,,,,,,,,,,,,,,,,,,,,,,,,,,,,,,,,,,,,,,,,,,,,,,,,,,,,,,,,,,,,,,,,,,,,,,,,,,,,,,,,,,,,,,,,,,,,,,,,,,,,,,,,,,,,,,,,,,,,,,,,,,,,,,,,,,,,,,,,,,,,,,,,,,,,,,,,,,,,,,,,,,,,,,,,,,,,,,,,,,,,,,,,,,,,,,,,,,,,,,,,,,,,,,,,,,,,,,,,,,,,,,,,,,,,,,,,,,,,,,,,,,,,,,,,,,,,,,,,,,,,,,,,,,,,,,,,,,,,,,,,,,,,,,,,,,,,,,,,,,,,,,,,,,,,,,,,,,,,,,,,,,,,,,,,,,,,,,,,,,,,,,,,,,,,,,,,,,,,,,,,,,,,,,,,,,,,,,,,,,,,,,,,,,,,,,,,,,,,,,,,,,,,,,,,,,,,,,,
NORM_PF_MAX,5,3,10,float,Normalization range for Profit Factor (used in fitness calculation),,,,,,,,,,,,,,,,,,,,,,,,,,,,,,,,,,,,,,,,,,,,,,,,,,,,,,,,,,,,,,,,,,,,,,,,,,,,,,,,,,,,,,,,,,,,,,,,,,,,,,,,,,,,,,,,,,,,,,,,,,,,,,,,,,,,,,,,,,,,,,,,,,,,,,,,,,,,,,,,,,,,,,,,,,,,,,,,,,,,,,,,,,,,,,,,,,,,,,,,,,,,,,,,,,,,,,,,,,,,,,,,,,,,,,,,,,,,,,,,,,,,,,,,,,,,,,,,,,,,,,,,,,,,,,,,,,,,,,,,,,,,,,,,,,,,,,,,,,,,,,,,,,,,,,,,,,,,,,,,,,,,,,,,,,,,,,,,,,,,,,,,,,,,,,,,,,,,,,,,,,,,,,,,,,,,,,,,,,,,,,,,,,,,,,,,,,,,,,,,,,,,,,,,,,,,,,,,,,,,,,,,,,,,,,,,,,,,,,,,,,,,,,,,,,,,,,,,,,,,,,,,,,,,,,,,,,,,,,,,,,,,,,,,,,,,,,,,,,,,,,,,,,,,,,,,,,,,,,,,,,,,,,,,,,,,,,,,,,,,,,,,,,,,,,,,,,,,,,,,,,,,,,,,,,,,,,,,,,,,,,,,,,,,,,,,,,,,,,,,,,,,,,,,,,,,,,,,,,,,,,,,,,,,,,,,,,,,,,,,,,,,,,,,,,,,,,,,,,,,,,,,,,,,,,,,,,,,,,,,,,,,,,,,,,,,,,,,,,,,,,,,,,,,,,,,,,,,,,,,,,,,,,,,,,,,,,,,,,,,,,,,,,,,,,,,,,,,,,,,,,,,,,,,,,,,,,,,,,,,,,,,,,,,,,,,,,,,
NORM_TRADES_MAX,3,1,5,float,Normalization range for Avg Trades/Day (used in fitness calculation) - reduced to 3.0 for realistic expectations,,,,,,,,,,,,,,,,,,,,,,,,,,,,,,,,,,,,,,,,,,,,,,,,,,,,,,,,,,,,,,,,,,,,,,,,,,,,,,,,,,,,,,,,,,,,,,,,,,,,,,,,,,,,,,,,,,,,,,,,,,,,,,,,,,,,,,,,,,,,,,,,,,,,,,,,,,,,,,,,,,,,,,,,,,,,,,,,,,,,,,,,,,,,,,,,,,,,,,,,,,,,,,,,,,,,,,,,,,,,,,,,,,,,,,,,,,,,,,,,,,,,,,,,,,,,,,,,,,,,,,,,,,,,,,,,,,,,,,,,,,,,,,,,,,,,,,,,,,,,,,,,,,,,,,,,,,,,,,,,,,,,,,,,,,,,,,,,,,,,,,,,,,,,,,,,,,,,,,,,,,,,,,,,,,,,,,,,,,,,,,,,,,,,,,,,,,,,,,,,,,,,,,,,,,,,,,,,,,,,,,,,,,,,,,,,,,,,,,,,,,,,,,,,,,,,,,,,,,,,,,,,,,,,,,,,,,,,,,,,,,,,,,,,,,,,,,,,,,,,,,,,,,,,,,,,,,,,,,,,,,,,,,,,,,,,,,,,,,,,,,,,,,,,,,,,,,,,,,,,,,,,,,,,,,,,,,,,,,,,,,,,,,,,,,,,,,,,,,,,,,,,,,,,,,,,,,,,,,,,,,,,,,,,,,,,,,,,,,,,,,,,,,,,,,,,,,,,,,,,,,,,,,,,,,,,,,,,,,,,,,,,,,,,,,,,,,,,,,,,,,,,,,,,,,,,,,,,,,,,,,,,,,,,,,,,,,,,,,,,,,,,,,,,,,,,,,,,,,,,,,,,,,,,,,,,,,,,,,,,,,,,,,,,,,,,,,,,
NORM_PNL_MAX,600000,100000,1000000,float,Normalization range for Total Profit in dollars (used in fitness calculation) - increased to prevent maxing out,,,,,,,,,,,,,,,,,,,,,,,,,,,,,,,,,,,,,,,,,,,,,,,,,,,,,,,,,,,,,,,,,,,,,,,,,,,,,,,,,,,,,,,,,,,,,,,,,,,,,,,,,,,,,,,,,,,,,,,,,,,,,,,,,,,,,,,,,,,,,,,,,,,,,,,,,,,,,,,,,,,,,,,,,,,,,,,,,,,,,,,,,,,,,,,,,,,,,,,,,,,,,,,,,,,,,,,,,,,,,,,,,,,,,,,,,,,,,,,,,,,,,,,,,,,,,,,,,,,,,,,,,,,,,,,,,,,,,,,,,,,,,,,,,,,,,,,,,,,,,,,,,,,,,,,,,,,,,,,,,,,,,,,,,,,,,,,,,,,,,,,,,,,,,,,,,,,,,,,,,,,,,,,,,,,,,,,,,,,,,,,,,,,,,,,,,,,,,,,,,,,,,,,,,,,,,,,,,,,,,,,,,,,,,,,,,,,,,,,,,,,,,,,,,,,,,,,,,,,,,,,,,,,,,,,,,,,,,,,,,,,,,,,,,,,,,,,,,,,,,,,,,,,,,,,,,,,,,,,,,,,,,,,,,,,,,,,,,,,,,,,,,,,,,,,,,,,,,,,,,,,,,,,,,,,,,,,,,,,,,,,,,,,,,,,,,,,,,,,,,,,,,,,,,,,,,,,,,,,,,,,,,,,,,,,,,,,,,,,,,,,,,,,,,,,,,,,,,,,,,,,,,,,,,,,,,,,,,,,,,,,,,,,,,,,,,,,,,,,,,,,,,,,,,,,,,,,,,,,,,,,,,,,,,,,,,,,,,,,,,,,,,,,,,,,,,,,,,,,,,,,,,,,,,,,,,,,,,,,,,,,,,,,,,,,,,,,,
NORM_PROFIT_TRADE_MAX,100,100,500,float,Normalization range for Avg Profit Per Trade (used in fitness calculation),,,,,,,,,,,,,,,,,,,,,,,,,,,,,,,,,,,,,,,,,,,,,,,,,,,,,,,,,,,,,,,,,,,,,,,,,,,,,,,,,,,,,,,,,,,,,,,,,,,,,,,,,,,,,,,,,,,,,,,,,,,,,,,,,,,,,,,,,,,,,,,,,,,,,,,,,,,,,,,,,,,,,,,,,,,,,,,,,,,,,,,,,,,,,,,,,,,,,,,,,,,,,,,,,,,,,,,,,,,,,,,,,,,,,,,,,,,,,,,,,,,,,,,,,,,,,,,,,,,,,,,,,,,,,,,,,,,,,,,,,,,,,,,,,,,,,,,,,,,,,,,,,,,,,,,,,,,,,,,,,,,,,,,,,,,,,,,,,,,,,,,,,,,,,,,,,,,,,,,,,,,,,,,,,,,,,,,,,,,,,,,,,,,,,,,,,,,,,,,,,,,,,,,,,,,,,,,,,,,,,,,,,,,,,,,,,,,,,,,,,,,,,,,,,,,,,,,,,,,,,,,,,,,,,,,,,,,,,,,,,,,,,,,,,,,,,,,,,,,,,,,,,,,,,,,,,,,,,,,,,,,,,,,,,,,,,,,,,,,,,,,,,,,,,,,,,,,,,,,,,,,,,,,,,,,,,,,,,,,,,,,,,,,,,,,,,,,,,,,,,,,,,,,,,,,,,,,,,,,,,,,,,,,,,,,,,,,,,,,,,,,,,,,,,,,,,,,,,,,,,,,,,,,,,,,,,,,,,,,,,,,,,,,,,,,,,,,,,,,,,,,,,,,,,,,,,,,,,,,,,,,,,,,,,,,,,,,,,,,,,,,,,,,,,,,,,,,,,,,,,,,,,,,,,,,,,,,,,,,,,,,,,,,,,,,,,,,,
MIN_WIN_RATE,0.4,0.3,0.5,float,Minimum win rate threshold (hard constraint - strategies below this are eliminated),,,,,,,,,,,,,,,,,,,,,,,,,,,,,,,,,,,,,,,,,,,,,,,,,,,,,,,,,,,,,,,,,,,,,,,,,,,,,,,,,,,,,,,,,,,,,,,,,,,,,,,,,,,,,,,,,,,,,,,,,,,,,,,,,,,,,,,,,,,,,,,,,,,,,,,,,,,,,,,,,,,,,,,,,,,,,,,,,,,,,,,,,,,,,,,,,,,,,,,,,,,,,,,,,,,,,,,,,,,,,,,,,,,,,,,,,,,,,,,,,,,,,,,,,,,,,,,,,,,,,,,,,,,,,,,,,,,,,,,,,,,,,,,,,,,,,,,,,,,,,,,,,,,,,,,,,,,,,,,,,,,,,,,,,,,,,,,,,,,,,,,,,,,,,,,,,,,,,,,,,,,,,,,,,,,,,,,,,,,,,,,,,,,,,,,,,,,,,,,,,,,,,,,,,,,,,,,,,,,,,,,,,,,,,,,,,,,,,,,,,,,,,,,,,,,,,,,,,,,,,,,,,,,,,,,,,,,,,,,,,,,,,,,,,,,,,,,,,,,,,,,,,,,,,,,,,,,,,,,,,,,,,,,,,,,,,,,,,,,,,,,,,,,,,,,,,,,,,,,,,,,,,,,,,,,,,,,,,,,,,,,,,,,,,,,,,,,,,,,,,,,,,,,,,,,,,,,,,,,,,,,,,,,,,,,,,,,,,,,,,,,,,,,,,,,,,,,,,,,,,,,,,,,,,,,,,,,,,,,,,,,,,,,,,,,,,,,,,,,,,,,,,,,,,,,,,,,,,,,,,,,,,,,,,,,,,,,,,,,,,,,,,,,,,,,,,,,,,,,,,,,,,,,,,,,,,,,,,,,,,,,,,,,,,,,,,,,,
SORTINO_CAP,10,5,20,float,Maximum Sortino value before capping (prevents unrealistic values),,,,,,,,,,,,,,,,,,,,,,,,,,,,,,,,,,,,,,,,,,,,,,,,,,,,,,,,,,,,,,,,,,,,,,,,,,,,,,,,,,,,,,,,,,,,,,,,,,,,,,,,,,,,,,,,,,,,,,,,,,,,,,,,,,,,,,,,,,,,,,,,,,,,,,,,,,,,,,,,,,,,,,,,,,,,,,,,,,,,,,,,,,,,,,,,,,,,,,,,,,,,,,,,,,,,,,,,,,,,,,,,,,,,,,,,,,,,,,,,,,,,,,,,,,,,,,,,,,,,,,,,,,,,,,,,,,,,,,,,,,,,,,,,,,,,,,,,,,,,,,,,,,,,,,,,,,,,,,,,,,,,,,,,,,,,,,,,,,,,,,,,,,,,,,,,,,,,,,,,,,,,,,,,,,,,,,,,,,,,,,,,,,,,,,,,,,,,,,,,,,,,,,,,,,,,,,,,,,,,,,,,,,,,,,,,,,,,,,,,,,,,,,,,,,,,,,,,,,,,,,,,,,,,,,,,,,,,,,,,,,,,,,,,,,,,,,,,,,,,,,,,,,,,,,,,,,,,,,,,,,,,,,,,,,,,,,,,,,,,,,,,,,,,,,,,,,,,,,,,,,,,,,,,,,,,,,,,,,,,,,,,,,,,,,,,,,,,,,,,,,,,,,,,,,,,,,,,,,,,,,,,,,,,,,,,,,,,,,,,,,,,,,,,,,,,,,,,,,,,,,,,,,,,,,,,,,,,,,,,,,,,,,,,,,,,,,,,,,,,,,,,,,,,,,,,,,,,,,,,,,,,,,,,,,,,,,,,,,,,,,,,,,,,,,,,,,,,,,,,,,,,,,,,,,,,,,,,,,,,,,,,,,,,,,,,,,,,
=== SOLUTION STATISTICS ===,,,,,,,,,,,,,,,,,,,,,,,,,,,,,,,,,,,,,,,,,,,,,,,,,,,,,,,,,,,,,,,,,,,,,,,,,,,,,,,,,,,,,,,,,,,,,,,,,,,,,,,,,,,,,,,,,,,,,,,,,,,,,,,,,,,,,,,,,,,,,,,,,,,,,,,,,,,,,,,,,,,,,,,,,,,,,,,,,,,,,,,,,,,,,,,,,,,,,,,,,,,,,,,,,,,,,,,,,,,,,,,,,,,,,,,,,,,,,,,,,,,,,,,,,,,,,,,,,,,,,,,,,,,,,,,,,,,,,,,,,,,,,,,,,,,,,,,,,,,,,,,,,,,,,,,,,,,,,,,,,,,,,,,,,,,,,,,,,,,,,,,,,,,,,,,,,,,,,,,,,,,,,,,,,,,,,,,,,,,,,,,,,,,,,,,,,,,,,,,,,,,,,,,,,,,,,,,,,,,,,,,,,,,,,,,,,,,,,,,,,,,,,,,,,,,,,,,,,,,,,,,,,,,,,,,,,,,,,,,,,,,,,,,,,,,,,,,,,,,,,,,,,,,,,,,,,,,,,,,,,,,,,,,,,,,,,,,,,,,,,,,,,,,,,,,,,,,,,,,,,,,,,,,,,,,,,,,,,,,,,,,,,,,,,,,,,,,,,,,,,,,,,,,,,,,,,,,,,,,,,,,,,,,,,,,,,,,,,,,,,,,,,,,,,,,,,,,,,,,,,,,,,,,,,,,,,,,,,,,,,,,,,,,,,,,,,,,,,,,,,,,,,,,,,,,,,,,,,,,,,,,,,,,,,,,,,,,,,,,,,,,,,,,,,,,,,,,,,,,,,,,,,,,,,,,,,,,,,,,,,,,,,,,,,,,,,,,,,,,,,
Sortino Ratio,,,,statistic,Sortino Ratio for each solution,0.6757,0.6674,0.6633,0.6545,0.6512,0.6485,0.6408,0.6368,0.6358,0.6358,0.6208,0.6049,0.6030,0.5932,0.5920,0.5876,0.5855,0.5684,0.5629,0.5625,0.5589,0.5586,0.5585,0.5558,0.5546,0.5538,0.5525,0.5507,0.5424,0.5397,0.5354,0.5210,0.5162,0.5084,0.5046,0.5019,0.4924,0.4867,0.4837,0.4820,0.4816,0.4812,0.4740,0.4730,0.4685,0.4610,0.4603,0.4572,0.4569,0.4519,0.4499,0.4471,0.4466,0.4443,0.4432,0.4432,0.4429,0.4418,0.4402,0.4398,0.4322,0.4319,0.4318,0.4310,0.4303,0.4285,0.4277,0.4276,0.4276,0.4276,0.4260,0.4254,0.4244,0.4239,0.4237,0.4231,0.4230,0.4214,0.4195,0.4195,0.4195,0.4172,0.4170,0.4162,0.4160,0.4144,0.4141,0.4138,0.4132,0.4121,0.4111,0.4107,0.4107,0.4107,0.4089,0.4084,0.4072,0.4067,0.4054,0.4049,0.4040,0.4032,0.4030,0.4022,0.4017,0.4012,0.4007,0.4000,0.3990,0.3989,0.3988,0.3986,0.3969,0.3961,0.3953,0.3948,0.3941,0.3935,0.3927,0.3922,0.3919,0.3918,0.3907,0.3900,0.3899,0.3889,0.3886,0.3870,0.3861,0.3857,0.3845,0.3844,0.3843,0.3835,0.3834,0.3809,0.3809,0.3807,0.3803,0.3800,0.3794,0.3789,0.3779,0.3763,0.3760,0.3755,0.3747,0.3734,0.3732,0.3729,0.3728,0.3721,0.3714,0.3714,0.3710,0.3707,0.3702,0.3701,0.3698,0.3677,0.3672,0.3667,0.3665,0.3665,0.3661,0.3659,0.3633,0.3615,0.3608,0.3602,0.3600,0.3600,0.3598,0.3597,0.3561,0.3561,0.3559,0.3549,0.3541,0.3540,0.3533,0.3516,0.3506,0.3504,0.3503,0.3493,0.3492,0.3488,0.3482,0.3476,0.3470,0.3467,0.3465,0.3459,0.3459,0.3459,0.3455,0.3447,0.3440,0.3435,0.3435,0.3430,0.3426,0.3414,0.3406,0.3403,0.3393,0.3388,0.3384,0.3383,0.3374,0.3371,0.3370,0.3361,0.3356,0.3355,0.3344,0.3341,0.3339,0.3336,0.3334,0.3331,0.3330,0.3323,0.3323,0.3320,0.3319,0.3313,0.3312,0.3308,0.3292,0.3277,0.3274,0.3273,0.3266,0.3265,0.3260,0.3258,0.3256,0.3249,0.3246,0.3246,0.3236,0.3236,0.3228,0.3226,0.3225,0.3223,0.3221,0.3220,0.3215,0.3214,0.3214,0.3210,0.3209,0.3204,0.3202,0.3197,0.3194,0.3194,0.3189,0.3188,0.3187,0.3184,0.3180,0.3175,0.3175,0.3174,0.3172,0.3172,0.3168,0.3168,0.3167,0.3164,0.3164,0.3163,0.3157,0.3147,0.3145,0.3141,0.3139,0.3138,0.3134,0.3133,0.3126,0.3121,0.3116,0.3115,0.3114,0.3114,0.3112,0.3095,0.3094,0.3092,0.3092,0.3084,0.3080,0.3078,0.3078,0.3077,0.3074,0.3073,0.3070,0.3070,0.3069,0.3062,0.3057,0.3057,0.3054,0.3052,0.3047,0.3047,0.3045,0.3039,0.3038,0.3038,0.3036,0.3035,0.3035,0.3033,0.3033,0.3033,0.3033,0.3028,0.3026,0.3026,0.3020,0.3019,0.3015,0.3015,0.3012,0.3010,0.3005,0.3005,0.3003,0.2999,0.2995,0.2991,0.2990,0.2989,0.2987,0.2986,0.2978,0.2977,0.2975,0.2974,0.2972,0.2972,0.2971,0.2970,0.2970,0.2967,0.2965,0.2964,0.2964,0.2964,0.2960,0.2959,0.2958,0.2955,0.2953,0.2950,0.2945,0.2943,0.2942,0.2941,0.2940,0.2939,0.2932,0.2932,0.2929,0.2928,0.2927,0.2925,0.2924,0.2924,0.2920,0.2920,0.2916,0.2913,0.2912,0.2909,0.2909,0.2908,0.2902,0.2899,0.2899,0.2891,0.2891,0.2890,0.2888,0.2887,0.2885,0.2883,0.2880,0.2876,0.2873,0.2873,0.2872,0.2870,0.2865,0.2863,0.2863,0.2862,0.2862,0.2861,0.2857,0.2852,0.2850,0.2850,0.2849,0.2843,0.2843,0.2841,0.2841,0.2840,0.2837,0.2836,0.2831,0.2831,0.2829,0.2829,0.2828,0.2827,0.2827,0.2820,0.2819,0.2813,0.2810,0.2807,0.2796,0.2791,0.2789,0.2785,0.2782,0.2779,0.2779,0.2778,0.2777,0.2776,0.2772,0.2769,0.2766,0.2765,0.2762,0.2759,0.2759,0.2756,0.2753,0.2751,0.2747,0.2741,0.2741,0.2739,0.2734,0.2732,0.2729,0.2726,0.2725,0.2723,0.2720,0.2714,0.2712,0.2705,0.2704,0.2702,0.2701,0.2700,0.2691,0.2686,0.2680,0.2678,0.2672,0.2672,0.2670,0.2665,0.2662,0.2656,0.2650,0.2649,0.2647,0.2642,0.2637,0.2632,0.2628,0.2626,0.2626,0.2622,0.2617,0.2613,0.2613,0.2610,0.2608,0.2606,0.2591,0.2581,0.2579,0.2573,0.2568,0.2560,0.2559,0.2547,0.2547,0.2546,0.2541,0.2537,0.2534,0.2531,0.2522,0.2517,0.2507,0.2500,0.2499,0.2491,0.2489,0.2485,0.2477,0.2474,0.2470,0.2456,0.2454,0.2450,0.2438,0.2436,0.2428,0.2428,0.2409,0.2398,0.2392,0.2387,0.2381,0.2381,0.2379,0.2379,0.2378,0.2378,0.2374,0.2371,0.2368,0.2368,0.2367,0.2365,0.2353,0.2350,0.2346,0.2346,0.2346,0.2344,0.2344,0.2341,0.2339,0.2327,0.2323,0.2313,0.2309,0.2303,0.2294,0.2290,0.2289,0.2278,0.2277,0.2276,0.2275,0.2269,0.2260,0.2259,0.2257,0.2248,0.2246,0.2246,0.2239,0.2235,0.2235,0.2230,0.2225,0.2225,0.2220,0.2200,0.2197,0.2193,0.2193,0.2188,0.2188,0.2182,0.2176,0.2173,0.2172,0.2167,0.2166,0.2157,0.2156,0.2155,0.2155,0.2153,0.2150,0.2148,0.2147,0.2146,0.2146,0.2144,0.2141,0.2140,0.2140,0.2131,0.2130,0.2130,0.2123,0.2121,0.2115,0.2112,0.2111,0.2111,0.2109,0.2108,0.2102,0.2101,0.2101,0.2099,0.2098,0.2085,0.2081,0.2081,0.2079,0.2079,0.2078,0.2069,0.2068,0.2065,0.2065,0.2062,0.2061,0.2057,0.2054,0.2052,0.2051,0.2045,0.2044,0.2042,0.2038,0.2036,0.2033,0.2026,0.2025,0.2024,0.2024,0.2024,0.2019,0.2002,0.1998,0.1994,0.1990,0.1988,0.1987,0.1985,0.1981,0.1977,0.1974,0.1974,0.1968,0.1965,0.1953,0.1952,0.1948,0.1942,0.1937,0.1934,0.1932,0.1930,0.1916,0.1914,0.1914,0.1914,0.1913,0.1905,0.1896,0.1893,0.1892,0.1892,0.1891,0.1890,0.1889,0.1885,0.1883,0.1881,0.1871,0.1863,0.1859,0.1858,0.1847,0.1845,0.1841,0.1839,0.1839,0.1838,0.1837,0.1834,0.1831,0.1830,0.1824,0.1823,0.1817,0.1817,0.1814,0.1808,0.1803,0.1801,0.1801,0.1795,0.1790,0.1788,0.1773,0.1773,0.1762,0.1760,0.1757,0.1756,0.1754,0.1754,0.1750,0.1743,0.1741,0.1735,0.1729,0.1728,0.1725,0.1725,0.1721,0.1720,0.1717,0.1705,0.1702,0.1692,0.1687,0.1677,0.1667,0.1662,0.1659,0.1656,0.1653,0.1650,0.1642,0.1641,0.1635,0.1635,0.1619,0.1595,0.1594,0.1581,0.1576,0.1573,0.1565,0.1551,0.1548,0.1535,0.1529,0.1525,0.1521,0.1495,0.1482,0.1478,0.1475,0.1472,0.1468,0.1467,0.1461,0.1459,0.1454,0.1438,0.1435,0.1433,0.1431,0.1430,0.1425,0.1418,0.1410,0.1408,0.1396,0.1396,0.1396,0.1378,0.1378,0.1378,0.1376,0.1373,0.1371,0.1350,0.1349,0.1342,0.1332,0.1330,0.1329,0.1323,0.1318,0.1315,0.1279,0.0419
Max Drawdown ($),,,,statistic,Max Drawdown ($) for each solution,$0.15,$0.16,$0.18,$0.18,$0.18,$0.18,$0.16,$0.10,$0.14,$0.14,$0.17,$0.17,$0.14,$0.14,$0.15,$0.18,$0.14,$0.20,$0.14,$0.17,$0.18,$0.18,$0.16,$0.18,$0.11,$0.10,$0.11,$0.12,$0.14,$0.11,$0.11,$0.13,$0.12,$0.12,$0.10,$0.11,$0.10,$0.10,$0.09,$0.10,$0.08,$0.09,$0.09,$0.08,$0.15,$0.07,$0.08,$0.13,$0.11,$0.07,$0.14,$0.10,$0.07,$0.09,$0.08,$0.08,$0.08,$0.08,$0.11,$0.08,$0.09,$0.09,$0.09,$0.09,$0.11,$0.19,$0.09,$0.08,$0.08,$0.08,$0.08,$0.08,$0.10,$0.08,$0.08,$0.09,$0.09,$0.07,$0.10,$0.08,$0.13,$0.09,$0.11,$0.15,$0.09,$0.09,$0.09,$0.14,$0.14,$0.13,$0.15,$0.12,$0.10,$0.11,$0.16,$0.10,$0.08,$0.09,$0.11,$0.10,$0.16,$0.10,$0.10,$0.08,$0.08,$0.10,$0.10,$0.15,$0.08,$0.08,$0.10,$0.14,$0.10,$0.10,$0.09,$0.08,$0.10,$0.08,$0.09,$0.10,$0.11,$0.13,$0.10,$0.09,$0.11,$0.08,$0.09,$0.09,$0.09,$0.08,$0.08,$0.08,$0.08,$0.10,$0.08,$0.13,$0.09,$0.08,$0.07,$0.09,$0.13,$0.13,$0.12,$0.07,$0.11,$0.09,$0.10,$0.08,$0.08,$0.14,$0.08,$0.08,$0.08,$0.08,$0.08,$0.14,$0.08,$0.10,$0.07,$0.07,$0.07,$0.12,$0.09,$0.09,$0.09,$0.09,$0.09,$0.17,$0.09,$0.07,$0.09,$0.10,$0.11,$0.18,$0.09,$0.09,$0.08,$0.09,$0.08,$0.08,$0.07,$0.10,$0.10,$0.08,$0.07,$0.09,$0.09,$0.09,$0.09,$0.14,$0.07,$0.16,$0.15,$0.18,$0.10,$0.10,$0.11,$0.09,$0.09,$0.08,$0.17,$0.08,$0.10,$0.09,$0.10,$0.09,$0.08,$0.09,$0.09,$0.07,$0.10,$0.20,$0.08,$0.09,$0.09,$0.15,$0.16,$0.10,$0.09,$0.10,$0.11,$0.13,$0.12,$0.09,$0.09,$0.08,$0.08,$0.23,$0.09,$0.08,$0.10,$0.10,$0.17,$0.12,$0.08,$0.12,$0.10,$0.20,$0.09,$0.07,$0.10,$0.09,$0.20,$0.09,$0.08,$0.10,$0.08,$0.10,$0.12,$0.08,$0.14,$0.08,$0.10,$0.07,$0.09,$0.08,$0.09,$0.08,$0.11,$0.07,$0.07,$0.09,$0.07,$0.15,$0.09,$0.08,$0.14,$0.09,$0.10,$0.11,$0.08,$0.09,$0.12,$0.21,$0.21,$0.08,$0.19,$0.15,$0.09,$0.08,$0.09,$0.09,$0.23,$0.10,$0.26,$0.11,$0.10,$0.23,$0.08,$0.08,$0.10,$0.10,$0.15,$0.12,$0.19,$0.20,$0.20,$0.16,$0.15,$0.08,$0.11,$0.24,$0.09,$0.07,$0.09,$0.09,$0.09,$0.10,$0.16,$0.10,$0.10,$0.09,$0.09,$0.23,$0.07,$0.09,$0.10,$0.10,$0.09,$0.10,$0.09,$0.10,$0.10,$0.09,$0.11,$0.10,$0.09,$0.10,$0.09,$0.10,$0.10,$0.10,$0.09,$0.09,$0.09,$0.09,$0.11,$0.10,$0.10,$0.20,$0.19,$0.11,$0.10,$0.09,$0.08,$0.09,$0.10,$0.18,$0.10,$0.10,$0.10,$0.06,$0.10,$0.19,$0.10,$0.24,$0.09,$0.09,$0.11,$0.10,$0.26,$0.17,$0.09,$0.09,$0.12,$0.09,$0.28,$0.10,$0.22,$0.10,$0.10,$0.10,$0.15,$0.09,$0.11,$0.09,$0.27,$0.12,$0.10,$0.19,$0.11,$0.10,$0.09,$0.26,$0.12,$0.10,$0.06,$0.09,$0.10,$0.23,$0.11,$0.18,$0.18,$0.10,$0.10,$0.10,$0.18,$0.09,$0.10,$0.10,$0.20,$0.10,$0.09,$0.09,$0.10,$0.15,$0.10,$0.09,$0.10,$0.10,$0.09,$0.13,$0.28,$0.10,$0.10,$0.09,$0.11,$0.09,$0.09,$0.15,$0.11,$0.10,$0.10,$0.09,$0.10,$0.09,$0.27,$0.15,$0.10,$0.18,$0.14,$0.26,$0.10,$0.12,$0.18,$0.10,$0.11,$0.12,$0.12,$0.09,$0.06,$0.10,$0.29,$0.13,$0.15,$0.09,$0.12,$0.11,$0.10,$0.09,$0.09,$0.21,$0.11,$0.14,$0.09,$0.11,$0.10,$0.19,$0.15,$0.11,$0.14,$0.19,$0.11,$0.12,$0.10,$0.09,$0.10,$0.09,$0.11,$0.10,$0.16,$0.10,$0.14,$0.09,$0.11,$0.10,$0.10,$0.12,$0.10,$0.26,$0.06,$0.12,$0.13,$0.09,$0.22,$0.09,$0.11,$0.31,$0.10,$0.10,$0.11,$0.10,$0.17,$0.11,$0.27,$0.11,$0.10,$0.10,$0.08,$0.11,$0.13,$0.11,$0.32,$0.12,$0.07,$0.08,$0.10,$0.07,$0.10,$0.22,$0.10,$0.11,$0.27,$0.08,$0.09,$0.10,$0.11,$0.10,$0.10,$0.10,$0.13,$0.14,$0.10,$0.14,$0.26,$0.10,$0.11,$0.12,$0.11,$0.13,$0.10,$0.09,$0.17,$0.11,$0.10,$0.24,$0.14,$0.12,$0.08,$0.28,$0.10,$0.11,$0.16,$0.21,$0.09,$0.09,$0.11,$0.12,$0.34,$0.10,$0.10,$0.23,$0.11,$0.08,$0.10,$0.14,$0.12,$0.14,$0.09,$0.17,$0.11,$0.09,$0.10,$0.09,$0.11,$0.10,$0.14,$0.19,$0.11,$0.11,$0.09,$0.30,$0.30,$0.12,$0.12,$0.29,$0.10,$0.10,$0.16,$0.20,$0.10,$0.10,$0.13,$0.10,$0.24,$0.08,$0.09,$0.13,$0.08,$0.13,$0.10,$0.09,$0.15,$0.09,$0.09,$0.09,$0.11,$0.13,$0.05,$0.05,$0.05,$0.10,$0.10,$0.14,$0.11,$0.09,$0.11,$0.10,$0.10,$0.10,$0.05,$0.08,$0.10,$0.10,$0.33,$0.09,$0.10,$0.11,$0.05,$0.11,$0.10,$0.09,$0.13,$0.11,$0.11,$0.11,$0.10,$0.10,$0.11,$0.10,$0.10,$0.10,$0.09,$0.10,$0.10,$0.10,$0.10,$0.11,$0.10,$0.08,$0.12,$0.28,$0.08,$0.10,$0.26,$0.26,$0.10,$0.09,$0.10,$0.13,$0.08,$0.10,$0.25,$0.12,$0.10,$0.09,$0.10,$0.10,$0.10,$0.10,$0.11,$0.12,$0.09,$0.12,$0.12,$0.09,$0.19,$0.10,$0.15,$0.16,$0.12,$0.10,$0.12,$0.32,$0.10,$0.10,$0.10,$0.11,$0.10,$0.11,$0.11,$0.10,$0.12,$0.11,$0.08,$0.11,$0.11,$0.12,$0.09,$0.11,$0.11,$0.12,$0.13,$0.10,$0.12,$0.10,$0.10,$0.12,$0.14,$0.31,$0.07,$0.10,$0.16,$0.10,$0.11,$0.11,$0.19,$0.10,$0.16,$0.27,$0.09,$0.09,$0.12,$0.22,$0.10,$0.10,$0.11,$0.10,$0.10,$0.26,$0.24,$0.10,$0.11,$0.10,$0.10,$0.08,$0.10,$0.12,$0.22,$0.11,$0.10,$0.10,$0.25,$0.25,$0.11,$0.10,$0.10,$0.11,$0.11,$0.09,$0.11,$0.11,$0.10,$0.11,$0.17,$0.10,$0.18,$0.10,$0.10,$0.10,$0.16,$0.10,$0.10,$0.10,$0.10,$0.13,$0.12,$0.26,$0.10,$0.11,$0.11,$0.17,$0.11,$0.13,$0.10,$0.16,$0.21,$0.10,$0.14,$0.10,$0.13,$0.10,$0.10,$0.25,$0.11,$0.11,$0.09,$0.09,$0.09,$0.20,$0.10,$0.06,$0.10,$0.06,$0.20,$0.11,$0.10,$0.09,$0.10,$0.10,$0.19,$0.19,$0.09,$0.09,$0.10,$0.07
Profit Factor,,,,statistic,Profit Factor for each solution,0.4072,0.4124,0.4189,0.4159,0.4137,0.4030,0.4105,0.4128,0.4106,0.4106,0.3914,0.3890,0.3975,0.3929,0.4204,0.4212,0.3822,0.4037,0.2772,0.4188,0.4231,0.4229,0.2724,0.4218,0.4296,0.2610,0.4355,0.4389,0.4450,0.4383,0.4362,0.4273,0.4578,0.4406,0.4240,0.4682,0.4597,0.4329,0.2842,0.4625,0.2844,0.4191,0.4540,0.4545,0.4772,0.4548,0.2820,0.4717,0.4853,0.4423,0.4727,0.2925,0.4457,0.2795,0.2926,0.2926,0.4351,0.4530,0.4791,0.4318,0.2890,0.3066,0.3066,0.5038,0.4859,0.2866,0.2914,0.4511,0.4511,0.4511,0.2907,0.2923,0.3644,0.4535,0.4535,0.4850,0.2935,0.4425,0.4944,0.3015,0.4560,0.5054,0.3050,0.5040,0.3059,0.3036,0.4931,0.4893,0.4910,0.4653,0.4919,0.2954,0.4620,0.4705,0.4988,0.4790,0.4938,0.3028,0.4984,0.5087,0.4767,0.2922,0.2919,0.3032,0.2999,0.4797,0.3073,0.4699,0.2955,0.2976,0.3003,0.4756,0.3033,0.3014,0.2893,0.2966,0.4586,0.2987,0.5112,0.3050,0.4981,0.4794,0.5085,0.5044,0.2924,0.4802,0.5012,0.2974,0.3009,0.3011,0.3067,0.3061,0.3070,0.4924,0.3080,0.2827,0.4802,0.4967,0.2890,0.3015,0.4648,0.2821,0.4608,0.4921,0.4402,0.3060,0.4585,0.3144,0.3126,0.4629,0.3061,0.3084,0.4887,0.4887,0.2858,0.4480,0.3082,0.3039,0.3020,0.4792,0.3097,0.2946,0.3021,0.3096,0.3072,0.3129,0.2904,0.2985,0.3086,0.3022,0.4378,0.3157,0.2922,0.2979,0.4413,0.4413,0.3112,0.3119,0.3099,0.3123,0.3148,0.2972,0.3091,0.2910,0.3149,0.3142,0.3142,0.2948,0.3131,0.3865,0.4660,0.2876,0.4146,0.3006,0.4400,0.4400,0.3216,0.3301,0.3204,0.3056,0.3033,0.3115,0.3134,0.3015,0.3210,0.3132,0.3059,0.3200,0.3124,0.3025,0.3134,0.3187,0.3058,0.3145,0.3025,0.3916,0.3081,0.3286,0.3142,0.2985,0.3256,0.3996,0.3227,0.3233,0.3233,0.3144,0.3205,0.2988,0.3163,0.3348,0.3267,0.3171,0.3066,0.3233,0.3118,0.3786,0.3074,0.2702,0.3106,0.4367,0.3226,0.3449,0.3073,0.3098,0.3118,0.3284,0.3080,0.3174,0.3119,0.3405,0.3162,0.3239,0.3255,0.3315,0.3093,0.3269,0.3306,0.3253,0.3346,0.2935,0.3310,0.3220,0.3308,0.3085,0.3287,0.3322,0.3094,0.3532,0.3384,0.3570,0.3401,0.3282,0.3936,0.2819,0.2819,0.3327,0.3033,0.3222,0.3230,0.3415,0.3333,0.3431,0.3173,0.3264,0.2841,0.3347,0.2429,0.3214,0.3249,0.3394,0.3341,0.3382,0.3249,0.3147,0.3144,0.3210,0.3145,0.3245,0.3222,0.3399,0.3450,0.3224,0.3257,0.3404,0.3343,0.3416,0.3355,0.3388,0.3054,0.3238,0.3449,0.3134,0.3405,0.3149,0.3396,0.3380,0.3472,0.3309,0.3147,0.3439,0.3285,0.3550,0.3331,0.3383,0.3297,0.3529,0.3526,0.3545,0.3255,0.3410,0.3536,0.3348,0.3451,0.3494,0.3484,0.3544,0.3702,0.3231,0.3461,0.3109,0.3130,0.3399,0.3420,0.3434,0.3207,0.3325,0.3509,0.3195,0.3511,0.3463,0.3583,0.3041,0.3538,0.2659,0.3514,0.3072,0.3313,0.3536,0.3529,0.3427,0.3296,0.3047,0.3510,0.3097,0.3509,0.3436,0.3095,0.3481,0.3082,0.3511,0.3538,0.3493,0.3573,0.3448,0.3542,0.3449,0.3095,0.3217,0.3529,0.3018,0.3518,0.3550,0.3457,0.3144,0.3288,0.3422,0.3355,0.3312,0.3516,0.2953,0.3430,0.3085,0.3148,0.3485,0.3538,0.3541,0.3151,0.3533,0.3501,0.3454,0.3077,0.3516,0.3681,0.3493,0.3515,0.3404,0.3463,0.3360,0.3403,0.3491,0.3521,0.3378,0.2914,0.3401,0.3345,0.3452,0.3417,0.3458,0.3427,0.3329,0.3434,0.3534,0.3474,0.3469,0.3498,0.3389,0.3165,0.2815,0.3465,0.3074,0.3185,0.3140,0.3485,0.3376,0.3136,0.3359,0.3276,0.3175,0.3340,0.3370,0.3258,0.3323,0.2897,0.3220,0.3246,0.3280,0.3166,0.3375,0.3446,0.3484,0.3308,0.3182,0.3422,0.3290,0.3258,0.3397,0.3402,0.3304,0.3182,0.3464,0.3303,0.3285,0.3284,0.3282,0.3459,0.3276,0.3535,0.3352,0.3428,0.3214,0.3182,0.3266,0.3229,0.3388,0.3204,0.3322,0.3452,0.3313,0.3191,0.2988,0.3270,0.3198,0.2759,0.3317,0.2957,0.3356,0.3410,0.2869,0.3192,0.3457,0.3176,0.3394,0.2725,0.3141,0.2722,0.3119,0.3432,0.3302,0.3237,0.3142,0.3136,0.3139,0.2807,0.3058,0.4180,0.3260,0.3081,0.4173,0.3054,0.2644,0.3065,0.2821,0.2622,0.2733,0.2863,0.3043,0.3033,0.3100,0.3067,0.3138,0.3007,0.2953,0.3050,0.2922,0.2509,0.3012,0.2939,0.3111,0.2949,0.2929,0.2910,0.3150,0.2747,0.2895,0.2954,0.2438,0.2823,0.2824,0.3129,0.2452,0.3073,0.2899,0.2714,0.2472,0.2966,0.2966,0.2960,0.2826,0.2379,0.3012,0.2902,0.2406,0.2910,0.2882,0.2669,0.2856,0.2915,0.2799,0.2857,0.2770,0.2821,0.2679,0.2731,0.2546,0.2710,0.2950,0.2805,0.2416,0.2851,0.1919,0.2757,0.2315,0.2315,0.2649,0.2776,0.2300,0.2733,0.2716,0.2548,0.2254,0.2750,0.2926,0.2247,0.2779,0.2254,0.2814,0.2796,0.2551,0.2443,0.2445,0.2625,0.2380,0.2622,0.2777,0.2619,0.2781,0.2620,0.2609,0.2981,0.2982,0.2987,0.2578,0.2570,0.2538,0.2526,0.2725,0.2697,0.2687,0.2608,0.2800,0.2979,0.2732,0.2623,0.2776,0.2222,0.2276,0.2521,0.2622,0.2973,0.2602,0.2568,0.2183,0.2566,0.2574,0.2585,0.2440,0.2610,0.2784,0.2680,0.2369,0.2585,0.2677,0.2633,0.2390,0.2569,0.2591,0.2672,0.2642,0.2652,0.2470,0.2572,0.2099,0.2604,0.2499,0.2073,0.2073,0.2462,0.2626,0.2468,0.2417,0.2550,0.2690,0.2125,0.2397,0.2466,0.2541,0.2427,0.2427,0.2539,0.2429,0.2424,0.2356,0.2343,0.2321,0.2431,0.2347,0.2246,0.2186,0.2234,0.2241,0.2287,0.2423,0.2353,0.2004,0.2428,0.2482,0.2314,0.2097,0.2471,0.2100,0.2315,0.2354,0.2297,0.2401,0.2442,0.2331,0.2257,0.2269,0.2249,0.2242,0.2268,0.2151,0.2189,0.2232,0.2263,0.2254,0.2448,0.2214,0.2013,0.1921,0.2418,0.2182,0.2091,0.2245,0.2213,0.2210,0.2101,0.2191,0.1948,0.1869,0.2206,0.2206,0.2072,0.1906,0.2163,0.2284,0.2129,0.2146,0.2213,0.1846,0.1807,0.2146,0.2083,0.2128,0.2127,0.2383,0.2095,0.2113,0.1749,0.2094,0.2042,0.2198,0.1810,0.1793,0.1859,0.2092,0.2078,0.1799,0.1992,0.1922,0.1969,0.2027,0.1987,0.2001,0.1719,0.1975,0.1671,0.1998,0.1917,0.1896,0.1783,0.1908,0.1896,0.1873,0.1863,0.1817,0.1858,0.1564,0.1969,0.1844,0.1789,0.1566,0.1757,0.1669,0.1776,0.1561,0.1663,0.1800,0.1713,0.1808,0.1650,0.1711,0.1761,0.1533,0.1727,0.1734,0.1647,0.1647,0.1647,0.1532,0.1701,0.2673,0.1689,0.2668,0.1558,0.1691,0.1686,0.1657,0.1678,0.1672,0.1528,0.1527,0.1687,0.1703,0.1701,0.0562
Avg Trades/Day,,,,statistic,Avg Trades/Day for each solution,1.000,1.000,1.000,1.000,1.000,1.000,1.000,1.000,1.000,1.000,1.000,1.000,1.000,1.000,1.000,1.000,1.000,1.000,0.773,1.000,1.000,1.000,0.838,1.000,1.000,0.722,1.000,1.000,1.000,1.000,1.000,1.000,1.000,1.000,1.000,1.000,1.000,1.000,0.901,1.000,0.820,1.000,1.000,1.000,1.000,1.000,0.702,1.000,1.000,1.000,1.000,0.699,1.000,0.763,0.715,0.715,1.000,1.000,1.000,1.000,0.773,0.776,0.778,1.000,1.000,0.814,0.770,1.000,1.000,1.000,1.000,0.850,1.000,1.000,1.000,1.000,0.838,1.000,1.000,0.810,1.000,1.000,0.804,1.000,0.748,0.741,1.000,1.000,1.000,1.000,1.000,0.667,1.000,1.000,1.000,1.000,1.000,0.834,1.000,1.000,1.000,0.845,0.840,0.721,0.805,1.000,0.749,1.000,0.694,0.759,0.838,1.000,0.827,0.672,0.802,0.807,1.000,0.737,1.000,0.748,1.000,1.000,1.000,1.000,0.847,1.000,1.000,0.871,0.838,0.699,0.791,0.921,0.883,1.000,0.956,0.780,1.000,1.000,0.777,0.798,1.000,0.785,1.000,1.000,1.000,0.966,1.000,0.938,0.756,1.000,0.825,0.783,1.000,1.000,0.942,1.000,0.837,0.825,0.912,1.000,0.803,0.952,1.000,0.778,0.922,0.687,0.942,0.867,0.943,0.739,1.000,0.852,0.678,0.870,1.000,1.000,0.739,0.889,0.700,0.906,0.754,0.973,1.000,0.831,0.821,0.859,0.857,0.843,0.916,1.000,1.000,0.967,1.000,0.789,1.000,1.000,0.720,0.862,0.781,0.880,0.766,0.689,0.971,0.975,0.933,0.890,0.851,0.765,0.926,0.871,1.000,0.885,0.988,0.674,0.716,1.000,0.905,0.802,0.899,0.918,0.713,1.000,0.670,0.727,0.727,0.667,0.748,1.000,0.836,0.786,0.826,0.909,1.000,0.967,0.793,1.000,0.952,0.887,0.961,1.000,0.866,0.816,0.775,0.961,0.731,0.891,0.975,0.979,1.000,0.927,0.958,0.937,0.752,0.830,0.981,0.795,0.797,0.832,0.839,1.000,0.827,0.941,0.831,0.762,0.956,0.901,0.728,0.792,0.801,0.769,0.793,0.732,1.000,0.962,0.962,0.839,0.850,0.783,0.930,0.823,0.784,0.807,0.851,0.732,0.945,0.831,0.931,0.838,0.882,0.760,0.684,0.751,0.701,0.985,0.889,0.843,1.000,0.807,0.722,0.954,0.812,0.808,0.977,0.816,0.682,0.902,0.930,0.867,1.000,0.933,0.770,0.819,0.712,0.799,0.675,0.967,0.825,0.789,0.992,0.775,0.835,0.702,0.997,0.859,0.821,0.774,0.766,0.823,0.868,0.754,0.726,0.912,0.836,0.779,0.855,0.685,1.000,0.975,0.946,0.893,0.949,0.888,0.875,0.786,1.000,0.729,0.823,0.849,0.847,0.696,0.759,0.841,0.889,0.971,0.820,0.940,0.913,0.710,0.794,0.719,0.719,0.977,0.920,0.939,0.945,0.891,0.903,0.845,0.954,0.779,0.817,0.806,1.000,0.772,0.799,0.904,0.892,1.000,0.964,1.000,0.924,0.807,0.968,0.886,0.924,0.875,1.000,0.828,0.899,0.867,0.753,0.948,0.886,0.756,0.836,0.960,0.842,0.776,0.829,0.693,0.969,0.963,1.000,0.909,0.981,0.863,0.936,1.000,0.735,0.790,0.869,0.794,0.907,0.722,0.901,0.872,0.899,0.816,0.929,0.674,0.982,0.916,0.757,0.835,0.811,0.668,0.976,1.000,1.000,0.831,1.000,0.900,0.929,1.000,1.000,0.874,0.884,0.909,0.984,0.978,1.000,0.761,0.940,1.000,1.000,1.000,0.913,0.878,0.989,0.920,1.000,1.000,0.981,0.690,0.809,1.000,0.714,0.684,1.000,1.000,0.727,0.685,0.833,1.000,0.953,1.000,1.000,0.982,1.000,0.867,0.894,0.967,0.976,0.970,0.788,0.712,1.000,0.982,0.777,0.998,0.868,0.803,0.727,0.980,1.000,1.000,1.000,0.989,0.734,1.000,0.932,0.998,1.000,0.827,0.944,0.892,1.000,1.000,1.000,0.987,0.945,0.916,0.950,1.000,1.000,0.951,1.000,1.000,0.845,0.855,0.893,0.925,1.000,0.911,0.908,0.867,0.886,0.683,0.918,1.000,0.870,0.694,0.934,0.945,0.888,0.923,1.000,1.000,1.000,0.814,0.954,1.000,1.000,0.762,0.939,0.898,1.000,0.891,1.000,0.902,1.000,0.879,1.000,0.867,1.000,1.000,0.980,0.744,0.684,1.000,1.000,0.899,1.000,1.000,0.974,1.000,1.000,0.749,1.000,0.918,0.778,1.000,1.000,0.994,0.861,1.000,0.893,1.000,0.985,1.000,1.000,0.944,0.944,1.000,1.000,0.971,0.712,0.881,1.000,0.842,0.962,1.000,1.000,1.000,0.916,1.000,1.000,1.000,1.000,0.914,0.914,1.000,1.000,1.000,1.000,1.000,0.820,1.000,0.850,0.850,0.848,1.000,0.840,0.896,1.000,0.881,1.000,0.971,0.903,1.000,0.871,1.000,1.000,1.000,0.995,0.900,1.000,0.971,0.872,0.714,1.000,1.000,0.875,1.000,0.871,1.000,1.000,1.000,1.000,1.000,0.958,0.969,1.000,1.000,0.956,0.992,1.000,1.000,0.976,0.980,1.000,0.944,1.000,0.871,0.897,0.897,0.986,1.000,0.906,0.915,1.000,1.000,0.962,0.857,0.994,1.000,0.744,0.744,1.000,0.962,0.871,0.740,0.964,0.775,1.000,1.000,1.000,1.000,0.814,0.830,0.777,0.966,0.919,1.000,1.000,1.000,0.858,0.985,1.000,1.000,1.000,1.000,0.740,1.000,1.000,1.000,0.896,0.848,1.000,0.981,0.974,0.949,0.786,0.912,0.996,1.000,1.000,0.800,0.842,0.995,0.817,0.862,1.000,0.933,0.989,0.997,1.000,0.773,0.874,0.924,0.970,0.970,0.913,1.000,1.000,1.000,0.972,0.931,0.964,0.952,0.992,0.834,0.788,0.981,1.000,1.000,0.922,0.775,0.927,0.907,0.898,1.000,0.975,0.995,1.000,1.000,0.954,1.000,0.899,1.000,0.781,1.000,0.917,0.878,0.995,1.000,0.964,1.000,0.962,0.942,0.893,0.903,1.000,1.000,0.948,1.000,0.789,0.933,1.000,1.000,0.886,0.935,0.859,1.000,1.000,0.972,1.000,1.000,0.806,1.000,1.000,0.989,0.865,1.000,0.998,0.860,1.000,1.000,1.000,1.000,0.950,0.999,1.000,1.000,1.000,0.989,0.808,0.938,1.000,0.884,1.000,1.000,1.000,1.000,1.000,1.000
Total Profit (norm),,,,statistic,Total Profit (norm) for each solution,0.8316,0.8922,0.8283,0.8364,0.8454,0.9116,0.8249,0.7837,0.8105,0.8105,0.8998,0.9451,0.8907,0.9202,0.9883,0.9720,0.9485,1.0000,0.4554,1.0000,0.7019,0.7031,0.4901,0.7042,1.0000,0.4448,1.0000,1.0000,1.0000,1.0000,1.0000,1.0000,1.0000,1.0000,1.0000,1.0000,1.0000,1.0000,0.4752,0.9295,0.4305,1.0000,0.9148,0.9007,1.0000,0.9268,0.4066,1.0000,1.0000,0.9350,1.0000,0.4671,0.9389,0.4251,0.4916,0.4916,0.9518,0.9794,0.9440,0.9636,0.4359,0.5536,0.5548,0.9807,1.0000,0.6563,0.5086,1.0000,1.0000,1.0000,0.6642,0.5381,1.0000,1.0000,1.0000,1.0000,0.5506,1.0000,1.0000,0.5706,1.0000,1.0000,0.6134,1.0000,0.5155,0.5451,1.0000,1.0000,1.0000,1.0000,1.0000,0.5215,1.0000,1.0000,1.0000,1.0000,1.0000,0.6011,1.0000,1.0000,1.0000,0.5607,0.5581,0.5484,0.5720,1.0000,0.5429,1.0000,0.4639,0.5582,0.6553,1.0000,0.6194,0.5302,0.5822,0.5161,1.0000,0.4931,1.0000,0.5990,1.0000,1.0000,1.0000,1.0000,0.6863,1.0000,1.0000,0.5902,0.6018,0.5214,0.5966,0.6566,0.6453,1.0000,0.6654,0.6700,1.0000,1.0000,0.5543,0.5894,1.0000,0.6695,1.0000,1.0000,1.0000,0.6722,1.0000,0.6742,0.6114,1.0000,0.6175,0.5927,1.0000,1.0000,0.6337,1.0000,0.6069,0.6235,0.6089,0.7901,0.5967,0.8033,0.7445,0.6446,0.6813,0.5663,0.6674,0.7891,0.6388,0.5754,1.0000,0.6657,0.6018,0.7880,1.0000,1.0000,0.6074,0.6877,0.5490,0.6127,0.5927,0.6877,0.7082,0.6291,0.6442,0.6785,0.6774,0.6615,0.6842,1.0000,1.0000,0.8689,1.0000,0.8080,1.0000,1.0000,0.6470,0.7384,0.6470,0.6387,0.7882,0.5483,0.7188,0.6736,0.7099,0.6939,0.6197,0.6869,0.6866,0.5804,0.7558,1.0000,0.6927,0.5713,0.6349,1.0000,0.8862,0.7103,0.6782,0.7122,0.6502,1.0000,0.6419,0.6535,0.6535,0.5673,0.6181,1.0000,0.6275,0.6819,0.7161,0.6613,0.8802,0.8389,0.6334,1.0000,0.7082,0.8753,0.6620,1.0000,0.7366,0.6995,0.8144,0.6580,0.6397,0.7472,0.6836,0.7879,1.0000,0.8063,0.8606,0.7157,0.6592,0.6904,0.6657,0.6739,0.7174,0.6721,0.7654,0.6652,0.6802,0.7429,0.6840,0.7772,0.7657,0.7433,0.7839,0.7224,0.7181,0.7779,0.7013,0.6638,1.0000,0.9094,0.9094,0.7015,0.9132,0.9204,0.7363,0.7252,0.7024,0.7375,1.0000,0.6740,0.9863,0.7613,0.7455,0.9972,0.7112,0.6958,0.6316,0.6939,0.7748,0.8049,0.9736,0.9808,1.0000,0.8858,0.8149,0.7696,0.7545,0.9227,0.7164,0.4719,0.6339,0.7738,0.7650,0.7767,0.9429,0.8014,0.7269,0.7340,0.6524,0.9650,0.3786,0.8416,0.7099,0.7378,0.7573,0.7302,0.7426,0.6610,0.8092,0.7506,0.7734,0.7286,0.7304,0.7820,0.7577,0.7395,0.6802,0.7998,0.7237,0.7076,0.7729,0.6427,1.0000,0.7873,0.7632,0.9422,1.0000,0.8131,0.8432,0.7251,0.7561,0.6990,0.7281,0.9083,0.7506,0.6645,0.7000,0.4895,0.8060,0.8883,0.7830,1.0000,0.8039,0.6444,0.7771,0.6937,0.7828,0.8966,0.8448,0.7755,0.7813,0.8164,1.0000,0.8028,0.9874,0.7356,0.7520,0.7530,1.0000,0.7261,0.7779,0.8045,0.9994,0.9812,0.8346,1.0000,0.8037,0.7367,0.8409,0.9891,0.8162,0.8127,0.6022,0.8061,0.8083,1.0000,0.7364,0.8991,0.9705,0.7247,0.7741,0.8878,0.9018,0.7018,0.7682,0.6819,0.9127,0.8540,1.0000,0.8078,0.8965,0.8566,0.8639,0.8485,0.7105,0.7475,0.6792,0.7985,1.0000,0.7054,0.8489,0.7840,0.8566,0.7121,0.7676,0.7261,0.7996,0.7811,0.7274,0.7468,0.7527,0.6491,0.9997,0.9152,0.8624,0.9040,0.9939,0.9228,0.8266,1.0000,0.9946,0.8266,0.8425,0.8547,0.9115,0.8214,0.4693,0.7340,1.0000,1.0000,1.0000,0.8842,0.8548,0.8179,0.8485,0.7349,0.8378,1.0000,0.8484,0.7118,0.7604,0.8563,0.6852,0.7169,0.9733,0.9109,0.7378,0.7186,0.8055,0.8538,0.8188,0.8604,0.8467,0.8387,0.9019,0.8127,0.8604,0.8679,0.9227,0.7777,0.7853,0.6835,0.8989,0.8866,0.7582,1.0000,0.4145,0.7833,0.7657,0.7957,1.0000,1.0000,0.8927,1.0000,0.7225,0.9186,0.8823,0.8437,1.0000,0.8090,1.0000,0.8455,0.9286,0.9556,0.8475,0.8717,0.8802,0.8505,1.0000,1.0000,0.4467,0.6084,0.9370,0.4540,0.8072,0.9943,0.8300,0.8767,1.0000,0.7799,0.8173,0.8359,0.8421,0.6681,0.8496,0.9234,0.8407,0.7092,0.8306,0.8941,1.0000,0.8563,1.0000,0.9686,1.0000,0.8052,0.8881,0.8909,1.0000,0.7506,0.8544,1.0000,1.0000,0.8546,0.9487,1.0000,0.8738,0.8333,1.0000,1.0000,1.0000,1.0000,0.9213,0.7551,0.8837,0.9068,0.9269,1.0000,0.8967,0.7681,0.8791,0.9180,0.9424,0.7608,1.0000,0.8834,0.7692,1.0000,0.9311,0.8399,0.8367,0.8774,0.8529,1.0000,0.8965,1.0000,0.9438,1.0000,1.0000,0.9341,1.0000,1.0000,0.7061,0.8482,1.0000,1.0000,0.8595,0.9290,0.9858,0.8297,1.0000,0.9037,0.9298,1.0000,1.0000,0.9069,0.8745,0.9053,1.0000,0.9315,0.8954,0.9399,0.8153,1.0000,0.2680,0.2681,0.2688,0.9343,0.8549,0.8744,0.9865,0.7943,0.9413,0.8827,0.8753,0.9687,0.2711,1.0000,1.0000,1.0000,1.0000,0.8634,0.9468,0.8960,0.2703,0.7079,0.8893,0.9026,0.8599,0.9167,0.8507,0.9139,1.0000,0.8487,0.9695,0.9235,0.8929,0.8361,0.8748,0.9516,0.8970,0.9018,0.9703,0.9984,0.8578,0.8548,1.0000,1.0000,1.0000,0.8405,1.0000,1.0000,0.8988,1.0000,0.8800,0.8910,1.0000,1.0000,1.0000,0.8630,0.9118,0.9124,0.7420,0.7420,0.9115,0.9122,0.8529,0.7585,0.8624,0.7894,1.0000,0.9295,1.0000,1.0000,0.8362,0.8502,0.7962,0.8890,0.8951,1.0000,0.9867,0.9978,0.8297,0.9610,1.0000,0.9260,0.9950,0.9189,0.7583,1.0000,1.0000,1.0000,0.8731,0.8718,0.9132,0.9317,0.9345,0.9305,0.8113,0.8750,0.9534,0.9678,0.9383,0.8284,0.8915,1.0000,0.4765,0.8415,1.0000,0.8986,0.9691,0.9720,1.0000,0.8066,0.9307,1.0000,0.8802,0.8802,0.8982,1.0000,0.9937,0.9386,0.9797,0.8841,0.8838,1.0000,1.0000,0.8291,0.8161,0.9626,0.9763,1.0000,0.9038,0.8059,1.0000,0.9009,0.8905,0.9947,1.0000,1.0000,1.0000,0.9409,0.9083,1.0000,0.9002,1.0000,0.8176,0.9525,0.9045,0.8797,1.0000,1.0000,1.0000,1.0000,0.9492,0.9416,0.9018,0.8926,0.9768,1.0000,0.9049,1.0000,0.8031,1.0000,1.0000,1.0000,0.8955,1.0000,0.8657,1.0000,1.0000,1.0000,1.0000,1.0000,0.8501,1.0000,1.0000,0.9476,0.8746,1.0000,0.9532,0.8787,0.9629,0.9629,0.9629,1.0000,0.9466,0.1978,0.9805,0.1971,1.0000,0.9493,0.8114,0.8481,0.9407,0.8842,1.0000,1.0000,0.9933,1.0000,0.9904,1.0000
Solution Rank,,,,statistic,Rank by Sortino (0 = highest),#0 (SELECTED),#1,#2,#3,#4,#5,#6,#7,#8,#9,#10,#11,#12,#13,#14,#15,#16,#17,#18,#19,#20,#21,#22,#23,#24,#25,#26,#27,#28,#29,#30,#31,#32,#33,#34,#35,#36,#37,#38,#39,#40,#41,#42,#43,#44,#45,#46,#47,#48,#49,#50,#51,#52,#53,#54,#55,#56,#57,#58,#59,#60,#61,#62,#63,#64,#65,#66,#67,#68,#69,#70,#71,#72,#73,#74,#75,#76,#77,#78,#79,#80,#81,#82,#83,#84,#85,#86,#87,#88,#89,#90,#91,#92,#93,#94,#95,#96,#97,#98,#99,#100,#101,#102,#103,#104,#105,#106,#107,#108,#109,#110,#111,#112,#113,#114,#115,#116,#117,#118,#119,#120,#121,#122,#123,#124,#125,#126,#127,#128,#129,#130,#131,#132,#133,#134,#135,#136,#137,#138,#139,#140,#141,#142,#143,#144,#145,#146,#147,#148,#149,#150,#151,#152,#153,#154,#155,#156,#157,#158,#159,#160,#161,#162,#163,#164,#165,#166,#167,#168,#169,#170,#171,#172,#173,#174,#175,#176,#177,#178,#179,#180,#181,#182,#183,#184,#185,#186,#187,#188,#189,#190,#191,#192,#193,#194,#195,#196,#197,#198,#199,#200,#201,#202,#203,#204,#205,#206,#207,#208,#209,#210,#211,#212,#213,#214,#215,#216,#217,#218,#219,#220,#221,#222,#223,#224,#225,#226,#227,#228,#229,#230,#231,#232,#233,#234,#235,#236,#237,#238,#239,#240,#241,#242,#243,#244,#245,#246,#247,#248,#249,#250,#251,#252,#253,#254,#255,#256,#257,#258,#259,#260,#261,#262,#263,#264,#265,#266,#267,#268,#269,#270,#271,#272,#273,#274,#275,#276,#277,#278,#279,#280,#281,#282,#283,#284,#285,#286,#287,#288,#289,#290,#291,#292,#293,#294,#295,#296,#297,#298,#299,#300,#301,#302,#303,#304,#305,#306,#307,#308,#309,#310,#311,#312,#313,#314,#315,#316,#317,#318,#319,#320,#321,#322,#323,#324,#325,#326,#327,#328,#329,#330,#331,#332,#333,#334,#335,#336,#337,#338,#339,#340,#341,#342,#343,#344,#345,#346,#347,#348,#349,#350,#351,#352,#353,#354,#355,#356,#357,#358,#359,#360,#361,#362,#363,#364,#365,#366,#367,#368,#369,#370,#371,#372,#373,#374,#375,#376,#377,#378,#379,#380,#381,#382,#383,#384,#385,#386,#387,#388,#389,#390,#391,#392,#393,#394,#395,#396,#397,#398,#399,#400,#401,#402,#403,#404,#405,#406,#407,#408,#409,#410,#411,#412,#413,#414,#415,#416,#417,#418,#419,#420,#421,#422,#423,#424,#425,#426,#427,#428,#429,#430,#431,#432,#433,#434,#435,#436,#437,#438,#439,#440,#441,#442,#443,#444,#445,#446,#447,#448,#449,#450,#451,#452,#453,#454,#455,#456,#457,#458,#459,#460,#461,#462,#463,#464,#465,#466,#467,#468,#469,#470,#471,#472,#473,#474,#475,#476,#477,#478,#479,#480,#481,#482,#483,#484,#485,#486,#487,#488,#489,#490,#491,#492,#493,#494,#495,#496,#497,#498,#499,#500,#501,#502,#503,#504,#505,#506,#507,#508,#509,#510,#511,#512,#513,#514,#515,#516,#517,#518,#519,#520,#521,#522,#523,#524,#525,#526,#527,#528,#529,#530,#531,#532,#533,#534,#535,#536,#537,#538,#539,#540,#541,#542,#543,#544,#545,#546,#547,#548,#549,#550,#551,#552,#553,#554,#555,#556,#557,#558,#559,#560,#561,#562,#563,#564,#565,#566,#567,#568,#569,#570,#571,#572,#573,#574,#575,#576,#577,#578,#579,#580,#581,#582,#583,#584,#585,#586,#587,#588,#589,#590,#591,#592,#593,#594,#595,#596,#597,#598,#599,#600,#601,#602,#603,#604,#605,#606,#607,#608,#609,#610,#611,#612,#613,#614,#615,#616,#617,#618,#619,#620,#621,#622,#623,#624,#625,#626,#627,#628,#629,#630,#631,#632,#633,#634,#635,#636,#637,#638,#639,#640,#641,#642,#643,#644,#645,#646,#647,#648,#649,#650,#651,#652,#653,#654,#655,#656,#657,#658,#659,#660,#661,#662,#663,#664,#665,#666,#667,#668,#669,#670,#671,#672,#673,#674,#675,#676,#677,#678,#679,#680,#681,#682,#683,#684,#685,#686,#687,#688,#689,#690,#691,#692,#693,#694,#695,#696,#697,#698,#699,#700,#701,#702,#703,#704,#705,#706,#707,#708,#709,#710,#711,#712,#713,#714,#715,#716,#717,#718,#719,#720,#721,#722,#723,#724,#725,#726,#727,#728,#729,#730,#731,#732,#733,#734,#735,#736,#737,#738,#739,#740,#741,#742,#743,#744,#745,#746,#747,#748,#749,#750,#751,#752,#753,#754,#755,#756,#757,#758,#759,#760,#761,#762,#763,#764,#765,#766,#767,#768,#769,#770,#771,#772,#773,#774,#775,#776,#777,#778,#779,#780,#781,#782,#783,#784,#785,#786,#787,#788,#789,#790,#791,#792,#793,#794,#795
