Name,Value,Min,Max,Type,Description,Solution_0_SELECTED,Solution_1,Solution_2,Solution_3,Solution_4,Solution_5,Solution_6,Solution_7,Solution_8,Solution_9,Solution_10,Solution_11,Solution_12,Solution_13,Solution_14,Solution_15,Solution_16,Solution_17,Solution_18,Solution_19,Solution_20,Solution_21,Solution_22,Solution_23,Solution_24,Solution_25,Solution_26,Solution_27,Solution_28,Solution_29,Solution_30,Solution_31,Solution_32,Solution_33,Solution_34,Solution_35,Solution_36,Solution_37,Solution_38,Solution_39,Solution_40,Solution_41,Solution_42,Solution_43,Solution_44,Solution_45,Solution_46,Solution_47,Solution_48,Solution_49,Solution_50,Solution_51,Solution_52,Solution_53,Solution_54,Solution_55,Solution_56,Solution_57,Solution_58,Solution_59,Solution_60,Solution_61,Solution_62,Solution_63,Solution_64,Solution_65,Solution_66,Solution_67,Solution_68,Solution_69,Solution_70,Solution_71,Solution_72,Solution_73,Solution_74,Solution_75,Solution_76,Solution_77,Solution_78,Solution_79,Solution_80,Solution_81,Solution_82,Solution_83,Solution_84,Solution_85,Solution_86,Solution_87,Solution_88,Solution_89,Solution_90,Solution_91,Solution_92,Solution_93,Solution_94,Solution_95,Solution_96,Solution_97,Solution_98,Solution_99,Solution_100,Solution_101,Solution_102,Solution_103,Solution_104,Solution_105,Solution_106,Solution_107,Solution_108,Solution_109,Solution_110,Solution_111,Solution_112,Solution_113,Solution_114,Solution_115,Solution_116,Solution_117,Solution_118,Solution_119,Solution_120,Solution_121,Solution_122,Solution_123,Solution_124,Solution_125,Solution_126,Solution_127,Solution_128,Solution_129,Solution_130,Solution_131,Solution_132,Solution_133,Solution_134,Solution_135,Solution_136,Solution_137,Solution_138,Solution_139,Solution_140,Solution_141,Solution_142,Solution_143,Solution_144,Solution_145,Solution_146,Solution_147,Solution_148,Solution_149,Solution_150,Solution_151,Solution_152,Solution_153,Solution_154,Solution_155,Solution_156,Solution_157,Solution_158,Solution_159,Solution_160,Solution_161,Solution_162,Solution_163,Solution_164,Solution_165,Solution_166,Solution_167,Solution_168,Solution_169,Solution_170,Solution_171,Solution_172,Solution_173,Solution_174,Solution_175,Solution_176,Solution_177,Solution_178,Solution_179,Solution_180,Solution_181,Solution_182,Solution_183,Solution_184,Solution_185,Solution_186,Solution_187,Solution_188,Solution_189,Solution_190,Solution_191,Solution_192,Solution_193,Solution_194,Solution_195,Solution_196,Solution_197,Solution_198,Solution_199,Solution_200,Solution_201,Solution_202,Solution_203,Solution_204,Solution_205,Solution_206,Solution_207,Solution_208,Solution_209,Solution_210,Solution_211,Solution_212,Solution_213,Solution_214,Solution_215,Solution_216,Solution_217,Solution_218,Solution_219,Solution_220,Solution_221,Solution_222,Solution_223,Solution_224,Solution_225,Solution_226,Solution_227,Solution_228,Solution_229,Solution_230,Solution_231,Solution_232,Solution_233,Solution_234,Solution_235,Solution_236,Solution_237,Solution_238,Solution_239,Solution_240,Solution_241,Solution_242,Solution_243,Solution_244,Solution_245,Solution_246,Solution_247,Solution_248,Solution_249,Solution_250,Solution_251,Solution_252,Solution_253,Solution_254,Solution_255,Solution_256,Solution_257,Solution_258,Solution_259,Solution_260,Solution_261,Solution_262,Solution_263,Solution_264,Solution_265,Solution_266,Solution_267,Solution_268,Solution_269,Solution_270,Solution_271,Solution_272,Solution_273,Solution_274,Solution_275,Solution_276,Solution_277,Solution_278,Solution_279,Solution_280,Solution_281,Solution_282,Solution_283,Solution_284,Solution_285,Solution_286,Solution_287,Solution_288,Solution_289,Solution_290,Solution_291,Solution_292,Solution_293,Solution_294,Solution_295,Solution_296,Solution_297,Solution_298,Solution_299,Solution_300,Solution_301,Solution_302,Solution_303,Solution_304,Solution_305,Solution_306,Solution_307,Solution_308,Solution_309,Solution_310,Solution_311,Solution_312,Solution_313,Solution_314,Solution_315,Solution_316,Solution_317,Solution_318,Solution_319,Solution_320,Solution_321,Solution_322,Solution_323,Solution_324,Solution_325,Solution_326,Solution_327,Solution_328,Solution_329,Solution_330,Solution_331,Solution_332,Solution_333,Solution_334,Solution_335,Solution_336,Solution_337,Solution_338,Solution_339,Solution_340,Solution_341,Solution_342,Solution_343,Solution_344,Solution_345,Solution_346,Solution_347,Solution_348,Solution_349,Solution_350,Solution_351,Solution_352,Solution_353,Solution_354,Solution_355,Solution_356,Solution_357,Solution_358,Solution_359,Solution_360,Solution_361,Solution_362,Solution_363,Solution_364,Solution_365,Solution_366,Solution_367,Solution_368,Solution_369,Solution_370,Solution_371,Solution_372,Solution_373,Solution_374,Solution_375,Solution_376,Solution_377,Solution_378,Solution_379,Solution_380,Solution_381,Solution_382,Solution_383,Solution_384,Solution_385,Solution_386,Solution_387,Solution_388,Solution_389,Solution_390,Solution_391,Solution_392,Solution_393,Solution_394,Solution_395,Solution_396,Solution_397,Solution_398,Solution_399,Solution_400,Solution_401,Solution_402,Solution_403,Solution_404,Solution_405,Solution_406,Solution_407,Solution_408,Solution_409,Solution_410,Solution_411,Solution_412,Solution_413,Solution_414,Solution_415,Solution_416,Solution_417,Solution_418,Solution_419,Solution_420,Solution_421,Solution_422,Solution_423,Solution_424,Solution_425,Solution_426,Solution_427,Solution_428,Solution_429,Solution_430,Solution_431,Solution_432,Solution_433,Solution_434,Solution_435,Solution_436,Solution_437,Solution_438,Solution_439,Solution_440,Solution_441,Solution_442,Solution_443,Solution_444,Solution_445,Solution_446,Solution_447,Solution_448,Solution_449,Solution_450,Solution_451,Solution_452,Solution_453,Solution_454,Solution_455,Solution_456,Solution_457,Solution_458,Solution_459,Solution_460,Solution_461,Solution_462,Solution_463,Solution_464,Solution_465,Solution_466,Solution_467,Solution_468,Solution_469,Solution_470,Solution_471,Solution_472,Solution_473,Solution_474,Solution_475,Solution_476,Solution_477,Solution_478,Solution_479,Solution_480,Solution_481,Solution_482,Solution_483,Solution_484,Solution_485,Solution_486,Solution_487,Solution_488,Solution_489,Solution_490,Solution_491,Solution_492,Solution_493,Solution_494,Solution_495,Solution_496,Solution_497,Solution_498,Solution_499,Solution_500,Solution_501,Solution_502,Solution_503,Solution_504,Solution_505,Solution_506,Solution_507,Solution_508,Solution_509,Solution_510,Solution_511,Solution_512,Solution_513,Solution_514,Solution_515,Solution_516,Solution_517,Solution_518,Solution_519,Solution_520,Solution_521,Solution_522,Solution_523,Solution_524,Solution_525,Solution_526,Solution_527,Solution_528,Solution_529,Solution_530,Solution_531,Solution_532,Solution_533,Solution_534,Solution_535,Solution_536,Solution_537,Solution_538,Solution_539,Solution_540,Solution_541,Solution_542,Solution_543,Solution_544,Solution_545,Solution_546,Solution_547,Solution_548,Solution_549,Solution_550,Solution_551,Solution_552,Solution_553,Solution_554,Solution_555,Solution_556,Solution_557,Solution_558,Solution_559,Solution_560,Solution_561,Solution_562,Solution_563,Solution_564,Solution_565,Solution_566,Solution_567,Solution_568,Solution_569,Solution_570,Solution_571,Solution_572,Solution_573,Solution_574,Solution_575,Solution_576,Solution_577,Solution_578,Solution_579,Solution_580,Solution_581,Solution_582,Solution_583,Solution_584,Solution_585,Solution_586,Solution_587,Solution_588,Solution_589,Solution_590,Solution_591,Solution_592,Solution_593,Solution_594,Solution_595,Solution_596,Solution_597,Solution_598,Solution_599,Solution_600,Solution_601,Solution_602,Solution_603,Solution_604,Solution_605,Solution_606,Solution_607,Solution_608,Solution_609,Solution_610,Solution_611,Solution_612,Solution_613,Solution_614,Solution_615,Solution_616,Solution_617,Solution_618,Solution_619,Solution_620,Solution_621,Solution_622,Solution_623,Solution_624,Solution_625,Solution_626,Solution_627,Solution_628,Solution_629,Solution_630,Solution_631,Solution_632,Solution_633,Solution_634,Solution_635,Solution_636,Solution_637,Solution_638,Solution_639,Solution_640,Solution_641,Solution_642,Solution_643,Solution_644,Solution_645,Solution_646,Solution_647,Solution_648,Solution_649,Solution_650,Solution_651,Solution_652,Solution_653,Solution_654,Solution_655,Solution_656,Solution_657,Solution_658,Solution_659,Solution_660,Solution_661,Solution_662,Solution_663,Solution_664,Solution_665,Solution_666,Solution_667,Solution_668,Solution_669,Solution_670,Solution_671,Solution_672,Solution_673,Solution_674,Solution_675,Solution_676,Solution_677,Solution_678,Solution_679,Solution_680,Solution_681,Solution_682,Solution_683,Solution_684,Solution_685,Solution_686,Solution_687,Solution_688,Solution_689,Solution_690,Solution_691,Solution_692,Solution_693,Solution_694,Solution_695,Solution_696,Solution_697,Solution_698,Solution_699,Solution_700,Solution_701,Solution_702,Solution_703,Solution_704,Solution_705,Solution_706,Solution_707,Solution_708,Solution_709,Solution_710,Solution_711,Solution_712,Solution_713,Solution_714,Solution_715,Solution_716,Solution_717,Solution_718,Solution_719,Solution_720,Solution_721,Solution_722,Solution_723,Solution_724,Solution_725,Solution_726,Solution_727,Solution_728,Solution_729,Solution_730,Solution_731,Solution_732,Solution_733,Solution_734,Solution_735,Solution_736,Solution_737,Solution_738,Solution_739,Solution_740,Solution_741,Solution_742,Solution_743,Solution_744,Solution_745,Solution_746,Solution_747,Solution_748,Solution_749,Solution_750,Solution_751,Solution_752,Solution_753,Solution_754,Solution_755,Solution_756,Solution_757,Solution_758,Solution_759,Solution_760,Solution_761,Solution_762,Solution_763,Solution_764,Solution_765,Solution_766,Solution_767
__indicatorName,BB Strategy,,,,Strategy identifier,,,,,,,,,,,,,,,,,,,,,,,,,,,,,,,,,,,,,,,,,,,,,,,,,,,,,,,,,,,,,,,,,,,,,,,,,,,,,,,,,,,,,,,,,,,,,,,,,,,,,,,,,,,,,,,,,,,,,,,,,,,,,,,,,,,,,,,,,,,,,,,,,,,,,,,,,,,,,,,,,,,,,,,,,,,,,,,,,,,,,,,,,,,,,,,,,,,,,,,,,,,,,,,,,,,,,,,,,,,,,,,,,,,,,,,,,,,,,,,,,,,,,,,,,,,,,,,,,,,,,,,,,,,,,,,,,,,,,,,,,,,,,,,,,,,,,,,,,,,,,,,,,,,,,,,,,,,,,,,,,,,,,,,,,,,,,,,,,,,,,,,,,,,,,,,,,,,,,,,,,,,,,,,,,,,,,,,,,,,,,,,,,,,,,,,,,,,,,,,,,,,,,,,,,,,,,,,,,,,,,,,,,,,,,,,,,,,,,,,,,,,,,,,,,,,,,,,,,,,,,,,,,,,,,,,,,,,,,,,,,,,,,,,,,,,,,,,,,,,,,,,,,,,,,,,,,,,,,,,,,,,,,,,,,,,,,,,,,,,,,,,,,,,,,,,,,,,,,,,,,,,,,,,,,,,,,,,,,,,,,,,,,,,,,,,,,,,,,,,,,,,,,,,,,,,,,,,,,,,,,,,,,,,,,,,,,,,,,,,,,,,,,,,,,,,,,,,,,,,,,,,,,,,,,,,,,,,,,,,,,,,,,,,,,,,,,,,,,,,,,,,,,,,,,,,,,,,,,,,,,,,,,,,,,,,,,,,,,,,,,,,,,,,,,,,,,,,,,,,,,,,,,,,,
=== ENTRY CRITERIA ===,,,,,,,,,,,,,,,,,,,,,,,,,,,,,,,,,,,,,,,,,,,,,,,,,,,,,,,,,,,,,,,,,,,,,,,,,,,,,,,,,,,,,,,,,,,,,,,,,,,,,,,,,,,,,,,,,,,,,,,,,,,,,,,,,,,,,,,,,,,,,,,,,,,,,,,,,,,,,,,,,,,,,,,,,,,,,,,,,,,,,,,,,,,,,,,,,,,,,,,,,,,,,,,,,,,,,,,,,,,,,,,,,,,,,,,,,,,,,,,,,,,,,,,,,,,,,,,,,,,,,,,,,,,,,,,,,,,,,,,,,,,,,,,,,,,,,,,,,,,,,,,,,,,,,,,,,,,,,,,,,,,,,,,,,,,,,,,,,,,,,,,,,,,,,,,,,,,,,,,,,,,,,,,,,,,,,,,,,,,,,,,,,,,,,,,,,,,,,,,,,,,,,,,,,,,,,,,,,,,,,,,,,,,,,,,,,,,,,,,,,,,,,,,,,,,,,,,,,,,,,,,,,,,,,,,,,,,,,,,,,,,,,,,,,,,,,,,,,,,,,,,,,,,,,,,,,,,,,,,,,,,,,,,,,,,,,,,,,,,,,,,,,,,,,,,,,,,,,,,,,,,,,,,,,,,,,,,,,,,,,,,,,,,,,,,,,,,,,,,,,,,,,,,,,,,,,,,,,,,,,,,,,,,,,,,,,,,,,,,,,,,,,,,,,,,,,,,,,,,,,,,,,,,,,,,,,,,,,,,,,,,,,,,,,,,,,,,,,,,,,,,,,,,,,,,,,,,,,,,,,,,,,,,,,,,,,,,,,,,,,,,,,,,,,,,,,,,,,,,,,,,,,,,,,,,,,
Enable Long Trades,true,false,true,bool,Allow long entries,,,,,,,,,,,,,,,,,,,,,,,,,,,,,,,,,,,,,,,,,,,,,,,,,,,,,,,,,,,,,,,,,,,,,,,,,,,,,,,,,,,,,,,,,,,,,,,,,,,,,,,,,,,,,,,,,,,,,,,,,,,,,,,,,,,,,,,,,,,,,,,,,,,,,,,,,,,,,,,,,,,,,,,,,,,,,,,,,,,,,,,,,,,,,,,,,,,,,,,,,,,,,,,,,,,,,,,,,,,,,,,,,,,,,,,,,,,,,,,,,,,,,,,,,,,,,,,,,,,,,,,,,,,,,,,,,,,,,,,,,,,,,,,,,,,,,,,,,,,,,,,,,,,,,,,,,,,,,,,,,,,,,,,,,,,,,,,,,,,,,,,,,,,,,,,,,,,,,,,,,,,,,,,,,,,,,,,,,,,,,,,,,,,,,,,,,,,,,,,,,,,,,,,,,,,,,,,,,,,,,,,,,,,,,,,,,,,,,,,,,,,,,,,,,,,,,,,,,,,,,,,,,,,,,,,,,,,,,,,,,,,,,,,,,,,,,,,,,,,,,,,,,,,,,,,,,,,,,,,,,,,,,,,,,,,,,,,,,,,,,,,,,,,,,,,,,,,,,,,,,,,,,,,,,,,,,,,,,,,,,,,,,,,,,,,,,,,,,,,,,,,,,,,,,,,,,,,,,,,,,,,,,,,,,,,,,,,,,,,,,,,,,,,,,,,,,,,,,,,,,,,,,,,,,,,,,,,,,,,,,,,,,,,,,,,,,,,,,,,,,,,,,,,,,,,,,,,,,,,,,,,,,,,,,,,,,,,,,,,,,,,,,,,,,,,,,,,,,,,,,,,,,,,,
Enable Short Trades,true,false,true,bool,Allow short entries,,,,,,,,,,,,,,,,,,,,,,,,,,,,,,,,,,,,,,,,,,,,,,,,,,,,,,,,,,,,,,,,,,,,,,,,,,,,,,,,,,,,,,,,,,,,,,,,,,,,,,,,,,,,,,,,,,,,,,,,,,,,,,,,,,,,,,,,,,,,,,,,,,,,,,,,,,,,,,,,,,,,,,,,,,,,,,,,,,,,,,,,,,,,,,,,,,,,,,,,,,,,,,,,,,,,,,,,,,,,,,,,,,,,,,,,,,,,,,,,,,,,,,,,,,,,,,,,,,,,,,,,,,,,,,,,,,,,,,,,,,,,,,,,,,,,,,,,,,,,,,,,,,,,,,,,,,,,,,,,,,,,,,,,,,,,,,,,,,,,,,,,,,,,,,,,,,,,,,,,,,,,,,,,,,,,,,,,,,,,,,,,,,,,,,,,,,,,,,,,,,,,,,,,,,,,,,,,,,,,,,,,,,,,,,,,,,,,,,,,,,,,,,,,,,,,,,,,,,,,,,,,,,,,,,,,,,,,,,,,,,,,,,,,,,,,,,,,,,,,,,,,,,,,,,,,,,,,,,,,,,,,,,,,,,,,,,,,,,,,,,,,,,,,,,,,,,,,,,,,,,,,,,,,,,,,,,,,,,,,,,,,,,,,,,,,,,,,,,,,,,,,,,,,,,,,,,,,,,,,,,,,,,,,,,,,,,,,,,,,,,,,,,,,,,,,,,,,,,,,,,,,,,,,,,,,,,,,,,,,,,,,,,,,,,,,,,,,,,,,,,,,,,,,,,,,,,,,,,,,,,,,,,,,,,,,,,,,,,,,,,,,,,,,,,,,,,,,,,,,,,,,,,,,
Bollinger Band Length,5,1,5,int,Lookback period for BB,4,4,4,4,4,4,4,4,4,4,4,4,4,4,4,4,4,4,4,4,4,4,4,4,4,4,4,4,4,4,4,4,4,4,4,4,4,4,4,4,4,4,4,4,4,4,4,4,4,4,4,4,4,4,4,4,4,4,4,4,4,4,4,4,4,5,5,4,4,5,4,4,4,4,4,4,4,4,4,4,4,4,4,4,4,4,4,4,4,4,4,4,4,4,4,4,4,4,4,4,4,4,4,4,4,4,4,4,4,4,4,4,5,5,4,4,4,5,4,4,4,4,4,4,4,4,4,4,4,4,4,4,4,4,4,4,4,4,4,4,4,4,4,4,4,4,4,4,4,4,4,4,4,4,4,4,4,4,4,4,4,4,4,4,4,4,4,5,5,4,4,4,4,4,4,4,4,4,4,4,4,4,4,4,4,4,4,4,4,4,4,4,4,4,4,4,4,4,4,4,5,4,4,4,4,4,4,4,4,4,4,4,4,5,4,4,4,4,4,4,4,4,4,4,4,4,4,4,4,4,4,4,4,4,4,4,4,4,5,4,4,4,4,4,4,4,4,4,4,4,4,4,4,4,4,4,4,4,4,4,4,4,4,4,4,4,4,4,4,5,4,4,4,4,4,4,4,4,4,4,4,4,4,4,4,4,4,4,4,4,4,4,4,5,4,4,4,4,4,4,4,4,4,4,4,4,4,4,4,4,4,4,4,5,4,4,4,4,4,4,4,4,4,4,4,4,4,4,4,4,4,4,4,4,4,4,4,4,4,4,4,4,4,4,4,4,4,4,4,4,4,4,4,4,4,4,4,4,4,4,4,4,4,4,5,4,4,4,4,4,4,4,4,4,4,4,4,4,4,4,4,4,4,4,4,4,4,4,4,4,4,4,4,4,4,4,4,4,4,4,4,4,4,4,4,4,4,4,4,4,4,4,4,4,4,4,4,4,4,4,5,4,4,4,4,4,4,4,4,4,4,4,4,4,4,4,4,4,4,4,4,4,4,4,4,4,4,4,4,4,4,4,4,4,4,4,4,4,4,4,4,4,4,4,4,4,4,4,4,4,4,3,4,4,4,4,4,4,4,4,4,4,4,4,4,4,4,4,4,4,4,5,4,4,4,4,4,4,4,4,4,4,5,5,5,5,4,4,4,4,4,4,4,4,4,5,4,4,4,4,4,4,4,4,4,4,5,4,5,5,4,4,5,5,5,4,4,5,5,4,4,4,4,5,5,4,4,4,4,4,4,4,5,5,5,4,4,4,4,4,4,4,4,4,4,3,5,3,4,4,4,4,4,4,4,4,4,4,4,4,4,4,4,4,4,4,4,4,4,4,4,4,4,4,4,4,4,4,4,4,4,4,4,4,4,4,4,4,4,4,4,4,4,4,4,4,4,4,4,3,4,4,4,4,4,4,4,4,4,4,4,3,4,4,4,4,4,4,4,4,3,4,4,4,4,4,4,4,4,4,4,4,4,4,4,3,4,4,4,4,3,3,3,4,4,3,4,4,4,4,4,4,4,4,4,4,3,4,3,4,3,4,4,3,4,4,4,4,3,4,4,4,4,4,3,4,3,4,4,4,4,3,3,3,5,4,4,4,4,4,4,4,4,5,4,4,4,4,4,4,4,4,4,4,4,4,4,4,4,4,4,3,4,4,4,3,5,4,4,4,4,4,4,4,4,3,3,3,3,3,4,4,5,4,4,3,4,4,5,4,3,4,4,4,4,3,4,5
Bollinger Band StdDev,2,0.1,4,float,StdDev multiplier for BB width (Max capped at 3.0 to prevent overfitting),1.5371,1.4698,1.5316,1.4837,1.4835,1.4835,1.4837,1.5403,1.4837,1.5586,1.5491,1.4837,1.4842,1.4774,1.5309,1.5308,1.5403,1.5316,1.5316,1.5371,1.4973,1.5348,1.5394,1.5283,1.5283,1.5311,1.4833,1.4835,1.4964,1.4976,1.4891,1.4947,1.5309,1.5328,1.5403,1.5231,1.5231,1.4835,1.5328,1.4853,1.4834,1.5403,1.5366,1.5231,1.4855,1.5317,1.4835,1.5319,1.5321,1.5308,1.5354,1.5483,1.5308,1.5308,1.5308,1.5286,1.4923,1.4825,1.5221,1.4928,1.5308,1.5447,1.5451,1.5312,1.5308,1.6374,1.6374,1.5403,1.504,1.5272,1.5304,1.5394,1.5545,1.5325,1.5347,1.5421,1.4897,1.551,1.4994,1.4892,1.543,1.545,1.5419,1.4936,1.4953,1.5417,1.4988,1.4788,1.4969,1.4907,1.5471,1.5447,1.4852,1.5395,1.4953,1.4953,1.5467,1.4953,1.5399,1.5023,1.5441,1.5396,1.5392,1.5487,1.5288,1.5336,1.545,1.4858,1.5351,1.4953,1.5286,1.533,1.5698,1.5698,1.543,1.5403,1.5412,1.5409,1.5087,1.4944,1.5342,1.5476,1.5357,1.5338,1.5419,1.4986,1.4958,1.5146,1.5328,1.5438,1.4715,1.5526,1.4899,1.534,1.541,1.5406,1.5366,1.5489,1.543,1.4912,1.5416,1.5352,1.543,1.464,1.5412,1.5412,1.5412,1.5533,1.4985,1.5429,1.5429,1.5412,1.5305,1.5334,1.525,1.5526,1.5368,1.4911,1.4848,1.5381,1.4674,1.4959,1.5436,1.5455,1.5379,1.5601,1.5351,1.8356,1.8356,1.5381,1.4937,1.5412,1.4951,1.5362,1.543,1.543,1.4901,1.4844,1.5465,1.547,1.5367,1.5399,1.5435,1.5352,1.4905,1.5366,1.5373,1.5364,1.5369,1.4901,1.5489,1.5406,1.5333,1.5347,1.5403,1.5465,1.5396,1.5389,1.5401,1.4831,1.8549,1.5693,1.54,1.5456,1.5353,1.5425,1.5509,1.534,1.5315,1.5403,1.4901,1.5429,1.5391,1.8378,1.4884,1.4933,1.5454,1.5542,1.4933,1.5535,1.4892,1.5402,1.5349,1.4929,1.4929,1.4929,1.5384,1.4875,1.4889,1.485,1.4729,1.4933,1.4917,1.5319,1.5309,1.5364,1.4924,1.5418,1.8549,1.5379,1.5495,1.4961,1.4961,1.494,1.492,1.4833,1.4857,1.484,1.5411,1.4756,1.546,1.4949,1.544,1.4713,1.4962,1.5431,1.4828,1.5434,1.5368,1.4966,1.4914,1.5563,1.5563,1.4873,1.5404,1.4942,1.5411,1.4917,1.5397,1.5259,1.5306,1.5022,1.5444,1.4822,1.4802,1.5002,1.5369,1.4875,1.4915,1.5457,1.4954,1.5367,1.5394,1.4969,1.4911,1.5299,1.5419,1.4921,1.4962,1.4916,1.4973,1.5424,1.5419,1.8549,1.5309,1.4875,1.4318,1.5456,1.4855,1.4882,1.5444,1.5457,1.5383,1.545,1.5563,1.5563,1.4827,1.5393,1.4966,1.5374,1.5145,1.5001,1.5254,1.5206,1.4949,1.5471,1.5356,1.544,1.4946,1.4908,1.4947,1.4891,1.5494,1.539,1.5384,1.4826,1.4881,1.4843,1.4725,1.5077,1.5498,1.5387,1.4949,1.4911,1.4833,1.4931,1.5454,1.5442,1.5365,1.4915,1.5426,1.5432,1.534,1.4674,1.5322,1.5339,1.4904,1.557,1.4981,1.4866,1.4832,1.537,1.5384,1.4992,1.5463,1.5346,1.5414,1.5416,1.489,1.4984,1.4978,1.4936,1.493,1.5589,1.7271,1.5388,1.4919,1.509,1.5351,1.4989,1.4984,1.5484,1.4953,1.5604,1.4906,1.5354,1.4908,1.5363,1.5363,1.5363,1.4942,1.5368,1.5403,1.5581,1.5402,1.5575,1.5425,1.5368,1.4906,1.5475,1.4914,1.4923,1.5411,1.4958,1.4843,1.5494,1.5027,1.5358,1.5414,1.5331,1.5339,1.5332,1.4931,1.4882,1.5033,1.4948,1.5413,1.7752,1.51,1.5402,1.7695,1.4586,1.4586,1.494,1.4936,1.5456,1.4893,1.5373,1.4943,1.4954,1.6307,1.5485,1.4938,1.4938,1.4869,1.5383,1.5321,1.5368,1.5033,1.5358,1.5342,1.5314,1.487,1.4996,1.5381,1.5363,1.4906,1.4951,1.5413,1.5325,1.5427,1.4951,1.4858,1.4994,1.548,1.5136,1.4931,1.4928,1.4833,1.5368,1.5001,1.5351,1.5381,1.4927,1.5371,1.56,1.4972,1.4875,1.5425,1.4927,1.544,1.5481,1.5494,1.4967,1.4829,1.4937,1.5448,1.4946,1.5503,1.5501,1.5352,1.3285,1.5448,1.5421,1.4964,1.4999,1.5354,1.544,1.5368,1.5216,1.478,1.4915,1.5504,1.538,1.4915,1.5357,1.5405,1.5493,1.5437,1.538,1.5041,1.6558,1.7926,1.5433,1.5423,1.5406,1.5343,1.4939,1.5438,1.4858,1.4835,1.5398,1.0084,1.0084,1.0084,1.0084,1.4752,1.4818,1.4752,1.5395,1.4957,1.4883,1.5316,1.5421,1.4756,1.1267,1.5376,1.4794,1.4835,1.4967,1.4825,1.5378,1.5363,1.5457,1.4904,1.5381,1.1571,1.4767,1.0084,1.0084,1.5363,1.556,1.0062,1.0062,1.0062,1.5357,1.4996,1.0517,0.9988,1.4676,1.4724,1.5405,1.4913,1.168,1.0144,1.4963,1.5411,1.4883,1.5333,1.4826,1.5456,1.5357,1.0527,0.8919,0.8784,1.5454,1.5437,1.5008,1.4769,1.5407,1.4811,1.5383,1.4806,1.4997,1.5388,1.1039,1.1571,1.2344,1.5411,1.5416,1.5394,1.5492,1.536,1.5479,1.5411,1.5426,1.4789,1.5364,1.4796,1.4838,1.5363,1.5377,1.559,1.4942,1.4808,1.538,1.4992,1.487,1.5478,1.5416,1.5384,1.4906,1.5518,1.5384,1.5443,1.5474,1.4907,1.5364,1.5153,1.3329,1.5413,1.5015,1.5512,1.5421,1.5097,1.4837,1.5346,1.5324,1.5413,1.5011,1.5505,1.5438,1.532,1.5597,1.5422,1.5458,1.5383,1.4934,1.461,1.2505,1.5431,1.482,1.5506,1.5504,1.4743,1.5385,1.5442,1.5,1.5624,1.4965,1.5489,1.2631,1.4855,1.5519,1.538,1.5333,1.5476,1.3386,1.5275,1.5363,1.2251,1.5383,1.536,1.4802,1.5558,1.4906,1.8553,1.5088,1.4843,1.4545,1.4981,1.531,1.4896,1.5421,1.481,1.2621,1.5421,1.5378,1.4795,1.4966,1.1039,1.1039,1.2164,1.4916,1.4952,1.2329,1.5418,1.4982,1.4744,1.498,1.4937,1.493,1.4792,1.4874,1.4813,1.4917,1.2251,1.4884,1.1039,1.4792,1.2125,1.548,1.4843,1.0023,1.4833,1.4866,1.4874,1.4951,1.329,1.4985,1.4772,1.5411,1.5404,1.499,1.2612,1.4842,1.2184,1.4784,1.5128,1.4864,1.4955,1.2184,1.2696,1.2696,1.7526,1.5239,1.4933,1.49,1.5563,1.4906,1.4875,1.5224,1.4842,1.7867,1.4933,1.8054,1.5095,1.085,1.5253,1.4882,1.4888,1.4964,1.4981,1.5075,1.5165,1.4972,1.5103,1.546,1.3051,1.8737,1.5095,1.1007,1.5095,1.5018,1.4854,1.1776,0.9835,1.4875,1.4955,1.4875,1.49,1.4871,0.7688,0.9821,0.9794,0.7171,0.7171,0.7171,0.7171,0.7171,0.7715,0.9794,1.0269,0.7715,0.9811,1.2621,1.4858,1.085,1.7803,0.7952,1.559,1.3331,1.3331,1.3331,1.3331,1.128,1.3331,1.7526
Long Entry on Wick Touch,0,0,1,int,"Enter if low touches lower band (0=false, 1=true) - OPTIMIZABLE",1,1,1,1,1,1,1,1,1,1,1,1,1,1,1,1,1,1,1,1,1,1,1,1,1,1,1,1,1,1,1,1,1,1,1,1,1,1,1,1,1,1,1,1,1,1,1,1,1,1,1,1,1,1,1,1,1,1,1,1,1,1,1,1,1,1,1,1,1,1,1,1,1,1,1,1,1,1,1,1,1,1,1,1,1,1,1,1,1,1,1,1,1,1,1,1,1,1,1,1,1,1,1,1,1,1,1,1,1,1,1,1,1,1,1,1,1,1,1,1,1,1,1,1,1,1,1,1,1,1,1,1,1,1,1,1,1,1,1,1,1,1,1,1,1,1,1,1,1,1,1,1,1,1,1,1,1,1,1,1,1,1,1,1,1,1,1,1,1,1,1,1,1,1,1,1,1,1,1,1,1,1,1,1,1,1,1,1,1,1,1,1,1,1,1,1,1,1,1,1,1,1,1,1,1,1,1,1,1,1,1,1,1,1,1,1,1,1,1,1,1,1,1,1,1,1,1,1,1,1,1,1,1,1,1,1,1,1,1,1,1,1,1,1,1,1,1,1,1,1,1,1,1,1,1,1,1,1,1,1,1,1,1,1,1,1,1,1,1,1,1,1,1,1,1,1,1,1,1,1,1,1,1,1,1,1,1,1,1,1,1,1,1,1,1,1,1,1,1,1,1,1,1,1,1,1,1,1,1,1,1,1,1,1,1,1,1,1,1,1,1,1,1,1,1,1,1,1,1,1,1,1,1,1,1,1,1,1,1,1,1,1,1,1,1,1,1,1,1,1,1,1,1,1,1,1,1,1,1,1,1,1,1,1,1,1,1,1,1,1,1,1,1,1,1,1,1,1,1,1,1,1,1,1,1,1,1,1,1,1,1,1,1,1,1,1,1,1,1,1,1,1,1,1,1,1,1,1,1,1,1,1,1,1,1,1,1,1,1,1,1,1,1,1,1,1,1,1,1,1,1,1,1,1,1,1,1,1,1,1,1,1,1,1,1,1,1,1,1,1,1,1,1,1,1,1,1,1,1,1,1,1,1,1,1,1,1,1,1,1,1,1,1,1,1,1,1,1,1,1,1,1,1,1,1,1,1,1,1,1,1,1,1,1,1,1,1,1,1,1,1,1,1,1,1,1,1,1,1,1,1,1,1,1,1,1,1,1,1,1,1,1,1,1,1,1,1,1,1,1,1,1,1,1,1,1,1,1,1,1,1,1,1,1,1,1,1,1,1,1,1,1,1,1,1,1,1,1,1,1,1,1,1,1,1,1,1,1,1,1,1,1,1,1,1,1,1,1,1,1,1,1,1,1,1,1,1,1,1,1,1,1,1,1,1,1,1,1,1,1,1,1,1,1,1,1,1,1,1,1,1,1,1,1,1,1,1,1,1,1,1,1,1,1,1,1,1,1,1,1,1,1,1,1,1,1,1,1,1,1,1,1,1,1,1,1,1,1,1,1,1,1,1,1,1,1,1,1,1,1,1,1,1,1,1,1,1,1,1,1,1,1,1,1,1,1,1,1,1,1,1,1,1,1,1,1,1,1,1,1,1,1,1,1,1,1,1,1,1,1,1,1,1,1,1,1,1,1,1,1,1,1,1,1,1,1,1,1,1,1,1,1,1,1,1,1,1,1,1,1,1,1,1,1,1,1,1,1,1,1,1,1,1,1,1,1,1,1,1,1,1,1,1,1,1,1,1,1,1,1,1,1,1,1,1,1,1,1
Long Entry on Body in Zone,1,0,1,int,"Enter if close ≤ lower band (0=false, 1=true) - OPTIMIZABLE",1,0,1,1,1,1,1,1,1,1,1,1,1,1,1,1,1,1,1,1,1,0,1,1,1,1,1,1,1,1,1,1,1,1,1,1,1,1,1,1,1,1,1,1,1,1,1,1,1,1,1,1,1,1,1,1,1,1,1,1,1,1,1,1,1,0,0,1,1,1,1,1,1,1,1,1,1,1,1,1,1,1,1,1,1,1,1,1,1,1,1,1,1,1,1,1,1,1,1,1,1,1,1,1,1,1,1,1,1,1,1,1,1,1,1,1,1,1,1,1,1,1,1,1,1,1,1,1,1,1,1,1,1,1,1,1,1,1,1,1,1,1,1,1,1,1,1,1,1,1,1,1,1,1,1,1,1,1,1,1,1,1,1,1,1,1,1,1,1,1,1,1,1,1,1,1,1,1,1,1,1,1,1,1,1,1,1,1,1,1,1,1,1,1,1,1,1,1,1,1,1,1,1,1,1,1,1,1,1,1,1,1,1,1,1,1,1,1,1,1,1,1,1,1,1,1,1,1,1,1,1,1,1,1,1,1,1,1,1,1,1,1,1,1,1,1,1,1,1,1,1,1,1,1,1,1,1,1,1,1,1,1,1,1,1,1,1,1,1,1,1,1,1,1,1,1,1,1,1,1,1,1,1,1,1,1,1,1,1,1,1,1,1,1,1,1,1,1,1,1,1,1,1,1,1,1,1,1,1,1,1,1,1,1,1,1,1,1,1,1,1,1,1,1,1,1,1,1,1,1,1,1,1,1,1,1,1,1,1,1,1,1,1,1,1,1,1,1,1,1,1,1,1,1,1,1,1,1,1,1,1,1,1,1,1,1,1,1,1,1,1,1,1,0,1,1,1,1,1,1,1,1,1,1,1,1,1,1,1,1,1,1,1,1,1,1,1,1,1,1,1,1,1,1,1,1,1,1,1,1,1,1,1,1,1,1,1,1,1,1,1,1,1,1,1,1,1,1,1,1,1,1,1,1,1,1,1,1,1,1,1,1,1,1,1,1,1,1,1,1,1,1,1,1,1,1,1,1,1,1,1,1,1,1,1,1,1,1,1,1,0,1,1,1,1,1,1,1,1,1,1,1,1,1,1,1,1,1,1,1,1,0,1,1,1,1,1,1,1,1,1,1,1,1,1,1,1,1,1,1,1,1,1,1,1,1,1,1,1,1,1,1,1,1,1,1,1,1,1,1,1,1,1,1,1,1,1,1,1,1,1,1,1,1,1,1,1,1,1,1,1,1,1,1,1,1,1,1,1,1,1,1,1,1,1,1,1,1,1,1,1,1,1,1,1,1,1,1,1,1,1,1,1,1,1,1,1,1,1,1,1,1,1,1,1,1,1,1,1,1,1,1,1,1,1,1,1,1,1,1,1,1,1,1,1,1,1,1,1,1,1,1,1,1,1,1,1,1,1,1,1,1,1,1,1,1,1,1,1,1,1,1,1,1,1,1,1,1,1,1,1,1,1,1,1,0,1,1,1,1,1,1,1,1,1,1,1,1,1,1,1,1,1,1,1,1,1,1,1,1,1,1,1,0,1,1,1,1,0,1,1,1,1,0,1,1,1,1,1,1,1,1,0,0,1,1,1,1,1,1,1,1,1,1,1,1,1,0,1,1,1,1,1,1,1,1,1,1,1,1,1,1,1,1,1,1,1,1,1,1,1,1,0,0,0,1,1,1,1,1,0,0,1,0,0,0,1,0,1,0,1,1,1,1,1,1,1,1
Long Trigger (% From Lower Band),0.5,0,2,float,% below lower band to trigger (min 0.5% to avoid band extremes),0.0,0.0,0.0,0.0,0.0,0.0,0.0,0.0,0.0,0.0,0.0,0.0,0.0,0.0,0.0,0.0,0.0,0.0,0.0,0.0,0.0,0.0,0.0,0.0,0.0,0.0,0.0,0.0,0.0,0.0,0.0,0.0,0.0,0.0,0.0,0.0,0.0,0.0,0.0,0.0,0.0,0.0,0.0,0.0,0.0,0.0,0.0,0.0,0.0,0.0,0.0,0.0,0.0,0.0,0.0,0.0,0.0,0.0,0.0,0.0,0.0,0.0,0.0,0.0,0.0,0.0,0.0,0.0,0.0,0.0,0.0,0.0,0.0,0.0,0.0,0.0,0.0,0.0,0.0,0.0,0.0,0.0,0.0,0.0,0.0,0.0,0.0,0.0,0.0,0.0,0.0,0.0,0.0,0.0,0.0,0.0,0.0,0.0,0.0,0.0,0.0,0.0,0.0,0.0,0.0,0.0,0.0,0.0,0.0,0.0,0.0,0.0,0.0,0.0,0.0,0.0,0.0,0.0,0.0,0.0,0.0,0.0,0.0,0.0,0.0,0.0,0.0,0.0,0.0,0.0,0.0,0.0,0.0,0.0,0.0,0.0,0.0,0.0,0.0,0.0,0.0,0.0,0.0,0.0,0.0,0.0,0.0,0.0,0.0,0.0,0.0,0.0,0.0,0.0,0.0,0.0,0.0,0.0,0.0,0.0,0.0,0.0,0.0,0.0,0.0,0.0,0.0,0.0,0.0,0.0,0.0,0.0,0.0,0.0,0.0,0.0,0.0,0.0,0.0,0.0,0.0,0.0,0.0,0.0,0.0,0.0,0.0,0.0,0.0,0.0,0.0,0.0,0.0,0.0,0.0,0.0,0.0,0.0,0.0,0.0,0.0,0.0,0.0,0.0,0.0,0.0,0.0,0.0,0.0,0.0,0.0,0.0,0.0,0.0,0.0,0.0,0.0,0.0,0.0,0.0,0.0,0.0,0.0,0.0,0.0,0.0,0.0,0.0,0.0,0.0,0.0,0.0,0.0,0.0,0.0,0.0,0.0,0.0,0.0,0.0,0.0,0.0,0.0,0.0,0.0,0.0,0.0,0.0,0.0,0.0,0.0,0.0,0.0,0.0,0.0,0.0,0.0,0.0,0.0,0.0,0.0,0.0,0.0,0.0,0.0,0.0,0.0,0.0,0.0,0.0,0.0,0.0,0.0,0.0,0.0,0.0,0.0,0.0,0.0,0.0,0.0,0.0,0.0,0.0,0.0,0.0,0.0,0.0,0.0,0.0,0.0,0.0,0.0,0.0,0.0,0.0,0.0,0.0,0.0,0.0,0.0,0.0,0.0,0.0,0.0,0.0,0.0,0.0,0.0,0.0,0.0,0.0,0.0,0.0,0.0,0.0,0.0,0.0,0.0,0.0,0.0,0.0,0.0,0.0,0.0,0.0,0.0,0.0,0.0,0.0,0.0,0.0,0.0,0.0,0.0,0.0,0.0,0.0,0.0,0.0,0.0,0.0,0.0,0.0,0.0,0.0,0.0,0.0,0.0,0.0,0.0,0.0,0.0,0.0,0.0,0.0,0.0,0.0,0.0,0.0,0.0,0.0,0.0,0.0,0.0,0.0,0.0,0.0,0.0,0.0,0.0,0.0,0.0,0.0,0.0,0.0,0.0,0.0,0.0,0.0,0.0,0.0,0.0,0.0,0.0,0.0,0.0,0.0,0.0,0.0,0.0,0.0,0.0,0.0,0.0,0.0,0.0,0.0,0.0,0.0,0.0,0.0,0.0,0.0,0.0,0.0,0.0,0.0,0.0,0.0,0.0,0.0,0.0,0.0,0.0,0.0,0.0,0.0,0.0,0.0,0.0,0.0,0.0,0.0,0.0,0.0,0.0,0.0,0.0,0.0,0.0,0.0,0.0,0.0,0.0,0.0,0.0,0.0,0.0,0.0,0.0,0.0,0.0,0.0,0.0,0.0,0.0,0.0,0.0,0.0,0.0,0.0,0.0,0.0,0.0,0.0,0.0,0.0,0.0,0.0,0.0,0.0,0.0,0.0,0.0,0.0,0.0,0.0,0.0,0.0,0.0,0.0,0.0,0.0,0.0,0.0,0.0,0.0,0.0,0.0,0.0,0.0,0.0,0.0,0.0,0.0,0.0,0.0,0.0,0.0,0.0,0.0,0.0,0.0,0.0,0.0,0.0,0.0,0.0,0.0,0.0,0.0,0.0,0.0,0.0,0.0,0.0,0.0,0.0,0.0,0.0,0.0,0.0,0.0,0.0,0.0,0.0,0.0,0.0,0.0,0.0,0.0,0.0,0.0,0.0,0.0,0.0,0.0,0.0,0.0,0.0,0.0,0.0,0.0,0.0,0.0,0.0,0.0,0.0,0.0,0.0,0.0,0.0,0.0,0.0,0.0,0.0,0.0,0.0,0.0,0.0,0.0,0.0,0.0,0.0,0.0,0.0,0.0,0.0,0.0,0.0,0.0,0.0,0.0,0.0,0.0,0.0,0.0,0.0,0.0,0.0,0.0,0.0,0.0,0.0,0.0,0.0,0.0,0.0,0.0,0.0,0.0,0.0,0.0,0.0,0.0,0.0,0.0,0.0,0.0,0.0,0.0,0.0,0.0,0.0,0.0,0.0,0.0,0.0,0.0,0.0,0.0,0.0,0.0,0.0,0.0,0.0,0.0,0.0,0.0,0.0,0.0,0.0,0.0,0.0,0.0,0.0,0.0,0.0,0.0,0.0,0.0,0.0,0.0,0.0,0.0,0.0,0.0,0.0,0.0,0.0,0.0,0.0,0.0,0.0,0.0,0.0,0.0,0.0,0.0,0.0,0.0,0.0,0.0,0.0,0.0,0.0,0.0,0.0,0.0,0.0,0.0,0.0,0.0,0.0,0.0,0.0,0.0,0.0,0.0,0.0,0.0,0.0,0.0,0.0,0.0,0.0,0.0,0.0,0.0,0.0,0.0,0.0,0.0,0.0,0.0,0.0,0.0,0.0,0.0,0.0,0.0,0.0,0.0,0.0,0.0,0.0,0.0,0.0,0.0,0.0,0.0,0.0,0.0,0.0,0.0,0.0,0.0,0.0,0.0,0.0,0.0,0.0,0.0,0.0,0.0,0.0,0.0,0.0,0.0,0.0,0.0,0.0,0.0,0.0,0.0,0.0,0.0,0.0,0.0,0.0,0.0,0.0,0.0,0.0,0.0,0.0,0.0,0.0,0.0,0.0,0.0,0.0,0.0,0.0,0.0,0.0,0.0,0.0,0.0,0.0,0.0,0.0,0.0,0.0,0.0,0.0,0.0,0.0,0.0,0.0,0.0,0.0,0.0,0.0,0.0,0.0,0.0,0.0,0.0,0.0,0.0,0.0,0.0,0.0,0.0,0.0,0.0
Short Entry on Wick Touch,0,0,1,int,"Enter if high touches upper band (0=false, 1=true) - OPTIMIZABLE",0,0,0,0,0,0,0,0,0,0,0,1,0,0,0,0,0,0,0,0,0,0,0,0,0,0,0,0,0,0,0,0,0,0,0,0,0,0,0,0,0,0,0,0,0,0,0,0,0,0,0,0,0,0,0,0,0,0,0,0,0,0,0,0,0,0,0,0,0,1,0,0,0,0,0,0,0,0,0,0,0,0,0,0,0,0,0,0,0,0,0,0,0,0,0,0,0,0,0,0,0,0,0,0,0,0,0,0,0,0,0,0,0,0,0,0,0,0,0,0,0,0,0,0,0,0,0,0,0,0,0,0,0,0,0,0,0,0,0,0,0,0,0,0,0,0,0,0,0,0,0,0,0,0,0,0,0,0,0,0,0,0,0,0,0,0,0,0,0,0,0,0,0,0,0,0,0,0,0,0,0,0,0,0,0,0,0,0,0,0,0,0,0,0,0,0,0,0,0,0,0,0,0,0,0,0,0,0,0,0,0,0,0,0,0,0,0,0,0,0,0,0,0,0,0,0,0,0,0,0,0,0,0,0,0,0,0,0,0,0,0,0,0,0,0,0,0,0,0,0,0,0,0,0,0,0,0,0,0,0,0,0,0,0,0,0,0,0,0,0,0,0,0,0,0,0,0,0,0,0,0,0,0,0,0,0,0,0,0,0,0,0,0,0,0,0,0,0,0,0,0,0,0,0,0,0,0,0,0,0,0,0,0,0,0,0,0,0,0,0,0,0,0,0,0,0,0,0,0,0,0,0,0,0,0,0,0,0,0,0,0,0,0,0,0,0,0,0,0,0,0,0,0,0,0,0,0,0,0,0,0,0,0,0,0,0,0,0,0,0,0,0,0,0,0,0,0,0,0,0,0,0,0,0,0,0,0,0,0,0,0,0,0,0,0,0,0,0,0,0,0,0,0,0,0,0,0,0,0,0,0,0,0,0,0,0,0,0,0,0,0,0,0,0,0,0,0,0,0,0,0,0,0,0,0,0,0,0,0,0,0,0,0,0,0,0,0,0,0,0,0,0,0,0,0,0,0,0,0,0,0,0,0,0,0,0,0,0,0,0,0,0,0,0,0,0,0,0,0,0,0,0,0,0,0,0,0,0,0,0,0,0,0,0,0,0,0,0,0,0,0,0,0,0,0,0,0,0,0,0,0,0,0,0,0,0,0,0,0,0,0,0,0,0,0,0,0,0,0,0,0,0,0,0,0,0,0,0,0,0,0,0,0,0,0,0,0,0,0,0,0,0,0,0,0,0,0,0,0,0,0,0,0,0,0,0,0,0,0,0,0,0,0,0,0,0,0,0,0,0,0,0,0,0,0,0,0,0,0,0,0,0,0,0,0,0,0,0,0,0,0,0,0,0,0,0,0,0,0,0,0,0,0,0,0,0,0,0,0,0,0,0,0,0,0,0,0,0,0,0,0,0,0,0,0,0,0,0,0,0,0,0,0,0,0,0,0,0,0,0,0,0,0,0,0,0,0,0,0,0,0,0,0,0,0,0,0,0,0,0,0,0,0,0,0,0,0,0,0,0,0,0,0,0,0,0,0,0,0,0,0,0,0,0,0,0,0,0,0,0,0,0,0,0,0,0,0,0,0,0,0,0,0,0,0,0,0,0,0,0,0,0,0,0,0,0,0,0,0,0,0,0,0,0,0,0,0,0,0,0,0,0,0,0,0,0,0,0,0,0,0,0,0,0,0,0,0,0,0,0,0,0,0,0,0,0,0,0
Short Entry on Body in Zone,1,0,1,int,"Enter if close ≥ upper band (0=false, 1=true) - OPTIMIZABLE",1,1,1,1,1,1,1,1,1,1,1,1,1,1,1,1,1,1,1,1,1,1,1,1,1,1,1,1,1,1,0,1,1,1,1,1,1,1,1,1,1,1,1,1,1,1,1,1,1,1,1,1,1,1,1,1,1,1,1,1,1,1,1,1,1,1,1,1,1,1,1,1,1,0,1,1,1,1,1,1,1,1,1,1,1,1,1,1,1,1,1,1,1,1,1,1,1,1,1,0,0,1,1,1,1,1,1,1,1,1,1,1,1,1,1,1,1,1,1,1,1,1,1,1,1,1,1,1,1,1,1,1,1,1,1,1,1,1,1,1,1,1,1,1,1,1,1,1,1,1,1,1,1,1,1,1,1,1,1,1,1,1,1,1,1,1,1,1,1,1,1,1,1,1,1,1,1,1,1,1,1,1,1,1,1,1,1,1,1,1,1,1,1,1,1,1,1,1,1,1,1,1,1,1,1,1,1,1,1,1,1,1,1,1,1,1,1,1,1,1,1,1,1,1,1,1,1,1,1,1,1,1,1,1,1,1,1,1,1,1,1,1,1,1,1,1,1,1,1,1,1,1,1,1,1,1,1,1,1,1,1,1,1,1,1,1,1,1,1,1,1,1,1,1,1,1,1,1,1,1,1,1,1,1,1,1,1,1,1,1,1,1,1,1,1,1,1,1,1,1,1,1,1,1,1,1,1,1,1,1,1,1,1,1,1,1,1,1,1,1,1,1,1,1,1,1,1,1,1,1,1,1,1,1,1,1,1,1,1,1,1,1,1,1,1,1,1,1,1,1,1,1,1,1,1,1,1,1,1,1,1,1,1,1,1,1,1,1,1,1,1,1,1,1,1,1,1,1,1,1,1,1,1,1,1,1,1,1,1,1,1,1,1,1,1,1,1,1,1,1,1,1,1,1,1,1,1,1,1,1,1,1,1,1,1,1,0,1,1,1,1,1,1,1,1,1,1,1,1,1,1,1,1,1,1,1,1,1,1,1,1,1,1,1,1,1,1,1,1,1,1,1,1,1,1,1,1,1,1,1,1,1,1,1,0,1,1,1,1,1,0,1,1,1,1,1,1,1,1,1,1,1,1,1,1,1,1,1,1,1,1,1,1,1,1,1,1,1,1,1,1,1,1,1,1,1,1,1,1,1,1,1,1,1,1,0,1,1,1,1,1,1,1,1,1,1,1,1,1,1,1,1,1,1,1,1,1,1,1,1,1,1,1,1,1,1,1,1,1,1,1,1,1,1,1,1,1,1,1,1,1,1,1,1,1,1,1,1,1,1,1,1,1,1,1,1,1,1,1,1,1,1,1,1,1,1,1,1,1,1,1,1,1,0,1,1,1,1,1,1,1,1,1,1,1,1,1,1,1,1,1,1,1,1,1,1,0,1,1,1,1,1,1,1,1,1,1,0,1,1,1,1,1,1,1,1,1,1,1,1,1,1,1,1,1,1,1,1,1,1,1,1,1,1,0,1,1,1,1,1,1,1,1,1,1,1,1,1,1,1,1,1,1,1,1,0,1,1,1,1,1,1,1,1,1,1,1,1,1,1,1,1,1,1,1,1,1,1,1,1,1,1,1,1,1,1,1,1,1,1,1,1,1,0,1,1,1,1,1,1,1,1,1,1,1,1,1,1,1,1,1,1,1,1,1,1,1,1,1,1,1,1,1,1,1,1,1,1,1,1,1,1,1,1,1,1,1,1,1,1,1,1,1,1,1,1,1,1
Short Trigger (% From Upper Band),0.5,0,2,float,% above upper band to trigger (min 0.5% to avoid band extremes),0.3468,0.4362,0.3468,0.5551,0.5535,0.5508,0.556,0.774,0.5551,0.6834,0.7787,0.5551,0.882,0.556,1.407,1.3931,0.8816,0.7026,0.7026,0.6698,0.5241,0.3557,1.1875,1.4519,1.4519,1.2993,0.9801,0.5508,1.0815,0.4942,1.9443,2.0,0.5236,1.1931,0.8816,0.9755,0.9541,0.5514,1.1931,1.4918,0.5541,0.8816,1.2125,0.9541,1.4616,0.4485,0.5493,1.1407,1.2106,1.4595,0.9192,0.4961,1.1979,1.1342,1.4595,0.4919,0.5767,0.5507,1.2065,0.8065,1.4595,0.5068,0.4797,0.8607,1.4595,1.4132,1.2853,0.8983,0.4515,1.0412,0.9701,1.1875,0.4834,0.4809,1.3055,0.7898,0.7613,1.1229,1.5133,1.069,0.9205,0.0902,0.9939,1.3244,1.3009,0.4718,1.4597,0.9514,1.2431,0.7655,0.5724,0.5573,0.8649,1.0983,1.3009,1.3009,0.3009,1.3009,1.5949,1.3148,1.9439,1.2252,1.0441,1.1492,1.9158,0.5721,0.0902,1.2067,0.5265,1.3009,1.1832,0.8662,0.7499,1.2173,1.0617,0.7397,0.569,0.2472,1.1405,1.1953,0.9679,1.019,0.3038,0.9296,0.7688,1.5871,2.0,1.1033,0.7656,0.6502,0.9232,1.2833,0.5287,0.8295,0.9218,1.3771,0.8889,0.5311,1.0617,0.6224,0.8465,1.2449,1.1019,0.6114,0.7543,0.7543,0.569,1.1344,1.1443,0.9904,0.8243,0.7543,0.0,0.7103,0.5532,0.345,0.9909,1.0204,1.4592,0.5876,1.05,0.7191,1.2197,0.233,0.4184,0.0,1.3812,1.3006,1.3006,0.5876,0.9941,0.5502,1.1623,0.8295,1.2078,0.6897,1.7323,0.5311,1.0148,0.7872,1.4371,0.5332,0.7864,1.3759,0.6879,0.862,0.1285,0.8934,0.8624,1.7323,0.7802,1.3626,1.2528,1.3028,0.7454,0.6307,0.8997,1.0676,0.9419,1.523,1.103,1.0133,0.9007,0.2403,1.0884,1.2931,1.2578,0.576,0.9172,0.8061,1.7295,0.9904,1.033,1.3091,1.1726,1.2714,1.6087,1.2024,0.622,0.0,0.7618,0.7432,0.2249,1.6524,1.408,1.408,0.0916,0.874,0.5322,0.2804,1.7797,1.5289,0.8048,0.4911,1.4744,0.6331,1.0758,0.7193,1.1403,0.6674,1.4667,1.4346,1.3898,1.8036,1.6329,1.9587,0.1337,1.2268,1.6162,1.807,1.2086,0.901,1.5887,1.1862,1.2664,0.8261,1.0514,0.9715,0.9536,1.08,0.9122,0.0,0.0,1.0928,1.4094,0.5095,1.6355,1.6255,0.811,2.0,0.7372,1.3717,1.1893,0.5836,1.1136,1.4998,0.639,1.1091,0.8056,0.277,0.2624,0.8632,0.7815,0.6687,1.055,1.5343,0.6175,1.6394,1.2526,0.6513,0.9587,0.6755,0.9278,1.103,0.8364,0.5766,0.9441,1.0588,1.505,0.3287,0.7782,0.277,1.3876,1.0793,0.5928,0.5928,1.2099,1.3693,1.5103,0.7669,1.7164,1.219,0.9209,1.7352,2.0,0.5085,1.3053,2.0,0.9693,1.4766,1.215,1.2443,1.0987,1.1677,1.234,0.4558,0.9564,1.6724,0.9621,1.3205,1.0889,1.1215,0.2944,0.3242,1.7254,2.0,1.5186,0.9339,0.9874,0.4133,0.81,0.9263,0.8293,0.0,1.125,0.4942,0.7093,1.5931,1.1762,1.8051,1.5063,0.5393,1.1247,1.3635,0.7232,0.209,0.1683,0.8155,1.8127,2.0,0.9568,2.0,1.3521,0.5192,0.7466,0.9018,1.1082,1.1103,0.734,1.3643,2.0,0.5999,0.9075,1.2591,1.0843,1.126,2.0,0.7465,0.8264,0.8264,0.9948,0.6699,0.6772,0.916,1.1771,0.9993,1.3109,1.0466,0.6287,0.6882,0.3089,0.7794,0.7098,1.4162,1.1198,0.9674,1.1315,0.9288,1.2076,0.5404,1.24,0.3734,0.7561,0.3287,1.0864,0.5994,0.8081,1.0708,0.8589,0.8672,1.053,0.0,0.0,2.0,0.4716,1.0869,1.1318,1.669,0.8762,1.0221,1.6513,0.5281,0.7279,0.7279,1.5861,0.7001,0.9918,1.0466,1.2613,1.3051,0.2007,1.5877,0.6906,1.2402,1.0216,0.6336,0.6287,1.2626,0.5553,0.3315,0.7536,1.5428,0.9724,1.7884,1.0094,0.8374,0.7561,2.0,2.0,0.9536,1.8659,1.1109,1.0636,1.5572,0.8705,0.8718,1.2395,0.0,0.9008,0.8647,0.9536,0.6936,0.9674,0.554,0.8143,1.9038,2.0,1.5056,0.7643,0.4676,1.4193,1.3738,1.7866,0.6948,1.2824,1.8121,0.8602,0.9217,1.1434,0.3153,0.9026,1.4516,0.8281,1.4056,1.4961,0.4818,1.1328,1.1212,0.8911,1.0825,1.263,1.4661,1.8774,0.9489,0.0,0.6767,0.0,0.5053,0.1653,0.585,0.6108,2.0,1.5817,1.1703,1.1703,1.1703,0.0,1.0691,0.0,0.9159,1.08,1.2301,0.7835,0.717,1.4343,0.6112,0.9476,0.0,0.7228,1.307,1.3552,2.0,0.7668,0.8551,1.0568,0.7058,1.1529,1.2999,1.1341,1.1703,0.6105,1.9218,1.3144,1.3144,1.2119,0.6851,0.934,1.2557,1.256,1.817,0.0284,0.954,1.5105,1.1416,1.2761,1.4271,1.7758,0.5192,0.7203,1.2285,1.1364,1.3893,1.256,1.4179,1.2,1.1566,0.7772,1.1475,1.7363,0.766,1.3557,0.8997,1.1517,1.3764,0.9337,1.3071,1.1529,0.7275,0.9284,0.9357,0.6246,0.7796,1.4205,1.0033,0.7252,0.9301,1.0509,0.819,1.1047,1.4661,0.7668,1.4104,1.724,0.2671,1.268,0.725,0.9282,1.2755,1.0366,0.9156,0.7004,1.2125,1.1582,0.8178,0.7132,0.798,0.0,0.8679,0.9156,1.712,0.7746,1.2269,0.8288,0.8436,1.1998,1.0773,0.3726,1.8344,0.7746,1.281,0.9024,0.8337,1.7746,1.5663,0.8085,0.887,0.6557,1.3312,1.1106,0.7349,0.9047,0.7524,0.7393,0.4178,1.04,1.2192,0.981,1.6154,0.7996,0.582,0.6629,0.7707,1.0479,0.963,0.6527,0.7203,1.4876,1.6911,1.1005,1.0749,0.8939,0.7506,0.2993,0.667,1.1262,1.4892,1.4475,0.7503,0.4228,1.3518,0.843,1.2092,1.3431,0.899,1.2777,0.7469,0.8436,0.393,0.0,0.6797,1.067,1.3071,1.3071,0.5702,1.6178,0.7555,1.8641,1.1858,0.8292,1.8802,0.463,1.1123,1.468,0.2642,0.7321,1.5654,0.8939,1.0813,0.9079,1.0019,0.8582,1.1137,0.8114,1.6641,2.0,0.6044,0.9756,0.3223,0.98,0.7667,1.3116,0.0,1.5856,0.0,0.7457,0.8529,0.7623,0.7439,0.7159,0.7134,1.439,0.762,1.4034,1.4034,1.6513,1.2602,0.6898,0.7163,0.8809,0.9841,1.1338,1.2179,1.0959,0.9894,1.3881,1.3865,1.1056,1.4929,1.0345,1.2652,1.0906,1.6193,1.5371,0.2503,1.231,0.7642,0.7791,0.2417,1.4082,1.5968,0.9284,0.9079,1.1056,1.7332,1.04,1.2385,1.722,0.6954,0.9382,0.7595,2.0,0.5988,1.5063,1.4655,1.5166,1.4164,1.4164,1.4164,1.4164,1.4164,1.4552,1.3968,1.5798,1.4552,1.5166,0.7457,1.3156,1.4929,1.6786,1.4929,1.0648,1.75,1.6153,1.8431,1.8431,0.9086,1.75,1.6513
ATR Length for Filter,26,5,20,int,ATR period for entry filter (separate from trailing stop ATR),10,10,10,10,10,10,10,9,10,10,9,10,10,10,10,10,9,10,10,9,10,10,9,9,9,9,10,10,10,10,10,10,9,9,9,10,10,10,9,10,10,9,9,10,10,9,10,10,9,10,9,9,10,10,10,9,10,10,10,10,10,9,10,9,10,10,10,9,10,10,9,9,9,10,9,10,10,9,10,10,9,9,9,10,10,9,10,10,10,9,9,10,10,9,10,10,9,10,10,10,10,10,10,9,10,10,9,10,10,10,9,10,10,10,9,9,10,10,10,10,9,9,9,10,9,10,10,10,9,9,10,10,10,9,10,9,9,9,9,10,9,9,9,10,10,10,10,10,10,9,9,10,9,9,10,10,9,10,10,9,10,10,10,10,9,9,9,10,10,9,10,9,9,9,10,10,10,10,9,9,10,9,9,9,10,10,10,9,9,10,9,9,9,9,9,9,9,9,10,10,10,9,9,10,9,10,9,9,9,9,10,9,9,10,10,10,9,9,10,9,10,9,9,10,10,10,9,10,10,10,10,10,10,9,10,10,10,9,10,9,10,10,10,10,10,10,10,9,9,10,9,10,10,10,10,10,10,9,9,10,10,9,9,10,9,10,9,10,9,10,10,10,9,10,10,10,9,10,10,9,10,9,10,10,10,9,10,10,10,10,10,9,9,10,9,10,10,9,10,10,9,9,10,10,9,9,10,9,10,9,9,10,10,10,10,9,9,9,10,10,10,10,9,9,9,10,10,10,10,10,10,9,9,10,10,10,10,9,9,10,10,9,9,10,9,9,10,9,10,10,10,9,9,10,9,9,9,9,10,10,10,10,9,9,10,9,10,10,10,10,10,9,10,10,10,9,10,9,9,9,10,10,9,10,9,10,10,9,10,10,10,10,9,10,10,9,10,9,10,10,9,9,10,10,10,10,9,9,10,10,9,9,9,10,10,10,10,10,10,10,10,9,10,10,10,9,9,9,10,10,10,9,10,10,9,9,10,10,9,10,9,10,9,10,9,10,10,10,10,9,10,9,9,10,9,9,10,10,9,10,9,9,9,10,10,10,9,10,10,9,10,10,9,9,10,10,9,9,9,9,10,10,9,9,10,9,9,10,9,10,10,10,10,9,9,9,9,10,10,10,10,9,10,10,10,10,9,10,9,10,10,10,9,9,9,10,10,9,10,10,10,10,9,9,10,10,10,10,10,10,10,9,10,10,10,9,10,10,10,9,10,9,10,10,10,10,10,10,9,9,10,9,10,10,10,9,9,9,10,9,10,10,9,10,9,10,10,10,9,9,9,9,10,9,9,9,10,9,10,10,9,10,10,9,10,9,9,10,10,9,10,10,9,9,10,9,10,9,9,10,10,9,9,9,9,10,9,9,10,10,10,9,10,9,10,10,10,10,9,10,10,9,10,9,10,10,9,10,9,9,9,10,10,10,9,9,10,10,9,10,10,10,10,10,9,10,10,9,10,9,10,9,10,9,10,10,9,10,9,9,10,10,10,10,10,10,9,10,10,9,10,10,10,10,10,10,10,10,10,10,10,10,10,10,10,10,10,10,10,10,10,9,10,10,10,10,10,9,10,10,10,10,10,10,10,10,9,10,10,10,10,9,10,10,10,10,10,10,9,10,10,10,10,10,9,10,10,10,10,9,10,10,10,10,10,10,10,10,10,10,10,10,10,10,10,10,10,10,10,10,10,10,10,10,10,10,10,10,10,10,10,10,10,10,10,10,10,10
Max ATR Filter (Points),4,2,10,float,Maximum ATR value to allow entries for mean reversion (ATR <= max). Low ATR = exhausted move ready to reverse (good). High ATR = strong momentum (bad for mean reversion). Range 1.0-6.0 points,7.1045,7.0549,7.1045,7.0921,7.0859,7.0868,7.1045,8.8957,7.0921,7.092,8.8863,7.0921,7.0874,7.1045,8.5782,8.3762,8.8986,7.1045,7.1045,8.9763,7.352,7.1195,8.823,8.8005,8.8005,8.8515,7.0837,7.0868,7.3636,7.0739,7.6339,8.2742,8.6947,8.7621,8.8986,8.2045,8.2045,7.0854,8.7823,8.586,7.0845,8.8986,8.7311,8.2728,8.5462,8.6701,7.1104,8.1672,8.6292,8.3061,8.3981,8.5662,8.6263,8.3061,8.3061,8.8091,7.0321,6.9907,8.4135,7.086,8.615,8.5446,8.5427,8.7569,8.3061,7.4958,7.4958,8.8992,7.0261,8.5342,8.7538,8.9523,8.6911,8.5742,8.4187,8.3749,7.0615,8.881,7.5488,7.1615,8.8031,8.6024,8.9327,7.637,7.3369,9.4351,7.6256,7.0199,6.9987,8.5493,8.7223,8.5349,7.4334,8.8314,7.4358,7.4358,8.8918,7.4807,8.5631,7.0495,8.5219,8.6129,8.5491,8.8485,8.5791,8.6129,8.6024,8.5548,8.603,7.2684,8.7902,8.5997,9.0471,9.0471,8.8451,9.0423,8.5538,9.0466,7.084,7.5588,8.8053,8.5724,8.7052,8.3977,8.8067,7.5507,7.5502,7.5487,8.7376,8.7496,7.6399,8.6069,7.6011,9.0694,8.6822,8.6931,8.6686,8.6468,8.8451,7.6034,8.863,9.1788,8.8031,7.0847,8.5538,8.5538,8.5538,8.5796,7.2826,9.4381,9.4381,8.5538,8.6414,9.2234,7.5214,8.6138,8.6397,8.0852,8.545,8.9332,8.5385,7.5275,8.6053,8.581,8.6822,8.8104,9.2072,7.8387,7.8387,8.9332,7.6672,9.4296,7.3936,8.6005,8.5624,8.5624,7.1398,7.5346,8.9161,8.9163,8.6051,8.6868,9.2201,9.1613,7.9009,8.3714,8.9319,9.2514,8.5579,7.378,9.4004,9.1635,7.541,9.126,9.8429,9.1767,9.271,8.9042,8.5538,7.6531,7.9067,8.7701,9.2521,8.4484,9.2632,7.014,8.7685,9.2657,9.0074,9.8429,7.7304,9.6529,9.2621,7.9093,8.4314,7.5416,9.0163,8.6538,7.5038,9.7978,7.6379,9.9084,9.3142,8.5367,8.5367,8.5367,9.1448,8.571,7.7089,8.493,8.4757,8.1368,7.409,8.8562,8.9589,9.0139,7.3704,9.7036,7.6499,9.4357,8.4942,8.2879,8.0487,7.9782,8.5864,8.4199,7.2919,8.671,8.9097,8.5658,8.5852,8.5013,8.5176,8.612,7.8783,8.8276,8.3679,8.7893,8.896,8.1604,7.4322,9.833,9.833,7.5719,9.1191,8.5154,9.4849,8.3925,8.8195,8.9605,8.6104,7.6661,9.2664,7.55,8.42,8.38,9.989,8.5973,7.6193,9.0986,7.9878,9.1152,8.7044,8.5585,7.3473,8.715,8.8263,8.3947,8.543,8.4166,7.5531,8.7501,9.4361,7.9067,7.3606,7.4048,8.4091,9.4654,8.5513,7.6607,8.8897,9.1143,8.9379,8.9344,9.2558,9.2558,7.639,9.1546,8.1885,9.4314,8.8336,7.1856,7.3789,9.0482,7.9698,8.9076,8.7129,8.6229,8.3748,7.6768,8.5619,8.45,9.3893,9.3789,9.4359,7.1125,7.7088,7.3406,8.3342,7.3992,7.0473,9.6406,8.8846,7.5855,7.6815,7.3688,8.2909,9.4007,9.3988,8.2125,8.9409,9.4099,9.1027,8.7069,9.6202,9.2141,7.491,8.5795,7.0315,8.4837,8.1482,9.3728,9.5621,7.5422,10.0,8.7925,9.8483,9.6456,8.2882,8.4216,8.0341,7.9492,8.122,9.4205,9.0676,9.1146,7.6965,7.5554,8.9152,8.5635,8.2841,9.531,7.5079,8.583,7.7099,9.6499,7.5418,9.736,9.736,9.736,8.9539,9.2078,9.7305,9.0115,9.725,8.9866,9.0801,9.4804,8.1711,8.7515,7.9392,7.872,9.853,8.0368,7.4086,9.3585,7.6872,9.6023,8.6288,9.1675,9.6015,8.565,7.8471,7.4458,7.6002,9.1655,9.7303,8.6884,7.6513,8.8016,8.6694,7.4211,7.4211,8.1259,7.7051,8.6288,9.021,8.3379,8.7144,8.2478,9.0313,9.1316,8.3734,8.3734,7.6603,9.8983,9.3768,9.4561,8.1348,8.9062,8.94,8.9781,9.1862,8.1396,9.2303,9.8705,8.184,8.2713,9.6884,8.9532,9.8137,8.2713,9.0752,8.0924,9.7625,7.4055,7.8471,8.3882,8.3544,9.2761,8.2874,9.0048,8.8659,8.2145,9.5908,9.5388,8.1135,9.0573,9.4403,7.8704,9.9203,9.748,9.3585,8.7629,8.9265,8.3413,9.736,8.3412,9.302,9.5631,9.2286,6.3679,9.736,9.9529,7.679,8.3879,8.7943,9.6479,9.7105,8.6893,9.2031,7.5468,9.7679,8.7927,7.4342,8.5182,8.8707,9.054,8.8744,8.1859,8.3845,9.0573,7.9887,9.4633,9.1906,9.8378,9.1591,8.059,9.4339,9.1989,8.9376,8.2102,6.7841,6.7841,6.7841,6.7841,9.6263,9.1813,9.6263,9.5202,8.9702,7.0662,8.103,8.8937,9.8555,6.9229,9.3603,9.6305,7.0709,8.0029,9.2039,9.3644,9.9537,9.5914,8.9654,9.4765,6.831,9.2632,6.6901,6.6901,9.3388,8.2675,6.8132,6.8132,6.8132,9.9118,9.1861,6.9302,6.9291,9.8262,9.2972,9.7163,8.3206,6.9376,6.9343,7.9119,9.0783,9.2637,9.2521,7.6059,9.5926,9.5035,6.9291,6.9306,6.9443,9.6906,10.0,9.6479,8.2667,9.5689,8.9169,9.4155,9.4643,8.7862,9.5932,7.288,6.7654,6.4208,9.7816,9.8313,9.6232,9.5985,9.5128,10.0,10.0,9.2454,9.529,9.2001,9.5242,8.6866,9.9537,9.5176,8.9841,9.8877,9.4592,10.0,9.2409,9.031,9.987,9.9601,10.0,8.0154,9.885,9.5069,10.0,8.6452,8.8593,9.4824,9.2392,8.9445,10.0,9.2334,9.7641,9.8401,9.3089,9.5699,9.8386,8.9944,10.0,7.9104,10.0,9.4224,10.0,9.8184,10.0,10.0,10.0,8.7689,9.7414,6.336,9.9874,10.0,9.0737,9.8581,9.8811,9.2465,9.5374,8.7666,8.9467,9.8502,9.9034,6.3965,9.0649,10.0,9.7727,9.7995,8.966,9.1169,9.1205,9.3388,6.3974,10.0,10.0,10.0,9.7487,8.9614,7.8104,7.8279,7.6775,9.6566,8.9025,9.5726,10.0,9.7624,9.8345,6.3962,9.9204,9.8117,9.627,9.7517,7.1963,7.1963,7.1963,10.0,10.0,6.3119,10.0,9.2177,10.0,9.6058,10.0,10.0,9.9572,10.0,10.0,9.4082,6.3952,10.0,7.1963,9.9913,6.3369,10.0,9.901,8.6684,9.9037,9.2566,10.0,9.4829,7.1111,8.8342,10.0,9.8954,10.0,9.4861,6.294,10.0,6.3964,9.8502,10.0,9.1132,10.0,6.4155,6.3816,6.3816,9.0313,9.9069,10.0,9.1986,9.8014,10.0,10.0,10.0,9.7301,8.908,10.0,8.9242,9.2488,8.4478,9.8713,9.3652,9.3843,8.4389,8.3849,9.7539,10.0,10.0,9.172,10.0,9.9179,9.6952,9.4763,7.1963,9.3047,8.5066,9.8811,6.9605,7.2228,9.8942,9.9732,9.8942,10.0,10.0,8.5044,8.5191,8.5081,6.907,6.907,6.907,6.907,6.907,8.5155,8.5527,7.2228,8.8365,8.5699,6.3962,10.0,8.4478,8.8428,8.4929,6.5514,6.8499,6.8499,6.8499,6.8499,6.419,6.8499,9.0313
Min ATR Filter (Points),0.5,0.1,6,float,Minimum ATR floor (optional) to ensure stops aren't too tight. Default 0.5 points. ATR must be >= this AND <= Max ATR Filter,1.8783,1.9588,1.8783,1.8504,1.9985,1.9418,1.8783,2.1665,1.8504,1.9455,2.1152,1.8504,1.8739,1.8783,2.3493,2.3144,2.126,1.8783,1.8783,2.2059,1.8845,1.8518,2.118,2.2564,2.2564,2.1881,1.7827,1.7812,1.8385,1.8285,1.7318,2.4013,2.2074,2.144,2.0948,2.3268,2.3268,1.7539,2.144,2.3004,1.8106,2.1018,2.1038,2.3268,2.4,2.2649,1.8069,2.3287,2.1374,2.2608,2.1545,2.2181,2.2958,2.2608,2.2608,2.1921,1.7172,2.0064,2.3125,1.7344,2.2608,2.2137,2.3218,2.1592,2.2608,1.7265,1.7265,2.0606,1.8794,1.8905,2.167,2.118,2.1121,2.0904,2.1138,2.0575,1.7402,2.0576,1.7231,1.7202,2.0546,2.0992,2.0817,1.6651,1.7189,2.4264,1.7547,1.774,1.7401,2.2504,2.0572,2.0099,1.7294,1.8981,1.7189,1.7189,1.926,1.7189,2.1029,1.7326,2.0266,2.0615,2.0546,1.8972,2.0487,2.0032,2.0992,2.0137,2.064,1.7189,2.0833,2.0358,1.8823,1.8823,2.0546,2.1299,1.8596,1.8939,1.6595,1.7039,1.8108,2.067,1.9706,1.8582,2.0025,1.672,1.6647,1.7144,1.8971,1.9148,1.7243,1.8762,1.6723,2.0723,2.0462,1.9794,1.9311,2.0966,2.0546,1.7013,1.8601,2.0601,1.8071,1.6645,1.8596,1.8596,1.8596,1.8753,1.7189,2.1761,2.1761,1.8596,2.0599,2.0968,1.6633,1.8961,1.9006,1.7587,2.0311,2.0093,2.0038,1.7047,1.8661,1.7248,2.0018,1.7863,2.0142,1.6557,1.6557,1.9921,1.7115,2.0704,1.5078,1.9231,1.7291,1.7291,1.6689,1.6832,1.7902,2.0038,1.8743,1.8695,1.9261,2.0527,1.754,1.719,1.8481,1.9036,1.8368,1.6689,2.0683,2.0682,1.7202,2.0488,2.389,1.9088,1.9147,1.7679,1.7338,1.7138,1.642,1.8239,2.051,1.7155,2.0544,1.6108,1.7518,1.9101,1.8183,2.2555,1.6963,2.1761,1.9191,1.6533,1.7457,1.5542,1.7832,1.7686,1.7154,2.1216,1.7305,2.3417,1.9262,1.715,1.715,1.715,1.8161,1.7156,1.6756,1.667,1.8369,1.7694,1.573,1.733,1.9532,1.7875,1.4851,2.1234,1.6512,1.9736,1.719,1.7043,1.7043,1.7008,1.7558,1.7505,1.6621,2.0739,1.7875,1.783,1.7803,1.7271,1.714,1.8362,1.6076,1.7445,1.7476,1.5707,1.6732,1.7179,1.4771,2.0718,2.0718,1.6584,1.985,1.7702,2.0118,1.5657,1.6868,1.6579,1.6855,1.6458,2.0432,1.4808,1.6715,1.7226,2.3811,1.7051,1.4681,1.8783,1.5984,1.7966,1.711,1.7181,1.492,1.7652,1.7626,1.6513,1.6908,1.7193,1.4988,1.6918,1.8475,1.6512,1.5721,1.6656,1.7294,1.9782,1.7627,1.6086,1.6724,1.8783,1.792,1.7525,1.8821,1.8821,1.6119,1.8171,1.7248,1.7816,1.7688,1.611,1.464,1.6663,1.6881,1.7856,1.6944,1.6928,1.7282,1.5177,1.6475,1.6721,1.9235,2.0199,1.9857,1.7184,1.512,1.4772,1.665,1.4954,1.6095,1.9067,1.811,1.6543,1.4767,1.4923,1.615,1.8234,1.8474,1.7214,1.7334,2.0269,1.7773,1.8699,2.0708,1.7551,1.4803,1.7923,1.7466,1.6918,1.7487,1.826,2.031,1.4834,2.1097,1.5279,2.1084,1.9881,1.5853,1.6692,1.4838,1.5086,1.5646,1.762,1.6409,1.7668,1.4786,1.4954,1.7677,1.6148,1.6692,1.9274,1.4898,1.6233,1.4719,1.8942,1.5011,1.84,1.84,1.84,1.7237,1.7329,1.9837,1.7325,2.0325,1.7198,1.7301,1.8189,1.7193,1.6767,1.6137,1.6494,1.9344,1.6748,1.4723,1.7556,1.4485,1.8404,1.6385,1.7409,2.0525,1.6488,1.7246,1.6086,1.6073,1.8408,1.8091,1.6632,1.4468,1.7203,1.514,1.4528,1.4528,1.7008,1.502,1.6385,1.7649,1.4854,1.6657,1.6005,1.8492,1.7384,1.6082,1.6082,1.5979,1.922,1.7831,1.8189,1.6073,1.6787,1.7212,1.5921,1.8543,1.6009,1.6946,1.84,1.7193,1.5895,1.8461,1.7753,1.9173,1.6012,1.781,1.5955,1.8245,1.463,1.7246,1.6576,1.6038,1.6732,1.6237,1.4941,2.0005,1.5135,1.7708,1.8819,1.6011,1.7317,1.7032,1.7288,2.0585,1.8622,1.7199,1.7654,1.7296,1.5478,1.7927,1.5632,1.7253,1.8146,1.7497,1.5677,1.7927,1.9932,1.5737,1.5694,1.4209,1.7462,1.8189,1.5696,1.7295,1.5103,1.8326,1.4183,1.5103,1.5803,1.491,1.7062,1.4975,1.4715,1.6135,1.8523,1.6023,1.7166,1.5144,1.8079,1.5145,1.4895,1.7254,1.7511,1.7693,1.695,1.7303,1.7303,1.7303,1.7303,1.7634,1.8153,1.7634,1.9074,1.766,1.7345,1.5696,1.4495,1.8553,1.7298,1.7894,1.8316,1.7102,1.6839,1.7247,1.7606,1.9344,1.7681,1.8356,1.7446,1.726,1.7616,1.7303,1.7303,1.7227,1.5658,1.7232,1.7232,1.7232,1.7793,1.719,1.7291,1.7278,1.7957,1.8038,1.7872,1.515,1.729,1.7277,1.5103,1.663,1.7589,1.5168,1.5453,1.733,1.7305,1.7278,1.7275,1.7275,1.7464,1.907,1.7744,1.6888,1.5677,1.7096,1.7507,1.6146,1.7063,1.7225,1.5098,1.726,1.6129,1.5773,1.7595,1.6998,1.7445,1.7409,1.8664,1.7958,1.4929,1.7756,1.5322,1.778,1.782,1.7866,1.6547,1.6724,1.7973,1.7604,1.8672,1.5681,1.7193,1.8531,1.7713,1.9197,1.4495,1.7214,1.5981,1.9812,1.7605,1.7554,1.4694,1.5477,1.7439,1.7344,1.5417,1.7188,1.4981,1.5788,1.7596,1.5793,1.5637,1.7344,1.4858,1.8727,1.3867,1.8813,1.6608,1.797,1.7786,1.8777,1.6847,1.5492,1.5968,1.7473,1.7902,1.4598,1.5257,1.7562,1.4609,1.5305,1.8352,1.8313,1.5736,1.7785,1.6058,1.7667,1.8511,1.5306,1.5168,1.6805,1.7523,1.7761,1.4592,1.5568,1.7397,1.7996,1.8733,1.5083,1.787,1.1787,1.5525,1.6271,1.5345,1.7906,1.5279,1.8994,1.4836,1.7593,1.5917,1.5295,1.6661,1.5581,1.5847,1.5098,1.5098,1.314,1.9111,1.8873,1.5897,1.6548,1.762,1.8477,1.4912,1.7181,1.7786,1.7613,1.8547,1.756,1.6046,1.5568,1.7786,1.4854,1.7362,1.5477,1.6631,1.7441,1.5332,1.735,1.8641,1.7339,1.7697,1.4866,1.6838,1.8414,1.4703,1.6458,1.6698,1.5952,1.9102,1.5141,1.435,1.8648,1.7254,1.7343,1.5151,1.5776,1.5776,1.6776,1.9002,1.5513,1.781,1.6723,1.6983,1.7431,1.5405,1.7521,1.5251,1.8644,1.1635,1.7658,1.4411,1.7841,1.7615,1.7349,1.6086,1.607,1.731,1.8466,1.8471,1.7586,1.7384,1.7364,0.9454,1.7658,1.4854,1.7658,1.599,1.7562,1.6503,1.728,1.8161,1.8576,1.8161,1.7444,1.9181,1.6231,1.415,1.4025,1.6528,1.6528,1.6528,1.6528,1.6528,1.6356,1.5358,1.728,1.6356,1.4538,1.4597,1.8189,1.4411,1.6319,1.4411,1.7362,1.8289,1.8289,1.8289,1.8289,1.5519,1.8289,1.6776
Enable Trend Filter,1,0,1,int,"Trade with trend only (Long > EMA, Short < EMA) - OPTIMIZABLE",0,0,0,0,0,0,0,0,0,0,0,0,0,0,0,0,0,0,0,0,0,0,0,0,0,0,0,0,0,0,0,0,0,0,0,0,0,0,0,0,0,0,0,0,0,0,0,0,0,0,0,0,0,0,0,0,0,0,0,0,0,0,0,0,0,0,0,0,0,0,0,0,0,0,0,0,0,0,0,0,0,0,0,0,0,0,0,0,0,0,0,0,0,0,0,0,0,0,0,0,0,0,0,0,0,0,0,0,0,0,0,0,0,0,0,0,0,0,0,0,0,0,0,0,0,0,0,0,0,0,0,0,0,0,0,0,0,0,0,0,0,0,0,0,0,0,0,0,0,0,0,0,0,0,0,0,0,0,0,0,0,0,0,0,0,0,0,0,0,0,0,0,0,0,0,0,0,0,0,0,0,0,0,0,0,0,0,0,0,0,0,0,0,0,0,0,0,0,0,0,0,0,0,0,0,0,0,0,0,0,0,0,0,0,0,0,0,0,0,0,0,0,0,0,0,0,0,0,0,0,0,0,0,0,0,0,0,0,0,0,0,0,0,0,0,0,0,0,0,0,0,0,0,0,0,0,0,0,0,0,0,0,0,0,0,0,0,0,0,0,0,0,0,0,0,0,0,0,0,0,0,0,0,0,0,0,0,0,0,0,0,0,0,0,0,0,0,0,0,0,0,0,0,0,0,0,0,0,0,0,0,0,0,0,0,0,0,0,0,0,0,0,0,0,0,0,0,0,0,0,0,0,0,0,0,0,0,0,0,0,0,0,0,0,0,0,0,0,0,0,0,0,0,0,0,0,0,0,0,0,0,0,0,0,0,0,0,0,0,0,0,0,0,0,0,0,0,0,0,0,0,0,0,0,0,0,0,0,0,0,0,0,0,0,0,0,0,0,0,0,0,0,0,0,0,0,0,0,0,0,0,0,0,0,0,0,0,0,0,0,0,0,0,0,0,0,0,0,0,0,0,0,0,0,0,0,0,0,0,0,0,0,0,0,0,0,0,0,0,0,0,0,0,0,0,0,0,0,0,0,0,0,0,0,0,0,0,0,0,0,0,0,0,0,0,0,0,0,0,0,0,0,0,0,0,0,0,0,0,0,0,0,0,0,0,0,0,0,0,0,0,0,0,0,0,0,0,0,0,0,0,0,0,0,0,0,0,0,0,0,0,0,0,0,0,0,0,0,0,0,0,0,0,0,0,0,0,0,0,0,0,0,0,0,0,0,0,0,0,0,0,0,0,0,0,0,0,0,0,0,0,0,0,0,0,0,0,0,0,0,0,0,0,0,0,0,0,0,0,0,0,0,0,0,0,0,0,0,0,0,0,0,0,0,0,0,0,0,0,0,0,0,0,0,0,0,0,0,0,0,0,0,0,0,0,0,0,0,0,0,0,0,0,0,0,0,0,0,0,0,0,0,0,0,0,0,0,0,0,0,0,0,0,0,0,0,0,0,0,0,0,0,0,0,0,0,0,0,0,0,0,0,0,0,0,0,0,0,0,0,0,0,0,0,0,0,0,0,0,0,0,0,0,0,0,0,0,0,0,0,0,0,0,0,0,0,0,0,0,0,0,0,0,0,0,0,0,0,0,0,0,0,0,0,0,0,0,0,0,0,0,0,0,0,0,0,0,0,0,0,0,0,0,0,0,0,0,0,0,0,0,0,0,0,0,0,0,0,0,0,0,0,0,0,0,0,0,0,0,0,0,0,0,0,0,0,0,0
Trend EMA Length,200,10,400,int,EMA Length for trend filter,178,178,178,178,178,178,178,177,178,178,178,178,178,178,178,178,178,178,178,177,178,178,178,178,178,178,178,178,178,178,178,178,178,178,178,178,178,178,178,178,178,178,178,178,178,178,178,178,178,178,178,178,178,178,178,178,178,177,178,178,178,178,178,178,178,178,178,178,178,178,178,178,178,178,178,178,178,178,178,178,178,178,178,178,179,178,178,178,178,178,178,178,178,178,178,178,178,179,178,178,178,178,178,178,178,178,178,178,178,179,178,178,178,178,178,178,178,178,178,178,178,178,178,178,178,178,178,178,178,178,178,178,178,178,178,178,178,178,178,178,178,178,178,178,178,178,178,178,178,178,178,178,178,178,178,178,178,178,178,178,178,178,178,178,178,178,178,179,179,178,178,177,178,178,178,178,178,178,178,178,178,177,178,178,178,177,178,178,178,178,177,178,178,178,178,178,178,178,178,178,178,178,178,178,178,178,178,178,178,178,177,178,178,178,178,178,178,178,178,178,178,177,178,178,178,178,178,178,177,178,178,178,178,178,178,178,178,177,178,177,178,178,178,178,178,178,178,178,178,178,178,178,178,178,178,178,178,178,178,179,178,178,178,178,178,178,178,178,178,178,178,178,178,178,178,178,177,178,178,178,178,177,178,178,178,177,178,178,178,178,178,178,177,178,178,178,178,177,178,178,178,178,178,178,178,178,178,178,178,178,178,178,178,178,178,178,178,178,178,178,178,178,177,178,177,178,178,178,178,178,178,178,178,178,178,178,178,178,178,178,178,178,177,178,178,178,178,178,178,178,178,178,178,178,177,178,178,177,178,178,179,178,178,178,178,178,178,178,177,178,178,177,178,178,178,178,178,178,177,178,178,178,177,178,177,178,178,178,178,178,178,178,178,178,178,178,178,177,178,178,178,178,178,178,178,178,178,177,178,178,177,178,178,178,178,178,178,178,178,178,178,178,178,178,178,177,178,178,178,178,178,178,178,178,178,177,178,178,178,178,178,178,178,178,178,178,178,178,178,178,178,178,178,178,178,178,178,178,178,178,178,178,178,178,178,178,178,178,178,178,178,178,178,177,178,178,178,178,178,178,178,178,178,178,178,178,178,178,178,178,178,178,178,178,178,178,178,178,178,178,178,178,179,179,179,179,177,178,178,178,178,178,178,178,178,178,178,178,178,178,178,178,178,178,178,178,178,178,179,179,178,177,179,179,179,178,178,178,178,178,178,178,178,178,179,178,178,178,177,178,178,178,178,178,178,178,178,178,178,177,178,178,177,178,178,178,178,178,178,178,178,178,178,177,177,178,178,177,178,178,178,178,178,178,178,177,178,178,178,178,178,178,178,178,178,178,178,178,178,178,178,178,178,178,177,178,178,178,178,178,178,178,178,178,178,178,178,178,178,178,178,177,178,178,178,178,178,178,178,178,178,178,178,178,178,177,178,178,178,178,178,178,178,178,178,178,178,178,178,177,178,178,178,178,178,178,178,178,178,178,178,178,178,178,178,178,178,178,178,178,178,178,177,178,178,178,178,178,178,178,178,178,178,178,178,178,178,178,178,178,178,178,178,178,178,178,178,178,178,178,179,178,178,178,178,177,178,178,178,178,178,178,178,178,178,178,178,178,178,178,178,178,178,178,178,178,177,178,178,178,178,178,178,178,178,178,178,178,178,178,178,178,178,178,178,178,178,178,178,178,178,178,178,178,178,178,178,178,178,178,178,178,178,178,178,178,178,178
Enable ADX Filter,1,0,1,int,Trade only when ADX < Threshold (Ranging Markets) - OPTIMIZABLE,0,0,0,0,0,0,0,1,0,0,1,0,0,0,0,0,1,0,0,1,0,0,0,1,1,1,0,0,0,0,0,0,1,1,1,0,0,0,1,0,0,1,0,0,0,1,0,0,1,0,1,0,0,0,0,0,0,0,0,0,0,0,0,1,0,0,0,0,0,1,0,0,0,1,1,0,0,0,0,0,1,0,0,0,0,0,0,0,0,1,0,1,0,0,0,0,0,0,0,0,1,1,0,0,1,1,0,0,1,0,0,1,0,0,1,0,0,0,0,0,1,0,0,1,1,0,0,0,0,0,0,1,1,0,1,1,0,0,1,1,0,1,1,0,0,0,0,1,0,1,1,0,0,0,0,0,0,0,0,0,0,0,1,1,1,0,1,1,1,0,0,0,0,0,1,1,0,0,1,1,0,0,0,1,0,1,1,0,0,0,0,0,0,1,0,0,0,0,0,1,1,0,1,1,1,0,0,0,0,0,0,1,0,1,0,0,1,0,0,0,0,0,0,0,0,0,1,0,0,0,0,0,0,1,0,0,0,0,1,1,0,0,0,0,0,0,0,1,1,0,0,0,1,0,0,0,0,0,0,0,0,0,0,0,1,0,0,0,0,1,0,0,0,0,0,0,0,0,0,0,1,1,1,0,0,0,0,0,0,0,0,0,0,1,0,0,0,0,0,0,1,0,1,0,0,0,0,0,0,0,0,0,0,0,0,0,0,0,0,0,0,0,0,0,0,0,0,0,0,0,0,0,0,0,0,0,0,1,0,0,0,0,0,0,0,1,0,1,0,0,0,0,0,0,0,0,0,0,0,0,0,0,1,0,0,0,0,0,0,1,0,0,0,1,0,0,0,0,0,0,0,0,0,0,0,0,0,0,0,0,0,0,1,0,0,1,0,0,1,0,0,1,0,0,0,0,0,0,0,0,0,0,0,0,0,1,0,0,1,0,1,0,0,0,0,0,0,0,0,0,0,0,0,0,0,0,0,0,0,0,1,0,0,0,0,0,0,0,0,0,0,0,1,0,0,0,0,0,1,0,0,1,1,0,0,0,1,0,0,0,0,0,1,0,0,0,0,0,0,0,0,0,0,0,0,0,0,0,0,0,0,0,0,0,0,0,1,0,0,0,0,0,0,0,0,0,0,0,0,0,0,0,0,0,0,0,0,0,0,0,0,0,0,0,0,0,0,0,0,0,0,0,0,0,0,0,0,0,0,0,0,0,0,0,0,0,0,0,0,0,1,0,0,0,0,0,0,0,0,0,0,0,0,0,0,0,0,0,0,0,1,0,1,0,0,0,0,0,0,0,0,1,0,0,0,0,0,0,0,0,0,0,0,0,1,0,0,0,0,0,0,0,0,0,0,0,0,1,0,0,0,1,0,0,0,0,1,0,0,0,0,0,0,0,0,0,0,0,0,0,0,0,0,1,1,0,0,0,1,0,0,0,0,0,0,0,1,0,0,0,0,0,0,0,0,0,0,0,0,0,0,0,0,0,0,0,0,0,0,0,0,0,0,0,0,0,0,0,0,0,0,1,0,0,0,1,0,0,0,0,0,0,0,0,0,0,0,0,0,1,0,0,0,0,1,0,0,0,0,0,0,0,0,1,0,1,1,0,1,1,1,1,0,0,0,0,1,0,0,1,1,0,1,1,0,0,1,0,0,0,0,1,0,0,0,0,0,0,0,0,0,0,1,0,0,0,0,0,1,0,0,0,0,0,0,0,0,1
ADX Period,14,5,35,int,Lookback period for ADX calculation,29,30,29,29,29,29,29,29,29,29,29,29,29,29,29,29,29,29,29,29,29,29,29,29,29,29,29,29,29,29,29,29,29,29,29,29,29,29,29,29,29,29,29,29,29,29,29,29,29,29,29,29,29,28,28,29,29,29,29,29,29,29,29,29,28,29,29,29,29,29,29,29,29,29,29,28,29,29,29,29,29,29,29,29,29,29,29,29,29,29,29,29,29,29,29,29,29,29,29,29,29,29,29,29,29,29,29,29,29,29,29,29,29,29,29,29,29,29,29,29,29,29,29,29,29,29,29,29,29,29,29,29,29,29,29,28,29,29,29,29,29,29,29,29,29,29,29,29,29,29,29,29,29,29,29,29,29,29,29,29,29,29,29,29,29,29,29,29,29,29,29,29,29,29,29,29,29,29,29,29,29,29,29,28,29,29,29,29,29,29,29,29,29,29,29,29,29,29,29,29,29,29,29,29,29,29,29,29,29,29,29,29,29,29,29,29,29,29,29,29,29,29,29,29,29,29,29,29,29,29,29,29,29,29,29,29,29,29,29,29,29,29,29,29,29,29,29,29,29,29,29,29,29,29,29,29,29,29,29,29,29,29,29,29,28,29,29,29,29,29,29,29,29,29,29,29,29,29,29,29,29,29,29,29,29,29,29,29,29,29,29,29,29,29,29,29,29,29,29,29,29,29,29,29,29,29,29,29,29,29,29,29,29,29,29,29,29,29,29,29,29,29,29,29,29,29,29,29,29,29,29,29,29,29,29,29,29,29,29,29,29,29,29,29,28,29,29,29,29,29,29,29,29,29,29,29,29,29,29,29,29,29,29,29,29,29,29,29,29,29,29,29,29,29,29,29,29,29,29,29,29,29,29,29,29,29,29,29,29,29,29,29,29,29,29,29,29,29,29,29,28,29,29,29,29,29,29,29,29,29,29,29,29,29,29,29,29,29,29,29,29,29,29,29,29,29,29,29,29,29,29,29,29,29,29,29,29,29,29,29,29,29,29,29,29,29,29,29,29,29,29,29,29,29,29,29,29,29,29,29,29,29,29,29,29,29,29,29,29,29,29,29,29,29,29,29,29,29,29,29,29,29,29,29,29,29,29,29,29,29,29,29,29,29,29,29,29,29,29,29,29,29,29,29,29,29,29,29,29,29,29,29,29,29,29,29,29,29,29,29,29,29,29,29,29,29,29,29,29,29,29,29,29,29,29,29,29,29,29,29,29,29,29,29,29,29,29,29,29,29,29,29,29,29,29,29,29,29,29,29,29,29,29,29,29,29,29,29,29,29,29,29,29,29,29,29,29,29,29,29,29,29,29,29,29,29,29,29,29,29,29,29,29,29,29,29,29,29,29,29,29,29,29,29,29,29,29,29,29,29,29,29,29,29,29,29,29,29,29,29,29,29,29,29,29,29,29,29,29,29,29,29,29,29,29,29,29,29,29,29,30,29,29,29,29,29,29,29,29,29,29,29,29,29,29,29,29,29,29,29,29,29,29,29,29,29,29,29,29,29,29,29,29,29,29,29,30,29,29,29,30,29,29,29,29,29,29,29,29,29,29,29,29,29,29,29,29,29,29,29,29,29,29,29,29,29,29,29,29,29,29,29,29,29,29,29,29,29,29,29,29,29,29,29,29,29,29,29,29,29,29,29,29,29,29,29,29,29,29,29,29,29,29,29,29,29,29,29,29,29,29,29,29,29,29,29,29,29,29,29,29,28,28,29,29,29,28,29
Max ADX Threshold,25,10,45,int,Maximum ADX allowed for entry. Lower = Only extremely choppy. Higher = Allow some trend.,43,43,43,43,43,43,43,43,43,43,43,43,43,43,43,43,43,43,43,43,43,43,43,43,43,43,43,43,43,43,43,43,43,43,43,43,43,43,43,43,43,43,43,43,43,43,43,43,43,43,43,43,43,42,43,43,43,43,43,43,43,43,43,43,43,43,43,43,43,43,43,43,43,43,43,43,43,43,43,43,43,43,43,43,43,43,43,42,43,43,43,43,43,43,43,43,43,43,43,43,43,43,43,43,43,43,43,43,43,43,43,43,43,43,43,43,43,43,43,43,43,43,43,43,43,43,42,43,43,43,43,43,43,43,43,43,43,43,43,43,43,43,43,43,43,43,43,43,43,43,43,43,43,43,43,43,43,43,43,43,43,43,43,43,43,43,43,43,43,43,43,43,43,43,43,43,43,43,43,43,43,43,43,43,43,43,43,43,43,43,43,43,43,43,43,43,43,43,43,42,43,43,43,43,43,43,43,43,43,43,43,43,43,43,43,43,43,43,43,43,43,43,43,43,43,43,43,43,43,43,43,43,43,43,43,43,42,43,43,43,43,43,43,43,43,43,43,43,43,43,43,43,43,43,43,43,43,43,43,43,42,43,43,43,43,43,43,42,43,43,43,43,43,43,43,43,43,43,43,43,43,43,43,43,43,43,43,43,43,43,43,43,43,43,43,43,43,43,43,43,43,43,43,43,43,43,43,43,43,43,43,43,43,43,43,43,43,43,43,43,43,43,43,43,43,43,43,43,42,43,43,43,43,43,43,43,43,43,43,43,42,43,43,43,43,43,43,43,43,43,43,43,43,43,43,43,43,43,43,42,43,43,43,43,43,43,43,43,43,43,42,43,43,43,43,43,43,43,43,43,43,43,43,43,43,43,43,43,43,43,43,43,43,43,43,43,43,43,42,43,43,43,43,43,43,43,43,43,43,43,43,43,43,43,43,42,43,43,43,43,42,43,43,43,43,43,43,43,43,43,43,43,43,43,43,43,43,43,43,43,43,43,43,43,43,43,43,43,43,43,43,43,43,43,43,43,43,43,43,43,42,43,43,43,43,43,43,43,43,43,43,43,43,43,43,43,43,43,43,43,43,42,43,43,42,43,43,43,43,43,43,43,42,43,43,43,43,43,43,43,43,43,42,42,42,43,43,43,43,43,43,43,43,43,43,43,43,43,43,43,43,43,43,43,43,43,43,43,42,42,43,43,43,43,43,43,42,43,43,43,43,43,43,43,43,42,43,43,43,43,43,43,43,43,43,43,43,43,43,43,43,43,43,43,43,43,43,44,43,43,43,43,43,43,43,43,43,43,43,43,43,43,43,43,43,43,43,43,43,43,43,43,43,43,43,43,43,43,43,42,43,43,43,43,43,43,42,42,43,43,43,43,43,43,43,43,43,43,43,43,43,43,43,43,43,43,43,43,43,43,43,43,43,43,43,43,43,43,43,43,44,43,42,43,43,43,43,43,43,43,43,43,43,43,43,43,43,43,43,43,43,43,43,43,43,43,43,43,42,43,43,43,43,43,43,43,44,43,43,43,44,43,43,43,43,43,43,43,43,43,42,43,43,43,43,43,43,43,43,43,43,43,43,43,42,43,43,43,43,43,43,43,43,43,43,43,43,43,43,43,43,42,42,43,43,43,43,43,43,43,43,43,43,43,43,43,43,43,43,43,42,43,43,43,43,43,43,43,43,43,43,43,43,43,43,43,43,43,43,43,43,43,43,43,43,43,43,42
RTH Start (HH:MM),09:30,09:30,09:30,str,Regular trading hours start (Eastern Time),,,,,,,,,,,,,,,,,,,,,,,,,,,,,,,,,,,,,,,,,,,,,,,,,,,,,,,,,,,,,,,,,,,,,,,,,,,,,,,,,,,,,,,,,,,,,,,,,,,,,,,,,,,,,,,,,,,,,,,,,,,,,,,,,,,,,,,,,,,,,,,,,,,,,,,,,,,,,,,,,,,,,,,,,,,,,,,,,,,,,,,,,,,,,,,,,,,,,,,,,,,,,,,,,,,,,,,,,,,,,,,,,,,,,,,,,,,,,,,,,,,,,,,,,,,,,,,,,,,,,,,,,,,,,,,,,,,,,,,,,,,,,,,,,,,,,,,,,,,,,,,,,,,,,,,,,,,,,,,,,,,,,,,,,,,,,,,,,,,,,,,,,,,,,,,,,,,,,,,,,,,,,,,,,,,,,,,,,,,,,,,,,,,,,,,,,,,,,,,,,,,,,,,,,,,,,,,,,,,,,,,,,,,,,,,,,,,,,,,,,,,,,,,,,,,,,,,,,,,,,,,,,,,,,,,,,,,,,,,,,,,,,,,,,,,,,,,,,,,,,,,,,,,,,,,,,,,,,,,,,,,,,,,,,,,,,,,,,,,,,,,,,,,,,,,,,,,,,,,,,,,,,,,,,,,,,,,,,,,,,,,,,,,,,,,,,,,,,,,,,,,,,,,,,,,,,,,,,,,,,,,,,,,,,,,,,,,,,,,,,,,,,,,,,,,,,,,,,,,,,,,,,,,,,,,,,,,,,,,,,,,,,,,,,,,,,,,,,,,,,,,,,,,,,,,,,,,,,,,,,,,,,,,,,,,,,,,,,,,,,,,,,,,,,,,,,,,,,,,,,,,,,,,,
RTH End (HH:MM),16:00,16:00,16:00,str,Regular trading hours end (Eastern Time),,,,,,,,,,,,,,,,,,,,,,,,,,,,,,,,,,,,,,,,,,,,,,,,,,,,,,,,,,,,,,,,,,,,,,,,,,,,,,,,,,,,,,,,,,,,,,,,,,,,,,,,,,,,,,,,,,,,,,,,,,,,,,,,,,,,,,,,,,,,,,,,,,,,,,,,,,,,,,,,,,,,,,,,,,,,,,,,,,,,,,,,,,,,,,,,,,,,,,,,,,,,,,,,,,,,,,,,,,,,,,,,,,,,,,,,,,,,,,,,,,,,,,,,,,,,,,,,,,,,,,,,,,,,,,,,,,,,,,,,,,,,,,,,,,,,,,,,,,,,,,,,,,,,,,,,,,,,,,,,,,,,,,,,,,,,,,,,,,,,,,,,,,,,,,,,,,,,,,,,,,,,,,,,,,,,,,,,,,,,,,,,,,,,,,,,,,,,,,,,,,,,,,,,,,,,,,,,,,,,,,,,,,,,,,,,,,,,,,,,,,,,,,,,,,,,,,,,,,,,,,,,,,,,,,,,,,,,,,,,,,,,,,,,,,,,,,,,,,,,,,,,,,,,,,,,,,,,,,,,,,,,,,,,,,,,,,,,,,,,,,,,,,,,,,,,,,,,,,,,,,,,,,,,,,,,,,,,,,,,,,,,,,,,,,,,,,,,,,,,,,,,,,,,,,,,,,,,,,,,,,,,,,,,,,,,,,,,,,,,,,,,,,,,,,,,,,,,,,,,,,,,,,,,,,,,,,,,,,,,,,,,,,,,,,,,,,,,,,,,,,,,,,,,,,,,,,,,,,,,,,,,,,,,,,,,,,,,,,,,,,,,,,,,,,,,,,,,,,,,,,,,,,,,
Enable RTH Filter,1,0,1,int,"Restrict entries to RTH only (0=false, 1=true) - OPTIMIZABLE",0,0,0,0,0,0,0,0,0,0,0,0,0,0,0,0,0,0,0,0,0,0,0,0,0,0,0,0,0,0,0,0,0,0,0,0,0,0,0,0,0,0,0,0,0,0,0,0,0,0,0,0,0,0,0,0,0,0,0,0,0,0,0,0,0,0,0,0,0,0,0,0,0,0,0,0,0,0,0,0,0,0,0,0,0,0,0,0,0,0,0,0,0,0,0,0,0,0,0,0,0,0,0,0,0,0,0,0,0,0,0,0,0,0,0,0,0,0,0,0,0,0,0,0,0,0,0,0,0,0,0,0,0,0,0,0,0,0,0,0,0,0,0,0,0,0,0,0,0,0,0,0,0,0,0,0,0,0,0,0,0,0,0,0,0,0,0,0,0,0,0,0,0,0,0,0,0,0,0,0,0,0,0,0,0,0,0,0,0,0,0,0,0,0,0,0,0,0,0,0,0,0,0,0,0,0,0,0,0,0,0,0,0,0,0,0,0,0,0,0,0,0,0,0,0,0,0,0,0,0,0,0,0,0,0,0,0,0,0,0,0,0,0,0,0,0,0,0,0,0,0,0,0,0,0,0,0,0,0,0,0,0,0,0,0,0,0,0,0,0,0,0,0,0,0,0,0,0,0,0,0,0,0,0,0,0,0,0,0,0,0,0,0,0,0,0,0,0,0,0,0,0,0,0,0,0,0,0,0,0,0,0,0,0,0,0,0,0,0,0,0,0,0,0,0,0,0,0,0,0,0,0,0,0,0,0,0,0,0,0,0,0,0,0,0,0,0,0,0,0,0,0,0,0,0,0,0,0,0,0,0,0,0,0,0,0,0,0,0,0,0,0,0,0,0,0,0,0,0,0,0,0,0,0,0,0,0,0,0,0,0,0,0,0,0,0,0,0,0,0,0,0,0,0,0,0,0,0,0,0,0,0,0,0,0,0,0,0,0,0,0,0,0,0,0,0,0,0,0,0,0,0,0,0,0,0,0,0,0,0,0,0,0,0,0,0,0,0,0,0,0,0,0,0,0,0,0,0,0,0,0,0,0,0,0,0,0,0,0,0,0,0,0,0,0,0,0,0,0,0,0,0,0,0,0,0,0,0,0,0,0,0,0,0,0,0,0,0,0,0,0,0,0,0,0,0,0,0,0,0,0,0,0,0,0,0,0,0,0,0,0,0,0,0,0,0,0,0,0,0,0,0,0,0,0,0,0,0,0,0,0,0,0,0,0,0,0,0,0,0,0,0,0,0,0,0,0,0,0,0,0,0,0,0,0,0,0,0,0,0,0,0,0,0,0,0,0,0,0,0,0,0,0,0,0,0,0,0,0,0,0,0,0,0,0,0,0,0,0,0,0,0,0,0,0,0,0,0,0,0,0,0,0,0,0,0,0,0,0,0,0,0,0,0,0,0,0,0,0,0,0,0,0,0,0,0,0,0,0,0,0,0,0,0,0,0,0,0,0,0,0,0,0,0,0,0,0,0,0,0,0,0,0,0,0,0,0,0,0,0,0,0,0,0,0,0,0,0,0,0,0,0,0,0,0,0,0,0,0,0,0,0,0,0,0,0,0,0,0,0,0,0,0,0,0,0,0,0,0,0,0,0,0,0,0,0,0,0,0,0,0,0,0,0,0,0,0,0,0,0,0,0,0,0,0,0,0,0,0,0,0,0,0,0,0,0,0,0,0,0,0,0,0,0,0,0,0,0,0,0,0,0,0,0,0,0,0,0
RTH Exit Buffer (minutes),0,0,60,int,Minutes before RTH end to start closing positions (0 = no auto-close),13,13,13,13,13,13,13,13,13,13,13,13,13,13,13,13,13,13,13,13,13,13,13,13,13,13,13,13,13,13,13,13,13,13,13,13,13,13,13,13,13,13,13,13,13,13,13,13,13,13,13,13,13,13,13,13,13,13,13,13,13,13,13,13,13,13,13,13,13,13,13,13,13,13,13,13,13,13,13,13,13,13,13,13,13,13,13,13,13,13,13,13,13,13,13,13,13,13,13,13,13,13,13,13,13,13,13,13,13,13,13,13,13,13,13,13,13,13,13,13,13,13,13,13,13,13,13,13,13,13,13,13,13,13,13,13,13,13,13,13,13,13,13,13,14,14,13,13,13,13,13,14,13,13,13,13,13,13,13,13,13,13,13,13,13,13,13,13,13,13,13,13,13,13,13,13,13,13,13,13,13,13,13,13,13,13,13,13,13,13,13,13,13,13,13,13,13,13,13,13,13,13,13,13,13,13,13,13,13,13,13,13,13,13,13,13,13,13,13,13,13,13,13,13,13,13,13,13,13,13,13,13,13,13,13,13,13,13,13,13,13,14,14,13,13,13,13,13,13,13,13,13,13,13,13,13,13,13,13,13,13,13,13,13,13,13,13,13,13,13,13,13,13,13,13,13,13,13,13,13,13,13,13,13,13,13,13,13,14,13,13,13,13,13,13,13,13,13,13,13,13,14,13,13,13,13,13,13,13,13,13,13,13,13,13,13,13,13,13,13,13,13,13,13,13,13,13,13,13,13,13,13,13,13,13,13,13,13,13,13,13,13,13,13,13,13,13,13,13,13,13,13,13,13,13,13,13,13,13,13,13,13,13,13,13,13,13,13,13,13,13,13,13,13,13,13,13,13,13,13,13,13,13,13,13,13,13,13,13,13,13,13,13,13,13,13,13,13,13,13,13,13,13,13,13,13,13,13,13,13,13,13,13,13,13,13,13,13,13,13,13,13,13,13,13,13,13,13,13,13,13,13,13,13,13,13,13,13,13,13,13,13,13,13,13,13,13,13,13,13,13,13,13,13,13,13,13,13,13,13,13,13,13,13,13,13,13,13,13,13,13,13,13,13,13,13,13,13,13,13,13,13,13,13,13,13,13,13,13,13,13,13,13,13,13,13,13,13,13,13,13,13,14,14,14,14,13,13,13,13,13,13,13,13,13,14,13,13,13,13,13,13,13,13,13,13,13,13,14,14,13,13,13,13,13,13,13,14,13,13,13,13,13,13,13,13,13,13,13,13,13,13,13,13,13,13,13,13,13,13,13,13,13,13,13,14,13,13,13,13,13,13,13,13,13,13,13,13,13,13,13,13,13,13,13,13,13,13,13,13,13,13,13,13,13,13,13,13,13,13,13,13,13,13,13,13,13,13,13,13,13,13,13,13,13,13,13,13,13,13,13,13,13,13,13,13,13,13,13,13,13,13,13,13,13,13,13,13,13,13,13,13,13,13,13,13,13,13,13,13,13,13,13,13,13,13,13,13,13,13,14,14,14,13,13,13,13,13,13,13,13,13,13,13,13,13,13,13,14,13,13,13,13,13,13,13,13,13,14,13,13,13,13,13,13,13,13,13,13,13,13,13,12,13,13,13,13,13,13,13,13,13,13,13,13,13,13,13,13,13,13,13,13,13,13,13,13,13,13,13,13,14,13,13,13,13,13,13,13,13,13,13,13,13,13,13,13,13,13,13,13,13,13,13,13,13,13,13,13,13,13,14,14,14,14,13,14,13
Enable Maintenance Filter,true,false,true,bool,Exit positions before maintenance periods,,,,,,,,,,,,,,,,,,,,,,,,,,,,,,,,,,,,,,,,,,,,,,,,,,,,,,,,,,,,,,,,,,,,,,,,,,,,,,,,,,,,,,,,,,,,,,,,,,,,,,,,,,,,,,,,,,,,,,,,,,,,,,,,,,,,,,,,,,,,,,,,,,,,,,,,,,,,,,,,,,,,,,,,,,,,,,,,,,,,,,,,,,,,,,,,,,,,,,,,,,,,,,,,,,,,,,,,,,,,,,,,,,,,,,,,,,,,,,,,,,,,,,,,,,,,,,,,,,,,,,,,,,,,,,,,,,,,,,,,,,,,,,,,,,,,,,,,,,,,,,,,,,,,,,,,,,,,,,,,,,,,,,,,,,,,,,,,,,,,,,,,,,,,,,,,,,,,,,,,,,,,,,,,,,,,,,,,,,,,,,,,,,,,,,,,,,,,,,,,,,,,,,,,,,,,,,,,,,,,,,,,,,,,,,,,,,,,,,,,,,,,,,,,,,,,,,,,,,,,,,,,,,,,,,,,,,,,,,,,,,,,,,,,,,,,,,,,,,,,,,,,,,,,,,,,,,,,,,,,,,,,,,,,,,,,,,,,,,,,,,,,,,,,,,,,,,,,,,,,,,,,,,,,,,,,,,,,,,,,,,,,,,,,,,,,,,,,,,,,,,,,,,,,,,,,,,,,,,,,,,,,,,,,,,,,,,,,,,,,,,,,,,,,,,,,,,,,,,,,,,,,,,,,,,,,,,,,,,,,,,,,,,,,,,,,,,,,,,,,,,,,,,,,,,,,,,,,,,,,,,,,,,,,,,,,,,,,,,,,,,,,,,,,,,,,,,,,,,,,,,,,,,,,
Daily Maintenance Start (HH:MM),17:00,17:00,17:00,str,Daily maintenance period start in Eastern Time (ES: 4:00 PM CT = 5:00 PM ET),,,,,,,,,,,,,,,,,,,,,,,,,,,,,,,,,,,,,,,,,,,,,,,,,,,,,,,,,,,,,,,,,,,,,,,,,,,,,,,,,,,,,,,,,,,,,,,,,,,,,,,,,,,,,,,,,,,,,,,,,,,,,,,,,,,,,,,,,,,,,,,,,,,,,,,,,,,,,,,,,,,,,,,,,,,,,,,,,,,,,,,,,,,,,,,,,,,,,,,,,,,,,,,,,,,,,,,,,,,,,,,,,,,,,,,,,,,,,,,,,,,,,,,,,,,,,,,,,,,,,,,,,,,,,,,,,,,,,,,,,,,,,,,,,,,,,,,,,,,,,,,,,,,,,,,,,,,,,,,,,,,,,,,,,,,,,,,,,,,,,,,,,,,,,,,,,,,,,,,,,,,,,,,,,,,,,,,,,,,,,,,,,,,,,,,,,,,,,,,,,,,,,,,,,,,,,,,,,,,,,,,,,,,,,,,,,,,,,,,,,,,,,,,,,,,,,,,,,,,,,,,,,,,,,,,,,,,,,,,,,,,,,,,,,,,,,,,,,,,,,,,,,,,,,,,,,,,,,,,,,,,,,,,,,,,,,,,,,,,,,,,,,,,,,,,,,,,,,,,,,,,,,,,,,,,,,,,,,,,,,,,,,,,,,,,,,,,,,,,,,,,,,,,,,,,,,,,,,,,,,,,,,,,,,,,,,,,,,,,,,,,,,,,,,,,,,,,,,,,,,,,,,,,,,,,,,,,,,,,,,,,,,,,,,,,,,,,,,,,,,,,,,,,,,,,,,,,,,,,,,,,,,,,,,,,,,,,,,,,,,,,,,,,,,,,,,,,,,,,,,,,,,,,,
Daily Maintenance End (HH:MM),17:30,17:30,17:30,str,Daily maintenance period end in Eastern Time (ES: 4:30 PM CT = 5:30 PM ET),,,,,,,,,,,,,,,,,,,,,,,,,,,,,,,,,,,,,,,,,,,,,,,,,,,,,,,,,,,,,,,,,,,,,,,,,,,,,,,,,,,,,,,,,,,,,,,,,,,,,,,,,,,,,,,,,,,,,,,,,,,,,,,,,,,,,,,,,,,,,,,,,,,,,,,,,,,,,,,,,,,,,,,,,,,,,,,,,,,,,,,,,,,,,,,,,,,,,,,,,,,,,,,,,,,,,,,,,,,,,,,,,,,,,,,,,,,,,,,,,,,,,,,,,,,,,,,,,,,,,,,,,,,,,,,,,,,,,,,,,,,,,,,,,,,,,,,,,,,,,,,,,,,,,,,,,,,,,,,,,,,,,,,,,,,,,,,,,,,,,,,,,,,,,,,,,,,,,,,,,,,,,,,,,,,,,,,,,,,,,,,,,,,,,,,,,,,,,,,,,,,,,,,,,,,,,,,,,,,,,,,,,,,,,,,,,,,,,,,,,,,,,,,,,,,,,,,,,,,,,,,,,,,,,,,,,,,,,,,,,,,,,,,,,,,,,,,,,,,,,,,,,,,,,,,,,,,,,,,,,,,,,,,,,,,,,,,,,,,,,,,,,,,,,,,,,,,,,,,,,,,,,,,,,,,,,,,,,,,,,,,,,,,,,,,,,,,,,,,,,,,,,,,,,,,,,,,,,,,,,,,,,,,,,,,,,,,,,,,,,,,,,,,,,,,,,,,,,,,,,,,,,,,,,,,,,,,,,,,,,,,,,,,,,,,,,,,,,,,,,,,,,,,,,,,,,,,,,,,,,,,,,,,,,,,,,,,,,,,,,,,,,,,,,,,,,,,,,,,,,,,,,,,,
Weekend Maintenance Start Day,4,4,4,int,"Weekend maintenance start day (0=Monday, 1=Tuesday, 2=Wednesday, 3=Thursday, 4=Friday, 5=Saturday, 6=Sunday). For ES futures: 4 (Friday)",,,,,,,,,,,,,,,,,,,,,,,,,,,,,,,,,,,,,,,,,,,,,,,,,,,,,,,,,,,,,,,,,,,,,,,,,,,,,,,,,,,,,,,,,,,,,,,,,,,,,,,,,,,,,,,,,,,,,,,,,,,,,,,,,,,,,,,,,,,,,,,,,,,,,,,,,,,,,,,,,,,,,,,,,,,,,,,,,,,,,,,,,,,,,,,,,,,,,,,,,,,,,,,,,,,,,,,,,,,,,,,,,,,,,,,,,,,,,,,,,,,,,,,,,,,,,,,,,,,,,,,,,,,,,,,,,,,,,,,,,,,,,,,,,,,,,,,,,,,,,,,,,,,,,,,,,,,,,,,,,,,,,,,,,,,,,,,,,,,,,,,,,,,,,,,,,,,,,,,,,,,,,,,,,,,,,,,,,,,,,,,,,,,,,,,,,,,,,,,,,,,,,,,,,,,,,,,,,,,,,,,,,,,,,,,,,,,,,,,,,,,,,,,,,,,,,,,,,,,,,,,,,,,,,,,,,,,,,,,,,,,,,,,,,,,,,,,,,,,,,,,,,,,,,,,,,,,,,,,,,,,,,,,,,,,,,,,,,,,,,,,,,,,,,,,,,,,,,,,,,,,,,,,,,,,,,,,,,,,,,,,,,,,,,,,,,,,,,,,,,,,,,,,,,,,,,,,,,,,,,,,,,,,,,,,,,,,,,,,,,,,,,,,,,,,,,,,,,,,,,,,,,,,,,,,,,,,,,,,,,,,,,,,,,,,,,,,,,,,,,,,,,,,,,,,,,,,,,,,,,,,,,,,,,,,,,,,,,,,,,,,,,,,,,,,,,,,,,,,,,,,,,,,,
Weekend Maintenance Start Time (HH:MM),17:00,17:00,17:00,str,Weekend maintenance start time in Eastern Time (ES: Fri 4:00 PM CT = 5:00 PM ET),,,,,,,,,,,,,,,,,,,,,,,,,,,,,,,,,,,,,,,,,,,,,,,,,,,,,,,,,,,,,,,,,,,,,,,,,,,,,,,,,,,,,,,,,,,,,,,,,,,,,,,,,,,,,,,,,,,,,,,,,,,,,,,,,,,,,,,,,,,,,,,,,,,,,,,,,,,,,,,,,,,,,,,,,,,,,,,,,,,,,,,,,,,,,,,,,,,,,,,,,,,,,,,,,,,,,,,,,,,,,,,,,,,,,,,,,,,,,,,,,,,,,,,,,,,,,,,,,,,,,,,,,,,,,,,,,,,,,,,,,,,,,,,,,,,,,,,,,,,,,,,,,,,,,,,,,,,,,,,,,,,,,,,,,,,,,,,,,,,,,,,,,,,,,,,,,,,,,,,,,,,,,,,,,,,,,,,,,,,,,,,,,,,,,,,,,,,,,,,,,,,,,,,,,,,,,,,,,,,,,,,,,,,,,,,,,,,,,,,,,,,,,,,,,,,,,,,,,,,,,,,,,,,,,,,,,,,,,,,,,,,,,,,,,,,,,,,,,,,,,,,,,,,,,,,,,,,,,,,,,,,,,,,,,,,,,,,,,,,,,,,,,,,,,,,,,,,,,,,,,,,,,,,,,,,,,,,,,,,,,,,,,,,,,,,,,,,,,,,,,,,,,,,,,,,,,,,,,,,,,,,,,,,,,,,,,,,,,,,,,,,,,,,,,,,,,,,,,,,,,,,,,,,,,,,,,,,,,,,,,,,,,,,,,,,,,,,,,,,,,,,,,,,,,,,,,,,,,,,,,,,,,,,,,,,,,,,,,,,,,,,,,,,,,,,,,,,,,,,,,,,,,,,,
Weekend Maintenance End Day,6,6,6,int,"Weekend maintenance end day (0=Monday, 1=Tuesday, 2=Wednesday, 3=Thursday, 4=Friday, 5=Saturday, 6=Sunday). For ES futures: 6 (Sunday)",,,,,,,,,,,,,,,,,,,,,,,,,,,,,,,,,,,,,,,,,,,,,,,,,,,,,,,,,,,,,,,,,,,,,,,,,,,,,,,,,,,,,,,,,,,,,,,,,,,,,,,,,,,,,,,,,,,,,,,,,,,,,,,,,,,,,,,,,,,,,,,,,,,,,,,,,,,,,,,,,,,,,,,,,,,,,,,,,,,,,,,,,,,,,,,,,,,,,,,,,,,,,,,,,,,,,,,,,,,,,,,,,,,,,,,,,,,,,,,,,,,,,,,,,,,,,,,,,,,,,,,,,,,,,,,,,,,,,,,,,,,,,,,,,,,,,,,,,,,,,,,,,,,,,,,,,,,,,,,,,,,,,,,,,,,,,,,,,,,,,,,,,,,,,,,,,,,,,,,,,,,,,,,,,,,,,,,,,,,,,,,,,,,,,,,,,,,,,,,,,,,,,,,,,,,,,,,,,,,,,,,,,,,,,,,,,,,,,,,,,,,,,,,,,,,,,,,,,,,,,,,,,,,,,,,,,,,,,,,,,,,,,,,,,,,,,,,,,,,,,,,,,,,,,,,,,,,,,,,,,,,,,,,,,,,,,,,,,,,,,,,,,,,,,,,,,,,,,,,,,,,,,,,,,,,,,,,,,,,,,,,,,,,,,,,,,,,,,,,,,,,,,,,,,,,,,,,,,,,,,,,,,,,,,,,,,,,,,,,,,,,,,,,,,,,,,,,,,,,,,,,,,,,,,,,,,,,,,,,,,,,,,,,,,,,,,,,,,,,,,,,,,,,,,,,,,,,,,,,,,,,,,,,,,,,,,,,,,,,,,,,,,,,,,,,,,,,,,,,,,,,,,,,,
Weekend Maintenance End Time (HH:MM),18:00,18:00,18:00,str,Weekend maintenance end time in Eastern Time (ES: Sun 5:00 PM CT = 6:00 PM ET),,,,,,,,,,,,,,,,,,,,,,,,,,,,,,,,,,,,,,,,,,,,,,,,,,,,,,,,,,,,,,,,,,,,,,,,,,,,,,,,,,,,,,,,,,,,,,,,,,,,,,,,,,,,,,,,,,,,,,,,,,,,,,,,,,,,,,,,,,,,,,,,,,,,,,,,,,,,,,,,,,,,,,,,,,,,,,,,,,,,,,,,,,,,,,,,,,,,,,,,,,,,,,,,,,,,,,,,,,,,,,,,,,,,,,,,,,,,,,,,,,,,,,,,,,,,,,,,,,,,,,,,,,,,,,,,,,,,,,,,,,,,,,,,,,,,,,,,,,,,,,,,,,,,,,,,,,,,,,,,,,,,,,,,,,,,,,,,,,,,,,,,,,,,,,,,,,,,,,,,,,,,,,,,,,,,,,,,,,,,,,,,,,,,,,,,,,,,,,,,,,,,,,,,,,,,,,,,,,,,,,,,,,,,,,,,,,,,,,,,,,,,,,,,,,,,,,,,,,,,,,,,,,,,,,,,,,,,,,,,,,,,,,,,,,,,,,,,,,,,,,,,,,,,,,,,,,,,,,,,,,,,,,,,,,,,,,,,,,,,,,,,,,,,,,,,,,,,,,,,,,,,,,,,,,,,,,,,,,,,,,,,,,,,,,,,,,,,,,,,,,,,,,,,,,,,,,,,,,,,,,,,,,,,,,,,,,,,,,,,,,,,,,,,,,,,,,,,,,,,,,,,,,,,,,,,,,,,,,,,,,,,,,,,,,,,,,,,,,,,,,,,,,,,,,,,,,,,,,,,,,,,,,,,,,,,,,,,,,,,,,,,,,,,,,,,,,,,,,,,,,,,,,,,
Maintenance Buffer Minutes,5,1,30,int,Minutes before/after maintenance to exit/block trading,21,21,21,21,21,21,21,21,21,21,21,21,21,21,21,21,21,21,21,21,21,21,21,21,21,21,21,21,21,21,21,21,21,21,21,21,21,21,21,21,21,21,21,21,21,21,21,21,21,21,21,21,21,21,21,21,21,21,21,21,21,21,21,21,21,21,21,21,21,21,21,21,21,21,21,21,21,21,21,21,21,21,21,21,21,21,21,21,21,21,21,21,21,21,21,21,21,21,21,21,21,21,21,21,21,21,21,21,21,21,21,21,21,21,21,21,21,21,22,21,21,21,21,21,21,21,21,21,21,21,21,21,21,21,21,21,21,21,21,21,21,21,21,21,21,21,21,21,21,21,21,21,21,21,21,21,21,21,21,21,21,21,21,21,21,21,21,21,21,21,21,21,21,21,21,21,21,21,21,21,21,21,21,21,21,21,21,21,21,21,21,21,22,21,21,21,21,21,21,21,21,21,21,21,21,21,21,21,21,21,21,21,21,21,21,21,21,21,21,21,21,21,21,21,21,21,21,21,21,21,21,21,21,21,21,21,21,21,21,21,21,21,21,21,21,21,21,21,21,21,21,21,21,21,21,21,21,21,21,21,21,21,21,21,21,21,21,21,21,21,21,21,21,21,21,21,21,21,21,21,21,21,21,21,21,21,21,21,21,22,21,21,21,21,21,21,21,21,21,21,21,21,21,21,21,21,21,21,21,21,21,21,21,21,21,21,21,21,21,21,21,21,21,21,21,21,21,21,21,21,21,21,21,21,21,21,21,21,21,22,21,21,21,21,21,21,21,21,21,21,21,21,21,21,22,21,21,21,21,21,21,21,21,21,21,21,21,21,21,21,21,21,21,21,21,22,21,21,21,21,21,21,21,22,21,21,21,21,22,21,21,21,21,21,21,21,21,21,21,21,21,22,21,21,21,21,21,21,21,21,21,21,21,21,21,21,21,21,21,21,21,21,21,21,21,21,21,21,21,21,21,21,21,21,21,21,22,21,21,21,21,21,21,21,21,21,21,22,21,21,21,21,21,21,21,21,21,21,21,21,21,21,21,21,21,21,21,21,21,21,21,21,21,21,21,21,21,21,21,21,21,21,21,21,21,21,21,21,21,21,21,21,21,21,21,21,21,21,21,21,21,21,21,21,21,21,21,21,21,21,21,21,21,21,21,21,21,21,21,21,21,21,21,21,21,21,21,21,21,21,21,21,21,21,21,21,21,21,21,21,21,21,21,21,21,21,21,21,21,21,21,21,21,21,21,21,21,21,21,21,21,21,21,21,21,21,21,21,21,21,21,21,21,21,21,21,21,21,21,21,21,21,21,21,21,21,21,21,21,21,21,21,21,21,21,21,21,21,21,21,21,21,21,21,21,21,21,21,21,21,21,21,21,21,21,21,21,21,21,21,21,21,22,21,21,21,21,21,21,21,21,21,21,21,21,21,21,21,21,21,21,21,21,21,21,21,21,21,21,21,21,21,21,21,21,21,21,21,21,21,21,21,21,21,21,21,21,21,21,21,21,21,21,21,21,21,21,21,21,21,21,21,21,21,21,21,21,21,21,21,21,21,21,21,21,21,21,21,21,21,21,21,21,21,21,21,21,21,21,21,21,21,21,22,21,21,21,21,21,21,21,21,21,21,21,21,21,21,21,21,21,21,21,21,21,21,21,21,21,21,21,21,21,21,21,21,21,21,21,21,21,21,21,21,21,21,21,21,21,21,21,21,21,21,21,21,21,21
Volume MA Length,50,10,200,int,Rolling window for average volume calculation (used by volume filter),158,158,158,158,158,158,158,158,158,158,158,158,158,158,158,158,158,158,158,158,158,158,158,158,158,158,158,158,158,158,158,157,158,158,158,158,158,158,158,158,158,158,158,158,158,158,158,158,158,158,158,158,158,158,158,158,158,158,158,158,158,158,158,158,158,158,158,158,158,158,158,158,158,158,158,158,158,158,158,158,158,158,158,158,158,158,158,158,158,158,158,158,158,158,158,158,158,158,159,158,158,158,158,158,158,158,158,158,158,158,158,158,158,158,158,158,158,158,158,158,158,158,158,158,158,158,158,158,158,158,158,158,158,158,158,158,158,158,158,158,158,158,158,158,158,158,158,159,158,158,158,158,158,158,158,158,158,159,158,158,158,158,158,158,158,158,158,158,158,158,158,158,158,158,158,158,158,158,158,158,158,158,158,158,158,158,158,158,158,158,158,158,158,158,158,158,158,158,158,158,158,158,158,158,158,158,158,158,158,158,158,158,158,158,158,158,158,158,158,158,158,158,158,158,158,158,158,158,158,158,158,158,158,158,158,158,158,158,158,158,158,158,158,158,158,158,158,158,158,158,158,158,158,158,158,159,158,158,158,158,158,158,158,158,158,158,158,158,158,159,158,157,158,158,158,158,158,158,158,158,158,158,158,158,158,158,158,158,158,158,158,158,158,158,158,158,158,159,158,158,158,158,158,158,158,158,158,158,158,158,158,158,157,159,158,158,158,158,158,158,158,158,158,158,158,158,158,158,158,158,158,158,158,158,158,158,158,158,158,158,158,158,158,158,158,158,158,158,158,158,157,158,158,158,158,158,158,158,158,158,158,158,158,158,158,158,158,158,158,158,158,158,158,158,158,158,158,158,158,158,158,158,158,158,158,158,158,158,158,158,158,158,158,158,158,158,158,158,158,158,158,158,158,158,158,158,158,158,158,158,158,158,158,158,158,158,158,158,158,158,157,158,158,158,158,158,158,158,158,158,158,158,158,158,158,158,158,158,158,158,158,158,158,158,158,158,158,158,158,158,158,158,158,158,158,158,158,158,158,158,158,158,158,158,158,158,158,158,159,158,158,158,158,158,158,158,158,158,158,158,158,158,158,158,158,158,158,158,158,158,158,158,157,158,158,158,158,158,158,158,158,158,158,158,158,158,158,158,158,158,158,158,158,158,158,158,158,158,158,158,158,158,158,158,158,158,158,158,158,158,158,158,158,158,158,158,158,158,158,158,158,158,158,158,158,158,158,159,158,158,158,158,158,158,158,158,158,158,158,158,158,158,158,158,158,158,158,158,158,158,158,158,158,158,158,158,158,158,158,158,158,158,158,158,158,158,158,158,158,158,158,158,158,158,158,158,158,158,158,158,158,158,158,158,158,158,158,158,158,158,158,158,158,158,158,158,158,158,158,158,158,158,158,158,158,158,158,158,158,158,158,158,158,158,158,158,158,158,158,158,158,158,158,158,158,158,158,158,158,158,158,158,158,158,158,158,158,158,158,158,158,158,158,158,158,158,158,158,158,158,158,158,158,158,158,158,158,158,158,158,158,158,158,158,158,158,158,158,158,158,158,158,158,158,158,159,158,158,158,158,158,158,158,158,158,158,158,158,158,158,158,158,158,158,158,158,158,158,158,158,158,158,158,158,158,158,158,158,158,158,159,158,158,158,158,158,158,157,158,158,158,158,158,158,158,158,158,158,158,158,158,158,158,158,158,158,158,158,158,158,158,158,158,158,158,158,158,158
Max Volume Multiplier,1.2,0.1,5,float,"Volume filter for mean reversion - MAX volume allowed (volume <= avg * multiplier). Low volume = exhausted move ready to reverse. High volume = strong momentum (bad for mean reversion). Range 0.5-3.0 (1.0 = no filter, lower = more restrictive)",2.1025,1.7385,2.1025,1.7551,2.033,2.0327,2.0296,2.023,2.0313,2.0658,1.9826,2.0313,2.0167,2.0296,2.0416,2.0659,2.0435,1.9419,1.9419,2.029,2.0635,2.1591,1.9794,2.027,2.027,2.0255,2.0227,2.0327,2.0616,2.0655,1.9997,2.0312,2.0235,1.9415,2.0435,2.0559,2.0559,2.0327,1.9415,2.0387,2.0329,2.0435,1.978,2.0559,2.0189,2.027,2.0324,2.0603,1.9751,2.0664,2.0265,2.027,2.042,2.0832,2.0832,2.0246,2.0859,2.0564,2.0615,2.0218,2.0664,2.027,2.0695,2.0632,2.0766,2.0695,2.0695,2.0092,1.9164,1.7777,2.0612,1.9794,2.0636,2.0284,2.1163,2.0623,2.0245,1.9745,2.0589,2.0317,2.1092,1.9979,2.0501,2.0161,2.0668,2.0623,2.1137,2.0109,2.0264,2.0375,1.9343,1.9992,2.0598,2.0428,2.0668,2.0668,2.1014,2.0668,2.0457,2.1212,2.0482,2.0273,2.03,2.0073,2.0545,1.9683,2.075,2.0268,2.0576,2.0668,2.0178,2.0317,2.0198,2.0198,2.1092,2.1068,2.0404,2.0168,2.062,2.0247,2.0299,2.0709,2.0387,2.0919,1.942,2.0592,2.0578,2.1,2.1132,2.0932,2.0302,2.0522,2.0432,2.0194,2.0312,2.0448,2.1268,2.0283,2.1246,2.0868,2.0967,2.0424,2.1092,2.0303,2.0531,2.0531,2.0531,2.0319,2.0707,2.0849,2.0849,2.1136,1.9778,2.0453,2.0165,2.0602,1.9903,2.0597,2.0473,1.9769,2.0398,2.0113,2.0713,2.0627,2.023,2.0568,2.0224,2.1598,2.1598,1.9769,2.0732,2.065,2.0521,2.039,2.0019,2.0019,2.0001,2.0294,2.0419,2.1065,2.048,2.1099,2.0162,2.0833,1.9982,2.0555,2.0981,2.0862,2.0912,2.0001,2.0315,2.0637,2.0769,2.0648,2.0505,2.0478,2.0301,2.0159,2.0613,2.1351,2.0528,2.0356,2.0027,2.0558,2.0342,2.0388,2.0594,2.0311,2.0545,1.9999,2.1066,2.0849,2.0537,2.198,2.0627,2.0585,2.0455,2.0592,2.0443,1.9587,2.0362,1.9825,2.0636,2.0112,2.0112,2.0112,2.0391,2.0642,2.0381,2.0489,2.0431,2.0404,2.0475,2.1027,2.0591,2.065,2.0554,2.0527,2.193,2.0262,2.0439,2.0465,2.0465,2.0019,1.993,1.9995,2.0721,2.0246,2.0779,2.0431,2.0365,2.0594,2.0798,2.0731,2.0001,2.0475,2.0086,2.0437,2.0868,2.0666,2.0549,2.0234,2.0234,2.0727,2.053,2.0566,2.0242,2.0565,2.1212,2.023,2.0632,2.017,2.0432,2.0799,2.0557,2.0558,1.9885,2.059,2.0749,2.0328,2.0502,2.0943,2.0705,2.0185,2.062,2.0306,2.0699,2.0564,1.9963,2.0278,2.0786,1.9698,2.0278,2.193,2.0263,2.074,2.0011,2.0413,2.0578,2.0252,2.0427,2.0328,2.0884,2.0385,2.0205,2.0205,2.0413,2.0977,2.0873,2.0551,2.0304,2.0332,2.0623,2.0454,2.0553,2.0753,2.0331,2.0562,2.0462,2.0157,2.0544,2.0581,2.0546,1.9854,1.9828,1.9902,2.039,2.0667,2.0361,2.0592,2.0412,2.0251,2.0502,2.0332,2.0565,2.0582,2.0593,2.0768,2.05,2.0668,2.0151,2.0746,2.0691,2.0229,1.9805,2.0868,2.0416,2.0394,2.0372,2.0356,2.0674,2.0525,2.0632,2.0468,1.9544,2.0479,2.1033,2.0323,2.0642,2.0615,1.9835,2.0522,2.0971,2.0689,2.0337,2.0421,2.0537,2.0538,2.0546,2.0477,2.0615,2.0459,2.0881,2.0627,2.0584,2.0792,2.0482,1.7875,1.7875,1.7875,2.0486,2.0306,1.9827,2.0242,2.0556,2.0677,2.0491,2.0476,1.9881,2.0626,2.1047,2.0616,2.049,2.085,2.0583,2.0465,2.0548,2.0569,2.059,2.0257,2.0243,2.11,2.0534,2.0252,2.0333,2.0235,1.9492,2.0538,2.0671,2.034,1.9838,2.1017,2.1017,2.0287,2.0465,2.059,2.0083,2.0625,2.0407,2.0652,2.027,2.1082,2.0653,2.0653,2.0276,2.003,2.0533,2.0476,2.0333,2.0527,2.0974,2.054,2.02,2.0303,2.0062,1.7875,2.0389,2.0704,2.054,2.0926,2.1042,2.0704,2.0649,1.9754,2.0201,2.0359,2.0534,2.0523,2.0593,2.0868,2.0532,2.0244,2.0835,2.0288,2.0549,2.0305,2.027,2.0443,2.0143,2.0515,2.1243,2.0417,2.0465,2.0084,2.065,2.0521,2.098,2.0439,2.0509,2.0491,2.0588,1.5094,2.1036,2.0015,2.0317,2.0059,2.0649,2.0585,1.8457,2.0246,1.9989,2.0902,2.052,2.0632,2.0459,2.063,2.0764,2.0553,2.1316,2.0492,2.0198,2.0508,2.0584,2.0975,2.0538,2.0434,2.0587,2.0517,2.0379,2.0755,2.0104,2.0284,3.7943,3.7943,3.7943,3.7943,2.039,2.0483,2.0581,2.0425,2.0058,2.0593,2.042,2.0868,2.0222,4.031,2.1422,2.0457,2.0328,2.0479,2.0451,2.0191,2.0247,2.0938,2.0275,2.0301,3.9617,2.0298,3.7943,3.7943,2.066,2.0615,3.9368,3.9368,3.9368,1.7806,2.035,3.9978,4.2189,2.0183,2.0341,2.0532,2.0356,3.9316,4.0638,2.0379,2.016,2.0245,2.057,2.0356,2.0438,2.1033,4.2189,4.2485,4.2057,2.0904,2.1243,2.0585,2.0605,2.0741,2.0777,2.0645,2.0499,2.0772,2.0502,1.467,3.9617,1.4325,2.0068,2.0708,2.0419,2.0626,2.0833,2.023,1.9683,2.146,2.0003,2.0585,2.0244,2.0625,2.0247,2.0539,2.0681,2.0246,2.033,2.0261,2.0572,2.0354,2.0965,2.0331,2.008,1.9956,2.0541,2.0428,2.0503,2.0562,2.0936,2.0842,2.0746,2.0266,2.006,1.9925,2.0663,2.0563,2.037,2.0601,2.0841,2.0588,2.006,2.0159,2.0011,2.0511,2.0546,2.0329,1.9912,2.0,2.0357,2.0473,2.0619,1.4664,2.0079,2.0414,2.0689,2.0326,1.9985,2.0231,2.0645,2.0317,2.1115,1.7829,2.1003,1.4086,2.0352,2.097,2.0917,2.057,2.0685,2.0153,2.0402,2.066,1.423,2.1316,2.0828,2.0249,2.0814,2.052,1.9531,2.0394,2.0087,2.0751,2.0094,2.0917,1.9629,2.0139,2.0136,1.3278,2.0563,2.0368,2.0287,2.0487,1.467,1.467,1.467,2.0154,2.0446,1.4013,1.996,2.0485,2.0233,2.0291,2.0184,2.0,2.0229,2.0053,2.0414,2.0397,1.5237,2.0,1.467,2.0141,1.4807,2.0881,2.0061,1.4216,2.0412,2.0673,2.0447,2.1207,1.4757,2.0568,2.0356,2.0429,2.04,2.0253,1.3329,2.0367,1.4146,1.7829,2.0374,2.0477,2.0666,1.4128,1.4344,1.4344,1.9848,2.0251,2.0264,2.0075,2.0538,2.0111,2.0444,2.0668,2.0452,1.7929,2.0034,1.9635,2.0409,1.4215,2.0746,2.0304,2.0298,2.0053,2.0127,2.0275,2.0417,2.0419,2.0409,2.0482,2.0052,1.9492,2.0409,1.467,2.0409,1.9963,1.9985,1.5057,1.5039,2.0022,2.0067,2.0022,2.0363,2.0131,1.4215,1.4215,1.4215,1.4332,1.4332,1.4332,1.4332,1.4332,1.4215,1.4215,1.5039,1.4215,1.4215,1.429,2.0022,1.4215,2.0604,1.4215,1.6437,1.5949,1.5949,1.5949,1.5949,1.3271,1.5949,1.9848
Timeframe (minutes),15,1,15,int,Resample timeframe in minutes,9,9,9,9,9,9,9,9,9,9,9,9,9,9,9,9,9,9,9,9,9,9,9,9,9,9,9,9,9,9,9,9,9,9,9,9,9,9,9,9,9,9,9,9,9,9,9,9,9,9,9,9,9,9,9,9,9,9,9,9,9,9,9,9,9,9,9,9,9,9,9,9,9,9,9,9,9,9,9,9,9,9,9,9,9,9,9,9,9,9,9,9,9,9,9,9,9,9,9,9,9,9,9,9,9,9,9,9,9,9,9,9,9,9,9,9,9,9,9,9,9,9,9,9,9,9,9,9,9,9,9,9,9,9,9,9,9,9,9,9,9,9,9,9,9,9,9,9,9,9,9,9,9,9,9,9,9,9,9,9,9,9,9,9,9,9,9,9,9,9,9,9,9,9,9,9,9,9,9,9,9,9,9,9,9,9,9,9,9,9,9,9,9,9,9,9,9,9,9,9,9,9,9,9,9,9,9,9,9,9,9,9,9,9,9,9,9,9,9,9,9,9,9,9,9,9,9,9,9,9,9,9,9,9,9,9,9,9,9,9,9,9,9,9,9,9,9,9,9,9,9,9,9,9,9,9,9,9,9,9,9,9,9,9,9,9,9,9,9,9,9,9,9,9,9,9,9,9,9,9,9,9,9,9,9,9,9,9,9,9,9,9,9,9,9,9,9,9,9,9,9,9,9,9,9,9,9,9,9,9,9,9,9,9,9,9,9,9,9,9,9,9,9,9,9,9,9,9,9,9,9,9,9,9,9,9,9,9,9,9,9,9,9,9,9,9,9,9,9,9,9,9,9,9,9,9,9,9,9,9,9,9,9,9,9,9,9,9,9,9,9,9,9,9,9,9,9,9,9,9,9,9,9,9,9,9,9,9,9,9,9,9,9,9,9,9,9,9,9,9,9,9,9,9,9,9,9,9,9,9,9,9,9,9,9,9,9,9,9,9,9,9,9,9,9,9,9,9,9,9,9,9,9,9,9,9,9,9,9,9,9,9,9,9,9,9,9,9,9,9,9,9,9,9,9,9,9,9,9,9,9,9,9,9,9,9,9,9,9,9,9,9,9,9,9,9,9,9,9,9,9,9,9,9,9,9,9,9,9,9,9,9,9,9,9,9,9,9,9,9,9,9,9,9,9,9,9,9,9,9,9,9,9,9,9,9,9,9,9,9,9,9,9,9,9,9,9,9,9,9,9,9,9,9,9,9,9,9,9,9,9,9,9,9,9,9,9,9,9,9,9,9,9,9,9,9,9,9,9,9,9,9,9,9,9,9,9,9,9,9,9,9,9,9,9,9,9,9,9,9,9,9,9,9,9,9,9,9,9,9,9,9,9,9,9,9,9,9,9,9,9,9,9,9,9,9,9,9,9,9,9,9,9,9,9,9,9,9,9,9,9,9,9,9,9,9,9,9,9,9,9,9,9,9,9,9,9,9,9,9,9,9,9,9,9,9,9,9,9,9,9,9,9,9,9,9,9,9,9,9,9,9,9,9,9,9,9,9,9,9,9,9,9,9,9,9,9,9,9,9,9,9,9,9,9,9,9,9,9,9,9,9,9,9,9,9,9,9,9,9,9,9,9,9,9,9,9,9,9,9,9,9,9,9,9,9,9,9,9,9,9,9,9,9,9,9,9,9,9,9,9,9,9,9,9,9,9,9,9,9,9,9,9,9,9,9,9,9,9,9,9,9,9,9,9,9,9,9,9,9,10,9,9,9,9,9,9,9
Max Open Trades,1,1,1,int,Maximum concurrent positions,,,,,,,,,,,,,,,,,,,,,,,,,,,,,,,,,,,,,,,,,,,,,,,,,,,,,,,,,,,,,,,,,,,,,,,,,,,,,,,,,,,,,,,,,,,,,,,,,,,,,,,,,,,,,,,,,,,,,,,,,,,,,,,,,,,,,,,,,,,,,,,,,,,,,,,,,,,,,,,,,,,,,,,,,,,,,,,,,,,,,,,,,,,,,,,,,,,,,,,,,,,,,,,,,,,,,,,,,,,,,,,,,,,,,,,,,,,,,,,,,,,,,,,,,,,,,,,,,,,,,,,,,,,,,,,,,,,,,,,,,,,,,,,,,,,,,,,,,,,,,,,,,,,,,,,,,,,,,,,,,,,,,,,,,,,,,,,,,,,,,,,,,,,,,,,,,,,,,,,,,,,,,,,,,,,,,,,,,,,,,,,,,,,,,,,,,,,,,,,,,,,,,,,,,,,,,,,,,,,,,,,,,,,,,,,,,,,,,,,,,,,,,,,,,,,,,,,,,,,,,,,,,,,,,,,,,,,,,,,,,,,,,,,,,,,,,,,,,,,,,,,,,,,,,,,,,,,,,,,,,,,,,,,,,,,,,,,,,,,,,,,,,,,,,,,,,,,,,,,,,,,,,,,,,,,,,,,,,,,,,,,,,,,,,,,,,,,,,,,,,,,,,,,,,,,,,,,,,,,,,,,,,,,,,,,,,,,,,,,,,,,,,,,,,,,,,,,,,,,,,,,,,,,,,,,,,,,,,,,,,,,,,,,,,,,,,,,,,,,,,,,,,,,,,,,,,,,,,,,,,,,,,,,,,,,,,,,,,,,,,,,,,,,,,,,,,,,,,,,,,,,,,,,,
Transaction Cost (Per Trade),15,15,15,float,Estimated friction per trade (Slippage + Commissions) to realistic PnL. E.g. $4 comm + $12.50 slip = 16.5,,,,,,,,,,,,,,,,,,,,,,,,,,,,,,,,,,,,,,,,,,,,,,,,,,,,,,,,,,,,,,,,,,,,,,,,,,,,,,,,,,,,,,,,,,,,,,,,,,,,,,,,,,,,,,,,,,,,,,,,,,,,,,,,,,,,,,,,,,,,,,,,,,,,,,,,,,,,,,,,,,,,,,,,,,,,,,,,,,,,,,,,,,,,,,,,,,,,,,,,,,,,,,,,,,,,,,,,,,,,,,,,,,,,,,,,,,,,,,,,,,,,,,,,,,,,,,,,,,,,,,,,,,,,,,,,,,,,,,,,,,,,,,,,,,,,,,,,,,,,,,,,,,,,,,,,,,,,,,,,,,,,,,,,,,,,,,,,,,,,,,,,,,,,,,,,,,,,,,,,,,,,,,,,,,,,,,,,,,,,,,,,,,,,,,,,,,,,,,,,,,,,,,,,,,,,,,,,,,,,,,,,,,,,,,,,,,,,,,,,,,,,,,,,,,,,,,,,,,,,,,,,,,,,,,,,,,,,,,,,,,,,,,,,,,,,,,,,,,,,,,,,,,,,,,,,,,,,,,,,,,,,,,,,,,,,,,,,,,,,,,,,,,,,,,,,,,,,,,,,,,,,,,,,,,,,,,,,,,,,,,,,,,,,,,,,,,,,,,,,,,,,,,,,,,,,,,,,,,,,,,,,,,,,,,,,,,,,,,,,,,,,,,,,,,,,,,,,,,,,,,,,,,,,,,,,,,,,,,,,,,,,,,,,,,,,,,,,,,,,,,,,,,,,,,,,,,,,,,,,,,,,,,,,,,,,,,,,,,,,,,,,,,,,,,,,,,,,,,,,,,,,,,,,
=== TAKE PROFIT CRITERIA ===,,,,,,,,,,,,,,,,,,,,,,,,,,,,,,,,,,,,,,,,,,,,,,,,,,,,,,,,,,,,,,,,,,,,,,,,,,,,,,,,,,,,,,,,,,,,,,,,,,,,,,,,,,,,,,,,,,,,,,,,,,,,,,,,,,,,,,,,,,,,,,,,,,,,,,,,,,,,,,,,,,,,,,,,,,,,,,,,,,,,,,,,,,,,,,,,,,,,,,,,,,,,,,,,,,,,,,,,,,,,,,,,,,,,,,,,,,,,,,,,,,,,,,,,,,,,,,,,,,,,,,,,,,,,,,,,,,,,,,,,,,,,,,,,,,,,,,,,,,,,,,,,,,,,,,,,,,,,,,,,,,,,,,,,,,,,,,,,,,,,,,,,,,,,,,,,,,,,,,,,,,,,,,,,,,,,,,,,,,,,,,,,,,,,,,,,,,,,,,,,,,,,,,,,,,,,,,,,,,,,,,,,,,,,,,,,,,,,,,,,,,,,,,,,,,,,,,,,,,,,,,,,,,,,,,,,,,,,,,,,,,,,,,,,,,,,,,,,,,,,,,,,,,,,,,,,,,,,,,,,,,,,,,,,,,,,,,,,,,,,,,,,,,,,,,,,,,,,,,,,,,,,,,,,,,,,,,,,,,,,,,,,,,,,,,,,,,,,,,,,,,,,,,,,,,,,,,,,,,,,,,,,,,,,,,,,,,,,,,,,,,,,,,,,,,,,,,,,,,,,,,,,,,,,,,,,,,,,,,,,,,,,,,,,,,,,,,,,,,,,,,,,,,,,,,,,,,,,,,,,,,,,,,,,,,,,,,,,,,,,,,,,,,,,,,,,,,,,,,,,,,,,,,,,,,,,,
TP Method,0,0,2,int,"Take profit method (0=Fixed BB at Entry, 1=Fixed ATR, 2=Opposite BB) - OPTIMIZABLE",,,,,,,,,,,,,,,,,,,,,,,,,,,,,,,,,,,,,,,,,,,,,,,,,,,,,,,,,,,,,,,,,,,,,,,,,,,,,,,,,,,,,,,,,,,,,,,,,,,,,,,,,,,,,,,,,,,,,,,,,,,,,,,,,,,,,,,,,,,,,,,,,,,,,,,,,,,,,,,,,,,,,,,,,,,,,,,,,,,,,,,,,,,,,,,,,,,,,,,,,,,,,,,,,,,,,,,,,,,,,,,,,,,,,,,,,,,,,,,,,,,,,,,,,,,,,,,,,,,,,,,,,,,,,,,,,,,,,,,,,,,,,,,,,,,,,,,,,,,,,,,,,,,,,,,,,,,,,,,,,,,,,,,,,,,,,,,,,,,,,,,,,,,,,,,,,,,,,,,,,,,,,,,,,,,,,,,,,,,,,,,,,,,,,,,,,,,,,,,,,,,,,,,,,,,,,,,,,,,,,,,,,,,,,,,,,,,,,,,,,,,,,,,,,,,,,,,,,,,,,,,,,,,,,,,,,,,,,,,,,,,,,,,,,,,,,,,,,,,,,,,,,,,,,,,,,,,,,,,,,,,,,,,,,,,,,,,,,,,,,,,,,,,,,,,,,,,,,,,,,,,,,,,,,,,,,,,,,,,,,,,,,,,,,,,,,,,,,,,,,,,,,,,,,,,,,,,,,,,,,,,,,,,,,,,,,,,,,,,,,,,,,,,,,,,,,,,,,,,,,,,,,,,,,,,,,,,,,,,,,,,,,,,,,,,,,,,,,,,,,,,,,,,,,,,,,,,,,,,,,,,,,,,,,,,,,,,,,,,,,,,,,,,,,,,,,,,,,,,,,,,,,,,,
Opposite Bollinger Band TP,false,false,false,bool,FIXED: Controlled by TP Method (do not optimize directly),False,False,False,False,False,False,False,False,False,False,False,False,False,False,False,False,False,False,False,False,False,False,False,False,False,False,False,False,False,False,False,False,False,False,False,False,False,False,False,False,False,False,False,False,False,False,False,False,False,False,False,False,False,False,False,False,False,False,False,False,False,False,False,False,False,False,False,False,False,False,False,False,False,False,False,False,False,False,False,False,False,False,False,False,False,False,False,False,False,False,False,False,False,False,False,False,False,False,False,False,False,False,False,False,False,False,False,False,False,False,False,False,False,False,False,False,False,False,False,False,False,False,False,False,False,False,False,False,False,False,False,False,False,False,False,False,False,False,False,False,False,False,False,False,False,False,False,False,False,False,False,False,False,False,False,False,False,False,False,False,False,False,False,False,False,False,False,False,False,False,False,False,False,False,False,False,False,False,False,False,False,False,False,False,False,False,False,False,False,False,False,False,False,False,False,False,False,False,False,False,False,False,False,False,False,False,False,False,False,False,False,False,False,False,False,False,False,False,False,False,False,False,False,False,False,False,False,False,False,False,False,False,False,False,False,False,False,False,False,False,False,False,False,False,False,False,False,False,False,False,False,False,False,False,False,False,False,False,False,False,False,False,False,False,False,False,False,False,False,False,False,False,False,False,False,False,False,False,False,False,False,False,False,False,False,False,False,False,False,False,False,False,False,False,False,False,False,False,False,False,False,False,False,False,False,False,False,False,False,False,False,False,False,False,False,False,False,False,False,False,False,False,False,False,False,False,False,False,False,False,False,False,False,False,False,False,False,False,False,False,False,False,False,False,False,False,False,False,False,False,False,False,False,False,False,False,False,False,False,False,False,False,False,False,False,False,False,False,False,False,False,False,False,False,False,False,False,False,False,False,False,False,False,False,False,False,False,False,False,False,False,False,False,False,False,False,False,False,False,False,False,False,False,False,False,False,False,False,False,False,False,False,False,False,False,False,False,False,False,False,False,False,False,False,False,False,False,False,False,False,False,False,False,False,False,False,False,False,False,False,False,False,False,False,False,False,False,False,False,False,False,False,False,False,False,False,False,False,False,False,False,False,False,False,False,False,False,False,False,False,False,False,False,False,False,False,False,False,False,False,False,False,False,False,False,False,False,False,False,False,False,False,False,False,False,False,False,False,False,False,False,False,False,False,False,False,False,False,False,False,False,False,False,False,False,False,False,False,False,False,False,False,False,False,False,False,False,False,False,False,False,False,False,False,False,False,False,False,False,False,False,False,False,False,False,False,False,False,False,False,False,False,False,False,False,False,False,False,False,False,False,False,False,False,False,False,False,False,False,False,False,False,False,False,False,False,False,False,False,False,False,False,False,False,False,False,False,False,False,False,False,False,False,False,False,False,False,False,False,False,False,False,False,False,False,False,False,False,False,False,False,False,False,False,False,False,False,False,False,False,False,False,False,False,False,False,False,False,False,False,False,False,False,False,False,False,False,False,False,False,False,False,False,False,False,False,False,False,False,False,False,False,False,False,False,False,False,False,False,False,False,False,False,False,False,False,False,False,False,False,False,False,False,False,False,False,False,False,False,False,False,False,False,False,False,False,False,False,False,False,False,False,False,False,False,False,False,False,False,False,False,False,False,False,False,False,False,False,False,False,False,False,False,False,False,False,False,False,False,False,False,False,False,False,False,False,False,False,False,False,False,False,False,False,False,False,False,False,False,False,False,False,False,False,False,False,False,False,False,False,False,False,False,False,False,False,False,False,False,False,False,False,False,False,False,False,False,False
Fixed ATR TP,false,false,false,bool,FIXED: Controlled by TP Method (do not optimize directly),True,True,True,True,True,True,True,True,True,True,True,True,True,True,True,True,True,True,True,True,True,True,True,True,True,True,True,True,True,True,True,True,True,True,True,True,True,True,True,True,True,True,True,True,True,True,True,True,True,True,True,True,True,True,True,True,True,True,True,True,True,True,True,True,True,True,True,True,True,True,True,True,True,True,True,True,True,True,True,True,True,True,True,True,True,True,True,True,True,True,True,True,True,True,True,True,True,True,True,True,True,True,True,True,True,True,True,True,True,True,True,True,True,True,True,True,True,True,True,True,True,True,True,True,True,True,True,True,True,True,True,True,True,True,True,True,True,True,True,True,True,True,True,True,True,True,True,True,True,True,True,True,True,True,True,True,True,True,True,True,True,True,True,True,True,True,True,True,True,True,True,True,True,True,True,True,True,True,True,True,True,True,True,True,True,True,True,True,True,True,True,True,True,True,True,True,True,True,True,True,True,True,True,True,True,True,True,True,True,True,True,True,True,True,True,True,True,True,True,True,True,True,True,True,True,True,True,True,True,True,True,True,True,True,True,True,True,True,True,True,True,True,True,True,True,True,True,True,True,True,True,True,True,True,True,True,True,True,True,True,True,True,True,True,True,True,True,True,True,True,True,True,True,True,True,True,True,True,True,True,True,True,True,True,True,True,True,True,True,True,True,True,True,True,True,True,True,True,True,True,True,True,True,True,True,True,True,True,True,True,True,True,True,True,True,True,True,True,True,True,True,True,True,True,True,True,True,True,True,True,True,True,True,True,True,True,True,True,True,True,True,True,True,True,True,True,True,True,True,True,True,True,True,True,True,True,True,True,True,True,True,True,True,True,True,True,True,True,True,True,True,True,True,True,True,True,True,True,True,True,True,True,True,True,True,True,True,True,True,True,True,True,True,True,True,True,True,True,True,True,True,True,True,True,True,True,True,True,True,True,True,True,True,True,True,True,True,True,True,True,True,True,True,True,True,True,True,True,True,True,True,True,True,True,True,True,True,True,True,True,True,True,True,True,True,True,True,True,True,True,True,True,True,True,True,True,True,True,True,True,True,True,True,True,True,True,True,True,True,True,True,True,True,True,True,True,True,True,True,True,True,True,True,True,True,True,True,True,True,True,True,True,True,True,True,True,True,True,True,True,True,True,True,True,True,True,True,True,True,True,True,True,True,True,True,True,True,True,True,True,True,True,True,True,True,True,True,True,True,True,True,True,True,True,True,True,True,True,True,True,True,True,True,True,True,True,True,True,True,True,True,True,True,True,True,True,True,True,True,True,True,True,True,True,True,True,True,True,True,True,True,True,True,True,True,True,True,True,True,True,True,True,True,True,True,True,True,True,True,True,True,True,True,True,True,True,True,True,True,True,True,True,True,True,True,True,True,True,True,True,True,True,True,True,True,True,True,True,True,True,True,True,True,True,True,True,True,True,True,True,True,True,True,True,True,True,True,True,True,True,True,True,True,True,True,True,True,True,True,True,True,True,True,True,True,True,True,True,True,True,True,True,True,True,True,True,True,True,True,True,True,True,True,True,True,True,True,True,True,True,True,True,True,True,True,True,True,True,True,True,True,True,True,True,True,True,True,True,True,True,True,True,True,True,True,True,True,True,True,True,True,True,True,True,True,True,True,True,True,True,True,True,True,True,True,True,True,True,True,True,True,True,True,True,True,True,True,True,True,True,True,True,True,True,True,True,True,True,True,True,True,True,True,True,True,True,True,True,True,True,True,True,True,True,True,True,True,True
Fixed BB at Entry TP,true,true,true,bool,FIXED: Controlled by TP Method (do not optimize directly),False,False,False,False,False,False,False,False,False,False,False,False,False,False,False,False,False,False,False,False,False,False,False,False,False,False,False,False,False,False,False,False,False,False,False,False,False,False,False,False,False,False,False,False,False,False,False,False,False,False,False,False,False,False,False,False,False,False,False,False,False,False,False,False,False,False,False,False,False,False,False,False,False,False,False,False,False,False,False,False,False,False,False,False,False,False,False,False,False,False,False,False,False,False,False,False,False,False,False,False,False,False,False,False,False,False,False,False,False,False,False,False,False,False,False,False,False,False,False,False,False,False,False,False,False,False,False,False,False,False,False,False,False,False,False,False,False,False,False,False,False,False,False,False,False,False,False,False,False,False,False,False,False,False,False,False,False,False,False,False,False,False,False,False,False,False,False,False,False,False,False,False,False,False,False,False,False,False,False,False,False,False,False,False,False,False,False,False,False,False,False,False,False,False,False,False,False,False,False,False,False,False,False,False,False,False,False,False,False,False,False,False,False,False,False,False,False,False,False,False,False,False,False,False,False,False,False,False,False,False,False,False,False,False,False,False,False,False,False,False,False,False,False,False,False,False,False,False,False,False,False,False,False,False,False,False,False,False,False,False,False,False,False,False,False,False,False,False,False,False,False,False,False,False,False,False,False,False,False,False,False,False,False,False,False,False,False,False,False,False,False,False,False,False,False,False,False,False,False,False,False,False,False,False,False,False,False,False,False,False,False,False,False,False,False,False,False,False,False,False,False,False,False,False,False,False,False,False,False,False,False,False,False,False,False,False,False,False,False,False,False,False,False,False,False,False,False,False,False,False,False,False,False,False,False,False,False,False,False,False,False,False,False,False,False,False,False,False,False,False,False,False,False,False,False,False,False,False,False,False,False,False,False,False,False,False,False,False,False,False,False,False,False,False,False,False,False,False,False,False,False,False,False,False,False,False,False,False,False,False,False,False,False,False,False,False,False,False,False,False,False,False,False,False,False,False,False,False,False,False,False,False,False,False,False,False,False,False,False,False,False,False,False,False,False,False,False,False,False,False,False,False,False,False,False,False,False,False,False,False,False,False,False,False,False,False,False,False,False,False,False,False,False,False,False,False,False,False,False,False,False,False,False,False,False,False,False,False,False,False,False,False,False,False,False,False,False,False,False,False,False,False,False,False,False,False,False,False,False,False,False,False,False,False,False,False,False,False,False,False,False,False,False,False,False,False,False,False,False,False,False,False,False,False,False,False,False,False,False,False,False,False,False,False,False,False,False,False,False,False,False,False,False,False,False,False,False,False,False,False,False,False,False,False,False,False,False,False,False,False,False,False,False,False,False,False,False,False,False,False,False,False,False,False,False,False,False,False,False,False,False,False,False,False,False,False,False,False,False,False,False,False,False,False,False,False,False,False,False,False,False,False,False,False,False,False,False,False,False,False,False,False,False,False,False,False,False,False,False,False,False,False,False,False,False,False,False,False,False,False,False,False,False,False,False,False,False,False,False,False,False,False,False,False,False,False,False,False,False,False,False,False,False,False,False,False,False,False,False,False,False,False,False,False,False,False,False,False,False,False,False,False,False,False,False,False,False,False,False,False,False,False,False,False,False,False,False,False,False,False,False,False,False,False,False,False,False,False,False,False,False,False,False,False,False,False,False,False,False,False,False,False,False,False,False,False,False,False,False,False,False,False,False,False,False,False,False,False,False,False,False,False,False,False,False,False,False,False,False,False,False,False,False,False,False,False,False,False,False,False,False,False,False,False,False,False,False,False
ATR Length for TP,26,5,80,int,ATR period for fixed TP,40,40,40,40,40,40,40,40,40,40,40,40,40,40,40,40,40,40,40,40,40,40,40,40,40,40,40,40,40,40,40,40,40,40,40,40,40,40,40,40,40,40,40,40,40,40,40,40,40,40,40,40,40,40,40,40,40,40,40,40,40,40,40,40,40,40,40,40,40,40,40,40,40,40,40,40,40,40,40,40,40,40,40,40,40,40,40,40,40,40,40,40,40,40,40,40,40,40,40,40,40,40,40,40,40,40,40,40,40,40,40,40,40,40,40,40,40,40,40,40,40,40,40,40,40,40,40,40,40,40,40,40,40,40,40,39,40,40,40,40,40,40,40,40,40,40,40,40,40,40,40,40,40,40,40,40,40,40,40,40,40,40,40,40,40,40,40,40,40,40,40,40,40,40,40,40,41,40,40,40,40,40,40,40,40,40,40,40,40,40,40,40,40,40,40,40,40,40,40,40,40,40,40,40,40,40,40,40,40,40,40,40,40,40,40,40,40,40,40,40,40,40,40,40,40,40,40,40,40,40,40,40,40,40,40,40,40,40,40,40,40,40,40,40,40,40,40,40,40,40,40,40,40,40,40,40,40,40,40,40,40,40,40,40,40,40,40,40,40,40,40,40,40,40,40,40,40,40,40,40,40,40,40,40,40,40,40,40,40,40,40,40,40,40,40,40,40,40,40,40,40,40,40,40,40,40,40,40,40,40,40,40,40,40,40,40,40,40,40,40,40,40,40,40,40,40,40,40,40,40,40,40,40,40,40,40,40,40,40,40,40,40,40,40,40,40,40,40,40,40,40,40,40,40,40,40,40,40,40,40,40,40,40,40,40,40,40,40,40,40,40,40,40,40,40,40,40,40,40,40,40,40,40,40,40,40,40,40,40,40,40,40,40,40,40,40,40,40,40,40,40,40,40,40,40,40,40,40,40,40,40,40,40,40,40,40,40,40,40,40,40,40,40,40,40,40,40,40,40,40,40,40,40,40,40,40,40,40,40,40,40,40,40,40,40,40,40,40,40,40,40,40,40,40,40,40,40,40,40,40,40,40,40,40,40,40,40,40,40,40,40,41,40,40,40,40,40,40,40,40,40,40,40,40,40,40,40,40,40,40,40,40,40,40,40,40,40,40,40,40,40,40,40,40,40,40,40,40,40,40,40,40,40,40,40,40,40,40,40,40,40,40,40,40,40,40,40,40,40,40,40,40,40,40,40,40,40,40,40,40,40,40,40,40,40,40,40,40,40,40,40,40,40,40,40,40,40,40,40,40,40,40,40,40,40,41,40,41,40,40,40,40,40,40,40,40,40,40,40,40,40,40,40,40,40,40,40,40,40,40,40,40,40,40,40,40,40,40,40,40,40,40,40,40,40,40,40,40,40,40,40,40,40,40,40,40,40,40,40,41,40,40,40,40,40,40,40,40,40,40,40,41,40,40,40,40,40,40,40,40,41,40,40,40,40,40,40,40,40,40,40,40,40,40,40,41,40,40,40,40,41,41,41,40,40,41,40,40,40,40,40,40,40,40,40,40,41,40,41,40,41,40,40,41,40,40,40,40,41,40,40,40,40,40,41,40,41,40,40,40,40,41,41,41,40,40,40,40,40,40,40,40,40,40,40,40,40,40,40,40,40,40,40,40,40,40,40,40,40,40,40,42,40,40,40,40,40,40,40,40,40,40,40,40,40,40,40,40,40,40,40,40,40,40,40,41,40,40,40,40,40,40,40,40,40,41,40,40
ATR Multiplier for TP,2,0,6,float,Fixed TP ATR multiplier - reduced max to prevent overfitting,3.4115,3.4149,3.4115,3.4116,3.412,3.4119,3.4115,3.4069,3.4116,3.4098,3.4391,3.4116,3.4123,3.4115,3.3022,3.2991,3.4135,3.4115,3.4115,3.4101,3.3266,3.4115,3.4246,3.4506,3.4506,3.4246,3.4119,3.4119,3.4117,3.4389,3.4108,3.3064,3.4094,3.4164,3.4135,3.3033,3.3033,3.4114,3.4164,3.3064,3.4116,3.4135,3.4244,3.2837,3.3064,3.4625,3.4119,3.301,3.4095,3.2987,3.4132,3.4098,3.3018,3.2987,3.2987,3.3052,3.4032,3.4051,3.3014,3.3665,3.2987,3.4091,3.4276,3.404,3.2987,3.3845,3.3845,3.4305,3.4176,3.6375,3.3957,3.3096,3.3255,3.3133,3.4535,3.3206,3.3504,3.406,3.309,3.3933,3.4318,3.4074,3.4302,3.413,3.381,3.3063,3.4076,3.3992,3.3723,3.4051,3.4111,3.4228,3.4099,3.4078,3.381,3.381,3.4334,3.381,3.2837,3.3918,3.4222,3.3526,3.383,3.4077,3.2682,3.4524,3.416,3.3054,3.4199,3.381,3.3813,3.3359,3.6652,3.6652,3.4318,3.4141,3.4118,3.631,3.4452,3.3632,3.3991,3.4646,3.4095,3.4155,3.4139,3.304,3.4138,3.3844,3.4132,3.4232,3.2997,3.4094,3.4073,3.4066,3.3293,3.3276,3.4139,3.3391,3.4318,3.3998,3.415,3.4215,3.4318,3.4162,3.4116,3.4116,3.4116,3.453,3.294,3.4046,3.4046,3.4116,3.4398,3.3868,3.4114,3.4068,3.4096,3.4151,3.295,3.408,3.2913,3.2418,3.3074,3.4086,3.3575,3.4103,3.3936,3.3813,3.3813,3.408,3.3401,3.4506,3.4142,3.403,3.4112,3.4112,3.4103,3.4144,3.4123,3.4157,3.3089,3.4088,3.3969,3.39,3.3002,3.4055,3.4062,3.4185,3.4123,3.4103,3.4053,3.4246,3.4094,3.4071,3.3912,3.412,3.4086,3.4173,3.4487,3.3799,3.3847,3.4086,3.3166,3.4033,3.3494,3.4502,3.413,3.4098,3.4067,3.3912,3.4184,3.4046,3.4066,3.3811,3.3079,3.3063,3.4032,3.4106,3.3805,3.4116,3.4016,3.405,3.3949,3.4116,3.4116,3.4116,3.4216,3.2905,3.3012,3.2958,3.2894,3.322,3.4148,3.4076,3.3412,3.4115,3.3066,3.3903,3.3847,3.4237,3.2954,3.2917,3.2917,3.4284,3.2854,3.2793,3.4468,3.2383,3.4013,3.2902,3.4142,3.2873,3.4088,3.3037,3.3105,3.4167,3.4109,3.4071,3.4092,3.3093,3.2977,3.4107,3.4107,3.4399,3.3997,3.4148,3.4104,3.2914,3.4217,3.3544,3.4169,3.3001,3.3767,3.3025,3.2995,3.2907,3.4082,3.2994,3.3069,3.406,3.412,3.4133,3.412,3.4428,3.3255,3.3848,3.4157,3.2919,3.2739,3.2871,3.4164,3.4391,3.4072,3.3847,3.4715,3.4075,3.3017,3.4068,3.3062,3.4121,3.398,3.406,3.3973,3.3888,3.4095,3.4095,3.3153,3.4317,3.4208,3.4176,3.4379,3.4048,3.4448,3.4921,3.3803,3.3778,3.4268,3.4065,3.2568,3.2961,3.2963,3.3063,3.3753,3.3677,3.38,3.3398,3.2982,3.2994,3.2913,3.2924,3.3376,3.3886,3.3402,3.4102,3.288,3.3443,3.4179,3.3954,3.43,3.2281,3.3766,3.4447,3.4086,3.2903,3.3813,3.4092,3.309,3.3549,3.3716,3.2463,3.3187,3.3833,3.4058,3.2742,3.4082,3.4818,3.4196,3.4032,3.3071,3.4185,3.2995,3.298,3.4094,3.4182,3.3683,3.4093,3.3189,3.4077,3.4112,3.2403,3.4185,3.4072,3.3005,3.3916,3.3136,3.4114,3.3377,3.4038,3.4038,3.4038,3.4121,3.4164,3.4053,3.3947,3.4575,3.4079,3.4197,3.3845,3.1648,3.4156,3.4146,3.3135,3.4055,3.2951,3.2908,3.4051,3.3143,3.4066,3.3326,3.4109,3.3553,3.4466,3.3096,3.4121,3.2896,3.418,3.4147,3.4308,3.3037,3.3859,3.404,3.3279,3.3279,3.4284,3.3963,3.3326,3.3902,3.4759,3.395,3.302,2.7893,3.4126,3.3027,3.3027,3.3168,3.4036,3.4378,3.3343,3.2896,3.4365,3.3114,3.4145,3.3549,3.4093,3.406,3.4038,3.1648,3.294,3.3967,3.3313,3.3882,3.294,3.4027,3.4356,3.406,3.4054,3.4363,3.4452,3.3014,3.4092,3.3236,3.408,3.3901,3.2825,3.4087,3.4115,3.442,3.4418,3.3946,3.4051,3.4115,3.3997,3.4051,3.3929,3.411,3.2946,3.4073,3.2915,3.4073,3.4049,3.4024,4.5879,3.4073,3.4054,3.4038,3.246,3.4158,3.4119,3.3845,3.4246,3.4069,3.2364,3.3967,3.4934,3.2364,3.458,3.392,3.363,3.4352,3.4134,3.2387,2.8966,3.4209,3.4088,3.4471,3.4012,3.4097,3.4133,3.4107,3.4044,3.3014,3.3998,3.4861,3.4861,3.4861,3.4861,3.3528,3.44,3.3528,3.4078,3.2949,3.4108,3.4117,3.4028,3.4063,3.4813,3.4118,3.341,3.4181,3.3256,3.4029,3.3961,3.4028,3.4212,3.2611,3.413,3.471,3.3938,3.4861,3.4861,3.3865,3.3096,3.4366,3.4366,3.4366,3.4097,3.316,3.4791,3.4828,3.4104,3.4127,3.3769,3.3293,3.4738,3.4819,3.3099,3.351,3.4044,3.3998,3.3103,3.3944,3.4403,3.4828,3.4675,3.467,3.4025,3.4074,3.413,3.296,3.4107,3.3097,3.397,3.4129,3.2985,3.4037,4.5899,3.471,4.2131,3.4059,3.3759,3.4007,3.4026,3.3853,3.4055,3.4084,3.4449,3.4134,3.3724,3.4136,3.1776,3.4028,3.4103,3.3253,3.4069,3.3691,3.4026,3.4081,3.3509,3.486,3.4016,3.3953,3.4062,3.4052,3.4097,3.3907,3.4101,3.242,3.4087,3.4077,3.3533,3.405,3.4434,3.4033,3.3988,3.3068,3.4044,3.4149,3.412,3.3801,3.2422,3.3681,3.4026,3.4103,3.4035,3.4046,3.4039,3.3706,3.1878,3.4107,4.211,3.3987,3.4184,3.4709,3.4049,3.3575,3.4223,3.3831,3.3065,3.4186,3.3526,3.329,4.2071,3.374,3.3867,3.3829,3.3998,3.425,3.3708,3.402,3.4658,4.2254,3.4062,3.4148,3.4099,3.4047,3.4376,3.4166,3.4033,3.4398,3.4138,3.4369,3.403,3.3069,3.4369,3.3548,4.1929,3.3988,3.4022,3.4502,3.4058,4.3785,4.3785,4.4619,3.4151,3.3896,4.2105,3.4057,3.4089,3.4034,3.4724,3.4161,3.4039,3.4241,3.3404,3.4146,3.4539,4.199,3.4039,4.3785,3.4195,4.2294,3.4054,3.4016,4.5727,3.3834,3.3004,3.3801,3.3482,4.3918,3.4032,3.3188,3.4205,3.3851,3.4128,4.1898,3.3267,4.209,3.3526,3.3546,3.3958,3.4001,4.2104,4.2001,4.2001,3.3872,3.4121,3.3807,3.3565,3.3788,3.4151,3.3392,3.4361,3.334,3.3374,3.4172,3.4156,3.3844,4.523,3.4264,3.3152,3.3164,2.826,2.7697,3.4105,3.421,3.38,3.2347,3.4041,3.4018,3.4161,3.3844,4.3785,3.3844,2.9284,3.0519,3.4368,3.4784,3.3575,3.2897,3.3575,3.4211,3.3046,4.4886,4.4752,4.4773,3.5095,3.5095,3.5095,3.5095,3.5095,4.4865,4.4901,3.4784,4.4865,4.4773,4.1929,3.3631,4.6412,3.3862,4.523,3.648,3.3149,3.3149,3.3149,3.3149,4.2305,3.3681,3.3872
=== STOP LOSS CRITERIA ===,,,,,,,,,,,,,,,,,,,,,,,,,,,,,,,,,,,,,,,,,,,,,,,,,,,,,,,,,,,,,,,,,,,,,,,,,,,,,,,,,,,,,,,,,,,,,,,,,,,,,,,,,,,,,,,,,,,,,,,,,,,,,,,,,,,,,,,,,,,,,,,,,,,,,,,,,,,,,,,,,,,,,,,,,,,,,,,,,,,,,,,,,,,,,,,,,,,,,,,,,,,,,,,,,,,,,,,,,,,,,,,,,,,,,,,,,,,,,,,,,,,,,,,,,,,,,,,,,,,,,,,,,,,,,,,,,,,,,,,,,,,,,,,,,,,,,,,,,,,,,,,,,,,,,,,,,,,,,,,,,,,,,,,,,,,,,,,,,,,,,,,,,,,,,,,,,,,,,,,,,,,,,,,,,,,,,,,,,,,,,,,,,,,,,,,,,,,,,,,,,,,,,,,,,,,,,,,,,,,,,,,,,,,,,,,,,,,,,,,,,,,,,,,,,,,,,,,,,,,,,,,,,,,,,,,,,,,,,,,,,,,,,,,,,,,,,,,,,,,,,,,,,,,,,,,,,,,,,,,,,,,,,,,,,,,,,,,,,,,,,,,,,,,,,,,,,,,,,,,,,,,,,,,,,,,,,,,,,,,,,,,,,,,,,,,,,,,,,,,,,,,,,,,,,,,,,,,,,,,,,,,,,,,,,,,,,,,,,,,,,,,,,,,,,,,,,,,,,,,,,,,,,,,,,,,,,,,,,,,,,,,,,,,,,,,,,,,,,,,,,,,,,,,,,,,,,,,,,,,,,,,,,,,,,,,,,,,,,,,,,,,,,,,,,,,,,,,,,,,,,,,,,,,,,,,,,
Initial Stop Loss (%),1,0.1,2,float,Fixed stop loss % - min 1.0% to avoid tight stops that cause quick losses,0.3021,0.3021,0.3021,0.3021,0.3019,0.302,0.3021,0.3029,0.3021,0.302,0.3027,0.3021,0.3023,0.3021,0.3036,0.3031,0.3024,0.3021,0.3021,0.303,0.3034,0.3021,0.3026,0.3027,0.3027,0.303,0.302,0.302,0.3008,0.301,0.3007,0.2888,0.3026,0.3025,0.3024,0.3022,0.3022,0.3023,0.3025,0.2887,0.3022,0.3024,0.3034,0.3022,0.2888,0.3025,0.3021,0.3025,0.3025,0.3027,0.3027,0.3025,0.3032,0.3027,0.3027,0.3027,0.3011,0.3028,0.3028,0.2999,0.3027,0.301,0.3009,0.3028,0.3027,0.3021,0.3021,0.3022,0.3025,0.29,0.3029,0.3026,0.3022,0.3022,0.3029,0.3029,0.3008,0.3034,0.3029,0.3013,0.3021,0.3017,0.3032,0.3011,0.3017,0.3022,0.303,0.3033,0.303,0.3023,0.303,0.3015,0.3021,0.3032,0.3017,0.3017,0.3021,0.3017,0.3004,0.3033,0.3029,0.3027,0.302,0.3032,0.301,0.3028,0.3017,0.2888,0.3026,0.3017,0.3017,0.3022,0.2997,0.2997,0.3021,0.3033,0.3014,0.2998,0.3031,0.3005,0.3028,0.3031,0.3025,0.3014,0.3042,0.303,0.2873,0.3014,0.3027,0.3018,0.3035,0.3023,0.3012,0.3024,0.3023,0.3022,0.3029,0.3019,0.3021,0.3008,0.3034,0.3023,0.3021,0.3027,0.3014,0.3014,0.3014,0.3029,0.3033,0.3026,0.3026,0.3014,0.3032,0.3024,0.302,0.3023,0.3025,0.286,0.2849,0.3031,0.3016,0.3007,0.3031,0.3033,0.3022,0.3034,0.3022,0.3028,0.3028,0.3031,0.3012,0.303,0.301,0.3037,0.303,0.303,0.2984,0.303,0.3025,0.3025,0.3026,0.3031,0.3025,0.3022,0.2884,0.3027,0.302,0.3021,0.3021,0.2984,0.3027,0.3041,0.3025,0.3025,0.3025,0.3027,0.303,0.3028,0.3005,0.3031,0.3024,0.303,0.3021,0.2985,0.3022,0.3027,0.3029,0.3027,0.3021,0.3025,0.2794,0.3026,0.3027,0.3028,0.2886,0.2856,0.3023,0.3033,0.2768,0.3043,0.2901,0.3029,0.3027,0.2866,0.2866,0.2866,0.3032,0.2926,0.277,0.2847,0.3018,0.2795,0.3028,0.3022,0.3021,0.3014,0.3005,0.3032,0.3024,0.303,0.2977,0.2909,0.2909,0.2821,0.2993,0.2858,0.3022,0.303,0.3035,0.3017,0.3034,0.292,0.3023,0.3031,0.2834,0.3016,0.2836,0.3024,0.3029,0.2848,0.3027,0.3032,0.3032,0.2834,0.3022,0.3009,0.3022,0.2834,0.3029,0.3034,0.3021,0.2836,0.3022,0.3004,0.2782,0.3032,0.303,0.2898,0.3025,0.3032,0.2822,0.3023,0.3026,0.3013,0.3036,0.3031,0.303,0.287,0.2883,0.2949,0.3038,0.3029,0.3026,0.3024,0.3031,0.281,0.3028,0.3024,0.3015,0.2841,0.3029,0.3032,0.3022,0.3013,0.3034,0.3034,0.3027,0.3027,0.2779,0.3031,0.3031,0.3039,0.302,0.3029,0.2867,0.3036,0.3028,0.3024,0.3003,0.3031,0.3007,0.2897,0.3023,0.3025,0.3026,0.2837,0.3029,0.3022,0.2891,0.3022,0.3028,0.303,0.3023,0.2802,0.3024,0.3011,0.3021,0.3024,0.3029,0.2776,0.3021,0.302,0.3024,0.3021,0.3026,0.3023,0.302,0.3027,0.2833,0.2836,0.2813,0.3027,0.302,0.3034,0.3029,0.3032,0.3033,0.303,0.2884,0.293,0.2855,0.303,0.3029,0.3028,0.3001,0.3037,0.3024,0.3034,0.2968,0.302,0.293,0.3036,0.2972,0.3022,0.3014,0.3027,0.303,0.3029,0.3029,0.3029,0.3015,0.3034,0.3029,0.3025,0.3021,0.303,0.3029,0.3029,0.2899,0.3021,0.281,0.2792,0.303,0.3028,0.3014,0.3024,0.3036,0.3029,0.303,0.302,0.3023,0.3025,0.2526,0.2841,0.2824,0.3022,0.3021,0.302,0.3032,0.3027,0.3026,0.3113,0.3113,0.2821,0.3021,0.303,0.3021,0.302,0.3015,0.3014,0.3016,0.3029,0.2993,0.2993,0.2822,0.3029,0.3031,0.3029,0.2824,0.3021,0.3035,0.3029,0.3021,0.2824,0.3027,0.3029,0.2899,0.3009,0.3034,0.3034,0.3025,0.3009,0.302,0.2847,0.3031,0.3036,0.2526,0.2777,0.3022,0.3029,0.2872,0.3023,0.3029,0.2845,0.3025,0.3026,0.2812,0.3011,0.3028,0.2529,0.3022,0.3026,0.3024,0.3025,0.3021,0.3035,0.3027,0.2971,0.3009,0.3042,0.3039,0.3128,0.3027,0.3029,0.2808,0.3031,0.3015,0.3036,0.3029,0.3029,0.3019,0.305,0.3026,0.302,0.305,0.3029,0.3026,0.302,0.3014,0.3015,0.2846,0.2785,0.2791,0.303,0.3023,0.3027,0.3032,0.3024,0.3029,0.3012,0.3036,0.3024,0.7208,0.7208,0.7208,0.7208,0.3022,0.3029,0.3022,0.3025,0.3035,0.3036,0.3031,0.3016,0.3019,0.7069,0.3021,0.3026,0.2696,0.2736,0.3036,0.3024,0.3031,0.3023,0.2839,0.3031,0.7081,0.2996,0.7208,0.7208,0.3027,0.302,0.7203,0.7203,0.7203,0.3028,0.301,0.7071,0.7074,0.3022,0.3022,0.3035,0.2988,0.7084,0.7077,0.3038,0.3029,0.29,0.3022,0.2821,0.3018,0.303,0.7074,0.7075,0.7101,0.3029,0.3024,0.3022,0.2718,0.3029,0.2815,0.3027,0.3025,0.2783,0.3028,0.3397,0.7081,0.2633,0.302,0.3031,0.3028,0.3033,0.3028,0.3029,0.3029,0.3018,0.302,0.3027,0.302,0.2835,0.3031,0.303,0.3027,0.3023,0.3016,0.3029,0.3026,0.2819,0.302,0.3031,0.3025,0.2997,0.3029,0.3024,0.3025,0.3026,0.2797,0.302,0.3026,0.3014,0.3028,0.3026,0.3038,0.3021,0.3009,0.3022,0.3038,0.2801,0.3028,0.2821,0.3023,0.3029,0.3026,0.3034,0.3029,0.3032,0.3025,0.2785,0.3005,0.2638,0.3029,0.3028,0.3034,0.3031,0.303,0.301,0.3025,0.2944,0.3036,0.3008,0.3022,0.2632,0.2818,0.3013,0.3029,0.3022,0.2971,0.3025,0.3025,0.3027,0.2627,0.3029,0.3035,0.3024,0.3029,0.3033,0.3025,0.2747,0.2554,0.3035,0.3023,0.3031,0.3023,0.3031,0.303,0.2639,0.3021,0.3026,0.276,0.3026,0.3397,0.3397,0.3397,0.3025,0.3026,0.2621,0.303,0.3,0.3026,0.3022,0.3013,0.3032,0.3029,0.3036,0.3019,0.3041,0.2627,0.3032,0.3397,0.303,0.2633,0.3029,0.3019,0.3103,0.3027,0.3031,0.3028,0.3022,0.2542,0.3023,0.303,0.3033,0.3025,0.2845,0.2617,0.3029,0.2635,0.3008,0.303,0.3027,0.3022,0.2634,0.3294,0.3294,0.2335,0.3024,0.2983,0.302,0.3049,0.2762,0.3029,0.303,0.3036,0.3035,0.3029,0.3024,0.3042,0.3143,0.3026,0.3011,0.3038,0.3037,0.3029,0.3033,0.3029,0.3031,0.3038,0.3028,0.3039,0.3025,0.3042,0.3397,0.3042,0.3024,0.303,0.3306,0.2648,0.3034,0.3035,0.3034,0.3035,0.3033,0.3143,0.3143,0.3143,0.5877,0.5877,0.5877,0.5877,0.5877,0.3143,0.3143,0.2648,0.3143,0.3728,0.2639,0.3025,0.3143,0.2331,0.3143,0.254,0.2234,0.2234,0.2234,0.2234,0.2603,0.2234,0.2047
Enable Trailing Stop,1,0,1,int,"Use ATR trailing stop (0=false, 1=true) - OPTIMIZABLE",0,0,0,0,0,0,0,0,0,0,0,0,0,0,0,0,0,0,0,0,0,0,0,0,0,0,0,0,0,0,0,0,0,0,0,0,0,0,0,0,0,0,0,0,0,0,0,0,0,0,0,0,0,0,0,0,0,0,0,0,0,0,0,0,0,0,0,0,0,0,0,0,0,0,0,0,0,0,0,0,0,0,0,0,0,0,0,0,0,0,0,0,0,0,0,0,0,0,0,0,0,0,0,0,0,0,0,0,0,0,0,0,0,0,0,0,0,0,0,0,0,0,0,0,0,0,0,0,0,0,0,0,0,0,0,0,0,0,0,0,0,0,0,0,0,0,0,0,0,0,0,0,0,0,0,0,0,0,0,0,0,0,0,0,0,0,0,0,0,0,0,0,0,0,0,0,0,0,0,0,0,0,0,0,0,0,0,0,0,0,0,0,0,0,0,0,0,0,0,0,0,0,0,0,0,0,0,0,0,0,0,0,0,0,0,0,0,0,0,0,0,0,0,0,0,0,0,0,0,0,0,0,0,0,0,0,0,0,0,0,0,0,0,0,0,0,0,0,0,0,0,0,0,0,0,0,0,0,0,0,0,0,0,0,0,0,0,0,0,0,0,0,0,0,0,0,0,0,0,0,0,0,0,0,0,0,0,0,0,0,0,0,0,0,0,0,0,0,0,0,0,0,0,0,0,0,0,0,0,0,0,0,0,0,0,0,0,0,0,0,0,0,0,0,0,0,0,0,0,0,0,0,0,0,0,0,0,0,0,0,0,0,0,0,0,0,0,0,0,0,0,0,0,0,0,0,0,0,0,0,0,0,0,0,0,0,0,0,0,0,0,0,0,0,0,0,0,0,0,0,0,0,0,0,0,0,0,0,0,0,0,0,0,0,0,0,0,0,0,0,0,0,0,0,0,0,0,0,0,0,0,0,0,0,0,0,0,0,0,0,0,0,0,0,0,0,0,0,0,0,0,0,0,0,0,0,0,0,0,0,0,0,0,0,0,0,0,0,0,0,0,0,1,0,0,0,0,0,0,0,0,0,0,0,0,0,0,0,0,0,0,1,0,0,0,0,0,0,0,0,0,0,0,0,0,0,0,0,0,0,0,0,0,0,0,0,0,0,0,0,0,0,0,0,0,0,0,0,0,0,0,1,0,0,0,0,0,0,0,0,0,0,0,0,0,0,0,0,0,0,0,0,0,0,0,0,0,0,0,0,0,0,0,0,0,0,0,0,0,0,0,0,0,0,0,0,0,0,0,0,0,0,0,0,0,1,0,1,0,0,0,0,0,0,0,0,0,0,0,0,0,0,0,0,0,0,0,0,0,0,0,0,0,0,0,1,0,0,0,0,0,0,0,0,0,0,0,0,0,0,0,0,0,0,0,0,0,0,0,1,0,0,0,0,0,0,0,1,1,0,0,1,0,0,0,0,1,0,1,0,1,0,0,0,0,1,0,0,0,0,1,0,0,0,0,1,0,0,0,0,1,1,1,0,0,1,0,1,0,0,0,0,0,0,0,0,1,0,1,0,1,0,0,1,0,1,0,0,1,1,0,0,0,0,1,0,1,0,0,1,0,1,1,1,0,1,0,1,0,0,0,0,0,1,1,0,1,1,1,1,1,0,0,1,1,1,1,1,0,0,1,1,1,0,0,1,0,1,1,1,1,1,1,1,1,1,1,1,1,1,1,1,0,1,1,1,1,1,0,1,1,0,0,0,0,1,0,0
ATR Length for Trailing Stop,26,3,100,int,ATR period for trailing,4,4,4,4,4,4,4,4,4,4,4,4,4,4,3,3,4,4,4,4,3,4,4,4,4,4,4,4,4,4,4,3,4,4,4,4,4,4,4,3,4,4,4,4,3,4,4,3,4,4,4,4,4,3,4,4,4,4,4,4,4,4,4,4,4,4,4,4,4,4,4,4,4,4,4,3,3,4,4,4,4,4,4,4,4,4,4,4,4,4,4,4,4,4,4,4,4,4,4,4,4,4,4,4,4,4,4,4,3,4,4,4,4,4,4,4,4,4,4,4,4,4,4,4,4,4,4,4,4,4,4,4,4,4,4,4,4,4,4,4,4,4,4,4,4,4,4,4,3,4,4,4,4,4,4,4,4,4,3,4,4,4,4,4,4,4,4,4,4,4,4,4,4,4,4,4,4,4,4,4,4,4,4,4,4,4,4,4,4,4,4,4,4,4,4,4,4,4,4,3,4,4,4,4,4,4,4,4,4,4,4,4,4,4,4,4,4,4,4,4,4,4,4,4,3,4,4,4,4,4,4,4,4,4,3,4,4,4,4,4,4,4,4,4,4,4,4,4,4,4,4,4,3,4,3,3,4,4,4,4,3,4,4,4,4,4,4,4,4,4,3,4,4,4,4,4,4,4,4,4,4,4,4,4,4,4,4,4,4,4,4,4,4,4,4,4,4,4,4,4,4,4,4,4,4,4,4,4,4,4,4,4,4,3,4,4,4,4,4,4,4,4,4,4,4,4,4,4,4,4,4,4,4,4,4,4,4,3,4,4,4,4,4,4,4,4,4,4,4,4,4,4,3,4,4,4,4,4,4,5,4,4,4,4,4,4,4,4,4,4,4,4,3,4,4,4,4,4,4,4,4,4,4,4,4,4,4,4,4,4,4,4,4,4,4,3,4,4,4,4,4,4,4,4,4,4,4,4,4,4,4,4,4,4,4,4,3,4,4,4,4,4,4,4,4,4,4,4,4,4,4,4,4,4,4,4,4,4,4,4,4,4,4,4,4,4,4,4,4,4,4,4,4,4,4,4,4,4,3,4,4,4,4,4,4,4,4,4,4,4,4,4,4,4,4,4,4,4,4,4,4,4,4,3,4,4,4,4,4,4,4,4,4,4,4,4,4,4,4,4,4,4,4,4,4,4,4,4,4,4,3,4,4,4,4,4,4,4,4,4,4,4,4,4,4,4,4,3,4,4,4,4,4,4,4,4,4,4,4,4,4,4,4,4,4,4,4,4,4,4,4,4,4,4,4,4,4,4,4,4,4,4,4,4,4,4,4,4,4,4,5,4,4,4,4,4,4,4,4,4,4,4,4,4,4,4,4,4,4,4,4,4,4,5,4,4,4,4,4,4,4,4,4,4,4,4,4,4,4,4,4,4,4,4,4,4,4,4,4,4,4,4,4,4,4,4,3,4,4,4,4,4,4,4,4,4,4,4,4,4,4,4,4,4,4,4,4,4,4,4,4,4,4,4,4,4,4,4,4,4,4,4,4,4,4,4,4,4,4,4,4,4,4,4,4,4,4,4,4,4,4,4,4,4,4,4,4,4,4,4,4,4,4,4,4,4,4,4,4,4,4,4,4,4,4,4,4,4,4,4,4,4,4,4,4,4,4,4,4,4,4,4,3,4,4,4,4,4,4,4,4,4,4,4,4,4,4,4,4,4,4,4,4,4,4,4,4,4,4,4,4,4,4,4,4,4,4,4,4,4,4,4,4,4,4,4,4,4
ATR Multiplier for Trailing Stop,2,0.1,4.5,float,Trailing stop ATR multiplier - reduced max to prevent overfitting,3.5272,4.0251,3.5272,4.0866,4.2823,4.2623,3.058,3.4555,4.0866,4.4491,4.5,4.0866,4.1662,3.0278,4.2506,4.3932,4.5,3.2897,3.0864,4.065,4.3636,4.2295,4.484,4.254,4.4781,4.2919,4.4,4.2623,4.3423,4.5,4.5,4.136,4.1648,4.1534,4.5,4.293,4.293,4.1073,4.1534,4.2614,4.1273,4.5,4.4568,4.293,4.1562,4.1748,3.1145,4.4307,4.158,4.5,4.4994,3.9269,4.3573,4.5,4.5,4.3525,3.7297,3.9164,4.2556,4.5,4.5,3.3717,4.4144,4.5,4.5,4.4052,4.4052,4.4175,3.9932,3.7072,4.4664,4.4277,4.2941,4.4771,4.2118,4.4895,4.4996,4.2752,4.3354,4.4044,4.3675,3.0044,4.4387,3.3668,4.1983,4.2924,4.5,4.3632,4.4527,4.4994,3.5803,4.4664,4.4084,4.3076,4.5,4.2882,4.3371,4.0812,3.1319,4.1004,4.3198,4.5,4.5,4.298,2.5277,4.4066,3.0044,4.1384,4.0632,4.1983,4.2606,4.5,4.5,4.5,4.3675,2.4769,3.3283,4.5,4.5,4.5,4.3527,2.0674,4.5,4.5,4.4587,4.4151,4.3705,4.0389,4.1757,4.5,4.5,2.2644,4.1539,4.4429,2.4234,4.3327,4.3391,4.345,4.3675,3.7223,4.5,4.3304,4.3675,2.6316,3.1102,3.3283,3.3283,4.3296,4.5,4.3803,3.808,3.3645,4.5,4.3354,4.1718,3.9482,4.5,3.3626,3.9062,4.5,4.3897,4.5,4.5,4.5,4.3458,4.4692,4.3671,3.7926,3.4539,4.5,4.3796,4.0955,4.0096,4.3083,4.4771,4.4771,3.6263,4.5,3.9731,3.725,4.5,3.5195,4.2724,4.3262,4.1121,4.5,4.4918,3.7262,4.5,3.6263,4.3593,4.5,3.514,4.4185,3.6315,4.4006,4.5,4.115,2.5771,4.5,3.4116,4.1948,4.3579,4.1639,4.3327,4.492,3.9837,3.639,4.1604,3.6315,2.7883,4.4756,4.4507,3.4363,4.2167,4.5,4.0464,3.5066,3.7655,4.5,3.165,3.2809,4.5,4.2971,4.2971,4.2971,3.6155,4.5,2.6731,4.5,4.4184,0.1,4.0508,4.5,4.5,3.1762,4.5,4.3936,3.4116,4.3601,3.1591,4.5,4.5,4.411,4.1238,4.01,4.5,4.4996,4.3674,4.415,3.4174,4.5,3.6513,4.2008,2.5728,4.4981,4.4802,2.9805,3.2042,3.166,4.5,3.9391,4.4652,2.3268,4.3304,3.2766,4.4749,4.5,3.5564,4.3179,4.5,4.1428,4.4561,4.5,4.1666,4.5,3.8904,4.4513,4.2442,4.5,2.681,4.2633,2.8674,4.5,4.5,4.3172,4.5,4.5,4.4961,4.1265,3.9803,4.3296,3.9085,3.4116,3.8455,3.5827,4.3851,3.8764,4.5,3.1601,2.6274,4.5,4.5,3.7693,4.3305,4.3661,4.5,4.1101,2.7519,3.1914,4.182,4.4901,3.0578,4.5,4.4895,4.3235,4.3199,3.6563,4.1687,4.1553,4.4086,4.4994,4.5,4.4386,4.3941,3.7989,4.5,4.4329,1.4949,4.4493,2.9066,4.5,1.8151,3.2376,4.3977,4.4631,3.085,4.3874,4.5,3.4446,4.4452,4.5,4.4898,4.1698,3.4464,4.4957,4.2498,4.5,4.3453,4.4567,4.0942,4.5,4.2706,2.2605,3.5899,3.5485,4.1597,3.4851,4.5,4.4056,4.3818,4.3332,4.1752,3.3352,4.1278,4.5,4.5,4.5,4.5,3.919,4.4056,4.1702,4.3856,4.2112,4.3936,4.2455,4.5,3.5547,3.5547,3.5547,3.606,2.7854,4.2722,3.1933,4.3697,4.2013,4.3799,4.2707,4.5,3.4339,2.8817,2.7691,4.4462,4.5,4.4551,4.3916,4.5,4.5,4.5,3.7232,4.4193,4.1499,4.3903,3.1601,3.5345,4.5,3.8827,3.5327,4.4522,2.8036,3.7383,3.4034,3.6516,4.411,4.0804,4.4037,4.5,2.8786,3.2,4.4824,3.9853,4.4513,4.5,4.3894,4.0027,3.4385,4.4338,4.0346,3.5345,4.4863,4.2197,4.2294,4.3973,3.5026,3.7193,3.5547,4.5,4.5,3.6446,4.2321,4.5,4.5,3.7804,3.4549,3.966,4.5,4.3903,3.937,4.5,3.5807,4.3205,4.4226,4.5,3.6937,4.2563,4.5,4.1225,3.603,3.7865,4.3859,3.4188,4.5,4.3916,3.8246,3.9288,4.5,3.5789,3.3577,4.2024,4.1915,4.4124,4.5,3.5789,3.4334,3.975,4.5,4.1848,4.1903,4.4868,3.0043,4.391,4.3671,4.5,3.5245,4.3671,2.8474,4.4378,4.3613,3.9455,3.474,3.325,4.2621,4.3222,4.0428,4.2859,3.7449,4.5,4.4476,4.5,3.948,4.3813,3.0717,4.3998,4.0194,4.3998,4.3998,3.984,4.4972,3.984,4.3339,4.5,4.3765,3.9334,4.1454,4.2749,4.0479,4.4904,4.2536,4.2242,4.2237,3.22,4.2697,3.5383,4.2906,4.4758,4.4255,3.7595,4.4874,4.3998,4.3998,4.1872,4.5,4.1245,4.0509,4.0509,3.6475,4.0326,4.05,4.3351,4.4341,3.5896,4.5,1.5604,4.2576,4.271,4.3951,4.4934,3.1323,4.3977,4.4946,4.5,3.7268,4.3351,4.3595,3.9629,4.2097,4.0946,3.6662,4.5,3.1897,4.4695,4.4539,4.479,4.4801,3.6221,4.3829,3.7595,4.3914,4.2604,4.5,4.2412,4.5,4.4604,3.9786,4.1799,4.3639,4.0328,4.5,4.2965,4.2404,3.5383,4.4111,4.5,4.2886,4.2743,4.0694,3.947,4.0769,3.6852,3.8328,4.2923,4.4931,4.3933,4.5,4.0613,4.3421,3.6412,4.3372,3.4329,4.2061,4.3878,4.4107,4.5,3.9331,4.5,4.5,4.2973,4.4819,4.3878,4.4778,4.2499,4.0986,4.5,2.9358,4.4192,4.3504,4.4412,3.2456,4.0231,4.3255,4.5,4.2449,4.4167,4.2828,4.493,3.768,3.9243,4.3668,4.4956,4.4947,4.343,4.462,4.4312,3.4557,4.264,4.4001,4.3948,4.4313,4.3384,4.1005,4.4754,4.4933,3.5398,3.02,4.1152,4.4509,3.6259,4.1554,4.2957,3.8572,4.4943,4.4828,2.6236,4.5,4.4573,4.5,3.7732,4.4963,4.0245,4.496,4.3829,4.3829,4.4309,3.3585,4.2087,4.5,3.3476,4.4186,4.5,3.9116,4.5,4.3504,3.2419,4.4411,4.0207,3.5088,4.5,4.3504,4.3721,4.4446,4.3389,4.3792,2.9539,4.0446,3.1266,4.2711,4.4982,4.1748,4.4021,4.5,4.4999,3.6726,3.6782,3.475,4.5,4.5,4.5,4.4947,4.3949,4.3495,4.5,4.5,4.4316,4.4316,4.1418,4.2567,4.4485,4.3459,4.4535,4.1021,4.0699,3.3804,3.851,4.2846,4.2179,4.5,4.3666,4.0379,4.0251,4.5,4.5,4.5,4.4511,4.3954,4.5,4.4586,4.3636,4.3688,3.2604,3.8162,4.3666,4.3721,4.3666,3.9925,4.493,4.2878,4.3529,4.4225,4.4513,4.4225,4.3946,4.2934,4.0517,4.0517,4.0517,4.2745,4.2745,4.2745,4.2745,4.2745,4.0517,3.6891,4.3529,4.0517,3.7923,4.5,4.4837,3.8847,3.7027,4.0379,4.221,4.1265,4.119,4.0149,4.0149,4.4718,4.1265,4.1418
Trailing Delay (bars),5,0,20,int,"Bars before trailing stop begins tightening (0 = immediate, max 7 to avoid delayed trailing)",16,16,16,16,16,16,16,16,16,16,16,16,16,16,16,16,16,16,16,16,16,16,16,16,16,16,16,16,16,16,16,16,16,16,16,17,16,16,16,16,16,16,16,16,16,16,16,16,16,16,16,16,16,16,16,16,16,16,16,16,16,16,16,16,16,16,16,16,16,16,15,16,16,16,16,16,16,16,16,16,16,16,16,16,16,16,16,16,16,16,16,16,16,16,16,16,16,16,16,16,16,16,16,16,16,16,16,16,16,16,16,16,16,16,16,16,16,16,16,16,16,16,16,16,16,16,16,16,16,16,16,16,16,16,16,16,16,16,16,16,16,16,16,16,16,16,16,16,15,16,16,16,16,15,16,16,16,16,16,16,16,16,16,16,16,16,16,16,16,16,16,15,16,16,16,16,16,16,16,16,16,16,16,16,16,16,16,16,16,16,16,16,16,16,16,16,16,16,16,16,16,16,16,16,16,16,16,16,16,16,16,16,16,16,16,16,16,16,16,16,16,16,16,16,16,16,16,16,16,16,16,16,16,16,16,16,16,15,16,16,16,16,16,16,16,16,16,16,16,16,16,16,16,16,16,16,16,16,16,16,16,16,16,16,16,16,16,16,16,16,16,16,15,16,16,16,16,16,16,16,16,16,16,16,16,16,16,16,16,16,16,16,16,16,16,16,16,16,16,16,16,16,16,16,16,16,16,16,16,16,16,16,16,16,16,16,16,16,16,16,16,16,16,16,16,16,16,16,16,16,16,16,16,16,16,16,16,16,16,16,16,16,16,16,16,16,16,16,16,16,16,16,16,16,16,16,16,15,16,16,16,16,16,16,16,16,16,16,16,16,16,15,16,16,16,16,16,16,16,16,16,16,15,16,16,16,16,16,16,16,16,16,16,16,16,16,16,16,16,16,16,16,16,16,16,16,16,16,16,16,16,16,16,16,16,16,16,16,16,16,16,16,16,16,16,16,16,16,16,16,16,16,16,16,16,16,16,16,16,16,16,16,16,16,16,16,16,16,16,16,16,16,16,16,16,16,16,16,16,16,16,16,16,16,16,16,16,16,16,16,16,16,16,16,16,16,16,16,16,16,16,16,16,16,16,16,16,16,16,16,16,16,17,16,16,16,16,16,16,16,16,16,16,16,16,16,16,16,16,16,16,16,16,16,16,16,16,16,16,16,16,16,16,16,16,16,16,16,16,16,16,16,16,16,16,16,16,16,15,16,16,16,16,16,15,16,16,16,16,16,16,16,16,16,16,16,16,16,16,16,16,16,16,16,16,16,16,16,16,16,16,16,16,16,16,16,16,16,16,16,16,16,16,16,16,16,16,16,16,16,16,16,16,16,16,16,16,16,16,16,16,16,16,16,16,16,16,16,16,16,16,16,16,16,16,16,16,16,16,16,16,16,16,16,16,16,15,16,16,16,16,16,16,16,16,16,16,16,16,16,16,16,16,16,16,16,16,16,16,16,16,16,16,16,16,16,16,16,16,16,16,16,16,16,16,16,16,16,16,16,16,16,16,16,16,16,16,16,16,16,16,16,16,16,16,16,16,16,16,16,16,16,16,16,16,16,16,16,16,16,16,16,16,16,16,16,16,16,16,16,16,16,16,16,16,16,16,16,16,16,16,16,16,16,16,16,16,16,16,16,16,16,16,16,16,16,16,16,16,16,16,16,16,16,16,16,16,16,16,16,16,15,16,16,17,16,16,16,16,16,16,16,16,16,16,16,16,16
=== GA CRITERIA ===,,,,,,,,,,,,,,,,,,,,,,,,,,,,,,,,,,,,,,,,,,,,,,,,,,,,,,,,,,,,,,,,,,,,,,,,,,,,,,,,,,,,,,,,,,,,,,,,,,,,,,,,,,,,,,,,,,,,,,,,,,,,,,,,,,,,,,,,,,,,,,,,,,,,,,,,,,,,,,,,,,,,,,,,,,,,,,,,,,,,,,,,,,,,,,,,,,,,,,,,,,,,,,,,,,,,,,,,,,,,,,,,,,,,,,,,,,,,,,,,,,,,,,,,,,,,,,,,,,,,,,,,,,,,,,,,,,,,,,,,,,,,,,,,,,,,,,,,,,,,,,,,,,,,,,,,,,,,,,,,,,,,,,,,,,,,,,,,,,,,,,,,,,,,,,,,,,,,,,,,,,,,,,,,,,,,,,,,,,,,,,,,,,,,,,,,,,,,,,,,,,,,,,,,,,,,,,,,,,,,,,,,,,,,,,,,,,,,,,,,,,,,,,,,,,,,,,,,,,,,,,,,,,,,,,,,,,,,,,,,,,,,,,,,,,,,,,,,,,,,,,,,,,,,,,,,,,,,,,,,,,,,,,,,,,,,,,,,,,,,,,,,,,,,,,,,,,,,,,,,,,,,,,,,,,,,,,,,,,,,,,,,,,,,,,,,,,,,,,,,,,,,,,,,,,,,,,,,,,,,,,,,,,,,,,,,,,,,,,,,,,,,,,,,,,,,,,,,,,,,,,,,,,,,,,,,,,,,,,,,,,,,,,,,,,,,,,,,,,,,,,,,,,,,,,,,,,,,,,,,,,,,,,,,,,,,,,,,,,,,,,,,,,,,,,,,,,,,,,,,,,,,,,,,,,,,,
POP_SIZE,300,100,150,int,Population size - reduced to prevent overfitting,,,,,,,,,,,,,,,,,,,,,,,,,,,,,,,,,,,,,,,,,,,,,,,,,,,,,,,,,,,,,,,,,,,,,,,,,,,,,,,,,,,,,,,,,,,,,,,,,,,,,,,,,,,,,,,,,,,,,,,,,,,,,,,,,,,,,,,,,,,,,,,,,,,,,,,,,,,,,,,,,,,,,,,,,,,,,,,,,,,,,,,,,,,,,,,,,,,,,,,,,,,,,,,,,,,,,,,,,,,,,,,,,,,,,,,,,,,,,,,,,,,,,,,,,,,,,,,,,,,,,,,,,,,,,,,,,,,,,,,,,,,,,,,,,,,,,,,,,,,,,,,,,,,,,,,,,,,,,,,,,,,,,,,,,,,,,,,,,,,,,,,,,,,,,,,,,,,,,,,,,,,,,,,,,,,,,,,,,,,,,,,,,,,,,,,,,,,,,,,,,,,,,,,,,,,,,,,,,,,,,,,,,,,,,,,,,,,,,,,,,,,,,,,,,,,,,,,,,,,,,,,,,,,,,,,,,,,,,,,,,,,,,,,,,,,,,,,,,,,,,,,,,,,,,,,,,,,,,,,,,,,,,,,,,,,,,,,,,,,,,,,,,,,,,,,,,,,,,,,,,,,,,,,,,,,,,,,,,,,,,,,,,,,,,,,,,,,,,,,,,,,,,,,,,,,,,,,,,,,,,,,,,,,,,,,,,,,,,,,,,,,,,,,,,,,,,,,,,,,,,,,,,,,,,,,,,,,,,,,,,,,,,,,,,,,,,,,,,,,,,,,,,,,,,,,,,,,,,,,,,,,,,,,,,,,,,,,,,,,,,,,,,,,,,,,,,,,,,,,,,,,,,,,,
NUM_GEN,200,50,75,int,Number of generations - reduced to prevent overfitting,,,,,,,,,,,,,,,,,,,,,,,,,,,,,,,,,,,,,,,,,,,,,,,,,,,,,,,,,,,,,,,,,,,,,,,,,,,,,,,,,,,,,,,,,,,,,,,,,,,,,,,,,,,,,,,,,,,,,,,,,,,,,,,,,,,,,,,,,,,,,,,,,,,,,,,,,,,,,,,,,,,,,,,,,,,,,,,,,,,,,,,,,,,,,,,,,,,,,,,,,,,,,,,,,,,,,,,,,,,,,,,,,,,,,,,,,,,,,,,,,,,,,,,,,,,,,,,,,,,,,,,,,,,,,,,,,,,,,,,,,,,,,,,,,,,,,,,,,,,,,,,,,,,,,,,,,,,,,,,,,,,,,,,,,,,,,,,,,,,,,,,,,,,,,,,,,,,,,,,,,,,,,,,,,,,,,,,,,,,,,,,,,,,,,,,,,,,,,,,,,,,,,,,,,,,,,,,,,,,,,,,,,,,,,,,,,,,,,,,,,,,,,,,,,,,,,,,,,,,,,,,,,,,,,,,,,,,,,,,,,,,,,,,,,,,,,,,,,,,,,,,,,,,,,,,,,,,,,,,,,,,,,,,,,,,,,,,,,,,,,,,,,,,,,,,,,,,,,,,,,,,,,,,,,,,,,,,,,,,,,,,,,,,,,,,,,,,,,,,,,,,,,,,,,,,,,,,,,,,,,,,,,,,,,,,,,,,,,,,,,,,,,,,,,,,,,,,,,,,,,,,,,,,,,,,,,,,,,,,,,,,,,,,,,,,,,,,,,,,,,,,,,,,,,,,,,,,,,,,,,,,,,,,,,,,,,,,,,,,,,,,,,,,,,,,,,,,,,,,,,,,,,,,,
CX_PB,0.7,0.5,0.9,float,Crossover probability,,,,,,,,,,,,,,,,,,,,,,,,,,,,,,,,,,,,,,,,,,,,,,,,,,,,,,,,,,,,,,,,,,,,,,,,,,,,,,,,,,,,,,,,,,,,,,,,,,,,,,,,,,,,,,,,,,,,,,,,,,,,,,,,,,,,,,,,,,,,,,,,,,,,,,,,,,,,,,,,,,,,,,,,,,,,,,,,,,,,,,,,,,,,,,,,,,,,,,,,,,,,,,,,,,,,,,,,,,,,,,,,,,,,,,,,,,,,,,,,,,,,,,,,,,,,,,,,,,,,,,,,,,,,,,,,,,,,,,,,,,,,,,,,,,,,,,,,,,,,,,,,,,,,,,,,,,,,,,,,,,,,,,,,,,,,,,,,,,,,,,,,,,,,,,,,,,,,,,,,,,,,,,,,,,,,,,,,,,,,,,,,,,,,,,,,,,,,,,,,,,,,,,,,,,,,,,,,,,,,,,,,,,,,,,,,,,,,,,,,,,,,,,,,,,,,,,,,,,,,,,,,,,,,,,,,,,,,,,,,,,,,,,,,,,,,,,,,,,,,,,,,,,,,,,,,,,,,,,,,,,,,,,,,,,,,,,,,,,,,,,,,,,,,,,,,,,,,,,,,,,,,,,,,,,,,,,,,,,,,,,,,,,,,,,,,,,,,,,,,,,,,,,,,,,,,,,,,,,,,,,,,,,,,,,,,,,,,,,,,,,,,,,,,,,,,,,,,,,,,,,,,,,,,,,,,,,,,,,,,,,,,,,,,,,,,,,,,,,,,,,,,,,,,,,,,,,,,,,,,,,,,,,,,,,,,,,,,,,,,,,,,,,,,,,,,,,,,,,,,,,,,,,,,
MUT_PB,0.4,0.2,0.5,float,Mutation probability (increased from 0.35 for more exploration),,,,,,,,,,,,,,,,,,,,,,,,,,,,,,,,,,,,,,,,,,,,,,,,,,,,,,,,,,,,,,,,,,,,,,,,,,,,,,,,,,,,,,,,,,,,,,,,,,,,,,,,,,,,,,,,,,,,,,,,,,,,,,,,,,,,,,,,,,,,,,,,,,,,,,,,,,,,,,,,,,,,,,,,,,,,,,,,,,,,,,,,,,,,,,,,,,,,,,,,,,,,,,,,,,,,,,,,,,,,,,,,,,,,,,,,,,,,,,,,,,,,,,,,,,,,,,,,,,,,,,,,,,,,,,,,,,,,,,,,,,,,,,,,,,,,,,,,,,,,,,,,,,,,,,,,,,,,,,,,,,,,,,,,,,,,,,,,,,,,,,,,,,,,,,,,,,,,,,,,,,,,,,,,,,,,,,,,,,,,,,,,,,,,,,,,,,,,,,,,,,,,,,,,,,,,,,,,,,,,,,,,,,,,,,,,,,,,,,,,,,,,,,,,,,,,,,,,,,,,,,,,,,,,,,,,,,,,,,,,,,,,,,,,,,,,,,,,,,,,,,,,,,,,,,,,,,,,,,,,,,,,,,,,,,,,,,,,,,,,,,,,,,,,,,,,,,,,,,,,,,,,,,,,,,,,,,,,,,,,,,,,,,,,,,,,,,,,,,,,,,,,,,,,,,,,,,,,,,,,,,,,,,,,,,,,,,,,,,,,,,,,,,,,,,,,,,,,,,,,,,,,,,,,,,,,,,,,,,,,,,,,,,,,,,,,,,,,,,,,,,,,,,,,,,,,,,,,,,,,,,,,,,,,,,,,,,,,,,,,,,,,,,,,,,,,,,,,,,,,,,,,,,,,
MUT_MU,0,-1,1,float,Mutation mean,,,,,,,,,,,,,,,,,,,,,,,,,,,,,,,,,,,,,,,,,,,,,,,,,,,,,,,,,,,,,,,,,,,,,,,,,,,,,,,,,,,,,,,,,,,,,,,,,,,,,,,,,,,,,,,,,,,,,,,,,,,,,,,,,,,,,,,,,,,,,,,,,,,,,,,,,,,,,,,,,,,,,,,,,,,,,,,,,,,,,,,,,,,,,,,,,,,,,,,,,,,,,,,,,,,,,,,,,,,,,,,,,,,,,,,,,,,,,,,,,,,,,,,,,,,,,,,,,,,,,,,,,,,,,,,,,,,,,,,,,,,,,,,,,,,,,,,,,,,,,,,,,,,,,,,,,,,,,,,,,,,,,,,,,,,,,,,,,,,,,,,,,,,,,,,,,,,,,,,,,,,,,,,,,,,,,,,,,,,,,,,,,,,,,,,,,,,,,,,,,,,,,,,,,,,,,,,,,,,,,,,,,,,,,,,,,,,,,,,,,,,,,,,,,,,,,,,,,,,,,,,,,,,,,,,,,,,,,,,,,,,,,,,,,,,,,,,,,,,,,,,,,,,,,,,,,,,,,,,,,,,,,,,,,,,,,,,,,,,,,,,,,,,,,,,,,,,,,,,,,,,,,,,,,,,,,,,,,,,,,,,,,,,,,,,,,,,,,,,,,,,,,,,,,,,,,,,,,,,,,,,,,,,,,,,,,,,,,,,,,,,,,,,,,,,,,,,,,,,,,,,,,,,,,,,,,,,,,,,,,,,,,,,,,,,,,,,,,,,,,,,,,,,,,,,,,,,,,,,,,,,,,,,,,,,,,,,,,,,,,,,,,,,,,,,,,,,,,,,,,,,,,,,,
MUT_SIGMA,0.25,0.1,0.4,float,Mutation std dev,,,,,,,,,,,,,,,,,,,,,,,,,,,,,,,,,,,,,,,,,,,,,,,,,,,,,,,,,,,,,,,,,,,,,,,,,,,,,,,,,,,,,,,,,,,,,,,,,,,,,,,,,,,,,,,,,,,,,,,,,,,,,,,,,,,,,,,,,,,,,,,,,,,,,,,,,,,,,,,,,,,,,,,,,,,,,,,,,,,,,,,,,,,,,,,,,,,,,,,,,,,,,,,,,,,,,,,,,,,,,,,,,,,,,,,,,,,,,,,,,,,,,,,,,,,,,,,,,,,,,,,,,,,,,,,,,,,,,,,,,,,,,,,,,,,,,,,,,,,,,,,,,,,,,,,,,,,,,,,,,,,,,,,,,,,,,,,,,,,,,,,,,,,,,,,,,,,,,,,,,,,,,,,,,,,,,,,,,,,,,,,,,,,,,,,,,,,,,,,,,,,,,,,,,,,,,,,,,,,,,,,,,,,,,,,,,,,,,,,,,,,,,,,,,,,,,,,,,,,,,,,,,,,,,,,,,,,,,,,,,,,,,,,,,,,,,,,,,,,,,,,,,,,,,,,,,,,,,,,,,,,,,,,,,,,,,,,,,,,,,,,,,,,,,,,,,,,,,,,,,,,,,,,,,,,,,,,,,,,,,,,,,,,,,,,,,,,,,,,,,,,,,,,,,,,,,,,,,,,,,,,,,,,,,,,,,,,,,,,,,,,,,,,,,,,,,,,,,,,,,,,,,,,,,,,,,,,,,,,,,,,,,,,,,,,,,,,,,,,,,,,,,,,,,,,,,,,,,,,,,,,,,,,,,,,,,,,,,,,,,,,,,,,,,,,,,,,,,,,,,,,,,,,,
TARGET_TRADES_DAY,5,1,4,int,Ideal trades/day - reduced to be more realistic for combined filters,,,,,,,,,,,,,,,,,,,,,,,,,,,,,,,,,,,,,,,,,,,,,,,,,,,,,,,,,,,,,,,,,,,,,,,,,,,,,,,,,,,,,,,,,,,,,,,,,,,,,,,,,,,,,,,,,,,,,,,,,,,,,,,,,,,,,,,,,,,,,,,,,,,,,,,,,,,,,,,,,,,,,,,,,,,,,,,,,,,,,,,,,,,,,,,,,,,,,,,,,,,,,,,,,,,,,,,,,,,,,,,,,,,,,,,,,,,,,,,,,,,,,,,,,,,,,,,,,,,,,,,,,,,,,,,,,,,,,,,,,,,,,,,,,,,,,,,,,,,,,,,,,,,,,,,,,,,,,,,,,,,,,,,,,,,,,,,,,,,,,,,,,,,,,,,,,,,,,,,,,,,,,,,,,,,,,,,,,,,,,,,,,,,,,,,,,,,,,,,,,,,,,,,,,,,,,,,,,,,,,,,,,,,,,,,,,,,,,,,,,,,,,,,,,,,,,,,,,,,,,,,,,,,,,,,,,,,,,,,,,,,,,,,,,,,,,,,,,,,,,,,,,,,,,,,,,,,,,,,,,,,,,,,,,,,,,,,,,,,,,,,,,,,,,,,,,,,,,,,,,,,,,,,,,,,,,,,,,,,,,,,,,,,,,,,,,,,,,,,,,,,,,,,,,,,,,,,,,,,,,,,,,,,,,,,,,,,,,,,,,,,,,,,,,,,,,,,,,,,,,,,,,,,,,,,,,,,,,,,,,,,,,,,,,,,,,,,,,,,,,,,,,,,,,,,,,,,,,,,,,,,,,,,,,,,,,,,,,,,,,,,,,,,,,,,,,,,,,,,,,,,,,,,,
TRADES_PENALTY_WEIGHT,0.3,0.1,0.8,float,Penalty for excess trades - reduced to be less restrictive,,,,,,,,,,,,,,,,,,,,,,,,,,,,,,,,,,,,,,,,,,,,,,,,,,,,,,,,,,,,,,,,,,,,,,,,,,,,,,,,,,,,,,,,,,,,,,,,,,,,,,,,,,,,,,,,,,,,,,,,,,,,,,,,,,,,,,,,,,,,,,,,,,,,,,,,,,,,,,,,,,,,,,,,,,,,,,,,,,,,,,,,,,,,,,,,,,,,,,,,,,,,,,,,,,,,,,,,,,,,,,,,,,,,,,,,,,,,,,,,,,,,,,,,,,,,,,,,,,,,,,,,,,,,,,,,,,,,,,,,,,,,,,,,,,,,,,,,,,,,,,,,,,,,,,,,,,,,,,,,,,,,,,,,,,,,,,,,,,,,,,,,,,,,,,,,,,,,,,,,,,,,,,,,,,,,,,,,,,,,,,,,,,,,,,,,,,,,,,,,,,,,,,,,,,,,,,,,,,,,,,,,,,,,,,,,,,,,,,,,,,,,,,,,,,,,,,,,,,,,,,,,,,,,,,,,,,,,,,,,,,,,,,,,,,,,,,,,,,,,,,,,,,,,,,,,,,,,,,,,,,,,,,,,,,,,,,,,,,,,,,,,,,,,,,,,,,,,,,,,,,,,,,,,,,,,,,,,,,,,,,,,,,,,,,,,,,,,,,,,,,,,,,,,,,,,,,,,,,,,,,,,,,,,,,,,,,,,,,,,,,,,,,,,,,,,,,,,,,,,,,,,,,,,,,,,,,,,,,,,,,,,,,,,,,,,,,,,,,,,,,,,,,,,,,,,,,,,,,,,,,,,,,,,,,,,,,,,,,,,,,,,,,,,,,,,,,,,,,,,,,,,,,,,
DD_WEIGHT,0.5,0.2,0.8,float,Drawdown penalty weight - increased to prioritize risk management,,,,,,,,,,,,,,,,,,,,,,,,,,,,,,,,,,,,,,,,,,,,,,,,,,,,,,,,,,,,,,,,,,,,,,,,,,,,,,,,,,,,,,,,,,,,,,,,,,,,,,,,,,,,,,,,,,,,,,,,,,,,,,,,,,,,,,,,,,,,,,,,,,,,,,,,,,,,,,,,,,,,,,,,,,,,,,,,,,,,,,,,,,,,,,,,,,,,,,,,,,,,,,,,,,,,,,,,,,,,,,,,,,,,,,,,,,,,,,,,,,,,,,,,,,,,,,,,,,,,,,,,,,,,,,,,,,,,,,,,,,,,,,,,,,,,,,,,,,,,,,,,,,,,,,,,,,,,,,,,,,,,,,,,,,,,,,,,,,,,,,,,,,,,,,,,,,,,,,,,,,,,,,,,,,,,,,,,,,,,,,,,,,,,,,,,,,,,,,,,,,,,,,,,,,,,,,,,,,,,,,,,,,,,,,,,,,,,,,,,,,,,,,,,,,,,,,,,,,,,,,,,,,,,,,,,,,,,,,,,,,,,,,,,,,,,,,,,,,,,,,,,,,,,,,,,,,,,,,,,,,,,,,,,,,,,,,,,,,,,,,,,,,,,,,,,,,,,,,,,,,,,,,,,,,,,,,,,,,,,,,,,,,,,,,,,,,,,,,,,,,,,,,,,,,,,,,,,,,,,,,,,,,,,,,,,,,,,,,,,,,,,,,,,,,,,,,,,,,,,,,,,,,,,,,,,,,,,,,,,,,,,,,,,,,,,,,,,,,,,,,,,,,,,,,,,,,,,,,,,,,,,,,,,,,,,,,,,,,,,,,,,,,,,,,,,,,,,,,,,,,,,,,,,
DATA_SPLITS,0.65,0.6,0.7,float,In-sample fraction per period - 60-70% for better generalization (30-40% OOS),,,,,,,,,,,,,,,,,,,,,,,,,,,,,,,,,,,,,,,,,,,,,,,,,,,,,,,,,,,,,,,,,,,,,,,,,,,,,,,,,,,,,,,,,,,,,,,,,,,,,,,,,,,,,,,,,,,,,,,,,,,,,,,,,,,,,,,,,,,,,,,,,,,,,,,,,,,,,,,,,,,,,,,,,,,,,,,,,,,,,,,,,,,,,,,,,,,,,,,,,,,,,,,,,,,,,,,,,,,,,,,,,,,,,,,,,,,,,,,,,,,,,,,,,,,,,,,,,,,,,,,,,,,,,,,,,,,,,,,,,,,,,,,,,,,,,,,,,,,,,,,,,,,,,,,,,,,,,,,,,,,,,,,,,,,,,,,,,,,,,,,,,,,,,,,,,,,,,,,,,,,,,,,,,,,,,,,,,,,,,,,,,,,,,,,,,,,,,,,,,,,,,,,,,,,,,,,,,,,,,,,,,,,,,,,,,,,,,,,,,,,,,,,,,,,,,,,,,,,,,,,,,,,,,,,,,,,,,,,,,,,,,,,,,,,,,,,,,,,,,,,,,,,,,,,,,,,,,,,,,,,,,,,,,,,,,,,,,,,,,,,,,,,,,,,,,,,,,,,,,,,,,,,,,,,,,,,,,,,,,,,,,,,,,,,,,,,,,,,,,,,,,,,,,,,,,,,,,,,,,,,,,,,,,,,,,,,,,,,,,,,,,,,,,,,,,,,,,,,,,,,,,,,,,,,,,,,,,,,,,,,,,,,,,,,,,,,,,,,,,,,,,,,,,,,,,,,,,,,,,,,,,,,,,,,,,,,,,,,,,,,,,,,,,,,,,,,,,,,,,,,,,,,,
DATA_SIZE,0,0,10000000,int,Rows to subsample (0 = full dataset),,,,,,,,,,,,,,,,,,,,,,,,,,,,,,,,,,,,,,,,,,,,,,,,,,,,,,,,,,,,,,,,,,,,,,,,,,,,,,,,,,,,,,,,,,,,,,,,,,,,,,,,,,,,,,,,,,,,,,,,,,,,,,,,,,,,,,,,,,,,,,,,,,,,,,,,,,,,,,,,,,,,,,,,,,,,,,,,,,,,,,,,,,,,,,,,,,,,,,,,,,,,,,,,,,,,,,,,,,,,,,,,,,,,,,,,,,,,,,,,,,,,,,,,,,,,,,,,,,,,,,,,,,,,,,,,,,,,,,,,,,,,,,,,,,,,,,,,,,,,,,,,,,,,,,,,,,,,,,,,,,,,,,,,,,,,,,,,,,,,,,,,,,,,,,,,,,,,,,,,,,,,,,,,,,,,,,,,,,,,,,,,,,,,,,,,,,,,,,,,,,,,,,,,,,,,,,,,,,,,,,,,,,,,,,,,,,,,,,,,,,,,,,,,,,,,,,,,,,,,,,,,,,,,,,,,,,,,,,,,,,,,,,,,,,,,,,,,,,,,,,,,,,,,,,,,,,,,,,,,,,,,,,,,,,,,,,,,,,,,,,,,,,,,,,,,,,,,,,,,,,,,,,,,,,,,,,,,,,,,,,,,,,,,,,,,,,,,,,,,,,,,,,,,,,,,,,,,,,,,,,,,,,,,,,,,,,,,,,,,,,,,,,,,,,,,,,,,,,,,,,,,,,,,,,,,,,,,,,,,,,,,,,,,,,,,,,,,,,,,,,,,,,,,,,,,,,,,,,,,,,,,,,,,,,,,,,,,,,,,,,,,,,,,,,,,,,,,,,,,,,,,,,,,
USE_INTERLEAVED_SPLIT,true,false,true,bool,Use interleaved IS/OOS periods instead of single split,,,,,,,,,,,,,,,,,,,,,,,,,,,,,,,,,,,,,,,,,,,,,,,,,,,,,,,,,,,,,,,,,,,,,,,,,,,,,,,,,,,,,,,,,,,,,,,,,,,,,,,,,,,,,,,,,,,,,,,,,,,,,,,,,,,,,,,,,,,,,,,,,,,,,,,,,,,,,,,,,,,,,,,,,,,,,,,,,,,,,,,,,,,,,,,,,,,,,,,,,,,,,,,,,,,,,,,,,,,,,,,,,,,,,,,,,,,,,,,,,,,,,,,,,,,,,,,,,,,,,,,,,,,,,,,,,,,,,,,,,,,,,,,,,,,,,,,,,,,,,,,,,,,,,,,,,,,,,,,,,,,,,,,,,,,,,,,,,,,,,,,,,,,,,,,,,,,,,,,,,,,,,,,,,,,,,,,,,,,,,,,,,,,,,,,,,,,,,,,,,,,,,,,,,,,,,,,,,,,,,,,,,,,,,,,,,,,,,,,,,,,,,,,,,,,,,,,,,,,,,,,,,,,,,,,,,,,,,,,,,,,,,,,,,,,,,,,,,,,,,,,,,,,,,,,,,,,,,,,,,,,,,,,,,,,,,,,,,,,,,,,,,,,,,,,,,,,,,,,,,,,,,,,,,,,,,,,,,,,,,,,,,,,,,,,,,,,,,,,,,,,,,,,,,,,,,,,,,,,,,,,,,,,,,,,,,,,,,,,,,,,,,,,,,,,,,,,,,,,,,,,,,,,,,,,,,,,,,,,,,,,,,,,,,,,,,,,,,,,,,,,,,,,,,,,,,,,,,,,,,,,,,,,,,,,,,,,,,,,,,,,,,,,,,,,,,,,,,,,,,,,,,,,,
NUM_SPLIT_PERIODS,5,3,7,int,Number of alternating periods (IS-OOS-IS-OOS-IS) - odd number recommended,,,,,,,,,,,,,,,,,,,,,,,,,,,,,,,,,,,,,,,,,,,,,,,,,,,,,,,,,,,,,,,,,,,,,,,,,,,,,,,,,,,,,,,,,,,,,,,,,,,,,,,,,,,,,,,,,,,,,,,,,,,,,,,,,,,,,,,,,,,,,,,,,,,,,,,,,,,,,,,,,,,,,,,,,,,,,,,,,,,,,,,,,,,,,,,,,,,,,,,,,,,,,,,,,,,,,,,,,,,,,,,,,,,,,,,,,,,,,,,,,,,,,,,,,,,,,,,,,,,,,,,,,,,,,,,,,,,,,,,,,,,,,,,,,,,,,,,,,,,,,,,,,,,,,,,,,,,,,,,,,,,,,,,,,,,,,,,,,,,,,,,,,,,,,,,,,,,,,,,,,,,,,,,,,,,,,,,,,,,,,,,,,,,,,,,,,,,,,,,,,,,,,,,,,,,,,,,,,,,,,,,,,,,,,,,,,,,,,,,,,,,,,,,,,,,,,,,,,,,,,,,,,,,,,,,,,,,,,,,,,,,,,,,,,,,,,,,,,,,,,,,,,,,,,,,,,,,,,,,,,,,,,,,,,,,,,,,,,,,,,,,,,,,,,,,,,,,,,,,,,,,,,,,,,,,,,,,,,,,,,,,,,,,,,,,,,,,,,,,,,,,,,,,,,,,,,,,,,,,,,,,,,,,,,,,,,,,,,,,,,,,,,,,,,,,,,,,,,,,,,,,,,,,,,,,,,,,,,,,,,,,,,,,,,,,,,,,,,,,,,,,,,,,,,,,,,,,,,,,,,,,,,,,,,,,,,,,,,,,,,,,,,,,,,,,,,,,,,,,,,,,,,,,,
MIN_TRADES_DAY,2,0.5,2,float,MUST have at least 0.1 trades/day (approx 1 per 2 weeks) - relaxed for combined logic,,,,,,,,,,,,,,,,,,,,,,,,,,,,,,,,,,,,,,,,,,,,,,,,,,,,,,,,,,,,,,,,,,,,,,,,,,,,,,,,,,,,,,,,,,,,,,,,,,,,,,,,,,,,,,,,,,,,,,,,,,,,,,,,,,,,,,,,,,,,,,,,,,,,,,,,,,,,,,,,,,,,,,,,,,,,,,,,,,,,,,,,,,,,,,,,,,,,,,,,,,,,,,,,,,,,,,,,,,,,,,,,,,,,,,,,,,,,,,,,,,,,,,,,,,,,,,,,,,,,,,,,,,,,,,,,,,,,,,,,,,,,,,,,,,,,,,,,,,,,,,,,,,,,,,,,,,,,,,,,,,,,,,,,,,,,,,,,,,,,,,,,,,,,,,,,,,,,,,,,,,,,,,,,,,,,,,,,,,,,,,,,,,,,,,,,,,,,,,,,,,,,,,,,,,,,,,,,,,,,,,,,,,,,,,,,,,,,,,,,,,,,,,,,,,,,,,,,,,,,,,,,,,,,,,,,,,,,,,,,,,,,,,,,,,,,,,,,,,,,,,,,,,,,,,,,,,,,,,,,,,,,,,,,,,,,,,,,,,,,,,,,,,,,,,,,,,,,,,,,,,,,,,,,,,,,,,,,,,,,,,,,,,,,,,,,,,,,,,,,,,,,,,,,,,,,,,,,,,,,,,,,,,,,,,,,,,,,,,,,,,,,,,,,,,,,,,,,,,,,,,,,,,,,,,,,,,,,,,,,,,,,,,,,,,,,,,,,,,,,,,,,,,,,,,,,,,,,,,,,,,,,,,,,,,,,,,,,,,,,,,,,,,,,,,,,,,,,,,,,,,,,,,,,
MIN_TRADES_PEN_WEIGHT,-500,-200,-50,float,Scalar penalty — zero trades = -50 (Less harsh death penalty),,,,,,,,,,,,,,,,,,,,,,,,,,,,,,,,,,,,,,,,,,,,,,,,,,,,,,,,,,,,,,,,,,,,,,,,,,,,,,,,,,,,,,,,,,,,,,,,,,,,,,,,,,,,,,,,,,,,,,,,,,,,,,,,,,,,,,,,,,,,,,,,,,,,,,,,,,,,,,,,,,,,,,,,,,,,,,,,,,,,,,,,,,,,,,,,,,,,,,,,,,,,,,,,,,,,,,,,,,,,,,,,,,,,,,,,,,,,,,,,,,,,,,,,,,,,,,,,,,,,,,,,,,,,,,,,,,,,,,,,,,,,,,,,,,,,,,,,,,,,,,,,,,,,,,,,,,,,,,,,,,,,,,,,,,,,,,,,,,,,,,,,,,,,,,,,,,,,,,,,,,,,,,,,,,,,,,,,,,,,,,,,,,,,,,,,,,,,,,,,,,,,,,,,,,,,,,,,,,,,,,,,,,,,,,,,,,,,,,,,,,,,,,,,,,,,,,,,,,,,,,,,,,,,,,,,,,,,,,,,,,,,,,,,,,,,,,,,,,,,,,,,,,,,,,,,,,,,,,,,,,,,,,,,,,,,,,,,,,,,,,,,,,,,,,,,,,,,,,,,,,,,,,,,,,,,,,,,,,,,,,,,,,,,,,,,,,,,,,,,,,,,,,,,,,,,,,,,,,,,,,,,,,,,,,,,,,,,,,,,,,,,,,,,,,,,,,,,,,,,,,,,,,,,,,,,,,,,,,,,,,,,,,,,,,,,,,,,,,,,,,,,,,,,,,,,,,,,,,,,,,,,,,,,,,,,,,,,,,,,,,,,,,,,,,,,,,,,,,,,,,,,,,,,
NORM_SORTINO_MAX,10,5,20,float,Normalization range for Sortino Ratio (used in fitness calculation),,,,,,,,,,,,,,,,,,,,,,,,,,,,,,,,,,,,,,,,,,,,,,,,,,,,,,,,,,,,,,,,,,,,,,,,,,,,,,,,,,,,,,,,,,,,,,,,,,,,,,,,,,,,,,,,,,,,,,,,,,,,,,,,,,,,,,,,,,,,,,,,,,,,,,,,,,,,,,,,,,,,,,,,,,,,,,,,,,,,,,,,,,,,,,,,,,,,,,,,,,,,,,,,,,,,,,,,,,,,,,,,,,,,,,,,,,,,,,,,,,,,,,,,,,,,,,,,,,,,,,,,,,,,,,,,,,,,,,,,,,,,,,,,,,,,,,,,,,,,,,,,,,,,,,,,,,,,,,,,,,,,,,,,,,,,,,,,,,,,,,,,,,,,,,,,,,,,,,,,,,,,,,,,,,,,,,,,,,,,,,,,,,,,,,,,,,,,,,,,,,,,,,,,,,,,,,,,,,,,,,,,,,,,,,,,,,,,,,,,,,,,,,,,,,,,,,,,,,,,,,,,,,,,,,,,,,,,,,,,,,,,,,,,,,,,,,,,,,,,,,,,,,,,,,,,,,,,,,,,,,,,,,,,,,,,,,,,,,,,,,,,,,,,,,,,,,,,,,,,,,,,,,,,,,,,,,,,,,,,,,,,,,,,,,,,,,,,,,,,,,,,,,,,,,,,,,,,,,,,,,,,,,,,,,,,,,,,,,,,,,,,,,,,,,,,,,,,,,,,,,,,,,,,,,,,,,,,,,,,,,,,,,,,,,,,,,,,,,,,,,,,,,,,,,,,,,,,,,,,,,,,,,,,,,,,,,,,,,,,,,,,,,,,,,,,,,,,,,,,,,,,,,,,
NORM_DD_MAX,50000,50000,200000,float,Normalization range for Max Drawdown in dollars (used in fitness calculation),,,,,,,,,,,,,,,,,,,,,,,,,,,,,,,,,,,,,,,,,,,,,,,,,,,,,,,,,,,,,,,,,,,,,,,,,,,,,,,,,,,,,,,,,,,,,,,,,,,,,,,,,,,,,,,,,,,,,,,,,,,,,,,,,,,,,,,,,,,,,,,,,,,,,,,,,,,,,,,,,,,,,,,,,,,,,,,,,,,,,,,,,,,,,,,,,,,,,,,,,,,,,,,,,,,,,,,,,,,,,,,,,,,,,,,,,,,,,,,,,,,,,,,,,,,,,,,,,,,,,,,,,,,,,,,,,,,,,,,,,,,,,,,,,,,,,,,,,,,,,,,,,,,,,,,,,,,,,,,,,,,,,,,,,,,,,,,,,,,,,,,,,,,,,,,,,,,,,,,,,,,,,,,,,,,,,,,,,,,,,,,,,,,,,,,,,,,,,,,,,,,,,,,,,,,,,,,,,,,,,,,,,,,,,,,,,,,,,,,,,,,,,,,,,,,,,,,,,,,,,,,,,,,,,,,,,,,,,,,,,,,,,,,,,,,,,,,,,,,,,,,,,,,,,,,,,,,,,,,,,,,,,,,,,,,,,,,,,,,,,,,,,,,,,,,,,,,,,,,,,,,,,,,,,,,,,,,,,,,,,,,,,,,,,,,,,,,,,,,,,,,,,,,,,,,,,,,,,,,,,,,,,,,,,,,,,,,,,,,,,,,,,,,,,,,,,,,,,,,,,,,,,,,,,,,,,,,,,,,,,,,,,,,,,,,,,,,,,,,,,,,,,,,,,,,,,,,,,,,,,,,,,,,,,,,,,,,,,,,,,,,,,,,,,,,,,,,,,,,,,,,,,,,,
NORM_PF_MAX,5,3,10,float,Normalization range for Profit Factor (used in fitness calculation),,,,,,,,,,,,,,,,,,,,,,,,,,,,,,,,,,,,,,,,,,,,,,,,,,,,,,,,,,,,,,,,,,,,,,,,,,,,,,,,,,,,,,,,,,,,,,,,,,,,,,,,,,,,,,,,,,,,,,,,,,,,,,,,,,,,,,,,,,,,,,,,,,,,,,,,,,,,,,,,,,,,,,,,,,,,,,,,,,,,,,,,,,,,,,,,,,,,,,,,,,,,,,,,,,,,,,,,,,,,,,,,,,,,,,,,,,,,,,,,,,,,,,,,,,,,,,,,,,,,,,,,,,,,,,,,,,,,,,,,,,,,,,,,,,,,,,,,,,,,,,,,,,,,,,,,,,,,,,,,,,,,,,,,,,,,,,,,,,,,,,,,,,,,,,,,,,,,,,,,,,,,,,,,,,,,,,,,,,,,,,,,,,,,,,,,,,,,,,,,,,,,,,,,,,,,,,,,,,,,,,,,,,,,,,,,,,,,,,,,,,,,,,,,,,,,,,,,,,,,,,,,,,,,,,,,,,,,,,,,,,,,,,,,,,,,,,,,,,,,,,,,,,,,,,,,,,,,,,,,,,,,,,,,,,,,,,,,,,,,,,,,,,,,,,,,,,,,,,,,,,,,,,,,,,,,,,,,,,,,,,,,,,,,,,,,,,,,,,,,,,,,,,,,,,,,,,,,,,,,,,,,,,,,,,,,,,,,,,,,,,,,,,,,,,,,,,,,,,,,,,,,,,,,,,,,,,,,,,,,,,,,,,,,,,,,,,,,,,,,,,,,,,,,,,,,,,,,,,,,,,,,,,,,,,,,,,,,,,,,,,,,,,,,,,,,,,,,,,,,,,,,,,,,
NORM_TRADES_MAX,3,1,5,float,Normalization range for Avg Trades/Day (used in fitness calculation) - reduced to 3.0 for realistic expectations,,,,,,,,,,,,,,,,,,,,,,,,,,,,,,,,,,,,,,,,,,,,,,,,,,,,,,,,,,,,,,,,,,,,,,,,,,,,,,,,,,,,,,,,,,,,,,,,,,,,,,,,,,,,,,,,,,,,,,,,,,,,,,,,,,,,,,,,,,,,,,,,,,,,,,,,,,,,,,,,,,,,,,,,,,,,,,,,,,,,,,,,,,,,,,,,,,,,,,,,,,,,,,,,,,,,,,,,,,,,,,,,,,,,,,,,,,,,,,,,,,,,,,,,,,,,,,,,,,,,,,,,,,,,,,,,,,,,,,,,,,,,,,,,,,,,,,,,,,,,,,,,,,,,,,,,,,,,,,,,,,,,,,,,,,,,,,,,,,,,,,,,,,,,,,,,,,,,,,,,,,,,,,,,,,,,,,,,,,,,,,,,,,,,,,,,,,,,,,,,,,,,,,,,,,,,,,,,,,,,,,,,,,,,,,,,,,,,,,,,,,,,,,,,,,,,,,,,,,,,,,,,,,,,,,,,,,,,,,,,,,,,,,,,,,,,,,,,,,,,,,,,,,,,,,,,,,,,,,,,,,,,,,,,,,,,,,,,,,,,,,,,,,,,,,,,,,,,,,,,,,,,,,,,,,,,,,,,,,,,,,,,,,,,,,,,,,,,,,,,,,,,,,,,,,,,,,,,,,,,,,,,,,,,,,,,,,,,,,,,,,,,,,,,,,,,,,,,,,,,,,,,,,,,,,,,,,,,,,,,,,,,,,,,,,,,,,,,,,,,,,,,,,,,,,,,,,,,,,,,,,,,,,,,,,,,,,,,,,,,,,,,,,,,,,,,,,,,,,,,,,,,,,,,
NORM_PNL_MAX,650000,100000,1000000,float,Normalization range for Total Profit in dollars (used in fitness calculation) - increased to prevent maxing out,,,,,,,,,,,,,,,,,,,,,,,,,,,,,,,,,,,,,,,,,,,,,,,,,,,,,,,,,,,,,,,,,,,,,,,,,,,,,,,,,,,,,,,,,,,,,,,,,,,,,,,,,,,,,,,,,,,,,,,,,,,,,,,,,,,,,,,,,,,,,,,,,,,,,,,,,,,,,,,,,,,,,,,,,,,,,,,,,,,,,,,,,,,,,,,,,,,,,,,,,,,,,,,,,,,,,,,,,,,,,,,,,,,,,,,,,,,,,,,,,,,,,,,,,,,,,,,,,,,,,,,,,,,,,,,,,,,,,,,,,,,,,,,,,,,,,,,,,,,,,,,,,,,,,,,,,,,,,,,,,,,,,,,,,,,,,,,,,,,,,,,,,,,,,,,,,,,,,,,,,,,,,,,,,,,,,,,,,,,,,,,,,,,,,,,,,,,,,,,,,,,,,,,,,,,,,,,,,,,,,,,,,,,,,,,,,,,,,,,,,,,,,,,,,,,,,,,,,,,,,,,,,,,,,,,,,,,,,,,,,,,,,,,,,,,,,,,,,,,,,,,,,,,,,,,,,,,,,,,,,,,,,,,,,,,,,,,,,,,,,,,,,,,,,,,,,,,,,,,,,,,,,,,,,,,,,,,,,,,,,,,,,,,,,,,,,,,,,,,,,,,,,,,,,,,,,,,,,,,,,,,,,,,,,,,,,,,,,,,,,,,,,,,,,,,,,,,,,,,,,,,,,,,,,,,,,,,,,,,,,,,,,,,,,,,,,,,,,,,,,,,,,,,,,,,,,,,,,,,,,,,,,,,,,,,,,,,,,,,,,,,,,,,,,,,,,,,,,,,,,,,,,,,,
NORM_PROFIT_TRADE_MAX,60,100,500,float,Normalization range for Avg Profit Per Trade (used in fitness calculation),,,,,,,,,,,,,,,,,,,,,,,,,,,,,,,,,,,,,,,,,,,,,,,,,,,,,,,,,,,,,,,,,,,,,,,,,,,,,,,,,,,,,,,,,,,,,,,,,,,,,,,,,,,,,,,,,,,,,,,,,,,,,,,,,,,,,,,,,,,,,,,,,,,,,,,,,,,,,,,,,,,,,,,,,,,,,,,,,,,,,,,,,,,,,,,,,,,,,,,,,,,,,,,,,,,,,,,,,,,,,,,,,,,,,,,,,,,,,,,,,,,,,,,,,,,,,,,,,,,,,,,,,,,,,,,,,,,,,,,,,,,,,,,,,,,,,,,,,,,,,,,,,,,,,,,,,,,,,,,,,,,,,,,,,,,,,,,,,,,,,,,,,,,,,,,,,,,,,,,,,,,,,,,,,,,,,,,,,,,,,,,,,,,,,,,,,,,,,,,,,,,,,,,,,,,,,,,,,,,,,,,,,,,,,,,,,,,,,,,,,,,,,,,,,,,,,,,,,,,,,,,,,,,,,,,,,,,,,,,,,,,,,,,,,,,,,,,,,,,,,,,,,,,,,,,,,,,,,,,,,,,,,,,,,,,,,,,,,,,,,,,,,,,,,,,,,,,,,,,,,,,,,,,,,,,,,,,,,,,,,,,,,,,,,,,,,,,,,,,,,,,,,,,,,,,,,,,,,,,,,,,,,,,,,,,,,,,,,,,,,,,,,,,,,,,,,,,,,,,,,,,,,,,,,,,,,,,,,,,,,,,,,,,,,,,,,,,,,,,,,,,,,,,,,,,,,,,,,,,,,,,,,,,,,,,,,,,,,,,,,,,,,,,,,,,,,,,,,,,,,,,,,,,,
MIN_WIN_RATE,0.4,0.3,0.5,float,Minimum win rate threshold (hard constraint - strategies below this are eliminated),,,,,,,,,,,,,,,,,,,,,,,,,,,,,,,,,,,,,,,,,,,,,,,,,,,,,,,,,,,,,,,,,,,,,,,,,,,,,,,,,,,,,,,,,,,,,,,,,,,,,,,,,,,,,,,,,,,,,,,,,,,,,,,,,,,,,,,,,,,,,,,,,,,,,,,,,,,,,,,,,,,,,,,,,,,,,,,,,,,,,,,,,,,,,,,,,,,,,,,,,,,,,,,,,,,,,,,,,,,,,,,,,,,,,,,,,,,,,,,,,,,,,,,,,,,,,,,,,,,,,,,,,,,,,,,,,,,,,,,,,,,,,,,,,,,,,,,,,,,,,,,,,,,,,,,,,,,,,,,,,,,,,,,,,,,,,,,,,,,,,,,,,,,,,,,,,,,,,,,,,,,,,,,,,,,,,,,,,,,,,,,,,,,,,,,,,,,,,,,,,,,,,,,,,,,,,,,,,,,,,,,,,,,,,,,,,,,,,,,,,,,,,,,,,,,,,,,,,,,,,,,,,,,,,,,,,,,,,,,,,,,,,,,,,,,,,,,,,,,,,,,,,,,,,,,,,,,,,,,,,,,,,,,,,,,,,,,,,,,,,,,,,,,,,,,,,,,,,,,,,,,,,,,,,,,,,,,,,,,,,,,,,,,,,,,,,,,,,,,,,,,,,,,,,,,,,,,,,,,,,,,,,,,,,,,,,,,,,,,,,,,,,,,,,,,,,,,,,,,,,,,,,,,,,,,,,,,,,,,,,,,,,,,,,,,,,,,,,,,,,,,,,,,,,,,,,,,,,,,,,,,,,,,,,,,,,,,,,,,,,,,,,,,,,,,,,,,,,,,,,,,,,,,,
SORTINO_CAP,10,5,20,float,Maximum Sortino value before capping (prevents unrealistic values),,,,,,,,,,,,,,,,,,,,,,,,,,,,,,,,,,,,,,,,,,,,,,,,,,,,,,,,,,,,,,,,,,,,,,,,,,,,,,,,,,,,,,,,,,,,,,,,,,,,,,,,,,,,,,,,,,,,,,,,,,,,,,,,,,,,,,,,,,,,,,,,,,,,,,,,,,,,,,,,,,,,,,,,,,,,,,,,,,,,,,,,,,,,,,,,,,,,,,,,,,,,,,,,,,,,,,,,,,,,,,,,,,,,,,,,,,,,,,,,,,,,,,,,,,,,,,,,,,,,,,,,,,,,,,,,,,,,,,,,,,,,,,,,,,,,,,,,,,,,,,,,,,,,,,,,,,,,,,,,,,,,,,,,,,,,,,,,,,,,,,,,,,,,,,,,,,,,,,,,,,,,,,,,,,,,,,,,,,,,,,,,,,,,,,,,,,,,,,,,,,,,,,,,,,,,,,,,,,,,,,,,,,,,,,,,,,,,,,,,,,,,,,,,,,,,,,,,,,,,,,,,,,,,,,,,,,,,,,,,,,,,,,,,,,,,,,,,,,,,,,,,,,,,,,,,,,,,,,,,,,,,,,,,,,,,,,,,,,,,,,,,,,,,,,,,,,,,,,,,,,,,,,,,,,,,,,,,,,,,,,,,,,,,,,,,,,,,,,,,,,,,,,,,,,,,,,,,,,,,,,,,,,,,,,,,,,,,,,,,,,,,,,,,,,,,,,,,,,,,,,,,,,,,,,,,,,,,,,,,,,,,,,,,,,,,,,,,,,,,,,,,,,,,,,,,,,,,,,,,,,,,,,,,,,,,,,,,,,,,,,,,,,,,,,,,,,,,,,,,,,,,,,,,
=== SOLUTION STATISTICS ===,,,,,,,,,,,,,,,,,,,,,,,,,,,,,,,,,,,,,,,,,,,,,,,,,,,,,,,,,,,,,,,,,,,,,,,,,,,,,,,,,,,,,,,,,,,,,,,,,,,,,,,,,,,,,,,,,,,,,,,,,,,,,,,,,,,,,,,,,,,,,,,,,,,,,,,,,,,,,,,,,,,,,,,,,,,,,,,,,,,,,,,,,,,,,,,,,,,,,,,,,,,,,,,,,,,,,,,,,,,,,,,,,,,,,,,,,,,,,,,,,,,,,,,,,,,,,,,,,,,,,,,,,,,,,,,,,,,,,,,,,,,,,,,,,,,,,,,,,,,,,,,,,,,,,,,,,,,,,,,,,,,,,,,,,,,,,,,,,,,,,,,,,,,,,,,,,,,,,,,,,,,,,,,,,,,,,,,,,,,,,,,,,,,,,,,,,,,,,,,,,,,,,,,,,,,,,,,,,,,,,,,,,,,,,,,,,,,,,,,,,,,,,,,,,,,,,,,,,,,,,,,,,,,,,,,,,,,,,,,,,,,,,,,,,,,,,,,,,,,,,,,,,,,,,,,,,,,,,,,,,,,,,,,,,,,,,,,,,,,,,,,,,,,,,,,,,,,,,,,,,,,,,,,,,,,,,,,,,,,,,,,,,,,,,,,,,,,,,,,,,,,,,,,,,,,,,,,,,,,,,,,,,,,,,,,,,,,,,,,,,,,,,,,,,,,,,,,,,,,,,,,,,,,,,,,,,,,,,,,,,,,,,,,,,,,,,,,,,,,,,,,,,,,,,,,,,,,,,,,,,,,,,,,,,,,,,,,,,,,,,,,,,,,,,,,,,,,,,,,,,,,,,,,,,,,,,
Sortino Ratio,,,,statistic,Sortino Ratio for each solution,0.0868,0.0858,0.0848,0.0843,0.0838,0.0824,0.0801,0.0798,0.0797,0.0797,0.0795,0.0794,0.0791,0.0790,0.0789,0.0789,0.0788,0.0782,0.0782,0.0781,0.0779,0.0776,0.0775,0.0775,0.0775,0.0773,0.0773,0.0771,0.0769,0.0769,0.0767,0.0765,0.0761,0.0760,0.0755,0.0755,0.0755,0.0754,0.0754,0.0750,0.0750,0.0750,0.0749,0.0749,0.0748,0.0746,0.0744,0.0744,0.0742,0.0742,0.0740,0.0736,0.0735,0.0734,0.0734,0.0732,0.0731,0.0731,0.0730,0.0726,0.0723,0.0723,0.0722,0.0721,0.0720,0.0719,0.0719,0.0717,0.0716,0.0714,0.0712,0.0710,0.0707,0.0706,0.0705,0.0704,0.0703,0.0702,0.0700,0.0700,0.0700,0.0699,0.0699,0.0697,0.0694,0.0693,0.0692,0.0692,0.0691,0.0691,0.0690,0.0689,0.0689,0.0689,0.0688,0.0688,0.0686,0.0685,0.0684,0.0683,0.0682,0.0682,0.0682,0.0681,0.0680,0.0680,0.0680,0.0679,0.0677,0.0675,0.0674,0.0672,0.0671,0.0671,0.0670,0.0669,0.0669,0.0665,0.0665,0.0665,0.0664,0.0664,0.0664,0.0663,0.0662,0.0662,0.0660,0.0660,0.0659,0.0659,0.0658,0.0657,0.0656,0.0656,0.0654,0.0654,0.0653,0.0651,0.0651,0.0650,0.0650,0.0650,0.0649,0.0648,0.0646,0.0646,0.0646,0.0646,0.0646,0.0644,0.0644,0.0643,0.0643,0.0643,0.0641,0.0640,0.0640,0.0639,0.0639,0.0639,0.0638,0.0637,0.0637,0.0633,0.0633,0.0633,0.0632,0.0631,0.0631,0.0631,0.0630,0.0629,0.0628,0.0622,0.0622,0.0622,0.0621,0.0620,0.0620,0.0619,0.0619,0.0619,0.0618,0.0617,0.0617,0.0616,0.0615,0.0613,0.0612,0.0610,0.0610,0.0610,0.0609,0.0607,0.0606,0.0605,0.0604,0.0603,0.0602,0.0598,0.0598,0.0597,0.0597,0.0595,0.0595,0.0594,0.0594,0.0593,0.0593,0.0593,0.0592,0.0592,0.0590,0.0589,0.0589,0.0589,0.0588,0.0588,0.0588,0.0587,0.0587,0.0586,0.0586,0.0586,0.0586,0.0586,0.0585,0.0584,0.0582,0.0580,0.0579,0.0579,0.0579,0.0578,0.0578,0.0578,0.0578,0.0578,0.0578,0.0577,0.0576,0.0576,0.0576,0.0576,0.0576,0.0575,0.0575,0.0575,0.0574,0.0574,0.0574,0.0573,0.0573,0.0572,0.0571,0.0570,0.0570,0.0570,0.0570,0.0569,0.0568,0.0568,0.0568,0.0568,0.0568,0.0568,0.0567,0.0567,0.0567,0.0565,0.0565,0.0565,0.0565,0.0564,0.0564,0.0564,0.0564,0.0563,0.0563,0.0562,0.0562,0.0562,0.0561,0.0561,0.0561,0.0560,0.0560,0.0560,0.0560,0.0560,0.0559,0.0559,0.0559,0.0558,0.0557,0.0557,0.0557,0.0557,0.0556,0.0556,0.0556,0.0555,0.0555,0.0554,0.0554,0.0554,0.0554,0.0554,0.0554,0.0553,0.0553,0.0553,0.0553,0.0553,0.0552,0.0552,0.0552,0.0551,0.0551,0.0550,0.0550,0.0549,0.0548,0.0548,0.0548,0.0547,0.0547,0.0546,0.0545,0.0545,0.0544,0.0544,0.0544,0.0544,0.0544,0.0543,0.0543,0.0543,0.0543,0.0543,0.0542,0.0542,0.0542,0.0541,0.0540,0.0539,0.0539,0.0539,0.0538,0.0537,0.0537,0.0535,0.0535,0.0535,0.0535,0.0534,0.0534,0.0533,0.0533,0.0533,0.0532,0.0532,0.0531,0.0531,0.0531,0.0531,0.0529,0.0528,0.0528,0.0528,0.0528,0.0528,0.0527,0.0526,0.0526,0.0526,0.0526,0.0526,0.0526,0.0526,0.0525,0.0525,0.0525,0.0524,0.0524,0.0524,0.0523,0.0523,0.0522,0.0522,0.0522,0.0521,0.0521,0.0521,0.0520,0.0520,0.0520,0.0519,0.0519,0.0519,0.0518,0.0518,0.0517,0.0517,0.0517,0.0517,0.0517,0.0516,0.0516,0.0515,0.0515,0.0515,0.0515,0.0514,0.0514,0.0513,0.0512,0.0511,0.0511,0.0511,0.0511,0.0510,0.0509,0.0509,0.0509,0.0508,0.0508,0.0507,0.0507,0.0506,0.0506,0.0506,0.0506,0.0505,0.0505,0.0505,0.0504,0.0504,0.0504,0.0503,0.0503,0.0503,0.0503,0.0501,0.0501,0.0501,0.0501,0.0500,0.0499,0.0498,0.0498,0.0498,0.0498,0.0498,0.0497,0.0497,0.0497,0.0496,0.0495,0.0495,0.0495,0.0494,0.0494,0.0493,0.0492,0.0491,0.0491,0.0491,0.0491,0.0490,0.0490,0.0490,0.0490,0.0490,0.0490,0.0488,0.0488,0.0487,0.0487,0.0487,0.0487,0.0487,0.0486,0.0485,0.0485,0.0484,0.0484,0.0483,0.0482,0.0482,0.0481,0.0481,0.0481,0.0481,0.0479,0.0479,0.0479,0.0479,0.0478,0.0478,0.0478,0.0478,0.0478,0.0478,0.0478,0.0478,0.0478,0.0478,0.0478,0.0477,0.0477,0.0477,0.0477,0.0476,0.0476,0.0475,0.0473,0.0472,0.0467,0.0467,0.0467,0.0466,0.0465,0.0465,0.0465,0.0465,0.0464,0.0463,0.0463,0.0463,0.0462,0.0462,0.0461,0.0461,0.0461,0.0461,0.0460,0.0460,0.0459,0.0459,0.0458,0.0457,0.0457,0.0456,0.0456,0.0456,0.0455,0.0455,0.0454,0.0454,0.0453,0.0453,0.0452,0.0452,0.0451,0.0450,0.0449,0.0448,0.0448,0.0448,0.0447,0.0447,0.0446,0.0445,0.0444,0.0444,0.0443,0.0443,0.0443,0.0443,0.0442,0.0441,0.0441,0.0441,0.0440,0.0439,0.0438,0.0437,0.0436,0.0436,0.0436,0.0436,0.0435,0.0435,0.0435,0.0433,0.0433,0.0433,0.0432,0.0431,0.0428,0.0427,0.0426,0.0425,0.0424,0.0423,0.0423,0.0421,0.0421,0.0421,0.0420,0.0418,0.0417,0.0416,0.0416,0.0415,0.0415,0.0414,0.0414,0.0413,0.0413,0.0413,0.0412,0.0410,0.0409,0.0409,0.0409,0.0408,0.0408,0.0407,0.0407,0.0405,0.0405,0.0404,0.0403,0.0402,0.0402,0.0402,0.0401,0.0401,0.0401,0.0400,0.0399,0.0399,0.0399,0.0399,0.0398,0.0397,0.0396,0.0394,0.0393,0.0393,0.0393,0.0393,0.0391,0.0391,0.0391,0.0391,0.0391,0.0391,0.0390,0.0389,0.0389,0.0387,0.0386,0.0386,0.0386,0.0385,0.0385,0.0384,0.0383,0.0383,0.0383,0.0382,0.0382,0.0382,0.0381,0.0381,0.0379,0.0379,0.0376,0.0373,0.0371,0.0371,0.0371,0.0371,0.0371,0.0371,0.0370,0.0370,0.0368,0.0368,0.0367,0.0366,0.0365,0.0363,0.0362,0.0362,0.0361,0.0358,0.0358,0.0358,0.0357,0.0357,0.0356,0.0355,0.0354,0.0354,0.0354,0.0350,0.0349,0.0343,0.0342,0.0342,0.0339,0.0335,0.0334,0.0333,0.0332,0.0331,0.0329,0.0328,0.0328,0.0327,0.0327,0.0324,0.0323,0.0319,0.0316,0.0315,0.0312,0.0311,0.0310,0.0309,0.0308,0.0308,0.0308,0.0306,0.0306,0.0306,0.0306,0.0306,0.0305,0.0304,0.0304,0.0303,0.0302,0.0302,0.0301,0.0295,0.0294,0.0294,0.0294,0.0292,0.0288,0.0287,0.0287,0.0287,0.0287,0.0287,0.0287,0.0281,0.0280,0.0276,0.0275,0.0271,0.0270,0.0268,0.0265,0.0264,0.0251,0.0245,0.0245,0.0245,0.0245,0.0241,0.0232,0.0038
Max Drawdown ($),,,,statistic,Max Drawdown ($) for each solution,$0.44,$0.41,$0.43,$0.42,$0.42,$0.41,$0.45,$0.37,$0.45,$0.40,$0.34,$0.45,$0.43,$0.45,$0.64,$0.71,$0.38,$0.40,$0.40,$0.37,$0.59,$0.46,$0.35,$0.35,$0.35,$0.35,$0.47,$0.46,$0.57,$0.43,$0.55,$0.58,$0.35,$0.38,$0.37,$0.65,$0.65,$0.46,$0.38,$0.59,$0.43,$0.36,$0.38,$0.67,$0.61,$0.37,$0.43,$0.68,$0.36,$0.70,$0.50,$0.39,$0.62,$0.68,$0.68,$0.38,$0.53,$0.40,$0.66,$0.51,$0.66,$0.43,$0.71,$0.44,$0.68,$0.43,$0.43,$0.34,$0.41,$0.63,$0.44,$0.36,$0.44,$0.62,$0.55,$0.69,$0.49,$0.32,$0.67,$0.50,$0.41,$0.39,$0.40,$0.54,$0.60,$0.41,$0.56,$0.44,$0.46,$0.49,$0.37,$0.65,$0.58,$0.45,$0.64,$0.64,$0.49,$0.60,$0.80,$0.47,$0.67,$0.57,$0.63,$0.45,$0.69,$0.60,$0.41,$0.67,$0.57,$0.55,$0.40,$0.59,$0.51,$0.51,$0.41,$0.44,$0.69,$0.52,$0.51,$0.66,$0.48,$0.43,$0.45,$0.66,$0.39,$0.68,$0.59,$0.63,$0.51,$0.50,$0.63,$0.58,$0.62,$0.37,$0.57,$0.46,$0.50,$0.40,$0.43,$0.62,$0.47,$0.38,$0.54,$0.65,$0.69,$0.69,$0.69,$0.64,$0.59,$0.42,$0.42,$0.72,$0.36,$0.42,$0.58,$0.61,$0.49,$0.58,$0.63,$0.36,$0.71,$0.67,$0.60,$0.64,$0.41,$0.47,$0.42,$0.38,$0.38,$0.40,$0.64,$0.41,$0.67,$0.45,$0.64,$0.64,$0.58,$0.57,$0.49,$0.42,$0.64,$0.49,$0.45,$0.43,$0.63,$0.62,$0.48,$0.53,$0.51,$0.58,$0.40,$0.40,$0.49,$0.40,$0.40,$0.45,$0.45,$0.52,$0.74,$0.58,$0.37,$0.46,$0.41,$0.70,$0.39,$0.54,$0.52,$0.48,$0.52,$0.37,$0.63,$0.43,$0.47,$0.37,$0.64,$0.75,$0.50,$0.51,$0.58,$0.41,$0.56,$0.38,$0.48,$0.68,$0.68,$0.68,$0.47,$0.70,$0.63,$0.67,$0.77,$0.54,$0.65,$0.59,$0.44,$0.51,$0.74,$0.45,$0.36,$0.44,$0.78,$0.71,$0.69,$0.56,$0.74,$0.72,$0.58,$0.39,$0.53,$0.74,$0.47,$0.71,$0.67,$0.66,$0.62,$0.58,$0.65,$0.57,$0.66,$0.64,$0.74,$0.38,$0.38,$0.60,$0.42,$0.74,$0.43,$0.70,$0.63,$0.74,$0.59,$0.64,$0.40,$0.82,$0.67,$0.73,$0.38,$0.71,$0.79,$0.45,$0.65,$0.53,$0.57,$0.69,$0.73,$0.57,$0.53,$0.73,$0.66,$0.72,$0.69,$0.59,$0.48,$0.37,$0.58,$0.62,$0.68,$0.44,$0.70,$0.61,$0.62,$0.45,$0.47,$0.48,$0.45,$0.45,$0.67,$0.54,$0.57,$0.51,$0.57,$0.57,$0.66,$0.72,$0.61,$0.50,$0.60,$0.58,$0.80,$0.71,$0.73,$0.72,$0.46,$0.40,$0.44,$0.54,$0.70,$0.81,$0.76,$0.73,$0.54,$0.46,$0.54,$0.60,$0.79,$0.69,$0.61,$0.52,$0.51,$0.63,$0.47,$0.45,$0.56,$0.53,$0.40,$0.59,$0.72,$0.46,$0.53,$0.64,$0.63,$0.51,$0.42,$0.73,$0.38,$0.62,$0.46,$0.44,$0.80,$0.64,$0.78,$0.71,$0.66,$0.52,$0.43,$0.53,$0.73,$0.64,$0.55,$0.62,$0.64,$0.44,$0.80,$0.57,$0.74,$0.55,$0.68,$0.45,$0.45,$0.45,$0.54,$0.53,$0.40,$0.46,$0.43,$0.51,$0.52,$0.51,$0.59,$0.55,$0.66,$0.63,$0.48,$0.65,$0.79,$0.53,$0.73,$0.53,$0.61,$0.50,$0.41,$0.62,$0.73,$0.61,$0.64,$0.46,$0.47,$0.39,$0.77,$0.51,$0.39,$0.70,$0.70,$0.59,$0.66,$0.60,$0.50,$0.66,$0.62,$0.73,$0.45,$0.54,$0.79,$0.79,$0.68,$0.48,$0.55,$0.51,$0.63,$0.53,$0.56,$0.68,$0.47,$0.58,$0.59,$0.45,$0.62,$0.76,$0.54,$0.51,$0.54,$0.76,$0.54,$0.61,$0.50,$0.67,$0.65,$0.62,$0.71,$0.67,$0.69,$0.69,$0.50,$0.76,$0.56,$0.43,$0.57,$0.45,$0.61,$0.68,$0.40,$0.46,$0.53,$0.54,$0.56,$0.76,$0.54,$0.76,$0.59,$0.50,$0.54,$0.55,$0.55,$0.42,$0.67,$0.69,$0.83,$0.56,$0.46,$0.61,$0.55,$0.68,$0.51,$0.79,$0.65,$0.59,$0.77,$0.54,$0.80,$0.67,$0.67,$0.44,$0.45,$0.62,$0.68,$0.51,$0.76,$0.70,$0.49,$0.56,$0.50,$0.54,$0.72,$0.72,$0.72,$0.72,$0.66,$0.47,$0.69,$0.46,$0.51,$0.59,$0.57,$0.82,$0.56,$0.69,$0.55,$0.51,$0.58,$0.60,$0.51,$0.47,$0.46,$0.60,$0.56,$0.47,$0.66,$0.55,$0.68,$0.68,$0.52,$0.61,$0.75,$0.75,$0.75,$0.45,$0.55,$0.68,$0.72,$0.64,$0.53,$0.54,$0.76,$0.67,$0.71,$0.70,$0.55,$0.57,$0.76,$0.69,$0.48,$0.57,$0.71,$0.69,$0.72,$0.58,$0.57,$0.60,$0.69,$0.66,$0.66,$0.50,$0.71,$0.65,$0.55,$0.62,$0.64,$0.55,$0.64,$0.56,$0.59,$0.54,$0.50,$0.45,$0.49,$0.77,$0.53,$0.71,$0.53,$0.60,$0.53,$0.56,$0.53,$0.52,$0.53,$0.48,$0.64,$0.60,$0.51,$0.54,$0.40,$0.68,$0.57,$0.64,$0.39,$0.67,$0.63,$0.85,$0.73,$0.62,$0.46,$0.61,$0.59,$0.74,$0.72,$0.54,$0.71,$0.69,$0.49,$0.70,$0.41,$0.79,$0.44,$0.58,$0.44,$0.45,$0.40,$0.66,$0.82,$0.59,$0.49,$0.55,$0.65,$0.69,$0.60,$0.67,$0.72,$0.69,$0.58,$0.56,$0.58,$0.55,$0.57,$0.44,$0.76,$0.78,$0.66,$0.62,$0.57,$0.66,$0.59,$0.49,$0.46,$0.46,$0.77,$0.55,$0.57,$0.66,$0.66,$0.81,$0.62,$0.76,$0.43,$0.76,$0.55,$0.51,$0.71,$0.55,$0.69,$0.70,$0.57,$0.57,$0.69,$0.42,$0.41,$0.55,$0.61,$0.60,$0.46,$0.74,$0.56,$0.45,$0.51,$0.45,$0.53,$0.61,$0.55,$0.48,$0.57,$0.54,$0.65,$0.54,$0.54,$0.58,$0.57,$0.54,$0.53,$0.54,$0.68,$0.67,$0.47,$0.80,$0.56,$0.62,$0.53,$0.45,$0.53,$0.80,$0.42,$0.61,$0.53,$0.52,$0.55,$0.55,$0.41,$0.59,$0.76,$0.60,$0.53,$0.65,$0.54,$0.73,$0.55,$0.44,$0.57,$0.56,$0.54,$0.64,$0.66,$0.60,$0.59,$0.69,$0.68,$0.58,$0.54,$0.61,$0.56,$0.66,$0.65,$0.52,$0.52,$0.57,$0.56,$0.68,$0.61,$0.69,$0.49,$0.64,$0.67,$0.64,$0.55,$0.54,$0.55,$0.61,$0.61,$0.48,$0.48,$0.48,$0.48,$0.48,$0.54,$0.57,$0.46,$0.55,$0.55,$0.53,$0.55,$0.62,$0.43,$0.56,$0.51,$0.51,$0.51,$0.51,$0.51,$0.50,$0.48,$0.48
Profit Factor,,,,statistic,Profit Factor for each solution,0.2142,0.2138,0.2139,0.2138,0.2135,0.2134,0.2131,0.1585,0.2131,0.2129,0.1588,0.2130,0.2130,0.2129,0.1714,0.1798,0.1583,0.2127,0.2127,0.1548,0.2129,0.2127,0.1612,0.1619,0.1619,0.1599,0.2128,0.2127,0.2126,0.2126,0.2112,0.1832,0.1662,0.1634,0.1578,0.1864,0.1864,0.2125,0.1625,0.1702,0.2123,0.1577,0.1646,0.1835,0.1717,0.1668,0.2122,0.1878,0.1687,0.1821,0.1783,0.1711,0.1686,0.1820,0.1820,0.1611,0.2122,0.2118,0.1773,0.2120,0.1689,0.1718,0.1716,0.1631,0.1817,0.2117,0.2117,0.1571,0.2116,0.1718,0.1630,0.1549,0.1657,0.1706,0.1770,0.1789,0.2117,0.1577,0.2117,0.2116,0.1609,0.1692,0.1554,0.2100,0.2115,0.1340,0.2103,0.2115,0.2115,0.1711,0.1640,0.1719,0.2114,0.1598,0.2114,0.2114,0.1572,0.2114,0.1707,0.2114,0.1724,0.1686,0.1712,0.1589,0.1701,0.1685,0.1689,0.1709,0.1689,0.2112,0.1610,0.1690,0.1499,0.1499,0.1587,0.1504,0.1710,0.1499,0.2110,0.2110,0.1606,0.1699,0.1645,0.1775,0.1602,0.2111,0.2107,0.2109,0.1632,0.1627,0.2093,0.1687,0.2108,0.1491,0.1653,0.1650,0.1660,0.1666,0.1584,0.2106,0.1579,0.1444,0.1604,0.2108,0.1707,0.1707,0.1707,0.1696,0.2109,0.1334,0.1334,0.1706,0.1667,0.1424,0.2106,0.1681,0.1669,0.1900,0.1705,0.1545,0.1712,0.2107,0.1686,0.1695,0.1650,0.1599,0.1431,0.2003,0.2003,0.1544,0.2077,0.1336,0.2106,0.1683,0.1701,0.1701,0.2103,0.2103,0.1552,0.1550,0.1682,0.1647,0.1424,0.1447,0.1974,0.1780,0.1545,0.1410,0.1700,0.2100,0.1346,0.1444,0.2100,0.1460,0.1156,0.1440,0.1401,0.1555,0.1700,0.2077,0.1968,0.1609,0.1406,0.1743,0.1401,0.2099,0.1610,0.1401,0.1510,0.1156,0.2039,0.1236,0.1402,0.1967,0.1749,0.2097,0.1505,0.1657,0.2093,0.1176,0.2079,0.1126,0.1380,0.1703,0.1703,0.1703,0.1451,0.1691,0.2048,0.1722,0.1730,0.1868,0.2097,0.1571,0.1526,0.1505,0.2099,0.1214,0.2073,0.1327,0.1722,0.1807,0.1907,0.1933,0.1684,0.1751,0.2095,0.1646,0.1548,0.1692,0.1683,0.1718,0.1712,0.1673,0.1977,0.1581,0.1770,0.1599,0.1554,0.1858,0.2097,0.1159,0.1159,0.2091,0.1457,0.1711,0.1304,0.1762,0.1585,0.1526,0.1672,0.2064,0.1395,0.2096,0.1748,0.1769,0.1089,0.1676,0.2088,0.1466,0.1928,0.1460,0.1632,0.1692,0.2096,0.1627,0.1580,0.1760,0.1698,0.1751,0.2094,0.1612,0.1325,0.1962,0.2093,0.2089,0.1755,0.1311,0.1695,0.2064,0.1554,0.1458,0.1533,0.1534,0.1399,0.1399,0.2077,0.1442,0.1842,0.1327,0.1576,0.2092,0.2093,0.1486,0.1935,0.1545,0.1627,0.1664,0.1768,0.2062,0.1691,0.1735,0.1342,0.1345,0.1322,0.2088,0.2048,0.2094,0.1783,0.2093,0.2092,0.1237,0.1554,0.2086,0.2059,0.2092,0.1802,0.1338,0.1338,0.1831,0.1530,0.1331,0.1462,0.1627,0.1243,0.1415,0.2092,0.1680,0.2086,0.1718,0.1857,0.1348,0.1267,0.2092,0.1083,0.1592,0.1146,0.1232,0.1801,0.1744,0.1907,0.1945,0.1871,0.1328,0.1474,0.1455,0.2050,0.2089,0.1537,0.1688,0.1800,0.1280,0.2089,0.1678,0.2044,0.1230,0.2089,0.1194,0.1194,0.1194,0.1522,0.1416,0.1195,0.1497,0.1196,0.1508,0.1469,0.1301,0.1848,0.1606,0.1942,0.1970,0.1144,0.1905,0.2089,0.1352,0.2053,0.1249,0.1658,0.1431,0.1248,0.1683,0.1975,0.2083,0.2084,0.1431,0.1196,0.1630,0.2067,0.1584,0.1640,0.2090,0.2090,0.1862,0.2042,0.1657,0.1491,0.1778,0.1620,0.1816,0.1490,0.1445,0.1763,0.1763,0.2057,0.1123,0.1342,0.1309,0.1859,0.1538,0.1525,0.1510,0.1421,0.1856,0.1403,0.1135,0.1840,0.1805,0.1211,0.1519,0.1158,0.1805,0.1467,0.1875,0.1180,0.2085,0.1972,0.1750,0.1769,0.1383,0.1794,0.1498,0.1555,0.1826,0.1251,0.1271,0.1865,0.1473,0.1314,0.1961,0.1111,0.1184,0.1348,0.1595,0.1528,0.1774,0.1190,0.1773,0.1371,0.1261,0.1401,0.2084,0.1189,0.1097,0.2046,0.1754,0.1584,0.1226,0.1199,0.1627,0.1411,0.2084,0.1175,0.1584,0.2084,0.1697,0.1552,0.1473,0.1549,0.1836,0.1751,0.1469,0.1914,0.1302,0.1417,0.1145,0.1430,0.1889,0.1314,0.1412,0.1521,0.1824,0.2131,0.2131,0.2131,0.2131,0.1234,0.1418,0.1234,0.1276,0.1508,0.2082,0.1870,0.1541,0.1137,0.2128,0.1343,0.1231,0.2073,0.1906,0.1408,0.1340,0.1093,0.1245,0.1504,0.1293,0.2126,0.1382,0.2127,0.2127,0.1351,0.1799,0.2127,0.2127,0.2127,0.1111,0.1415,0.2124,0.2124,0.1147,0.1367,0.1192,0.1776,0.2123,0.2123,0.1947,0.1459,0.1379,0.1387,0.2072,0.1243,0.1280,0.2122,0.2122,0.2122,0.1202,0.1072,0.1219,0.1793,0.1254,0.1523,0.1316,0.1297,0.1576,0.1242,0.2080,0.2120,0.2072,0.1164,0.1142,0.1229,0.1239,0.1275,0.1070,0.1071,0.1387,0.1267,0.1406,0.1269,0.1617,0.1090,0.1272,0.1495,0.1117,0.1296,0.1069,0.1388,0.1472,0.1074,0.1086,0.1067,0.1898,0.1117,0.1275,0.1067,0.1637,0.1542,0.1286,0.1387,0.1509,0.1068,0.1388,0.1166,0.1136,0.1357,0.1246,0.1136,0.1485,0.1067,0.1939,0.1066,0.1310,0.1065,0.1143,0.1066,0.1066,0.1065,0.1578,0.1175,0.2066,0.1071,0.1065,0.1453,0.1126,0.1115,0.1381,0.1260,0.1581,0.1506,0.1129,0.1105,0.2064,0.1452,0.1064,0.1161,0.1150,0.1498,0.1433,0.1433,0.1341,0.2064,0.1063,0.1063,0.1062,0.1170,0.1499,0.1980,0.1967,0.2027,0.1208,0.1523,0.1243,0.1062,0.1163,0.1132,0.2062,0.1097,0.1141,0.1216,0.1167,0.2070,0.2070,0.2070,0.1060,0.1061,0.2061,0.1062,0.1390,0.1061,0.1227,0.1061,0.1060,0.1078,0.1060,0.1060,0.1307,0.2059,0.1060,0.2067,0.1063,0.2059,0.1060,0.1100,0.1618,0.1099,0.1372,0.1059,0.1274,0.2014,0.1547,0.1058,0.1103,0.1058,0.1270,0.2057,0.1057,0.2058,0.1122,0.1057,0.1429,0.1056,0.2056,0.2062,0.2062,0.1449,0.1094,0.1055,0.1391,0.1137,0.1051,0.1053,0.1054,0.1166,0.1512,0.1055,0.1504,0.1368,0.1702,0.1107,0.1318,0.1310,0.1705,0.1728,0.1155,0.1051,0.1052,0.1398,0.1052,0.1084,0.1180,0.1270,0.2056,0.1341,0.1675,0.1100,0.2057,0.2046,0.1095,0.1062,0.1094,0.1050,0.1049,0.1673,0.1668,0.1672,0.2071,0.2071,0.2071,0.2071,0.2071,0.1667,0.1651,0.2043,0.1532,0.1648,0.2044,0.1045,0.1693,0.1517,0.1674,0.2040,0.1994,0.1994,0.1994,0.1994,0.2027,0.1973,0.1225
Avg Trades/Day,,,,statistic,Avg Trades/Day for each solution,0.792,0.713,0.794,0.753,0.755,0.777,0.799,0.717,0.810,0.753,0.717,0.811,0.798,0.802,0.672,0.684,0.734,0.763,0.763,0.707,0.811,0.814,0.725,0.691,0.691,0.713,0.833,0.836,0.823,0.816,0.861,0.673,0.705,0.707,0.741,0.678,0.678,0.847,0.707,0.719,0.824,0.740,0.727,0.682,0.683,0.681,0.826,0.675,0.717,0.699,0.716,0.699,0.687,0.702,0.702,0.729,0.864,0.755,0.688,0.854,0.703,0.702,0.667,0.731,0.701,0.785,0.785,0.750,0.764,0.717,0.734,0.739,0.748,0.746,0.741,0.760,0.852,0.738,0.881,0.857,0.764,0.732,0.751,0.886,0.869,0.668,0.870,0.832,0.841,0.707,0.728,0.749,0.868,0.814,0.871,0.871,0.813,0.873,0.758,0.859,0.752,0.745,0.749,0.803,0.772,0.746,0.747,0.816,0.746,0.866,0.754,0.760,0.752,0.752,0.765,0.752,0.821,0.759,0.871,0.879,0.839,0.746,0.788,0.829,0.747,0.903,0.918,0.875,0.830,0.816,0.890,0.804,0.885,0.755,0.755,0.788,0.816,0.744,0.768,0.885,0.838,0.758,0.850,0.888,0.824,0.824,0.824,0.800,0.878,0.734,0.734,0.836,0.742,0.756,0.871,0.806,0.801,0.906,0.824,0.762,0.813,0.891,0.830,0.864,0.773,0.849,0.771,0.732,0.732,0.768,0.891,0.763,0.952,0.802,0.850,0.850,0.876,0.882,0.845,0.783,0.832,0.834,0.803,0.771,0.897,0.867,0.839,0.829,0.845,0.882,0.756,0.761,0.861,0.767,0.675,0.813,0.811,0.856,0.868,0.892,0.711,0.826,0.762,0.872,0.766,0.871,0.864,0.816,0.853,0.704,0.939,0.738,0.816,0.738,0.925,0.982,0.852,0.857,0.915,0.728,0.891,0.673,0.819,0.912,0.912,0.912,0.840,0.932,0.953,0.965,0.873,0.916,0.922,0.887,0.809,0.862,0.975,0.754,0.724,0.786,0.891,0.931,0.925,0.914,0.890,0.920,0.887,0.783,0.856,0.893,0.848,0.925,0.873,0.878,0.959,0.873,0.909,0.936,0.911,0.933,0.980,0.757,0.757,0.932,0.784,0.874,0.778,1.000,0.910,0.873,0.894,0.937,0.771,0.996,0.977,0.901,0.667,0.942,0.993,0.817,0.958,0.862,0.877,0.880,0.966,0.865,0.865,0.964,0.934,0.916,0.958,0.869,0.839,0.728,0.896,0.933,0.919,0.798,0.897,0.945,0.892,0.817,0.857,0.866,0.811,0.811,0.931,0.857,0.934,0.869,0.867,0.892,0.945,0.871,0.922,0.863,0.887,0.890,0.911,0.963,0.940,0.951,0.815,0.770,0.780,0.891,0.972,0.985,0.958,0.967,0.882,0.820,0.875,0.934,0.995,0.965,0.910,0.849,0.843,0.960,0.869,0.780,0.872,0.868,0.758,0.877,0.976,0.842,0.878,0.959,0.928,0.854,0.785,0.978,0.738,0.948,0.769,0.790,0.987,0.928,1.000,0.979,0.953,0.869,0.803,0.866,0.984,0.950,0.876,0.952,0.925,0.810,0.992,0.901,0.991,0.839,0.965,0.792,0.792,0.792,0.896,0.875,0.783,0.863,0.780,0.876,0.876,0.858,0.930,0.893,0.974,0.965,0.811,0.923,0.989,0.862,0.988,0.853,0.912,0.874,0.776,0.911,0.984,0.938,0.960,0.853,0.839,0.801,0.991,0.874,0.847,1.000,1.000,0.924,0.959,0.910,0.877,0.956,0.909,0.954,0.830,0.888,0.959,0.959,0.969,0.814,0.867,0.865,0.974,0.895,0.904,0.939,0.859,0.962,0.889,0.793,0.942,0.963,0.849,0.882,0.831,0.957,0.890,0.943,0.844,0.951,0.966,0.955,0.959,0.916,0.962,0.969,0.886,1.000,0.879,0.818,0.957,0.897,0.882,0.968,0.791,0.831,0.877,0.869,0.904,0.974,0.870,0.978,0.886,0.850,0.879,0.895,0.872,0.788,0.964,0.962,1.000,0.885,0.816,0.938,0.899,0.981,0.851,0.989,0.969,0.930,0.980,0.891,0.984,0.964,0.977,0.852,0.833,0.903,0.963,0.861,0.964,0.972,0.880,0.905,0.890,0.877,0.669,0.669,0.669,0.669,0.916,0.870,0.921,0.819,0.886,0.981,0.928,0.998,0.871,0.680,0.881,0.892,0.917,0.957,0.906,0.866,0.814,0.883,0.905,0.874,0.674,0.899,0.667,0.667,0.892,0.946,0.682,0.682,0.682,0.814,0.912,0.684,0.695,0.894,0.881,0.874,0.986,0.674,0.688,0.969,0.902,0.914,0.974,0.996,0.877,0.897,0.690,0.702,0.702,0.893,0.845,0.893,0.983,0.959,0.968,0.882,0.959,0.968,0.894,0.964,0.673,0.969,0.941,0.888,0.894,0.883,0.886,0.834,0.852,0.991,0.886,0.970,0.889,0.947,0.870,0.909,0.906,0.882,0.901,0.839,0.965,0.945,0.846,0.875,0.818,0.982,0.893,0.937,0.796,0.984,0.961,1.000,0.972,0.954,0.881,0.954,0.895,0.987,0.970,0.904,0.960,0.987,0.883,1.000,0.831,1.000,0.842,0.906,0.855,0.862,0.834,0.985,1.000,0.980,0.877,0.897,0.970,0.964,0.908,0.979,0.972,0.989,0.956,0.917,0.895,0.954,0.924,0.852,0.978,0.983,1.000,0.946,0.984,0.983,0.991,0.908,0.876,0.864,0.979,0.995,0.899,0.990,0.992,1.000,0.979,0.983,0.846,0.975,0.907,0.934,0.976,0.914,1.000,0.967,0.977,0.977,1.000,0.839,0.854,0.968,0.912,1.000,0.875,0.986,0.910,0.885,0.902,0.870,0.910,0.942,1.000,0.887,0.987,0.909,1.000,0.916,0.905,1.000,0.917,0.987,0.917,0.914,0.996,1.000,0.892,0.991,0.928,0.954,0.934,0.864,1.000,0.989,0.860,1.000,0.916,1.000,0.896,0.896,0.859,0.952,0.991,1.000,0.908,0.969,0.920,0.977,0.916,0.874,0.980,0.951,0.995,1.000,1.000,1.000,1.000,1.000,1.000,1.000,0.973,0.988,1.000,1.000,0.970,0.984,1.000,0.987,0.996,0.991,0.948,0.999,0.868,0.997,0.990,1.000,1.000,0.964,0.971,1.000,1.000,0.876,0.876,0.876,0.876,0.876,0.966,1.000,0.860,0.972,0.979,1.000,1.000,1.000,0.874,1.000,0.934,0.909,0.909,0.909,0.909,0.997,0.899,0.902
Total Profit (norm),,,,statistic,Total Profit (norm) for each solution,0.1824,0.1656,0.1786,0.1704,0.1699,0.1704,0.1699,0.2166,0.1707,0.1603,0.2152,0.1701,0.1677,0.1680,0.1867,0.1797,0.2178,0.1595,0.1595,0.2146,0.1692,0.1668,0.2082,0.1978,0.1978,0.2059,0.1688,0.1689,0.1669,0.1648,0.1745,0.1600,0.1920,0.1956,0.2102,0.1629,0.1629,0.1670,0.1954,0.1804,0.1626,0.2084,0.1974,0.1649,0.1700,0.1813,0.1617,0.1585,0.1869,0.1692,0.1749,0.1781,0.1797,0.1680,0.1680,0.1977,0.1639,0.1484,0.1688,0.1609,0.1796,0.1740,0.1664,0.1910,0.1644,0.1492,0.1492,0.2019,0.1462,0.1663,0.1896,0.2017,0.1880,0.1814,0.1728,0.1751,0.1561,0.1952,0.1622,0.1562,0.1945,0.1775,0.1998,0.1621,0.1576,0.2104,0.1597,0.1516,0.1524,0.1681,0.1807,0.1746,0.1565,0.2046,0.1568,0.1568,0.2067,0.1564,0.1770,0.1535,0.1734,0.1766,0.1742,0.2008,0.1796,0.1760,0.1757,0.1805,0.1749,0.1526,0.1847,0.1762,0.1935,0.1935,0.1887,0.1985,0.1837,0.1935,0.1503,0.1524,0.1996,0.1708,0.1848,0.1762,0.1819,0.1563,0.1505,0.1510,0.1935,0.1907,0.1555,0.1804,0.1508,0.1956,0.1747,0.1815,0.1857,0.1701,0.1839,0.1498,0.1994,0.2009,0.1964,0.1489,0.1782,0.1782,0.1782,0.1753,0.1488,0.2114,0.2114,0.1796,0.1678,0.2016,0.1458,0.1768,0.1773,0.1615,0.1684,0.1853,0.1747,0.1481,0.1805,0.1829,0.1722,0.1928,0.2000,0.1295,0.1295,0.1842,0.1490,0.2132,0.1524,0.1715,0.1763,0.1763,0.1397,0.1430,0.1929,0.1818,0.1761,0.1800,0.2038,0.1927,0.1495,0.1690,0.1919,0.2095,0.1731,0.1387,0.2029,0.1899,0.1376,0.1865,0.2152,0.1988,0.2044,0.1895,0.1726,0.1415,0.1211,0.1759,0.1904,0.1653,0.1913,0.1340,0.1811,0.2014,0.1919,0.2186,0.1387,0.2108,0.2001,0.1236,0.1671,0.1411,0.1900,0.1726,0.1296,0.2201,0.1332,0.2139,0.2028,0.1673,0.1673,0.1673,0.1952,0.1752,0.1363,0.1706,0.1651,0.1467,0.1376,0.1841,0.1772,0.1885,0.1434,0.2146,0.1123,0.2007,0.1658,0.1593,0.1492,0.1409,0.1702,0.1604,0.1324,0.1585,0.1814,0.1706,0.1640,0.1676,0.1637,0.1707,0.1429,0.1777,0.1539,0.1856,0.1880,0.1500,0.1423,0.2220,0.2220,0.1299,0.1772,0.1624,0.1986,0.1677,0.1828,0.1824,0.1689,0.1320,0.1829,0.1427,0.1612,0.1611,0.2110,0.1701,0.1436,0.1810,0.1429,0.1891,0.1695,0.1631,0.1392,0.1688,0.1741,0.1615,0.1643,0.1597,0.1378,0.1702,0.2048,0.1155,0.1294,0.1263,0.1628,0.1981,0.1651,0.1303,0.1790,0.1797,0.1764,0.1770,0.1864,0.1864,0.1351,0.1887,0.1437,0.2087,0.1726,0.1281,0.1334,0.1827,0.1379,0.1760,0.1688,0.1650,0.1574,0.1388,0.1688,0.1606,0.1935,0.1840,0.1897,0.1200,0.1401,0.1369,0.1552,0.1347,0.1245,0.2114,0.1738,0.1232,0.1408,0.1336,0.1513,0.1981,0.1974,0.1452,0.1745,0.1855,0.1838,0.1635,0.1951,0.1898,0.1346,0.1526,0.1162,0.1567,0.1387,0.1953,0.1945,0.1344,0.2191,0.1759,0.2135,0.2010,0.1529,0.1523,0.1440,0.1452,0.1473,0.1990,0.1626,0.1802,0.1362,0.1292,0.1672,0.1643,0.1454,0.1956,0.1316,0.1566,0.1364,0.2089,0.1304,0.2047,0.2047,0.2047,0.1734,0.1852,0.2032,0.1711,0.2010,0.1724,0.1772,0.1988,0.1405,0.1623,0.1327,0.1293,0.2171,0.1391,0.1308,0.1891,0.1344,0.2053,0.1587,0.1794,0.1895,0.1551,0.1194,0.1186,0.1209,0.1758,0.2106,0.1427,0.1328,0.1603,0.1485,0.1364,0.1364,0.1316,0.1293,0.1566,0.1698,0.1496,0.1588,0.1467,0.1632,0.1773,0.1508,0.1508,0.1213,0.2167,0.1876,0.1930,0.1360,0.1648,0.1695,0.1748,0.1747,0.1340,0.1810,0.2073,0.1374,0.1465,0.2050,0.1660,0.2107,0.1454,0.1718,0.1300,0.2086,0.1223,0.1133,0.1385,0.1482,0.1860,0.1395,0.1774,0.1540,0.1418,0.1999,0.1847,0.1297,0.1695,0.1886,0.1130,0.2078,0.2011,0.1818,0.1510,0.1628,0.1476,0.2070,0.1455,0.1789,0.1913,0.1750,0.1075,0.2067,0.2080,0.1160,0.1469,0.1676,0.2017,0.1928,0.1546,0.1748,0.1236,0.2039,0.1646,0.1216,0.1457,0.1674,0.1643,0.1669,0.1363,0.1391,0.1475,0.1069,0.1892,0.1797,0.2085,0.1784,0.1326,0.1822,0.1722,0.1584,0.1269,0.1744,0.1744,0.1744,0.1744,0.2022,0.1663,0.2032,0.1768,0.1587,0.1147,0.1290,0.1679,0.2106,0.1735,0.1762,0.1967,0.1003,0.1165,0.1695,0.1714,0.2034,0.1880,0.1483,0.1786,0.1686,0.1687,0.1683,0.1683,0.1726,0.1322,0.1713,0.1713,0.1713,0.1963,0.1665,0.1689,0.1708,0.2050,0.1670,0.1930,0.1360,0.1663,0.1679,0.1227,0.1578,0.1633,0.1755,0.1091,0.1813,0.1801,0.1670,0.1692,0.1691,0.1904,0.2062,0.1864,0.1215,0.1913,0.1476,0.1697,0.1838,0.1400,0.1812,0.1132,0.1609,0.0929,0.2012,0.1973,0.1817,0.1790,0.1735,0.1997,0.2030,0.1720,0.1735,0.1662,0.1731,0.1338,0.2005,0.1751,0.1471,0.1967,0.1708,0.1973,0.1663,0.1448,0.1966,0.1997,0.1905,0.1173,0.1944,0.1741,0.1845,0.1338,0.1360,0.1799,0.1623,0.1474,0.1985,0.1583,0.1825,0.2009,0.1637,0.1700,0.1974,0.1402,0.1963,0.1091,0.1867,0.1735,0.1885,0.1844,0.1893,0.1904,0.1851,0.1299,0.1922,0.0860,0.1906,0.1951,0.1479,0.1934,0.1876,0.1554,0.1717,0.1297,0.1360,0.1831,0.1854,0.0824,0.1325,0.1835,0.1871,0.1890,0.1409,0.1461,0.1433,0.1582,0.0837,0.1911,0.1859,0.1834,0.1816,0.1376,0.0942,0.0960,0.0874,0.1805,0.1327,0.1699,0.1787,0.1795,0.1762,0.0777,0.1909,0.1734,0.1655,0.1774,0.0988,0.0988,0.1013,0.1739,0.1771,0.0793,0.1854,0.1459,0.1793,0.1671,0.1822,0.1780,0.1767,0.1757,0.1807,0.1485,0.0811,0.1773,0.0962,0.1794,0.0803,0.1794,0.1705,0.1227,0.1721,0.1405,0.1779,0.1455,0.0831,0.1251,0.1727,0.1776,0.1761,0.1405,0.0711,0.1665,0.0766,0.1718,0.1653,0.1318,0.1707,0.0742,0.0792,0.0792,0.0867,0.1578,0.1715,0.1274,0.1494,0.1568,0.1622,0.1687,0.1450,0.0987,0.1643,0.1096,0.1239,0.0985,0.1531,0.1280,0.1295,0.0999,0.0999,0.1457,0.1532,0.1561,0.1181,0.1571,0.1539,0.1364,0.1276,0.0797,0.1197,0.0975,0.1476,0.0803,0.0613,0.1479,0.1519,0.1451,0.1544,0.1465,0.0903,0.0950,0.0938,0.0981,0.0981,0.0981,0.0981,0.0981,0.0880,0.0894,0.0562,0.0931,0.0973,0.0591,0.1386,0.0830,0.0650,0.0858,0.0493,0.0478,0.0478,0.0478,0.0478,0.0524,0.0467,0.0354
Solution Rank,,,,statistic,Rank by Sortino (0 = highest),#0 (SELECTED),#1,#2,#3,#4,#5,#6,#7,#8,#9,#10,#11,#12,#13,#14,#15,#16,#17,#18,#19,#20,#21,#22,#23,#24,#25,#26,#27,#28,#29,#30,#31,#32,#33,#34,#35,#36,#37,#38,#39,#40,#41,#42,#43,#44,#45,#46,#47,#48,#49,#50,#51,#52,#53,#54,#55,#56,#57,#58,#59,#60,#61,#62,#63,#64,#65,#66,#67,#68,#69,#70,#71,#72,#73,#74,#75,#76,#77,#78,#79,#80,#81,#82,#83,#84,#85,#86,#87,#88,#89,#90,#91,#92,#93,#94,#95,#96,#97,#98,#99,#100,#101,#102,#103,#104,#105,#106,#107,#108,#109,#110,#111,#112,#113,#114,#115,#116,#117,#118,#119,#120,#121,#122,#123,#124,#125,#126,#127,#128,#129,#130,#131,#132,#133,#134,#135,#136,#137,#138,#139,#140,#141,#142,#143,#144,#145,#146,#147,#148,#149,#150,#151,#152,#153,#154,#155,#156,#157,#158,#159,#160,#161,#162,#163,#164,#165,#166,#167,#168,#169,#170,#171,#172,#173,#174,#175,#176,#177,#178,#179,#180,#181,#182,#183,#184,#185,#186,#187,#188,#189,#190,#191,#192,#193,#194,#195,#196,#197,#198,#199,#200,#201,#202,#203,#204,#205,#206,#207,#208,#209,#210,#211,#212,#213,#214,#215,#216,#217,#218,#219,#220,#221,#222,#223,#224,#225,#226,#227,#228,#229,#230,#231,#232,#233,#234,#235,#236,#237,#238,#239,#240,#241,#242,#243,#244,#245,#246,#247,#248,#249,#250,#251,#252,#253,#254,#255,#256,#257,#258,#259,#260,#261,#262,#263,#264,#265,#266,#267,#268,#269,#270,#271,#272,#273,#274,#275,#276,#277,#278,#279,#280,#281,#282,#283,#284,#285,#286,#287,#288,#289,#290,#291,#292,#293,#294,#295,#296,#297,#298,#299,#300,#301,#302,#303,#304,#305,#306,#307,#308,#309,#310,#311,#312,#313,#314,#315,#316,#317,#318,#319,#320,#321,#322,#323,#324,#325,#326,#327,#328,#329,#330,#331,#332,#333,#334,#335,#336,#337,#338,#339,#340,#341,#342,#343,#344,#345,#346,#347,#348,#349,#350,#351,#352,#353,#354,#355,#356,#357,#358,#359,#360,#361,#362,#363,#364,#365,#366,#367,#368,#369,#370,#371,#372,#373,#374,#375,#376,#377,#378,#379,#380,#381,#382,#383,#384,#385,#386,#387,#388,#389,#390,#391,#392,#393,#394,#395,#396,#397,#398,#399,#400,#401,#402,#403,#404,#405,#406,#407,#408,#409,#410,#411,#412,#413,#414,#415,#416,#417,#418,#419,#420,#421,#422,#423,#424,#425,#426,#427,#428,#429,#430,#431,#432,#433,#434,#435,#436,#437,#438,#439,#440,#441,#442,#443,#444,#445,#446,#447,#448,#449,#450,#451,#452,#453,#454,#455,#456,#457,#458,#459,#460,#461,#462,#463,#464,#465,#466,#467,#468,#469,#470,#471,#472,#473,#474,#475,#476,#477,#478,#479,#480,#481,#482,#483,#484,#485,#486,#487,#488,#489,#490,#491,#492,#493,#494,#495,#496,#497,#498,#499,#500,#501,#502,#503,#504,#505,#506,#507,#508,#509,#510,#511,#512,#513,#514,#515,#516,#517,#518,#519,#520,#521,#522,#523,#524,#525,#526,#527,#528,#529,#530,#531,#532,#533,#534,#535,#536,#537,#538,#539,#540,#541,#542,#543,#544,#545,#546,#547,#548,#549,#550,#551,#552,#553,#554,#555,#556,#557,#558,#559,#560,#561,#562,#563,#564,#565,#566,#567,#568,#569,#570,#571,#572,#573,#574,#575,#576,#577,#578,#579,#580,#581,#582,#583,#584,#585,#586,#587,#588,#589,#590,#591,#592,#593,#594,#595,#596,#597,#598,#599,#600,#601,#602,#603,#604,#605,#606,#607,#608,#609,#610,#611,#612,#613,#614,#615,#616,#617,#618,#619,#620,#621,#622,#623,#624,#625,#626,#627,#628,#629,#630,#631,#632,#633,#634,#635,#636,#637,#638,#639,#640,#641,#642,#643,#644,#645,#646,#647,#648,#649,#650,#651,#652,#653,#654,#655,#656,#657,#658,#659,#660,#661,#662,#663,#664,#665,#666,#667,#668,#669,#670,#671,#672,#673,#674,#675,#676,#677,#678,#679,#680,#681,#682,#683,#684,#685,#686,#687,#688,#689,#690,#691,#692,#693,#694,#695,#696,#697,#698,#699,#700,#701,#702,#703,#704,#705,#706,#707,#708,#709,#710,#711,#712,#713,#714,#715,#716,#717,#718,#719,#720,#721,#722,#723,#724,#725,#726,#727,#728,#729,#730,#731,#732,#733,#734,#735,#736,#737,#738,#739,#740,#741,#742,#743,#744,#745,#746,#747,#748,#749,#750,#751,#752,#753,#754,#755,#756,#757,#758,#759,#760,#761,#762,#763,#764,#765,#766,#767
