Name,Value,Min,Max,Type,Description,Solution_0_SELECTED,Solution_1,Solution_2,Solution_3,Solution_4,Solution_5,Solution_6,Solution_7,Solution_8,Solution_9,Solution_10,Solution_11,Solution_12,Solution_13,Solution_14,Solution_15,Solution_16,Solution_17,Solution_18,Solution_19,Solution_20,Solution_21,Solution_22,Solution_23,Solution_24,Solution_25,Solution_26,Solution_27,Solution_28,Solution_29,Solution_30,Solution_31,Solution_32,Solution_33,Solution_34,Solution_35,Solution_36,Solution_37,Solution_38,Solution_39,Solution_40,Solution_41,Solution_42,Solution_43,Solution_44,Solution_45,Solution_46,Solution_47,Solution_48,Solution_49,Solution_50,Solution_51,Solution_52,Solution_53,Solution_54,Solution_55,Solution_56,Solution_57,Solution_58,Solution_59,Solution_60,Solution_61,Solution_62,Solution_63,Solution_64,Solution_65,Solution_66,Solution_67,Solution_68,Solution_69,Solution_70,Solution_71,Solution_72,Solution_73,Solution_74,Solution_75,Solution_76,Solution_77,Solution_78,Solution_79,Solution_80,Solution_81,Solution_82,Solution_83,Solution_84,Solution_85,Solution_86,Solution_87,Solution_88,Solution_89,Solution_90,Solution_91,Solution_92,Solution_93,Solution_94,Solution_95,Solution_96,Solution_97,Solution_98,Solution_99,Solution_100,Solution_101,Solution_102,Solution_103,Solution_104,Solution_105,Solution_106,Solution_107,Solution_108,Solution_109,Solution_110,Solution_111,Solution_112,Solution_113,Solution_114,Solution_115,Solution_116,Solution_117,Solution_118,Solution_119,Solution_120,Solution_121,Solution_122,Solution_123,Solution_124,Solution_125,Solution_126,Solution_127,Solution_128,Solution_129,Solution_130,Solution_131,Solution_132,Solution_133,Solution_134,Solution_135,Solution_136,Solution_137,Solution_138,Solution_139,Solution_140,Solution_141,Solution_142,Solution_143,Solution_144,Solution_145,Solution_146,Solution_147,Solution_148,Solution_149,Solution_150,Solution_151,Solution_152,Solution_153,Solution_154,Solution_155,Solution_156,Solution_157,Solution_158,Solution_159,Solution_160,Solution_161,Solution_162,Solution_163,Solution_164,Solution_165,Solution_166,Solution_167,Solution_168,Solution_169,Solution_170,Solution_171,Solution_172,Solution_173,Solution_174,Solution_175,Solution_176,Solution_177,Solution_178,Solution_179,Solution_180,Solution_181,Solution_182,Solution_183,Solution_184,Solution_185,Solution_186,Solution_187,Solution_188,Solution_189,Solution_190,Solution_191,Solution_192,Solution_193,Solution_194,Solution_195,Solution_196,Solution_197,Solution_198,Solution_199,Solution_200,Solution_201,Solution_202,Solution_203,Solution_204,Solution_205,Solution_206,Solution_207,Solution_208,Solution_209,Solution_210,Solution_211,Solution_212,Solution_213,Solution_214,Solution_215,Solution_216,Solution_217,Solution_218,Solution_219,Solution_220,Solution_221,Solution_222,Solution_223,Solution_224,Solution_225,Solution_226,Solution_227,Solution_228,Solution_229,Solution_230,Solution_231,Solution_232,Solution_233,Solution_234,Solution_235,Solution_236,Solution_237,Solution_238,Solution_239,Solution_240,Solution_241,Solution_242,Solution_243,Solution_244,Solution_245,Solution_246,Solution_247,Solution_248,Solution_249,Solution_250,Solution_251,Solution_252,Solution_253,Solution_254,Solution_255,Solution_256,Solution_257,Solution_258,Solution_259,Solution_260,Solution_261,Solution_262,Solution_263,Solution_264,Solution_265,Solution_266,Solution_267,Solution_268,Solution_269,Solution_270,Solution_271,Solution_272,Solution_273,Solution_274,Solution_275,Solution_276,Solution_277,Solution_278,Solution_279,Solution_280,Solution_281,Solution_282,Solution_283,Solution_284,Solution_285,Solution_286,Solution_287,Solution_288,Solution_289,Solution_290,Solution_291,Solution_292,Solution_293,Solution_294,Solution_295,Solution_296,Solution_297,Solution_298,Solution_299,Solution_300,Solution_301,Solution_302,Solution_303,Solution_304,Solution_305,Solution_306,Solution_307,Solution_308,Solution_309,Solution_310,Solution_311,Solution_312,Solution_313,Solution_314,Solution_315,Solution_316,Solution_317,Solution_318,Solution_319,Solution_320,Solution_321,Solution_322,Solution_323,Solution_324,Solution_325,Solution_326,Solution_327,Solution_328,Solution_329,Solution_330,Solution_331,Solution_332,Solution_333,Solution_334,Solution_335,Solution_336,Solution_337,Solution_338,Solution_339,Solution_340,Solution_341,Solution_342,Solution_343,Solution_344,Solution_345,Solution_346,Solution_347,Solution_348,Solution_349,Solution_350,Solution_351,Solution_352,Solution_353,Solution_354,Solution_355,Solution_356,Solution_357,Solution_358,Solution_359,Solution_360,Solution_361,Solution_362,Solution_363,Solution_364,Solution_365,Solution_366,Solution_367,Solution_368,Solution_369,Solution_370,Solution_371,Solution_372,Solution_373,Solution_374,Solution_375,Solution_376,Solution_377,Solution_378,Solution_379,Solution_380,Solution_381,Solution_382,Solution_383,Solution_384,Solution_385,Solution_386,Solution_387,Solution_388,Solution_389,Solution_390,Solution_391,Solution_392,Solution_393,Solution_394,Solution_395,Solution_396,Solution_397,Solution_398,Solution_399,Solution_400,Solution_401,Solution_402,Solution_403,Solution_404,Solution_405,Solution_406,Solution_407,Solution_408,Solution_409,Solution_410,Solution_411,Solution_412,Solution_413,Solution_414,Solution_415,Solution_416,Solution_417,Solution_418,Solution_419,Solution_420,Solution_421,Solution_422,Solution_423,Solution_424,Solution_425,Solution_426,Solution_427,Solution_428,Solution_429,Solution_430,Solution_431,Solution_432,Solution_433,Solution_434,Solution_435,Solution_436,Solution_437,Solution_438,Solution_439,Solution_440,Solution_441,Solution_442,Solution_443,Solution_444,Solution_445,Solution_446,Solution_447,Solution_448,Solution_449,Solution_450,Solution_451,Solution_452,Solution_453,Solution_454,Solution_455,Solution_456,Solution_457,Solution_458,Solution_459,Solution_460,Solution_461,Solution_462,Solution_463,Solution_464,Solution_465,Solution_466,Solution_467,Solution_468,Solution_469,Solution_470,Solution_471,Solution_472,Solution_473,Solution_474,Solution_475,Solution_476,Solution_477,Solution_478,Solution_479,Solution_480,Solution_481,Solution_482,Solution_483,Solution_484,Solution_485,Solution_486,Solution_487,Solution_488,Solution_489,Solution_490,Solution_491,Solution_492,Solution_493,Solution_494,Solution_495,Solution_496,Solution_497,Solution_498,Solution_499,Solution_500,Solution_501,Solution_502,Solution_503,Solution_504,Solution_505,Solution_506,Solution_507,Solution_508,Solution_509,Solution_510,Solution_511,Solution_512,Solution_513,Solution_514,Solution_515,Solution_516,Solution_517,Solution_518,Solution_519,Solution_520,Solution_521,Solution_522,Solution_523,Solution_524,Solution_525,Solution_526,Solution_527,Solution_528,Solution_529,Solution_530,Solution_531,Solution_532,Solution_533,Solution_534,Solution_535,Solution_536,Solution_537,Solution_538,Solution_539,Solution_540,Solution_541
__indicatorName,BB Strategy,,,,Strategy identifier,,,,,,,,,,,,,,,,,,,,,,,,,,,,,,,,,,,,,,,,,,,,,,,,,,,,,,,,,,,,,,,,,,,,,,,,,,,,,,,,,,,,,,,,,,,,,,,,,,,,,,,,,,,,,,,,,,,,,,,,,,,,,,,,,,,,,,,,,,,,,,,,,,,,,,,,,,,,,,,,,,,,,,,,,,,,,,,,,,,,,,,,,,,,,,,,,,,,,,,,,,,,,,,,,,,,,,,,,,,,,,,,,,,,,,,,,,,,,,,,,,,,,,,,,,,,,,,,,,,,,,,,,,,,,,,,,,,,,,,,,,,,,,,,,,,,,,,,,,,,,,,,,,,,,,,,,,,,,,,,,,,,,,,,,,,,,,,,,,,,,,,,,,,,,,,,,,,,,,,,,,,,,,,,,,,,,,,,,,,,,,,,,,,,,,,,,,,,,,,,,,,,,,,,,,,,,,,,,,,,,,,,,,,,,,,,,,,,,,,,,,,,,,,,,,,,,,,,,,,,,,,,,,,,,,,,,,,,,,,,,,,,,,,,,,,,,,,,,,,,,,,,,,,,,,,,,,,,,,,,,,,,,,,,,,,,,,,,,,,,,,
=== ENTRY CRITERIA ===,,,,,,,,,,,,,,,,,,,,,,,,,,,,,,,,,,,,,,,,,,,,,,,,,,,,,,,,,,,,,,,,,,,,,,,,,,,,,,,,,,,,,,,,,,,,,,,,,,,,,,,,,,,,,,,,,,,,,,,,,,,,,,,,,,,,,,,,,,,,,,,,,,,,,,,,,,,,,,,,,,,,,,,,,,,,,,,,,,,,,,,,,,,,,,,,,,,,,,,,,,,,,,,,,,,,,,,,,,,,,,,,,,,,,,,,,,,,,,,,,,,,,,,,,,,,,,,,,,,,,,,,,,,,,,,,,,,,,,,,,,,,,,,,,,,,,,,,,,,,,,,,,,,,,,,,,,,,,,,,,,,,,,,,,,,,,,,,,,,,,,,,,,,,,,,,,,,,,,,,,,,,,,,,,,,,,,,,,,,,,,,,,,,,,,,,,,,,,,,,,,,,,,,,,,,,,,,,,,,,,,,,,,,,,,,,,,,,,,,,,,,,,,,,,,,,,,,,,,,,,,,,,,,,,,,,,,,,,,,,,,,,,,,,,,,,,,,,,,,,,,,,,,,,,,,,,,,,,,,,,,,,,,,,,,,,,,,,,,,,,,,,,,,
Enable Long Trades,true,false,true,bool,Allow long entries,,,,,,,,,,,,,,,,,,,,,,,,,,,,,,,,,,,,,,,,,,,,,,,,,,,,,,,,,,,,,,,,,,,,,,,,,,,,,,,,,,,,,,,,,,,,,,,,,,,,,,,,,,,,,,,,,,,,,,,,,,,,,,,,,,,,,,,,,,,,,,,,,,,,,,,,,,,,,,,,,,,,,,,,,,,,,,,,,,,,,,,,,,,,,,,,,,,,,,,,,,,,,,,,,,,,,,,,,,,,,,,,,,,,,,,,,,,,,,,,,,,,,,,,,,,,,,,,,,,,,,,,,,,,,,,,,,,,,,,,,,,,,,,,,,,,,,,,,,,,,,,,,,,,,,,,,,,,,,,,,,,,,,,,,,,,,,,,,,,,,,,,,,,,,,,,,,,,,,,,,,,,,,,,,,,,,,,,,,,,,,,,,,,,,,,,,,,,,,,,,,,,,,,,,,,,,,,,,,,,,,,,,,,,,,,,,,,,,,,,,,,,,,,,,,,,,,,,,,,,,,,,,,,,,,,,,,,,,,,,,,,,,,,,,,,,,,,,,,,,,,,,,,,,,,,,,,,,,,,,,,,,,,,,,,,,,,,,,,,,,,
Enable Short Trades,true,false,true,bool,Allow short entries,,,,,,,,,,,,,,,,,,,,,,,,,,,,,,,,,,,,,,,,,,,,,,,,,,,,,,,,,,,,,,,,,,,,,,,,,,,,,,,,,,,,,,,,,,,,,,,,,,,,,,,,,,,,,,,,,,,,,,,,,,,,,,,,,,,,,,,,,,,,,,,,,,,,,,,,,,,,,,,,,,,,,,,,,,,,,,,,,,,,,,,,,,,,,,,,,,,,,,,,,,,,,,,,,,,,,,,,,,,,,,,,,,,,,,,,,,,,,,,,,,,,,,,,,,,,,,,,,,,,,,,,,,,,,,,,,,,,,,,,,,,,,,,,,,,,,,,,,,,,,,,,,,,,,,,,,,,,,,,,,,,,,,,,,,,,,,,,,,,,,,,,,,,,,,,,,,,,,,,,,,,,,,,,,,,,,,,,,,,,,,,,,,,,,,,,,,,,,,,,,,,,,,,,,,,,,,,,,,,,,,,,,,,,,,,,,,,,,,,,,,,,,,,,,,,,,,,,,,,,,,,,,,,,,,,,,,,,,,,,,,,,,,,,,,,,,,,,,,,,,,,,,,,,,,,,,,,,,,,,,,,,,,,,,,,,,,,,,,,,,,
Bollinger Band Length,30,2,7,int,Lookback period for BB,4,4,4,4,4,4,3,4,3,3,3,4,4,4,3,3,4,4,3,4,4,3,4,4,4,4,4,4,3,3,3,3,3,4,4,3,3,3,4,3,3,3,3,3,3,3,3,3,3,4,4,3,4,4,3,4,4,3,4,4,4,4,4,3,3,4,4,3,4,3,3,4,4,4,4,4,4,4,4,4,4,5,3,4,4,3,4,4,4,4,4,4,4,3,3,3,3,4,4,4,4,3,3,3,4,4,4,5,4,4,4,3,4,3,4,4,4,4,5,4,4,3,3,4,4,4,4,4,4,3,4,3,4,4,3,4,4,4,4,4,4,4,4,3,4,3,4,4,4,4,4,4,4,3,4,4,4,4,4,4,3,4,4,3,4,4,4,4,4,4,4,4,4,3,4,5,4,3,4,4,4,4,3,4,5,4,4,4,4,4,4,4,3,4,4,4,4,4,4,4,3,4,4,4,4,4,4,5,3,3,4,4,4,5,4,4,4,4,4,4,4,4,4,4,4,4,4,4,4,4,4,4,4,4,4,4,4,4,5,5,4,4,4,4,4,4,5,4,4,5,4,4,4,5,4,4,4,5,4,4,4,5,4,4,4,5,4,4,4,4,4,4,3,4,4,4,4,3,4,5,4,4,4,4,4,4,4,4,4,4,4,3,4,4,5,4,4,4,5,4,4,4,4,5,4,4,4,4,4,5,4,4,3,4,4,4,5,3,4,4,5,4,4,4,3,4,4,4,4,4,4,4,5,5,5,4,4,4,4,4,4,4,4,4,4,4,4,4,4,4,4,4,5,4,4,4,4,4,4,4,5,4,4,4,4,4,4,5,4,5,4,5,4,4,4,4,4,4,4,4,4,4,4,4,4,5,4,4,4,3,5,4,4,4,4,5,4,4,4,5,4,4,4,4,4,4,5,4,4,5,4,4,4,3,4,4,4,4,4,4,4,4,4,4,3,3,4,5,4,3,4,3,4,4,5,5,5,4,4,4,4,5,5,4,5,5,4,5,5,4,4,4,4,4,4,4,4,4,4,4,4,4,4,4,4,4,4,4,4,4,5,4,5,5,5,4,4,5,5,4,4,4,4,4,4,4,5,5,5,5,4,4,4,5,4,5,4,5,5,5,4,4,5,5,5,5,4,5,5,4,4,5,4,4,5,5,5,5,5,5,5,5,5,4,5,5,5,5,5,4,5,4,4,5,5,5,5,4,5,4,4,4
Bollinger Band StdDev,2.0,1,3.0,float,StdDev multiplier for BB width (Max capped at 3.0 to prevent overfitting),2.1895,2.1919,2.1919,2.1919,2.1919,2.1894,2.0429,2.1812,2.0994,2.0781,2.0759,2.273,2.0447,2.0732,2.0781,2.072,2.075,2.1923,1.9837,2.0788,2.0788,1.7035,2.0788,2.0788,2.0788,2.0788,2.1975,2.0727,2.0525,1.908,1.9779,1.908,1.908,2.161,2.2031,1.6542,2.1826,2.1358,2.0694,1.8227,1.8227,1.9225,1.9896,2.0759,1.8843,1.8843,1.8843,1.9892,1.8843,2.2726,2.2726,1.9795,2.1039,2.206,2.145,2.094,2.3448,2.0462,2.0412,2.1812,2.0268,2.1173,2.1432,2.0678,2.0425,2.0359,2.2277,2.016,1.9126,1.4992,2.0977,2.094,2.0299,2.0396,2.094,2.0326,2.0419,2.0419,2.167,1.9715,2.2132,2.2917,1.8963,2.064,2.7048,1.4862,2.1973,2.0253,2.0422,2.1948,2.0347,2.2709,2.7048,1.9294,1.9294,1.9294,1.6766,2.2132,2.1888,2.1888,2.1888,1.9789,1.9789,1.9727,2.135,2.2091,2.0493,2.4735,2.0907,2.1392,2.0276,2.0326,2.1037,1.9294,1.86,2.173,2.2738,2.135,2.3145,2.0785,2.0918,1.9681,1.9681,2.2505,2.0826,2.2121,2.0228,2.0274,2.0678,1.4765,2.0856,1.4583,2.0761,2.0599,1.5542,2.0812,2.0643,2.0592,2.0472,2.0776,2.0774,2.0602,2.0491,1.8036,2.0489,2.2093,2.2082,2.1147,2.1303,2.0857,2.1759,2.0407,2.0477,1.8672,2.0486,2.1639,2.0349,2.0914,2.1052,2.0794,1.469,2.2273,2.0859,1.722,2.1419,2.1183,1.8508,2.0515,2.0775,2.0641,2.1069,2.0603,2.0755,2.054,2.0685,2.3033,2.1238,1.8369,2.2582,2.1861,2.0988,2.0488,1.929,1.8383,2.393,2.0731,2.2485,2.0522,2.2312,2.3176,2.07,1.9086,1.3894,2.0875,2.0835,2.0619,2.0471,2.127,2.0772,2.1108,1.9681,2.0875,2.1171,2.0287,2.1151,2.2436,2.2102,2.4382,1.8906,1.929,2.2019,2.2019,1.8627,2.3429,2.07,1.9897,2.0933,2.2115,2.1792,1.8591,2.1005,2.1144,2.2436,2.1865,2.3327,2.2371,2.1394,2.132,2.2072,2.1183,2.137,2.0623,2.4035,2.2649,2.1542,2.0712,2.0107,2.1147,2.3542,2.2134,2.3331,2.057,2.1006,2.016,1.8591,2.3098,2.3033,2.2132,2.0074,2.5365,2.0602,2.3972,2.3991,2.3834,2.4026,1.8581,1.8581,2.6462,2.281,2.0513,1.9215,2.5471,2.0269,1.9365,1.8608,2.6782,2.135,2.0746,1.975,1.8314,2.0759,1.9547,2.0545,2.1004,2.2317,1.9583,1.9646,2.2502,1.9389,2.6782,1.8068,2.1085,1.8695,2.0845,1.8608,2.3093,1.8393,2.2536,1.934,2.0713,1.8815,1.9328,1.8728,1.9302,2.4193,2.2581,1.8763,1.8862,2.3642,2.0245,1.855,2.2223,1.8659,2.5225,1.8993,2.0623,2.0783,2.302,1.9999,2.6105,2.0551,1.855,1.5637,1.8754,1.855,1.8608,2.5302,2.2144,1.8807,1.8452,2.6782,1.8671,2.375,1.855,1.805,2.0191,2.1737,2.2805,1.8625,1.855,1.8534,2.0265,2.5381,2.5381,2.5168,1.7343,1.8534,1.8453,2.2571,2.0861,1.8308,1.9927,2.4025,2.0969,1.8534,1.8405,2.2188,1.8439,2.0623,2.1143,2.2751,1.8404,2.3355,1.9654,2.1423,2.0728,1.9487,2.1635,1.9456,1.6582,2.328,2.0674,1.855,1.9651,2.0285,1.8608,2.0577,2.3355,2.366,2.4631,1.855,2.6186,2.2287,2.0924,1.8608,2.0589,1.8534,1.8534,2.185,1.8534,2.2755,2.7065,2.188,1.8606,2.2102,2.5489,2.1171,1.8702,2.0704,2.1469,2.1881,1.9568,2.3109,2.0561,2.0304,2.4068,1.9555,2.3443,1.9518,2.4042,2.1147,2.0889,1.8534,2.2218,1.8538,2.2075,2.2793,1.8534,1.8534,2.2793,2.1272,2.1272,1.8831,1.5828,1.8478,2.11,1.8954,2.0206,2.0206,1.8779,2.3987,1.9108,1.8224,2.1278,1.5828,1.5828,2.4429,2.3273,2.3918,2.1409,2.0956,1.5828,2.0819,2.2288,2.5303,2.5303,2.3362,2.0504,2.1144,1.9129,2.1043,2.3546,2.5781,2.0226,2.4042,2.1153,2.225,2.5225,2.3273,1.8546,1.8347,2.194,2.4854,2.2589,2.107,2.0765,2.2438,2.0852,2.063,2.2231,2.0663,1.8412,2.2226,2.1306,1.8435,2.0913,2.1125,2.122,2.0627,2.1143,2.433,2.0385,2.433,2.53,2.5169,1.9635,2.1512,2.3129,2.4559,2.2438,2.0852,2.1205,1.9635,2.197,2.047,2.118,2.471,2.6358,2.2865,2.4498,2.0349,2.0504,1.7964,2.3932,2.238,2.5292,2.1406,2.5292,2.4498,2.5163,2.3543,1.9363,2.3073,2.5668,2.5152,2.5303,2.1719,2.3411,2.5308,2.0488,1.8353,2.5152,2.3396,2.1927,2.3265,2.5553,2.468,2.5108,2.5292,2.2844,2.2844,2.2844,2.2844,2.0408,2.2844,2.565,2.2844,2.2865,2.5115,2.21,2.2957,2.2017,1.9409,2.2844,2.3768,2.3768,2.6358,1.9181,2.1156,1.8443,1.6428,1.7198
Long Entry on Wick Touch,0,0,1,int,"Enter if low touches lower band (0=false, 1=true) - OPTIMIZABLE",1,1,1,1,1,1,1,1,1,1,1,1,1,1,1,1,1,1,1,1,1,1,1,1,1,1,1,1,1,1,1,1,1,1,1,1,1,1,1,1,1,1,1,1,1,1,1,1,1,1,1,1,1,1,1,1,1,1,1,1,1,1,1,1,1,1,1,1,1,1,1,1,1,1,1,1,1,1,1,1,1,1,1,1,1,1,1,1,1,1,1,1,1,1,1,1,1,1,1,1,1,1,1,1,1,1,1,1,1,1,1,1,1,1,1,1,1,1,1,1,1,1,1,1,1,1,1,1,1,1,1,1,1,1,1,1,1,1,1,1,1,1,1,1,1,1,1,1,1,1,1,1,1,1,1,1,1,1,1,1,1,1,1,1,1,1,1,1,1,1,1,1,1,1,1,1,1,1,1,1,1,1,1,1,1,1,1,1,1,1,1,1,1,1,1,1,1,1,1,1,1,1,1,1,1,1,1,1,1,1,1,1,1,1,1,1,1,1,1,1,1,1,1,1,1,1,1,1,1,1,1,1,1,1,1,1,1,1,1,1,1,1,1,1,1,1,1,1,1,1,1,1,1,1,1,1,1,1,1,1,1,1,1,1,1,1,1,1,1,1,1,1,1,1,1,1,1,1,1,1,1,1,1,1,1,1,1,1,1,1,1,1,1,1,1,1,1,1,1,1,1,1,1,1,1,1,1,1,1,1,1,1,1,1,1,1,1,1,1,1,1,1,1,1,1,1,1,1,1,1,1,1,1,1,1,1,1,1,1,1,1,1,1,1,1,1,1,1,1,1,1,1,1,1,1,1,1,1,1,1,1,1,1,1,1,1,1,1,1,1,1,1,1,1,1,1,1,1,1,1,1,1,1,1,1,1,1,1,1,1,1,1,1,1,1,1,1,1,1,1,1,1,1,1,1,1,1,1,1,1,1,1,1,1,1,1,1,1,1,1,1,1,1,1,1,1,1,1,1,1,1,1,1,1,1,1,1,1,1,1,1,1,1,1,1,1,1,1,1,1,1,1,1,1,1,1,1,1,1,1,1,1,1,1,1,1,1,1,1,1,1,1,1,1,1,1,1,1,1,1,1,1,1,1,1,1,1,1,1,1,1,1,1,1,1,1,1,1,1,1,1,1,1,1,1,1,1,1,1,1,1,1,1,1,1,1,1,1,1,1,1,1,1,1,1,1,1,1,1,1,1,1,1,1,1,1,1,1,1,1,1,1
Long Entry on Body in Zone,1,0,1,int,"Enter if close ≤ lower band (0=false, 1=true) - OPTIMIZABLE",1,1,1,1,1,1,1,1,1,1,1,0,0,1,1,1,1,1,1,1,1,1,1,1,1,1,1,1,0,1,1,1,1,1,1,1,1,1,1,1,1,1,1,1,1,1,1,0,1,1,1,1,1,1,0,1,1,1,0,1,1,1,1,1,0,1,1,1,1,1,1,1,1,1,1,1,1,1,1,1,1,1,1,1,1,1,1,1,1,1,1,1,1,0,0,0,1,1,1,1,1,1,1,1,1,1,1,1,1,1,1,1,1,0,1,1,1,1,1,1,1,1,1,1,1,1,1,1,1,1,1,1,1,1,1,1,1,1,1,1,1,1,1,1,1,1,0,1,1,1,1,1,1,0,1,0,1,1,1,1,1,1,1,0,1,1,1,1,1,1,1,1,1,1,1,1,1,1,0,0,1,1,1,1,0,1,1,1,0,1,1,1,1,1,1,1,1,1,1,1,1,1,1,1,1,1,1,1,1,1,1,1,1,1,1,1,1,1,1,1,1,1,1,1,1,0,1,1,1,1,1,1,1,1,1,1,1,1,1,1,1,1,1,1,1,1,1,1,1,0,1,1,1,1,1,1,1,0,1,1,1,1,1,1,1,0,1,1,1,1,1,1,0,1,1,1,1,1,1,0,1,1,1,1,1,0,1,1,1,1,1,0,1,1,1,1,1,1,1,1,1,0,1,1,1,1,1,1,1,1,1,1,1,1,1,1,1,1,0,1,0,1,1,1,1,1,1,1,1,1,1,1,1,1,1,1,1,1,1,1,1,1,1,1,1,1,1,1,1,1,1,1,1,1,1,1,1,1,1,1,1,1,1,1,1,1,1,1,1,1,1,1,1,1,1,1,1,1,1,1,1,1,1,1,1,1,1,1,1,1,1,1,1,1,1,1,1,1,1,1,1,1,1,1,1,1,1,1,1,1,1,1,1,1,1,1,1,1,1,1,1,1,1,1,1,1,1,1,1,1,1,1,1,1,1,1,1,1,1,1,1,1,1,1,1,1,1,1,1,1,1,1,1,1,1,1,1,1,1,1,1,1,1,1,1,1,1,1,1,1,1,1,1,1,1,1,1,1,1,1,1,1,1,1,1,0,1,1,1,1,1,1,1,1,1,1,1,1,1,1,1,1,1,1,1,1,1,1,1,1,1,1,1,1,1,1,1,1,1,1,1,1,1,0,1,1,1,1,1,1,1,1,1,1,1,1,1,1,1,1,1,1
Long Trigger (% From Lower Band),0.5,0,2.0,float,% below lower band to trigger (min 0.5% to avoid band extremes),0.0,0.0,0.0,0.0,0.0,0.0001,0.0099,0.0037,0.0068,0.0074,0.0066,0.0,0.0007,0.001,0.0074,0.0073,0.0025,0.0012,0.0069,0.002,0.002,0.0164,0.002,0.002,0.002,0.0,0.001,0.0007,0.0239,0.0156,0.0077,0.0156,0.0156,0.0,0.0,0.0143,0.0,0.0162,0.0,0.0158,0.0158,0.0162,0.0226,0.0185,0.0162,0.0162,0.0162,0.0178,0.0162,0.0,0.0,0.0181,0.0004,0.0,0.0246,0.0176,0.0131,0.0188,0.002,0.0,0.0,0.0,0.018,0.0201,0.018,0.0,0.0,0.0176,0.0069,0.0177,0.0186,0.0176,0.0,0.0184,0.0176,0.0189,0.0178,0.0178,0.0165,0.0096,0.0158,0.0074,0.0181,0.0218,0.0,0.02,0.0154,0.0,0.0186,0.0154,0.0178,0.013,0.0,0.0181,0.0181,0.0181,0.0183,0.0158,0.0025,0.0025,0.0025,0.0183,0.0183,0.0181,0.0182,0.0146,0.0212,0.0,0.018,0.0176,0.0164,0.0177,0.018,0.0181,0.0166,0.0178,0.0149,0.0182,0.0033,0.0207,0.0217,0.0176,0.0176,0.0161,0.0182,0.0165,0.0042,0.017,0.0167,0.0174,0.0196,0.0188,0.0188,0.0194,0.02,0.0216,0.0201,0.0138,0.0242,0.0171,0.0181,0.0172,0.0195,0.0178,0.0239,0.0167,0.0163,0.0168,0.0186,0.0175,0.0178,0.0166,0.021,0.0158,0.0186,0.016,0.0168,0.0173,0.017,0.0198,0.0178,0.0108,0.0172,0.0246,0.018,0.018,0.0098,0.0221,0.0178,0.0204,0.0174,0.0198,0.0164,0.0173,0.0168,0.0027,0.0158,0.0254,0.0162,0.0149,0.0169,0.0192,0.0186,0.023,0.0,0.0159,0.0,0.0,0.0121,0.0141,0.0169,0.0066,0.02,0.0171,0.017,0.0182,0.0204,0.0181,0.0198,0.0167,0.0176,0.0171,0.018,0.0163,0.0183,0.017,0.0164,0.0042,0.0179,0.0186,0.0172,0.0172,0.0224,0.0076,0.0169,0.0,0.0168,0.0163,0.0125,0.0214,0.0171,0.0168,0.017,0.0173,0.0093,0.0147,0.017,0.0196,0.0169,0.0169,0.0167,0.0191,0.0086,0.0155,0.0162,0.0181,0.0,0.0168,0.0025,0.0062,0.0,0.0163,0.0166,0.0182,0.0214,0.0151,0.0027,0.0158,0.0185,0.0,0.0206,0.0101,0.0063,0.0,0.0089,0.0273,0.0273,0.0,0.0147,0.0181,0.0194,0.0,0.015,0.0237,0.0267,0.0,0.0159,0.0178,0.0199,0.0215,0.0196,0.0205,0.0152,0.0153,0.0151,0.0177,0.0185,0.0161,0.0068,0.0,0.0226,0.0163,0.0205,0.019,0.0267,0.0059,0.0201,0.0148,0.0244,0.0158,0.0199,0.0264,0.0238,0.0243,0.0033,0.015,0.0183,0.0214,0.0025,0.0173,0.0254,0.0163,0.017,0.0004,0.0192,0.0191,0.0179,0.0102,0.0217,0.0,0.0186,0.0254,0.0185,0.0186,0.0254,0.0267,0.0011,0.0187,0.0179,0.0083,0.0,0.0189,0.0079,0.0254,0.0176,0.0153,0.0084,0.0122,0.019,0.0254,0.0199,0.0181,0.0025,0.0025,0.0,0.0201,0.0199,0.0199,0.0151,0.0158,0.0196,0.0166,0.0068,0.0179,0.0199,0.0178,0.0143,0.021,0.015,0.0168,0.0163,0.02,0.01,0.0245,0.011,0.0176,0.0259,0.0149,0.0234,0.0244,0.0091,0.0114,0.0198,0.0198,0.0174,0.0267,0.0217,0.01,0.004,0.001,0.0254,0.0,0.0118,0.0157,0.0267,0.0183,0.0199,0.0199,0.0159,0.0199,0.0131,0.0,0.0143,0.0256,0.0162,0.0035,0.0161,0.028,0.0172,0.0181,0.0066,0.0179,0.0141,0.0188,0.0173,0.0015,0.0173,0.0,0.0169,0.0062,0.0168,0.0125,0.0199,0.0157,0.0188,0.0152,0.0128,0.0199,0.0199,0.0128,0.0166,0.0166,0.0184,0.0184,0.0174,0.0177,0.0205,0.018,0.018,0.0256,0.0086,0.0188,0.0158,0.0161,0.0184,0.0184,0.0074,0.0037,0.0036,0.0174,0.0165,0.0184,0.0176,0.0164,0.0015,0.0015,0.0017,0.0199,0.0168,0.017,0.0154,0.0023,0.0017,0.0171,0.0062,0.0025,0.0,0.0004,0.0037,0.0184,0.0199,0.0162,0.0068,0.0128,0.0156,0.02,0.0152,0.0178,0.017,0.0146,0.0179,0.0133,0.0186,0.0161,0.0199,0.0151,0.0172,0.0171,0.0178,0.0168,0.0035,0.0172,0.0035,0.0031,0.0,0.0199,0.016,0.0115,0.0006,0.0152,0.0178,0.0165,0.0199,0.0163,0.0217,0.0119,0.0034,0.0005,0.007,0.0,0.0235,0.0199,0.0199,0.0076,0.0148,0.0065,0.0179,0.0065,0.0,0.0065,0.0112,0.0119,0.0049,0.0,0.006,0.0015,0.0163,0.0014,0.0076,0.0208,0.0142,0.0,0.0028,0.0138,0.0046,0.0065,0.0029,0.0065,0.0065,0.0046,0.0046,0.0046,0.0046,0.0119,0.0046,0.0001,0.0046,0.007,0.0,0.0155,0.0046,0.0102,0.016,0.0046,0.006,0.006,0.0005,0.0177,0.007,0.0217,0.0115,0.0168
Short Entry on Wick Touch,0,0,1,int,"Enter if high touches upper band (0=false, 1=true) - OPTIMIZABLE",1,1,1,1,1,1,0,1,0,0,0,0,1,1,0,1,0,1,0,0,0,1,0,0,0,0,0,0,0,1,1,1,1,0,1,0,0,1,1,0,0,1,0,0,1,1,1,0,1,0,0,0,0,0,0,1,1,0,1,1,0,0,1,0,0,0,1,1,0,0,0,1,0,1,1,1,0,0,1,1,1,1,0,1,1,1,1,0,1,0,1,1,1,0,0,0,0,1,0,0,0,0,0,0,0,1,0,1,1,1,1,0,1,0,0,1,1,0,1,0,1,0,0,0,1,1,0,1,1,0,1,1,1,1,1,1,1,1,1,1,1,1,1,0,1,0,1,0,1,1,0,0,1,1,1,1,0,1,1,1,0,1,0,0,0,0,1,0,1,1,1,1,1,0,1,0,0,0,1,1,0,1,0,1,1,1,1,0,1,0,1,1,1,0,1,0,1,1,1,1,0,0,1,1,1,1,1,1,0,0,1,1,1,1,1,0,0,1,1,0,1,0,1,1,1,1,0,1,1,0,1,1,1,0,1,1,0,0,1,0,0,1,1,0,0,1,0,1,0,1,1,0,0,1,1,0,0,1,1,0,1,1,0,1,0,1,0,1,1,0,1,1,1,1,1,0,1,1,0,1,1,0,0,1,0,0,0,1,1,1,1,0,0,0,0,1,1,1,1,1,0,1,1,0,0,1,1,1,0,1,1,0,0,1,0,0,1,0,0,0,1,1,1,0,0,0,1,0,1,0,0,1,1,1,1,1,0,1,0,1,1,1,1,1,1,0,1,0,1,1,0,1,1,1,0,1,0,1,0,1,0,1,0,1,0,1,1,1,0,1,0,1,1,1,1,1,1,1,1,1,1,1,1,0,1,1,1,0,1,0,1,1,1,1,1,1,0,0,0,1,1,1,1,1,1,1,1,1,1,1,1,1,1,0,1,1,1,1,1,0,0,1,1,1,0,0,0,0,0,1,1,0,1,1,1,1,1,0,1,1,1,0,0,1,1,0,1,0,0,0,1,1,0,1,1,1,0,1,1,1,1,0,1,1,1,1,1,1,1,1,0,1,0,0,0,0,1,1,1,0,1,1,0,1,0,1,0,1,1,0,1,0,1,0,0,0,0,0,0,0,1,0,1,0,0,1,1,1,0,1,0,0,0,1,1,0,0,0,0,1,1,1,1,1,1,0,1,1,0,1,1,1,0,1,0,0,1,1,1,0,0,1
Short Entry on Body in Zone,1,0,1,int,"Enter if close ≥ upper band (0=false, 1=true) - OPTIMIZABLE",1,1,1,1,1,1,1,1,0,0,0,0,0,1,0,1,1,0,0,0,0,1,0,0,0,0,0,0,1,0,1,0,0,0,1,0,1,1,1,1,1,1,0,1,1,1,1,0,1,1,1,0,0,1,1,0,0,1,1,1,1,0,1,1,1,1,0,1,1,0,1,0,1,1,0,1,1,1,1,1,1,0,0,1,0,1,1,1,1,1,1,0,0,0,0,0,1,0,1,1,1,1,1,1,1,1,1,0,1,0,1,1,1,0,1,1,0,1,1,1,1,1,1,1,0,0,1,1,1,1,1,1,1,1,1,1,1,0,1,0,1,1,1,1,1,1,0,1,0,0,1,1,1,1,1,0,1,1,1,1,1,0,1,1,1,1,1,1,1,1,1,1,1,1,1,0,1,0,1,1,0,1,1,0,0,1,0,1,0,1,1,1,1,1,1,1,1,1,1,1,1,1,1,1,1,1,0,0,0,1,1,1,0,1,1,1,1,1,0,0,1,1,1,1,1,1,1,1,0,1,1,1,0,1,1,1,1,1,0,1,1,1,1,1,0,0,0,0,1,0,1,1,1,1,1,1,1,1,1,1,1,1,0,1,1,1,1,0,1,0,1,1,1,1,0,1,1,0,0,1,0,1,1,0,1,0,1,0,0,1,1,0,1,1,0,1,1,1,0,0,1,1,1,0,1,1,1,1,1,1,0,1,1,1,1,1,1,0,1,0,1,1,1,1,1,1,1,1,1,1,1,1,0,0,0,1,1,1,1,1,1,1,1,1,1,1,1,1,1,1,1,1,0,1,1,1,0,0,0,0,0,0,1,1,1,1,1,1,0,0,1,1,0,1,1,1,1,1,1,1,1,1,0,1,0,0,1,1,1,0,1,1,1,1,1,1,1,1,1,0,1,1,1,1,1,1,0,1,1,0,1,1,1,1,1,0,1,1,1,1,1,1,1,1,1,1,1,1,1,1,0,1,1,1,1,1,0,1,1,1,1,1,1,0,0,1,0,0,1,1,1,1,0,0,1,1,0,1,0,1,1,1,0,1,1,1,0,1,1,1,0,1,0,1,0,0,1,1,0,1,1,1,0,0,1,1,0,0,0,1,1,1,1,0,0,1,1,1,1,1,0,1,1,0,0,1,1,1,0,1,1,0,1,1,1,0,1,1,1,1,1,1,1,1,1,0,1,0,1,1,1,1,1,1,0,0,0,1,0,1,1,1
Short Trigger (% From Upper Band),0.5,0,2.0,float,% above upper band to trigger (min 0.5% to avoid band extremes),0.2602,0.3605,0.3605,0.7208,0.3605,0.5454,0.0639,2.0,0.1887,0.2076,0.1857,1.5894,1.9139,0.6109,0.2076,1.9913,0.7295,0.8305,0.7047,0.0,0.271,1.1631,0.271,0.271,0.271,0.0,0.7194,0.1487,0.2087,0.3891,0.8131,0.6756,1.0941,1.1025,1.3258,2.0,0.5344,1.5957,1.2877,1.6184,1.6693,1.5957,0.2518,0.2346,1.5957,1.5957,1.5957,0.2417,1.5957,1.3703,1.3703,0.0,0.1865,1.4761,0.3725,1.8508,0.0685,1.1602,1.0957,2.0,0.9941,0.0,2.0,0.2114,1.1054,0.8247,0.8726,1.7844,0.6471,0.4694,0.1929,1.8508,2.0,2.0,2.0,2.0,1.3826,1.3826,1.7749,1.0957,2.0,0.0,0.0,2.0,0.0,0.34,1.3874,1.1396,0.8062,1.6694,0.7955,1.8682,0.0,0.2535,0.3778,0.3778,1.1541,2.0,0.4784,0.403,0.403,1.1954,1.1954,1.1945,1.5206,2.0,1.1495,0.0,1.85,1.8095,1.608,1.4362,1.889,0.2445,2.0,1.8114,1.6057,1.5206,1.9155,2.0,1.7566,1.1814,1.1814,1.9657,1.2479,1.6561,1.7419,1.9382,1.3692,1.1764,0.6068,1.2374,1.124,1.4078,0.34,1.6539,0.8295,0.5856,0.8071,1.7766,0.5258,1.1816,0.9183,1.3574,0.6485,0.2513,1.1338,1.2486,1.8545,1.8904,1.3579,0.7766,0.854,1.7037,1.3474,1.5968,1.0962,1.218,1.4968,1.2956,1.3704,0.982,1.2744,0.3725,0.8507,0.5165,1.6292,2.0,0.8066,1.5754,1.0755,1.8205,1.6588,1.2746,2.0,1.7238,0.0,1.0243,1.674,1.7512,0.9097,1.6911,0.2226,0.5105,1.3844,0.334,1.6095,1.3553,1.8792,2.0,0.7958,0.5713,0.5473,0.9951,0.8822,1.9988,1.5751,1.1228,2.0,1.5587,1.3535,1.0715,1.9228,1.0783,2.0,1.2817,1.6736,0.0,1.4664,0.0,1.8001,1.8001,1.7841,1.4278,0.7733,1.9977,1.9878,1.1117,1.8921,1.6332,1.2701,1.1933,1.2817,0.8855,1.4403,1.7139,1.5839,1.2233,1.7115,1.3752,1.0748,1.6782,2.0,1.6471,1.6614,0.6809,1.6946,1.2486,1.5451,1.7184,0.483,1.8266,1.8771,1.2861,1.6332,1.8961,1.6361,1.6455,2.0,1.3844,1.176,1.9467,2.0,0.7755,1.439,2.0,2.0,1.6385,2.0,2.0,1.8573,1.3389,1.6708,1.8365,1.8153,1.6385,2.0,1.8335,1.6929,1.8766,1.4386,0.9627,1.0373,1.751,2.0,1.5997,0.8475,0.5947,1.2531,1.6385,1.8955,1.1236,1.7765,1.357,1.7866,2.0,1.7778,0.973,1.8298,1.8832,1.6794,1.3297,1.9982,1.6899,1.9332,1.4047,1.8175,1.7818,1.5451,2.0,1.6896,1.8089,1.7994,1.7287,1.4696,1.6782,1.2727,1.9766,1.6883,1.5417,1.9172,2.0,1.3557,1.4729,1.9982,1.7866,1.0263,0.931,1.7823,0.7509,1.6385,1.7796,1.9778,1.7411,1.3433,2.0,2.0,1.1542,1.9439,1.9982,1.7876,1.9985,2.0,1.8616,1.8961,1.3728,1.7871,1.7162,1.618,1.7428,1.7428,1.0372,1.1887,1.6412,1.7785,1.6881,1.8813,0.3352,1.7907,1.2846,1.7538,2.0,2.0,1.9332,2.0,1.8263,0.7355,1.7997,1.7907,1.5219,1.99,1.5018,2.0,1.3679,1.1575,1.8153,0.5672,1.879,0.5253,1.5541,1.9982,0.8922,0.4129,0.374,1.8153,2.0,1.7871,1.7871,1.9969,1.7871,1.8055,1.9668,1.041,1.8148,1.9509,0.6025,1.9661,1.9763,1.1667,0.9702,2.0,2.0,1.5813,1.6977,1.2728,0.7382,1.8127,0.8701,1.826,1.9856,2.0,1.8748,1.4822,1.9787,1.8021,1.674,1.6781,1.5354,1.6407,1.9862,1.7688,1.7688,1.5784,1.1652,1.831,1.5501,1.5804,2.0,2.0,1.8148,0.6666,1.709,1.045,1.6715,1.1652,1.1652,1.8732,1.432,0.4286,1.9772,1.8465,1.1652,0.8721,1.8022,0.6031,0.6031,1.1169,1.4293,1.9447,1.4155,1.6921,1.9985,0.9774,1.6788,1.9856,1.8017,1.2095,1.7287,1.0981,1.441,1.5324,0.9607,1.4318,1.5516,2.0,2.0,1.3512,1.889,2.0,1.5079,0.5414,0.825,1.5803,1.9999,1.3622,1.7594,1.7699,0.1646,1.889,1.2846,1.3874,0.6947,1.3874,0.9548,1.8441,2.0,1.967,2.0,1.8254,2.0,1.889,1.433,2.0,1.907,1.7686,2.0,1.7166,1.7514,1.7557,1.8451,1.7725,1.4293,1.373,0.994,0.3495,1.423,1.7699,2.0,2.0,1.423,0.2699,1.8781,1.4032,1.6549,1.7456,0.6031,2.0,1.1047,0.9933,1.7693,2.0,2.0,0.6668,1.8497,1.4695,2.0,2.0,1.6635,1.423,2.0,1.7409,1.7409,2.0,2.0,2.0,1.6446,1.7409,1.7557,1.1748,1.7336,2.0,0.1524,0.9825,2.0,1.7735,1.575,1.8657,1.8292,1.7557,1.8995,2.0,1.8528
ATR Length for Filter,26,10,50,int,ATR period for entry filter (separate from trailing stop ATR),10,10,10,10,10,10,11,10,30,10,17,10,10,10,10,10,10,10,10,10,10,13,10,10,10,10,10,10,10,42,26,42,42,13,17,31,10,10,10,10,10,10,10,17,10,10,10,10,10,45,45,10,13,39,10,35,28,10,25,13,24,27,40,10,10,25,12,14,10,10,37,35,22,39,35,12,25,25,33,25,10,19,10,40,28,20,29,27,24,10,28,29,28,10,10,10,35,10,36,36,36,12,12,12,21,10,26,10,40,35,28,33,34,10,45,25,30,21,10,32,38,10,10,28,33,28,39,28,33,16,38,17,32,20,20,23,35,28,18,36,26,28,32,11,10,10,24,33,14,35,33,27,22,28,27,15,35,22,29,21,13,30,28,10,32,38,23,32,31,31,37,27,32,32,10,11,38,27,33,33,33,14,34,10,10,30,19,23,29,36,35,25,20,33,32,33,35,27,29,30,10,33,34,38,20,34,10,13,10,35,23,23,27,30,35,27,14,33,31,26,31,35,34,26,35,39,27,48,10,35,30,21,36,10,33,28,48,33,10,10,12,27,39,31,26,30,11,10,29,10,10,32,37,33,40,28,28,39,32,38,36,40,30,30,27,39,36,32,20,28,31,22,23,19,39,48,35,39,21,39,36,14,27,50,27,37,25,43,28,34,39,19,37,26,19,29,27,24,10,41,27,28,41,10,25,21,34,33,27,32,23,27,10,32,27,27,10,29,25,42,39,36,36,27,15,37,32,43,23,27,20,37,10,10,10,33,20,24,39,32,35,35,10,36,20,16,11,18,33,39,36,28,10,35,32,36,28,36,25,28,25,13,27,33,35,27,28,10,36,11,27,39,39,35,27,20,20,20,13,20,35,27,22,27,12,10,35,27,45,32,23,14,27,22,29,10,32,22,50,20,18,36,20,14,20,10,10,20,20,10,36,36,27,16,12,50,31,33,33,27,36,37,10,23,16,16,47,36,36,38,21,16,10,36,10,10,34,43,20,31,10,10,16,31,20,39,47,10,36,20,20,48,48,50,22,11,19,35,11,50,39,21,17,35,42,19,39,19,34,39,36,28,36,14,11,43,37,31,20,25,34,35,43,12,20,39,15,36,17,10,31,43,33,15,18,22,38,22,10,22,41,27,32,12,18,10,28,10,15,38,26,18,35,25,25,18,19,15,22,26,25,25,25,39,25,10,25,17,10,34,20,13,29,25,16,16,36,15,17,26,40,24
Max ATR Filter (Points),4.0,2,6.0,float,Maximum ATR value to allow entries for mean reversion (ATR <= max). Low ATR = exhausted move ready to reverse (good). High ATR = strong momentum (bad for mean reversion). Range 1.0-6.0 points,4.6673,4.7522,4.7522,4.7522,4.6816,4.6888,4.6967,4.747,4.8034,4.9138,4.8058,4.5463,4.7753,4.7043,4.9236,3.601,4.7147,4.7783,3.3569,4.781,4.781,4.4064,4.781,4.781,4.7357,4.7294,4.7839,4.7776,3.7698,4.308,3.8374,4.2805,4.2805,4.8447,4.7747,4.562,3.9286,4.598,4.6223,4.2881,4.2881,4.2017,3.783,4.2564,4.2017,4.2017,4.2017,3.3666,4.2599,4.9669,4.9669,3.3143,4.9454,4.7897,4.1016,4.6494,4.6924,3.8204,4.8861,4.9813,3.9949,5.112,4.61,4.3712,3.1136,4.8181,5.0488,3.7551,4.8778,4.2316,4.8005,4.5613,4.9064,4.8107,4.6494,4.7013,4.6682,4.6682,4.6903,4.9006,4.8182,4.8242,3.3143,4.7406,4.9606,4.6377,4.0859,4.6443,4.9752,4.8102,4.9766,4.624,4.9606,3.2522,3.2522,3.2522,5.1481,4.9169,4.6627,4.6627,4.6627,3.0354,3.0354,3.0447,4.5433,4.9161,4.759,4.3168,4.8095,4.6494,4.8517,4.1516,4.7855,3.2522,4.9763,4.734,4.7739,4.8081,4.5792,4.9215,4.7385,3.0236,3.072,4.8062,4.9629,4.8441,5.268,4.8326,4.5247,3.5612,5.0073,4.0663,4.8131,4.837,5.2171,4.8042,4.9865,4.6756,4.925,5.0474,4.949,4.6392,4.8814,3.9077,4.8877,5.0064,4.6759,4.83,4.7658,5.0533,4.8401,5.0921,4.9057,4.8044,4.7669,4.187,4.9571,4.8073,4.9033,4.8258,3.9855,4.6732,4.704,4.1016,4.8051,5.0022,5.0492,5.1313,4.9558,5.0087,4.8441,4.8022,4.9725,4.1259,4.9456,4.7936,4.6028,4.1549,5.0115,4.8821,5.1074,4.8353,4.9787,4.7104,4.6672,4.8713,4.21,3.8373,4.5731,4.8647,4.9572,5.0521,4.1876,4.7498,4.972,4.9523,5.0031,5.0434,5.0425,4.9881,3.072,4.7498,4.9644,4.7113,4.9218,5.1446,4.9829,5.2825,3.3612,4.9787,4.9673,4.9673,4.7874,4.9667,4.9572,5.0399,4.9818,5.0881,4.7202,4.7387,4.9853,4.9202,5.1446,4.9911,4.7389,5.0602,4.7941,5.0776,5.0565,4.7467,5.0218,5.099,4.9163,5.165,5.072,5.0787,5.2381,5.0946,4.9976,4.846,4.3493,4.9359,5.0334,4.8124,4.7387,5.166,4.9921,5.2217,4.8425,4.6672,5.2313,4.9802,4.5827,4.7378,4.8165,4.7099,4.8358,4.7188,4.9673,5.1034,4.7639,4.8111,5.151,4.8202,4.7934,4.7188,4.9727,5.1834,4.8044,4.7408,5.1199,4.6549,4.3109,4.988,5.195,4.8914,4.7344,4.8012,5.351,4.8627,5.0178,5.0162,4.9566,5.3146,4.8235,4.8088,4.7317,5.2488,5.0536,5.1102,4.6791,4.7582,4.9867,4.8448,5.0751,5.2165,4.8613,4.6884,5.1249,5.2896,5.0648,5.2562,4.8779,4.9905,4.9733,5.3598,5.2127,5.0205,4.9739,4.915,5.3249,5.0648,3.2,4.9554,5.0648,4.8235,4.9222,5.5149,4.9005,5.4921,5.0006,4.8409,5.0408,5.0361,3.0167,5.019,5.01,5.2032,4.8205,5.0422,4.9535,5.3566,4.9976,4.9976,5.0168,4.7508,4.9605,4.8713,5.3594,5.2939,5.0046,5.0911,4.8012,5.2666,4.9919,4.9716,5.3493,5.0962,5.259,5.2594,5.4105,4.9502,5.3984,4.9714,4.9524,5.3949,5.1405,5.2507,5.1576,5.0536,5.249,5.1131,4.9305,5.2446,5.2733,5.2323,5.3994,5.3984,4.52,5.2474,5.1705,4.8719,5.3161,5.3323,5.2323,5.3592,5.1276,5.1276,5.3986,5.1506,5.3618,5.0003,5.2655,5.2974,5.5793,5.2049,5.3752,5.1415,5.4966,5.7206,5.1816,5.3048,5.485,5.5068,5.3513,5.378,5.3179,5.0743,5.2974,5.4363,5.482,5.3587,5.2196,5.6532,5.1243,5.5258,5.406,5.1346,5.1346,5.406,5.5231,5.5231,5.1476,3.1069,5.3312,5.6262,5.4159,5.3922,5.3922,5.2974,5.3817,5.3804,5.3494,5.454,2.8959,2.8959,5.3836,5.2459,5.3911,5.3139,5.4861,2.8959,5.6433,5.699,5.378,5.378,5.5696,5.6864,5.5722,5.472,5.5308,5.629,5.4368,5.6489,5.6218,5.2452,6.0,5.4957,5.3188,5.2695,5.3461,5.7686,5.4304,5.7016,5.5344,5.7948,5.6626,5.8002,5.7439,5.8334,5.8183,5.3325,5.824,5.6908,5.5047,5.6911,5.7967,5.781,5.8002,5.7294,5.6998,5.7272,5.6998,5.7336,5.5969,5.673,5.8899,5.9085,5.5434,5.9059,5.8682,5.8685,5.7159,5.9357,6.0,5.7656,5.7032,5.6995,5.7342,5.4114,6.0,5.9582,5.6517,5.9186,6.0,5.8369,6.0,5.8369,5.4827,5.8369,5.8901,5.7286,5.9876,5.7462,5.7916,5.7522,6.0,5.9481,5.9573,6.0,5.8468,5.7916,5.9401,5.9219,5.9932,5.8846,5.9722,5.8654,6.0,5.9932,5.9932,5.9932,5.9932,6.0,5.9932,6.0,5.9932,6.0,6.0,6.0,5.9626,6.0,6.0,5.9932,6.0,6.0,6.0,6.0,6.0,6.0,5.8298,6.0
Min ATR Filter (Points),0.5,1,1.5,float,Minimum ATR floor (optional) to ensure stops aren't too tight. Default 0.5 points. ATR must be >= this AND <= Max ATR Filter,1.5,1.5,1.5,1.5,1.5,1.5,1.4326,1.4879,1.4544,1.5,1.4904,1.5,1.5,1.5,1.5,1.3925,1.5,1.5,1.5,1.5,1.5,1.5,1.5,1.5,1.5,1.5,1.5,1.5,1.5,1.404,1.4431,1.404,1.404,1.5,1.5,1.5,1.5,1.2975,1.4865,1.4808,1.4808,1.2975,1.5,1.4081,1.2975,1.2975,1.2975,1.5,1.2975,1.5,1.5,1.5,1.5,1.5,1.5,1.4904,1.5,1.4324,1.4915,1.4993,1.4489,1.4927,1.5,1.3232,1.5,1.5,1.5,1.4407,1.5,1.4725,1.4085,1.4904,1.5,1.3665,1.3332,1.5,1.4928,1.4928,1.4916,1.4834,1.4689,1.5,1.3792,1.355,1.5,1.5,1.5,1.3606,1.5,1.5,1.5,1.5,1.5,1.5,1.5,1.5,1.4964,1.4689,1.5,1.5,1.5,1.5,1.5,1.4306,1.5,1.4683,1.4077,1.5,1.4684,1.267,1.4861,1.474,1.5,1.4461,1.0,1.3539,1.4455,1.5,1.5,1.5,1.2903,1.4009,1.4009,1.5,1.4955,1.5,1.5,1.5,1.4687,1.3695,1.5,1.4459,1.4704,1.5,1.5,1.4288,1.5,1.5,1.3456,1.5,1.4272,1.5,1.4941,1.3728,1.3432,1.4968,1.5,1.4963,1.4996,1.5,1.4974,1.4667,1.5,1.3232,1.4486,1.3488,1.4817,1.4825,1.5,1.4264,1.344,1.5,1.4665,1.5,1.5,1.4953,1.4076,1.493,1.5,1.4866,1.495,1.382,1.4612,1.3961,1.5,1.5,1.2906,1.3626,1.4907,1.5,1.4692,1.5,1.3989,1.5,1.4975,1.5,1.4822,1.445,1.4292,1.5,1.5,1.4905,1.5,1.4677,1.5,1.4475,1.4859,1.4403,1.416,1.5,1.2385,1.4677,1.3625,1.5,1.471,1.497,1.4486,1.5,1.4405,1.3989,1.5,1.5,1.5,1.3701,1.1733,1.5,1.4544,1.4597,1.5,1.5,1.5,1.4186,1.5,1.3539,1.4844,1.4902,1.2018,1.5,1.4637,1.3134,1.4943,1.5,1.5,1.4823,1.5,1.4956,1.5,1.5,1.5,1.4998,1.5,1.4693,1.4709,1.4532,1.5,1.4805,1.5,1.4842,1.5,1.4975,1.483,1.5,1.438,1.4947,1.3956,1.5,1.5,1.5,1.1851,1.4587,1.3802,1.4989,1.5,1.2229,1.1584,1.5,1.5,1.4764,1.5,1.5,1.3188,1.4563,1.4603,1.5,1.4797,1.38,1.3801,1.3763,1.5,1.5,1.5,1.4964,1.3566,1.4871,1.1584,1.4525,1.281,1.5,1.5,1.1677,1.226,1.5,1.2895,1.2763,1.4972,1.5,1.5,1.3525,1.5,1.4949,1.2732,1.4565,1.4951,1.5,1.5,1.5,1.4962,1.408,1.2995,1.5,1.5,1.2248,1.5,1.4216,1.1646,1.0,1.5,1.4759,1.5,1.477,1.5,1.2495,1.4606,1.1646,1.4289,1.4896,1.4446,1.4846,1.4115,1.1012,1.4467,1.5,1.5,1.5,1.5,1.4982,1.5,1.2325,1.4982,1.4841,1.439,1.4906,1.5,1.5,1.5,1.442,1.4713,1.4701,1.472,1.464,1.5,1.233,1.5,1.0126,1.4783,1.4988,1.455,1.5,1.3121,1.5,1.4746,1.4908,1.1826,1.5,1.4918,1.3109,1.4594,1.5,1.5,1.5,1.1012,1.5,1.5,1.4168,1.1584,1.471,1.5,1.5,1.5,1.5,1.4772,1.5,1.4797,1.1647,1.4812,1.3664,1.4859,1.0762,1.4888,1.5,1.201,1.5,1.496,1.5,1.5,1.5,1.3202,1.5,1.4851,1.5,1.4998,1.3965,1.5,1.4951,1.246,1.4967,1.5,1.2924,1.2924,1.5,1.4996,1.4996,1.2599,1.3728,1.4052,1.5,1.4805,1.3705,1.3705,1.1647,1.5,1.4808,1.5,1.5,1.3728,1.3728,1.4995,1.4994,1.4509,1.4941,1.4649,1.3728,1.3626,1.4986,1.5,1.5,1.5,1.3587,1.4852,1.5,1.5,1.5,1.4241,1.5,1.5,1.4994,1.5,1.5,1.5,1.2562,1.3174,1.5,1.5,1.5,1.5,1.5,1.5,1.5,1.4496,1.4756,1.5,1.3832,1.4985,1.5,1.314,1.4999,1.5,1.5,1.5,1.3284,1.4978,1.5,1.4978,1.5,1.5,1.4834,1.5,1.5,1.5,1.4716,1.5,1.5,1.4332,1.4991,1.5,1.1647,1.5,1.5,1.5,1.5,1.5,1.3587,1.2831,1.498,1.5,1.5,1.5,1.5,1.5,1.5,1.5,1.5,1.5,1.4979,1.5,1.5,1.5,1.5,1.498,1.2854,1.5,1.5,1.4824,1.5,1.5,1.5,1.4977,1.5,1.5,1.5,1.5,1.5,1.5,1.1647,1.4388,1.5,1.4239,1.5,1.4999,1.11,1.5,1.5,1.5,1.4388,1.5,1.5,1.5,1.5,1.5,1.5,1.3926,1.5
Enable Trend Filter,1,0,1,int,"Trade with trend only (Long > EMA, Short < EMA) - OPTIMIZABLE",0,0,0,0,0,0,0,0,0,0,0,0,0,0,0,0,0,0,0,0,0,0,0,0,0,0,0,0,0,0,0,0,0,0,0,0,0,0,0,0,0,0,0,0,0,0,0,0,0,0,0,0,0,0,0,0,0,0,0,0,0,0,0,0,0,0,0,0,0,0,0,0,0,0,0,0,0,0,0,0,0,0,0,0,0,0,0,0,0,0,0,0,0,0,0,0,0,0,1,1,1,0,0,0,0,0,0,0,0,0,0,0,0,0,0,0,0,0,0,0,0,0,0,0,0,0,0,0,0,0,0,0,0,0,0,0,0,0,0,0,0,0,0,0,0,0,0,0,0,0,0,0,0,0,0,0,0,0,0,0,0,0,0,0,0,0,0,0,0,0,0,0,0,0,0,0,0,0,0,0,0,0,0,0,0,0,1,1,0,0,0,0,0,0,0,0,0,0,0,0,0,0,0,0,0,0,0,0,0,0,0,0,0,0,0,0,0,0,0,0,0,0,0,0,0,0,0,0,0,0,0,0,0,0,0,0,0,0,0,0,0,0,0,0,0,0,0,0,0,0,0,0,0,0,0,0,0,0,0,0,0,0,0,0,0,0,0,0,0,0,0,0,0,0,0,0,0,0,0,0,0,0,0,0,0,0,0,0,0,0,0,0,0,0,0,0,0,0,0,0,0,0,0,0,0,0,0,0,0,0,0,0,0,0,0,0,0,0,0,0,0,0,0,0,0,0,0,0,0,0,0,0,0,0,0,0,0,0,0,0,0,0,0,0,0,0,0,0,0,0,0,0,0,0,0,0,0,0,0,0,0,0,0,0,0,0,0,0,0,0,0,0,0,0,0,0,0,0,0,0,0,0,0,0,0,0,0,0,0,0,0,0,0,0,0,0,0,0,0,0,0,0,0,0,0,0,0,0,0,0,0,0,0,0,0,0,0,0,0,0,0,0,0,0,0,0,0,0,0,0,0,0,0,0,0,0,0,0,0,0,0,0,0,0,0,0,0,0,0,0,0,0,0,0,0,0,0,0,0,0,0,0,0,0,0,0,0,0,0,0,0,0,0,0,0,0,0,0,0,0,0,0,0,0,0,0,0,0,0,0,0,0,0,0,0,0,0,0,0,0,0,0,0,0,0,0,0,0,0,0,0,0,0,0,0,0,0,0,0,0,0,0,0,0,0,0,0,0,0,0,0,0,0,0,0,0,0,0,0,0,0,0
Trend EMA Length,200,30,200,int,EMA Length for trend filter,97,97,97,97,97,99,122,93,76,191,99,101,101,100,191,68,147,30,182,86,86,30,86,86,86,86,83,84,120,72,30,72,72,77,200,105,145,68,123,48,48,68,63,144,68,68,68,140,68,196,196,177,71,47,80,47,121,84,46,88,64,101,156,106,67,159,119,118,110,63,145,47,113,149,47,152,119,119,133,118,112,113,177,81,115,150,146,56,149,72,125,124,115,149,149,149,111,112,108,108,108,180,180,121,100,116,131,91,107,47,136,30,78,149,136,137,62,100,100,137,55,128,128,124,72,99,95,117,98,40,45,141,30,96,150,65,68,115,148,35,111,155,108,77,146,161,173,125,67,88,166,124,143,117,151,101,127,97,89,30,36,96,103,80,148,104,148,137,93,176,30,81,140,132,151,32,120,77,138,119,89,136,145,55,139,80,84,75,46,102,69,105,150,137,70,94,145,30,63,123,128,137,122,68,99,76,77,91,174,145,136,136,147,200,69,159,126,161,148,46,134,127,76,128,93,139,102,179,163,52,130,154,91,108,155,167,53,125,100,154,200,141,123,120,46,176,32,112,74,139,138,136,78,100,100,147,147,82,91,105,111,80,86,196,175,82,76,60,149,72,131,142,101,151,200,74,161,54,59,82,133,138,162,88,175,80,35,89,128,107,149,138,161,142,100,149,149,86,100,42,168,98,134,111,160,154,184,161,151,152,151,168,200,152,168,175,100,139,140,95,82,150,143,168,118,131,117,132,127,168,149,178,100,100,103,144,149,153,138,44,133,131,97,132,149,174,102,47,149,126,122,164,93,184,78,133,174,30,30,128,117,122,168,173,131,176,65,93,73,30,168,132,48,68,176,99,149,149,92,149,164,153,52,165,113,94,101,162,131,135,125,153,146,160,132,97,134,40,73,115,125,173,149,94,134,117,70,149,149,70,124,124,138,30,127,184,153,181,181,165,113,133,97,138,30,30,77,131,95,98,126,30,105,127,97,97,89,94,127,133,115,73,178,193,115,154,150,111,131,137,149,101,118,159,135,120,116,106,64,151,103,113,87,103,139,126,152,102,107,126,134,131,134,65,105,94,107,117,30,153,107,69,94,116,123,127,81,144,121,80,161,94,150,65,101,65,129,65,80,64,69,142,72,86,84,97,89,79,65,99,158,84,96,150,124,90,63,96,65,124,124,124,124,127,124,108,124,121,102,171,105,95,157,124,97,97,144,110,121,153,124,39
Enable ADX Filter,1,0,1,int,Trade only when ADX < Threshold (Ranging Markets) - OPTIMIZABLE,0,0,0,0,0,0,0,0,0,0,0,0,0,0,0,0,0,0,0,0,0,0,0,0,0,0,0,0,0,0,0,0,0,0,0,0,0,0,0,0,0,0,0,0,0,0,0,0,0,0,0,0,0,0,0,0,0,0,0,0,0,0,0,0,0,0,0,0,0,0,0,0,0,0,0,0,0,0,0,0,0,0,0,0,0,0,0,0,0,0,0,0,0,0,0,0,0,0,0,0,0,0,0,0,0,0,0,0,0,0,0,0,0,0,0,0,0,0,0,0,0,0,0,0,0,0,0,0,0,0,0,0,0,0,0,0,0,0,0,0,0,0,0,0,0,0,0,0,0,0,0,0,0,0,0,0,0,0,0,0,0,0,0,0,0,0,0,0,0,0,0,0,0,0,0,0,0,0,0,0,0,0,0,0,0,0,0,0,0,0,0,0,0,0,0,0,0,0,0,0,0,0,0,0,0,0,0,0,0,0,0,0,0,0,0,0,0,0,0,0,0,0,0,0,0,0,0,0,0,0,0,0,0,0,0,0,0,0,0,0,1,0,0,0,0,0,0,0,0,0,0,0,0,0,0,0,0,0,0,0,0,0,0,0,0,0,0,0,0,0,0,0,1,0,0,0,0,0,0,0,0,0,0,0,0,0,0,0,0,0,0,0,0,0,0,0,0,0,0,0,0,0,0,0,0,0,0,0,0,0,0,0,0,0,0,0,0,0,0,0,0,0,0,0,0,0,0,0,0,0,0,0,0,0,0,0,0,0,0,0,0,0,0,0,0,0,0,0,0,0,0,0,0,0,0,0,0,0,0,0,0,0,0,0,0,0,0,0,0,0,0,0,0,0,0,0,0,0,0,0,0,0,0,0,0,0,0,0,0,0,0,0,0,0,0,0,0,1,0,0,0,0,0,0,0,0,0,0,0,0,0,0,0,0,0,0,0,0,0,0,0,0,0,0,0,0,0,0,0,0,0,0,0,0,0,0,0,0,0,0,0,0,0,0,0,0,0,0,0,0,0,0,0,0,0,0,0,0,0,0,0,0,0,0,0,0,0,0,0,0,0,0,0,0,0,0,0,0,0,0,0,0,0,0,0,0,0,0,0,0,0,0,0,0,0,0,0,0,0,0,0,0,0,0,0,0,0,0,0,0,0,0,1,0,0,0,0,0,0,0,0,0,0,0,0,0,0,0,0,0,0,0,0,0,0,0,0,0,0,0,0,0
ADX Period,14,10,30,int,Lookback period for ADX calculation,30,30,30,30,30,30,23,25,24,22,24,25,27,30,22,23,24,30,22,28,28,22,28,28,28,28,28,23,30,23,22,23,23,23,22,17,26,24,24,24,24,24,26,18,24,24,24,24,24,20,20,19,29,23,30,28,30,23,21,30,30,24,28,25,17,30,23,23,27,16,22,28,22,25,28,28,15,15,19,27,25,22,19,25,12,27,25,21,13,29,17,30,12,19,19,19,23,25,27,27,27,24,24,24,24,24,30,30,24,28,17,23,28,19,22,23,19,24,28,24,24,24,24,23,25,23,22,24,21,24,27,25,20,23,27,26,18,30,21,24,27,28,25,24,21,14,22,23,22,23,30,18,26,27,17,30,23,24,23,26,24,30,26,30,22,29,24,23,21,28,23,24,25,28,21,28,25,24,21,23,28,22,23,29,30,26,23,29,23,23,25,24,27,23,25,21,28,19,24,26,24,23,20,24,21,23,22,26,19,23,24,24,24,23,25,11,22,29,25,24,24,23,23,29,21,21,23,22,26,24,19,21,14,28,30,18,24,23,28,20,19,27,22,25,24,29,28,25,24,30,24,23,25,30,26,25,25,17,23,28,23,29,27,23,24,17,24,21,24,25,24,26,18,18,26,22,24,24,22,17,22,19,30,25,24,22,24,20,24,22,24,24,20,25,28,18,30,25,28,17,23,22,20,16,23,21,21,22,23,24,24,23,23,21,23,24,30,23,24,18,17,25,25,23,23,14,23,18,24,23,24,21,28,28,30,20,24,24,21,21,23,18,22,22,24,22,22,23,22,23,20,24,23,23,26,21,24,24,23,24,24,21,23,25,16,24,25,23,17,30,23,23,30,27,24,21,24,24,22,24,23,24,29,23,20,27,27,26,16,27,21,23,21,24,15,30,21,30,21,23,22,21,24,22,24,23,29,24,24,28,20,20,29,24,23,22,27,21,21,23,26,21,26,24,24,24,23,24,30,16,24,24,24,20,30,30,16,22,22,20,23,29,25,22,23,24,20,16,24,23,24,22,23,21,23,23,24,23,25,19,21,21,24,23,24,19,21,21,23,23,25,16,25,26,30,22,23,23,30,25,23,22,22,21,25,26,15,19,29,23,22,22,24,25,24,27,24,27,23,27,17,28,27,26,17,30,19,22,25,22,17,17,29,24,22,28,25,24,27,22,22,22,22,26,22,26,22,29,24,23,23,22,26,22,17,17,19,22,29,25,25,24
Max ADX Threshold,25,15,25,int,Maximum ADX allowed for entry. Lower = Only extremely choppy. Higher = Allow some trend.,18,17,17,17,17,20,16,16,16,19,25,16,21,22,19,24,21,19,19,24,24,20,24,24,24,24,19,17,21,19,16,19,19,20,16,18,17,20,22,19,19,20,18,19,20,20,20,22,20,21,21,19,22,15,20,23,19,18,16,15,24,15,21,18,17,18,17,23,18,20,18,23,19,16,23,20,16,16,18,18,18,25,19,16,20,16,18,15,17,19,15,18,20,21,21,21,16,18,15,15,15,19,19,19,15,22,19,21,18,23,17,19,20,21,17,18,20,15,17,17,16,18,18,22,23,21,23,18,17,18,23,19,17,18,16,17,15,19,19,23,25,23,21,17,19,18,21,21,19,20,18,15,19,16,19,15,22,18,22,17,20,20,23,20,18,22,17,17,17,15,24,16,17,19,21,18,20,16,15,15,22,18,17,25,16,17,25,17,25,20,15,25,17,17,18,23,15,18,16,18,18,17,18,18,24,23,21,21,18,17,17,17,17,15,15,19,22,16,18,19,17,22,23,20,17,19,18,18,22,20,17,17,21,19,15,16,17,21,15,20,25,17,25,18,19,19,18,18,15,16,21,18,22,16,20,18,18,19,18,16,18,17,24,18,17,19,17,16,17,19,18,18,23,19,18,16,19,15,16,19,17,23,17,15,17,20,19,21,18,15,17,21,18,16,16,19,16,20,15,17,17,18,18,18,17,17,18,22,21,17,15,17,18,15,17,17,17,21,17,15,19,17,16,17,18,17,19,19,24,17,17,17,15,15,18,17,17,17,21,16,17,17,24,24,17,18,19,16,19,24,19,17,22,18,22,19,18,24,17,18,18,22,17,17,19,17,17,22,23,19,17,21,23,22,17,24,17,17,24,17,20,19,20,17,17,21,24,17,19,18,20,21,19,16,19,21,19,25,17,22,24,19,17,21,17,22,19,17,17,19,19,19,16,18,18,18,15,17,17,17,15,19,22,23,18,18,18,17,16,17,24,18,19,19,21,21,24,19,25,15,25,22,21,19,22,18,22,18,17,16,17,16,19,18,24,16,21,18,15,18,18,16,15,16,17,19,19,20,18,24,18,17,18,21,18,18,18,20,19,17,18,18,18,17,17,17,18,21,19,18,20,19,17,22,20,22,18,22,18,22,23,17,23,19,18,21,17,22,22,19,16,18,25,18,20,22,18,22,22,20,20,20,20,17,20,22,20,19,18,20,20,16,18,20,19,19,21,20,19,18,20,21
RTH Start (HH:MM),09:30,09:30,09:30,str,Regular trading hours start (Eastern Time),,,,,,,,,,,,,,,,,,,,,,,,,,,,,,,,,,,,,,,,,,,,,,,,,,,,,,,,,,,,,,,,,,,,,,,,,,,,,,,,,,,,,,,,,,,,,,,,,,,,,,,,,,,,,,,,,,,,,,,,,,,,,,,,,,,,,,,,,,,,,,,,,,,,,,,,,,,,,,,,,,,,,,,,,,,,,,,,,,,,,,,,,,,,,,,,,,,,,,,,,,,,,,,,,,,,,,,,,,,,,,,,,,,,,,,,,,,,,,,,,,,,,,,,,,,,,,,,,,,,,,,,,,,,,,,,,,,,,,,,,,,,,,,,,,,,,,,,,,,,,,,,,,,,,,,,,,,,,,,,,,,,,,,,,,,,,,,,,,,,,,,,,,,,,,,,,,,,,,,,,,,,,,,,,,,,,,,,,,,,,,,,,,,,,,,,,,,,,,,,,,,,,,,,,,,,,,,,,,,,,,,,,,,,,,,,,,,,,,,,,,,,,,,,,,,,,,,,,,,,,,,,,,,,,,,,,,,,,,,,,,,,,,,,,,,,,,,,,,,,,,,,,,,,,,,,,,,,,,,,,,,,,,,,,,,,,,,,,,,,,,
RTH End (HH:MM),16:00,16:00,16:00,str,Regular trading hours end (Eastern Time),,,,,,,,,,,,,,,,,,,,,,,,,,,,,,,,,,,,,,,,,,,,,,,,,,,,,,,,,,,,,,,,,,,,,,,,,,,,,,,,,,,,,,,,,,,,,,,,,,,,,,,,,,,,,,,,,,,,,,,,,,,,,,,,,,,,,,,,,,,,,,,,,,,,,,,,,,,,,,,,,,,,,,,,,,,,,,,,,,,,,,,,,,,,,,,,,,,,,,,,,,,,,,,,,,,,,,,,,,,,,,,,,,,,,,,,,,,,,,,,,,,,,,,,,,,,,,,,,,,,,,,,,,,,,,,,,,,,,,,,,,,,,,,,,,,,,,,,,,,,,,,,,,,,,,,,,,,,,,,,,,,,,,,,,,,,,,,,,,,,,,,,,,,,,,,,,,,,,,,,,,,,,,,,,,,,,,,,,,,,,,,,,,,,,,,,,,,,,,,,,,,,,,,,,,,,,,,,,,,,,,,,,,,,,,,,,,,,,,,,,,,,,,,,,,,,,,,,,,,,,,,,,,,,,,,,,,,,,,,,,,,,,,,,,,,,,,,,,,,,,,,,,,,,,,,,,,,,,,,,,,,,,,,,,,,,,,,,,,,,,,
Enable RTH Filter,1,0,1,int,"Restrict entries to RTH only (0=false, 1=true) - OPTIMIZABLE",0,0,0,0,0,0,0,0,0,0,0,0,0,0,0,0,0,0,0,0,0,0,0,0,0,0,0,0,0,0,0,0,0,0,0,0,0,0,0,0,0,0,0,0,0,0,0,0,0,0,0,0,0,0,0,0,0,0,0,0,0,0,0,0,0,0,0,0,0,0,0,0,0,0,0,0,0,0,0,0,0,0,0,0,0,0,0,0,0,0,0,0,0,0,0,0,0,0,0,0,0,0,0,0,0,0,0,0,0,0,0,0,0,0,0,0,0,0,0,0,0,0,0,0,0,0,0,0,0,0,0,0,0,0,0,0,0,0,0,0,0,0,0,0,0,0,0,0,0,0,0,0,0,0,0,0,0,0,0,0,0,0,0,0,0,0,0,0,0,0,0,0,0,0,0,0,0,0,0,0,0,0,0,0,0,0,0,0,0,0,0,0,0,0,0,0,0,0,0,0,0,0,0,0,0,0,0,0,0,0,0,0,0,0,0,0,0,0,0,0,0,0,0,0,0,0,0,0,0,0,0,0,0,0,0,0,0,0,0,0,0,0,0,0,0,0,0,0,0,0,0,0,0,0,0,0,0,0,0,0,0,0,0,0,0,0,0,0,0,0,0,0,0,0,0,0,0,0,0,0,0,0,0,0,0,0,0,0,0,0,0,0,0,0,0,0,0,0,0,0,0,0,0,0,0,0,0,0,0,0,0,0,0,0,0,0,0,0,0,0,0,0,0,0,0,0,0,0,0,0,0,0,0,0,0,0,0,0,0,0,0,0,0,0,0,0,0,0,0,0,0,0,0,0,0,0,0,0,0,0,0,0,0,0,0,0,0,0,0,0,0,0,0,0,0,0,0,0,0,0,0,0,0,0,0,0,0,0,0,0,0,0,0,0,0,0,0,0,0,0,0,0,0,0,0,0,0,0,0,0,0,0,0,0,0,0,0,0,0,0,0,0,0,0,0,0,0,0,0,0,0,0,0,0,0,0,0,0,0,0,0,0,0,0,0,0,0,0,0,0,0,0,0,0,0,0,0,0,0,0,0,0,0,0,0,0,0,0,0,0,0,0,0,0,0,0,0,0,0,0,0,0,0,0,0,0,0,0,0,0,0,0,0,0,0,0,0,0,0,0,0,0,0,0,0,0,0,0,0,0,0,0,0,0,0,0,0,0,0,0,0,0,0,0,0,0,0,0,0,0,0,0,0,0,0,0,0,0,0,0,0,0
RTH Exit Buffer (minutes),0,0,60,int,Minutes before RTH end to start closing positions (0 = no auto-close),15,14,14,14,14,16,33,16,52,28,60,34,60,60,28,34,60,16,30,60,60,34,60,60,60,60,0,60,37,45,37,45,45,34,38,34,18,35,15,35,35,35,57,32,35,35,35,33,35,44,44,32,34,42,37,38,31,30,38,29,38,60,48,60,33,44,51,38,39,36,36,38,36,41,38,19,13,13,37,29,29,60,32,37,39,35,36,38,13,37,42,50,39,33,32,33,23,29,3,3,3,33,33,33,43,31,40,37,41,38,24,35,29,33,39,39,40,43,12,32,36,32,32,48,38,35,48,37,25,33,32,29,32,43,35,46,41,35,33,44,38,41,40,32,43,36,34,21,16,40,37,42,7,36,37,22,23,38,18,39,32,48,43,37,42,60,38,35,8,33,20,31,30,37,59,0,39,30,35,33,37,18,32,60,42,23,47,41,19,37,37,45,35,21,38,34,37,38,39,38,32,21,39,23,31,22,33,33,33,32,38,38,39,46,37,35,23,38,29,35,38,23,22,29,44,36,14,31,27,44,39,49,36,60,37,39,32,21,7,0,37,48,48,37,35,31,0,29,37,42,30,25,50,0,29,36,36,39,43,29,38,14,35,31,35,39,28,37,39,36,44,43,56,35,34,42,45,38,33,39,39,39,38,8,35,34,35,36,60,35,39,60,35,34,7,33,38,37,7,38,33,32,36,34,34,49,38,36,33,29,37,33,32,39,33,35,60,22,39,37,39,38,30,33,33,38,33,20,40,33,38,37,7,7,41,24,38,37,33,38,38,36,30,38,38,37,0,39,15,16,33,37,39,43,39,38,40,40,35,60,33,32,33,32,42,35,13,39,39,28,33,24,31,34,35,31,38,38,12,38,53,39,60,32,1,59,39,31,38,28,40,41,36,38,40,59,36,37,41,45,16,48,38,29,38,25,27,39,39,27,37,37,37,33,35,18,39,39,39,32,6,41,43,29,33,33,33,26,34,37,29,33,42,36,59,59,2,10,18,39,8,37,56,40,45,29,32,34,26,38,39,11,39,13,34,39,34,38,2,12,32,38,34,30,39,35,40,33,38,16,14,16,14,60,33,42,40,43,27,38,38,47,42,10,38,44,28,31,31,27,41,10,38,28,38,29,39,29,27,29,13,36,0,0,33,59,21,40,28,46,38,33,6,20,55,35,17,31,29,55,55,55,55,44,55,22,55,31,25,43,58,15,31,55,35,35,31,18,31,36,48,41
Enable Maintenance Filter,true,false,true,bool,Exit positions before maintenance periods,,,,,,,,,,,,,,,,,,,,,,,,,,,,,,,,,,,,,,,,,,,,,,,,,,,,,,,,,,,,,,,,,,,,,,,,,,,,,,,,,,,,,,,,,,,,,,,,,,,,,,,,,,,,,,,,,,,,,,,,,,,,,,,,,,,,,,,,,,,,,,,,,,,,,,,,,,,,,,,,,,,,,,,,,,,,,,,,,,,,,,,,,,,,,,,,,,,,,,,,,,,,,,,,,,,,,,,,,,,,,,,,,,,,,,,,,,,,,,,,,,,,,,,,,,,,,,,,,,,,,,,,,,,,,,,,,,,,,,,,,,,,,,,,,,,,,,,,,,,,,,,,,,,,,,,,,,,,,,,,,,,,,,,,,,,,,,,,,,,,,,,,,,,,,,,,,,,,,,,,,,,,,,,,,,,,,,,,,,,,,,,,,,,,,,,,,,,,,,,,,,,,,,,,,,,,,,,,,,,,,,,,,,,,,,,,,,,,,,,,,,,,,,,,,,,,,,,,,,,,,,,,,,,,,,,,,,,,,,,,,,,,,,,,,,,,,,,,,,,,,,,,,,,,,,,,,,,,,,,,,,,,,,,,,,,,,,,,,,,,,,
Daily Maintenance Start (HH:MM),17:00,17:00,17:00,str,Daily maintenance period start in Eastern Time (ES: 4:00 PM CT = 5:00 PM ET),,,,,,,,,,,,,,,,,,,,,,,,,,,,,,,,,,,,,,,,,,,,,,,,,,,,,,,,,,,,,,,,,,,,,,,,,,,,,,,,,,,,,,,,,,,,,,,,,,,,,,,,,,,,,,,,,,,,,,,,,,,,,,,,,,,,,,,,,,,,,,,,,,,,,,,,,,,,,,,,,,,,,,,,,,,,,,,,,,,,,,,,,,,,,,,,,,,,,,,,,,,,,,,,,,,,,,,,,,,,,,,,,,,,,,,,,,,,,,,,,,,,,,,,,,,,,,,,,,,,,,,,,,,,,,,,,,,,,,,,,,,,,,,,,,,,,,,,,,,,,,,,,,,,,,,,,,,,,,,,,,,,,,,,,,,,,,,,,,,,,,,,,,,,,,,,,,,,,,,,,,,,,,,,,,,,,,,,,,,,,,,,,,,,,,,,,,,,,,,,,,,,,,,,,,,,,,,,,,,,,,,,,,,,,,,,,,,,,,,,,,,,,,,,,,,,,,,,,,,,,,,,,,,,,,,,,,,,,,,,,,,,,,,,,,,,,,,,,,,,,,,,,,,,,,,,,,,,,,,,,,,,,,,,,,,,,,,,,,,,,,
Daily Maintenance End (HH:MM),17:30,17:30,17:30,str,Daily maintenance period end in Eastern Time (ES: 4:30 PM CT = 5:30 PM ET),,,,,,,,,,,,,,,,,,,,,,,,,,,,,,,,,,,,,,,,,,,,,,,,,,,,,,,,,,,,,,,,,,,,,,,,,,,,,,,,,,,,,,,,,,,,,,,,,,,,,,,,,,,,,,,,,,,,,,,,,,,,,,,,,,,,,,,,,,,,,,,,,,,,,,,,,,,,,,,,,,,,,,,,,,,,,,,,,,,,,,,,,,,,,,,,,,,,,,,,,,,,,,,,,,,,,,,,,,,,,,,,,,,,,,,,,,,,,,,,,,,,,,,,,,,,,,,,,,,,,,,,,,,,,,,,,,,,,,,,,,,,,,,,,,,,,,,,,,,,,,,,,,,,,,,,,,,,,,,,,,,,,,,,,,,,,,,,,,,,,,,,,,,,,,,,,,,,,,,,,,,,,,,,,,,,,,,,,,,,,,,,,,,,,,,,,,,,,,,,,,,,,,,,,,,,,,,,,,,,,,,,,,,,,,,,,,,,,,,,,,,,,,,,,,,,,,,,,,,,,,,,,,,,,,,,,,,,,,,,,,,,,,,,,,,,,,,,,,,,,,,,,,,,,,,,,,,,,,,,,,,,,,,,,,,,,,,,,,,,,,
Weekend Maintenance Start Day,4,4,4,int,"Weekend maintenance start day (0=Monday, 1=Tuesday, 2=Wednesday, 3=Thursday, 4=Friday, 5=Saturday, 6=Sunday). For ES futures: 4 (Friday)",,,,,,,,,,,,,,,,,,,,,,,,,,,,,,,,,,,,,,,,,,,,,,,,,,,,,,,,,,,,,,,,,,,,,,,,,,,,,,,,,,,,,,,,,,,,,,,,,,,,,,,,,,,,,,,,,,,,,,,,,,,,,,,,,,,,,,,,,,,,,,,,,,,,,,,,,,,,,,,,,,,,,,,,,,,,,,,,,,,,,,,,,,,,,,,,,,,,,,,,,,,,,,,,,,,,,,,,,,,,,,,,,,,,,,,,,,,,,,,,,,,,,,,,,,,,,,,,,,,,,,,,,,,,,,,,,,,,,,,,,,,,,,,,,,,,,,,,,,,,,,,,,,,,,,,,,,,,,,,,,,,,,,,,,,,,,,,,,,,,,,,,,,,,,,,,,,,,,,,,,,,,,,,,,,,,,,,,,,,,,,,,,,,,,,,,,,,,,,,,,,,,,,,,,,,,,,,,,,,,,,,,,,,,,,,,,,,,,,,,,,,,,,,,,,,,,,,,,,,,,,,,,,,,,,,,,,,,,,,,,,,,,,,,,,,,,,,,,,,,,,,,,,,,,,,,,,,,,,,,,,,,,,,,,,,,,,,,,,,,,,
Weekend Maintenance Start Time (HH:MM),17:00,17:00,17:00,str,Weekend maintenance start time in Eastern Time (ES: Fri 4:00 PM CT = 5:00 PM ET),,,,,,,,,,,,,,,,,,,,,,,,,,,,,,,,,,,,,,,,,,,,,,,,,,,,,,,,,,,,,,,,,,,,,,,,,,,,,,,,,,,,,,,,,,,,,,,,,,,,,,,,,,,,,,,,,,,,,,,,,,,,,,,,,,,,,,,,,,,,,,,,,,,,,,,,,,,,,,,,,,,,,,,,,,,,,,,,,,,,,,,,,,,,,,,,,,,,,,,,,,,,,,,,,,,,,,,,,,,,,,,,,,,,,,,,,,,,,,,,,,,,,,,,,,,,,,,,,,,,,,,,,,,,,,,,,,,,,,,,,,,,,,,,,,,,,,,,,,,,,,,,,,,,,,,,,,,,,,,,,,,,,,,,,,,,,,,,,,,,,,,,,,,,,,,,,,,,,,,,,,,,,,,,,,,,,,,,,,,,,,,,,,,,,,,,,,,,,,,,,,,,,,,,,,,,,,,,,,,,,,,,,,,,,,,,,,,,,,,,,,,,,,,,,,,,,,,,,,,,,,,,,,,,,,,,,,,,,,,,,,,,,,,,,,,,,,,,,,,,,,,,,,,,,,,,,,,,,,,,,,,,,,,,,,,,,,,,,,,,,,
Weekend Maintenance End Day,6,6,6,int,"Weekend maintenance end day (0=Monday, 1=Tuesday, 2=Wednesday, 3=Thursday, 4=Friday, 5=Saturday, 6=Sunday). For ES futures: 6 (Sunday)",,,,,,,,,,,,,,,,,,,,,,,,,,,,,,,,,,,,,,,,,,,,,,,,,,,,,,,,,,,,,,,,,,,,,,,,,,,,,,,,,,,,,,,,,,,,,,,,,,,,,,,,,,,,,,,,,,,,,,,,,,,,,,,,,,,,,,,,,,,,,,,,,,,,,,,,,,,,,,,,,,,,,,,,,,,,,,,,,,,,,,,,,,,,,,,,,,,,,,,,,,,,,,,,,,,,,,,,,,,,,,,,,,,,,,,,,,,,,,,,,,,,,,,,,,,,,,,,,,,,,,,,,,,,,,,,,,,,,,,,,,,,,,,,,,,,,,,,,,,,,,,,,,,,,,,,,,,,,,,,,,,,,,,,,,,,,,,,,,,,,,,,,,,,,,,,,,,,,,,,,,,,,,,,,,,,,,,,,,,,,,,,,,,,,,,,,,,,,,,,,,,,,,,,,,,,,,,,,,,,,,,,,,,,,,,,,,,,,,,,,,,,,,,,,,,,,,,,,,,,,,,,,,,,,,,,,,,,,,,,,,,,,,,,,,,,,,,,,,,,,,,,,,,,,,,,,,,,,,,,,,,,,,,,,,,,,,,,,,,,,,
Weekend Maintenance End Time (HH:MM),18:00,18:00,18:00,str,Weekend maintenance end time in Eastern Time (ES: Sun 5:00 PM CT = 6:00 PM ET),,,,,,,,,,,,,,,,,,,,,,,,,,,,,,,,,,,,,,,,,,,,,,,,,,,,,,,,,,,,,,,,,,,,,,,,,,,,,,,,,,,,,,,,,,,,,,,,,,,,,,,,,,,,,,,,,,,,,,,,,,,,,,,,,,,,,,,,,,,,,,,,,,,,,,,,,,,,,,,,,,,,,,,,,,,,,,,,,,,,,,,,,,,,,,,,,,,,,,,,,,,,,,,,,,,,,,,,,,,,,,,,,,,,,,,,,,,,,,,,,,,,,,,,,,,,,,,,,,,,,,,,,,,,,,,,,,,,,,,,,,,,,,,,,,,,,,,,,,,,,,,,,,,,,,,,,,,,,,,,,,,,,,,,,,,,,,,,,,,,,,,,,,,,,,,,,,,,,,,,,,,,,,,,,,,,,,,,,,,,,,,,,,,,,,,,,,,,,,,,,,,,,,,,,,,,,,,,,,,,,,,,,,,,,,,,,,,,,,,,,,,,,,,,,,,,,,,,,,,,,,,,,,,,,,,,,,,,,,,,,,,,,,,,,,,,,,,,,,,,,,,,,,,,,,,,,,,,,,,,,,,,,,,,,,,,,,,,,,,,,,
Maintenance Buffer Minutes,5,1,30,int,Minutes before/after maintenance to exit/block trading,23,23,23,23,23,23,24,15,28,30,28,19,18,23,30,15,22,21,30,26,26,2,26,26,26,26,26,24,10,7,23,7,7,22,18,6,9,8,26,9,9,8,16,6,8,8,8,3,8,30,30,2,28,3,29,12,14,11,22,22,23,18,22,1,1,22,24,13,23,30,28,12,20,30,12,21,9,9,14,9,18,13,2,28,21,14,13,25,29,13,28,24,21,1,1,1,4,18,6,6,6,2,2,7,13,18,27,1,12,12,25,12,12,1,3,30,28,13,30,29,12,15,15,21,20,2,15,16,22,1,19,17,30,27,14,17,1,10,25,16,15,13,19,18,29,24,1,6,28,11,8,30,28,9,29,25,11,17,24,21,24,6,28,29,9,8,20,30,28,19,25,24,25,14,24,12,8,1,18,14,26,30,30,1,8,18,7,23,8,29,27,18,14,4,22,1,20,9,30,25,15,4,24,1,16,9,16,16,6,30,19,19,10,7,27,11,8,18,25,2,19,11,9,10,13,27,11,19,21,15,19,14,1,26,18,25,5,6,7,7,25,21,22,11,2,25,12,18,30,8,8,19,1,23,30,1,1,20,22,23,7,29,8,12,12,20,1,7,20,18,14,30,13,16,28,14,30,24,23,20,4,9,23,16,12,7,30,17,17,17,20,28,1,1,13,16,20,17,7,15,1,1,7,30,3,14,6,18,17,21,15,1,2,29,1,12,5,15,3,5,20,26,19,1,2,15,19,13,19,1,20,10,7,7,11,22,20,25,25,1,15,20,27,16,20,19,30,19,10,9,7,8,12,7,30,17,1,21,24,17,1,9,1,20,12,12,24,12,1,28,1,11,1,19,12,16,20,20,8,20,23,15,26,13,18,11,12,2,15,30,22,9,19,13,13,25,23,25,9,14,6,25,20,10,20,1,14,20,20,14,15,15,19,2,13,4,19,24,24,13,5,17,15,15,2,2,10,30,2,15,15,2,29,6,25,25,29,14,11,16,1,8,7,3,14,30,27,30,30,19,20,28,21,30,18,13,30,11,26,14,11,24,9,12,20,15,25,27,11,9,29,10,29,3,1,17,11,12,1,12,11,10,17,17,19,30,1,30,19,1,3,14,20,3,29,4,21,4,1,4,30,1,6,30,1,25,7,12,3,30,1,1,12,5,30,1,2,23,4,30,30,30,30,30,30,19,30,19,11,27,30,30,4,30,29,29,30,27,19,1,1,12
Volume MA Length,50,75,200,int,Rolling window for average volume calculation (used by volume filter),123,127,127,127,127,136,137,136,140,134,137,96,134,136,134,137,137,128,139,138,138,139,138,138,138,138,129,140,130,136,139,136,136,142,119,147,126,136,134,135,135,136,141,141,136,136,136,138,136,102,102,138,143,118,138,144,148,141,139,142,137,131,126,138,124,138,123,138,133,138,141,144,127,131,144,136,140,140,142,135,151,145,138,138,126,130,131,137,130,135,142,138,126,138,138,138,115,151,155,155,155,138,138,124,135,164,137,128,142,144,147,120,124,138,135,144,153,135,109,133,147,127,127,126,150,140,145,144,116,122,166,138,141,125,130,121,146,145,134,144,144,104,125,128,137,134,140,127,122,142,127,141,119,130,127,129,130,143,108,119,129,141,130,138,135,132,139,133,130,140,142,122,129,131,136,137,127,133,140,142,138,125,141,139,115,121,137,119,125,127,142,125,130,106,129,146,126,142,138,136,127,106,142,106,120,139,140,134,139,141,131,131,124,141,142,128,136,149,117,116,124,130,139,135,145,140,128,133,141,131,133,135,157,151,151,134,124,127,112,137,109,127,135,140,116,141,137,151,144,115,148,140,133,126,119,135,135,117,129,132,136,164,145,134,134,117,131,138,126,107,128,101,131,123,142,138,100,117,130,117,122,135,150,152,134,134,130,147,106,136,126,134,141,134,112,134,150,135,112,143,134,141,141,140,137,135,141,154,135,134,147,134,137,137,134,134,141,134,130,151,117,142,139,134,133,146,131,150,126,134,126,134,112,112,123,122,126,128,146,137,146,130,162,138,126,131,128,130,123,131,142,129,160,137,144,140,124,145,135,106,102,138,134,129,141,134,123,160,132,145,134,123,170,161,134,120,126,126,138,126,129,126,137,134,143,151,123,134,142,139,136,135,143,147,121,146,142,135,138,149,137,130,126,137,133,110,150,126,126,150,136,136,150,139,138,135,135,130,130,133,145,124,134,124,139,139,114,146,135,141,119,139,128,140,146,146,130,133,140,136,111,133,143,119,149,137,115,140,146,128,126,133,125,135,118,144,143,142,137,139,134,141,138,142,130,123,120,118,142,131,152,126,152,149,99,138,152,139,107,131,142,136,138,127,134,131,120,118,146,116,134,133,124,141,138,135,130,134,116,135,107,146,156,154,102,146,141,171,141,121,135,102,153,116,133,107,123,129,135,133,133,133,133,131,133,123,133,146,149,133,126,133,134,133,113,113,118,123,146,121,125,131
Max Volume Multiplier,1.2,1.2,3.0,float,"Volume filter for mean reversion - MAX volume allowed (volume <= avg * multiplier). Low volume = exhausted move ready to reverse. High volume = strong momentum (bad for mean reversion). Range 0.5-3.0 (1.0 = no filter, lower = more restrictive)",2.2789,1.9074,1.9074,2.0374,1.9074,2.6364,2.5512,2.6416,2.281,2.5202,2.4037,2.4859,2.4069,2.3884,2.5202,2.4284,2.7515,3.0,2.524,2.5743,2.5743,3.0,2.5743,2.9456,2.9456,2.5743,2.6158,2.5239,2.5974,2.4316,2.4661,2.4932,2.4932,2.8481,2.5892,2.5657,2.0211,2.3502,2.7311,2.3153,2.3153,2.31,2.1905,1.9397,2.3191,2.3191,2.3191,2.5476,2.3562,2.9197,2.9197,2.5417,2.4601,3.0,2.9477,2.48,2.3209,2.4313,2.4657,2.6888,2.416,2.8531,2.8254,2.3732,2.5769,2.9214,2.8571,2.5244,2.4078,3.0,2.0891,2.48,2.7322,2.202,2.48,2.6791,2.473,2.473,2.9439,2.9489,2.5563,2.9648,2.5417,2.9813,2.8328,2.8602,2.8922,2.4354,2.2819,2.3268,2.3294,2.2148,2.8328,2.5651,2.5651,2.5651,2.4368,2.5563,2.6152,2.6152,2.6152,2.4904,2.4904,2.4565,3.0,2.5331,3.0,2.7864,3.0,2.48,2.5351,2.3665,2.8946,2.5651,3.0,2.9813,2.8184,3.0,2.2858,2.8941,2.9829,2.424,2.424,2.9784,2.6414,2.8459,2.9354,2.7565,2.6044,2.281,2.8528,2.7248,2.9693,2.9671,2.5944,3.0,2.6809,2.6832,3.0,2.5041,2.807,2.8779,2.6661,2.5408,3.0,2.6595,2.9698,2.9219,2.8922,3.0,3.0,2.6338,3.0,2.043,2.8751,2.7923,3.0,2.6028,2.9443,3.0,2.7866,2.6303,2.876,2.9477,2.7724,2.5893,2.9961,2.7568,2.5927,2.8968,2.9243,2.8672,2.6073,2.9625,2.9178,2.1051,2.7656,2.6594,2.834,2.5928,2.4931,3.0,2.4458,2.9644,3.0,2.7273,2.2357,2.3067,2.9227,2.8591,2.6402,2.52,3.0,2.0202,2.7489,2.9185,2.9189,2.5191,3.0,2.8026,2.424,2.2675,3.0,2.9757,2.7638,2.7947,2.915,2.691,2.5145,2.5584,2.9495,3.0,2.9442,1.9038,2.3681,2.8531,2.7263,2.9449,2.8981,2.8544,2.846,2.9321,2.7947,3.0,2.7595,2.8278,3.0,2.8009,2.7039,3.0,2.7283,3.0,2.3817,2.5843,2.9257,3.0,2.8047,3.0,2.0868,2.0565,2.2307,2.9865,3.0,2.8932,2.9818,3.0,2.1051,3.0,3.0,2.9765,3.0,3.0,3.0,2.2335,2.6982,3.0,2.8818,2.5113,2.9376,2.9108,2.8986,3.0,2.7312,2.9544,2.9399,2.9982,2.7218,3.0,3.0,2.8527,2.9791,2.8885,2.8703,3.0,3.0,2.7446,2.9302,2.2041,2.6212,3.0,2.9629,3.0,2.9212,2.7232,3.0,3.0,2.9419,2.9003,2.8895,2.549,3.0,2.924,2.9448,2.9307,1.7666,2.867,3.0,3.0,2.0868,2.959,2.9157,2.9927,2.8732,2.1507,2.7863,3.0,3.0,2.8965,2.9137,3.0,3.0,2.9157,1.8581,2.922,2.9157,3.0,2.3367,2.5092,3.0,2.4416,2.9982,2.997,2.6998,2.9955,2.3275,3.0,2.6851,2.8674,2.6824,2.9157,2.9585,3.0,2.0608,2.0608,2.1817,3.0,3.0,2.996,3.0,3.0,3.0,2.7347,3.0,2.9619,3.0,2.8849,2.859,2.8115,2.7479,2.9837,2.9848,2.9924,2.9871,2.8708,2.6762,2.874,2.7308,2.8416,2.7872,2.8895,2.9041,2.5567,2.9157,2.8628,3.0,2.8789,2.9527,2.9871,2.7969,1.9579,2.9157,2.7293,3.0,2.8581,2.9399,2.9414,3.0,3.0,2.8277,3.0,2.9551,2.7708,2.7128,2.923,2.4141,2.2443,2.889,2.8652,2.9996,2.6201,2.9985,2.9106,2.4655,3.0,3.0,2.3161,2.8662,3.0,2.7694,3.0,3.0,2.948,3.0,2.661,3.0,2.8112,3.0,2.9937,2.9937,3.0,2.892,2.9571,2.999,2.2724,2.7764,3.0,3.0,3.0,3.0,2.923,3.0,2.8785,3.0,2.8564,2.2724,2.2724,2.7394,2.6211,2.6025,2.9897,2.9429,2.2724,2.9329,2.9342,2.459,2.5768,2.0223,2.7135,3.0,3.0,2.5891,2.6611,2.884,2.8384,3.0,2.5727,3.0,2.1507,2.5357,3.0,3.0,2.7663,2.8417,2.3844,2.9929,3.0,2.9513,3.0,2.9739,2.4608,2.9656,2.7995,2.9311,2.8948,3.0,3.0,2.4915,2.9648,3.0,2.9837,3.0,2.5578,3.0,2.7342,3.0,2.7202,2.8377,3.0,2.8072,2.627,3.0,3.0,2.7044,2.3727,2.8931,1.5241,3.0,2.8567,3.0,3.0,2.8961,2.7135,3.0,3.0,3.0,2.9673,2.9169,2.6321,3.0,2.9673,2.744,3.0,2.8787,2.7681,3.0,2.5768,2.5759,2.9639,2.861,2.8381,2.8732,3.0,2.6043,3.0,2.8798,2.7762,2.4477,2.6802,2.9673,3.0,3.0,3.0,3.0,1.5241,2.9688,2.7676,3.0,3.0,3.0,2.9324,2.9784,2.1501,2.9723,2.9688,2.4907,2.4907,2.8567,2.955,3.0,2.964,1.7112,2.5914
Timeframe (minutes),15,1,5,int,Resample timeframe in minutes,4,4,4,4,4,4,5,4,5,5,5,4,4,4,5,5,4,4,5,4,4,5,4,4,4,4,4,4,5,3,5,3,3,4,4,4,5,3,4,3,3,3,5,5,3,3,3,5,3,4,4,5,4,4,5,4,4,5,4,4,4,5,4,5,5,4,4,5,4,5,5,4,4,4,4,4,4,4,4,3,4,3,5,4,4,4,4,4,4,4,4,4,4,5,5,5,4,4,4,4,4,5,5,5,4,4,4,3,4,4,4,5,4,5,4,4,4,4,3,4,4,5,5,4,4,4,4,4,4,5,4,5,4,4,4,4,4,4,4,4,4,4,4,5,4,5,4,4,4,4,4,4,4,5,4,4,4,4,4,4,5,4,4,5,4,4,4,4,4,4,4,4,4,5,4,3,4,3,4,4,4,4,5,4,3,4,4,4,4,4,4,4,4,4,4,4,4,4,4,4,5,4,4,4,4,4,4,3,5,5,4,4,4,3,4,4,4,4,4,4,4,4,4,4,4,4,4,4,4,4,4,4,4,4,4,4,4,4,3,3,4,4,4,4,4,4,3,4,4,3,4,4,5,3,4,4,4,4,4,4,4,4,4,4,4,4,4,4,4,4,4,4,3,4,4,4,4,3,4,4,4,4,4,4,4,5,4,4,4,4,4,3,4,4,3,4,4,4,3,4,4,4,4,3,4,4,4,4,4,4,4,4,5,4,4,4,3,5,4,4,4,4,4,4,5,4,5,4,4,4,4,4,3,3,3,4,4,4,4,4,4,4,4,4,4,4,4,4,4,4,4,4,3,4,4,4,4,4,4,4,3,5,4,4,4,4,4,3,4,3,4,4,4,4,4,4,4,4,4,4,4,4,4,4,4,3,4,4,4,5,5,4,4,4,4,3,4,4,4,3,4,4,4,4,4,4,3,4,4,3,4,4,4,5,4,4,4,4,4,4,4,4,4,4,5,5,4,5,5,4,4,5,4,4,3,3,3,4,4,4,4,3,3,4,3,5,4,3,5,4,4,4,4,4,4,4,4,4,4,4,4,4,4,4,4,4,4,4,4,4,3,4,3,3,3,4,4,3,3,4,4,4,4,4,4,5,3,4,5,4,4,4,4,3,4,3,4,3,4,3,4,4,3,3,3,3,4,3,3,4,4,3,4,4,5,3,3,3,3,5,5,5,5,5,5,3,5,5,3,5,5,4,4,5,3,3,4,5,5,5,5,4
Max Open Trades,1,1,1,int,Maximum concurrent positions,,,,,,,,,,,,,,,,,,,,,,,,,,,,,,,,,,,,,,,,,,,,,,,,,,,,,,,,,,,,,,,,,,,,,,,,,,,,,,,,,,,,,,,,,,,,,,,,,,,,,,,,,,,,,,,,,,,,,,,,,,,,,,,,,,,,,,,,,,,,,,,,,,,,,,,,,,,,,,,,,,,,,,,,,,,,,,,,,,,,,,,,,,,,,,,,,,,,,,,,,,,,,,,,,,,,,,,,,,,,,,,,,,,,,,,,,,,,,,,,,,,,,,,,,,,,,,,,,,,,,,,,,,,,,,,,,,,,,,,,,,,,,,,,,,,,,,,,,,,,,,,,,,,,,,,,,,,,,,,,,,,,,,,,,,,,,,,,,,,,,,,,,,,,,,,,,,,,,,,,,,,,,,,,,,,,,,,,,,,,,,,,,,,,,,,,,,,,,,,,,,,,,,,,,,,,,,,,,,,,,,,,,,,,,,,,,,,,,,,,,,,,,,,,,,,,,,,,,,,,,,,,,,,,,,,,,,,,,,,,,,,,,,,,,,,,,,,,,,,,,,,,,,,,,,,,,,,,,,,,,,,,,,,,,,,,,,,,,,,,,,
Transaction Cost (Per Trade),20.0,20,20,float,Estimated friction per trade (Slippage + Commissions) to realistic PnL. E.g. $4 comm + $12.50 slip = 16.5,,,,,,,,,,,,,,,,,,,,,,,,,,,,,,,,,,,,,,,,,,,,,,,,,,,,,,,,,,,,,,,,,,,,,,,,,,,,,,,,,,,,,,,,,,,,,,,,,,,,,,,,,,,,,,,,,,,,,,,,,,,,,,,,,,,,,,,,,,,,,,,,,,,,,,,,,,,,,,,,,,,,,,,,,,,,,,,,,,,,,,,,,,,,,,,,,,,,,,,,,,,,,,,,,,,,,,,,,,,,,,,,,,,,,,,,,,,,,,,,,,,,,,,,,,,,,,,,,,,,,,,,,,,,,,,,,,,,,,,,,,,,,,,,,,,,,,,,,,,,,,,,,,,,,,,,,,,,,,,,,,,,,,,,,,,,,,,,,,,,,,,,,,,,,,,,,,,,,,,,,,,,,,,,,,,,,,,,,,,,,,,,,,,,,,,,,,,,,,,,,,,,,,,,,,,,,,,,,,,,,,,,,,,,,,,,,,,,,,,,,,,,,,,,,,,,,,,,,,,,,,,,,,,,,,,,,,,,,,,,,,,,,,,,,,,,,,,,,,,,,,,,,,,,,,,,,,,,,,,,,,,,,,,,,,,,,,,,,,,,,,
=== TAKE PROFIT CRITERIA ===,,,,,,,,,,,,,,,,,,,,,,,,,,,,,,,,,,,,,,,,,,,,,,,,,,,,,,,,,,,,,,,,,,,,,,,,,,,,,,,,,,,,,,,,,,,,,,,,,,,,,,,,,,,,,,,,,,,,,,,,,,,,,,,,,,,,,,,,,,,,,,,,,,,,,,,,,,,,,,,,,,,,,,,,,,,,,,,,,,,,,,,,,,,,,,,,,,,,,,,,,,,,,,,,,,,,,,,,,,,,,,,,,,,,,,,,,,,,,,,,,,,,,,,,,,,,,,,,,,,,,,,,,,,,,,,,,,,,,,,,,,,,,,,,,,,,,,,,,,,,,,,,,,,,,,,,,,,,,,,,,,,,,,,,,,,,,,,,,,,,,,,,,,,,,,,,,,,,,,,,,,,,,,,,,,,,,,,,,,,,,,,,,,,,,,,,,,,,,,,,,,,,,,,,,,,,,,,,,,,,,,,,,,,,,,,,,,,,,,,,,,,,,,,,,,,,,,,,,,,,,,,,,,,,,,,,,,,,,,,,,,,,,,,,,,,,,,,,,,,,,,,,,,,,,,,,,,,,,,,,,,,,,,,,,,,,,,,,,,,,,,,,,,,
TP Method,0,0,2,int,"Take profit method (0=Fixed BB at Entry, 1=Fixed ATR, 2=Opposite BB) - OPTIMIZABLE",,,,,,,,,,,,,,,,,,,,,,,,,,,,,,,,,,,,,,,,,,,,,,,,,,,,,,,,,,,,,,,,,,,,,,,,,,,,,,,,,,,,,,,,,,,,,,,,,,,,,,,,,,,,,,,,,,,,,,,,,,,,,,,,,,,,,,,,,,,,,,,,,,,,,,,,,,,,,,,,,,,,,,,,,,,,,,,,,,,,,,,,,,,,,,,,,,,,,,,,,,,,,,,,,,,,,,,,,,,,,,,,,,,,,,,,,,,,,,,,,,,,,,,,,,,,,,,,,,,,,,,,,,,,,,,,,,,,,,,,,,,,,,,,,,,,,,,,,,,,,,,,,,,,,,,,,,,,,,,,,,,,,,,,,,,,,,,,,,,,,,,,,,,,,,,,,,,,,,,,,,,,,,,,,,,,,,,,,,,,,,,,,,,,,,,,,,,,,,,,,,,,,,,,,,,,,,,,,,,,,,,,,,,,,,,,,,,,,,,,,,,,,,,,,,,,,,,,,,,,,,,,,,,,,,,,,,,,,,,,,,,,,,,,,,,,,,,,,,,,,,,,,,,,,,,,,,,,,,,,,,,,,,,,,,,,,,,,,,,,,,
Opposite Bollinger Band TP,false,false,false,bool,FIXED: Controlled by TP Method (do not optimize directly),True,True,True,True,True,True,True,True,True,True,True,True,True,True,True,True,True,True,True,True,True,True,True,True,True,True,True,True,True,True,True,True,True,True,True,True,True,True,True,True,True,True,True,True,True,True,True,True,True,True,True,True,True,True,True,True,True,True,True,True,True,True,True,True,True,True,True,True,True,True,True,True,True,True,True,True,True,True,True,True,True,True,True,True,True,True,True,True,True,True,True,True,True,True,True,True,True,True,True,True,True,True,True,True,True,True,True,True,True,True,True,True,True,True,True,True,True,True,True,True,True,True,True,True,True,True,True,True,True,True,True,True,True,True,True,True,True,True,True,True,True,True,True,True,True,True,True,True,True,True,True,True,True,True,True,True,True,True,True,True,True,True,True,True,True,True,True,True,True,True,True,True,True,True,True,True,True,True,True,True,True,True,True,True,True,True,True,True,True,True,True,True,True,True,True,True,True,True,True,True,True,True,True,True,True,True,True,True,True,True,True,True,True,True,True,True,True,True,True,True,True,True,True,True,True,True,True,True,True,True,True,True,True,True,True,True,True,True,True,True,True,True,True,True,True,True,True,True,True,True,True,True,True,True,True,True,True,True,True,True,True,True,True,True,True,True,True,True,True,True,True,True,True,True,True,True,True,True,True,True,True,True,True,True,True,True,True,True,True,True,True,True,True,True,True,True,True,True,True,True,True,True,True,True,True,True,True,True,True,True,True,True,True,True,True,True,True,True,True,True,True,True,True,True,True,True,True,True,True,True,True,True,True,True,True,True,True,True,True,True,True,True,True,True,True,True,True,True,True,True,True,True,True,True,True,True,True,True,True,True,True,True,True,True,True,True,True,True,True,True,True,True,True,True,True,True,True,True,True,True,True,True,True,True,True,True,True,True,True,True,True,True,True,True,True,True,True,True,True,True,True,True,True,True,True,True,True,True,True,True,True,True,True,True,True,True,True,True,True,True,True,True,True,True,True,True,True,True,True,True,True,True,True,True,True,True,True,True,True,True,True,True,True,True,True,True,True,True,True,True,True,True,True,True,True,True,True,True,True,True,True,True,True,True,True,True,True,True,True,True,True,True,True,True,True,True,True,True,True,True,True,True,True,True,True,True,True,True,True,True,True,True,True,True,True,True,True,True,True,True,True,True,True,True,True,True,True,True,True,True,True,True,True,True,True,True,True,True,True,True,True,True,True,True,True,True,True,True,True,True,True,True,True,True,True,True,True,True,True,True,True,True
Fixed ATR TP,false,false,false,bool,FIXED: Controlled by TP Method (do not optimize directly),False,False,False,False,False,False,False,False,False,False,False,False,False,False,False,False,False,False,False,False,False,False,False,False,False,False,False,False,False,False,False,False,False,False,False,False,False,False,False,False,False,False,False,False,False,False,False,False,False,False,False,False,False,False,False,False,False,False,False,False,False,False,False,False,False,False,False,False,False,False,False,False,False,False,False,False,False,False,False,False,False,False,False,False,False,False,False,False,False,False,False,False,False,False,False,False,False,False,False,False,False,False,False,False,False,False,False,False,False,False,False,False,False,False,False,False,False,False,False,False,False,False,False,False,False,False,False,False,False,False,False,False,False,False,False,False,False,False,False,False,False,False,False,False,False,False,False,False,False,False,False,False,False,False,False,False,False,False,False,False,False,False,False,False,False,False,False,False,False,False,False,False,False,False,False,False,False,False,False,False,False,False,False,False,False,False,False,False,False,False,False,False,False,False,False,False,False,False,False,False,False,False,False,False,False,False,False,False,False,False,False,False,False,False,False,False,False,False,False,False,False,False,False,False,False,False,False,False,False,False,False,False,False,False,False,False,False,False,False,False,False,False,False,False,False,False,False,False,False,False,False,False,False,False,False,False,False,False,False,False,False,False,False,False,False,False,False,False,False,False,False,False,False,False,False,False,False,False,False,False,False,False,False,False,False,False,False,False,False,False,False,False,False,False,False,False,False,False,False,False,False,False,False,False,False,False,False,False,False,False,False,False,False,False,False,False,False,False,False,False,False,False,False,False,False,False,False,False,False,False,False,False,False,False,False,False,False,False,False,False,False,False,False,False,False,False,False,False,False,False,False,False,False,False,False,False,False,False,False,False,False,False,False,False,False,False,False,False,False,False,False,False,False,False,False,False,False,False,False,False,False,False,False,False,False,False,False,False,False,False,False,False,False,False,False,False,False,False,False,False,False,False,False,False,False,False,False,False,False,False,False,False,False,False,False,False,False,False,False,False,False,False,False,False,False,False,False,False,False,False,False,False,False,False,False,False,False,False,False,False,False,False,False,False,False,False,False,False,False,False,False,False,False,False,False,False,False,False,False,False,False,False,False,False,False,False,False,False,False,False,False,False,False,False,False,False,False,False,False,False,False,False,False,False,False,False,False,False,False,False,False,False,False,False,False,False,False,False,False,False,False,False,False,False,False,False,False,False,False,False,False,False,False,False,False,False,False,False,False,False,False,False,False,False,False,False,False,False,False,False,False,False,False,False,False,False,False,False,False,False,False,False
Fixed BB at Entry TP,true,true,true,bool,FIXED: Controlled by TP Method (do not optimize directly),False,False,False,False,False,False,False,False,False,False,False,False,False,False,False,False,False,False,False,False,False,False,False,False,False,False,False,False,False,False,False,False,False,False,False,False,False,False,False,False,False,False,False,False,False,False,False,False,False,False,False,False,False,False,False,False,False,False,False,False,False,False,False,False,False,False,False,False,False,False,False,False,False,False,False,False,False,False,False,False,False,False,False,False,False,False,False,False,False,False,False,False,False,False,False,False,False,False,False,False,False,False,False,False,False,False,False,False,False,False,False,False,False,False,False,False,False,False,False,False,False,False,False,False,False,False,False,False,False,False,False,False,False,False,False,False,False,False,False,False,False,False,False,False,False,False,False,False,False,False,False,False,False,False,False,False,False,False,False,False,False,False,False,False,False,False,False,False,False,False,False,False,False,False,False,False,False,False,False,False,False,False,False,False,False,False,False,False,False,False,False,False,False,False,False,False,False,False,False,False,False,False,False,False,False,False,False,False,False,False,False,False,False,False,False,False,False,False,False,False,False,False,False,False,False,False,False,False,False,False,False,False,False,False,False,False,False,False,False,False,False,False,False,False,False,False,False,False,False,False,False,False,False,False,False,False,False,False,False,False,False,False,False,False,False,False,False,False,False,False,False,False,False,False,False,False,False,False,False,False,False,False,False,False,False,False,False,False,False,False,False,False,False,False,False,False,False,False,False,False,False,False,False,False,False,False,False,False,False,False,False,False,False,False,False,False,False,False,False,False,False,False,False,False,False,False,False,False,False,False,False,False,False,False,False,False,False,False,False,False,False,False,False,False,False,False,False,False,False,False,False,False,False,False,False,False,False,False,False,False,False,False,False,False,False,False,False,False,False,False,False,False,False,False,False,False,False,False,False,False,False,False,False,False,False,False,False,False,False,False,False,False,False,False,False,False,False,False,False,False,False,False,False,False,False,False,False,False,False,False,False,False,False,False,False,False,False,False,False,False,False,False,False,False,False,False,False,False,False,False,False,False,False,False,False,False,False,False,False,False,False,False,False,False,False,False,False,False,False,False,False,False,False,False,False,False,False,False,False,False,False,False,False,False,False,False,False,False,False,False,False,False,False,False,False,False,False,False,False,False,False,False,False,False,False,False,False,False,False,False,False,False,False,False,False,False,False,False,False,False,False,False,False,False,False,False,False,False,False,False,False,False,False,False,False,False,False,False,False,False,False,False,False,False,False,False,False,False,False,False,False,False,False,False,False,False,False,False,False,False,False,False
ATR Length for TP,26,5,80,int,ATR period for fixed TP,28,32,32,32,32,28,35,34,13,42,11,25,28,38,42,29,23,31,47,5,5,28,5,5,5,5,5,19,12,35,25,35,35,26,55,8,31,40,40,28,28,40,12,13,40,40,40,11,40,9,9,12,35,34,20,26,21,5,55,35,21,8,23,5,20,16,27,28,8,29,13,26,36,5,26,29,42,42,25,45,15,34,12,5,65,25,18,5,19,15,19,21,65,14,14,14,5,15,5,5,5,6,6,22,30,18,17,34,9,26,24,10,21,14,31,29,30,30,25,80,16,17,17,15,20,25,26,67,8,19,30,31,23,35,25,32,39,26,20,22,24,21,45,21,10,20,28,41,20,25,40,18,18,28,18,32,33,67,36,34,22,27,25,20,25,31,34,80,18,24,39,31,31,20,23,7,24,36,12,5,24,35,24,5,19,42,29,29,5,30,18,48,25,5,26,33,30,18,24,30,17,5,31,16,29,37,23,27,16,24,5,5,29,23,18,33,41,12,23,25,24,33,37,15,25,12,47,24,20,21,24,26,5,15,80,16,28,41,19,9,34,25,15,29,25,11,7,15,31,19,26,23,5,32,12,7,7,13,36,31,32,9,26,27,32,13,28,25,35,14,10,41,41,23,15,5,35,5,5,12,31,21,39,14,32,5,24,27,28,20,35,36,33,8,14,21,41,22,19,23,34,29,29,16,36,26,40,5,41,13,31,34,14,24,34,32,24,29,36,5,13,42,5,34,19,31,5,21,32,34,35,20,19,19,20,35,35,35,12,20,42,80,33,39,35,35,28,38,18,8,30,34,20,39,68,25,5,25,37,28,19,13,34,27,19,32,34,20,5,34,34,20,6,29,32,29,35,35,5,35,5,36,19,35,20,5,23,6,23,25,29,21,20,30,24,27,32,11,21,26,16,29,35,10,28,22,15,35,35,15,24,24,9,27,9,23,23,21,21,35,5,24,42,34,27,27,27,5,31,18,25,27,21,22,27,27,10,5,8,23,17,5,22,23,26,7,30,16,5,5,35,26,18,28,29,30,16,25,28,15,24,5,19,29,25,23,11,5,25,8,5,22,5,26,20,6,25,25,38,18,25,22,6,22,5,28,34,13,37,35,26,5,26,20,16,26,8,26,35,26,18,37,21,15,20,27,22,23,20,5,36,20,6,14,32,20,20,12,26,31,32,31,31,28,31,15,32,37,7,37,21,26,29,31,14,14,13,5,37,5,23,20
ATR Multiplier for TP,2.0,0,6.0,float,Fixed TP ATR multiplier - reduced max to prevent overfitting,2.667,2.5751,2.5751,2.5751,2.5751,2.7506,3.7798,3.4584,4.7237,2.9212,5.5696,5.2551,3.6008,1.5597,2.9333,5.8558,4.0554,5.3375,5.0779,4.9661,4.9661,4.5205,4.6777,4.9661,4.9661,5.0265,5.693,4.7109,5.1898,5.5439,4.4113,5.0743,5.0743,3.0873,3.36,3.5522,2.5127,5.9366,2.4095,6.0,6.0,5.7592,4.808,5.2947,5.7592,5.3875,5.7592,4.5592,5.5514,0.0,0.0,4.4515,4.6513,2.878,5.207,0.0,0.0,5.1584,3.8363,4.6069,3.1962,5.0584,2.1257,6.0,4.9089,5.7228,2.6717,6.0,3.9919,5.2098,3.4662,0.0,3.2844,4.6849,0.085,2.704,1.6022,1.9396,0.5758,5.4381,2.972,4.513,4.4463,3.0823,4.1982,4.8368,1.6608,2.6965,4.0776,1.1048,5.5485,2.7487,4.1982,4.6809,4.5795,4.6809,2.7641,2.972,3.574,3.574,3.6124,4.748,4.5778,6.0,6.0,3.1122,3.4788,3.0245,4.4498,0.0,3.5219,4.5556,2.5254,4.8942,1.2349,0.4326,5.0662,6.0,3.0043,4.3694,3.1925,5.764,5.764,2.1997,3.3206,3.2096,4.2545,1.1334,5.416,5.8253,3.607,5.7157,4.7649,2.8736,4.8368,1.5638,0.6612,0.0,5.0597,2.4342,6.0,3.8416,4.8815,5.003,6.0,3.1279,3.4884,1.6948,0.8262,1.7328,4.5361,5.4011,4.3241,5.2837,5.5922,5.2016,2.6509,3.0179,2.7494,2.0355,5.0154,2.5024,2.5926,5.207,6.0,1.8011,1.9849,4.0983,0.0,4.5269,1.4065,4.0918,4.0629,5.1817,4.4175,0.9171,3.3613,4.4414,5.0993,5.0913,1.6174,1.1469,3.461,4.0704,2.8954,5.5686,0.0,0.0,2.5177,3.5685,0.4531,5.0211,4.8368,3.5502,2.6092,0.4981,5.054,2.6274,5.2217,5.8706,5.764,3.6816,4.7538,0.7473,3.1548,1.6511,1.6605,3.0852,5.583,3.5433,0.6096,0.6096,1.6588,3.5201,0.1855,3.4451,3.3113,1.5233,1.8097,3.6051,2.414,2.6509,2.0242,4.4004,4.6856,3.3343,4.0891,1.1367,2.0406,1.1193,6.0,2.6871,0.0,2.4411,1.4121,2.2868,5.7261,1.6948,3.0579,1.3316,3.2655,0.9835,1.6783,2.6571,3.6051,1.9635,1.0718,2.972,6.0,2.8954,2.7681,2.025,5.8611,2.1591,3.3028,3.5939,3.0521,1.1386,1.6914,1.5443,3.0711,4.3952,1.3114,1.9196,1.9303,1.1386,5.7066,4.0287,1.6692,3.4949,0.8928,3.942,3.4552,3.5664,1.8627,5.5997,4.5166,0.0,2.3331,1.1386,5.785,3.8411,2.1595,3.7854,1.8864,3.9079,1.2255,0.2339,1.2585,0.0,1.8432,2.8755,2.9262,3.6365,4.3684,2.6115,1.8444,4.8657,3.0579,4.2303,3.0189,3.1892,0.7395,0.9515,3.5623,2.6871,4.5136,0.1447,3.6473,0.2473,2.5314,3.0189,5.7672,0.5151,3.0189,1.8864,2.1761,3.7134,1.3053,3.3539,1.1386,1.3388,5.3532,3.1502,5.8151,0.0,2.1922,4.6175,4.1101,3.3857,1.5767,4.9664,2.9532,2.9532,0.0919,4.7885,1.6692,1.6864,0.0,3.4975,0.9034,5.5857,1.8655,2.2811,1.6692,0.9802,3.5573,2.0931,2.0877,1.0603,1.4591,1.024,2.006,3.5352,4.4767,0.193,2.2608,2.2766,1.4379,1.2585,3.6171,2.5977,2.7903,1.8622,4.2568,2.1335,3.8993,2.006,3.257,1.0614,3.3857,3.5354,3.5093,1.9774,1.9303,3.1548,1.6692,1.6692,0.9031,1.6692,3.0776,3.9168,6.0,3.2962,2.3511,0.4146,1.9931,3.0584,4.1155,4.0782,5.7888,0.0,5.2288,4.8138,3.4894,2.0543,0.0,3.1056,4.5892,2.6747,1.3629,3.4832,1.6692,1.1556,0.6263,1.1974,2.068,1.9958,1.9958,2.0934,1.0849,1.2986,1.4974,5.7797,2.8118,3.524,3.9802,4.0247,4.0247,3.0679,3.7019,1.5753,3.0442,2.2364,5.7797,5.7797,1.7907,3.8462,5.8885,4.0339,3.0872,5.7797,3.6274,0.6517,2.0543,2.0543,3.7979,1.9914,2.319,3.6989,1.178,1.3021,2.6172,3.8203,2.6686,3.252,1.6474,0.9515,3.6381,1.9799,2.0432,4.4877,5.496,0.9741,3.1397,4.1965,2.981,4.2766,4.8536,2.6501,3.3759,1.5333,3.6541,4.7309,1.9991,3.0739,3.7726,2.6069,4.4372,1.106,4.0395,4.1016,4.0395,1.9547,0.9988,0.6395,4.8023,4.8802,2.0725,2.1137,4.4372,3.5991,0.2175,1.3429,2.606,5.8756,2.7364,2.0788,6.0,2.9895,2.1267,1.9914,1.9092,0.6857,3.5801,1.9385,3.8015,1.9385,2.9895,1.6304,2.8612,3.039,2.7928,2.7737,1.9626,2.0543,3.5669,0.1615,0.6857,6.0,3.6068,1.9626,1.8819,2.7373,5.8571,2.217,1.1389,1.9744,1.9385,5.9628,5.8571,6.0,6.0,5.8756,6.0,2.4276,5.8571,6.0,2.5021,4.808,6.0,1.8581,3.0373,6.0,2.301,2.301,2.0788,2.7632,6.0,2.9574,5.9062,1.7583
=== STOP LOSS CRITERIA ===,,,,,,,,,,,,,,,,,,,,,,,,,,,,,,,,,,,,,,,,,,,,,,,,,,,,,,,,,,,,,,,,,,,,,,,,,,,,,,,,,,,,,,,,,,,,,,,,,,,,,,,,,,,,,,,,,,,,,,,,,,,,,,,,,,,,,,,,,,,,,,,,,,,,,,,,,,,,,,,,,,,,,,,,,,,,,,,,,,,,,,,,,,,,,,,,,,,,,,,,,,,,,,,,,,,,,,,,,,,,,,,,,,,,,,,,,,,,,,,,,,,,,,,,,,,,,,,,,,,,,,,,,,,,,,,,,,,,,,,,,,,,,,,,,,,,,,,,,,,,,,,,,,,,,,,,,,,,,,,,,,,,,,,,,,,,,,,,,,,,,,,,,,,,,,,,,,,,,,,,,,,,,,,,,,,,,,,,,,,,,,,,,,,,,,,,,,,,,,,,,,,,,,,,,,,,,,,,,,,,,,,,,,,,,,,,,,,,,,,,,,,,,,,,,,,,,,,,,,,,,,,,,,,,,,,,,,,,,,,,,,,,,,,,,,,,,,,,,,,,,,,,,,,,,,,,,,,,,,,,,,,,,,,,,,,,,,,,,,,,,,,,,,,
Initial Stop Loss (%),1.0,0.1,2,float,Fixed stop loss % - min 1.0% to avoid tight stops that cause quick losses,0.1,0.1,0.1,0.1,0.1,0.1,0.7216,0.154,0.7329,0.6071,0.8095,0.2886,0.2804,0.3748,0.2479,1.5172,0.5935,0.2922,0.7799,0.7744,0.7744,0.7495,0.9125,0.7744,0.7744,0.7744,0.6377,0.9274,1.0041,2.0,1.0372,2.0,2.0,0.8831,1.0264,1.1268,0.9071,1.7343,1.1477,2.0,2.0,1.9552,0.7417,0.6247,1.7343,1.7343,1.7343,0.9731,1.9552,0.7298,0.7298,1.0211,1.1248,1.0641,0.6945,0.8767,0.9998,0.789,0.9842,1.4011,0.8248,0.3847,0.3964,0.577,1.121,0.8273,0.9358,0.8844,1.0552,0.7894,0.703,0.7728,0.8374,0.6548,0.8331,0.3758,0.577,0.577,0.3855,0.9722,1.0109,1.0815,1.0211,1.0427,1.0342,0.9454,0.7409,0.9167,0.4679,0.7136,0.3413,1.0269,1.1901,0.9728,0.9728,0.9728,1.7395,1.0109,1.0853,1.0853,1.0853,1.024,1.024,1.0154,0.6076,0.8556,0.4988,1.8343,1.0243,0.8767,0.6783,0.8642,0.4714,0.9728,0.8817,0.6864,0.8857,1.0323,0.3589,0.9293,1.0392,1.0021,1.0021,0.922,0.8783,0.882,0.8596,1.0679,0.5132,1.225,0.8368,1.0265,1.2794,0.8263,0.8761,1.1383,0.8041,1.2459,0.8765,0.9447,0.9866,0.7668,0.9561,0.8164,0.9018,0.54,0.9678,0.6727,1.1335,1.0927,1.2851,0.2905,0.8811,0.346,0.8537,0.4586,0.3501,0.9758,0.4733,0.8527,0.7618,1.2266,0.8525,0.6945,1.3901,0.5408,0.8673,1.0579,0.9289,0.9233,0.8259,0.8182,0.8728,1.0624,1.0547,0.8478,0.4621,1.7456,0.9208,1.1184,0.8646,0.8565,0.9858,0.7754,1.1084,1.2132,1.6213,1.7132,0.6181,0.997,0.8024,1.2477,0.8846,1.6288,0.9627,0.9618,0.9152,1.0345,0.788,0.669,1.0021,1.6288,0.6643,0.9585,0.6601,0.8422,0.8001,1.7817,0.6253,0.9858,1.0143,1.0143,0.9225,1.0599,0.8024,0.8017,0.424,1.1976,0.7009,1.0402,1.0067,0.5967,0.96,0.6943,0.6048,1.0147,0.8067,1.1429,1.1308,0.7403,1.1941,1.0744,1.2537,1.0737,1.1533,0.9956,0.7871,0.6727,1.1871,1.0836,1.0488,0.7506,1.1068,0.9589,1.0402,1.0553,0.9818,1.0372,0.7294,1.1417,1.0963,1.08,0.4532,0.8152,0.9745,0.9272,0.9272,0.711,0.9351,0.6181,0.8019,0.8256,1.1802,1.0516,0.8354,0.711,0.9929,1.1308,0.8666,1.0437,1.1989,0.4059,2.0,1.084,1.0525,1.0441,0.7156,1.6579,1.1731,0.711,0.9003,1.4562,0.8092,1.087,0.8354,0.6279,0.7545,0.8434,1.0271,0.6326,1.0345,1.3493,0.7478,0.7917,1.2254,1.0004,0.9071,0.9041,1.1871,1.1499,0.8108,1.0218,1.055,1.1358,1.0559,1.0265,1.2003,1.0846,0.9251,0.7223,1.0895,0.8108,1.0806,0.7381,0.8108,0.8354,1.2714,0.8827,1.0635,1.122,0.711,0.8462,1.1157,0.8108,0.8832,0.6636,0.7873,1.0633,1.0049,0.8108,0.9739,0.8196,1.1871,1.1871,1.2037,0.8588,1.1002,0.8897,1.1175,1.0306,1.03,0.6105,1.5286,0.8797,1.0784,0.8601,1.2145,1.0797,0.7814,1.262,1.0556,0.8895,0.8111,1.0078,1.994,1.0516,0.8734,0.737,0.8529,1.0271,1.8427,0.7619,0.8787,0.9858,1.4099,0.8354,0.7296,1.1003,1.7234,1.2177,0.8108,1.3446,0.7795,0.7064,0.8354,0.5356,0.8913,0.8913,0.8298,0.8913,0.8274,1.0989,0.6671,0.8392,1.2777,1.6964,0.7219,0.9263,1.0721,0.6282,0.5847,0.934,1.288,1.0778,1.3876,0.9979,1.0235,0.9922,1.0385,1.1512,1.0893,0.7184,0.8913,1.1006,1.0545,1.1263,1.1597,1.0175,1.0175,1.123,1.055,1.055,1.0126,1.0291,0.8275,1.1754,0.9867,0.7687,0.7909,0.9933,0.9475,0.9453,0.3808,0.6734,0.9199,1.0291,0.8875,1.3044,0.5731,0.8749,1.0873,1.2805,1.178,1.055,1.308,1.308,1.1497,0.7873,1.0132,1.1039,1.2121,1.2249,1.27,0.9145,1.1512,1.167,0.8689,1.1358,1.3044,1.0287,1.029,1.1792,1.0067,0.9225,1.2163,1.3157,1.4824,1.0246,1.2402,0.9429,1.0315,0.8746,0.8457,1.0224,0.9625,1.0784,0.9274,1.0467,1.0246,1.262,1.0833,1.3657,1.3156,1.223,1.0236,0.9998,1.0253,1.1579,1.9086,0.7316,1.0246,1.1197,0.9998,1.4453,1.0411,0.5391,2.0,0.6568,0.6979,2.0,1.0322,0.7873,1.0492,1.062,0.846,1.0729,1.0407,1.0729,2.0,1.0729,1.1322,0.7803,1.2514,1.1569,2.0,1.308,1.0212,0.9092,1.062,0.6822,1.0472,1.8267,1.0365,0.9594,0.5916,2.0,0.9803,1.9699,1.0729,0.5916,0.5916,0.5916,0.5916,0.5391,0.5916,1.1646,0.5916,0.8424,1.0804,0.5136,0.7894,1.4164,0.9089,0.7111,2.0,2.0,0.7102,0.8831,0.8226,1.0235,0.5723,0.9506
Enable Trailing Stop,1,0,1,int,"Use ATR trailing stop (0=false, 1=true) - OPTIMIZABLE",0,0,0,0,0,0,0,0,0,1,0,0,0,0,1,1,0,0,1,0,0,0,0,0,0,0,0,0,0,1,0,1,1,0,0,0,0,0,0,0,0,0,0,0,0,0,0,0,0,0,0,1,0,0,0,1,1,1,0,0,0,0,0,0,1,0,0,1,0,0,0,1,0,0,1,0,0,0,0,0,0,0,1,0,0,0,0,0,0,0,0,0,0,0,0,0,0,0,0,0,0,1,1,1,0,0,0,0,1,1,0,0,0,0,0,0,0,0,0,0,0,1,1,0,1,0,1,0,0,1,0,1,0,0,0,0,0,1,0,1,1,1,0,1,0,0,0,0,0,1,0,0,0,0,0,0,0,0,0,0,1,1,0,0,0,0,0,0,0,0,0,0,0,0,0,0,0,1,0,0,1,0,1,0,0,0,0,0,0,0,0,0,0,0,0,0,0,0,0,0,1,0,0,0,0,0,0,0,1,1,0,0,0,0,0,0,0,0,0,0,0,0,0,0,0,0,0,0,0,0,0,0,0,0,0,0,0,0,0,0,1,0,0,1,0,0,0,0,0,0,0,0,0,0,0,0,0,0,0,0,0,0,1,0,0,0,0,0,0,0,0,0,0,0,0,0,1,0,0,0,0,0,0,0,0,0,0,0,0,0,0,0,0,0,0,0,0,0,0,0,0,0,0,0,0,0,0,0,0,0,0,0,1,0,0,0,0,0,0,0,0,0,0,0,1,0,0,0,0,0,0,0,0,0,0,0,0,0,0,0,0,0,0,0,0,0,0,0,0,0,0,0,0,0,0,0,0,0,0,0,0,0,0,0,0,0,0,0,0,0,0,0,1,0,0,0,0,0,0,0,0,0,0,0,0,0,0,0,0,0,0,0,0,0,0,0,0,0,0,0,0,0,0,0,0,0,0,0,0,0,0,0,0,1,0,0,0,0,0,0,0,0,0,0,1,1,0,0,0,0,0,1,0,0,0,0,0,0,0,0,0,0,0,0,0,0,0,0,0,0,0,0,0,0,0,0,0,1,0,0,1,0,0,0,0,0,1,0,1,0,0,0,0,0,0,0,1,0,0,0,1,0,0,0,0,0,0,0,0,0,0,0,0,0,0,0,0,0,0,0,0,0,0,0,0,0,0,0,0,0,0,0,0,0,0,0,0,0,0,0,0,0,0,0,0,0,0,0,0,0,0,0,0,0,0,0,0,0,0,0,0,0
ATR Length for Trailing Stop,26,10,100,int,ATR period for trailing,72,24,24,24,24,58,35,13,14,49,15,16,54,50,49,15,43,25,11,48,48,15,48,48,48,48,22,51,16,19,16,19,19,42,27,26,19,19,62,15,15,19,10,13,19,19,19,10,19,13,13,10,36,27,16,16,26,31,29,31,11,32,16,31,13,28,37,15,34,16,26,16,25,10,16,10,10,10,36,19,34,48,10,25,16,24,11,11,24,16,24,27,16,10,10,10,19,34,98,98,98,11,11,11,28,13,26,28,14,16,39,11,11,10,29,28,27,28,53,10,24,10,10,10,17,39,14,22,21,14,10,32,30,27,24,11,16,22,10,18,29,37,17,10,33,30,10,10,26,18,17,37,20,26,23,20,15,21,37,26,13,54,23,16,25,10,25,10,25,14,30,31,16,11,20,55,25,13,14,14,20,26,14,54,56,16,33,11,29,23,25,23,24,21,29,10,24,33,32,23,10,21,24,10,10,14,10,10,10,14,18,18,27,13,25,11,16,24,22,30,28,15,14,17,23,14,19,28,10,27,21,27,24,18,15,19,11,10,51,30,12,14,27,16,30,26,55,34,21,56,45,25,27,29,65,10,10,16,19,15,23,60,23,21,29,16,13,21,26,31,10,28,10,28,34,10,29,33,21,16,23,13,10,24,29,28,28,10,29,10,27,13,15,15,57,31,17,16,51,16,10,10,31,49,21,27,18,29,10,22,49,10,10,37,10,29,51,13,29,20,16,25,32,10,15,17,26,10,24,10,26,25,51,51,51,22,26,23,17,28,18,12,31,14,26,31,21,10,10,10,10,22,10,10,27,20,28,16,30,29,16,13,10,27,44,29,30,10,24,46,10,56,10,12,29,10,26,26,10,26,27,28,11,28,34,64,16,17,10,13,29,10,18,25,20,49,16,11,10,100,10,25,26,77,30,56,20,26,26,19,11,11,13,14,10,19,14,24,24,28,32,33,27,10,14,14,11,57,18,16,10,14,28,32,49,49,48,28,16,33,10,11,38,27,100,80,45,49,57,10,26,23,28,27,10,10,14,18,10,27,23,10,10,11,32,15,27,21,18,10,57,26,57,37,59,27,13,100,26,11,18,20,27,41,25,13,33,41,21,19,26,28,27,10,11,11,27,11,19,11,23,10,37,20,29,49,10,10,10,24,28,29,10,27,23,19,19,12,11,23,23,23,23,13,23,10,23,21,10,11,20,19,17,23,29,29,41,16,21,27,64,11
ATR Multiplier for Trailing Stop,2.0,0.5,4.5,float,Trailing stop ATR multiplier - reduced max to prevent overfitting,2.3698,2.2913,2.2494,2.2494,2.4395,2.3399,1.2143,3.097,3.2909,2.2334,3.3741,2.4454,2.4795,2.6755,2.2334,2.7724,3.1679,3.8834,2.2395,3.3685,3.3864,3.4121,3.3864,3.3864,3.3864,3.421,2.9603,2.121,2.8628,2.6958,0.7144,2.6958,2.6958,2.2518,1.2499,3.1427,2.1907,2.2251,2.6854,2.5331,2.6497,2.2835,2.2515,3.8747,1.6594,2.2251,2.2251,3.9135,2.2835,3.5683,3.5927,2.0765,3.0216,1.9926,2.3914,2.9241,1.6502,1.9705,0.5,3.3343,2.5234,3.3995,2.4962,1.7612,4.484,2.3034,1.6601,2.29,3.3519,4.5,3.1443,3.0109,1.6724,2.0195,2.8874,3.0358,1.8709,2.2551,2.2258,1.3741,3.6704,1.4467,1.8754,3.0636,1.5602,2.4963,2.2389,3.3007,2.4456,2.8845,1.9462,1.6661,1.5602,3.9837,3.7523,3.9837,2.0312,3.6704,2.5926,2.5926,2.5926,1.6219,1.6219,1.8782,2.0456,3.7232,2.6092,2.1041,2.9989,2.9241,2.7579,2.1256,2.8738,4.1641,0.5888,3.0428,2.9138,2.3045,1.9012,2.6225,2.6091,2.0058,1.9212,1.1853,3.3625,2.2547,3.0099,2.3828,2.2801,1.9188,2.5684,2.9406,3.1345,1.5862,2.4963,2.9276,3.0739,1.7329,2.3731,3.0436,2.8997,3.4231,3.4439,1.4088,2.4571,3.0914,3.2667,2.7876,1.8055,3.0022,2.5264,1.9643,2.7468,1.9924,2.1998,2.2486,3.1164,2.7236,2.2886,2.2771,3.0858,2.1151,2.4577,2.3914,2.2822,2.7,2.7046,1.7831,2.5697,2.2305,3.1877,2.2633,2.6158,2.1861,2.5436,4.1015,3.0141,2.4391,2.4139,2.7819,3.2376,2.0047,1.6746,3.5522,1.9461,3.6577,2.4284,2.4738,2.2978,2.4596,2.0703,2.751,3.071,2.2722,2.1022,2.3924,2.2364,2.5444,2.7063,2.3491,1.9212,2.2722,2.3275,2.1129,2.747,3.2382,2.8274,2.1438,0.9824,1.7908,2.2638,2.1774,2.7183,1.676,2.0703,1.2437,2.7993,2.2917,1.6317,2.5742,2.1038,2.4755,3.2382,2.8478,3.112,2.449,2.4535,2.1518,3.2295,2.9566,2.0606,1.8233,3.8855,1.1299,2.5327,2.0045,1.7438,2.7876,1.5402,4.5,2.8313,2.0216,2.213,2.9134,2.5742,3.4201,4.1015,3.4543,3.8783,1.9461,2.0806,2.9245,2.5568,2.1817,3.0591,3.3427,2.817,1.7825,2.6316,1.9599,2.5468,2.5933,2.0258,1.7585,2.0871,1.8928,2.4024,2.2944,2.4265,3.0287,2.1923,2.4352,2.0252,2.4268,3.0875,2.3613,2.9147,2.7433,2.7393,1.5868,2.3652,0.8184,2.3183,3.1234,1.7799,2.3752,3.2027,2.2556,2.9493,1.8383,2.3827,2.1202,2.5581,2.1772,2.5346,2.2467,2.5371,2.5757,1.6058,2.3606,2.3182,3.1108,1.3322,3.7054,1.9024,1.8233,2.5291,2.3948,2.7735,1.9955,2.3516,2.3182,1.6808,2.4051,2.3182,1.7799,2.418,2.9066,2.4882,4.0839,1.9823,2.4717,2.4049,2.3182,1.9208,2.1404,2.1726,2.391,2.674,1.7348,2.2911,2.368,1.7376,1.7376,1.0098,2.3097,1.9655,2.4673,2.8748,2.0514,2.154,1.9349,2.6054,2.623,2.4809,2.2231,2.5741,2.1305,2.3493,2.207,2.2919,2.4493,1.64,0.951,2.8961,2.0529,1.5893,1.664,2.8037,2.9493,2.8389,3.0042,2.5418,2.2478,1.8461,2.1519,2.679,1.64,2.8912,3.8656,1.7348,0.9488,2.3613,2.0248,2.0871,2.747,2.0153,2.5123,2.5592,2.6792,2.5256,2.1447,2.347,2.2655,3.0474,2.6816,2.6932,2.6192,2.2743,3.215,2.2028,2.6018,2.8735,2.1104,2.0601,3.2668,2.1217,3.6758,2.003,1.5796,2.2255,2.3186,2.5308,2.3453,0.9758,2.0046,4.5,2.0613,2.0613,4.2352,2.2476,2.2476,1.919,2.1023,2.5367,2.445,2.4173,2.3925,2.3925,2.2655,2.5273,2.1109,2.2777,2.4328,2.2377,2.2377,2.5608,1.6569,2.1977,2.4128,2.6441,2.2377,1.9807,1.8058,2.6812,3.2668,3.1041,1.518,2.1479,2.2277,1.9955,2.0633,3.6193,2.2888,1.5796,3.742,2.3234,3.7054,1.6569,2.1274,2.0427,3.0009,1.6736,1.7157,2.6499,2.9834,2.7993,2.9562,2.9908,1.3589,1.8911,3.0882,2.4861,2.7193,2.3853,2.4382,3.392,2.2301,2.9215,2.207,2.6113,2.3575,2.6113,3.0887,3.9025,2.3181,2.6018,1.9769,3.1642,2.4384,3.3669,2.4347,2.3181,2.7542,2.9031,1.974,3.0193,1.8732,1.6858,2.7752,3.1188,1.518,2.4346,2.3937,2.5499,2.9529,2.6647,2.9529,2.7752,2.9529,2.857,2.5287,2.7434,1.0251,3.004,3.3615,2.0729,1.0517,2.3937,2.104,2.9033,3.004,2.7714,2.6638,2.2078,3.0393,2.6997,2.3823,2.9529,2.2078,2.2078,2.2078,2.2078,1.974,2.2078,1.2602,2.2078,1.6858,2.8946,1.0427,2.1796,2.263,2.5805,2.2078,2.536,2.536,1.9596,1.9722,1.8004,3.1371,1.5443,1.9726
Trailing Delay (bars),5,0,20,int,"Bars before trailing stop begins tightening (0 = immediate, max 7 to avoid delayed trailing)",13,13,13,13,13,13,6,13,13,13,13,13,13,13,13,12,13,13,4,13,13,3,13,13,13,13,13,9,13,11,14,11,11,13,10,14,12,15,14,10,10,16,13,13,15,15,15,13,15,12,12,16,13,12,14,9,5,12,18,12,12,11,12,14,11,12,12,11,11,14,13,9,11,10,9,13,10,10,11,10,12,13,16,10,14,13,13,13,11,13,11,10,14,13,13,13,10,12,12,12,13,5,5,15,8,13,10,11,12,9,10,10,13,13,9,11,13,8,17,10,12,12,12,10,10,12,12,12,10,5,12,10,10,10,13,9,10,6,14,15,9,10,14,8,14,13,13,10,9,6,13,11,11,13,10,13,10,12,10,10,9,7,13,14,13,9,11,10,10,12,10,10,10,9,13,11,11,16,11,12,9,10,3,12,17,13,13,12,15,13,10,15,13,5,15,14,11,11,10,18,12,5,11,8,13,10,13,12,14,3,17,17,11,18,10,11,10,13,14,12,16,10,10,16,11,11,11,11,11,12,13,12,11,12,12,19,12,10,16,10,13,11,11,12,12,10,11,12,8,17,13,11,15,14,9,11,11,11,10,10,11,12,8,12,11,11,11,15,10,10,12,12,7,13,12,12,11,12,11,11,11,13,11,10,11,15,12,11,13,10,10,13,11,15,13,11,11,18,16,12,11,13,20,10,12,12,13,14,14,12,13,11,11,11,11,11,13,14,11,14,11,9,11,11,4,9,15,11,11,11,11,12,16,16,13,10,11,10,9,11,9,10,6,17,11,10,11,11,6,10,8,13,7,11,10,12,19,16,10,13,10,5,11,11,11,11,14,7,13,11,11,9,13,13,11,13,11,11,10,12,16,12,12,11,11,17,12,11,9,17,8,13,20,12,18,12,8,13,12,12,10,10,11,9,17,12,5,11,11,5,11,11,10,6,10,11,12,11,11,11,13,11,12,11,6,6,12,9,14,12,11,6,11,9,12,12,11,8,10,8,13,10,13,12,12,11,13,10,9,11,11,11,13,10,12,12,11,12,14,10,12,11,13,11,11,12,9,12,12,10,10,8,10,12,12,16,12,12,11,17,12,12,16,11,11,9,11,10,13,11,12,8,11,15,12,11,11,11,11,11,9,11,11,15,10,12,12,13,15,11,11,10,8,11,11,11,15,10,11,11,11,11,11,9,11,12,11,13,6,11,12,11,11,11,9,9,10,11,13,11,14,11
=== GA CRITERIA ===,,,,,,,,,,,,,,,,,,,,,,,,,,,,,,,,,,,,,,,,,,,,,,,,,,,,,,,,,,,,,,,,,,,,,,,,,,,,,,,,,,,,,,,,,,,,,,,,,,,,,,,,,,,,,,,,,,,,,,,,,,,,,,,,,,,,,,,,,,,,,,,,,,,,,,,,,,,,,,,,,,,,,,,,,,,,,,,,,,,,,,,,,,,,,,,,,,,,,,,,,,,,,,,,,,,,,,,,,,,,,,,,,,,,,,,,,,,,,,,,,,,,,,,,,,,,,,,,,,,,,,,,,,,,,,,,,,,,,,,,,,,,,,,,,,,,,,,,,,,,,,,,,,,,,,,,,,,,,,,,,,,,,,,,,,,,,,,,,,,,,,,,,,,,,,,,,,,,,,,,,,,,,,,,,,,,,,,,,,,,,,,,,,,,,,,,,,,,,,,,,,,,,,,,,,,,,,,,,,,,,,,,,,,,,,,,,,,,,,,,,,,,,,,,,,,,,,,,,,,,,,,,,,,,,,,,,,,,,,,,,,,,,,,,,,,,,,,,,,,,,,,,,,,,,,,,,,,,,,,,,,,,,,,,,,,,,,,,,,,,,,,,,,,
POP_SIZE,150,100,150,int,Population size - reduced to prevent overfitting,,,,,,,,,,,,,,,,,,,,,,,,,,,,,,,,,,,,,,,,,,,,,,,,,,,,,,,,,,,,,,,,,,,,,,,,,,,,,,,,,,,,,,,,,,,,,,,,,,,,,,,,,,,,,,,,,,,,,,,,,,,,,,,,,,,,,,,,,,,,,,,,,,,,,,,,,,,,,,,,,,,,,,,,,,,,,,,,,,,,,,,,,,,,,,,,,,,,,,,,,,,,,,,,,,,,,,,,,,,,,,,,,,,,,,,,,,,,,,,,,,,,,,,,,,,,,,,,,,,,,,,,,,,,,,,,,,,,,,,,,,,,,,,,,,,,,,,,,,,,,,,,,,,,,,,,,,,,,,,,,,,,,,,,,,,,,,,,,,,,,,,,,,,,,,,,,,,,,,,,,,,,,,,,,,,,,,,,,,,,,,,,,,,,,,,,,,,,,,,,,,,,,,,,,,,,,,,,,,,,,,,,,,,,,,,,,,,,,,,,,,,,,,,,,,,,,,,,,,,,,,,,,,,,,,,,,,,,,,,,,,,,,,,,,,,,,,,,,,,,,,,,,,,,,,,,,,,,,,,,,,,,,,,,,,,,,,,,,,,,,,
NUM_GEN,100,50,75,int,Number of generations - reduced to prevent overfitting,,,,,,,,,,,,,,,,,,,,,,,,,,,,,,,,,,,,,,,,,,,,,,,,,,,,,,,,,,,,,,,,,,,,,,,,,,,,,,,,,,,,,,,,,,,,,,,,,,,,,,,,,,,,,,,,,,,,,,,,,,,,,,,,,,,,,,,,,,,,,,,,,,,,,,,,,,,,,,,,,,,,,,,,,,,,,,,,,,,,,,,,,,,,,,,,,,,,,,,,,,,,,,,,,,,,,,,,,,,,,,,,,,,,,,,,,,,,,,,,,,,,,,,,,,,,,,,,,,,,,,,,,,,,,,,,,,,,,,,,,,,,,,,,,,,,,,,,,,,,,,,,,,,,,,,,,,,,,,,,,,,,,,,,,,,,,,,,,,,,,,,,,,,,,,,,,,,,,,,,,,,,,,,,,,,,,,,,,,,,,,,,,,,,,,,,,,,,,,,,,,,,,,,,,,,,,,,,,,,,,,,,,,,,,,,,,,,,,,,,,,,,,,,,,,,,,,,,,,,,,,,,,,,,,,,,,,,,,,,,,,,,,,,,,,,,,,,,,,,,,,,,,,,,,,,,,,,,,,,,,,,,,,,,,,,,,,,,,,,,,,
CX_PB,0.7,0.5,0.9,float,Crossover probability,,,,,,,,,,,,,,,,,,,,,,,,,,,,,,,,,,,,,,,,,,,,,,,,,,,,,,,,,,,,,,,,,,,,,,,,,,,,,,,,,,,,,,,,,,,,,,,,,,,,,,,,,,,,,,,,,,,,,,,,,,,,,,,,,,,,,,,,,,,,,,,,,,,,,,,,,,,,,,,,,,,,,,,,,,,,,,,,,,,,,,,,,,,,,,,,,,,,,,,,,,,,,,,,,,,,,,,,,,,,,,,,,,,,,,,,,,,,,,,,,,,,,,,,,,,,,,,,,,,,,,,,,,,,,,,,,,,,,,,,,,,,,,,,,,,,,,,,,,,,,,,,,,,,,,,,,,,,,,,,,,,,,,,,,,,,,,,,,,,,,,,,,,,,,,,,,,,,,,,,,,,,,,,,,,,,,,,,,,,,,,,,,,,,,,,,,,,,,,,,,,,,,,,,,,,,,,,,,,,,,,,,,,,,,,,,,,,,,,,,,,,,,,,,,,,,,,,,,,,,,,,,,,,,,,,,,,,,,,,,,,,,,,,,,,,,,,,,,,,,,,,,,,,,,,,,,,,,,,,,,,,,,,,,,,,,,,,,,,,,,,
MUT_PB,0.4,0.2,0.5,float,Mutation probability (increased from 0.35 for more exploration),,,,,,,,,,,,,,,,,,,,,,,,,,,,,,,,,,,,,,,,,,,,,,,,,,,,,,,,,,,,,,,,,,,,,,,,,,,,,,,,,,,,,,,,,,,,,,,,,,,,,,,,,,,,,,,,,,,,,,,,,,,,,,,,,,,,,,,,,,,,,,,,,,,,,,,,,,,,,,,,,,,,,,,,,,,,,,,,,,,,,,,,,,,,,,,,,,,,,,,,,,,,,,,,,,,,,,,,,,,,,,,,,,,,,,,,,,,,,,,,,,,,,,,,,,,,,,,,,,,,,,,,,,,,,,,,,,,,,,,,,,,,,,,,,,,,,,,,,,,,,,,,,,,,,,,,,,,,,,,,,,,,,,,,,,,,,,,,,,,,,,,,,,,,,,,,,,,,,,,,,,,,,,,,,,,,,,,,,,,,,,,,,,,,,,,,,,,,,,,,,,,,,,,,,,,,,,,,,,,,,,,,,,,,,,,,,,,,,,,,,,,,,,,,,,,,,,,,,,,,,,,,,,,,,,,,,,,,,,,,,,,,,,,,,,,,,,,,,,,,,,,,,,,,,,,,,,,,,,,,,,,,,,,,,,,,,,,,,,,,,,
MUT_MU,0.0,-1.0,1.0,float,Mutation mean,,,,,,,,,,,,,,,,,,,,,,,,,,,,,,,,,,,,,,,,,,,,,,,,,,,,,,,,,,,,,,,,,,,,,,,,,,,,,,,,,,,,,,,,,,,,,,,,,,,,,,,,,,,,,,,,,,,,,,,,,,,,,,,,,,,,,,,,,,,,,,,,,,,,,,,,,,,,,,,,,,,,,,,,,,,,,,,,,,,,,,,,,,,,,,,,,,,,,,,,,,,,,,,,,,,,,,,,,,,,,,,,,,,,,,,,,,,,,,,,,,,,,,,,,,,,,,,,,,,,,,,,,,,,,,,,,,,,,,,,,,,,,,,,,,,,,,,,,,,,,,,,,,,,,,,,,,,,,,,,,,,,,,,,,,,,,,,,,,,,,,,,,,,,,,,,,,,,,,,,,,,,,,,,,,,,,,,,,,,,,,,,,,,,,,,,,,,,,,,,,,,,,,,,,,,,,,,,,,,,,,,,,,,,,,,,,,,,,,,,,,,,,,,,,,,,,,,,,,,,,,,,,,,,,,,,,,,,,,,,,,,,,,,,,,,,,,,,,,,,,,,,,,,,,,,,,,,,,,,,,,,,,,,,,,,,,,,,,,,,,,
MUT_SIGMA,0.25,0.1,0.4,float,Mutation std dev,,,,,,,,,,,,,,,,,,,,,,,,,,,,,,,,,,,,,,,,,,,,,,,,,,,,,,,,,,,,,,,,,,,,,,,,,,,,,,,,,,,,,,,,,,,,,,,,,,,,,,,,,,,,,,,,,,,,,,,,,,,,,,,,,,,,,,,,,,,,,,,,,,,,,,,,,,,,,,,,,,,,,,,,,,,,,,,,,,,,,,,,,,,,,,,,,,,,,,,,,,,,,,,,,,,,,,,,,,,,,,,,,,,,,,,,,,,,,,,,,,,,,,,,,,,,,,,,,,,,,,,,,,,,,,,,,,,,,,,,,,,,,,,,,,,,,,,,,,,,,,,,,,,,,,,,,,,,,,,,,,,,,,,,,,,,,,,,,,,,,,,,,,,,,,,,,,,,,,,,,,,,,,,,,,,,,,,,,,,,,,,,,,,,,,,,,,,,,,,,,,,,,,,,,,,,,,,,,,,,,,,,,,,,,,,,,,,,,,,,,,,,,,,,,,,,,,,,,,,,,,,,,,,,,,,,,,,,,,,,,,,,,,,,,,,,,,,,,,,,,,,,,,,,,,,,,,,,,,,,,,,,,,,,,,,,,,,,,,,,,,
TARGET_TRADES_DAY,5,1,4,int,Ideal trades/day - reduced to be more realistic for combined filters,,,,,,,,,,,,,,,,,,,,,,,,,,,,,,,,,,,,,,,,,,,,,,,,,,,,,,,,,,,,,,,,,,,,,,,,,,,,,,,,,,,,,,,,,,,,,,,,,,,,,,,,,,,,,,,,,,,,,,,,,,,,,,,,,,,,,,,,,,,,,,,,,,,,,,,,,,,,,,,,,,,,,,,,,,,,,,,,,,,,,,,,,,,,,,,,,,,,,,,,,,,,,,,,,,,,,,,,,,,,,,,,,,,,,,,,,,,,,,,,,,,,,,,,,,,,,,,,,,,,,,,,,,,,,,,,,,,,,,,,,,,,,,,,,,,,,,,,,,,,,,,,,,,,,,,,,,,,,,,,,,,,,,,,,,,,,,,,,,,,,,,,,,,,,,,,,,,,,,,,,,,,,,,,,,,,,,,,,,,,,,,,,,,,,,,,,,,,,,,,,,,,,,,,,,,,,,,,,,,,,,,,,,,,,,,,,,,,,,,,,,,,,,,,,,,,,,,,,,,,,,,,,,,,,,,,,,,,,,,,,,,,,,,,,,,,,,,,,,,,,,,,,,,,,,,,,,,,,,,,,,,,,,,,,,,,,,,,,,,,,,
TRADES_PENALTY_WEIGHT,0.3,0.1,0.8,float,Penalty for excess trades - reduced to be less restrictive,,,,,,,,,,,,,,,,,,,,,,,,,,,,,,,,,,,,,,,,,,,,,,,,,,,,,,,,,,,,,,,,,,,,,,,,,,,,,,,,,,,,,,,,,,,,,,,,,,,,,,,,,,,,,,,,,,,,,,,,,,,,,,,,,,,,,,,,,,,,,,,,,,,,,,,,,,,,,,,,,,,,,,,,,,,,,,,,,,,,,,,,,,,,,,,,,,,,,,,,,,,,,,,,,,,,,,,,,,,,,,,,,,,,,,,,,,,,,,,,,,,,,,,,,,,,,,,,,,,,,,,,,,,,,,,,,,,,,,,,,,,,,,,,,,,,,,,,,,,,,,,,,,,,,,,,,,,,,,,,,,,,,,,,,,,,,,,,,,,,,,,,,,,,,,,,,,,,,,,,,,,,,,,,,,,,,,,,,,,,,,,,,,,,,,,,,,,,,,,,,,,,,,,,,,,,,,,,,,,,,,,,,,,,,,,,,,,,,,,,,,,,,,,,,,,,,,,,,,,,,,,,,,,,,,,,,,,,,,,,,,,,,,,,,,,,,,,,,,,,,,,,,,,,,,,,,,,,,,,,,,,,,,,,,,,,,,,,,,,,,,
DD_WEIGHT,0.5,0.2,0.8,float,Drawdown penalty weight - increased to prioritize risk management,,,,,,,,,,,,,,,,,,,,,,,,,,,,,,,,,,,,,,,,,,,,,,,,,,,,,,,,,,,,,,,,,,,,,,,,,,,,,,,,,,,,,,,,,,,,,,,,,,,,,,,,,,,,,,,,,,,,,,,,,,,,,,,,,,,,,,,,,,,,,,,,,,,,,,,,,,,,,,,,,,,,,,,,,,,,,,,,,,,,,,,,,,,,,,,,,,,,,,,,,,,,,,,,,,,,,,,,,,,,,,,,,,,,,,,,,,,,,,,,,,,,,,,,,,,,,,,,,,,,,,,,,,,,,,,,,,,,,,,,,,,,,,,,,,,,,,,,,,,,,,,,,,,,,,,,,,,,,,,,,,,,,,,,,,,,,,,,,,,,,,,,,,,,,,,,,,,,,,,,,,,,,,,,,,,,,,,,,,,,,,,,,,,,,,,,,,,,,,,,,,,,,,,,,,,,,,,,,,,,,,,,,,,,,,,,,,,,,,,,,,,,,,,,,,,,,,,,,,,,,,,,,,,,,,,,,,,,,,,,,,,,,,,,,,,,,,,,,,,,,,,,,,,,,,,,,,,,,,,,,,,,,,,,,,,,,,,,,,,,,,
DATA_SPLITS,0.65,0.60,0.70,float,In-sample fraction per period - 60-70% for better generalization (30-40% OOS),,,,,,,,,,,,,,,,,,,,,,,,,,,,,,,,,,,,,,,,,,,,,,,,,,,,,,,,,,,,,,,,,,,,,,,,,,,,,,,,,,,,,,,,,,,,,,,,,,,,,,,,,,,,,,,,,,,,,,,,,,,,,,,,,,,,,,,,,,,,,,,,,,,,,,,,,,,,,,,,,,,,,,,,,,,,,,,,,,,,,,,,,,,,,,,,,,,,,,,,,,,,,,,,,,,,,,,,,,,,,,,,,,,,,,,,,,,,,,,,,,,,,,,,,,,,,,,,,,,,,,,,,,,,,,,,,,,,,,,,,,,,,,,,,,,,,,,,,,,,,,,,,,,,,,,,,,,,,,,,,,,,,,,,,,,,,,,,,,,,,,,,,,,,,,,,,,,,,,,,,,,,,,,,,,,,,,,,,,,,,,,,,,,,,,,,,,,,,,,,,,,,,,,,,,,,,,,,,,,,,,,,,,,,,,,,,,,,,,,,,,,,,,,,,,,,,,,,,,,,,,,,,,,,,,,,,,,,,,,,,,,,,,,,,,,,,,,,,,,,,,,,,,,,,,,,,,,,,,,,,,,,,,,,,,,,,,,,,,,,,,
DATA_SIZE,0,0,10000000,int,Rows to subsample (0 = full dataset),,,,,,,,,,,,,,,,,,,,,,,,,,,,,,,,,,,,,,,,,,,,,,,,,,,,,,,,,,,,,,,,,,,,,,,,,,,,,,,,,,,,,,,,,,,,,,,,,,,,,,,,,,,,,,,,,,,,,,,,,,,,,,,,,,,,,,,,,,,,,,,,,,,,,,,,,,,,,,,,,,,,,,,,,,,,,,,,,,,,,,,,,,,,,,,,,,,,,,,,,,,,,,,,,,,,,,,,,,,,,,,,,,,,,,,,,,,,,,,,,,,,,,,,,,,,,,,,,,,,,,,,,,,,,,,,,,,,,,,,,,,,,,,,,,,,,,,,,,,,,,,,,,,,,,,,,,,,,,,,,,,,,,,,,,,,,,,,,,,,,,,,,,,,,,,,,,,,,,,,,,,,,,,,,,,,,,,,,,,,,,,,,,,,,,,,,,,,,,,,,,,,,,,,,,,,,,,,,,,,,,,,,,,,,,,,,,,,,,,,,,,,,,,,,,,,,,,,,,,,,,,,,,,,,,,,,,,,,,,,,,,,,,,,,,,,,,,,,,,,,,,,,,,,,,,,,,,,,,,,,,,,,,,,,,,,,,,,,,,,,,
USE_INTERLEAVED_SPLIT,true,false,true,bool,Use interleaved IS/OOS periods instead of single split,,,,,,,,,,,,,,,,,,,,,,,,,,,,,,,,,,,,,,,,,,,,,,,,,,,,,,,,,,,,,,,,,,,,,,,,,,,,,,,,,,,,,,,,,,,,,,,,,,,,,,,,,,,,,,,,,,,,,,,,,,,,,,,,,,,,,,,,,,,,,,,,,,,,,,,,,,,,,,,,,,,,,,,,,,,,,,,,,,,,,,,,,,,,,,,,,,,,,,,,,,,,,,,,,,,,,,,,,,,,,,,,,,,,,,,,,,,,,,,,,,,,,,,,,,,,,,,,,,,,,,,,,,,,,,,,,,,,,,,,,,,,,,,,,,,,,,,,,,,,,,,,,,,,,,,,,,,,,,,,,,,,,,,,,,,,,,,,,,,,,,,,,,,,,,,,,,,,,,,,,,,,,,,,,,,,,,,,,,,,,,,,,,,,,,,,,,,,,,,,,,,,,,,,,,,,,,,,,,,,,,,,,,,,,,,,,,,,,,,,,,,,,,,,,,,,,,,,,,,,,,,,,,,,,,,,,,,,,,,,,,,,,,,,,,,,,,,,,,,,,,,,,,,,,,,,,,,,,,,,,,,,,,,,,,,,,,,,,,,,,,
NUM_SPLIT_PERIODS,5,3,7,int,Number of alternating periods (IS-OOS-IS-OOS-IS) - odd number recommended,,,,,,,,,,,,,,,,,,,,,,,,,,,,,,,,,,,,,,,,,,,,,,,,,,,,,,,,,,,,,,,,,,,,,,,,,,,,,,,,,,,,,,,,,,,,,,,,,,,,,,,,,,,,,,,,,,,,,,,,,,,,,,,,,,,,,,,,,,,,,,,,,,,,,,,,,,,,,,,,,,,,,,,,,,,,,,,,,,,,,,,,,,,,,,,,,,,,,,,,,,,,,,,,,,,,,,,,,,,,,,,,,,,,,,,,,,,,,,,,,,,,,,,,,,,,,,,,,,,,,,,,,,,,,,,,,,,,,,,,,,,,,,,,,,,,,,,,,,,,,,,,,,,,,,,,,,,,,,,,,,,,,,,,,,,,,,,,,,,,,,,,,,,,,,,,,,,,,,,,,,,,,,,,,,,,,,,,,,,,,,,,,,,,,,,,,,,,,,,,,,,,,,,,,,,,,,,,,,,,,,,,,,,,,,,,,,,,,,,,,,,,,,,,,,,,,,,,,,,,,,,,,,,,,,,,,,,,,,,,,,,,,,,,,,,,,,,,,,,,,,,,,,,,,,,,,,,,,,,,,,,,,,,,,,,,,,,,,,,,,,
MIN_TRADES_DAY,2,0.5,2.0,float,MUST have at least 0.1 trades/day (approx 1 per 2 weeks) - relaxed for combined logic,,,,,,,,,,,,,,,,,,,,,,,,,,,,,,,,,,,,,,,,,,,,,,,,,,,,,,,,,,,,,,,,,,,,,,,,,,,,,,,,,,,,,,,,,,,,,,,,,,,,,,,,,,,,,,,,,,,,,,,,,,,,,,,,,,,,,,,,,,,,,,,,,,,,,,,,,,,,,,,,,,,,,,,,,,,,,,,,,,,,,,,,,,,,,,,,,,,,,,,,,,,,,,,,,,,,,,,,,,,,,,,,,,,,,,,,,,,,,,,,,,,,,,,,,,,,,,,,,,,,,,,,,,,,,,,,,,,,,,,,,,,,,,,,,,,,,,,,,,,,,,,,,,,,,,,,,,,,,,,,,,,,,,,,,,,,,,,,,,,,,,,,,,,,,,,,,,,,,,,,,,,,,,,,,,,,,,,,,,,,,,,,,,,,,,,,,,,,,,,,,,,,,,,,,,,,,,,,,,,,,,,,,,,,,,,,,,,,,,,,,,,,,,,,,,,,,,,,,,,,,,,,,,,,,,,,,,,,,,,,,,,,,,,,,,,,,,,,,,,,,,,,,,,,,,,,,,,,,,,,,,,,,,,,,,,,,,,,,,,,,,
MIN_TRADES_PEN_WEIGHT,-500.0,-200.0,-50.0,float,Scalar penalty — zero trades = -50 (Less harsh death penalty),,,,,,,,,,,,,,,,,,,,,,,,,,,,,,,,,,,,,,,,,,,,,,,,,,,,,,,,,,,,,,,,,,,,,,,,,,,,,,,,,,,,,,,,,,,,,,,,,,,,,,,,,,,,,,,,,,,,,,,,,,,,,,,,,,,,,,,,,,,,,,,,,,,,,,,,,,,,,,,,,,,,,,,,,,,,,,,,,,,,,,,,,,,,,,,,,,,,,,,,,,,,,,,,,,,,,,,,,,,,,,,,,,,,,,,,,,,,,,,,,,,,,,,,,,,,,,,,,,,,,,,,,,,,,,,,,,,,,,,,,,,,,,,,,,,,,,,,,,,,,,,,,,,,,,,,,,,,,,,,,,,,,,,,,,,,,,,,,,,,,,,,,,,,,,,,,,,,,,,,,,,,,,,,,,,,,,,,,,,,,,,,,,,,,,,,,,,,,,,,,,,,,,,,,,,,,,,,,,,,,,,,,,,,,,,,,,,,,,,,,,,,,,,,,,,,,,,,,,,,,,,,,,,,,,,,,,,,,,,,,,,,,,,,,,,,,,,,,,,,,,,,,,,,,,,,,,,,,,,,,,,,,,,,,,,,,,,,,,,,,,
NORM_SORTINO_MAX,10.0,5.0,20.0,float,Normalization range for Sortino Ratio (used in fitness calculation),,,,,,,,,,,,,,,,,,,,,,,,,,,,,,,,,,,,,,,,,,,,,,,,,,,,,,,,,,,,,,,,,,,,,,,,,,,,,,,,,,,,,,,,,,,,,,,,,,,,,,,,,,,,,,,,,,,,,,,,,,,,,,,,,,,,,,,,,,,,,,,,,,,,,,,,,,,,,,,,,,,,,,,,,,,,,,,,,,,,,,,,,,,,,,,,,,,,,,,,,,,,,,,,,,,,,,,,,,,,,,,,,,,,,,,,,,,,,,,,,,,,,,,,,,,,,,,,,,,,,,,,,,,,,,,,,,,,,,,,,,,,,,,,,,,,,,,,,,,,,,,,,,,,,,,,,,,,,,,,,,,,,,,,,,,,,,,,,,,,,,,,,,,,,,,,,,,,,,,,,,,,,,,,,,,,,,,,,,,,,,,,,,,,,,,,,,,,,,,,,,,,,,,,,,,,,,,,,,,,,,,,,,,,,,,,,,,,,,,,,,,,,,,,,,,,,,,,,,,,,,,,,,,,,,,,,,,,,,,,,,,,,,,,,,,,,,,,,,,,,,,,,,,,,,,,,,,,,,,,,,,,,,,,,,,,,,,,,,,,,,
NORM_DD_MAX,100000.0,50000.0,200000.0,float,Normalization range for Max Drawdown in dollars (used in fitness calculation),,,,,,,,,,,,,,,,,,,,,,,,,,,,,,,,,,,,,,,,,,,,,,,,,,,,,,,,,,,,,,,,,,,,,,,,,,,,,,,,,,,,,,,,,,,,,,,,,,,,,,,,,,,,,,,,,,,,,,,,,,,,,,,,,,,,,,,,,,,,,,,,,,,,,,,,,,,,,,,,,,,,,,,,,,,,,,,,,,,,,,,,,,,,,,,,,,,,,,,,,,,,,,,,,,,,,,,,,,,,,,,,,,,,,,,,,,,,,,,,,,,,,,,,,,,,,,,,,,,,,,,,,,,,,,,,,,,,,,,,,,,,,,,,,,,,,,,,,,,,,,,,,,,,,,,,,,,,,,,,,,,,,,,,,,,,,,,,,,,,,,,,,,,,,,,,,,,,,,,,,,,,,,,,,,,,,,,,,,,,,,,,,,,,,,,,,,,,,,,,,,,,,,,,,,,,,,,,,,,,,,,,,,,,,,,,,,,,,,,,,,,,,,,,,,,,,,,,,,,,,,,,,,,,,,,,,,,,,,,,,,,,,,,,,,,,,,,,,,,,,,,,,,,,,,,,,,,,,,,,,,,,,,,,,,,,,,,,,,,,,,
NORM_PF_MAX,5.0,3.0,10.0,float,Normalization range for Profit Factor (used in fitness calculation),,,,,,,,,,,,,,,,,,,,,,,,,,,,,,,,,,,,,,,,,,,,,,,,,,,,,,,,,,,,,,,,,,,,,,,,,,,,,,,,,,,,,,,,,,,,,,,,,,,,,,,,,,,,,,,,,,,,,,,,,,,,,,,,,,,,,,,,,,,,,,,,,,,,,,,,,,,,,,,,,,,,,,,,,,,,,,,,,,,,,,,,,,,,,,,,,,,,,,,,,,,,,,,,,,,,,,,,,,,,,,,,,,,,,,,,,,,,,,,,,,,,,,,,,,,,,,,,,,,,,,,,,,,,,,,,,,,,,,,,,,,,,,,,,,,,,,,,,,,,,,,,,,,,,,,,,,,,,,,,,,,,,,,,,,,,,,,,,,,,,,,,,,,,,,,,,,,,,,,,,,,,,,,,,,,,,,,,,,,,,,,,,,,,,,,,,,,,,,,,,,,,,,,,,,,,,,,,,,,,,,,,,,,,,,,,,,,,,,,,,,,,,,,,,,,,,,,,,,,,,,,,,,,,,,,,,,,,,,,,,,,,,,,,,,,,,,,,,,,,,,,,,,,,,,,,,,,,,,,,,,,,,,,,,,,,,,,,,,,,,,
NORM_TRADES_MAX,3.0,1.0,5.0,float,Normalization range for Avg Trades/Day (used in fitness calculation) - reduced to 3.0 for realistic expectations,,,,,,,,,,,,,,,,,,,,,,,,,,,,,,,,,,,,,,,,,,,,,,,,,,,,,,,,,,,,,,,,,,,,,,,,,,,,,,,,,,,,,,,,,,,,,,,,,,,,,,,,,,,,,,,,,,,,,,,,,,,,,,,,,,,,,,,,,,,,,,,,,,,,,,,,,,,,,,,,,,,,,,,,,,,,,,,,,,,,,,,,,,,,,,,,,,,,,,,,,,,,,,,,,,,,,,,,,,,,,,,,,,,,,,,,,,,,,,,,,,,,,,,,,,,,,,,,,,,,,,,,,,,,,,,,,,,,,,,,,,,,,,,,,,,,,,,,,,,,,,,,,,,,,,,,,,,,,,,,,,,,,,,,,,,,,,,,,,,,,,,,,,,,,,,,,,,,,,,,,,,,,,,,,,,,,,,,,,,,,,,,,,,,,,,,,,,,,,,,,,,,,,,,,,,,,,,,,,,,,,,,,,,,,,,,,,,,,,,,,,,,,,,,,,,,,,,,,,,,,,,,,,,,,,,,,,,,,,,,,,,,,,,,,,,,,,,,,,,,,,,,,,,,,,,,,,,,,,,,,,,,,,,,,,,,,,,,,,,,,,
NORM_PNL_MAX,465000.0,100000.0,1000000.0,float,Normalization range for Total Profit in dollars (used in fitness calculation) - increased to prevent maxing out,,,,,,,,,,,,,,,,,,,,,,,,,,,,,,,,,,,,,,,,,,,,,,,,,,,,,,,,,,,,,,,,,,,,,,,,,,,,,,,,,,,,,,,,,,,,,,,,,,,,,,,,,,,,,,,,,,,,,,,,,,,,,,,,,,,,,,,,,,,,,,,,,,,,,,,,,,,,,,,,,,,,,,,,,,,,,,,,,,,,,,,,,,,,,,,,,,,,,,,,,,,,,,,,,,,,,,,,,,,,,,,,,,,,,,,,,,,,,,,,,,,,,,,,,,,,,,,,,,,,,,,,,,,,,,,,,,,,,,,,,,,,,,,,,,,,,,,,,,,,,,,,,,,,,,,,,,,,,,,,,,,,,,,,,,,,,,,,,,,,,,,,,,,,,,,,,,,,,,,,,,,,,,,,,,,,,,,,,,,,,,,,,,,,,,,,,,,,,,,,,,,,,,,,,,,,,,,,,,,,,,,,,,,,,,,,,,,,,,,,,,,,,,,,,,,,,,,,,,,,,,,,,,,,,,,,,,,,,,,,,,,,,,,,,,,,,,,,,,,,,,,,,,,,,,,,,,,,,,,,,,,,,,,,,,,,,,,,,,,,,,
NORM_PROFIT_TRADE_MAX,250.0,100.0,500.0,float,Normalization range for Avg Profit Per Trade (used in fitness calculation),,,,,,,,,,,,,,,,,,,,,,,,,,,,,,,,,,,,,,,,,,,,,,,,,,,,,,,,,,,,,,,,,,,,,,,,,,,,,,,,,,,,,,,,,,,,,,,,,,,,,,,,,,,,,,,,,,,,,,,,,,,,,,,,,,,,,,,,,,,,,,,,,,,,,,,,,,,,,,,,,,,,,,,,,,,,,,,,,,,,,,,,,,,,,,,,,,,,,,,,,,,,,,,,,,,,,,,,,,,,,,,,,,,,,,,,,,,,,,,,,,,,,,,,,,,,,,,,,,,,,,,,,,,,,,,,,,,,,,,,,,,,,,,,,,,,,,,,,,,,,,,,,,,,,,,,,,,,,,,,,,,,,,,,,,,,,,,,,,,,,,,,,,,,,,,,,,,,,,,,,,,,,,,,,,,,,,,,,,,,,,,,,,,,,,,,,,,,,,,,,,,,,,,,,,,,,,,,,,,,,,,,,,,,,,,,,,,,,,,,,,,,,,,,,,,,,,,,,,,,,,,,,,,,,,,,,,,,,,,,,,,,,,,,,,,,,,,,,,,,,,,,,,,,,,,,,,,,,,,,,,,,,,,,,,,,,,,,,,,,,,
MIN_WIN_RATE,0.40,0.30,0.50,float,Minimum win rate threshold (hard constraint - strategies below this are eliminated),,,,,,,,,,,,,,,,,,,,,,,,,,,,,,,,,,,,,,,,,,,,,,,,,,,,,,,,,,,,,,,,,,,,,,,,,,,,,,,,,,,,,,,,,,,,,,,,,,,,,,,,,,,,,,,,,,,,,,,,,,,,,,,,,,,,,,,,,,,,,,,,,,,,,,,,,,,,,,,,,,,,,,,,,,,,,,,,,,,,,,,,,,,,,,,,,,,,,,,,,,,,,,,,,,,,,,,,,,,,,,,,,,,,,,,,,,,,,,,,,,,,,,,,,,,,,,,,,,,,,,,,,,,,,,,,,,,,,,,,,,,,,,,,,,,,,,,,,,,,,,,,,,,,,,,,,,,,,,,,,,,,,,,,,,,,,,,,,,,,,,,,,,,,,,,,,,,,,,,,,,,,,,,,,,,,,,,,,,,,,,,,,,,,,,,,,,,,,,,,,,,,,,,,,,,,,,,,,,,,,,,,,,,,,,,,,,,,,,,,,,,,,,,,,,,,,,,,,,,,,,,,,,,,,,,,,,,,,,,,,,,,,,,,,,,,,,,,,,,,,,,,,,,,,,,,,,,,,,,,,,,,,,,,,,,,,,,,,,,,,,
SORTINO_CAP,10.0,5.0,20.0,float,Maximum Sortino value before capping (prevents unrealistic values),,,,,,,,,,,,,,,,,,,,,,,,,,,,,,,,,,,,,,,,,,,,,,,,,,,,,,,,,,,,,,,,,,,,,,,,,,,,,,,,,,,,,,,,,,,,,,,,,,,,,,,,,,,,,,,,,,,,,,,,,,,,,,,,,,,,,,,,,,,,,,,,,,,,,,,,,,,,,,,,,,,,,,,,,,,,,,,,,,,,,,,,,,,,,,,,,,,,,,,,,,,,,,,,,,,,,,,,,,,,,,,,,,,,,,,,,,,,,,,,,,,,,,,,,,,,,,,,,,,,,,,,,,,,,,,,,,,,,,,,,,,,,,,,,,,,,,,,,,,,,,,,,,,,,,,,,,,,,,,,,,,,,,,,,,,,,,,,,,,,,,,,,,,,,,,,,,,,,,,,,,,,,,,,,,,,,,,,,,,,,,,,,,,,,,,,,,,,,,,,,,,,,,,,,,,,,,,,,,,,,,,,,,,,,,,,,,,,,,,,,,,,,,,,,,,,,,,,,,,,,,,,,,,,,,,,,,,,,,,,,,,,,,,,,,,,,,,,,,,,,,,,,,,,,,,,,,,,,,,,,,,,,,,,,,,,,,,,,,,,,,
=== SOLUTION STATISTICS ===,,,,,,,,,,,,,,,,,,,,,,,,,,,,,,,,,,,,,,,,,,,,,,,,,,,,,,,,,,,,,,,,,,,,,,,,,,,,,,,,,,,,,,,,,,,,,,,,,,,,,,,,,,,,,,,,,,,,,,,,,,,,,,,,,,,,,,,,,,,,,,,,,,,,,,,,,,,,,,,,,,,,,,,,,,,,,,,,,,,,,,,,,,,,,,,,,,,,,,,,,,,,,,,,,,,,,,,,,,,,,,,,,,,,,,,,,,,,,,,,,,,,,,,,,,,,,,,,,,,,,,,,,,,,,,,,,,,,,,,,,,,,,,,,,,,,,,,,,,,,,,,,,,,,,,,,,,,,,,,,,,,,,,,,,,,,,,,,,,,,,,,,,,,,,,,,,,,,,,,,,,,,,,,,,,,,,,,,,,,,,,,,,,,,,,,,,,,,,,,,,,,,,,,,,,,,,,,,,,,,,,,,,,,,,,,,,,,,,,,,,,,,,,,,,,,,,,,,,,,,,,,,,,,,,,,,,,,,,,,,,,,,,,,,,,,,,,,,,,,,,,,,,,,,,,,,,,,,,,,,,,,,,,,,,,,,,,,,,,,,,,,,,,,
Sortino Ratio,,,,statistic,Sortino Ratio for each solution,0.4200,0.4161,0.4161,0.4142,0.4142,0.4101,0.4035,0.3990,0.3904,0.3884,0.3803,0.3766,0.3759,0.3748,0.3747,0.3718,0.3694,0.3667,0.3666,0.3663,0.3663,0.3632,0.3613,0.3562,0.3560,0.3548,0.3541,0.3528,0.3421,0.3402,0.3387,0.3379,0.3379,0.3373,0.3369,0.3369,0.3362,0.3330,0.3297,0.3293,0.3293,0.3292,0.3264,0.3245,0.3238,0.3238,0.3238,0.3229,0.3220,0.3188,0.3188,0.3179,0.3166,0.3161,0.3158,0.3141,0.3130,0.3118,0.3111,0.3108,0.3099,0.3095,0.3081,0.3068,0.3067,0.3055,0.3044,0.3037,0.3030,0.3030,0.3025,0.3019,0.3009,0.2993,0.2993,0.2984,0.2974,0.2974,0.2970,0.2946,0.2941,0.2938,0.2936,0.2935,0.2924,0.2917,0.2915,0.2901,0.2897,0.2893,0.2878,0.2871,0.2867,0.2866,0.2866,0.2866,0.2855,0.2854,0.2841,0.2841,0.2841,0.2833,0.2833,0.2831,0.2831,0.2826,0.2820,0.2819,0.2817,0.2817,0.2814,0.2811,0.2808,0.2799,0.2797,0.2794,0.2793,0.2790,0.2789,0.2780,0.2774,0.2768,0.2767,0.2765,0.2756,0.2734,0.2732,0.2728,0.2727,0.2726,0.2714,0.2712,0.2709,0.2707,0.2696,0.2695,0.2689,0.2687,0.2684,0.2683,0.2680,0.2677,0.2675,0.2675,0.2673,0.2673,0.2667,0.2661,0.2661,0.2660,0.2660,0.2660,0.2654,0.2652,0.2651,0.2649,0.2648,0.2641,0.2639,0.2635,0.2633,0.2627,0.2627,0.2626,0.2626,0.2625,0.2622,0.2622,0.2621,0.2617,0.2614,0.2610,0.2606,0.2599,0.2598,0.2597,0.2591,0.2591,0.2591,0.2590,0.2590,0.2590,0.2586,0.2585,0.2585,0.2585,0.2585,0.2582,0.2575,0.2575,0.2573,0.2566,0.2556,0.2535,0.2534,0.2534,0.2534,0.2528,0.2526,0.2520,0.2520,0.2517,0.2512,0.2511,0.2509,0.2509,0.2509,0.2506,0.2502,0.2498,0.2498,0.2487,0.2487,0.2486,0.2485,0.2482,0.2479,0.2476,0.2471,0.2452,0.2451,0.2448,0.2431,0.2430,0.2430,0.2422,0.2421,0.2414,0.2410,0.2408,0.2403,0.2401,0.2399,0.2397,0.2394,0.2393,0.2392,0.2390,0.2373,0.2372,0.2372,0.2371,0.2371,0.2370,0.2369,0.2364,0.2361,0.2361,0.2354,0.2353,0.2350,0.2346,0.2345,0.2343,0.2343,0.2342,0.2337,0.2335,0.2333,0.2327,0.2325,0.2317,0.2313,0.2309,0.2307,0.2299,0.2297,0.2295,0.2293,0.2288,0.2287,0.2286,0.2285,0.2278,0.2271,0.2269,0.2264,0.2264,0.2260,0.2253,0.2252,0.2245,0.2244,0.2238,0.2235,0.2231,0.2228,0.2223,0.2219,0.2210,0.2210,0.2206,0.2202,0.2199,0.2196,0.2195,0.2186,0.2185,0.2184,0.2180,0.2176,0.2176,0.2173,0.2173,0.2169,0.2162,0.2161,0.2159,0.2158,0.2151,0.2148,0.2148,0.2140,0.2138,0.2131,0.2129,0.2129,0.2128,0.2127,0.2126,0.2125,0.2125,0.2124,0.2118,0.2115,0.2113,0.2109,0.2108,0.2103,0.2102,0.2097,0.2095,0.2094,0.2094,0.2090,0.2085,0.2085,0.2084,0.2081,0.2079,0.2076,0.2072,0.2071,0.2061,0.2060,0.2055,0.2054,0.2053,0.2046,0.2045,0.2044,0.2043,0.2043,0.2042,0.2042,0.2041,0.2034,0.2029,0.2021,0.2019,0.2016,0.2015,0.2013,0.2010,0.2009,0.2007,0.1997,0.1994,0.1989,0.1988,0.1981,0.1979,0.1978,0.1972,0.1967,0.1957,0.1957,0.1957,0.1956,0.1955,0.1950,0.1946,0.1931,0.1916,0.1911,0.1905,0.1896,0.1891,0.1890,0.1889,0.1888,0.1886,0.1886,0.1878,0.1873,0.1873,0.1861,0.1853,0.1853,0.1849,0.1849,0.1836,0.1834,0.1831,0.1826,0.1826,0.1819,0.1819,0.1819,0.1819,0.1816,0.1804,0.1794,0.1788,0.1784,0.1778,0.1775,0.1773,0.1771,0.1770,0.1760,0.1757,0.1751,0.1750,0.1750,0.1742,0.1734,0.1730,0.1726,0.1726,0.1725,0.1723,0.1722,0.1718,0.1715,0.1697,0.1696,0.1693,0.1691,0.1687,0.1685,0.1684,0.1677,0.1668,0.1666,0.1664,0.1662,0.1662,0.1657,0.1643,0.1636,0.1635,0.1632,0.1625,0.1618,0.1611,0.1609,0.1601,0.1598,0.1594,0.1593,0.1590,0.1584,0.1584,0.1583,0.1583,0.1561,0.1556,0.1552,0.1549,0.1517,0.1510,0.1507,0.1505,0.1503,0.1503,0.1484,0.1483,0.1480,0.1472,0.1468,0.1461,0.1444,0.1442,0.1433,0.1430,0.1429,0.1425,0.1419,0.1414,0.1409,0.1407,0.1403,0.1392,0.1388,0.1385,0.1378,0.1374,0.1369,0.1365,0.1364,0.1340,0.1333,0.1327,0.1326,0.1307,0.1304,0.1288,0.1279,0.1273,0.1272,0.1260,0.1253,0.1250,0.1250,0.1239,0.1229,0.1229,0.1218,0.1203,0.1199,0.1199,0.1199,0.1194,0.1187,0.1183,0.1181,0.1176,0.1172,0.1167,0.1155,0.1150,0.1143,0.1130,0.1114,0.1114,0.1113,0.1107,0.1106,0.1091,0.1086,0.1045
Max Drawdown ($),,,,statistic,Max Drawdown ($) for each solution,$0.18,$0.15,$0.15,$0.17,$0.15,$0.18,$0.09,$0.07,$0.06,$0.08,$0.08,$0.08,$0.07,$0.06,$0.06,$0.05,$0.05,$0.05,$0.03,$0.08,$0.08,$0.04,$0.09,$0.07,$0.07,$0.07,$0.06,$0.08,$0.04,$0.04,$0.05,$0.05,$0.05,$0.07,$0.07,$0.05,$0.04,$0.05,$0.06,$0.04,$0.04,$0.04,$0.04,$0.04,$0.04,$0.04,$0.04,$0.03,$0.04,$0.07,$0.07,$0.03,$0.06,$0.07,$0.05,$0.05,$0.04,$0.03,$0.05,$0.06,$0.05,$0.05,$0.06,$0.04,$0.02,$0.05,$0.08,$0.04,$0.05,$0.03,$0.04,$0.04,$0.05,$0.04,$0.05,$0.05,$0.04,$0.04,$0.04,$0.05,$0.06,$0.10,$0.04,$0.07,$0.08,$0.04,$0.05,$0.05,$0.04,$0.05,$0.03,$0.07,$0.07,$0.04,$0.04,$0.04,$0.04,$0.06,$0.06,$0.06,$0.06,$0.03,$0.03,$0.03,$0.06,$0.06,$0.04,$0.19,$0.06,$0.04,$0.05,$0.05,$0.04,$0.04,$0.04,$0.04,$0.06,$0.06,$0.11,$0.05,$0.07,$0.03,$0.03,$0.05,$0.04,$0.05,$0.05,$0.06,$0.05,$0.03,$0.04,$0.03,$0.07,$0.05,$0.04,$0.07,$0.04,$0.04,$0.04,$0.04,$0.04,$0.05,$0.05,$0.03,$0.04,$0.05,$0.06,$0.04,$0.06,$0.04,$0.06,$0.04,$0.05,$0.03,$0.06,$0.04,$0.05,$0.06,$0.05,$0.05,$0.03,$0.05,$0.05,$0.03,$0.06,$0.04,$0.05,$0.05,$0.06,$0.05,$0.05,$0.05,$0.05,$0.05,$0.06,$0.08,$0.05,$0.03,$0.05,$0.06,$0.04,$0.06,$0.03,$0.03,$0.08,$0.06,$0.06,$0.05,$0.05,$0.07,$0.04,$0.05,$0.03,$0.06,$0.05,$0.05,$0.05,$0.04,$0.04,$0.04,$0.03,$0.06,$0.04,$0.05,$0.04,$0.06,$0.06,$0.13,$0.03,$0.04,$0.06,$0.06,$0.04,$0.07,$0.05,$0.05,$0.05,$0.05,$0.06,$0.04,$0.05,$0.04,$0.05,$0.05,$0.06,$0.06,$0.05,$0.05,$0.05,$0.05,$0.05,$0.06,$0.06,$0.05,$0.06,$0.06,$0.05,$0.04,$0.11,$0.07,$0.06,$0.05,$0.04,$0.05,$0.04,$0.05,$0.08,$0.06,$0.04,$0.13,$0.05,$0.06,$0.04,$0.08,$0.07,$0.03,$0.03,$0.12,$0.06,$0.04,$0.04,$0.12,$0.05,$0.03,$0.03,$0.11,$0.05,$0.06,$0.04,$0.05,$0.05,$0.04,$0.04,$0.06,$0.06,$0.05,$0.04,$0.04,$0.05,$0.11,$0.04,$0.06,$0.04,$0.04,$0.03,$0.06,$0.04,$0.05,$0.03,$0.04,$0.04,$0.04,$0.04,$0.03,$0.11,$0.06,$0.04,$0.04,$0.11,$0.06,$0.04,$0.06,$0.04,$0.11,$0.04,$0.05,$0.06,$0.07,$0.04,$0.09,$0.06,$0.04,$0.02,$0.04,$0.04,$0.03,$0.11,$0.05,$0.05,$0.05,$0.10,$0.04,$0.06,$0.04,$0.02,$0.04,$0.06,$0.06,$0.04,$0.04,$0.04,$0.05,$0.11,$0.11,$0.11,$0.04,$0.04,$0.04,$0.06,$0.05,$0.04,$0.04,$0.07,$0.04,$0.04,$0.04,$0.05,$0.04,$0.05,$0.05,$0.06,$0.04,$0.10,$0.04,$0.07,$0.04,$0.03,$0.04,$0.04,$0.04,$0.08,$0.05,$0.04,$0.04,$0.06,$0.03,$0.04,$0.10,$0.07,$0.12,$0.04,$0.13,$0.05,$0.04,$0.03,$0.04,$0.04,$0.04,$0.05,$0.04,$0.06,$0.08,$0.04,$0.04,$0.06,$0.13,$0.05,$0.03,$0.05,$0.05,$0.05,$0.05,$0.05,$0.05,$0.06,$0.11,$0.05,$0.07,$0.05,$0.14,$0.06,$0.06,$0.04,$0.07,$0.04,$0.07,$0.07,$0.04,$0.04,$0.07,$0.05,$0.05,$0.04,$0.02,$0.05,$0.06,$0.04,$0.05,$0.05,$0.03,$0.07,$0.04,$0.04,$0.04,$0.02,$0.02,$0.07,$0.08,$0.05,$0.05,$0.06,$0.02,$0.06,$0.06,$0.11,$0.12,$0.07,$0.04,$0.05,$0.04,$0.07,$0.09,$0.11,$0.06,$0.14,$0.07,$0.07,$0.10,$0.08,$0.05,$0.04,$0.06,$0.07,$0.05,$0.06,$0.06,$0.07,$0.05,$0.06,$0.05,$0.06,$0.04,$0.06,$0.05,$0.04,$0.05,$0.04,$0.06,$0.05,$0.05,$0.11,$0.05,$0.13,$0.14,$0.11,$0.04,$0.05,$0.09,$0.15,$0.05,$0.05,$0.05,$0.04,$0.06,$0.06,$0.03,$0.12,$0.08,$0.07,$0.10,$0.05,$0.05,$0.05,$0.11,$0.06,$0.10,$0.07,$0.10,$0.10,$0.09,$0.07,$0.05,$0.09,$0.11,$0.12,$0.12,$0.05,$0.07,$0.11,$0.05,$0.05,$0.14,$0.06,$0.06,$0.06,$0.09,$0.10,$0.10,$0.09,$0.06,$0.06,$0.06,$0.06,$0.03,$0.06,$0.10,$0.06,$0.08,$0.11,$0.05,$0.07,$0.07,$0.05,$0.06,$0.11,$0.11,$0.09,$0.05,$0.06,$0.05,$0.03,$0.04
Profit Factor,,,,statistic,Profit Factor for each solution,0.3827,0.3848,0.3848,0.3793,0.3851,0.3734,0.5027,0.4130,0.4926,0.4754,0.4844,0.4499,0.4507,0.4763,0.4239,0.4859,0.4998,0.4444,0.4671,0.5092,0.5092,0.4848,0.5113,0.4974,0.4984,0.4947,0.4915,0.5015,0.3677,0.4555,0.4745,0.4532,0.4532,0.4827,0.4905,0.4464,0.4561,0.4649,0.4906,0.4480,0.4480,0.4446,0.3635,0.3553,0.4376,0.4376,0.4376,0.3603,0.4366,0.4546,0.4546,0.3581,0.4686,0.4812,0.3582,0.3634,0.3168,0.3528,0.4656,0.4625,0.4610,0.4074,0.3352,0.3481,0.3432,0.4481,0.4396,0.3512,0.4783,0.4333,0.3513,0.3566,0.4345,0.3584,0.3544,0.3342,0.3508,0.3508,0.3280,0.4440,0.3622,0.4219,0.3416,0.3700,0.4123,0.4296,0.3486,0.4323,0.3241,0.3538,0.3098,0.3602,0.4122,0.3430,0.3430,0.3430,0.4016,0.3482,0.3663,0.3663,0.3663,0.3238,0.3238,0.3332,0.3456,0.3467,0.3373,0.4437,0.3601,0.3455,0.3489,0.3478,0.3323,0.3393,0.4446,0.3464,0.3481,0.3605,0.3164,0.3524,0.3623,0.3309,0.3307,0.3493,0.3393,0.3479,0.3889,0.3565,0.3314,0.4243,0.3388,0.4305,0.3696,0.3525,0.3757,0.3615,0.3364,0.3249,0.3461,0.3295,0.3313,0.3425,0.3548,0.3240,0.3483,0.3090,0.3511,0.3383,0.3573,0.3152,0.3565,0.2836,0.3474,0.3163,0.3530,0.3229,0.3029,0.3569,0.3165,0.3498,0.3995,0.3208,0.3512,0.3363,0.3624,0.3123,0.4157,0.3232,0.3389,0.3355,0.3472,0.3485,0.3330,0.3413,0.3445,0.3453,0.3216,0.3297,0.3238,0.3453,0.3092,0.3520,0.3033,0.3513,0.3429,0.3496,0.3558,0.3620,0.3309,0.3395,0.3313,0.4242,0.3943,0.3630,0.3367,0.3371,0.3309,0.3274,0.3213,0.3183,0.3185,0.3644,0.3212,0.3499,0.3256,0.3066,0.3214,0.3655,0.3145,0.2995,0.3281,0.3265,0.3457,0.3289,0.3282,0.3789,0.3021,0.3180,0.3310,0.3460,0.3289,0.3166,0.3070,0.3142,0.3256,0.3161,0.3363,0.3206,0.3150,0.3326,0.3252,0.3174,0.3320,0.3030,0.3196,0.3182,0.3580,0.3015,0.3163,0.3310,0.3214,0.3216,0.3221,0.3352,0.3411,0.2997,0.3178,0.2962,0.3272,0.3308,0.3032,0.3182,0.3113,0.3284,0.3352,0.3352,0.3338,0.3152,0.3166,0.2988,0.3362,0.3245,0.2881,0.3333,0.3325,0.3122,0.3234,0.3049,0.3371,0.3386,0.3100,0.3054,0.3109,0.3200,0.2978,0.3275,0.3241,0.3131,0.3663,0.3041,0.3165,0.3269,0.3159,0.2893,0.3271,0.3193,0.3282,0.2852,0.3087,0.2921,0.3321,0.3145,0.3148,0.3238,0.3036,0.2885,0.3262,0.3325,0.2946,0.2898,0.3047,0.2861,0.3282,0.3061,0.3208,0.2805,0.2979,0.3075,0.3129,0.2990,0.2855,0.3030,0.3044,0.3122,0.3022,0.3207,0.3093,0.2518,0.3220,0.3445,0.2862,0.3235,0.3027,0.3041,0.2909,0.2962,0.3060,0.2872,0.3278,0.3021,0.3148,0.2769,0.2982,0.2982,0.2986,0.3256,0.3184,0.3186,0.2722,0.2801,0.3094,0.2880,0.3287,0.2842,0.3132,0.3084,0.2717,0.3054,0.2766,0.2862,0.2637,0.3093,0.2610,0.3095,0.3179,0.2722,0.2904,0.2751,0.2882,0.3014,0.2860,0.2918,0.3105,0.2857,0.2902,0.2797,0.2592,0.2642,0.3266,0.2742,0.2845,0.3119,0.2594,0.2650,0.2782,0.2543,0.2911,0.2911,0.2618,0.2892,0.2604,0.2906,0.2645,0.2702,0.2473,0.2780,0.2576,0.2832,0.2555,0.2168,0.2713,0.2720,0.2529,0.2548,0.2723,0.2562,0.2675,0.2835,0.2693,0.2492,0.2538,0.2576,0.2760,0.2326,0.2827,0.2469,0.2512,0.2839,0.2839,0.2513,0.2487,0.2476,0.2828,0.2858,0.2635,0.2384,0.2566,0.2521,0.2526,0.2670,0.2514,0.2589,0.2395,0.2407,0.2819,0.2822,0.2490,0.2773,0.2410,0.2465,0.2470,0.2823,0.2337,0.2231,0.2488,0.2478,0.2315,0.2240,0.2370,0.2466,0.2428,0.2285,0.2398,0.2278,0.2232,0.2732,0.2394,0.2355,0.2661,0.2606,0.2554,0.2143,0.2404,0.2160,0.2366,0.2174,0.2261,0.2087,0.2197,0.2033,0.2049,0.2530,0.2017,0.2196,0.2395,0.2196,0.2021,0.2103,0.2056,0.2172,0.2100,0.2186,0.2110,0.2067,0.2166,0.2183,0.1919,0.1878,0.2290,0.1866,0.1959,0.1985,0.2112,0.1940,0.1871,0.1978,0.2134,0.1916,0.2013,0.2400,0.1832,0.1847,0.2153,0.1848,0.1772,0.1880,0.1814,0.1875,0.2311,0.1873,0.1866,0.2010,0.1779,0.1944,0.1976,0.1948,0.1768,0.1775,0.1720,0.1716,0.1903,0.1941,0.1754,0.1782,0.1677,0.1825,0.1712,0.1857,0.1653,0.1649,0.1648,0.1648,0.1648,0.1661,0.1646,0.1643,0.1643,0.1685,0.1662,0.1586,0.1716,0.1692,0.1673,0.1655,0.1715,0.1715,0.1538,0.1659,0.1667,0.1693,0.1782,0.1624
Avg Trades/Day,,,,statistic,Avg Trades/Day for each solution,1.000,1.000,1.000,1.000,1.000,1.000,1.000,1.000,1.000,1.000,1.000,1.000,1.000,1.000,1.000,1.000,1.000,1.000,1.000,1.000,1.000,1.000,1.000,1.000,1.000,1.000,1.000,1.000,0.700,1.000,1.000,1.000,1.000,1.000,1.000,1.000,1.000,1.000,1.000,1.000,1.000,1.000,0.705,0.852,1.000,1.000,1.000,0.930,1.000,1.000,1.000,0.905,1.000,1.000,0.724,0.702,0.696,0.895,1.000,1.000,1.000,1.000,0.738,0.970,0.804,1.000,1.000,1.000,1.000,1.000,0.908,0.694,1.000,0.766,0.787,0.809,0.763,0.763,0.773,1.000,0.677,1.000,1.000,0.727,1.000,1.000,0.715,1.000,0.741,0.708,0.767,0.690,1.000,0.930,0.930,0.930,1.000,0.685,0.688,0.688,0.688,0.805,0.805,0.895,0.733,0.733,0.770,1.000,0.795,0.779,0.839,1.000,0.804,0.980,1.000,0.795,0.722,0.747,1.000,0.704,0.724,0.935,0.948,0.736,0.729,0.704,1.000,0.856,0.866,1.000,0.680,1.000,0.781,0.796,1.000,0.731,0.688,0.979,0.701,0.769,0.821,0.893,0.766,1.000,0.692,1.000,0.731,0.837,0.746,0.838,0.737,0.914,0.763,1.000,0.845,0.856,0.983,0.764,0.894,0.817,1.000,0.883,0.845,1.000,0.716,0.737,1.000,0.678,0.788,0.733,0.788,0.836,0.879,1.000,0.889,0.977,0.992,1.000,0.700,0.759,0.795,0.822,1.000,0.829,1.000,0.913,0.808,1.000,0.978,0.737,0.806,1.000,1.000,0.734,0.843,0.832,0.773,0.715,0.804,0.827,1.000,0.793,0.855,0.980,0.803,0.683,0.794,1.000,1.000,1.000,0.739,0.746,0.895,0.762,0.942,1.000,0.890,0.752,0.983,0.939,0.847,0.892,0.680,0.841,0.914,0.766,1.000,0.674,0.729,0.937,0.794,0.807,0.786,0.686,0.783,0.847,1.000,0.869,0.966,0.921,1.000,0.970,0.876,0.875,0.959,0.737,0.985,0.768,0.858,0.959,0.724,0.860,0.919,1.000,0.911,0.685,0.684,0.677,0.953,0.882,0.989,0.722,0.994,0.885,0.894,0.685,0.825,0.862,0.871,0.997,0.895,0.946,1.000,0.954,0.788,0.971,1.000,1.000,1.000,0.693,0.993,0.894,1.000,0.709,0.906,1.000,1.000,0.747,0.782,1.000,1.000,1.000,0.924,0.843,0.782,0.771,1.000,0.983,0.960,0.908,0.910,0.781,1.000,0.830,0.952,0.827,0.837,0.978,0.868,0.757,0.800,0.940,1.000,1.000,0.978,0.995,0.827,0.988,1.000,1.000,0.698,1.000,0.975,0.989,1.000,1.000,1.000,0.841,1.000,1.000,1.000,0.908,0.746,0.746,0.899,1.000,1.000,1.000,0.761,0.951,1.000,0.985,0.957,0.819,1.000,1.000,0.885,1.000,1.000,0.879,0.713,1.000,0.763,0.918,1.000,0.852,0.679,0.853,0.836,1.000,0.874,0.996,1.000,0.888,0.907,0.833,0.773,0.759,1.000,0.831,1.000,0.693,0.922,0.923,0.929,0.932,1.000,1.000,0.826,1.000,0.889,1.000,0.875,0.976,0.693,0.751,0.921,0.878,0.882,1.000,1.000,1.000,0.707,0.837,0.972,0.957,1.000,1.000,0.986,0.788,0.888,1.000,1.000,0.705,1.000,0.832,0.710,1.000,1.000,0.710,0.856,0.864,1.000,1.000,1.000,0.819,0.986,1.000,1.000,0.954,0.950,1.000,1.000,0.913,1.000,1.000,0.959,0.676,1.000,1.000,0.977,1.000,0.983,0.762,0.836,0.853,1.000,0.861,0.896,1.000,0.980,1.000,0.930,1.000,0.795,0.910,1.000,0.850,0.667,1.000,1.000,0.774,0.926,0.792,0.997,0.808,0.807,0.874,0.997,0.761,0.901,1.000,0.710,0.871,1.000,1.000,0.830,0.919,0.899,0.997,0.937,0.915,0.935,0.843,1.000,0.866,0.835,0.699,1.000,0.811,0.877,0.905,0.898,0.729,0.769,0.740,0.960,0.728,0.747,0.995,0.712,0.876,1.000,0.860,0.867,0.755,0.826,0.718,0.998,0.767,0.917,1.000,1.000,0.939,0.812,0.867,0.789,1.000,0.694,0.934,1.000,1.000,1.000,1.000,0.799,0.730,0.961,0.742,0.760,0.860,0.865,0.865,0.865,0.819,0.902,0.992,0.914,0.754,1.000,0.933,0.861,0.981,1.000,0.898,0.904,0.904,0.736,1.000,0.984,0.933,1.000,1.000
Total Profit (norm),,,,statistic,Total Profit (norm) for each solution,0.6725,0.6726,0.6726,0.7102,0.6630,0.7241,1.0000,0.8578,1.0000,1.0000,1.0000,1.0000,1.0000,1.0000,1.0000,0.9451,1.0000,1.0000,0.8046,1.0000,1.0000,0.9450,1.0000,1.0000,1.0000,1.0000,1.0000,1.0000,0.5232,0.9902,0.9553,0.9903,0.9903,1.0000,1.0000,1.0000,1.0000,0.9585,1.0000,0.9423,0.9423,0.9518,0.5025,0.6313,0.9652,0.9652,0.9652,0.6019,1.0000,1.0000,1.0000,0.5726,1.0000,1.0000,0.5656,0.6617,0.5690,0.6181,1.0000,1.0000,1.0000,1.0000,0.6292,0.6820,0.4802,1.0000,1.0000,0.6817,1.0000,0.8889,0.6938,0.6297,1.0000,0.6669,0.6741,0.6567,0.6675,0.6675,0.6478,1.0000,0.7307,1.0000,0.5893,0.6847,1.0000,0.9613,0.6523,1.0000,0.6636,0.7209,0.6279,0.7213,1.0000,0.5279,0.5279,0.5279,1.0000,0.7454,0.6900,0.6900,0.6900,0.4023,0.4023,0.4544,0.6703,0.7897,0.6365,1.0000,0.7598,0.6373,0.7586,0.7049,0.6821,0.5325,0.9226,0.7156,0.7166,0.7545,1.0000,0.7259,0.6555,0.4611,0.4687,0.7579,0.7132,0.7263,1.0000,0.7971,0.6812,0.5401,0.6968,0.6527,0.7792,0.7525,1.0000,0.6983,0.6731,0.7281,0.6527,0.7501,0.7456,0.7648,0.7559,0.6875,0.6425,0.8584,0.7354,0.7617,0.7339,0.7898,0.7706,0.7001,0.7390,0.7284,0.7577,0.6338,0.7636,0.7241,0.7612,0.7505,0.7522,0.7135,0.7643,0.5908,0.7260,0.6581,1.0000,0.7024,0.7696,0.7383,0.7494,0.7230,0.8294,0.7876,0.8831,1.0000,0.7062,0.6992,0.7454,0.7667,0.7414,0.7773,0.7675,0.6369,1.0000,0.8704,0.7410,0.8218,0.8414,0.7763,0.7450,1.0000,0.8400,0.6833,0.8265,0.7914,0.7442,0.7149,0.7648,0.7682,0.4741,0.7503,0.7604,0.8639,0.7304,0.7379,0.7885,1.0000,0.4786,0.8027,0.7599,0.7621,0.6690,0.9030,0.7585,1.0000,0.7213,0.7958,0.8573,0.7005,0.8270,0.7498,0.7373,0.7647,0.8165,0.7900,0.7923,0.7023,0.7447,0.7490,0.7916,0.7957,0.8544,0.7521,0.7944,0.8298,1.0000,0.8124,1.0000,0.9742,0.8654,0.8412,0.8400,0.6793,0.7020,0.8058,1.0000,0.8324,0.6645,1.0000,0.7461,0.9264,0.7477,1.0000,0.9015,0.4845,0.5017,0.8545,0.8434,0.7716,0.6970,0.9023,0.8151,0.6113,0.5547,0.8775,0.7806,0.8522,0.6778,0.7065,0.8198,0.5804,0.5593,0.8869,0.8339,0.7227,0.7299,0.9051,1.0000,0.8938,0.7414,0.8798,0.7112,0.7287,0.5593,0.8707,0.7416,0.7874,0.6398,0.8285,0.7319,0.6366,0.6442,0.5705,0.9879,0.8131,0.7406,0.6555,1.0000,0.8811,0.6340,0.8271,0.8016,1.0000,0.7362,0.8431,0.8279,0.9179,0.6453,0.9364,0.8107,0.6374,0.3483,0.7728,0.6468,0.5595,1.0000,0.8877,0.7963,1.0000,0.9046,0.7644,0.9589,0.6469,0.3371,0.7666,0.9023,0.8422,0.7258,0.6423,0.7804,0.8836,0.9585,0.9585,1.0000,0.7490,0.7886,0.7896,0.8263,0.9102,0.7684,0.7396,0.9594,0.8004,0.7896,0.8301,0.9273,0.7748,0.9086,0.8582,0.7869,0.8060,1.0000,0.5945,0.9269,0.8559,0.5301,0.7904,0.6223,0.7611,1.0000,0.8542,0.7868,0.7637,0.8770,0.5984,0.7219,1.0000,1.0000,1.0000,0.6576,0.8951,0.8440,0.8136,0.6279,0.7958,0.7966,0.7966,0.8358,0.8058,0.8875,1.0000,0.7773,0.6634,0.7991,0.9957,0.8510,0.5471,0.8827,0.9365,0.9461,0.8482,0.7832,0.8434,0.9202,1.0000,0.8567,1.0000,0.7924,1.0000,0.8890,1.0000,0.8005,0.8104,0.8364,0.9158,0.8327,0.8207,0.8207,0.8340,0.8674,0.8698,0.8195,0.3612,0.9334,0.8813,0.7840,0.8032,0.8046,0.6443,0.9717,0.8296,0.8972,0.8201,0.3114,0.3125,0.9971,0.8143,0.9584,0.8513,0.9198,0.3129,0.9710,0.8465,1.0000,1.0000,1.0000,0.8114,0.8792,0.9042,0.9568,1.0000,1.0000,0.9578,1.0000,0.9100,1.0000,1.0000,0.8023,0.8825,0.8554,0.8576,0.9848,0.8191,0.9347,0.8837,0.8798,0.8925,1.0000,0.8270,0.8965,1.0000,0.7877,0.8676,0.8821,1.0000,0.8003,0.9547,0.8844,0.9567,1.0000,0.8937,1.0000,1.0000,1.0000,0.7388,0.8505,0.9439,1.0000,0.8530,0.8844,0.9474,0.7485,0.8584,0.8497,0.5339,1.0000,0.9199,0.8725,1.0000,0.7647,0.8471,0.9382,1.0000,0.9688,1.0000,0.9093,0.9716,1.0000,1.0000,1.0000,1.0000,1.0000,1.0000,1.0000,1.0000,0.8399,1.0000,0.9736,0.8351,1.0000,1.0000,1.0000,0.9816,0.9638,1.0000,1.0000,1.0000,1.0000,0.9701,0.9779,0.9779,0.9779,0.5719,0.9953,1.0000,0.9990,0.9238,1.0000,0.7482,1.0000,0.9912,0.9821,1.0000,1.0000,1.0000,0.9513,0.8528,1.0000,0.7469,0.6628,0.9821
Solution Rank,,,,statistic,Rank by Sortino (0 = highest),#0 (SELECTED),#1,#2,#3,#4,#5,#6,#7,#8,#9,#10,#11,#12,#13,#14,#15,#16,#17,#18,#19,#20,#21,#22,#23,#24,#25,#26,#27,#28,#29,#30,#31,#32,#33,#34,#35,#36,#37,#38,#39,#40,#41,#42,#43,#44,#45,#46,#47,#48,#49,#50,#51,#52,#53,#54,#55,#56,#57,#58,#59,#60,#61,#62,#63,#64,#65,#66,#67,#68,#69,#70,#71,#72,#73,#74,#75,#76,#77,#78,#79,#80,#81,#82,#83,#84,#85,#86,#87,#88,#89,#90,#91,#92,#93,#94,#95,#96,#97,#98,#99,#100,#101,#102,#103,#104,#105,#106,#107,#108,#109,#110,#111,#112,#113,#114,#115,#116,#117,#118,#119,#120,#121,#122,#123,#124,#125,#126,#127,#128,#129,#130,#131,#132,#133,#134,#135,#136,#137,#138,#139,#140,#141,#142,#143,#144,#145,#146,#147,#148,#149,#150,#151,#152,#153,#154,#155,#156,#157,#158,#159,#160,#161,#162,#163,#164,#165,#166,#167,#168,#169,#170,#171,#172,#173,#174,#175,#176,#177,#178,#179,#180,#181,#182,#183,#184,#185,#186,#187,#188,#189,#190,#191,#192,#193,#194,#195,#196,#197,#198,#199,#200,#201,#202,#203,#204,#205,#206,#207,#208,#209,#210,#211,#212,#213,#214,#215,#216,#217,#218,#219,#220,#221,#222,#223,#224,#225,#226,#227,#228,#229,#230,#231,#232,#233,#234,#235,#236,#237,#238,#239,#240,#241,#242,#243,#244,#245,#246,#247,#248,#249,#250,#251,#252,#253,#254,#255,#256,#257,#258,#259,#260,#261,#262,#263,#264,#265,#266,#267,#268,#269,#270,#271,#272,#273,#274,#275,#276,#277,#278,#279,#280,#281,#282,#283,#284,#285,#286,#287,#288,#289,#290,#291,#292,#293,#294,#295,#296,#297,#298,#299,#300,#301,#302,#303,#304,#305,#306,#307,#308,#309,#310,#311,#312,#313,#314,#315,#316,#317,#318,#319,#320,#321,#322,#323,#324,#325,#326,#327,#328,#329,#330,#331,#332,#333,#334,#335,#336,#337,#338,#339,#340,#341,#342,#343,#344,#345,#346,#347,#348,#349,#350,#351,#352,#353,#354,#355,#356,#357,#358,#359,#360,#361,#362,#363,#364,#365,#366,#367,#368,#369,#370,#371,#372,#373,#374,#375,#376,#377,#378,#379,#380,#381,#382,#383,#384,#385,#386,#387,#388,#389,#390,#391,#392,#393,#394,#395,#396,#397,#398,#399,#400,#401,#402,#403,#404,#405,#406,#407,#408,#409,#410,#411,#412,#413,#414,#415,#416,#417,#418,#419,#420,#421,#422,#423,#424,#425,#426,#427,#428,#429,#430,#431,#432,#433,#434,#435,#436,#437,#438,#439,#440,#441,#442,#443,#444,#445,#446,#447,#448,#449,#450,#451,#452,#453,#454,#455,#456,#457,#458,#459,#460,#461,#462,#463,#464,#465,#466,#467,#468,#469,#470,#471,#472,#473,#474,#475,#476,#477,#478,#479,#480,#481,#482,#483,#484,#485,#486,#487,#488,#489,#490,#491,#492,#493,#494,#495,#496,#497,#498,#499,#500,#501,#502,#503,#504,#505,#506,#507,#508,#509,#510,#511,#512,#513,#514,#515,#516,#517,#518,#519,#520,#521,#522,#523,#524,#525,#526,#527,#528,#529,#530,#531,#532,#533,#534,#535,#536,#537,#538,#539,#540,#541
