Name,Value,Min,Max,Type,Description,Solution_0_SELECTED,Solution_1,Solution_2,Solution_3,Solution_4,Solution_5,Solution_6,Solution_7,Solution_8,Solution_9,Solution_10,Solution_11,Solution_12,Solution_13,Solution_14,Solution_15,Solution_16,Solution_17,Solution_18,Solution_19,Solution_20,Solution_21,Solution_22,Solution_23,Solution_24,Solution_25,Solution_26,Solution_27,Solution_28,Solution_29,Solution_30,Solution_31,Solution_32,Solution_33,Solution_34,Solution_35,Solution_36,Solution_37,Solution_38,Solution_39,Solution_40,Solution_41,Solution_42,Solution_43,Solution_44,Solution_45,Solution_46,Solution_47,Solution_48,Solution_49,Solution_50,Solution_51,Solution_52,Solution_53,Solution_54,Solution_55,Solution_56,Solution_57,Solution_58,Solution_59,Solution_60,Solution_61,Solution_62,Solution_63,Solution_64,Solution_65,Solution_66,Solution_67,Solution_68,Solution_69,Solution_70,Solution_71,Solution_72,Solution_73,Solution_74,Solution_75,Solution_76,Solution_77,Solution_78,Solution_79,Solution_80,Solution_81,Solution_82,Solution_83,Solution_84,Solution_85,Solution_86,Solution_87,Solution_88,Solution_89,Solution_90,Solution_91,Solution_92,Solution_93,Solution_94,Solution_95,Solution_96,Solution_97,Solution_98,Solution_99,Solution_100,Solution_101,Solution_102,Solution_103,Solution_104,Solution_105,Solution_106,Solution_107,Solution_108,Solution_109,Solution_110,Solution_111,Solution_112,Solution_113,Solution_114,Solution_115,Solution_116,Solution_117,Solution_118,Solution_119,Solution_120,Solution_121,Solution_122,Solution_123,Solution_124,Solution_125,Solution_126,Solution_127,Solution_128,Solution_129,Solution_130,Solution_131,Solution_132,Solution_133,Solution_134,Solution_135,Solution_136,Solution_137,Solution_138,Solution_139,Solution_140,Solution_141,Solution_142,Solution_143,Solution_144,Solution_145,Solution_146,Solution_147,Solution_148,Solution_149,Solution_150,Solution_151,Solution_152,Solution_153,Solution_154,Solution_155,Solution_156,Solution_157,Solution_158,Solution_159,Solution_160,Solution_161,Solution_162,Solution_163,Solution_164,Solution_165,Solution_166,Solution_167,Solution_168,Solution_169,Solution_170,Solution_171,Solution_172,Solution_173,Solution_174,Solution_175,Solution_176,Solution_177,Solution_178,Solution_179,Solution_180,Solution_181,Solution_182,Solution_183,Solution_184,Solution_185,Solution_186,Solution_187,Solution_188,Solution_189,Solution_190,Solution_191,Solution_192,Solution_193,Solution_194,Solution_195,Solution_196,Solution_197,Solution_198,Solution_199,Solution_200,Solution_201,Solution_202,Solution_203,Solution_204,Solution_205,Solution_206,Solution_207,Solution_208,Solution_209,Solution_210,Solution_211,Solution_212,Solution_213,Solution_214,Solution_215,Solution_216,Solution_217,Solution_218,Solution_219,Solution_220,Solution_221,Solution_222,Solution_223,Solution_224,Solution_225,Solution_226,Solution_227,Solution_228,Solution_229,Solution_230,Solution_231,Solution_232,Solution_233,Solution_234,Solution_235,Solution_236,Solution_237,Solution_238,Solution_239,Solution_240,Solution_241,Solution_242,Solution_243,Solution_244,Solution_245,Solution_246,Solution_247,Solution_248,Solution_249,Solution_250,Solution_251,Solution_252,Solution_253,Solution_254,Solution_255,Solution_256,Solution_257,Solution_258,Solution_259,Solution_260,Solution_261,Solution_262,Solution_263,Solution_264,Solution_265,Solution_266,Solution_267,Solution_268,Solution_269,Solution_270,Solution_271,Solution_272,Solution_273,Solution_274,Solution_275,Solution_276,Solution_277,Solution_278,Solution_279,Solution_280,Solution_281,Solution_282,Solution_283,Solution_284,Solution_285,Solution_286,Solution_287,Solution_288,Solution_289,Solution_290,Solution_291,Solution_292,Solution_293,Solution_294,Solution_295,Solution_296,Solution_297,Solution_298,Solution_299,Solution_300,Solution_301,Solution_302,Solution_303,Solution_304,Solution_305,Solution_306,Solution_307,Solution_308,Solution_309,Solution_310,Solution_311,Solution_312,Solution_313,Solution_314,Solution_315,Solution_316,Solution_317,Solution_318,Solution_319,Solution_320,Solution_321,Solution_322,Solution_323,Solution_324,Solution_325,Solution_326,Solution_327,Solution_328,Solution_329,Solution_330,Solution_331,Solution_332,Solution_333,Solution_334,Solution_335,Solution_336,Solution_337,Solution_338,Solution_339,Solution_340,Solution_341,Solution_342,Solution_343,Solution_344,Solution_345,Solution_346,Solution_347,Solution_348,Solution_349,Solution_350,Solution_351,Solution_352,Solution_353,Solution_354,Solution_355,Solution_356,Solution_357,Solution_358,Solution_359,Solution_360,Solution_361,Solution_362,Solution_363,Solution_364,Solution_365,Solution_366,Solution_367,Solution_368,Solution_369,Solution_370,Solution_371,Solution_372,Solution_373,Solution_374,Solution_375,Solution_376,Solution_377,Solution_378,Solution_379,Solution_380,Solution_381,Solution_382,Solution_383,Solution_384,Solution_385,Solution_386,Solution_387,Solution_388,Solution_389,Solution_390,Solution_391,Solution_392,Solution_393,Solution_394,Solution_395,Solution_396,Solution_397,Solution_398,Solution_399,Solution_400,Solution_401,Solution_402,Solution_403,Solution_404,Solution_405,Solution_406,Solution_407,Solution_408,Solution_409,Solution_410,Solution_411,Solution_412,Solution_413,Solution_414,Solution_415,Solution_416,Solution_417,Solution_418,Solution_419,Solution_420,Solution_421,Solution_422,Solution_423,Solution_424,Solution_425,Solution_426,Solution_427,Solution_428,Solution_429,Solution_430,Solution_431,Solution_432,Solution_433,Solution_434,Solution_435,Solution_436,Solution_437,Solution_438,Solution_439,Solution_440,Solution_441,Solution_442,Solution_443,Solution_444,Solution_445,Solution_446,Solution_447,Solution_448,Solution_449,Solution_450,Solution_451,Solution_452,Solution_453,Solution_454,Solution_455,Solution_456,Solution_457,Solution_458,Solution_459,Solution_460,Solution_461,Solution_462,Solution_463,Solution_464,Solution_465,Solution_466,Solution_467,Solution_468,Solution_469,Solution_470,Solution_471,Solution_472,Solution_473,Solution_474,Solution_475,Solution_476,Solution_477,Solution_478,Solution_479,Solution_480,Solution_481,Solution_482,Solution_483,Solution_484,Solution_485,Solution_486,Solution_487,Solution_488,Solution_489,Solution_490,Solution_491,Solution_492,Solution_493,Solution_494,Solution_495,Solution_496,Solution_497,Solution_498,Solution_499,Solution_500,Solution_501,Solution_502,Solution_503,Solution_504,Solution_505,Solution_506,Solution_507,Solution_508,Solution_509,Solution_510,Solution_511,Solution_512,Solution_513,Solution_514,Solution_515,Solution_516,Solution_517,Solution_518,Solution_519,Solution_520,Solution_521,Solution_522,Solution_523,Solution_524,Solution_525,Solution_526,Solution_527,Solution_528,Solution_529,Solution_530,Solution_531,Solution_532,Solution_533,Solution_534,Solution_535,Solution_536,Solution_537,Solution_538,Solution_539,Solution_540,Solution_541,Solution_542,Solution_543,Solution_544,Solution_545,Solution_546,Solution_547,Solution_548,Solution_549,Solution_550,Solution_551,Solution_552,Solution_553,Solution_554,Solution_555,Solution_556,Solution_557,Solution_558,Solution_559,Solution_560,Solution_561,Solution_562,Solution_563,Solution_564,Solution_565,Solution_566,Solution_567,Solution_568,Solution_569,Solution_570,Solution_571,Solution_572,Solution_573,Solution_574,Solution_575,Solution_576,Solution_577,Solution_578,Solution_579,Solution_580,Solution_581,Solution_582,Solution_583,Solution_584,Solution_585,Solution_586,Solution_587,Solution_588,Solution_589,Solution_590,Solution_591,Solution_592,Solution_593,Solution_594,Solution_595,Solution_596,Solution_597,Solution_598,Solution_599,Solution_600,Solution_601,Solution_602,Solution_603,Solution_604,Solution_605,Solution_606,Solution_607,Solution_608,Solution_609,Solution_610,Solution_611,Solution_612,Solution_613,Solution_614,Solution_615,Solution_616,Solution_617,Solution_618,Solution_619,Solution_620,Solution_621,Solution_622,Solution_623,Solution_624,Solution_625,Solution_626,Solution_627,Solution_628,Solution_629,Solution_630,Solution_631,Solution_632,Solution_633,Solution_634,Solution_635,Solution_636,Solution_637,Solution_638,Solution_639,Solution_640,Solution_641,Solution_642,Solution_643,Solution_644,Solution_645,Solution_646,Solution_647,Solution_648,Solution_649,Solution_650,Solution_651,Solution_652,Solution_653,Solution_654,Solution_655,Solution_656,Solution_657,Solution_658,Solution_659,Solution_660,Solution_661,Solution_662,Solution_663,Solution_664,Solution_665,Solution_666,Solution_667,Solution_668,Solution_669,Solution_670,Solution_671,Solution_672,Solution_673,Solution_674,Solution_675,Solution_676,Solution_677,Solution_678,Solution_679,Solution_680,Solution_681,Solution_682,Solution_683,Solution_684,Solution_685,Solution_686,Solution_687,Solution_688,Solution_689,Solution_690,Solution_691,Solution_692,Solution_693,Solution_694,Solution_695,Solution_696,Solution_697,Solution_698,Solution_699,Solution_700,Solution_701,Solution_702,Solution_703,Solution_704,Solution_705,Solution_706,Solution_707,Solution_708,Solution_709,Solution_710,Solution_711,Solution_712,Solution_713,Solution_714,Solution_715,Solution_716,Solution_717,Solution_718,Solution_719,Solution_720,Solution_721,Solution_722,Solution_723,Solution_724,Solution_725,Solution_726,Solution_727,Solution_728,Solution_729,Solution_730,Solution_731,Solution_732,Solution_733,Solution_734,Solution_735,Solution_736,Solution_737,Solution_738,Solution_739,Solution_740,Solution_741,Solution_742,Solution_743,Solution_744,Solution_745,Solution_746,Solution_747,Solution_748,Solution_749,Solution_750,Solution_751,Solution_752,Solution_753,Solution_754,Solution_755,Solution_756,Solution_757,Solution_758,Solution_759,Solution_760,Solution_761,Solution_762,Solution_763,Solution_764,Solution_765,Solution_766,Solution_767,Solution_768,Solution_769,Solution_770,Solution_771,Solution_772,Solution_773,Solution_774,Solution_775,Solution_776,Solution_777,Solution_778,Solution_779,Solution_780,Solution_781,Solution_782,Solution_783,Solution_784,Solution_785,Solution_786,Solution_787,Solution_788,Solution_789,Solution_790,Solution_791,Solution_792,Solution_793,Solution_794,Solution_795,Solution_796,Solution_797,Solution_798,Solution_799,Solution_800,Solution_801,Solution_802,Solution_803,Solution_804,Solution_805,Solution_806,Solution_807,Solution_808,Solution_809,Solution_810,Solution_811,Solution_812,Solution_813,Solution_814,Solution_815,Solution_816,Solution_817,Solution_818,Solution_819,Solution_820,Solution_821,Solution_822,Solution_823,Solution_824,Solution_825,Solution_826,Solution_827,Solution_828,Solution_829,Solution_830,Solution_831,Solution_832,Solution_833,Solution_834,Solution_835,Solution_836,Solution_837,Solution_838,Solution_839,Solution_840,Solution_841,Solution_842,Solution_843,Solution_844,Solution_845,Solution_846,Solution_847,Solution_848,Solution_849,Solution_850,Solution_851,Solution_852,Solution_853,Solution_854,Solution_855,Solution_856,Solution_857,Solution_858,Solution_859,Solution_860,Solution_861,Solution_862,Solution_863,Solution_864,Solution_865,Solution_866,Solution_867,Solution_868,Solution_869,Solution_870,Solution_871,Solution_872,Solution_873,Solution_874,Solution_875,Solution_876,Solution_877,Solution_878,Solution_879,Solution_880,Solution_881,Solution_882,Solution_883,Solution_884,Solution_885,Solution_886,Solution_887,Solution_888,Solution_889,Solution_890,Solution_891,Solution_892,Solution_893,Solution_894,Solution_895,Solution_896,Solution_897,Solution_898,Solution_899,Solution_900,Solution_901,Solution_902,Solution_903,Solution_904,Solution_905,Solution_906,Solution_907,Solution_908,Solution_909,Solution_910,Solution_911,Solution_912,Solution_913,Solution_914,Solution_915,Solution_916,Solution_917,Solution_918,Solution_919,Solution_920,Solution_921,Solution_922,Solution_923,Solution_924,Solution_925,Solution_926,Solution_927,Solution_928,Solution_929,Solution_930,Solution_931,Solution_932,Solution_933,Solution_934,Solution_935,Solution_936,Solution_937,Solution_938,Solution_939,Solution_940,Solution_941,Solution_942,Solution_943,Solution_944,Solution_945,Solution_946,Solution_947,Solution_948,Solution_949,Solution_950,Solution_951,Solution_952,Solution_953,Solution_954,Solution_955,Solution_956,Solution_957,Solution_958,Solution_959,Solution_960,Solution_961,Solution_962,Solution_963,Solution_964,Solution_965,Solution_966,Solution_967,Solution_968,Solution_969,Solution_970,Solution_971,Solution_972,Solution_973,Solution_974,Solution_975,Solution_976,Solution_977,Solution_978,Solution_979,Solution_980,Solution_981,Solution_982,Solution_983,Solution_984,Solution_985,Solution_986,Solution_987,Solution_988,Solution_989,Solution_990,Solution_991,Solution_992,Solution_993,Solution_994,Solution_995,Solution_996,Solution_997,Solution_998,Solution_999,Solution_1000,Solution_1001,Solution_1002,Solution_1003,Solution_1004,Solution_1005,Solution_1006,Solution_1007,Solution_1008,Solution_1009,Solution_1010,Solution_1011,Solution_1012,Solution_1013,Solution_1014,Solution_1015,Solution_1016,Solution_1017,Solution_1018,Solution_1019,Solution_1020,Solution_1021,Solution_1022,Solution_1023,Solution_1024,Solution_1025,Solution_1026,Solution_1027,Solution_1028,Solution_1029,Solution_1030,Solution_1031,Solution_1032,Solution_1033,Solution_1034,Solution_1035,Solution_1036,Solution_1037,Solution_1038,Solution_1039,Solution_1040,Solution_1041,Solution_1042,Solution_1043,Solution_1044,Solution_1045,Solution_1046,Solution_1047,Solution_1048,Solution_1049,Solution_1050,Solution_1051,Solution_1052,Solution_1053,Solution_1054,Solution_1055,Solution_1056,Solution_1057,Solution_1058,Solution_1059,Solution_1060,Solution_1061,Solution_1062,Solution_1063,Solution_1064,Solution_1065,Solution_1066,Solution_1067,Solution_1068,Solution_1069,Solution_1070,Solution_1071,Solution_1072,Solution_1073,Solution_1074,Solution_1075,Solution_1076,Solution_1077,Solution_1078,Solution_1079,Solution_1080,Solution_1081,Solution_1082,Solution_1083,Solution_1084,Solution_1085,Solution_1086,Solution_1087,Solution_1088,Solution_1089,Solution_1090,Solution_1091,Solution_1092,Solution_1093,Solution_1094,Solution_1095,Solution_1096,Solution_1097,Solution_1098,Solution_1099,Solution_1100,Solution_1101,Solution_1102,Solution_1103,Solution_1104,Solution_1105,Solution_1106
__indicatorName,BB Strategy,,,,Strategy identifier,,,,,,,,,,,,,,,,,,,,,,,,,,,,,,,,,,,,,,,,,,,,,,,,,,,,,,,,,,,,,,,,,,,,,,,,,,,,,,,,,,,,,,,,,,,,,,,,,,,,,,,,,,,,,,,,,,,,,,,,,,,,,,,,,,,,,,,,,,,,,,,,,,,,,,,,,,,,,,,,,,,,,,,,,,,,,,,,,,,,,,,,,,,,,,,,,,,,,,,,,,,,,,,,,,,,,,,,,,,,,,,,,,,,,,,,,,,,,,,,,,,,,,,,,,,,,,,,,,,,,,,,,,,,,,,,,,,,,,,,,,,,,,,,,,,,,,,,,,,,,,,,,,,,,,,,,,,,,,,,,,,,,,,,,,,,,,,,,,,,,,,,,,,,,,,,,,,,,,,,,,,,,,,,,,,,,,,,,,,,,,,,,,,,,,,,,,,,,,,,,,,,,,,,,,,,,,,,,,,,,,,,,,,,,,,,,,,,,,,,,,,,,,,,,,,,,,,,,,,,,,,,,,,,,,,,,,,,,,,,,,,,,,,,,,,,,,,,,,,,,,,,,,,,,,,,,,,,,,,,,,,,,,,,,,,,,,,,,,,,,,,,,,,,,,,,,,,,,,,,,,,,,,,,,,,,,,,,,,,,,,,,,,,,,,,,,,,,,,,,,,,,,,,,,,,,,,,,,,,,,,,,,,,,,,,,,,,,,,,,,,,,,,,,,,,,,,,,,,,,,,,,,,,,,,,,,,,,,,,,,,,,,,,,,,,,,,,,,,,,,,,,,,,,,,,,,,,,,,,,,,,,,,,,,,,,,,,,,,,,,,,,,,,,,,,,,,,,,,,,,,,,,,,,,,,,,,,,,,,,,,,,,,,,,,,,,,,,,,,,,,,,,,,,,,,,,,,,,,,,,,,,,,,,,,,,,,,,,,,,,,,,,,,,,,,,,,,,,,,,,,,,,,,,,,,,,,,,,,,,,,,,,,,,,,,,,,,,,,,,,,,,,,,,,,,,,,,,,,,,,,,,,,,,,,,,,,,,,,,,,,,,,,,,,,,,,,,,,,,,,,,,,,,,,,,,,,,,,,,,,,,,,,,,,,,,,,,,,,,,,,,,,,,,,,,,,,,,,,,,,,,,,,,,,,,,,,,,,,,,,,,,,,,,,,,,,,,,,,,,,,,,,,,,,,,,,,,,,,,,,,,,,,,,,,,,,,,,,,,,,,,,,,,
=== ENTRY CRITERIA ===,,,,,,,,,,,,,,,,,,,,,,,,,,,,,,,,,,,,,,,,,,,,,,,,,,,,,,,,,,,,,,,,,,,,,,,,,,,,,,,,,,,,,,,,,,,,,,,,,,,,,,,,,,,,,,,,,,,,,,,,,,,,,,,,,,,,,,,,,,,,,,,,,,,,,,,,,,,,,,,,,,,,,,,,,,,,,,,,,,,,,,,,,,,,,,,,,,,,,,,,,,,,,,,,,,,,,,,,,,,,,,,,,,,,,,,,,,,,,,,,,,,,,,,,,,,,,,,,,,,,,,,,,,,,,,,,,,,,,,,,,,,,,,,,,,,,,,,,,,,,,,,,,,,,,,,,,,,,,,,,,,,,,,,,,,,,,,,,,,,,,,,,,,,,,,,,,,,,,,,,,,,,,,,,,,,,,,,,,,,,,,,,,,,,,,,,,,,,,,,,,,,,,,,,,,,,,,,,,,,,,,,,,,,,,,,,,,,,,,,,,,,,,,,,,,,,,,,,,,,,,,,,,,,,,,,,,,,,,,,,,,,,,,,,,,,,,,,,,,,,,,,,,,,,,,,,,,,,,,,,,,,,,,,,,,,,,,,,,,,,,,,,,,,,,,,,,,,,,,,,,,,,,,,,,,,,,,,,,,,,,,,,,,,,,,,,,,,,,,,,,,,,,,,,,,,,,,,,,,,,,,,,,,,,,,,,,,,,,,,,,,,,,,,,,,,,,,,,,,,,,,,,,,,,,,,,,,,,,,,,,,,,,,,,,,,,,,,,,,,,,,,,,,,,,,,,,,,,,,,,,,,,,,,,,,,,,,,,,,,,,,,,,,,,,,,,,,,,,,,,,,,,,,,,,,,,,,,,,,,,,,,,,,,,,,,,,,,,,,,,,,,,,,,,,,,,,,,,,,,,,,,,,,,,,,,,,,,,,,,,,,,,,,,,,,,,,,,,,,,,,,,,,,,,,,,,,,,,,,,,,,,,,,,,,,,,,,,,,,,,,,,,,,,,,,,,,,,,,,,,,,,,,,,,,,,,,,,,,,,,,,,,,,,,,,,,,,,,,,,,,,,,,,,,,,,,,,,,,,,,,,,,,,,,,,,,,,,,,,,,,,,,,,,,,,,,,,,,,,,,,,,,,,,,,,,,,,,,,,,,,,,,,,,,,,,,,,,,,,,,,,,,,,,,,,,,,,,,,,,,,,,,,,,,,,,,,,,,,,,,,,,,,,,,,,,,
Enable Long Trades,true,false,true,bool,Allow long entries,,,,,,,,,,,,,,,,,,,,,,,,,,,,,,,,,,,,,,,,,,,,,,,,,,,,,,,,,,,,,,,,,,,,,,,,,,,,,,,,,,,,,,,,,,,,,,,,,,,,,,,,,,,,,,,,,,,,,,,,,,,,,,,,,,,,,,,,,,,,,,,,,,,,,,,,,,,,,,,,,,,,,,,,,,,,,,,,,,,,,,,,,,,,,,,,,,,,,,,,,,,,,,,,,,,,,,,,,,,,,,,,,,,,,,,,,,,,,,,,,,,,,,,,,,,,,,,,,,,,,,,,,,,,,,,,,,,,,,,,,,,,,,,,,,,,,,,,,,,,,,,,,,,,,,,,,,,,,,,,,,,,,,,,,,,,,,,,,,,,,,,,,,,,,,,,,,,,,,,,,,,,,,,,,,,,,,,,,,,,,,,,,,,,,,,,,,,,,,,,,,,,,,,,,,,,,,,,,,,,,,,,,,,,,,,,,,,,,,,,,,,,,,,,,,,,,,,,,,,,,,,,,,,,,,,,,,,,,,,,,,,,,,,,,,,,,,,,,,,,,,,,,,,,,,,,,,,,,,,,,,,,,,,,,,,,,,,,,,,,,,,,,,,,,,,,,,,,,,,,,,,,,,,,,,,,,,,,,,,,,,,,,,,,,,,,,,,,,,,,,,,,,,,,,,,,,,,,,,,,,,,,,,,,,,,,,,,,,,,,,,,,,,,,,,,,,,,,,,,,,,,,,,,,,,,,,,,,,,,,,,,,,,,,,,,,,,,,,,,,,,,,,,,,,,,,,,,,,,,,,,,,,,,,,,,,,,,,,,,,,,,,,,,,,,,,,,,,,,,,,,,,,,,,,,,,,,,,,,,,,,,,,,,,,,,,,,,,,,,,,,,,,,,,,,,,,,,,,,,,,,,,,,,,,,,,,,,,,,,,,,,,,,,,,,,,,,,,,,,,,,,,,,,,,,,,,,,,,,,,,,,,,,,,,,,,,,,,,,,,,,,,,,,,,,,,,,,,,,,,,,,,,,,,,,,,,,,,,,,,,,,,,,,,,,,,,,,,,,,,,,,,,,,,,,,,,,,,,,,,,,,,,,,,,,,,,,,,,,,,,,,,,,,,,,,,,,,,,,,,,,,,,,,,,,,,,,,,,,,,,,,,,,,,,,,,,,,,,,,,,,,,,,,,,,,,,,,,,,,,,,,,,,,,,,,,,,,,,,,,,,,,,,,
Enable Short Trades,true,false,true,bool,Allow short entries,,,,,,,,,,,,,,,,,,,,,,,,,,,,,,,,,,,,,,,,,,,,,,,,,,,,,,,,,,,,,,,,,,,,,,,,,,,,,,,,,,,,,,,,,,,,,,,,,,,,,,,,,,,,,,,,,,,,,,,,,,,,,,,,,,,,,,,,,,,,,,,,,,,,,,,,,,,,,,,,,,,,,,,,,,,,,,,,,,,,,,,,,,,,,,,,,,,,,,,,,,,,,,,,,,,,,,,,,,,,,,,,,,,,,,,,,,,,,,,,,,,,,,,,,,,,,,,,,,,,,,,,,,,,,,,,,,,,,,,,,,,,,,,,,,,,,,,,,,,,,,,,,,,,,,,,,,,,,,,,,,,,,,,,,,,,,,,,,,,,,,,,,,,,,,,,,,,,,,,,,,,,,,,,,,,,,,,,,,,,,,,,,,,,,,,,,,,,,,,,,,,,,,,,,,,,,,,,,,,,,,,,,,,,,,,,,,,,,,,,,,,,,,,,,,,,,,,,,,,,,,,,,,,,,,,,,,,,,,,,,,,,,,,,,,,,,,,,,,,,,,,,,,,,,,,,,,,,,,,,,,,,,,,,,,,,,,,,,,,,,,,,,,,,,,,,,,,,,,,,,,,,,,,,,,,,,,,,,,,,,,,,,,,,,,,,,,,,,,,,,,,,,,,,,,,,,,,,,,,,,,,,,,,,,,,,,,,,,,,,,,,,,,,,,,,,,,,,,,,,,,,,,,,,,,,,,,,,,,,,,,,,,,,,,,,,,,,,,,,,,,,,,,,,,,,,,,,,,,,,,,,,,,,,,,,,,,,,,,,,,,,,,,,,,,,,,,,,,,,,,,,,,,,,,,,,,,,,,,,,,,,,,,,,,,,,,,,,,,,,,,,,,,,,,,,,,,,,,,,,,,,,,,,,,,,,,,,,,,,,,,,,,,,,,,,,,,,,,,,,,,,,,,,,,,,,,,,,,,,,,,,,,,,,,,,,,,,,,,,,,,,,,,,,,,,,,,,,,,,,,,,,,,,,,,,,,,,,,,,,,,,,,,,,,,,,,,,,,,,,,,,,,,,,,,,,,,,,,,,,,,,,,,,,,,,,,,,,,,,,,,,,,,,,,,,,,,,,,,,,,,,,,,,,,,,,,,,,,,,,,,,,,,,,,,,,,,,,,,,,,,,,,,,,,,,,,,,,,,,,,,,,,,,,,,,,,,,,,,,,,,,,,,,
Bollinger Band Length,30,1,30,int,Lookback period for BB,10,10,10,10,10,10,10,10,10,10,10,10,10,10,10,10,10,10,10,10,10,10,10,10,10,10,10,10,10,10,10,10,10,10,10,10,10,10,10,10,10,10,10,10,10,10,10,10,10,10,10,10,10,10,10,10,10,10,10,10,10,9,10,10,10,10,10,10,10,10,10,10,10,10,10,10,10,10,10,10,10,10,10,10,10,10,10,10,10,10,10,10,10,10,10,10,10,10,10,10,10,10,10,10,10,10,10,10,10,10,10,10,10,10,10,10,10,10,10,10,10,10,10,10,10,10,10,10,10,10,10,10,10,10,10,10,10,10,10,10,10,10,10,10,10,10,9,10,10,10,10,10,10,10,10,10,10,10,10,10,10,10,10,10,10,10,10,10,10,10,10,10,10,10,10,10,10,10,10,10,10,10,10,10,10,10,10,10,10,10,10,10,10,10,10,10,10,10,10,10,10,10,10,10,10,10,10,10,10,10,10,10,10,10,10,10,10,10,9,10,10,10,10,10,10,10,10,10,10,10,10,10,10,10,10,10,10,10,10,10,10,10,10,10,10,10,10,10,10,10,10,10,10,10,10,10,10,10,10,10,10,10,10,10,10,10,10,10,9,10,10,10,10,10,10,10,10,10,10,10,10,10,10,10,10,10,10,10,10,10,10,10,10,10,10,9,10,10,10,10,10,10,10,10,10,10,10,10,10,10,10,10,10,10,10,10,10,10,10,10,10,10,10,10,10,10,10,10,10,10,10,10,10,10,10,10,10,10,10,10,10,10,10,10,10,10,10,10,10,10,10,10,10,10,10,10,10,10,10,10,10,10,10,10,10,10,10,10,10,10,10,10,10,10,10,10,10,10,10,10,10,10,10,10,10,10,10,10,10,10,10,10,10,10,10,10,10,10,10,10,10,10,10,10,10,10,10,10,10,10,10,10,10,10,10,10,10,10,10,10,10,10,10,10,10,10,10,10,10,10,10,10,10,10,10,10,10,10,10,10,10,10,10,10,10,10,10,10,10,10,10,10,10,10,10,10,10,10,10,10,10,10,10,10,10,10,10,10,10,10,10,10,10,10,10,10,10,10,10,10,10,10,10,10,10,10,10,10,10,10,10,10,10,10,10,10,10,10,10,10,10,10,10,10,10,10,10,10,10,10,10,10,10,10,10,10,10,10,10,10,10,10,10,10,10,10,10,10,10,10,10,10,10,10,10,10,10,10,10,10,10,10,10,10,10,10,10,10,10,10,10,10,10,10,10,10,10,10,10,10,10,10,10,10,10,10,10,10,10,10,10,10,10,10,10,10,10,10,10,10,10,10,2,10,10,10,10,10,10,10,10,10,10,10,10,10,10,10,10,10,10,10,10,10,10,10,10,10,10,10,10,10,10,10,10,10,10,10,10,10,10,10,10,10,10,10,10,10,10,10,10,10,10,10,10,10,10,10,10,10,10,10,10,10,10,10,10,2,10,10,10,10,9,10,10,10,10,10,10,10,10,10,10,10,10,10,10,10,10,10,10,10,10,10,10,10,10,10,10,10,10,10,10,2,10,10,10,10,10,10,10,10,9,10,10,10,10,10,10,10,10,10,10,10,10,10,10,10,10,10,10,10,10,10,10,10,10,10,10,10,10,10,10,10,10,10,10,10,10,10,10,10,10,10,10,10,10,10,10,10,10,10,10,10,10,10,10,10,10,10,10,10,10,10,10,10,10,10,10,10,10,10,10,10,10,10,10,10,10,10,10,10,10,10,10,10,10,10,10,10,10,10,10,10,10,10,10,10,10,10,10,10,10,10,10,10,10,10,10,10,9,10,10,10,10,10,10,10,10,10,10,10,10,10,10,10,10,10,10,10,10,10,10,10,10,10,10,10,10,10,10,10,10,10,10,10,10,10,10,10,10,10,10,10,10,10,10,10,10,10,10,10,10,10,10,10,10,10,10,10,10,10,10,10,10,10,10,10,10,10,10,10,10,10,10,10,10,10,10,10,10,10,10,10,10,10,10,10,10,10,10,10,10,10,10,10,10,10,10,10,10,10,9,10,10,10,10,10,9,10,10,10,10,10,10,10,10,10,9,10,10,10,10,10,10,10,10,10,10,10,10,10,10,10,10,10,10,10,10,10,10,10,10,10,10,10,10,10,10,10,10,10,10,10,10,10,10,10,10,10,10,10,10,10,10,10,10,10,10,10,10,10,10,10,10,10,10,10,10,10,10,10,10,10,10,10,10,10,10,10,10,10,10,10,10,10,10,10,10,10,10,10,10,10,10,10,10,10,10,10,10,10,10,10,10,10,10,10,10,10,10,10,10,10,10,10,10,10,10,10,10,10,10,10,10,10,10,10,10,10,10,10,10,10,10,10,10,10,10,10,10,10,10,10,10,10,10,10,10,10,10,10,10,10,10,10,10,10,10,10,10,10,10,10,10,10,10,10,10,10,10,10,10,10,10,10,10,10,10,10,10,10,10,11,10,10,10,10,10,10,10,10,10,10,10,10,10
Bollinger Band StdDev,2,0.5,4,float,StdDev multiplier for BB width (Max capped at 3.0 to prevent overfitting),0.5,0.507,0.5,0.5,0.5143,0.5165,0.5117,0.5,0.5,0.5024,0.5,0.5,0.5,0.5,0.5087,0.5,0.5,0.5,0.5,0.513,0.5,0.513,0.5,0.5,0.5,0.5,0.5,0.5,0.5055,0.5,0.5038,0.5075,0.5,0.5121,0.6246,0.5008,0.5,0.5,0.5,0.5008,0.5,0.649,0.5009,0.5014,0.5,0.5157,0.5,0.513,0.502,0.5223,0.5879,0.5,0.5,0.592,0.5,0.5,0.5206,0.5092,0.5067,0.5,0.5,0.5,0.5,0.5041,0.5111,0.5016,0.6507,0.5,0.5,0.5147,0.5,0.5,0.5069,0.5,0.5,0.6331,0.5003,0.5,0.5,0.5012,0.5,0.5,0.5,0.5254,0.6825,0.5069,0.5067,0.5,0.5004,0.519,0.5,0.5069,0.5,0.5153,0.5,0.5062,0.5,0.5,0.5,0.5,0.5,0.5075,0.5131,0.5002,0.5191,0.5,0.5,0.5,0.5,0.5015,0.5,0.5,0.5,0.5,0.504,0.5,0.5,0.501,0.5,0.5,0.5,0.5436,0.5,0.5043,0.5,0.5,0.5148,0.5,0.5,0.5,0.5,0.5,0.5,0.5,0.5,0.5,0.5037,0.5049,0.5116,0.5009,0.5,0.5,0.5,0.6548,0.5141,0.5,0.5,0.5008,0.5,0.5393,0.5003,0.5114,0.5,0.5,0.5,0.5,0.5,0.5016,0.5164,0.5138,0.6201,0.5,0.5,0.5,0.5,0.5129,0.5,0.5004,0.5,0.5,0.5131,0.5,0.5,0.5191,0.5,0.5,0.5,0.5,0.5178,0.5,0.5,0.5317,0.5008,0.5,0.5054,0.5,0.5,0.5015,0.501,0.5,0.5,0.5,0.5058,0.5,0.5,0.5,0.5,0.5,0.5038,0.5142,0.6672,0.5001,0.5,0.5,0.6426,0.5024,0.5178,0.5037,0.5,0.5053,0.5,0.5,0.5017,0.5017,0.5045,0.5,0.5028,0.6134,0.5,0.5,0.5,0.5,0.5009,0.6718,0.5001,0.5,0.5,0.5,0.5,0.5014,0.5007,0.5022,0.5,0.5,0.6718,0.5011,0.5015,0.5041,0.7227,0.5341,0.5,0.5053,0.5,0.5008,0.5,0.5,0.5,0.5,0.5,0.5,0.5,0.5,0.5,0.5084,0.5,0.5,0.5,0.5,0.5,0.5068,0.5,0.5,0.5,0.5187,0.5,0.5,0.5,0.5006,0.5,0.5154,0.5,0.5,0.5,0.5,0.5,0.5,0.5,0.5,0.7243,0.5,0.5,0.5006,0.5,0.5011,0.5,0.5,0.5045,0.5,0.5193,0.5,0.5,0.5018,0.5004,0.5138,0.5449,0.5,0.5045,0.5048,0.5173,0.5,0.5,0.5,0.5,0.5121,0.6392,0.5364,0.5,0.5394,0.5394,0.5,0.6276,0.5176,0.5,0.5,0.5053,0.5,0.5002,0.5,0.5068,0.5,0.5019,0.5322,0.5,0.5054,0.5207,0.5,0.5139,0.5039,0.5039,0.5,0.5,0.5,0.5043,0.5089,0.506,0.5018,0.5,0.5,0.5,0.5084,0.5,0.7028,0.5083,0.5,0.5,0.5137,0.5,0.5015,0.5,0.513,0.6495,0.5,0.5,0.5,0.5003,0.5,0.5002,0.5,0.5,0.5,0.518,0.5,0.5105,0.5,0.5,0.5,0.5,0.5017,0.5011,0.5,0.5,0.5,0.5,0.5,0.5003,0.5142,0.5075,0.5,0.5035,0.5,0.5015,0.5,0.5,0.5184,0.5007,0.7104,0.5,0.7502,0.503,0.5108,0.6273,0.5044,0.5022,0.502,0.5013,0.5,0.5,0.5258,0.5,0.7502,0.5,0.5252,0.5,0.5014,0.5385,0.5,0.5065,0.5011,0.5034,0.516,0.5001,0.5,0.6841,0.5008,0.5,0.5028,0.5,0.5,0.5009,0.5,0.5,0.5,0.502,0.5014,0.5,0.5,0.5,0.5,0.5,0.5,0.5038,0.502,0.5061,0.5,0.7027,0.5091,0.5,0.5031,0.502,0.5002,0.5,0.5119,0.5,0.531,0.5,0.5014,0.5,0.5,0.5,0.5,0.5014,0.5,0.5043,0.5,0.5,0.6777,0.5,0.5,0.5,0.6454,0.5,0.6698,0.5,0.524,0.505,0.5065,0.6582,0.5,0.5,0.501,0.5,0.5066,0.5043,0.5004,0.5001,0.5,0.5063,0.5004,0.5,0.6263,0.5,0.5,0.5,0.5042,0.5,0.5,0.5,0.5019,0.5,0.5102,0.5,0.502,0.5,0.5,0.5,0.5037,0.5326,0.5025,0.5,0.7093,0.5785,0.5,0.5,0.502,0.6299,0.5,0.5,0.5,0.5,0.5,0.5,0.5,0.5,0.5207,0.5,0.5046,0.5,0.5,0.5,0.5325,0.5,0.5,0.5003,0.5,0.5034,0.5,0.5,0.5,0.5,0.6171,0.5,0.5,0.5,0.5029,0.5,0.5005,0.5002,0.5022,0.5208,0.5,0.5,0.5,0.5,0.5119,0.5,0.5007,0.5,0.5037,0.5,0.501,0.5,0.51,0.5004,0.5,0.5028,0.5,0.5015,0.5,0.505,0.5137,0.5067,0.7025,0.504,0.6869,0.5107,0.5,0.5,0.6861,0.5025,0.5,0.5,0.5,0.5006,0.5002,0.5,0.5,0.5,0.5,0.5005,0.5034,0.5,0.5,0.7253,0.516,0.5,0.5092,0.5072,0.5,0.5,0.5,0.5036,0.5,0.5,0.5965,0.6361,0.5171,0.5477,0.544,0.5,0.5,0.5023,0.5,0.5011,0.5004,0.672,0.5014,0.5,0.5,0.5,0.5044,0.5,0.5,0.5058,0.5175,0.5002,0.5017,0.5,0.5121,0.5,0.53,0.5037,0.5,0.501,0.5026,0.5013,0.5017,0.5001,0.5054,0.5003,0.5502,0.5138,0.5196,0.5,0.5005,0.5,0.524,0.5169,0.505,0.5054,0.5,0.5014,0.5008,0.5,0.5,0.5,0.5015,0.5,0.5,0.5881,0.5029,0.5008,0.5137,0.5327,0.501,0.5,0.5253,0.5055,0.5,0.5,0.5,0.5,0.5,0.5006,0.5,0.5,0.5,0.5038,0.5041,0.5283,0.5428,0.5008,0.5597,0.6247,0.5,0.5004,0.5,0.5075,0.5,0.5682,0.5419,0.5,0.5,0.5007,0.5,0.5026,0.5,0.5,0.5,0.5,0.5,0.5696,0.5,0.5,0.5,0.562,0.5,0.5327,0.5052,0.5014,0.5055,0.5061,0.5,0.5,0.5127,0.5,0.7229,0.5049,0.5014,0.5,0.6187,0.5,0.5868,0.5024,0.6926,0.5001,0.6528,0.5001,0.5,0.5371,0.5,0.5,0.7231,0.5,0.5,0.5,0.5015,0.5073,0.5018,0.5,0.5019,0.5,0.7502,0.5,0.5028,0.5035,0.53,0.5,0.5,0.5,0.5158,0.5053,0.5,0.5,0.5,0.5,0.5,0.5,0.6255,0.5152,0.5,0.5033,0.6735,0.5,0.5,0.5146,0.5,0.6255,0.5,0.5,0.5005,0.5,0.5033,0.5,0.5,0.5055,0.5,0.5,0.5,0.5066,0.5,0.5,0.5025,0.5,0.6568,0.5,0.7957,0.5,0.5,0.5576,0.5013,0.5,0.5151,0.5,0.5,0.5,0.5,0.5327,0.5,0.5,0.5038,0.5,0.5322,0.5,0.5013,0.5,0.5841,0.7038,0.5342,0.6703,0.6617,0.5,0.5011,0.5097,0.5,0.5002,0.5,0.5023,0.5136,0.5,0.5,0.5,0.5201,0.5,0.5001,0.6123,0.5,0.5,0.5499,0.5,0.5,0.5,0.5041,0.5,0.5025,0.5001,0.5,0.5,0.5,0.5293,0.5084,0.5006,0.5,0.5,0.5,0.5365,0.6442,0.5,0.5069,0.5,0.5059,0.5,0.5,0.5,0.5,0.5,0.5,0.548,0.5,0.625,0.563,0.5007,0.5,0.502,0.5005,0.5,0.5037,0.5,0.5011,0.5796,0.5086,0.5012,0.5322,0.5,0.5,0.5204,0.5815,0.5,0.5,0.5,0.5013,0.8215,0.5,0.6249,0.501,0.5134,0.502,0.6818,0.5,0.5,0.509,0.5,0.5,0.5,0.5005,0.5003,0.5,0.5,0.5005,0.5,0.7149,0.5081,0.5,0.5,0.5126,0.5018,0.5,0.6168,0.5,0.5,0.5019,0.5,0.5,0.5774,0.5328,0.6569,0.5,0.5307,0.5,0.5041,0.5,0.5006,0.6971,0.5113,0.5,0.5421,0.5363,0.5023,0.5,0.5171,0.5,0.5058,0.5,0.5015,0.5,0.5,0.5,0.5,0.5344,0.5,0.5,0.5,0.5,0.5,0.5,0.5,0.5041,0.5,0.5043,0.6726,0.6352,0.5076,0.5,0.5,0.5,0.5,0.5,0.5,0.5,0.5,0.5012,0.5,0.5,0.5,0.6491,0.7492,0.5858,0.6494,0.5,0.5,0.5448,0.5,0.5,0.5,0.502,0.6101,0.5,0.5,0.6913,0.5093,0.5,0.6092,0.5274,0.5144,0.7493,0.5208,0.5,0.5,0.5,0.5037,0.5,0.5,0.5,0.7213,0.5408,0.5066,0.5,0.5,0.6818,0.5,0.5095,0.5003,0.5035,0.5001,0.5,0.5,0.6367,0.6661,0.5,0.6911,0.5005,0.5016,0.5005,0.6098,0.5173,0.5,0.5,0.5078,0.5137,0.7325,0.5,0.5,0.5,0.6618,0.5136,0.5076,0.7509,0.5,0.5,0.5,0.7009,0.5001,0.5054,0.5,0.5,0.704,0.6961,0.7242,0.5,0.7005,0.5013,0.7051,0.5,0.6949,0.68,0.6779,0.721,0.5454,0.649,0.5079,0.661,0.5454,0.6892,0.5186,0.7133,0.703,0.7365,0.703,0.5,0.5015,0.5,0.6471,0.624,0.5016,0.7089,0.7078,0.735,0.6895,0.6747,0.7387,0.7028,0.7172,0.6922,0.7093,0.7497,0.6317,0.6997,0.7022,0.5561,0.6911,0.505,0.6339,0.7104,0.6654,0.6829,0.5012,0.7175,0.7175,0.7293,0.5046,0.7231,0.5,0.681,0.7249,0.748,0.7277,0.6929,0.6738,0.6738,0.6926,0.7102,0.7175,0.7153,0.6913,0.5,0.6777,0.5511,0.7095,0.5046,0.7015,0.5001,0.7229,0.5,0.716,0.6951,0.6776,0.6632,0.7355
Long Entry on Wick Touch,0,0,1,int,"Enter if low touches lower band (0=false, 1=true) - OPTIMIZABLE",1,1,1,1,1,1,1,1,1,1,1,1,1,1,1,1,1,1,1,1,1,1,1,1,1,1,1,1,1,1,1,1,1,1,1,1,1,1,1,1,1,1,1,1,1,1,1,1,1,1,1,1,1,1,1,1,1,1,1,1,1,1,1,1,1,1,1,1,1,1,1,1,1,1,1,1,1,1,1,1,1,1,1,1,1,1,1,1,1,1,1,1,1,1,1,1,1,1,1,1,1,1,1,1,1,1,1,1,1,1,1,1,1,1,1,1,1,1,1,1,1,1,1,1,1,1,1,1,1,1,1,1,1,1,1,1,1,1,1,1,1,1,1,1,1,1,1,1,1,1,1,1,1,1,1,1,1,1,1,1,1,1,1,1,1,1,1,1,1,1,1,1,1,1,1,1,1,1,1,1,1,1,1,1,1,1,1,1,1,1,1,1,1,1,1,1,1,1,1,1,1,1,1,1,1,1,1,1,1,1,1,1,1,1,1,1,1,1,1,1,1,1,1,1,1,1,1,1,1,1,1,1,1,1,1,1,1,1,1,1,1,1,1,1,1,1,1,1,1,1,1,1,1,1,1,1,1,1,1,1,1,1,1,1,1,1,1,1,1,1,1,1,1,1,1,1,1,1,1,1,1,1,1,1,1,1,1,1,1,1,1,1,1,1,1,1,1,1,1,1,1,1,1,1,1,1,1,1,1,1,1,1,1,1,1,1,1,1,1,1,1,1,1,1,1,1,1,1,1,1,1,1,1,1,1,1,1,1,1,1,1,1,1,1,1,1,1,1,1,1,1,1,1,1,1,1,1,1,1,1,1,1,1,1,1,1,1,1,1,1,1,1,1,1,1,1,1,1,1,1,1,1,1,1,1,1,1,1,1,1,1,1,1,1,1,1,1,1,1,1,1,1,1,1,1,1,1,1,1,1,1,1,1,1,1,1,1,1,1,1,1,1,1,1,1,1,1,1,1,1,1,1,1,1,1,1,1,1,1,1,1,1,1,1,1,1,1,1,1,1,1,1,1,1,1,1,1,1,1,1,1,1,1,1,1,1,1,1,1,1,1,1,1,1,1,1,1,1,1,1,1,1,1,1,1,1,1,1,1,1,1,1,1,1,1,1,1,1,1,1,1,1,1,1,1,1,1,1,1,1,1,1,1,1,1,1,1,1,1,1,1,1,1,1,1,1,1,1,1,1,1,1,1,1,1,1,1,1,1,1,1,1,1,1,1,1,1,1,1,1,1,1,1,1,1,1,1,1,1,1,1,1,1,1,1,1,1,1,1,1,1,1,1,1,1,1,1,1,1,1,1,1,1,1,1,1,1,1,1,1,1,1,1,1,1,1,1,1,1,1,1,1,1,1,1,1,1,1,1,1,1,1,1,1,1,1,1,1,1,1,1,1,1,1,1,1,1,1,1,1,1,1,1,1,1,1,1,1,1,1,1,1,1,1,1,1,1,1,1,1,1,1,1,1,1,1,1,1,1,1,1,1,1,1,1,1,1,1,1,1,1,1,1,1,1,1,1,1,1,1,1,1,1,1,1,1,1,1,1,1,1,1,1,1,1,1,1,1,1,1,1,1,1,1,1,1,1,1,1,1,1,1,1,1,1,1,1,1,1,1,1,1,1,1,1,1,1,1,1,1,1,1,1,1,1,1,1,1,1,1,1,1,1,1,1,1,1,1,1,1,1,1,1,1,1,1,1,1,1,1,1,1,1,1,1,1,1,1,1,1,1,1,1,1,1,1,1,1,1,1,1,1,1,1,1,1,1,1,1,1,1,1,1,1,1,1,1,1,1,1,1,1,1,1,1,1,1,1,1,1,1,1,1,1,1,1,1,1,1,1,1,1,1,1,1,1,1,1,1,1,1,1,1,1,1,1,1,1,1,1,1,1,1,1,1,1,1,1,1,1,1,1,1,1,1,1,1,1,1,1,1,1,1,1,1,1,1,1,1,1,1,1,1,1,1,1,1,1,1,1,1,1,1,1,1,1,1,1,1,1,1,1,1,1,1,1,1,1,1,1,1,1,1,1,1,1,1,1,1,1,1,1,1,1,1,1,1,1,1,1,1,1,1,1,1,1,1,1,1,1,1,1,1,1,1,1,1,1,1,1,1,1,1,1,1,1,1,1,1,1,1,1,1,1,1,1,1,1,1,1,1,1,1,1,1,1,1,1,1,1,1,1,1,1,1,1,1,1,1,1,1,1,1,1,1,1,1,1,1,1,1,1,1,1,1,1,1,1,1,1,1,1,1,1,1,1,1,1,1,1,1,1,1,1,1,1,1,1,1,1,1,1,1,1,1,1,1,1,1,1,1,1,1,1,1,1,1,1,1,1,1,1,1,1,1,1,1,1,1,1,1,1,1,1,1,1,1,1,1,1,1,1,1,1,1,1,1,1,1,1,1,1,1,1,1,1,1,1,1,1,1,1,1,1,1,1,1,1,1,1,1,1,1,1,1,1,1,1,1,1,1,1,1,1,1,1,1
Long Entry on Body in Zone,1,0,1,int,"Enter if close ≤ lower band (0=false, 1=true) - OPTIMIZABLE",1,0,0,0,0,0,0,0,0,0,0,0,0,0,0,0,0,1,0,1,0,1,1,0,0,0,1,1,0,1,0,0,0,0,0,0,1,0,0,0,1,1,0,0,0,0,0,1,1,0,0,1,1,1,0,0,0,0,0,0,0,0,0,0,0,1,0,0,0,0,1,0,0,0,0,0,0,0,0,0,0,0,0,0,0,0,0,0,1,1,0,0,0,1,0,0,0,0,0,0,1,0,0,0,0,0,0,0,0,0,0,0,0,0,0,0,0,0,0,0,0,0,1,1,0,1,0,0,1,0,0,1,0,0,0,0,0,0,1,0,1,0,0,0,0,0,0,0,1,1,1,0,0,0,0,0,0,0,0,1,0,0,0,0,0,0,0,0,1,0,0,0,1,0,0,0,0,0,1,0,0,1,0,0,0,0,0,0,0,0,0,0,0,0,0,1,1,1,0,0,0,0,0,0,0,0,0,0,0,0,0,0,0,0,0,1,1,0,0,1,1,0,0,0,1,0,0,0,0,0,0,0,0,0,0,1,1,0,0,0,0,0,0,0,0,0,0,0,0,0,1,0,1,0,0,0,0,0,0,0,1,0,0,1,0,0,0,0,0,0,0,0,0,0,1,0,0,1,0,0,0,1,0,0,0,0,1,0,1,0,0,0,1,1,0,0,1,0,0,0,0,0,1,0,0,0,1,0,0,1,0,0,0,1,0,0,1,0,1,0,1,0,0,0,0,0,0,0,0,0,0,0,0,0,1,0,0,0,0,1,0,0,0,0,0,1,0,0,1,0,1,0,0,0,0,0,0,0,0,0,0,0,0,0,0,0,0,0,0,0,1,0,1,0,0,0,0,1,0,1,0,0,0,0,0,0,0,0,0,0,0,0,1,0,0,1,1,1,0,0,0,0,1,0,0,0,0,0,0,1,0,0,0,0,0,1,0,0,0,0,0,0,0,0,0,0,0,0,1,0,1,1,0,0,0,1,0,0,0,0,1,0,0,0,0,1,0,0,0,0,0,1,0,0,1,0,0,0,1,0,0,0,0,0,0,0,0,0,1,0,0,1,0,0,1,0,0,0,0,0,1,0,0,0,0,1,0,0,0,0,0,0,0,1,0,0,0,0,1,0,1,1,0,0,1,1,1,0,1,0,0,0,0,1,1,0,1,1,1,0,0,0,0,0,0,0,0,0,1,0,0,0,0,0,0,0,1,0,1,1,0,0,0,0,0,0,1,0,0,0,0,1,1,0,1,0,1,1,0,1,0,0,1,0,0,0,0,1,0,0,1,0,1,0,0,0,0,0,0,0,0,0,1,0,0,0,0,0,0,0,1,0,0,0,0,0,1,1,0,0,0,1,0,0,0,0,1,1,0,1,0,0,0,0,0,0,0,0,0,0,0,1,0,0,1,0,0,0,0,0,0,0,0,1,0,0,0,0,0,0,1,0,0,0,0,1,1,1,0,0,0,0,0,0,0,1,0,0,1,0,1,0,0,1,1,1,0,0,0,0,0,0,0,0,1,0,0,0,0,0,0,0,0,1,0,1,0,1,1,0,0,0,0,0,0,0,0,0,0,0,0,0,0,0,1,0,1,0,0,1,0,0,0,0,1,0,1,0,0,1,1,0,0,0,0,0,0,0,0,1,0,0,0,0,1,0,0,0,0,0,0,0,0,0,0,0,0,0,0,1,1,0,0,0,0,1,0,1,0,0,0,0,0,1,0,0,0,0,0,0,0,0,0,0,1,0,0,0,0,0,0,0,0,0,0,0,0,0,0,0,0,0,0,0,1,0,0,0,0,0,0,0,0,1,0,0,0,1,0,1,0,0,0,1,1,0,0,0,1,0,0,1,1,0,0,0,0,0,0,1,0,1,1,0,1,0,0,0,0,0,1,1,1,0,0,0,1,0,1,0,1,0,0,1,0,0,0,0,0,0,0,0,0,0,0,0,0,0,0,0,0,0,1,0,0,0,0,1,1,0,0,0,0,0,0,0,0,1,0,0,0,0,0,0,0,1,0,1,0,0,1,0,0,0,0,0,0,0,0,0,0,0,0,1,1,0,0,0,0,0,0,0,0,0,0,1,0,0,0,0,0,0,0,0,0,1,0,0,0,1,0,0,0,0,0,0,1,0,0,1,0,0,0,1,0,0,0,0,0,1,0,0,0,1,0,0,0,0,0,1,0,0,0,0,0,0,1,0,0,0,0,1,0,0,0,0,0,0,0,1,1,0,1,0,0,0,0,0,0,0,0,0,0,0,0,0,0,0,1,0,0,1,0,0,0,0,0,0,1,0,0,0,0,0,0,0,0,0,0,0,0,0,1,0,0,0,0,0,1,0,0,0,0,1,0,0,0,1,1,0,0,0,0,0,0,0,1,1,0,0,1,0,0,0,0,0,0,0,0,0,1,0,0,0,0,1,1,0,0,0,0,0,0,0,1,0,0,0,1,0,1,0,0,0,0,0,1,0,0,0,0,0,0,1,0,0,0
Long Trigger (% From Lower Band),0.5,0,2,float,% below lower band to trigger (min 0.5% to avoid band extremes),0.0,0.0,0.0,0.0,0.0,0.0,0.0,0.0,0.0,0.0,0.0,0.0,0.0,0.0,0.0,0.0,0.0,0.0,0.0,0.0,0.0,0.0,0.0,0.0,0.0,0.0,0.0,0.0,0.0,0.0,0.0,0.0,0.0,0.0,0.0,0.0,0.0,0.0,0.0,0.0,0.0,0.0,0.0,0.0,0.0,0.0,0.0,0.0,0.0,0.0,0.0,0.0,0.0,0.0,0.0,0.0,0.0,0.0,0.0,0.0,0.0,0.0,0.0,0.0,0.0,0.0,0.0,0.0,0.0,0.0,0.0,0.0,0.0,0.0,0.0,0.0,0.0,0.0,0.0,0.0,0.0,0.0,0.0,0.0,0.0,0.0,0.0,0.0,0.0,0.0,0.0,0.0,0.0,0.0,0.0,0.0,0.0,0.0,0.0,0.0,0.0,0.0,0.0,0.0,0.0,0.0,0.0,0.0,0.0,0.0,0.0,0.0,0.0,0.0,0.0,0.0,0.0,0.0,0.0,0.0,0.0,0.0,0.0,0.0,0.0,0.0,0.0,0.0,0.0,0.0,0.0,0.0,0.0,0.0,0.0,0.0,0.0,0.0,0.0,0.0,0.0,0.0,0.0,0.0,0.0,0.0,0.0,0.0,0.0,0.0,0.0,0.0,0.0,0.0,0.0,0.0,0.0,0.0,0.0,0.0,0.0,0.0,0.0,0.0,0.0,0.0,0.0,0.0,0.0,0.0,0.0,0.0,0.0,0.0,0.0,0.0,0.0,0.0,0.0,0.0,0.0,0.0,0.0,0.0,0.0,0.0,0.0,0.0,0.0,0.0,0.0,0.0,0.0,0.0,0.0,0.0,0.0,0.0,0.0,0.0,0.0,0.0,0.0,0.0,0.0,0.0,0.0,0.0,0.0,0.0,0.0,0.0,0.0,0.0,0.0,0.0,0.0,0.0,0.0,0.0,0.0,0.0,0.0,0.0,0.0,0.0,0.0,0.0,0.0,0.0,0.0,0.0,0.0,0.0,0.0,0.0,0.0,0.0,0.0,0.0,0.0,0.0,0.0,0.0,0.0,0.0,0.0,0.0,0.0,0.0,0.0,0.0,0.0,0.0,0.0,0.0,0.0,0.0,0.0,0.0,0.0,0.0,0.0,0.0,0.0,0.0,0.0,0.0,0.0,0.0,0.0,0.0,0.0,0.0,0.0,0.0,0.0,0.0,0.0,0.0,0.0,0.0,0.0,0.0,0.0,0.0,0.0,0.0,0.0,0.0,0.0,0.0,0.0,0.0,0.0,0.0,0.0,0.0,0.0,0.0,0.0,0.0,0.0,0.0,0.0,0.0,0.0,0.0,0.0,0.0,0.0,0.0,0.0,0.0,0.0,0.0,0.0,0.0,0.0,0.0,0.0,0.0,0.0,0.0,0.0,0.0,0.0,0.0,0.0,0.0,0.0,0.0,0.0,0.0,0.0,0.0,0.0,0.0,0.0,0.0,0.0,0.0,0.0,0.0,0.0,0.0,0.0,0.0,0.0,0.0,0.0,0.0,0.0,0.0,0.0,0.0,0.0,0.0,0.0,0.0,0.0,0.0,0.0,0.0,0.0,0.0,0.0,0.0,0.0,0.0,0.0,0.0,0.0,0.0,0.0,0.0,0.0,0.0,0.0,0.0,0.0,0.0,0.0,0.0,0.0,0.0,0.0,0.0,0.0,0.0,0.0044,0.0,0.0,0.0,0.0,0.0,0.0,0.0,0.0,0.0,0.0,0.0,0.0,0.0,0.0,0.0,0.0,0.0,0.0,0.0,0.0,0.0,0.0,0.0,0.0,0.0,0.0,0.0,0.0,0.0,0.0,0.0,0.0,0.0,0.0,0.0,0.0,0.0,0.0,0.0,0.0,0.0,0.0,0.0,0.0,0.0,0.0,0.0,0.0,0.0,0.0,0.0,0.0,0.0,0.0,0.0,0.0,0.0,0.0,0.0,0.0,0.0,0.0,0.0,0.0,0.0,0.0,0.0,0.0,0.0,0.0,0.0,0.0,0.0,0.0,0.0,0.0,0.0,0.0,0.0,0.0,0.0,0.0,0.0,0.0,0.0,0.0,0.0,0.0,0.0,0.0,0.0,0.0,0.0,0.0,0.0,0.0,0.0,0.0,0.0,0.0,0.0,0.0,0.0,0.0,0.0,0.0,0.0,0.0,0.0,0.0,0.0,0.0,0.0,0.0,0.0,0.0,0.0,0.0,0.0,0.0,0.0,0.0,0.0,0.0,0.0,0.0,0.0,0.0,0.0,0.0,0.0,0.0,0.0,0.0,0.0,0.0,0.0,0.0,0.0,0.0,0.0,0.0,0.0,0.0,0.0,0.0,0.0,0.0,0.0,0.0,0.0,0.0,0.0,0.0,0.0,0.0,0.0,0.0,0.0,0.0,0.0,0.0,0.0,0.0,0.0,0.0,0.0,0.0,0.0,0.0,0.0,0.0,0.0,0.0,0.0,0.0,0.0,0.0,0.0,0.0,0.0,0.0,0.0,0.0,0.0,0.0,0.0,0.0,0.0,0.0,0.0,0.0,0.0,0.0,0.0,0.0,0.0,0.0,0.0,0.0,0.0,0.0,0.0,0.0,0.0,0.0,0.0,0.0,0.0,0.0,0.0,0.0,0.0,0.0,0.0,0.0,0.0,0.0,0.0,0.0,0.0,0.0,0.0,0.0,0.0,0.0,0.0,0.0,0.0,0.0,0.0,0.0,0.0,0.0,0.0,0.0,0.0,0.0,0.0,0.0,0.0,0.0,0.0,0.0,0.0,0.0,0.0,0.0,0.0,0.0,0.0,0.0,0.0,0.0,0.0,0.0,0.0,0.0,0.0,0.0,0.0,0.0,0.0,0.0,0.0,0.0,0.0,0.0,0.0,0.0,0.0,0.0,0.0,0.0,0.0,0.0,0.0,0.0,0.0,0.0,0.0,0.0,0.0,0.0,0.0,0.0,0.0,0.0,0.0,0.0,0.0,0.0,0.0,0.0,0.0,0.0,0.0,0.0,0.0,0.0,0.0,0.0,0.0,0.0,0.0,0.0,0.0,0.0,0.0,0.0,0.0,0.0,0.0,0.0,0.0,0.0,0.0,0.0,0.0,0.0,0.0,0.0,0.0,0.0,0.0,0.0,0.0,0.0,0.0,0.0,0.0,0.0,0.0,0.0,0.0,0.0,0.0,0.0,0.0,0.0,0.0,0.0,0.0,0.0,0.0,0.0,0.0,0.0,0.0,0.0,0.0,0.0,0.0,0.0,0.0,0.0,0.0,0.0,0.0,0.0,0.0,0.0,0.0,0.0,0.0,0.0,0.0,0.0,0.0,0.0,0.0,0.0,0.0,0.0,0.0,0.0,0.0,0.0,0.0,0.0,0.0,0.0,0.0,0.0,0.0,0.0,0.0,0.0,0.0,0.0,0.0,0.0,0.0,0.0,0.0,0.0,0.0,0.0,0.0,0.0,0.0,0.0,0.0,0.0,0.0,0.0,0.0,0.0,0.0,0.0,0.0,0.0,0.0,0.0,0.0,0.0,0.0,0.0,0.0,0.0,0.0,0.0,0.0,0.004,0.0,0.0,0.0,0.0,0.0,0.0,0.0,0.0,0.0,0.0,0.0,0.0,0.0,0.0,0.0,0.0,0.0,0.0,0.0,0.0,0.0,0.0,0.0,0.0,0.0,0.0,0.0,0.0,0.0,0.0,0.0,0.0,0.0,0.0,0.0,0.0,0.0,0.0,0.0,0.0,0.0,0.0,0.0,0.0,0.0,0.0,0.0,0.0,0.0,0.0,0.0,0.0,0.0,0.0,0.0,0.0,0.0,0.0,0.0,0.0,0.0,0.0,0.0,0.0,0.0,0.0,0.0,0.0,0.0,0.0,0.0,0.0,0.0,0.0,0.0,0.0,0.0,0.0,0.0,0.0,0.0,0.0,0.0,0.0,0.0,0.0,0.0,0.0,0.0,0.0,0.0,0.0,0.0,0.0,0.0,0.0,0.0,0.0,0.0,0.0,0.0,0.0,0.0,0.0,0.0,0.0,0.0,0.0,0.0,0.0,0.0,0.0,0.0,0.0,0.0,0.0,0.0,0.0,0.0,0.0,0.0,0.0,0.0,0.0,0.0,0.0,0.0,0.0,0.0,0.0,0.0,0.0,0.0,0.0,0.0,0.0,0.0,0.0,0.0,0.0,0.0,0.0,0.0,0.0,0.0,0.0,0.0,0.0,0.0,0.0,0.0,0.0,0.0,0.0,0.0,0.0,0.0,0.0,0.0,0.0,0.0,0.0,0.0,0.0,0.0,0.0,0.0,0.0,0.0,0.0,0.0,0.0,0.0,0.0,0.0,0.0,0.0,0.0,0.0,0.0,0.0,0.0,0.0,0.0,0.0,0.0,0.0,0.0,0.0,0.0,0.0,0.0,0.0,0.0,0.0,0.0,0.0,0.0,0.0,0.0,0.0,0.0,0.0,0.0,0.0,0.0,0.0,0.0,0.0,0.0,0.0,0.0,0.0,0.0,0.0,0.0,0.0,0.0,0.0,0.0,0.0,0.0,0.0,0.0,0.0,0.0,0.0,0.0,0.0,0.0,0.0,0.0,0.0,0.0,0.0,0.0,0.0,0.0,0.0,0.0,0.0,0.0,0.0,0.0,0.0,0.0,0.0,0.0,0.0,0.0,0.0,0.0,0.0,0.0,0.0,0.0,0.0,0.0,0.0,0.0,0.0,0.0,0.0,0.0,0.0,0.0,0.0,0.0,0.0,0.0,0.0,0.0,0.0,0.0,0.0,0.0,0.0,0.0,0.0,0.0,0.0,0.0,0.0,0.0,0.0,0.0,0.0,0.0,0.0,0.0,0.0,0.0
Short Entry on Wick Touch,0,0,1,int,"Enter if high touches upper band (0=false, 1=true) - OPTIMIZABLE",0,0,0,0,0,0,0,0,0,0,1,0,0,0,0,0,0,0,0,0,0,0,0,0,0,0,1,0,0,0,0,0,0,1,0,0,0,0,0,0,1,0,0,0,0,0,0,0,0,0,0,1,0,0,0,0,0,0,0,0,1,0,1,0,0,1,0,0,0,0,1,0,0,0,1,0,0,0,0,0,0,1,0,0,0,0,0,0,0,0,0,0,0,1,0,0,0,0,0,0,0,0,0,0,0,0,0,1,0,0,0,0,1,0,0,0,0,0,1,0,0,0,0,0,0,0,1,0,0,0,0,0,1,0,1,0,0,0,0,0,1,0,0,1,0,0,0,0,0,0,0,0,0,0,0,0,0,0,1,0,0,0,0,0,0,1,0,0,0,0,0,0,0,0,1,0,0,0,1,0,0,0,0,0,0,1,0,0,0,1,0,1,1,1,0,0,0,0,0,0,0,0,0,0,0,0,0,0,0,0,0,0,0,0,0,0,1,1,0,0,0,0,0,0,0,0,0,0,0,0,1,0,0,0,0,1,1,1,0,0,0,0,0,0,0,0,1,0,0,0,0,0,0,0,0,0,0,0,0,0,0,0,0,0,0,0,0,0,0,0,0,0,0,0,0,0,1,0,0,0,1,1,0,0,0,0,0,0,0,0,0,0,0,0,0,0,0,0,1,0,0,0,0,1,0,1,0,0,0,0,1,0,0,0,0,0,0,0,0,1,0,0,0,1,0,0,0,0,0,0,0,0,0,0,0,1,0,1,0,0,0,0,1,0,0,1,0,0,0,1,1,0,0,0,0,0,1,0,0,0,0,0,1,0,0,0,0,0,0,1,0,0,0,0,0,0,1,0,0,0,1,0,0,0,0,0,1,0,1,0,0,0,0,1,0,0,0,0,0,0,0,0,0,0,0,0,0,0,0,0,0,0,0,0,0,0,0,0,0,0,0,0,0,0,0,0,0,0,0,0,0,1,0,0,0,0,0,0,1,0,0,0,1,0,0,0,0,1,0,0,1,0,0,0,0,0,0,0,0,0,0,0,1,0,0,0,0,0,0,0,1,0,0,0,0,0,0,0,0,0,0,0,0,0,0,0,1,0,0,1,0,0,0,1,0,0,1,0,1,1,1,0,0,0,0,0,0,0,0,0,0,0,0,1,0,0,0,0,0,0,0,0,0,0,1,0,0,0,0,0,0,0,0,1,0,0,0,0,0,0,0,1,0,0,0,0,0,0,0,0,1,0,0,0,0,0,0,0,0,0,1,0,0,0,0,0,1,0,0,0,0,0,0,1,0,1,0,1,0,0,0,0,1,1,0,0,0,0,0,0,0,0,0,0,0,0,0,0,0,0,0,0,0,0,1,0,0,0,0,0,0,0,0,0,0,0,0,0,0,0,0,0,0,0,0,0,0,0,0,0,0,0,0,0,0,0,0,1,0,0,0,0,0,0,0,0,1,1,0,0,0,0,0,0,0,0,0,0,1,0,0,0,0,0,0,0,0,1,0,0,0,0,0,0,0,0,0,0,0,0,0,0,0,1,0,0,0,0,0,0,0,0,0,0,0,1,0,0,0,0,0,0,1,1,0,0,1,0,0,0,0,0,0,0,0,0,0,0,0,0,0,0,0,0,0,0,0,0,0,0,0,0,0,0,0,0,0,0,1,0,0,0,0,0,0,0,0,0,0,1,0,0,0,1,0,0,0,0,0,1,1,0,0,0,0,0,0,0,0,0,0,0,0,0,0,0,0,0,1,0,1,0,0,0,0,0,0,0,0,0,0,0,0,0,1,0,0,0,0,1,0,0,0,0,0,0,0,0,0,0,0,0,0,0,0,0,0,0,1,0,0,1,0,0,0,0,0,1,0,0,0,0,0,0,0,0,0,0,0,1,0,0,0,0,0,0,0,0,0,0,1,0,0,0,0,0,0,0,0,1,0,0,0,0,0,0,0,0,1,0,0,0,0,0,0,0,0,0,0,0,0,0,0,0,0,0,0,0,1,1,0,0,0,0,0,1,0,0,0,1,0,0,0,0,0,0,0,0,0,0,0,0,0,0,1,0,0,0,0,0,0,0,0,1,0,0,0,0,1,0,0,0,0,0,0,1,0,1,0,0,0,0,0,0,0,0,0,0,0,0,0,0,0,0,1,0,0,0,0,0,0,0,0,0,0,1,0,0,1,0,0,0,0,1,0,0,0,0,0,0,0,0,1,0,0,0,0,0,0,0,0,0,0,0,0,0,0,0,0,0,0,0,0,0,0,0,0,0,0,0,0,0,0,1,0,0,0,0,0,1,0,0,0,0,0,0,0,0,0,0,0,0,1,0,0,0,0,1,0,1,0,1,0,0,0,0,0,0,0,0,0,0,0,0,1,0,0,0,0,0,0,0,1,0,0,0,0,0,0,0,0,0,0,0,0,0,0,0,0,0,0,1,0,0,0,0,0,0,0,0,0,0,0,0,0,0,0,0,0,1,0,0,0,0,0,0,0
Short Entry on Body in Zone,1,0,1,int,"Enter if close ≥ upper band (0=false, 1=true) - OPTIMIZABLE",1,1,1,1,1,1,1,1,1,1,1,1,1,1,1,1,1,1,1,1,1,1,1,1,1,1,1,1,1,1,1,1,1,1,1,1,1,1,1,1,1,1,1,1,1,1,1,1,1,1,1,1,1,1,1,1,1,1,1,1,1,1,1,1,1,1,1,1,1,1,1,1,1,1,1,1,1,1,1,1,1,1,1,1,1,1,1,1,1,1,1,1,1,1,1,1,1,1,1,1,1,1,1,1,1,1,1,1,1,1,1,1,1,1,1,1,1,1,1,1,1,1,1,1,1,1,1,1,1,1,1,1,1,1,1,1,1,1,1,1,1,1,1,1,1,1,1,1,1,1,1,1,1,1,1,1,1,1,1,1,1,1,1,1,1,1,1,1,1,1,1,1,1,1,1,1,1,1,1,1,1,1,1,1,1,1,1,1,1,1,1,1,1,1,1,1,1,1,1,1,1,1,1,1,1,1,1,1,1,1,1,1,1,1,1,1,1,1,1,1,1,1,1,1,1,1,1,1,1,1,1,1,1,1,1,1,1,1,1,1,1,1,1,1,1,1,1,1,1,1,1,1,1,1,1,1,1,1,1,1,1,1,1,1,1,1,1,1,1,1,1,1,1,1,1,1,1,1,1,1,1,1,1,1,1,1,1,1,1,1,1,1,1,1,1,1,1,1,1,0,1,1,1,1,1,1,1,1,1,1,1,1,1,1,1,1,1,1,1,1,1,1,1,1,1,1,1,1,1,1,1,1,1,1,1,1,1,1,1,1,1,1,1,1,1,1,1,1,1,1,1,1,1,1,1,1,1,1,1,1,1,1,1,1,1,1,1,1,1,1,1,1,1,1,1,1,1,1,1,1,1,1,1,1,1,1,1,1,1,1,1,1,1,1,1,1,1,1,1,1,1,1,1,1,1,1,1,1,1,1,1,1,1,1,1,1,1,1,1,1,1,1,1,1,1,1,1,1,1,1,1,1,1,1,1,1,1,1,1,1,1,1,1,1,1,1,1,1,1,1,1,1,1,1,1,1,1,1,0,1,1,1,1,1,1,1,1,1,1,1,1,1,1,1,1,1,1,1,1,1,1,1,1,1,1,1,1,1,1,1,1,1,1,1,1,1,1,1,1,1,1,1,1,1,1,1,1,1,1,1,1,1,1,1,1,1,1,1,1,1,1,1,1,1,1,1,1,1,1,1,1,1,1,1,1,1,1,1,1,1,1,1,1,1,1,1,1,1,1,1,1,1,1,1,1,1,1,1,1,1,1,1,1,1,1,1,1,1,1,1,1,1,1,1,1,1,1,1,1,1,1,1,1,1,1,1,1,1,1,1,1,1,1,1,1,1,1,1,1,1,1,1,1,1,1,1,1,1,1,1,1,1,1,1,1,1,1,1,1,1,1,1,1,1,1,1,1,1,1,1,1,1,1,1,1,1,1,1,1,1,1,1,1,1,1,1,1,1,1,1,1,1,1,1,1,1,1,1,1,1,1,1,1,1,1,1,1,1,1,1,1,1,1,1,1,1,1,1,1,1,1,1,1,1,1,1,1,1,1,1,1,1,1,1,1,1,1,1,1,1,1,1,1,1,1,1,1,1,1,1,1,1,1,1,1,1,1,1,1,1,1,1,1,1,1,1,1,1,1,1,1,1,1,1,1,1,1,1,1,1,1,1,1,1,1,1,1,1,1,1,1,1,1,1,1,1,1,1,1,1,1,1,1,1,1,1,1,1,1,1,1,1,1,1,1,1,1,1,1,1,1,1,1,1,1,1,1,1,1,1,1,1,1,1,1,1,1,1,1,1,1,1,1,1,1,1,1,1,1,1,1,1,1,1,1,1,1,1,1,1,1,1,1,1,1,1,1,1,1,1,1,1,1,1,1,1,1,1,1,1,1,1,1,1,1,1,1,1,1,1,1,1,1,1,1,1,1,1,1,1,1,1,1,1,1,1,1,1,1,1,1,1,1,1,1,1,1,1,1,1,1,1,1,1,1,1,1,1,1,1,1,1,1,1,1,1,1,1,1,1,1,1,1,1,1,1,1,1,1,1,1,1,1,1,1,1,1,1,1,1,1,1,1,1,1,1,1,1,1,1,1,1,1,1,1,1,1,1,1,1,1,1,1,1,1,1,1,1,1,1,1,1,1,1,1,1,1,1,1,1,1,1,1,1,1,1,1,1,1,1,1,1,1,1,1,1,1,1,1,1,1,1,1,1,1,1,1,1,1,1,1,1,1,1,1,1,1,1,1,1,1,1,1,1,1,1,1,1,1,1,1,1,1,1,1,1,1,1,1,1,1,1,1,1,1,1,1,1,1,1,1,1,1,1,1,1,1,1,1,1,1,1,1,1,1,1,1,1,1,1,1,1,1,1,1,1,1,1,1,1,1,1,1,1,1,1,1,1,1,1,1,1,1,1,1,1,1,1,1,1,1,1,1,1,1,1,1,1,1,1,1,1,1,1,1,1,1,1,1,1,1,1,1,1,1,1,1
Short Trigger (% From Upper Band),0.5,0,2,float,% above upper band to trigger (min 0.5% to avoid band extremes),1.4292,1.7937,1.3656,1.5792,1.4537,1.6672,2.0,1.5792,1.3915,1.2794,2.0,1.4247,1.4247,2.0,1.3346,2.0,1.6088,2.0,1.6233,1.8682,2.0,1.8682,1.1896,1.5311,1.4462,2.0,1.3344,1.4211,1.5451,1.5714,1.6057,1.3147,1.8815,1.1766,1.6093,1.4257,1.6911,1.4875,1.5933,1.7832,1.3344,1.4902,1.5281,1.3756,1.923,1.6011,1.4396,1.9161,1.9536,1.2855,1.486,1.5094,1.4211,2.0,1.377,1.6045,1.9914,1.5999,1.4045,2.0,0.6588,1.537,0.9577,1.1012,2.0,1.2219,2.0,2.0,1.4365,2.0,1.3344,1.5093,1.6378,1.564,0.9519,1.4294,1.1382,2.0,1.2722,1.4631,1.7989,2.0,2.0,1.9151,1.6121,1.6479,1.4927,2.0,1.9516,2.0,1.5387,1.0167,1.6439,1.7089,1.8075,1.1476,1.35,1.8853,1.6028,1.8029,1.596,1.5857,1.9321,1.6978,1.522,1.6361,1.6361,1.9993,2.0,1.3792,1.5708,1.6439,1.859,1.1331,1.3911,1.6619,1.1245,1.7588,1.9755,2.0,1.7956,1.6043,1.5337,1.4894,2.0,1.6128,1.6781,1.7368,1.4356,1.4987,1.5514,1.8522,1.6087,1.7051,1.1356,1.3794,1.9913,1.5771,1.6122,1.4287,1.2132,1.5242,0.9659,1.6173,1.2047,1.4906,2.0,2.0,1.5121,1.69,1.5122,1.7337,1.466,1.4719,1.1245,2.0,1.6346,1.6594,1.9547,1.1817,1.8293,1.829,1.6534,1.829,1.5514,0.9576,1.6361,1.7181,1.4291,1.952,1.7158,1.0005,1.6473,1.5681,1.5996,1.8324,1.426,1.4719,1.0438,1.1805,2.0,1.4731,1.5174,1.3047,1.3158,1.4542,1.6117,1.5463,1.6888,1.6293,1.4131,2.0,1.3431,1.3732,1.9894,1.2471,1.0287,0.9646,1.5921,1.6662,1.4397,1.6991,1.8812,1.8636,1.6339,1.7489,1.3508,1.6116,1.6455,1.7479,1.3582,0.5304,1.677,1.8412,1.9944,1.5549,1.555,1.6681,1.8536,1.2471,1.2791,0.5501,1.2604,1.6645,1.9341,1.5023,1.317,1.9589,1.7278,1.0499,1.5497,1.3251,2.0,1.4394,1.7553,1.4368,1.4673,1.5827,1.7613,1.6245,1.0455,1.6577,1.7654,1.89,1.8257,1.1681,0.7264,1.186,1.8422,2.0,1.0363,1.8047,1.6548,1.38,1.947,2.0,0.8085,1.8354,1.4212,1.5174,1.7513,1.8664,1.7695,1.7496,1.4361,1.7691,1.651,1.5285,1.836,1.744,1.6996,1.6904,1.5756,1.4891,1.586,1.5453,0.8281,1.8899,2.0,1.4739,1.8645,1.9706,1.9098,1.3993,2.0,1.4372,1.8072,1.6891,1.803,1.3785,1.8493,1.8096,2.0,1.3536,1.3569,1.9809,1.9846,1.7267,1.9872,2.0,1.6703,1.8862,1.7114,1.1641,1.9342,1.2689,1.3711,1.4402,1.61,0.5681,1.9212,2.0,1.9628,2.0,2.0,1.6166,1.7836,1.4547,1.7488,1.6485,1.8206,1.4574,1.4382,1.5444,1.6314,1.5387,1.5629,2.0,1.931,0.8755,1.8876,1.5643,1.8398,1.4853,1.7577,1.4856,1.6462,1.6414,1.9379,1.5528,1.6273,1.6248,1.6014,1.4031,1.9678,1.6163,1.249,1.3998,1.5259,1.9345,1.2219,1.4418,1.5467,1.8583,1.7217,1.773,1.649,0.9398,1.7864,1.3378,1.6399,1.6446,1.4552,1.8645,1.534,1.5014,1.6881,1.4399,1.4906,1.9523,1.3076,1.4016,1.6374,1.2805,1.3359,1.337,1.5122,1.105,1.9797,1.4493,1.4396,1.7265,1.5178,0.5996,1.6138,1.7162,1.5637,1.5023,1.5903,1.1931,0.3106,1.3719,1.6529,1.3907,1.4924,1.4817,1.2989,1.5072,1.5015,1.5023,2.0,1.3775,1.4751,1.864,1.4321,1.2392,1.2057,1.8632,1.6274,1.6932,1.5812,2.0,1.4483,1.4292,1.6226,1.252,1.9177,1.4831,1.1131,1.6362,1.3909,1.5307,1.3659,1.2955,1.5708,1.1582,1.3501,0.613,1.2235,1.6624,1.6513,1.2671,1.4197,1.0455,1.543,2.0,1.4429,1.2066,1.3907,0.9525,0.7105,1.6046,2.0,1.0166,1.4463,1.2276,0.984,1.6914,1.5078,1.2716,2.0,2.0,2.0,1.5557,1.8411,0.3541,1.6321,1.852,1.713,1.732,1.6943,1.6221,2.0,1.7068,1.6909,1.5242,2.0,1.9152,1.0654,1.5443,1.656,1.9323,1.7058,1.2647,1.8411,1.8255,1.687,1.0396,1.934,1.9282,1.0795,1.6489,1.0738,1.4211,1.1876,1.7036,1.7397,2.0,1.7729,1.1356,1.5926,1.3576,1.994,2.0,1.5387,1.7442,1.5294,1.2821,2.0,1.2311,1.3431,1.4288,1.8453,1.5152,1.8842,1.6621,1.4439,1.715,1.6487,1.1876,1.7376,0.8225,1.6952,2.0,1.82,1.6349,1.6068,1.5538,2.0,1.9319,1.5564,1.3067,1.4431,1.2055,1.5553,1.1988,1.745,1.1147,2.0,0.7909,1.6196,1.7019,1.994,1.4845,1.0575,1.7202,1.6453,1.5037,0.5986,1.2286,1.762,1.3344,1.5979,1.6577,1.472,1.5027,1.4368,1.2699,0.9796,1.4325,1.841,1.4613,1.7491,1.8093,1.7192,2.0,1.653,1.4288,1.5536,1.772,1.091,1.9609,1.4022,1.7164,1.3202,1.8674,1.704,1.117,1.6788,1.7156,1.6487,1.0368,1.3186,2.0,0.7896,1.3232,1.8527,1.6602,1.7305,1.2179,1.8109,1.6788,1.3477,2.0,1.4554,1.1713,1.6403,1.281,1.6788,1.9492,2.0,1.7247,1.4658,1.931,1.4238,1.9376,1.8802,1.2839,1.7045,1.719,1.1225,1.4752,1.6165,2.0,1.5355,2.0,1.7179,1.1706,1.6788,1.5284,1.4925,1.886,1.425,1.9527,1.3863,1.2713,1.9564,1.793,1.4753,2.0,1.9899,1.4846,1.065,1.0332,1.4006,1.5278,1.5032,1.9271,2.0,1.5463,1.5713,1.7138,1.7856,1.45,1.1661,1.8463,1.2444,1.7238,2.0,1.6693,1.4455,1.5529,0.8631,0.9437,1.1016,2.0,0.8751,1.4525,1.5632,1.4184,0.8756,1.5872,1.2589,1.5249,1.5081,1.6926,1.7269,1.5383,1.6124,1.3942,1.6223,1.5081,1.8683,1.1835,1.958,1.8629,1.7475,1.6629,1.8018,1.7841,1.4685,1.5405,1.5405,1.5701,1.4937,1.5608,1.1567,1.3063,2.0,1.6288,1.5283,1.6795,1.5828,1.3477,1.4079,2.0,1.4753,1.5165,2.0,1.1733,1.6322,1.7565,1.8666,1.6169,1.5105,1.8739,1.2589,1.318,0.8476,1.6534,2.0,1.8669,1.6851,2.0,1.4094,1.8763,1.7374,1.3347,1.6958,1.3505,1.5383,1.0884,1.4797,1.6962,1.3354,1.5407,1.8411,1.5175,2.0,1.958,1.8096,1.3802,1.3595,1.2322,2.0,1.2576,1.7864,1.4615,1.6632,1.7819,1.318,1.5023,1.6814,1.6568,1.824,2.0,2.0,1.5732,1.0111,1.4569,1.9871,2.0,1.6372,1.583,0.8092,1.5817,1.9542,1.528,1.54,1.8479,1.7419,1.4451,1.1485,1.9696,1.2972,0.8005,1.7818,1.2139,1.627,1.7745,1.3485,1.9975,1.1735,2.0,1.9241,1.4519,1.9582,1.6696,1.8914,1.8007,1.9111,1.1512,1.8471,1.3916,1.8305,1.2149,1.6974,1.9141,1.2949,2.0,1.6789,1.6682,1.6376,1.5375,1.4519,1.586,1.2589,1.2471,1.7603,1.9505,1.2573,1.4574,1.4519,2.0,1.701,1.4831,1.5818,1.6874,1.8288,1.9998,1.9464,1.5706,1.4585,2.0,1.5861,1.958,1.4764,1.9938,1.7844,1.6816,1.6607,1.6835,1.7636,0.8438,0.9356,1.6721,1.6282,1.1989,1.7515,1.4228,1.1397,1.7718,1.6293,1.6138,1.503,1.7406,1.7154,0.6013,1.8366,1.7663,1.7381,1.7823,0.7464,1.3079,1.3451,1.929,1.7776,0.9892,1.6362,1.2261,1.7459,2.0,1.642,2.0,2.0,2.0,1.6391,1.7601,2.0,1.0675,1.4784,1.141,1.4122,1.6188,1.5237,1.8087,1.3401,1.5706,1.4834,1.9128,1.5231,1.9682,2.0,1.5071,1.9758,1.5476,1.1969,1.633,1.1543,1.4282,1.4699,1.3286,1.8862,1.5352,1.5802,1.6878,1.5002,1.6366,1.974,1.7769,1.9852,1.141,1.6797,1.9363,1.4208,1.5207,1.6845,1.5685,1.7253,1.8467,1.3204,1.5617,1.5236,1.5504,1.8287,1.8733,1.4956,1.2757,1.5045,1.5932,1.6339,1.8202,1.6154,1.894,1.4447,1.8025,1.4088,0.9486,1.3041,1.9072,1.4685,1.4231,1.1526,1.9159,1.4193,1.8603,1.6684,1.4998,1.7151,1.4562,1.7375,1.9951,1.8511,1.184,1.6773,1.6703,1.2895,1.648,1.7471,1.4707,1.0728,1.8649,1.6148,1.8649,1.7296,1.811,1.4022,1.4695,0.5081,1.4095,1.8575,1.9362,1.6128,1.5624,2.0,1.6969,1.8545,1.4954,1.5647,1.2903,2.0,1.7907,1.7335,1.4095,1.6773,1.0047,1.3644,1.284,1.8911,2.0,1.9789,1.8278,1.8874,1.4095,1.9642,1.1014,1.9913,2.0,1.851,1.6365,1.3962,1.2067,1.7335,1.5189,1.6792,1.6479,1.4925,1.6519,1.8766,1.706,1.3989,1.5477,1.7834,1.7204,1.7823,1.603,1.9362,2.0,1.9786,1.511,1.7397,1.5681,1.6137,1.8826,2.0,1.9912,1.5131,1.9362,1.6434,1.6862,1.4519,1.7439,1.5959,1.7025,0.9074,1.9243,1.3698,1.6614,1.7506,1.0728,1.5382,1.4752,2.0,1.5466,1.8575,1.714,1.5331,2.0,1.6002,1.9471,1.8222,1.9002,1.5197,2.0,1.8327,0.3098,1.7667,2.0,1.5313,1.5888,1.4617,1.8397,1.5386,2.0,1.5771,1.4663,1.6798,1.5701,1.629,1.8279,1.6798,1.7779,2.0,1.0617,1.6399,1.6269,1.6399,1.6301,1.7826,1.5197,1.6492,1.6667,1.3698,1.5617,0.8108,1.014,1.3737,2.0,1.7815,1.4139,1.1243,1.4659,1.1345,1.7867,1.2653,1.6895,1.5612,1.7553,1.6434,1.5407,1.3425,1.3637,1.2273,0.2442,1.3534,1.3918,1.3918,1.674,1.8921,1.5062,1.35,1.2609,1.2672,1.9242,1.9684,1.9808,2.0,1.6144,1.1547,1.4062,1.3918,1.4937,1.8762,1.6999,1.8802,1.688,1.2114,1.8921,1.5281,1.761,1.8763,1.5206,1.4007,1.8781,1.66,2.0,1.8953
ATR Length for Filter,26,5,20,int,ATR period for entry filter (separate from trailing stop ATR),11,11,10,11,11,11,11,11,11,11,10,11,11,11,10,10,11,11,11,11,10,11,11,11,11,11,10,11,11,11,11,11,11,11,11,11,11,11,11,10,10,11,11,11,11,11,11,11,11,11,11,11,11,11,11,11,10,11,11,10,11,11,11,10,11,11,11,11,11,11,10,11,11,11,11,11,11,11,11,11,11,11,11,11,11,11,11,11,11,10,11,11,11,11,11,11,11,10,10,11,11,11,11,11,10,11,11,11,11,11,11,11,11,11,11,10,11,11,11,11,11,11,10,11,11,11,11,11,11,11,10,11,11,11,11,11,11,11,10,11,11,11,11,11,11,11,11,11,11,11,11,10,11,11,11,11,11,11,11,11,10,11,11,11,10,11,11,11,11,11,11,11,11,10,11,11,11,11,11,11,11,10,10,11,11,11,11,11,11,11,10,11,11,11,11,11,11,11,11,11,11,11,11,11,11,11,11,11,11,11,11,11,11,11,11,11,11,11,11,11,11,11,11,11,11,11,11,11,11,11,11,11,11,11,11,10,11,11,11,11,11,11,11,11,11,11,11,11,11,11,11,11,8,11,11,11,11,11,9,11,11,11,11,11,11,11,11,11,11,11,11,11,11,11,11,11,11,11,11,11,10,11,11,11,11,11,11,11,11,11,9,11,11,11,11,11,11,11,11,11,11,11,11,11,11,11,11,11,11,11,11,11,11,11,11,11,11,11,11,11,11,11,11,11,11,11,11,11,10,11,11,11,10,11,11,10,11,11,11,11,11,11,11,11,11,11,11,11,11,11,11,11,10,11,11,11,11,11,11,11,11,11,11,11,11,11,11,11,11,11,11,11,11,11,11,11,11,11,11,11,11,11,11,11,11,11,11,11,11,11,11,11,11,11,11,11,11,11,11,11,11,11,11,11,11,10,11,11,11,11,11,11,11,11,11,11,11,10,11,11,11,11,11,11,11,10,11,11,11,11,11,11,11,11,11,11,11,11,11,10,11,11,11,11,11,11,11,11,11,11,11,11,11,11,11,11,11,11,11,11,11,11,11,11,11,11,11,11,11,10,11,11,10,11,11,11,11,11,11,11,11,11,11,11,11,11,11,11,11,11,11,11,11,11,11,10,11,11,11,11,10,11,11,11,10,10,11,11,11,11,10,11,11,11,11,11,11,11,11,11,11,11,11,11,11,11,11,11,11,11,11,11,11,11,11,11,11,11,11,11,11,11,11,11,11,11,11,11,11,11,11,11,11,11,11,11,11,11,11,11,11,11,11,11,11,11,11,11,11,11,11,11,11,11,11,11,11,11,11,11,11,11,11,11,11,11,11,11,11,11,11,10,11,10,11,11,11,11,11,11,11,10,11,11,11,11,11,11,11,11,11,11,11,11,11,10,11,11,11,11,11,11,11,11,10,10,11,11,11,11,11,11,11,11,11,11,11,11,11,11,11,11,11,10,11,11,10,11,11,11,11,11,11,10,11,11,11,11,11,11,10,11,11,11,10,11,11,11,11,11,11,11,11,11,11,11,11,11,11,11,11,11,11,11,11,11,11,11,11,11,11,11,11,10,11,11,11,11,11,11,11,11,11,11,11,11,11,11,11,11,11,11,10,11,11,11,11,11,11,10,10,11,11,11,10,11,11,11,11,11,11,11,11,10,11,11,11,11,10,11,11,10,11,11,11,11,11,11,11,11,11,10,11,11,11,11,11,10,11,11,11,11,11,11,11,11,11,11,11,11,11,11,11,11,11,11,11,11,11,10,11,11,11,11,11,11,11,11,11,11,11,11,11,10,11,11,11,11,11,11,11,11,11,11,11,11,11,11,10,11,11,11,11,11,11,11,11,10,11,11,11,11,11,11,11,11,11,10,11,11,11,11,11,11,11,11,11,11,11,11,11,11,11,11,11,11,11,11,10,11,11,11,11,11,11,11,11,11,11,11,11,11,11,11,11,11,11,11,10,11,11,11,11,11,11,10,11,11,11,11,11,11,11,11,11,11,11,11,11,11,11,11,11,11,11,11,11,10,11,11,11,11,11,11,11,11,11,10,11,11,11,11,11,11,11,11,11,11,11,10,11,11,11,10,11,11,11,11,11,11,11,11,11,11,11,11,11,11,11,11,11,11,11,11,11,11,11,11,11,11,11,11,11,11,11,11,11,11,11,11,11,10,10,11,11,10,11,11,11,11,11,11,11,11,11,11,11,11,10,11,11,11,11,11,11,11,11,11,11,11,11,11,11,11,11,11,11,11,11,11,11,11,11,11,11,10,11,11,11,11,11,11,11,11,11,11,11,11,11,11,11,11,11,11,11,11,11,11,11,11,11,11,11,11,11,11,11,11,11,11,11,11,11,11,11,11,11,11,11,11,11,11,11,11,11,11,11,11,11,11,11,11,11,11,11,11,11,11,11,11,11,11,11,11,11,11,11,11,11,11,11,10,11,11,11,11,11,11,11,11,11,11,11,11,10,11,11,11,11,11,11,11,11,11,10,11,11
Max ATR Filter (Points),4,2,10,float,Maximum ATR value to allow entries for mean reversion (ATR <= max). Low ATR = exhausted move ready to reverse (good). High ATR = strong momentum (bad for mean reversion). Range 1.0-6.0 points,8.1451,8.0708,7.8144,7.5851,7.8911,7.8898,7.6265,7.7895,7.7082,8.0892,7.6499,7.8317,7.8317,7.6457,7.8636,8.4354,8.3635,7.6174,7.7928,8.217,8.1628,8.3646,8.2208,7.9366,8.1607,8.5122,8.6092,7.6538,7.7862,7.9456,7.7312,7.8513,7.7729,7.3501,7.5927,7.856,7.6165,7.3759,7.2265,8.097,8.3222,8.6543,7.7063,7.7571,8.5139,8.2961,7.2143,8.7817,7.6682,8.2226,7.7067,7.5572,7.6538,8.2143,9.4033,7.9311,8.6371,7.986,7.8506,7.9138,8.9565,7.955,8.6678,8.5949,8.9712,9.1832,8.7135,7.5844,7.9159,7.455,8.3395,8.6367,8.7195,8.0921,9.1011,8.0597,8.3848,8.2283,8.5308,7.6642,8.2287,8.3312,8.2283,8.3722,8.7055,9.0217,7.6861,7.6492,8.4491,8.0788,8.2487,7.7532,8.6965,9.2949,7.575,8.3381,9.1584,8.9282,8.0006,8.9415,9.1157,8.2247,8.9979,9.256,8.597,8.9323,7.5881,7.6499,8.5122,7.5985,9.2415,8.6965,8.9631,7.2722,8.2469,7.8981,9.3384,9.202,8.9664,8.1431,8.1935,7.6013,8.2295,9.2452,7.8708,9.136,7.6495,9.1,8.0675,8.3452,7.9972,8.2604,8.9044,8.9326,7.5877,8.1344,9.3345,8.2809,8.5371,7.6678,7.6721,7.637,8.8954,7.9694,8.8871,8.7485,8.5349,9.3057,8.8647,8.311,9.1136,8.48,8.2809,9.3384,9.3384,9.2295,9.0507,8.3241,9.2807,9.5282,8.1377,9.3908,9.3908,9.3908,8.5062,9.5125,7.7437,8.8419,7.5618,8.7083,9.4886,9.1946,8.9811,8.597,7.5328,7.9239,7.969,9.3027,9.4951,9.4836,8.93,8.399,8.7818,8.3278,9.204,8.3782,8.8689,8.5809,8.6829,8.8572,7.8363,7.6911,9.3092,8.9729,7.6045,9.3229,9.3229,9.3229,8.2655,8.862,8.2694,9.1087,7.6317,9.4016,9.2193,7.7946,8.3363,7.9733,9.1895,8.2394,8.9173,7.9653,9.5347,9.5347,9.458,9.2679,8.5677,9.4223,9.4896,9.3229,8.195,8.476,9.2931,9.2136,7.5504,8.3146,9.461,9.2642,7.886,9.6519,8.9814,7.7119,8.9949,9.3793,9.2136,9.6708,9.367,8.4542,8.2335,9.3035,9.2618,9.3728,9.2261,8.0029,7.5873,7.6722,8.9974,9.5611,9.3913,8.1431,9.2925,7.7376,7.2557,8.2774,9.2954,8.2361,9.1553,9.3361,8.094,8.2612,9.4833,9.3634,8.7692,8.5989,8.9319,9.0272,8.2999,8.6599,9.4476,9.7178,9.3736,8.055,8.6794,8.3725,9.5084,9.1333,8.9308,8.0769,8.0495,7.2489,8.4489,7.8666,9.3647,7.6133,8.0831,8.8485,7.5918,9.4864,7.597,7.701,7.3425,8.2971,9.4073,9.329,8.3035,7.9371,8.2131,7.7752,9.3089,7.8534,7.9233,9.4726,8.7644,9.2512,9.2356,8.9447,8.2636,9.3896,9.3896,9.4441,9.3055,9.3518,8.7389,9.7679,8.9027,9.4603,8.4051,8.8757,8.6152,9.0395,8.3228,7.5479,9.2187,9.0133,9.4075,8.803,9.4069,8.8999,9.1905,9.2172,7.9156,7.9425,8.6778,8.2476,8.2697,7.8097,9.3669,8.8516,9.1518,7.8845,8.1793,8.6503,7.9564,9.2216,9.1233,8.3336,8.3191,9.3317,9.457,9.3118,9.1832,7.9999,8.5861,9.5299,9.1629,8.9626,8.6643,9.2555,9.368,8.8731,9.212,8.6445,7.9295,7.9431,9.4194,7.6177,9.4469,7.6259,7.2936,8.8817,9.3334,7.9994,8.4876,8.1224,8.5545,8.4067,7.8727,9.6268,7.9932,7.858,9.0532,7.5883,9.7983,8.7777,8.2992,9.0704,7.8364,9.2576,7.8023,8.3096,8.4714,9.0601,8.3251,9.006,9.6459,8.6433,8.3558,9.2955,8.9091,9.3212,9.1345,8.5381,8.3887,9.3596,8.2154,7.8715,8.2185,9.0922,8.3542,8.2522,7.7168,9.3842,8.2771,7.4514,8.8317,9.6963,9.5503,8.7898,7.6135,8.7549,9.0626,9.5098,7.89,10.0,8.9394,8.7645,8.256,8.9142,8.9103,9.0339,7.9659,9.8035,9.4506,9.3832,9.2161,7.919,8.6199,7.4503,9.4416,7.2336,9.7672,8.2421,8.7176,7.568,9.0998,9.3878,8.3134,8.7084,8.2776,7.6307,9.6289,9.7858,9.4796,8.486,8.5862,8.9263,8.8654,9.3482,9.1875,9.3514,8.9119,8.1288,8.3119,9.4391,9.287,8.3733,8.2619,9.2536,9.2856,8.7234,7.9068,7.5849,8.9583,8.4444,8.2025,9.7109,9.2281,9.0797,8.4605,8.6646,8.7744,8.6268,7.7674,8.2967,9.4261,9.9644,8.1683,9.1499,8.5759,7.5877,8.6961,9.5535,8.6885,9.6742,9.1574,7.7268,8.6703,9.2429,8.9645,7.9375,8.7208,9.1842,8.8232,7.703,8.9378,7.8187,8.0686,8.1275,8.4274,9.3832,8.9878,9.4824,9.2426,9.3826,7.8629,9.0374,9.35,8.0527,8.9421,7.5897,8.9315,8.4392,8.5848,9.3347,8.9818,9.2262,8.7601,9.6669,9.813,8.4177,8.5802,8.4572,8.6885,9.0011,9.3758,9.7105,7.0382,8.1432,8.7563,9.2021,9.0944,7.9427,8.9653,9.0281,9.0923,8.8633,9.4815,8.2649,9.4527,7.4316,9.0581,7.4182,8.467,9.3602,7.6415,9.0602,8.2232,9.1842,8.3543,9.0612,9.3994,8.6255,7.9124,9.6996,8.3025,8.356,9.4279,8.7849,9.3285,8.6564,8.7104,9.4819,8.2873,9.0195,8.6286,9.0359,8.7956,9.3756,8.8668,8.3388,8.8451,7.6953,7.5659,9.5045,9.5842,8.3422,8.2968,8.2251,9.5612,9.0477,9.5822,7.9527,7.6786,9.1905,7.8942,9.3728,9.3696,9.4409,9.5473,8.6509,7.6653,8.769,8.3369,9.6712,8.6564,8.1485,7.7803,7.8485,9.5612,8.5237,8.4177,9.5186,8.3671,9.0359,8.6843,9.6654,9.3196,9.4798,8.4423,7.5478,9.7751,9.6942,8.4523,8.9359,8.8145,9.7838,9.6613,9.4972,8.2954,7.9772,8.1288,8.4192,8.0985,8.4803,9.2463,7.6126,8.5061,8.8749,9.2896,8.2624,8.0255,9.2929,8.0249,7.9747,9.3251,8.3131,9.3193,7.5659,7.8374,9.5301,8.6524,7.5738,7.5493,9.0405,9.2701,9.6896,8.2605,8.9617,10.0,9.056,7.9095,9.2701,7.9517,8.4296,8.999,9.5674,9.5692,9.2162,7.5665,9.0842,9.7723,8.4711,8.4711,8.7729,7.3087,8.2262,9.3662,9.8395,8.0428,7.9925,9.3603,9.7525,8.8861,7.5659,9.3395,9.8962,8.342,9.3393,8.6758,7.9313,7.662,8.6593,9.3872,8.0228,7.5813,9.3142,7.5493,8.1059,9.9653,10.0,9.323,9.4984,9.0419,7.6007,9.3105,7.87,9.0176,8.3779,7.2941,7.9053,8.9617,7.7612,9.2948,8.5013,8.8937,8.7892,8.2025,8.6743,8.0577,8.999,9.0806,8.0373,8.3349,9.6208,8.5626,8.5144,7.8912,9.8197,8.5139,7.694,8.1059,9.2576,7.9975,8.4969,8.3635,7.5478,8.0165,8.58,8.7682,9.0518,8.7088,8.1194,7.9583,8.4513,9.3343,9.7013,8.0942,7.7507,7.7304,7.1349,8.9847,9.1118,9.6202,9.1618,8.4436,8.3695,8.0187,8.266,9.8215,8.825,8.5595,9.5915,7.9463,8.3124,9.366,8.7892,8.2627,9.617,8.3708,8.9252,8.2384,7.7402,9.6801,8.3644,8.9393,8.319,8.8293,7.7342,7.5609,8.6929,7.874,8.8987,8.526,9.3105,8.7892,9.6164,7.4742,9.2312,9.5142,9.7886,9.8582,7.5479,8.7892,8.9013,9.1478,7.6602,9.8551,8.4869,8.2464,7.96,7.4846,9.4689,7.9507,9.7592,7.6448,9.805,7.4253,7.822,9.1389,8.5314,8.7157,8.0085,9.8738,10.0,8.8745,7.9115,8.6651,9.0162,9.2237,8.7236,7.5606,8.3455,9.0364,7.764,8.5707,9.1917,9.6234,9.1292,7.9783,8.8844,7.6787,8.0576,8.4629,8.3032,9.0729,8.3598,7.9217,7.5822,8.9918,9.7898,7.629,9.6452,8.5519,9.6167,9.6167,7.9532,9.7191,7.8783,8.6421,8.8834,9.1688,7.5493,9.4271,8.4365,9.1704,9.0109,9.4971,9.5628,8.9085,8.5271,9.1586,9.1745,9.3158,7.9486,8.6131,7.6723,8.4351,8.5948,8.5338,9.9258,7.9622,9.151,9.4655,9.5973,8.5221,8.9922,7.9716,8.3965,9.1338,9.4911,7.9665,7.5493,10.0,8.4233,8.5574,7.8818,9.8816,7.9679,8.5271,8.3802,7.4854,7.8779,9.5168,7.7022,7.6154,8.8623,7.7949,9.1229,8.1767,9.3374,8.3456,8.3082,9.1935,7.5869,8.2712,7.8094,8.3418,7.5672,9.777,9.6777,8.8886,8.606,9.5045,8.5049,7.3205,7.7944,6.1093,7.547,9.6105,9.9853,7.5681,9.5659,7.6873,8.4438,7.6457,7.6978,9.7569,7.853,8.7212,7.8899,7.679,7.6457,7.6463,7.6457,9.7188,8.4057,8.5269,10.0,8.4593,9.7204,7.6572,7.8026,9.3821,7.7616,7.5425,7.5832,9.9275,9.1506,9.2568,9.9484,9.4275,7.9178,7.7974,9.7204,7.6475,7.6551,7.4886,9.2849,8.9449,7.2813,7.8329,8.6692,8.58,9.7204,7.561,8.3358,10.0,8.5844,8.9678,9.7329,7.7369,8.7037,8.1179,8.8741,7.9367,8.1803,7.5872,7.8421,8.6725,9.7106,8.4558,7.5581,9.243,9.3955,7.9221,8.6997,7.8026,7.7682,9.5439,7.6038,9.6723,8.9049,7.6756,7.7778,7.6144,7.8083,8.0862,7.8026,8.254,8.8838,7.7639,8.8844,10.0,8.3543,9.2267,7.5486,8.0786,7.7461,9.8764,7.679,9.9106,8.4915,9.6278,8.361,7.6572,9.7795,8.4184,7.6144,8.4067,9.2058,7.6389,7.6192,7.8987,7.3306,8.5236,8.5907,9.6329,7.9655,9.0608,8.584,7.6639,7.8506,8.0422,8.6738,9.7441,8.6983,7.6828,8.9158,8.6457,7.7761,7.5449,8.9902,7.402,10.0,9.7468,9.777,9.7468,7.4743,8.5482,7.7575,9.1146,7.8767,7.5372,8.4923,9.6391,8.472,8.923,8.6625,8.5423,8.6135,8.8783,9.5162,7.9375,10.0,10.0,8.011,8.985,7.9729,8.254,7.3909,8.3749,10.0,8.1945,8.533,7.6875,8.4737,8.2983,9.2981,7.4996,9.6018,8.4837,9.6,9.5598,7.9759,8.6452,9.6719,7.2398,7.2398,7.7089,8.909,8.4737,8.2403,8.5844,7.3909,8.0972,7.1066,9.6174,7.4996,7.9969,7.2392,8.1172,7.0657,9.0049,7.8428,6.6678,7.5309,8.079
Min ATR Filter (Points),0.5,0.1,6,float,Minimum ATR floor (optional) to ensure stops aren't too tight. Default 0.5 points. ATR must be >= this AND <= Max ATR Filter,0.9684,1.0005,1.0913,1.0733,0.9542,0.9654,1.1353,1.0692,1.0853,0.9614,1.1277,0.9448,0.9448,1.1002,0.9668,1.1458,0.9544,1.0651,0.9407,0.9563,0.9166,0.9563,1.0801,1.0907,0.9813,0.9701,1.0244,1.0564,0.9114,0.8326,0.9338,0.8539,1.082,1.1138,0.8754,1.0476,1.0572,1.0719,1.0631,1.1124,1.0244,0.9278,0.9319,1.0436,0.9637,0.9351,1.0411,1.1197,1.0632,0.9536,1.0684,1.0772,1.0474,0.8557,0.9721,0.8417,1.1118,0.9242,0.8198,1.0302,0.9437,0.9006,0.9108,1.0593,0.9492,1.1193,0.851,0.9668,1.0345,0.9432,0.9645,1.1138,0.964,1.0586,0.9662,0.8744,0.9153,0.9668,0.8435,1.003,0.9383,0.8788,0.9668,0.9525,0.9128,0.9618,0.8198,1.0129,0.8633,1.08,1.0529,0.9668,1.0251,0.9171,0.9885,1.0543,1.0567,1.0699,1.0113,1.1066,0.9386,0.8346,0.9466,0.9758,1.0243,0.876,1.0361,0.9543,0.9031,0.9558,0.9429,1.0251,0.8597,0.9491,1.0226,0.9914,1.0582,1.0994,0.8834,0.9668,0.939,0.9992,0.9805,1.1016,0.9642,1.0684,1.0096,1.0774,0.9879,1.024,1.0098,0.9832,0.8407,1.1007,1.0089,1.003,1.0876,0.8226,1.034,0.9537,0.9681,0.9682,1.0634,0.8904,0.9361,0.9301,0.9502,1.082,0.9303,0.9503,0.9047,1.0342,0.9659,1.0398,1.0398,1.0436,0.8442,1.0246,0.9025,1.1326,0.9875,1.1036,1.1036,1.1036,1.0098,1.118,0.9628,0.9737,0.9576,1.0376,1.1099,1.0883,0.8465,1.0243,0.9283,1.0006,0.9517,1.0398,1.1183,0.9188,0.8586,0.9979,1.0222,0.9559,0.8867,0.8241,0.8586,0.8534,1.0339,1.0252,0.8483,0.9102,0.8834,0.8407,0.9454,1.0157,1.0157,1.0157,0.9404,1.0844,0.8099,0.9916,0.9481,1.0377,0.9095,0.9792,0.8814,0.9896,1.0136,0.9418,1.0398,0.9597,1.0624,1.0624,1.1276,1.0959,0.8449,1.0863,1.1345,1.0157,0.9659,0.8283,1.0328,0.8844,0.9331,0.9003,0.9157,1.0348,0.9417,0.938,0.8417,0.9345,0.8378,0.9388,0.8844,1.1216,1.0873,0.8249,0.8063,1.018,1.074,1.0448,0.937,0.9144,0.9212,0.959,0.8228,1.0869,0.9906,0.9668,1.0181,0.8843,0.9339,0.9025,1.0005,0.9462,0.8313,1.0001,0.907,0.792,0.9919,1.0204,0.9779,0.8722,0.9757,0.9922,0.8974,0.9497,1.1057,0.9615,0.9754,0.9537,0.9903,0.8473,0.9898,0.9558,0.8067,0.8427,0.7436,0.978,0.906,0.8621,1.0254,0.855,0.9374,1.0002,0.8825,0.9947,0.9016,0.9384,0.9098,0.9349,1.0351,1.0334,0.9008,0.9319,0.8913,0.9126,0.9317,0.9153,0.8875,0.9985,0.9486,0.9612,0.8484,0.9602,0.8996,0.9596,0.9596,1.0188,0.7636,0.9717,0.9697,1.0809,0.9791,0.9683,0.897,0.9811,0.916,0.9667,0.8555,1.392,0.9519,0.9497,0.9158,0.9609,0.9635,0.9284,0.9238,0.841,0.8897,0.8854,0.8151,0.8525,0.8871,0.8015,0.9803,0.9096,0.9794,0.8876,0.8379,0.7657,0.8455,0.9729,0.8476,0.8705,0.8444,0.869,0.953,0.9464,0.8369,0.8459,0.9103,0.9464,1.0044,0.772,0.7603,0.9423,0.9801,0.9141,0.9403,0.8885,0.8388,0.8683,0.8278,0.8509,0.9399,0.8622,0.855,0.8932,0.9578,0.7438,0.7954,0.8237,0.8794,0.8551,0.8129,0.9194,0.8819,0.8445,0.8768,0.858,0.9851,0.9359,0.8689,0.865,0.8894,0.7982,0.8257,0.8531,1.4788,0.9297,0.7454,0.8892,0.9651,0.8639,0.8192,0.9515,0.835,0.7982,0.9788,1.3616,0.8541,0.9471,0.887,0.8203,0.8851,0.9684,0.8499,0.7531,0.8367,0.8412,0.7417,0.8432,0.8817,0.9568,0.8846,0.8953,0.8756,0.846,0.8887,0.9517,0.8086,1.0625,0.8458,0.8201,0.7572,0.895,0.8805,0.8959,0.8149,0.9256,0.7455,0.9392,0.7541,0.8215,0.7674,0.7831,0.8892,0.9347,0.8676,0.8344,0.8846,1.2469,0.7438,0.8735,0.8293,1.3463,0.8465,0.8425,0.8748,0.8541,0.9324,0.8573,0.8359,0.9279,0.8626,0.8324,0.8829,0.8683,0.8543,1.2864,0.8605,0.9383,0.8363,0.8149,0.7603,0.8965,0.8915,0.7833,0.8241,0.8105,0.8201,0.8206,0.8348,0.8937,0.8452,0.8834,0.8211,0.8749,0.8917,0.8203,0.7551,0.8142,0.9242,0.9108,0.8715,0.9471,0.8479,0.8114,0.8369,0.814,0.8354,0.9265,0.8889,0.8176,0.8849,0.8828,0.8857,0.7177,0.7946,0.8387,0.8599,0.8494,0.7957,0.7956,0.8206,0.8054,0.8591,0.9242,0.8344,0.9153,0.8528,0.9264,0.8067,0.7467,0.8309,0.8524,0.8091,1.2631,0.7667,0.7495,0.8107,0.8287,0.8406,0.8387,0.8162,0.9174,0.9372,0.8445,0.8179,0.7729,0.8354,0.8798,0.8741,0.8553,0.9314,0.8217,0.7909,0.8302,0.8621,0.8276,0.813,0.7683,0.8624,0.8429,0.88,0.7313,0.775,0.8146,0.8151,0.86,0.848,0.9242,0.8341,0.8487,0.8085,0.8055,0.7884,0.807,0.7962,0.6973,0.7918,0.7776,0.7557,0.8113,0.8824,0.8657,0.8167,0.8149,0.7868,0.871,0.6179,0.8621,0.7556,0.8614,0.8226,0.792,0.8287,0.8084,0.7782,0.7903,0.907,0.8432,0.8981,0.8107,0.8082,0.7325,0.8808,0.8392,0.7796,0.7551,0.8008,0.7623,0.764,0.7791,0.846,0.8468,0.8339,0.811,0.7943,0.7764,0.8128,0.8788,0.5892,0.7039,0.769,0.7887,0.8482,0.7587,0.808,0.858,0.8103,0.7568,0.79,0.8519,0.7902,0.8748,1.1055,1.1789,0.8628,0.8537,0.8179,0.7806,0.7586,0.8519,0.8531,0.7852,0.7218,1.2,0.7177,0.7534,0.7375,0.7909,0.7977,0.7931,0.8143,0.7297,0.8065,0.7564,0.8054,0.7579,1.1492,0.7465,0.7085,0.7156,0.7675,0.907,1.0332,0.8105,0.7632,0.806,1.1261,0.7619,0.7771,0.8341,0.7445,0.7553,0.9152,0.8087,0.775,0.7771,0.586,0.785,0.7677,0.8221,0.8093,0.7404,1.2197,0.7908,0.8319,0.7488,0.7488,0.6822,0.7593,0.771,0.7447,0.882,1.2238,1.2032,0.7463,0.8179,0.7655,0.907,0.7698,0.8107,1.1055,0.761,0.7248,0.7489,0.7736,0.7711,0.783,0.7619,1.2353,0.7884,1.1261,0.5708,0.8523,0.7588,0.7549,0.7749,0.7658,0.7247,0.7302,0.6473,0.7722,0.7782,0.7692,1.1217,0.7553,1.0755,0.7791,0.823,0.7779,1.1543,0.8348,0.7653,1.2375,0.7677,0.7704,0.5671,0.7162,0.7941,0.6437,0.7645,0.7568,0.8051,0.7108,0.7731,0.5708,0.6366,0.7142,0.7309,0.7431,1.0989,0.7425,0.7506,0.7404,0.7628,0.7408,0.6437,0.7528,0.7492,0.7433,0.7811,0.7717,0.7691,1.1079,0.8278,0.7604,0.7522,0.7659,0.7234,1.0622,0.7338,0.7691,0.7224,0.7437,0.7632,0.7603,0.7565,0.7607,0.7301,0.7757,1.1543,0.6519,0.7485,0.7153,0.7442,0.7315,0.725,0.6794,0.7604,0.7619,0.9444,0.7525,0.7378,1.2241,0.6055,0.7657,0.7608,0.7424,0.7013,1.1211,0.7204,1.1261,0.7381,0.7171,0.7308,0.733,1.1307,1.1543,0.7072,0.7616,1.0743,0.8857,0.599,0.7226,0.7897,1.1055,0.7074,0.7259,0.7573,0.5346,0.7108,0.8162,0.7274,0.7678,0.7232,0.7537,0.5611,0.7643,0.7696,1.1335,0.7289,0.6924,0.6004,0.7394,0.7363,1.1536,0.6957,0.7457,0.7591,0.7051,0.7616,0.7132,0.7017,1.2007,0.6475,0.6973,0.5209,0.7227,0.6155,0.6669,0.7143,0.7569,0.7334,0.755,0.7354,0.6727,0.6296,0.716,0.7116,0.7116,0.7673,0.7225,0.6499,0.578,1.0992,0.5728,1.1261,0.7559,0.7175,0.7163,0.7606,0.6486,0.7074,0.5621,0.7364,0.7266,1.1667,0.7275,0.727,0.7406,1.1004,0.7288,0.755,0.6736,0.7373,0.8452,0.7271,0.6842,0.7203,0.7087,0.6913,0.745,0.7321,0.7217,0.7061,0.7317,1.1261,0.7605,0.655,0.7212,0.714,0.7362,0.6418,0.7364,0.7716,0.6968,0.7615,0.7345,0.7541,0.6258,0.623,1.0134,0.5884,0.7589,0.6511,0.6767,0.6037,1.1078,1.2309,0.5221,0.611,0.74,0.7242,1.2292,0.674,0.712,0.7522,0.7256,0.6923,0.726,0.7381,0.7426,0.7444,0.6706,0.7698,0.6521,0.5468,0.7266,0.6772,0.633,0.708,0.7742,1.1264,0.7431,0.5513,0.7819,0.633,0.6297,0.633,0.6788,0.7061,0.7612,0.6858,0.7399,0.6674,0.6029,0.5954,0.5176,0.6985,0.6383,0.6566,0.7378,0.5679,0.6616,0.7133,0.6435,0.7123,0.6167,0.6674,0.7442,1.0068,0.7484,0.6038,0.61,1.0715,0.5579,0.5902,0.5256,0.6674,0.9677,0.6599,0.7324,0.782,0.6491,0.6613,1.012,0.5403,0.6167,0.7111,0.5674,0.5937,0.6384,0.6701,0.516,0.6376,0.6647,0.7084,0.7031,0.5899,0.4219,0.6236,0.5954,0.7513,0.5713,0.5608,0.6604,0.5906,0.7192,0.6291,0.5968,0.6958,0.6776,0.5954,0.6588,0.6079,0.7297,0.5959,0.7512,0.5644,0.5557,0.6748,0.6577,0.5437,0.7189,0.7819,0.5927,0.635,0.6574,0.6068,0.5159,0.6643,0.5788,0.5968,0.6043,0.7111,0.6051,0.5228,0.667,0.7308,0.7238,0.7029,0.652,0.6391,0.7488,0.6254,0.6972,0.5794,0.7263,0.6726,0.5756,0.5443,0.5434,0.6699,0.6026,0.7111,0.5434,0.696,0.6663,0.6444,0.5669,0.5703,0.5606,0.6396,0.5876,0.667,0.6729,0.6431,0.6194,0.6498,0.5521,0.5519,0.5852,0.5501,0.6262,0.5532,0.5597,0.5694,0.4876,0.6184,0.5547,0.6417,0.5361,0.5493,0.6588,0.5979,0.6327,0.5177,0.5454,0.595,0.5715,0.5464,0.5464,0.5632,0.5564,0.5007,0.4745,0.547,0.5722,0.5559,0.5402,0.521,0.6855,0.6855,0.5463,0.5411,0.5464,0.6099,0.553,0.5913,0.4562,0.5589,0.5399,0.5564,0.5647,0.5728,0.6433,0.5543,0.4949,0.5882,0.6894,0.5375,0.4123
Enable Trend Filter,1,0,1,int,"Trade with trend only (Long > EMA, Short < EMA) - OPTIMIZABLE",0,0,0,0,0,0,0,0,0,0,0,0,0,0,0,0,0,0,0,0,0,0,0,0,0,0,0,0,0,0,0,0,0,0,0,0,0,0,0,0,0,0,0,0,0,0,0,0,0,0,0,0,0,0,0,0,0,0,0,0,0,0,0,0,0,0,0,0,0,0,0,0,0,0,0,0,0,0,0,0,0,0,0,0,0,0,0,0,0,0,0,0,0,0,0,0,0,0,0,0,0,0,0,0,0,0,0,0,0,0,0,0,0,0,0,0,0,0,0,0,0,0,0,0,0,0,0,0,0,0,0,0,0,0,0,0,0,0,0,0,0,0,0,0,0,0,0,0,0,0,0,0,0,0,0,0,0,0,0,0,0,0,0,0,0,0,0,0,0,0,0,0,0,0,0,0,0,0,0,0,0,0,0,0,0,0,0,0,0,0,0,0,0,0,0,0,0,0,0,0,0,0,0,0,0,0,0,0,0,0,0,0,0,0,0,0,0,0,0,0,0,0,0,0,0,0,0,0,0,0,0,0,0,0,0,0,0,0,0,0,0,0,0,0,0,0,0,0,0,0,0,0,0,0,0,0,0,0,0,0,0,0,0,0,0,0,0,0,0,0,0,0,0,0,0,0,0,0,0,0,0,0,0,0,0,0,0,0,0,0,0,0,0,0,0,0,0,0,0,0,0,0,0,0,0,0,0,0,0,0,0,0,0,0,0,0,0,0,0,0,0,0,0,0,0,0,0,0,0,0,0,0,0,0,0,0,0,0,0,0,0,0,0,0,0,0,0,0,0,0,0,0,0,0,0,0,0,0,0,0,0,0,0,0,0,0,0,0,0,0,0,0,0,0,0,0,0,0,0,0,0,0,0,0,0,0,0,0,0,0,0,0,0,0,0,0,0,0,0,0,0,0,0,0,0,0,0,0,0,0,0,0,0,0,0,0,0,0,0,0,0,0,0,0,0,0,0,0,0,0,0,0,0,0,0,0,0,0,0,0,0,0,0,0,0,0,0,0,0,0,0,0,0,0,0,0,0,0,0,0,0,0,0,0,0,0,0,0,0,0,0,0,0,0,0,0,0,0,0,0,0,0,0,0,0,0,0,0,0,0,0,0,0,0,0,0,0,0,0,0,0,0,0,0,0,0,0,0,0,0,0,0,0,0,0,0,0,0,0,0,0,0,0,0,0,0,0,0,0,0,0,0,0,0,0,0,0,0,0,0,0,0,0,0,0,0,0,0,0,0,0,0,0,0,0,0,0,0,0,0,0,0,0,0,0,0,0,0,0,0,0,0,0,0,0,0,0,0,0,0,0,0,0,0,0,0,0,0,0,0,0,0,0,0,0,0,0,0,0,0,0,0,0,0,0,0,0,0,0,0,0,0,0,0,0,0,0,0,0,0,0,0,0,0,0,0,0,0,0,0,0,0,0,0,0,0,0,0,0,0,0,0,0,0,0,0,0,0,0,0,0,0,0,0,0,0,0,0,0,0,0,0,0,0,0,0,0,0,0,0,0,0,0,0,0,0,0,0,0,0,0,0,0,0,0,0,0,0,0,0,0,0,0,0,0,0,0,0,0,0,0,0,0,0,0,0,0,0,0,0,0,0,0,0,0,0,0,0,0,0,0,0,0,0,0,0,0,0,0,0,0,0,0,0,0,0,0,0,0,0,0,0,0,0,0,0,0,0,0,0,0,0,0,0,0,0,0,0,0,0,0,0,0,0,0,0,0,0,0,0,0,0,0,0,0,0,0,0,0,0,0,0,0,0,0,0,0,0,0,0,0,0,0,0,0,0,0,0,0,0,0,0,0,0,0,0,0,0,0,0,0,0,0,0,0,0,0,0,0,0,0,0,0,0,0,0,0,0,0,0,0,0,0,0,0,0,0,0,0,0,0,0,0,0,0,0,0,0,0,0,0,0,0,0,0,0,0,0,0,0,0,0,0,0,0,0,0,0,0,0,0,0,0,0,0,0,0,0,0,0,0,0,0,0,0,0,0,0,0,0,0,0,0,0,0,0,0,0,0,0,0,0,0,0,0,0,0,0,0,0,0,0,0,0,0,0,0,0,0,0,0,0,0,0,0,0,0,0,0,0,0,0,0,0,0,0,0,0,0,0,0,0,0,0,0,0,0,0,0,0,0,0,0,0,0,0,0,0,0,0,0,0,0,0,0,0,0,0,0,0,0,0,0,0,0,0,0,0,0,0,0,0,0,0,0,0,0,0,0,0,0,0,0,0,0,0,0,0,0,0,0,0,0,0,0,0,0,0,0,0,0,0,0,0,0,0,0,0,0,0,0,0,0,0,0,0,0,0,0,0,0,0,0,0,0,0,0,0,0,0,0,0,0,0,0,0,0,0,0,0,0,0,0,0,0,0,0,0,0,0,0,0,0,0,0,0,0,0,0,0,0,0,0,0,0,0,0,0,0,0,0,0,0,0,0,0,0,0,0,0,0,0,0,0,0,0,0,0,0,0,0,0,0,0,0,0,0
Trend EMA Length,200,10,400,int,EMA Length for trend filter,253,247,254,254,250,251,251,254,250,264,249,241,241,249,254,250,251,253,255,249,253,249,246,248,252,252,254,247,248,251,253,252,254,248,252,249,253,251,247,252,254,248,254,249,253,252,255,251,253,250,273,249,247,249,249,255,248,250,250,249,247,250,244,249,249,249,246,253,251,250,254,249,250,255,248,251,250,253,244,248,252,251,253,253,260,251,250,257,251,255,250,253,251,250,251,246,251,253,235,249,250,243,249,252,250,252,251,249,252,244,255,251,256,258,252,259,254,248,256,253,255,255,254,248,251,248,288,249,248,243,255,253,253,251,277,248,250,250,251,246,250,249,254,256,250,251,251,256,251,251,251,249,250,254,254,250,256,250,250,249,250,253,253,253,255,247,250,252,253,251,251,250,256,250,250,251,250,254,248,248,253,254,251,250,252,257,253,256,252,255,251,256,250,253,244,250,250,250,244,249,249,249,250,250,251,254,250,250,251,237,251,238,252,252,249,250,241,254,250,250,250,259,247,252,244,247,248,253,248,250,255,249,255,254,252,249,252,250,250,248,250,247,251,261,255,252,250,254,251,253,250,254,271,251,254,252,249,251,249,249,254,254,254,253,252,250,250,249,251,250,252,255,250,251,250,253,249,249,239,251,250,251,253,252,249,252,248,253,254,252,252,253,252,252,250,254,252,254,254,249,251,251,250,245,256,251,250,254,254,256,255,250,250,253,248,252,250,250,250,248,248,256,252,248,250,251,253,256,255,250,248,251,252,249,254,249,250,248,249,249,249,248,270,249,248,257,249,250,253,244,249,254,250,250,250,243,257,255,250,250,248,250,280,250,244,250,255,251,251,247,250,242,256,250,253,250,272,250,256,245,249,250,252,243,260,253,257,253,249,249,256,250,254,249,260,252,250,248,252,253,251,257,250,254,250,255,250,285,256,249,247,248,252,249,251,249,251,250,243,251,249,250,249,250,249,249,244,238,250,253,250,250,249,250,253,260,250,249,249,263,250,279,249,256,243,253,244,251,250,249,249,250,248,250,248,251,251,250,251,250,249,259,249,248,253,249,252,252,253,249,250,249,255,252,257,252,249,253,246,250,254,243,245,249,250,254,250,251,250,277,251,252,256,250,251,251,250,250,254,251,253,251,252,250,250,252,249,252,251,250,250,251,256,249,249,255,251,250,248,251,251,249,251,256,251,251,246,249,252,251,254,252,256,248,250,250,269,248,247,251,250,249,251,252,249,248,251,247,250,249,253,249,261,249,259,251,253,251,249,251,251,252,250,252,250,248,250,253,262,254,251,251,240,249,248,254,250,250,252,250,248,246,313,249,250,250,253,250,250,251,253,250,250,255,251,253,252,248,251,246,254,250,256,247,256,240,261,261,250,252,251,250,251,253,248,250,249,250,249,256,254,250,249,253,251,250,250,253,253,249,252,255,253,252,250,249,249,252,249,247,251,253,259,250,253,252,248,313,250,250,239,255,256,249,249,255,249,260,251,250,256,249,252,251,250,251,251,255,256,249,251,253,253,251,249,250,250,250,248,246,246,253,250,313,249,249,249,252,253,246,250,244,252,239,250,250,256,249,243,242,249,250,249,243,250,251,258,257,250,257,260,250,249,247,261,250,257,250,243,250,250,269,251,251,245,251,243,253,250,248,249,253,243,256,250,256,255,248,252,250,251,245,250,251,250,254,257,250,249,250,258,253,251,249,253,249,250,250,253,257,249,249,246,249,251,250,250,254,250,252,260,250,250,249,249,250,240,251,248,253,256,251,255,252,250,254,256,250,250,253,256,256,250,254,250,239,251,251,248,251,252,243,255,246,247,253,249,251,250,264,251,252,249,254,251,244,248,253,250,242,255,251,268,251,250,251,252,251,244,255,252,247,249,250,252,249,251,244,250,250,252,252,265,251,251,250,251,257,250,247,248,256,256,244,250,252,249,243,251,257,248,251,250,249,248,250,252,249,251,248,250,244,251,249,250,255,251,250,249,253,249,256,253,246,249,249,252,251,257,249,250,256,248,249,249,246,250,254,249,253,251,259,251,258,252,250,249,250,254,249,249,251,251,253,250,251,249,250,250,250,248,254,248,251,249,250,248,242,251,253,250,249,250,249,249,250,250,254,253,249,249,250,252,250,249,250,248,254,250,258,252,253,250,249,251,250,250,248,253,249,248,244,253,249,250,251,250,251,253,249,250,249,250,254,252,253,254,262,253,249,245,250,249,247,249,248,250,248,249,250,248,246,257,247,247,251,250,250,251,251,250,250,250,250,250,254,251,252,252,250,249,251,249,277,249,250,245,247,251,254,243,250,250,257,250,254,251,250,252,263,252,249,257,251,246,252,249,250,250,250,249,250,246,250,250,250,250,254,252,250,252,249,251,250,250,251,253,250,250,253,253,249,251,249,254,250,253,249,251,249,251,252,250,254,247,256,256,251,253,249,250,250,244,249,250,250,245,245,251,250,256,250,251,249,251,250,250,253,249,251,251,250,253,248,254,253,251
Enable ADX Filter,1,0,1,int,Trade only when ADX < Threshold (Ranging Markets) - OPTIMIZABLE,1,1,0,0,1,1,0,0,0,1,0,1,1,0,0,0,1,0,1,1,1,1,0,0,1,1,0,0,1,1,1,1,0,0,1,0,0,0,0,0,0,1,1,0,1,1,0,0,0,1,0,0,0,1,1,1,0,1,1,0,1,1,1,0,1,0,1,0,0,1,0,0,1,0,1,1,1,0,1,0,0,1,0,1,1,1,1,0,1,0,0,0,0,1,0,0,0,0,0,0,1,1,1,1,0,1,0,0,1,0,1,0,1,0,0,0,0,0,1,0,0,0,0,0,0,0,0,0,0,0,0,0,1,0,0,0,0,1,0,0,0,0,0,1,1,0,1,0,1,0,1,0,0,0,0,0,1,0,1,0,0,0,0,0,0,0,0,0,0,0,0,0,1,0,0,0,0,0,0,1,1,0,0,0,1,1,1,1,0,0,0,1,1,1,0,0,0,0,0,0,1,0,0,0,1,0,1,0,0,0,0,0,0,0,0,0,1,0,0,0,0,1,0,1,0,0,1,0,0,1,1,0,1,0,1,0,0,1,1,0,0,0,0,0,0,0,1,0,0,0,0,0,0,0,0,0,1,0,0,1,0,0,0,1,0,0,0,0,0,1,0,0,0,1,0,0,1,1,1,0,0,0,0,0,0,0,0,0,0,0,0,0,0,0,0,0,0,0,0,0,0,0,0,0,1,0,0,0,0,0,1,0,0,0,0,0,0,0,0,0,0,0,0,0,0,0,0,0,0,0,0,0,0,0,0,0,0,0,0,0,0,1,0,0,0,0,0,0,0,0,0,0,0,0,0,1,1,0,0,0,0,0,0,0,1,0,0,0,0,0,0,1,1,0,0,0,0,0,0,0,0,0,0,0,0,1,0,1,0,0,0,0,1,0,0,0,0,0,0,1,0,0,0,0,0,0,0,0,0,1,0,0,1,0,0,0,0,0,0,0,0,0,0,0,0,0,1,0,0,0,0,0,1,0,1,0,0,1,0,0,0,0,0,0,1,0,0,0,0,0,0,0,0,0,0,0,0,0,0,0,0,0,0,0,0,0,1,0,0,0,0,0,0,0,0,0,0,0,0,0,0,0,0,0,0,1,0,0,0,0,0,0,0,0,0,0,0,0,0,1,0,0,0,0,0,0,0,0,0,0,0,0,0,0,0,1,0,0,0,0,0,1,0,0,0,0,0,0,0,0,0,0,0,0,0,0,0,0,0,0,0,0,0,0,0,0,0,0,0,0,0,0,0,0,0,0,0,0,0,0,0,1,0,1,0,0,0,0,0,0,0,0,1,0,0,0,0,0,0,0,0,0,0,0,0,0,0,0,0,0,0,0,0,0,0,0,0,0,0,0,0,0,0,0,1,0,0,0,0,0,0,0,0,0,0,0,0,0,0,0,0,0,0,0,0,0,0,0,0,0,0,0,0,0,0,0,0,0,0,0,0,0,0,0,0,0,0,0,0,0,0,0,0,0,0,0,0,0,0,0,0,0,1,0,0,0,0,0,0,0,0,0,0,0,0,0,0,0,0,0,0,0,0,0,0,0,0,0,0,0,0,0,0,0,0,0,0,1,0,1,0,0,0,0,0,1,0,0,0,0,0,0,0,0,0,0,0,0,0,0,0,1,0,0,0,0,0,0,0,0,1,1,0,0,0,0,0,0,0,0,0,0,0,0,0,0,0,0,0,0,0,0,0,0,0,0,0,0,0,0,0,0,0,0,0,0,0,0,0,0,0,0,0,0,0,0,0,0,0,0,0,0,0,0,0,0,0,0,0,0,0,0,0,0,0,0,0,0,0,0,0,0,0,0,1,0,0,0,0,0,0,0,0,0,0,0,0,0,0,0,0,0,0,0,0,0,0,0,0,0,0,1,0,0,0,0,0,0,0,0,0,0,0,0,0,0,0,0,0,0,0,0,0,0,0,0,0,0,1,0,0,0,0,0,0,0,0,0,0,0,0,0,0,0,0,0,0,0,0,0,0,0,0,0,0,0,0,0,0,0,0,0,0,0,0,0,0,0,0,0,0,0,0,0,0,0,0,0,0,0,0,0,0,0,0,0,0,0,0,0,0,0,0,0,0,0,0,0,0,0,0,0,0,0,0,0,0,0,0,0,0,0,0,0,0,0,0,0,0,0,0,0,0,0,0,0,0,0,0,0,0,0,0,0,0,0,0,0,0,0,0,0,0,0,0,0,0,0,0,0,0,0,0,0,1,0,0,0,0,0,0,0,0,0,0,0,0,0,0,0,0,0,0,0,0,0,0,0,0,0,0,0,0,0,0,0,0,0,0,0,0,0,0,0,0,0,0,0,0,0,0,0,0,0,0,0,0,0,0,0,0,0,0,0,0,0,0,0,0,0,0,0,0,0,0,1,0,0,0,0,0,0,1,0,0,0,0,0,0,0,0,0,0,0,0,0,0,0,0,0,0,0,0,0,0,0,0,0,0,0,0,0,0,0,0,1,0,0,0,0,0,0,0,0,0,0,0
ADX Period,14,5,35,int,Lookback period for ADX calculation,24,24,24,24,24,24,24,24,24,24,24,24,24,24,24,24,24,24,24,24,24,24,24,24,24,24,24,24,24,24,24,24,24,24,24,24,24,24,24,24,24,24,24,24,24,24,24,24,24,24,24,24,24,24,24,24,24,24,24,24,24,24,24,24,24,24,24,24,24,24,24,24,24,24,24,24,24,24,24,24,24,24,24,24,24,24,24,24,24,24,24,24,24,24,24,24,24,24,24,24,24,25,24,24,24,24,24,24,24,24,24,24,24,24,24,24,24,24,24,24,24,24,24,24,24,24,24,24,24,24,24,24,24,24,24,24,24,24,24,24,24,24,24,24,24,24,24,24,24,24,24,24,24,24,24,24,24,24,24,24,24,24,24,24,24,24,24,24,24,24,24,24,24,24,24,24,24,24,24,24,24,24,24,24,24,24,24,25,24,24,24,24,24,24,24,24,24,24,24,24,24,24,24,24,24,24,24,24,24,24,24,24,24,24,24,24,24,24,24,24,24,24,24,24,24,24,24,24,24,24,24,24,24,24,24,24,24,24,24,24,24,24,24,24,24,24,24,24,24,24,24,24,24,24,24,24,23,24,24,24,24,24,24,24,24,24,24,24,24,24,24,24,24,24,24,24,24,24,24,24,24,24,24,24,24,24,24,24,24,24,24,24,24,24,24,24,24,24,24,24,24,24,24,24,24,24,24,24,24,24,24,24,24,24,24,24,24,24,24,24,24,24,24,24,24,24,24,24,24,24,24,24,24,24,24,24,24,24,24,24,24,24,24,24,24,24,24,25,24,24,24,24,24,24,24,24,24,24,24,24,24,24,24,24,24,24,24,24,24,24,24,24,24,24,24,24,24,24,24,25,24,24,24,24,24,24,24,24,24,25,24,24,24,24,24,24,24,24,24,24,24,24,24,24,24,24,25,24,24,24,24,24,24,24,23,24,24,24,24,24,24,24,24,24,24,24,24,24,24,24,24,24,24,24,24,24,24,24,24,24,24,24,24,24,24,24,24,24,24,24,24,24,24,24,24,24,24,24,24,24,24,24,24,24,24,24,24,24,24,24,24,24,24,24,24,24,24,24,24,24,24,24,24,24,23,24,24,24,25,24,24,24,24,24,24,24,24,24,24,24,24,24,24,24,24,24,24,24,24,24,24,24,24,24,24,24,24,24,24,24,24,24,24,24,24,24,24,24,24,24,24,24,24,24,24,24,24,24,24,24,24,24,24,24,24,24,24,24,24,24,24,24,24,24,24,24,24,24,24,24,24,24,24,24,24,24,24,24,24,24,24,24,24,24,24,24,24,24,24,24,24,24,28,24,24,24,24,24,24,24,24,24,24,24,24,24,24,24,24,24,24,24,24,24,24,24,25,24,24,24,24,24,24,24,24,24,24,25,24,24,24,24,24,24,24,24,24,24,24,24,24,24,24,24,24,24,24,24,24,24,24,24,24,24,24,24,24,27,24,24,24,24,24,24,24,24,24,24,24,24,24,24,24,24,24,24,24,24,24,24,24,24,24,24,24,24,24,24,24,24,24,24,24,28,24,24,24,24,24,24,24,24,24,24,24,24,24,24,24,24,24,24,24,24,24,24,24,24,24,24,24,24,24,24,24,24,24,24,24,24,24,24,24,24,24,24,24,24,24,24,24,24,24,24,24,24,24,24,24,24,24,24,24,24,24,24,24,24,24,24,24,24,24,24,24,24,24,24,24,24,24,24,24,24,24,24,24,24,24,24,24,24,24,24,24,24,24,24,24,24,24,24,24,24,24,24,24,24,24,24,24,24,24,24,24,24,23,24,24,24,24,24,24,24,24,24,24,24,24,25,24,24,24,24,24,24,24,24,24,24,24,24,24,24,24,24,24,24,24,24,24,24,24,24,24,24,24,24,24,24,24,24,24,24,24,24,24,24,24,24,24,24,24,24,24,24,24,24,24,24,24,24,24,24,24,24,24,24,24,24,24,24,24,24,24,24,24,24,24,24,24,24,24,24,24,24,24,24,24,24,24,24,24,24,24,24,24,24,24,24,24,24,24,24,24,24,24,24,24,24,24,24,24,24,24,24,24,24,24,24,24,24,24,24,24,24,24,24,24,24,24,24,24,24,24,24,24,24,24,24,24,24,24,24,24,24,24,24,24,24,24,24,24,24,24,24,24,24,24,24,24,24,24,24,24,24,24,24,24,24,24,24,24,24,24,24,24,24,24,24,24,24,24,24,24,24,24,24,24,24,24,24,24,24,24,24,24,24,24,24,24,24,24,24,24,24,24,24,24,24,24,24,24,25,24,24,24,24,24,24,24,24,24,24,24,24,24,24,24,24,24,24,24,24,24,24,25,24,24,24,24,24,24,24,24,24,24,24,24,24,24,24,24,24,24,24,24,24,24,24,24,25,24,24,24,24,24,24,24,24,24,24,24,24,24,24,24,24,24,24,24,24,24,24,24,24,24,24,24,24,24,24,24,24,24,24,24,24,24,24,24,24,24,24,24,24,24
Max ADX Threshold,25,10,45,int,Maximum ADX allowed for entry. Lower = Only extremely choppy. Higher = Allow some trend.,32,32,32,32,32,32,32,32,32,32,32,32,32,32,32,32,32,32,32,32,32,32,31,32,32,32,32,31,32,31,32,32,32,32,32,32,32,32,32,32,32,32,32,31,32,32,32,32,32,32,32,32,32,32,32,32,32,32,32,32,32,32,32,32,32,32,32,32,32,32,32,32,32,32,32,32,32,32,32,32,32,32,32,32,32,32,32,31,32,32,32,32,32,32,32,32,32,32,32,31,32,31,32,32,31,32,33,32,32,32,32,32,32,32,31,32,32,32,32,32,32,32,32,32,32,32,32,31,32,32,32,32,32,32,32,32,32,32,31,32,32,32,32,32,32,32,32,32,32,32,32,32,32,32,32,32,32,32,32,32,31,32,32,32,32,32,32,32,32,32,32,32,32,31,32,32,32,32,32,32,32,32,32,32,32,32,32,32,32,32,32,31,32,32,32,31,31,31,32,32,32,32,32,31,32,31,32,32,32,32,32,32,32,32,32,32,32,32,32,31,32,32,32,32,32,32,32,32,32,32,32,31,32,32,32,32,32,32,32,31,32,31,32,32,32,32,32,32,32,32,32,32,32,32,32,32,32,32,32,32,32,32,32,32,32,32,32,32,31,32,32,31,32,32,32,32,32,32,32,32,32,32,32,32,32,32,32,32,31,32,32,32,32,32,32,32,31,31,32,32,32,32,32,31,32,32,31,32,32,32,32,32,32,32,32,32,32,32,32,32,32,32,32,32,32,32,32,32,32,32,32,32,32,32,31,32,32,32,32,32,32,32,32,32,32,32,32,31,32,32,32,32,32,32,32,32,32,32,32,32,31,32,32,32,32,32,32,32,32,31,32,32,32,32,32,31,32,32,32,32,32,32,32,32,32,32,32,32,32,31,32,32,32,32,32,32,31,32,32,32,32,32,31,32,31,32,31,32,32,32,32,31,32,32,32,32,32,32,32,32,32,32,31,32,32,32,32,32,32,32,33,32,32,32,32,32,32,32,32,32,31,32,32,32,32,32,32,32,31,32,32,31,32,31,32,32,32,32,32,32,32,32,32,32,32,32,32,32,32,32,32,32,32,32,32,32,32,32,32,32,32,32,31,32,32,32,32,32,32,32,32,32,32,32,32,32,32,32,32,32,32,32,32,31,32,32,31,32,32,32,32,31,32,32,32,32,32,31,32,32,32,32,32,32,32,32,32,32,31,32,32,32,32,32,31,32,32,32,31,32,32,32,32,32,32,32,32,32,32,32,32,32,32,32,30,32,32,32,32,32,32,31,31,32,32,32,32,32,31,32,32,32,32,32,31,32,33,32,32,32,32,32,32,32,32,32,32,32,32,32,31,32,32,32,31,32,32,32,32,32,32,32,32,32,31,32,32,32,32,32,32,32,32,32,32,32,33,31,33,32,32,31,32,32,32,32,32,32,32,33,32,32,32,31,32,32,32,32,32,32,32,32,32,32,32,31,32,31,32,31,32,32,32,32,32,32,31,32,32,32,32,32,32,31,32,32,32,32,32,32,32,31,31,32,32,32,32,32,32,33,32,32,32,32,32,31,33,32,32,32,32,32,32,32,32,32,32,32,32,32,32,32,32,31,32,32,32,32,32,32,32,32,32,32,32,32,32,32,32,31,32,32,32,32,32,32,32,32,31,32,32,32,32,32,32,32,31,32,32,32,31,32,32,32,32,32,32,32,33,32,32,32,32,32,32,32,32,32,32,32,32,31,32,32,32,32,32,32,32,32,32,33,32,32,32,32,31,31,32,32,32,32,32,32,32,32,32,32,31,32,32,32,32,32,31,32,32,32,32,32,32,32,32,32,32,32,32,32,32,32,32,33,33,32,32,32,32,32,33,32,32,31,31,31,32,31,32,32,32,32,32,32,32,32,32,32,32,32,32,31,32,32,32,32,32,32,32,32,31,32,31,32,32,33,32,32,32,32,32,32,32,32,32,31,32,32,32,32,32,32,32,32,32,32,32,32,32,31,32,32,32,32,32,31,32,31,32,32,32,32,32,32,32,31,31,32,32,32,32,32,32,32,31,32,32,32,32,32,32,32,31,31,32,32,32,32,32,32,32,32,32,32,32,32,32,33,32,32,32,32,32,32,32,32,32,32,31,32,32,32,32,31,32,32,32,32,32,32,31,32,32,32,32,32,32,32,32,32,32,31,32,32,32,32,32,32,31,31,32,32,32,32,33,32,33,32,32,31,32,32,32,34,32,32,32,32,31,32,32,32,32,32,32,32,32,32,32,31,32,32,31,32,32,32,32,32,33,31,32,32,31,32,32,32,32,32,32,32,32,32,32,32,32,31,32,32,32,31,32,32,32,31,32,32,32,32,32,32,31,32,32,32,32,32,32,32,32,32,32,32,32,31,32,32,32,32,32,32,32,31,32,32,32,32,32,32,32,32,32,32,33,32,32,32,32,32,32,32,32,31,32,32,32,32,32,32,32,32,32,32,32,32,31,32,32,31,32,32,32,32,32,32,32,32,32,32,32
RTH Start (HH:MM),09:30,09:30,09:30,str,Regular trading hours start (Eastern Time),,,,,,,,,,,,,,,,,,,,,,,,,,,,,,,,,,,,,,,,,,,,,,,,,,,,,,,,,,,,,,,,,,,,,,,,,,,,,,,,,,,,,,,,,,,,,,,,,,,,,,,,,,,,,,,,,,,,,,,,,,,,,,,,,,,,,,,,,,,,,,,,,,,,,,,,,,,,,,,,,,,,,,,,,,,,,,,,,,,,,,,,,,,,,,,,,,,,,,,,,,,,,,,,,,,,,,,,,,,,,,,,,,,,,,,,,,,,,,,,,,,,,,,,,,,,,,,,,,,,,,,,,,,,,,,,,,,,,,,,,,,,,,,,,,,,,,,,,,,,,,,,,,,,,,,,,,,,,,,,,,,,,,,,,,,,,,,,,,,,,,,,,,,,,,,,,,,,,,,,,,,,,,,,,,,,,,,,,,,,,,,,,,,,,,,,,,,,,,,,,,,,,,,,,,,,,,,,,,,,,,,,,,,,,,,,,,,,,,,,,,,,,,,,,,,,,,,,,,,,,,,,,,,,,,,,,,,,,,,,,,,,,,,,,,,,,,,,,,,,,,,,,,,,,,,,,,,,,,,,,,,,,,,,,,,,,,,,,,,,,,,,,,,,,,,,,,,,,,,,,,,,,,,,,,,,,,,,,,,,,,,,,,,,,,,,,,,,,,,,,,,,,,,,,,,,,,,,,,,,,,,,,,,,,,,,,,,,,,,,,,,,,,,,,,,,,,,,,,,,,,,,,,,,,,,,,,,,,,,,,,,,,,,,,,,,,,,,,,,,,,,,,,,,,,,,,,,,,,,,,,,,,,,,,,,,,,,,,,,,,,,,,,,,,,,,,,,,,,,,,,,,,,,,,,,,,,,,,,,,,,,,,,,,,,,,,,,,,,,,,,,,,,,,,,,,,,,,,,,,,,,,,,,,,,,,,,,,,,,,,,,,,,,,,,,,,,,,,,,,,,,,,,,,,,,,,,,,,,,,,,,,,,,,,,,,,,,,,,,,,,,,,,,,,,,,,,,,,,,,,,,,,,,,,,,,,,,,,,,,,,,,,,,,,,,,,,,,,,,,,,,,,,,,,,,,,,,,,,,,,,,,,,,,,,,,,,,,,,,,,,,,,,,,,,,,,,,,,,,,,,,,,,,,,,,,,,,,,,,,,,,,,,,,,,,,,,,,,,,,,,,,,,,,,,,,,,,,,,,,,,,,,,,,,,,,,,,,,,,,,,,,,,,
RTH End (HH:MM),16:00,16:00,16:00,str,Regular trading hours end (Eastern Time),,,,,,,,,,,,,,,,,,,,,,,,,,,,,,,,,,,,,,,,,,,,,,,,,,,,,,,,,,,,,,,,,,,,,,,,,,,,,,,,,,,,,,,,,,,,,,,,,,,,,,,,,,,,,,,,,,,,,,,,,,,,,,,,,,,,,,,,,,,,,,,,,,,,,,,,,,,,,,,,,,,,,,,,,,,,,,,,,,,,,,,,,,,,,,,,,,,,,,,,,,,,,,,,,,,,,,,,,,,,,,,,,,,,,,,,,,,,,,,,,,,,,,,,,,,,,,,,,,,,,,,,,,,,,,,,,,,,,,,,,,,,,,,,,,,,,,,,,,,,,,,,,,,,,,,,,,,,,,,,,,,,,,,,,,,,,,,,,,,,,,,,,,,,,,,,,,,,,,,,,,,,,,,,,,,,,,,,,,,,,,,,,,,,,,,,,,,,,,,,,,,,,,,,,,,,,,,,,,,,,,,,,,,,,,,,,,,,,,,,,,,,,,,,,,,,,,,,,,,,,,,,,,,,,,,,,,,,,,,,,,,,,,,,,,,,,,,,,,,,,,,,,,,,,,,,,,,,,,,,,,,,,,,,,,,,,,,,,,,,,,,,,,,,,,,,,,,,,,,,,,,,,,,,,,,,,,,,,,,,,,,,,,,,,,,,,,,,,,,,,,,,,,,,,,,,,,,,,,,,,,,,,,,,,,,,,,,,,,,,,,,,,,,,,,,,,,,,,,,,,,,,,,,,,,,,,,,,,,,,,,,,,,,,,,,,,,,,,,,,,,,,,,,,,,,,,,,,,,,,,,,,,,,,,,,,,,,,,,,,,,,,,,,,,,,,,,,,,,,,,,,,,,,,,,,,,,,,,,,,,,,,,,,,,,,,,,,,,,,,,,,,,,,,,,,,,,,,,,,,,,,,,,,,,,,,,,,,,,,,,,,,,,,,,,,,,,,,,,,,,,,,,,,,,,,,,,,,,,,,,,,,,,,,,,,,,,,,,,,,,,,,,,,,,,,,,,,,,,,,,,,,,,,,,,,,,,,,,,,,,,,,,,,,,,,,,,,,,,,,,,,,,,,,,,,,,,,,,,,,,,,,,,,,,,,,,,,,,,,,,,,,,,,,,,,,,,,,,,,,,,,,,,,,,,,,,,,,,,,,,,,,,,,,,,,,,,,,,,,,,,,,,,,,,,,,,,,,,,,,,,,,,,,,,,,,,,,,,,,,,,,,,,,
Enable RTH Filter,1,0,1,int,"Restrict entries to RTH only (0=false, 1=true) - OPTIMIZABLE",0,0,0,0,0,0,0,0,0,0,0,0,0,0,0,0,0,0,0,0,0,0,0,0,0,0,0,0,0,0,0,0,0,0,0,0,0,0,0,0,0,0,0,0,0,0,0,0,0,0,0,0,0,0,0,0,0,0,0,0,0,0,0,0,0,0,0,0,0,0,0,0,0,0,0,0,0,0,0,0,0,0,0,0,0,0,0,0,0,0,0,0,0,0,0,0,0,0,0,0,0,0,0,0,0,0,0,0,0,0,0,0,0,0,0,0,0,0,0,0,0,0,0,0,0,0,0,0,0,0,0,0,0,0,0,0,0,0,0,0,0,0,0,0,0,0,0,0,0,0,0,0,0,0,0,0,0,0,0,0,0,0,0,0,0,0,0,0,0,0,0,0,0,0,0,0,0,0,0,0,0,0,0,0,0,0,0,0,0,0,0,0,0,0,0,0,0,0,0,0,0,0,0,0,0,0,0,0,0,0,0,0,0,0,0,0,0,0,0,0,0,0,0,0,0,0,0,0,0,0,0,0,0,0,0,0,0,0,0,0,0,0,0,0,0,0,0,0,0,0,0,0,0,0,0,0,0,0,0,0,0,0,0,0,0,0,0,0,0,0,0,0,0,0,0,0,0,0,0,0,0,0,0,0,0,0,0,0,0,0,0,0,0,0,0,0,0,0,0,0,0,0,0,0,0,0,0,0,0,0,0,0,0,0,0,0,0,0,0,0,0,0,0,0,0,0,0,0,0,0,0,0,0,0,0,0,0,0,0,0,0,0,0,0,0,0,0,0,0,0,0,0,0,0,0,0,0,0,0,0,0,0,0,0,0,0,0,0,0,0,0,0,0,0,0,0,0,0,0,0,0,0,0,0,0,0,0,0,0,0,0,0,0,0,0,0,0,0,0,0,0,0,0,0,0,0,0,0,0,0,0,0,0,0,0,0,0,0,0,0,0,0,0,0,0,0,0,0,0,0,0,0,0,0,0,0,0,0,0,0,0,0,0,0,0,0,0,0,0,0,0,0,0,0,0,0,0,0,0,0,0,0,0,0,0,0,0,0,0,0,0,0,0,0,0,0,0,0,0,0,0,0,0,0,0,0,0,0,0,0,0,0,0,0,0,0,0,0,0,0,0,0,0,0,0,0,0,0,0,0,0,0,0,0,0,0,0,0,0,0,0,0,0,0,0,0,0,0,0,0,0,0,0,0,0,0,0,0,0,0,0,0,0,0,0,0,0,0,0,0,0,0,0,0,0,0,0,0,0,0,0,0,0,0,0,0,0,0,0,0,0,0,0,0,0,0,0,0,0,0,0,0,0,0,0,0,0,0,0,0,0,0,0,0,0,0,0,0,0,0,0,0,0,0,0,0,0,0,0,0,0,0,0,0,0,0,0,0,0,0,0,0,0,0,0,0,0,0,0,0,0,0,0,0,0,0,0,0,0,0,0,0,0,0,0,0,0,0,0,0,0,0,0,0,0,0,0,0,0,0,0,0,0,0,0,0,0,0,0,0,0,0,0,0,0,0,0,0,0,0,0,0,0,0,0,0,0,0,0,0,0,0,0,0,0,0,0,0,0,0,0,0,0,0,0,0,0,0,0,0,0,0,0,0,0,0,0,0,0,0,0,0,0,0,0,0,0,0,0,0,0,0,0,0,0,0,0,0,0,0,0,0,0,0,0,0,0,0,0,0,0,0,0,0,0,0,0,0,0,0,0,0,0,0,0,0,0,0,0,0,0,0,0,0,0,0,0,0,0,0,0,0,0,0,0,0,0,0,0,0,0,0,0,0,0,0,0,0,0,0,0,0,0,0,0,0,0,0,0,0,0,0,0,0,0,0,0,0,0,0,0,0,0,0,0,0,0,0,0,0,0,0,0,0,0,0,0,0,0,0,0,0,0,0,0,0,0,0,0,0,0,0,0,0,0,0,0,0,0,0,0,0,0,0,0,0,0,0,0,0,0,0,0,0,0,0,0,0,0,0,0,0,0,0,0,0,0,0,0,0,0,0,0,0,0,0,0,0,0,0,0,0,0,0,0,0,0,0,0,0,0,0,0,0,0,0,0,0,0,0,0,0,0,0,0,0,0,0,0,0,0,0,0,0,0,0,0,0,0,0,0,0,0,0,0,0,0,0,0,0,0,0,0,0,0,0,0,0,0,0,0,0,0,0,0,0,0,0,0,0,0,0,0,0,0,0,0,0,0,0,0,0,0,0,0,0,0,0,0,0,0,0,0,0,0,0,0,0,0,0,0,0,0,0,0,0,0,0,0,0,0,0,0,0,0,0,0,0,0,0,0,0,0,0,0,0,0,0,0,0,0,0,0,0,0,0,0,0,0,0,0,0,0,0,0,0,0,0,0,0,0,0,0,0,0,0,0,0,0,0,0,0,0,0,0,0,0,0,0,0,0,0,0,0,0,0,0,0,0,0,0,0,0,0,0,0,0,0,0,0,0,0,0,0,0,0,0,0,0,0,0,0,0,0,0,0,0
RTH Exit Buffer (minutes),0,0,60,int,Minutes before RTH end to start closing positions (0 = no auto-close),42,42,42,42,42,42,42,42,42,42,42,42,42,42,42,42,42,42,42,41,42,41,42,42,42,42,42,43,42,41,42,42,42,42,42,42,42,42,42,42,42,42,42,42,42,42,42,41,42,42,42,42,42,42,42,41,42,42,42,42,41,42,42,42,42,42,42,42,42,42,42,42,42,42,42,42,42,42,42,42,42,42,42,42,42,42,42,42,42,41,42,42,42,41,42,42,41,42,42,43,41,42,42,42,42,42,42,42,42,42,42,42,41,42,42,42,42,42,42,42,42,42,42,42,42,42,42,42,42,42,42,41,42,42,42,42,41,42,42,42,42,42,42,42,42,42,42,42,42,42,42,42,42,42,42,42,42,42,41,42,42,42,42,42,42,42,42,42,42,41,42,41,41,42,42,42,41,42,42,42,42,42,42,42,41,41,42,42,42,41,42,41,42,42,42,41,41,41,42,42,42,41,42,42,42,41,42,42,42,42,42,42,42,42,42,42,41,42,42,41,42,42,42,42,42,42,42,42,42,42,41,42,42,42,42,42,42,42,42,42,42,42,43,42,42,42,42,42,41,42,41,42,42,42,42,42,42,42,42,42,42,42,42,41,42,42,42,41,43,42,41,41,42,42,41,42,42,42,42,42,42,42,42,42,42,42,42,41,42,42,42,42,42,42,42,42,42,42,41,42,42,41,42,42,41,42,42,42,42,42,41,41,42,42,42,42,42,42,42,42,41,42,42,42,42,42,42,42,42,41,42,42,42,42,42,42,42,42,42,42,42,42,41,42,42,42,42,42,42,41,42,42,42,41,42,42,42,42,41,42,42,42,42,42,42,42,41,42,42,42,41,42,42,41,41,42,42,42,42,42,42,42,42,42,42,42,42,42,41,42,42,42,42,42,42,42,42,42,42,42,42,42,42,42,42,42,42,42,42,41,42,42,42,42,41,41,42,42,42,42,42,42,42,42,42,42,42,42,42,42,42,42,42,42,42,42,42,42,42,42,42,42,42,42,42,42,42,42,42,42,42,42,42,42,42,42,42,41,42,42,42,42,42,42,42,42,41,42,42,42,41,41,42,42,42,42,42,42,42,42,42,42,42,42,42,42,42,42,43,42,42,42,42,42,42,42,42,42,41,42,42,42,42,42,42,42,42,42,42,42,41,42,42,41,42,42,41,42,42,42,42,42,41,41,42,42,42,42,42,42,42,42,42,42,42,42,42,42,41,42,42,41,42,42,42,42,41,42,42,42,42,42,42,41,42,42,42,42,42,41,42,42,42,42,42,42,42,42,42,42,42,42,42,41,42,41,42,41,41,42,42,42,54,41,42,42,42,42,42,42,42,42,42,42,41,42,42,42,41,42,42,42,42,42,42,42,42,42,42,42,42,42,42,42,42,42,42,43,42,42,42,42,42,42,42,42,42,42,42,42,42,42,42,42,42,42,42,42,42,42,42,42,42,42,41,41,42,54,42,42,42,42,42,42,42,42,42,42,42,42,41,42,42,42,42,42,42,42,42,42,42,42,42,42,42,42,42,42,42,43,42,42,42,54,42,42,42,42,41,42,42,42,43,42,42,42,42,42,42,42,42,42,42,42,42,42,42,42,43,42,42,42,42,42,42,42,42,42,42,42,42,42,42,42,42,42,42,42,42,41,42,42,42,42,42,42,42,42,42,42,42,42,42,42,42,42,42,42,42,42,42,42,42,42,42,42,42,42,42,41,42,42,42,42,43,42,42,42,42,42,41,42,42,42,41,41,42,42,42,42,41,42,42,42,42,42,42,42,42,42,42,42,42,42,42,42,41,42,42,42,42,41,42,42,42,42,42,42,42,42,42,42,42,42,41,43,42,42,42,42,42,42,42,42,42,42,42,42,42,41,42,42,42,42,42,42,42,42,42,42,42,42,42,42,42,42,42,42,42,42,41,42,42,42,42,42,42,41,41,42,42,42,42,42,42,42,42,42,42,42,41,42,42,41,42,42,42,42,42,42,42,42,42,42,42,42,42,42,42,42,42,42,42,42,42,42,42,42,42,42,42,42,42,42,42,42,42,42,42,42,42,42,42,42,41,42,42,42,42,42,42,42,42,42,42,42,42,43,42,42,41,42,42,42,42,42,42,42,42,42,42,42,42,42,42,42,42,42,42,42,42,42,42,42,42,42,42,42,42,43,42,42,41,42,42,42,42,42,42,42,42,42,42,42,42,42,41,42,41,42,42,42,42,42,42,42,42,42,42,42,42,42,42,42,42,42,42,42,42,42,42,41,43,42,42,42,42,42,42,41,42,42,42,42,42,42,42,42,42,42,42,41,42,42,42,42,42,42,42,42,42,42,42,42,42,42,42,42,42,42,42,42,42,41,42,42,42,41,42,42,42,42,42,42,42,42,42,42,42,42,42,42,42,42,42,42,42,42,42,41,41,41,42,42,42,42,42,42,41,42,42,42,42,41,42,42,42,42,42,42,42,42,42,41,42,42,42,41,42,42,42,42,42,42,42,42,42
Enable Maintenance Filter,true,false,true,bool,Exit positions before maintenance periods,,,,,,,,,,,,,,,,,,,,,,,,,,,,,,,,,,,,,,,,,,,,,,,,,,,,,,,,,,,,,,,,,,,,,,,,,,,,,,,,,,,,,,,,,,,,,,,,,,,,,,,,,,,,,,,,,,,,,,,,,,,,,,,,,,,,,,,,,,,,,,,,,,,,,,,,,,,,,,,,,,,,,,,,,,,,,,,,,,,,,,,,,,,,,,,,,,,,,,,,,,,,,,,,,,,,,,,,,,,,,,,,,,,,,,,,,,,,,,,,,,,,,,,,,,,,,,,,,,,,,,,,,,,,,,,,,,,,,,,,,,,,,,,,,,,,,,,,,,,,,,,,,,,,,,,,,,,,,,,,,,,,,,,,,,,,,,,,,,,,,,,,,,,,,,,,,,,,,,,,,,,,,,,,,,,,,,,,,,,,,,,,,,,,,,,,,,,,,,,,,,,,,,,,,,,,,,,,,,,,,,,,,,,,,,,,,,,,,,,,,,,,,,,,,,,,,,,,,,,,,,,,,,,,,,,,,,,,,,,,,,,,,,,,,,,,,,,,,,,,,,,,,,,,,,,,,,,,,,,,,,,,,,,,,,,,,,,,,,,,,,,,,,,,,,,,,,,,,,,,,,,,,,,,,,,,,,,,,,,,,,,,,,,,,,,,,,,,,,,,,,,,,,,,,,,,,,,,,,,,,,,,,,,,,,,,,,,,,,,,,,,,,,,,,,,,,,,,,,,,,,,,,,,,,,,,,,,,,,,,,,,,,,,,,,,,,,,,,,,,,,,,,,,,,,,,,,,,,,,,,,,,,,,,,,,,,,,,,,,,,,,,,,,,,,,,,,,,,,,,,,,,,,,,,,,,,,,,,,,,,,,,,,,,,,,,,,,,,,,,,,,,,,,,,,,,,,,,,,,,,,,,,,,,,,,,,,,,,,,,,,,,,,,,,,,,,,,,,,,,,,,,,,,,,,,,,,,,,,,,,,,,,,,,,,,,,,,,,,,,,,,,,,,,,,,,,,,,,,,,,,,,,,,,,,,,,,,,,,,,,,,,,,,,,,,,,,,,,,,,,,,,,,,,,,,,,,,,,,,,,,,,,,,,,,,,,,,,,,,,,,,,,,,,,,,,,,,,,,,,,,,,,,,,,,,,,,,,,,,,,,,,,,,,,,,,,,,,,,,,,,,,,,,,,,,,,,,,,,,,,,,,,,,,,,,,,,,,,,,,,,,,,,,
Daily Maintenance Start (HH:MM),17:00,17:00,17:00,str,Daily maintenance period start in Eastern Time (ES: 4:00 PM CT = 5:00 PM ET),,,,,,,,,,,,,,,,,,,,,,,,,,,,,,,,,,,,,,,,,,,,,,,,,,,,,,,,,,,,,,,,,,,,,,,,,,,,,,,,,,,,,,,,,,,,,,,,,,,,,,,,,,,,,,,,,,,,,,,,,,,,,,,,,,,,,,,,,,,,,,,,,,,,,,,,,,,,,,,,,,,,,,,,,,,,,,,,,,,,,,,,,,,,,,,,,,,,,,,,,,,,,,,,,,,,,,,,,,,,,,,,,,,,,,,,,,,,,,,,,,,,,,,,,,,,,,,,,,,,,,,,,,,,,,,,,,,,,,,,,,,,,,,,,,,,,,,,,,,,,,,,,,,,,,,,,,,,,,,,,,,,,,,,,,,,,,,,,,,,,,,,,,,,,,,,,,,,,,,,,,,,,,,,,,,,,,,,,,,,,,,,,,,,,,,,,,,,,,,,,,,,,,,,,,,,,,,,,,,,,,,,,,,,,,,,,,,,,,,,,,,,,,,,,,,,,,,,,,,,,,,,,,,,,,,,,,,,,,,,,,,,,,,,,,,,,,,,,,,,,,,,,,,,,,,,,,,,,,,,,,,,,,,,,,,,,,,,,,,,,,,,,,,,,,,,,,,,,,,,,,,,,,,,,,,,,,,,,,,,,,,,,,,,,,,,,,,,,,,,,,,,,,,,,,,,,,,,,,,,,,,,,,,,,,,,,,,,,,,,,,,,,,,,,,,,,,,,,,,,,,,,,,,,,,,,,,,,,,,,,,,,,,,,,,,,,,,,,,,,,,,,,,,,,,,,,,,,,,,,,,,,,,,,,,,,,,,,,,,,,,,,,,,,,,,,,,,,,,,,,,,,,,,,,,,,,,,,,,,,,,,,,,,,,,,,,,,,,,,,,,,,,,,,,,,,,,,,,,,,,,,,,,,,,,,,,,,,,,,,,,,,,,,,,,,,,,,,,,,,,,,,,,,,,,,,,,,,,,,,,,,,,,,,,,,,,,,,,,,,,,,,,,,,,,,,,,,,,,,,,,,,,,,,,,,,,,,,,,,,,,,,,,,,,,,,,,,,,,,,,,,,,,,,,,,,,,,,,,,,,,,,,,,,,,,,,,,,,,,,,,,,,,,,,,,,,,,,,,,,,,,,,,,,,,,,,,,,,,,,,,,,,,,,,,,,,,,,,,,,,,,,,,,,,,,,,,,,,,,,,,,,,,,,,,,,,,,,,,,,,,,,,,,
Daily Maintenance End (HH:MM),17:30,17:30,17:30,str,Daily maintenance period end in Eastern Time (ES: 4:30 PM CT = 5:30 PM ET),,,,,,,,,,,,,,,,,,,,,,,,,,,,,,,,,,,,,,,,,,,,,,,,,,,,,,,,,,,,,,,,,,,,,,,,,,,,,,,,,,,,,,,,,,,,,,,,,,,,,,,,,,,,,,,,,,,,,,,,,,,,,,,,,,,,,,,,,,,,,,,,,,,,,,,,,,,,,,,,,,,,,,,,,,,,,,,,,,,,,,,,,,,,,,,,,,,,,,,,,,,,,,,,,,,,,,,,,,,,,,,,,,,,,,,,,,,,,,,,,,,,,,,,,,,,,,,,,,,,,,,,,,,,,,,,,,,,,,,,,,,,,,,,,,,,,,,,,,,,,,,,,,,,,,,,,,,,,,,,,,,,,,,,,,,,,,,,,,,,,,,,,,,,,,,,,,,,,,,,,,,,,,,,,,,,,,,,,,,,,,,,,,,,,,,,,,,,,,,,,,,,,,,,,,,,,,,,,,,,,,,,,,,,,,,,,,,,,,,,,,,,,,,,,,,,,,,,,,,,,,,,,,,,,,,,,,,,,,,,,,,,,,,,,,,,,,,,,,,,,,,,,,,,,,,,,,,,,,,,,,,,,,,,,,,,,,,,,,,,,,,,,,,,,,,,,,,,,,,,,,,,,,,,,,,,,,,,,,,,,,,,,,,,,,,,,,,,,,,,,,,,,,,,,,,,,,,,,,,,,,,,,,,,,,,,,,,,,,,,,,,,,,,,,,,,,,,,,,,,,,,,,,,,,,,,,,,,,,,,,,,,,,,,,,,,,,,,,,,,,,,,,,,,,,,,,,,,,,,,,,,,,,,,,,,,,,,,,,,,,,,,,,,,,,,,,,,,,,,,,,,,,,,,,,,,,,,,,,,,,,,,,,,,,,,,,,,,,,,,,,,,,,,,,,,,,,,,,,,,,,,,,,,,,,,,,,,,,,,,,,,,,,,,,,,,,,,,,,,,,,,,,,,,,,,,,,,,,,,,,,,,,,,,,,,,,,,,,,,,,,,,,,,,,,,,,,,,,,,,,,,,,,,,,,,,,,,,,,,,,,,,,,,,,,,,,,,,,,,,,,,,,,,,,,,,,,,,,,,,,,,,,,,,,,,,,,,,,,,,,,,,,,,,,,,,,,,,,,,,,,,,,,,,,,,,,,,,,,,,,,,,,,,,,,,,,,,,,,,,,,,,,,,,,,,,,,,,,,,,,,,,,,,,,,,,,,,,,,,,,,,,,,,
Weekend Maintenance Start Day,4,4,4,int,"Weekend maintenance start day (0=Monday, 1=Tuesday, 2=Wednesday, 3=Thursday, 4=Friday, 5=Saturday, 6=Sunday). For ES futures: 4 (Friday)",,,,,,,,,,,,,,,,,,,,,,,,,,,,,,,,,,,,,,,,,,,,,,,,,,,,,,,,,,,,,,,,,,,,,,,,,,,,,,,,,,,,,,,,,,,,,,,,,,,,,,,,,,,,,,,,,,,,,,,,,,,,,,,,,,,,,,,,,,,,,,,,,,,,,,,,,,,,,,,,,,,,,,,,,,,,,,,,,,,,,,,,,,,,,,,,,,,,,,,,,,,,,,,,,,,,,,,,,,,,,,,,,,,,,,,,,,,,,,,,,,,,,,,,,,,,,,,,,,,,,,,,,,,,,,,,,,,,,,,,,,,,,,,,,,,,,,,,,,,,,,,,,,,,,,,,,,,,,,,,,,,,,,,,,,,,,,,,,,,,,,,,,,,,,,,,,,,,,,,,,,,,,,,,,,,,,,,,,,,,,,,,,,,,,,,,,,,,,,,,,,,,,,,,,,,,,,,,,,,,,,,,,,,,,,,,,,,,,,,,,,,,,,,,,,,,,,,,,,,,,,,,,,,,,,,,,,,,,,,,,,,,,,,,,,,,,,,,,,,,,,,,,,,,,,,,,,,,,,,,,,,,,,,,,,,,,,,,,,,,,,,,,,,,,,,,,,,,,,,,,,,,,,,,,,,,,,,,,,,,,,,,,,,,,,,,,,,,,,,,,,,,,,,,,,,,,,,,,,,,,,,,,,,,,,,,,,,,,,,,,,,,,,,,,,,,,,,,,,,,,,,,,,,,,,,,,,,,,,,,,,,,,,,,,,,,,,,,,,,,,,,,,,,,,,,,,,,,,,,,,,,,,,,,,,,,,,,,,,,,,,,,,,,,,,,,,,,,,,,,,,,,,,,,,,,,,,,,,,,,,,,,,,,,,,,,,,,,,,,,,,,,,,,,,,,,,,,,,,,,,,,,,,,,,,,,,,,,,,,,,,,,,,,,,,,,,,,,,,,,,,,,,,,,,,,,,,,,,,,,,,,,,,,,,,,,,,,,,,,,,,,,,,,,,,,,,,,,,,,,,,,,,,,,,,,,,,,,,,,,,,,,,,,,,,,,,,,,,,,,,,,,,,,,,,,,,,,,,,,,,,,,,,,,,,,,,,,,,,,,,,,,,,,,,,,,,,,,,,,,,,,,,,,,,,,,,,,,,,,,,,,,,,,,,,,,,,,,,,,,,,,,,,,,,,,,,,,,,,,,,,,,,,,,,,,,,,,,,,,,,,,,,,,
Weekend Maintenance Start Time (HH:MM),17:00,17:00,17:00,str,Weekend maintenance start time in Eastern Time (ES: Fri 4:00 PM CT = 5:00 PM ET),,,,,,,,,,,,,,,,,,,,,,,,,,,,,,,,,,,,,,,,,,,,,,,,,,,,,,,,,,,,,,,,,,,,,,,,,,,,,,,,,,,,,,,,,,,,,,,,,,,,,,,,,,,,,,,,,,,,,,,,,,,,,,,,,,,,,,,,,,,,,,,,,,,,,,,,,,,,,,,,,,,,,,,,,,,,,,,,,,,,,,,,,,,,,,,,,,,,,,,,,,,,,,,,,,,,,,,,,,,,,,,,,,,,,,,,,,,,,,,,,,,,,,,,,,,,,,,,,,,,,,,,,,,,,,,,,,,,,,,,,,,,,,,,,,,,,,,,,,,,,,,,,,,,,,,,,,,,,,,,,,,,,,,,,,,,,,,,,,,,,,,,,,,,,,,,,,,,,,,,,,,,,,,,,,,,,,,,,,,,,,,,,,,,,,,,,,,,,,,,,,,,,,,,,,,,,,,,,,,,,,,,,,,,,,,,,,,,,,,,,,,,,,,,,,,,,,,,,,,,,,,,,,,,,,,,,,,,,,,,,,,,,,,,,,,,,,,,,,,,,,,,,,,,,,,,,,,,,,,,,,,,,,,,,,,,,,,,,,,,,,,,,,,,,,,,,,,,,,,,,,,,,,,,,,,,,,,,,,,,,,,,,,,,,,,,,,,,,,,,,,,,,,,,,,,,,,,,,,,,,,,,,,,,,,,,,,,,,,,,,,,,,,,,,,,,,,,,,,,,,,,,,,,,,,,,,,,,,,,,,,,,,,,,,,,,,,,,,,,,,,,,,,,,,,,,,,,,,,,,,,,,,,,,,,,,,,,,,,,,,,,,,,,,,,,,,,,,,,,,,,,,,,,,,,,,,,,,,,,,,,,,,,,,,,,,,,,,,,,,,,,,,,,,,,,,,,,,,,,,,,,,,,,,,,,,,,,,,,,,,,,,,,,,,,,,,,,,,,,,,,,,,,,,,,,,,,,,,,,,,,,,,,,,,,,,,,,,,,,,,,,,,,,,,,,,,,,,,,,,,,,,,,,,,,,,,,,,,,,,,,,,,,,,,,,,,,,,,,,,,,,,,,,,,,,,,,,,,,,,,,,,,,,,,,,,,,,,,,,,,,,,,,,,,,,,,,,,,,,,,,,,,,,,,,,,,,,,,,,,,,,,,,,,,,,,,,,,,,,,,,,,,,,,,,,,,,,,,,,,,,,,,,,,,,,,,,,,,,,,,,,,,,,
Weekend Maintenance End Day,6,6,6,int,"Weekend maintenance end day (0=Monday, 1=Tuesday, 2=Wednesday, 3=Thursday, 4=Friday, 5=Saturday, 6=Sunday). For ES futures: 6 (Sunday)",,,,,,,,,,,,,,,,,,,,,,,,,,,,,,,,,,,,,,,,,,,,,,,,,,,,,,,,,,,,,,,,,,,,,,,,,,,,,,,,,,,,,,,,,,,,,,,,,,,,,,,,,,,,,,,,,,,,,,,,,,,,,,,,,,,,,,,,,,,,,,,,,,,,,,,,,,,,,,,,,,,,,,,,,,,,,,,,,,,,,,,,,,,,,,,,,,,,,,,,,,,,,,,,,,,,,,,,,,,,,,,,,,,,,,,,,,,,,,,,,,,,,,,,,,,,,,,,,,,,,,,,,,,,,,,,,,,,,,,,,,,,,,,,,,,,,,,,,,,,,,,,,,,,,,,,,,,,,,,,,,,,,,,,,,,,,,,,,,,,,,,,,,,,,,,,,,,,,,,,,,,,,,,,,,,,,,,,,,,,,,,,,,,,,,,,,,,,,,,,,,,,,,,,,,,,,,,,,,,,,,,,,,,,,,,,,,,,,,,,,,,,,,,,,,,,,,,,,,,,,,,,,,,,,,,,,,,,,,,,,,,,,,,,,,,,,,,,,,,,,,,,,,,,,,,,,,,,,,,,,,,,,,,,,,,,,,,,,,,,,,,,,,,,,,,,,,,,,,,,,,,,,,,,,,,,,,,,,,,,,,,,,,,,,,,,,,,,,,,,,,,,,,,,,,,,,,,,,,,,,,,,,,,,,,,,,,,,,,,,,,,,,,,,,,,,,,,,,,,,,,,,,,,,,,,,,,,,,,,,,,,,,,,,,,,,,,,,,,,,,,,,,,,,,,,,,,,,,,,,,,,,,,,,,,,,,,,,,,,,,,,,,,,,,,,,,,,,,,,,,,,,,,,,,,,,,,,,,,,,,,,,,,,,,,,,,,,,,,,,,,,,,,,,,,,,,,,,,,,,,,,,,,,,,,,,,,,,,,,,,,,,,,,,,,,,,,,,,,,,,,,,,,,,,,,,,,,,,,,,,,,,,,,,,,,,,,,,,,,,,,,,,,,,,,,,,,,,,,,,,,,,,,,,,,,,,,,,,,,,,,,,,,,,,,,,,,,,,,,,,,,,,,,,,,,,,,,,,,,,,,,,,,,,,,,,,,,,,,,,,,,,,,,,,,,,,,,,,,,,,,,,,,,,,,,,,,,,,,,,,,,,,,,,,,,,,,,,,,,,,,,,,,,,,,,,,,,,,,,,,,,,,,,,,,,,,,,,,,,,,,,,,,,
Weekend Maintenance End Time (HH:MM),18:00,18:00,18:00,str,Weekend maintenance end time in Eastern Time (ES: Sun 5:00 PM CT = 6:00 PM ET),,,,,,,,,,,,,,,,,,,,,,,,,,,,,,,,,,,,,,,,,,,,,,,,,,,,,,,,,,,,,,,,,,,,,,,,,,,,,,,,,,,,,,,,,,,,,,,,,,,,,,,,,,,,,,,,,,,,,,,,,,,,,,,,,,,,,,,,,,,,,,,,,,,,,,,,,,,,,,,,,,,,,,,,,,,,,,,,,,,,,,,,,,,,,,,,,,,,,,,,,,,,,,,,,,,,,,,,,,,,,,,,,,,,,,,,,,,,,,,,,,,,,,,,,,,,,,,,,,,,,,,,,,,,,,,,,,,,,,,,,,,,,,,,,,,,,,,,,,,,,,,,,,,,,,,,,,,,,,,,,,,,,,,,,,,,,,,,,,,,,,,,,,,,,,,,,,,,,,,,,,,,,,,,,,,,,,,,,,,,,,,,,,,,,,,,,,,,,,,,,,,,,,,,,,,,,,,,,,,,,,,,,,,,,,,,,,,,,,,,,,,,,,,,,,,,,,,,,,,,,,,,,,,,,,,,,,,,,,,,,,,,,,,,,,,,,,,,,,,,,,,,,,,,,,,,,,,,,,,,,,,,,,,,,,,,,,,,,,,,,,,,,,,,,,,,,,,,,,,,,,,,,,,,,,,,,,,,,,,,,,,,,,,,,,,,,,,,,,,,,,,,,,,,,,,,,,,,,,,,,,,,,,,,,,,,,,,,,,,,,,,,,,,,,,,,,,,,,,,,,,,,,,,,,,,,,,,,,,,,,,,,,,,,,,,,,,,,,,,,,,,,,,,,,,,,,,,,,,,,,,,,,,,,,,,,,,,,,,,,,,,,,,,,,,,,,,,,,,,,,,,,,,,,,,,,,,,,,,,,,,,,,,,,,,,,,,,,,,,,,,,,,,,,,,,,,,,,,,,,,,,,,,,,,,,,,,,,,,,,,,,,,,,,,,,,,,,,,,,,,,,,,,,,,,,,,,,,,,,,,,,,,,,,,,,,,,,,,,,,,,,,,,,,,,,,,,,,,,,,,,,,,,,,,,,,,,,,,,,,,,,,,,,,,,,,,,,,,,,,,,,,,,,,,,,,,,,,,,,,,,,,,,,,,,,,,,,,,,,,,,,,,,,,,,,,,,,,,,,,,,,,,,,,,,,,,,,,,,,,,,,,,,,,,,,,,,,,,,,,,,,,,,,,,,,,,,,,,,,,,,,,,,,,,,,,,,,,,,,,,,,,,,,
Maintenance Buffer Minutes,5,1,30,int,Minutes before/after maintenance to exit/block trading,4,4,4,4,4,4,4,4,4,3,4,4,4,4,4,4,4,4,4,4,4,4,4,4,4,4,4,4,4,4,4,4,4,4,4,4,4,4,3,4,4,4,3,4,4,4,4,3,4,3,4,4,4,4,4,4,4,4,4,4,4,4,4,4,4,4,4,4,4,4,4,4,3,4,4,4,4,4,4,4,4,4,4,4,3,3,4,4,3,4,4,4,4,4,4,4,4,4,4,4,4,4,4,4,4,4,3,4,4,4,4,4,4,4,4,4,4,4,4,4,4,4,4,4,4,4,4,4,3,4,4,4,4,4,4,4,4,4,4,4,4,4,4,4,4,4,4,4,4,4,4,4,4,4,4,4,4,4,4,4,4,4,4,4,4,4,4,4,4,3,3,4,4,4,4,4,4,4,4,4,4,4,4,3,4,4,4,4,4,4,4,4,4,4,4,4,4,4,4,4,4,4,4,4,4,4,3,4,4,4,4,4,3,3,4,4,4,4,4,4,4,4,4,4,4,4,4,4,4,4,4,4,4,4,4,4,4,4,4,4,4,4,4,4,4,4,4,4,4,4,4,4,2,4,4,4,4,4,4,3,4,4,4,4,4,4,4,4,4,3,4,4,4,4,4,4,4,4,4,3,4,4,4,4,4,4,4,4,4,4,1,4,4,4,4,4,3,4,4,4,4,4,4,4,4,4,4,4,4,4,4,4,4,4,4,4,4,3,4,4,4,4,4,4,4,4,3,4,4,4,4,4,4,4,3,4,4,3,4,3,3,4,4,3,4,4,4,4,4,4,4,4,4,3,4,4,3,4,4,4,4,4,4,4,4,4,4,4,4,3,4,4,4,4,4,4,4,4,3,4,4,4,4,4,4,4,4,4,4,4,4,4,4,4,3,4,4,4,3,4,4,4,4,4,4,4,4,3,4,4,4,4,4,4,4,4,4,4,4,4,4,3,4,4,4,4,4,4,4,4,4,4,4,4,4,4,4,4,4,4,4,4,4,4,4,4,4,4,4,4,4,4,3,4,4,4,4,4,4,4,4,4,4,4,4,4,4,4,4,4,4,4,4,4,4,4,4,4,4,4,4,4,4,4,4,4,4,4,4,4,4,4,4,4,4,4,4,4,4,4,4,4,3,4,4,4,4,4,4,4,4,4,4,4,4,4,4,4,4,4,4,4,3,4,3,4,4,4,4,4,4,4,4,4,4,4,4,4,4,4,4,4,4,3,4,4,4,4,4,4,4,4,4,4,4,4,4,4,4,4,4,3,4,4,4,4,4,4,4,4,4,4,4,4,4,4,3,4,3,4,4,4,1,4,4,4,4,4,4,4,4,4,4,4,4,4,3,4,4,4,4,4,4,4,3,4,4,4,4,4,4,4,4,4,4,4,4,4,4,4,4,4,4,4,4,4,4,4,4,4,4,4,4,4,4,4,4,4,4,4,4,4,4,4,4,4,4,1,4,4,4,4,4,4,4,4,4,3,4,4,4,4,4,4,4,4,4,4,4,4,4,4,4,4,4,4,4,4,3,4,4,4,4,1,4,4,4,4,4,4,4,4,4,4,4,4,4,4,4,4,4,4,4,4,4,4,4,4,4,4,3,4,4,4,4,4,4,4,4,4,4,4,4,4,4,4,3,4,4,4,4,4,4,4,4,4,3,4,4,4,4,4,4,4,4,4,4,4,4,4,4,4,4,4,4,4,4,4,4,4,4,4,4,4,4,4,4,4,4,4,4,4,4,4,4,4,4,3,4,4,4,4,4,4,4,4,4,4,4,4,4,4,4,4,4,4,4,3,4,4,4,4,4,4,4,4,4,4,4,4,4,4,4,4,4,4,4,4,3,4,4,4,4,4,4,4,4,4,4,4,4,4,4,4,4,4,4,4,4,4,4,4,4,4,4,4,4,4,4,3,4,4,4,4,4,4,4,4,4,4,4,4,4,4,4,4,4,4,4,4,4,4,4,4,3,4,4,4,4,4,4,4,4,4,4,4,4,4,4,4,4,4,4,4,4,4,4,4,4,4,4,4,4,4,3,4,4,4,4,4,4,4,4,4,4,3,4,3,3,4,4,4,4,4,4,4,4,4,4,4,4,4,4,4,4,4,4,4,4,4,4,4,4,4,4,4,4,4,4,4,4,4,4,4,4,4,4,4,4,4,4,4,4,4,3,4,4,4,4,3,4,4,4,4,4,4,4,4,4,4,4,4,4,4,4,4,4,4,4,4,4,4,4,4,4,4,3,4,4,4,4,4,3,4,3,4,4,3,4,4,4,4,4,4,4,4,4,4,4,4,4,4,4,4,4,4,4,4,4,4,4,4,4,3,4,4,4,4,4,4,4,4,4,4,4,4,4,4,4,4,4,4,3,4,3,4,4,4,4,3,4,4,4,4,4,4,4,4,4,4,4,4,4,4,4,4,4,4,4,4,4,4,4,4,4,4,4,4,4,4,4,4,4,4,4,4,4,4,4,4,4,4,4,4,4,4,4
Volume MA Length,50,25,200,int,Rolling window for average volume calculation (used by volume filter),25,25,25,25,25,25,25,25,25,25,25,25,25,25,25,25,25,25,25,25,25,25,25,25,25,25,25,25,25,25,25,25,25,25,25,25,25,25,25,25,25,25,25,25,25,25,25,25,25,25,25,25,25,25,25,25,25,25,25,25,25,25,25,25,25,25,25,25,25,25,25,25,25,25,25,25,25,25,25,25,25,25,25,25,25,25,25,25,25,25,25,25,25,25,25,25,25,25,25,25,25,25,25,25,25,25,25,25,25,25,25,25,25,25,25,25,25,25,25,25,25,25,25,25,25,25,25,25,25,25,25,25,25,25,25,25,25,25,25,25,25,25,25,25,25,25,25,25,25,25,25,25,25,25,25,25,25,25,25,25,25,25,25,25,25,25,25,25,25,25,25,25,25,25,25,25,25,25,25,25,25,25,25,25,25,25,25,25,25,25,25,25,25,25,25,25,25,25,25,25,25,25,25,25,25,25,25,25,25,25,25,25,25,25,25,25,25,25,25,25,25,25,25,25,25,25,25,25,25,25,25,25,25,25,25,25,25,25,25,25,25,25,25,25,25,25,25,25,25,25,25,25,25,25,25,25,25,25,25,25,25,25,25,25,25,25,25,25,25,25,25,25,25,25,25,25,25,25,25,25,25,25,25,25,25,25,25,25,25,25,25,25,25,25,25,25,25,25,25,25,25,25,25,25,25,25,25,25,25,25,25,25,25,25,25,25,25,25,25,25,25,25,25,25,25,25,25,25,25,25,25,25,25,25,25,25,25,25,25,25,25,25,25,25,25,25,25,25,25,25,25,25,25,25,25,25,25,25,25,25,25,25,25,25,25,25,25,25,25,25,25,25,25,25,25,25,25,25,25,25,25,25,25,25,25,25,25,25,25,25,25,25,25,25,25,25,25,25,25,25,25,25,25,25,25,25,25,25,25,25,25,25,25,25,25,25,25,25,25,25,25,25,25,25,25,25,25,25,25,25,25,25,25,25,25,25,25,25,25,25,25,25,25,25,25,25,25,25,25,25,25,25,25,25,25,25,25,25,25,25,25,25,25,25,25,25,25,25,25,25,25,25,25,25,25,25,25,25,25,25,25,25,25,25,25,25,25,25,25,25,25,25,25,25,25,25,25,25,25,25,25,25,25,25,25,25,25,25,25,25,25,25,25,25,25,25,25,25,25,25,25,25,25,25,25,25,25,25,25,25,25,25,25,25,25,25,25,25,25,25,25,25,25,25,25,25,25,25,25,25,25,25,25,25,25,25,25,25,25,25,25,25,25,25,25,25,25,25,25,25,25,25,25,25,25,25,25,25,25,25,25,25,25,25,25,25,25,25,25,25,25,25,25,25,25,25,25,25,25,25,25,25,25,25,25,25,25,25,25,25,25,25,25,25,25,25,25,25,25,25,25,25,25,25,25,25,25,25,25,25,25,25,25,25,25,25,25,25,25,25,25,25,25,25,25,25,25,25,25,25,25,25,25,25,25,25,25,25,25,25,25,25,25,25,25,25,25,25,25,25,25,25,25,25,25,25,25,25,25,25,25,25,25,25,25,25,25,25,25,25,25,25,25,25,25,25,25,25,25,25,25,25,25,25,25,25,25,25,25,25,25,25,25,25,25,25,25,25,25,25,25,25,25,25,25,25,25,25,25,25,25,25,25,25,25,25,25,25,25,25,25,25,25,25,25,25,25,25,25,25,25,25,25,25,25,25,25,25,25,25,25,25,25,25,25,25,25,25,25,25,25,25,25,25,25,25,25,25,25,25,25,25,25,25,25,25,25,25,25,25,25,25,25,25,25,25,25,25,25,25,25,25,25,25,25,25,25,25,25,25,25,25,25,25,25,25,25,25,25,25,25,25,25,25,25,25,25,25,25,25,25,25,25,25,25,25,25,25,25,25,25,25,25,25,25,25,25,25,25,25,25,25,25,25,25,25,25,25,25,25,25,25,25,25,25,25,25,25,25,25,25,25,25,25,25,25,25,25,25,25,25,25,25,25,25,25,25,25,25,25,25,25,25,25,25,25,25,25,25,25,25,25,25,25,25,25,25,25,25,25,25,25,25,25,25,25,25,25,25,25,25,25,25,25,25,25,25,25,25,25,25,25,25,25,25,25,25,25,25,25,25,25,25,25,25,25,25,25,25,25,25,25,25,25,25,25,25,25,25,25,25,25,25,25,25,25,25,25,25,25,25,25,25,25,25,25,25,25,25,25,25,25,25,25,25,25,25,25,25,25,25,25,25,25,25,25,25,25,25,25,25,25,25,25,25,25,25,25,25,25,25,25,25,25,25,25,25,25,25,25,25,25,25,25,25,25,25,25,25,25,25,25,25,25,25,25,25,25,25,25,25,25,25,25,25,25,25,25,25,25,25,25,25,25,25,25,25,25,25,25,25,25,25,25,25,25,25,25,25,25,25,25,25,25,25,25,25,25,25,25,25,25,25,25,25,25,25,25,25,25,25,25,25,25,25,25,25,25,25,25,25,25,25,25,25,25,25
Max Volume Multiplier,1.2,0.5,5,float,"Volume filter for mean reversion - MAX volume allowed (volume <= avg * multiplier). Low volume = exhausted move ready to reverse. High volume = strong momentum (bad for mean reversion). Range 0.5-3.0 (1.0 = no filter, lower = more restrictive)",0.5121,0.5121,0.5132,0.5123,0.5118,0.5126,0.5127,0.5123,0.5125,0.5124,0.5119,0.5117,0.5117,0.5128,0.5121,0.5123,0.512,0.5121,0.5117,0.5121,0.5118,0.5121,0.5123,0.5123,0.5116,0.5121,0.5122,0.5125,0.5121,0.5116,0.5116,0.512,0.5134,0.5116,0.5119,0.5122,0.5121,0.5121,0.5119,0.5128,0.5122,0.5122,0.512,0.5125,0.5122,0.5125,0.512,0.5122,0.5123,0.5123,0.5135,0.5123,0.5125,0.5123,0.511,0.5125,0.5126,0.5123,0.512,0.5124,0.5126,0.5129,0.5119,0.5121,0.5121,0.5122,0.5121,0.5123,0.5,0.5125,0.5122,0.5124,0.5139,0.5124,0.5126,0.5121,0.5116,0.5123,0.512,0.5122,0.5122,0.5121,0.5123,0.5121,0.5126,0.5111,0.512,0.5124,0.5122,0.5122,0.5126,0.5122,0.5129,0.5122,0.5137,0.5118,0.512,0.5132,0.5131,0.5123,0.5125,0.5123,0.5122,0.5118,0.5122,0.512,0.512,0.5119,0.5121,0.5122,0.5125,0.5129,0.5121,0.5121,0.512,0.5119,0.5121,0.5126,0.5123,0.5123,0.5123,0.5121,0.5121,0.5119,0.5125,0.5123,0.5122,0.5129,0.512,0.5126,0.5119,0.5124,0.5123,0.5125,0.5,0.5122,0.5117,0.5121,0.5122,0.512,0.5129,0.5126,0.5123,0.5115,0.5123,0.5117,0.512,0.5124,0.5123,0.5126,0.5124,0.5128,0.5121,0.5121,0.5121,0.5132,0.5123,0.5125,0.5117,0.5121,0.5118,0.5138,0.5138,0.5138,0.5119,0.5117,0.5127,0.513,0.5124,0.5131,0.5123,0.5127,0.5122,0.5122,0.5124,0.5139,0.5124,0.5121,0.5121,0.5121,0.5127,0.5131,0.5124,0.5136,0.5123,0.5121,0.5127,0.5124,0.5123,0.5123,0.5132,0.5122,0.5123,0.5123,0.5121,0.5123,0.5123,0.5123,0.513,0.5129,0.5123,0.513,0.5086,0.5131,0.5125,0.513,0.5127,0.5124,0.5121,0.5117,0.5117,0.5123,0.5125,0.5125,0.5122,0.5129,0.5121,0.512,0.5136,0.5123,0.512,0.5119,0.5122,0.5125,0.5121,0.5122,0.5111,0.512,0.5123,0.5129,0.5121,0.5122,0.5123,0.512,0.5125,0.5136,0.5121,0.5124,0.5123,0.512,0.5125,0.5124,0.5133,0.5124,0.5118,0.5117,0.5129,0.5122,0.5131,0.5123,0.5126,0.5123,0.5099,0.5116,0.5124,0.5122,0.5121,0.5135,0.5116,0.5123,0.5121,0.5136,0.5,0.5133,0.512,0.5121,0.5124,0.5126,0.5138,0.5122,0.5131,0.5131,0.5121,0.512,0.5122,0.5121,0.5131,0.5128,0.512,0.5,0.5133,0.5123,0.5138,0.5122,0.5123,0.512,0.5121,0.5122,0.5122,0.5064,0.5121,0.5122,0.5119,0.5121,0.5129,0.512,0.5121,0.5122,0.5123,0.512,0.512,0.513,0.5118,0.5126,0.5162,0.5125,0.5124,0.5136,0.5136,0.5123,0.5121,0.5133,0.5126,0.5121,0.5125,0.5124,0.5123,0.5134,0.5121,0.5118,0.5116,0.718,0.5124,0.5126,0.5122,0.512,0.5122,0.5125,0.5122,0.5125,0.512,0.5123,0.5122,0.5123,0.5121,0.5126,0.5113,0.5121,0.5122,0.5123,0.5124,0.5124,0.512,0.5144,0.5118,0.5124,0.5123,0.5122,0.5126,0.5,0.5122,0.5124,0.5124,0.5125,0.5123,0.5121,0.5123,0.5126,0.5131,0.5111,0.507,0.5117,0.5121,0.5121,0.5124,0.5122,0.512,0.5113,0.512,0.5123,0.5118,0.5121,0.5116,0.5121,0.5123,0.5132,0.512,0.5116,0.5121,0.5121,0.5123,0.5123,0.5123,0.5124,0.5125,0.5125,0.5119,0.512,0.5124,0.5123,0.7013,0.5121,0.5124,0.512,0.5122,0.5128,0.5124,0.5123,0.5122,0.512,0.5123,0.6867,0.5123,0.513,0.5129,0.5123,0.5123,0.5126,0.5122,0.512,0.5123,0.5122,0.5123,0.5124,0.512,0.5132,0.5124,0.5123,0.5,0.5105,0.5122,0.5114,0.5125,0.5129,0.5123,0.5127,0.513,0.5125,0.5133,0.5123,0.5122,0.511,0.5129,0.5125,0.5131,0.5123,0.5131,0.5131,0.512,0.5,0.5117,0.5113,0.5125,0.724,0.5119,0.5122,0.5123,0.6888,0.5124,0.5121,0.5122,0.5122,0.5124,0.5118,0.512,0.5129,0.512,0.5132,0.513,0.5128,0.5115,0.7574,0.5118,0.5125,0.5117,0.5122,0.5122,0.5123,0.5123,0.5124,0.5124,0.5129,0.5121,0.5122,0.5111,0.512,0.5126,0.5128,0.5122,0.5128,0.5119,0.5116,0.5111,0.5129,0.5125,0.5122,0.5116,0.5134,0.5118,0.5123,0.5123,0.5123,0.5122,0.5121,0.512,0.5118,0.5122,0.5128,0.512,0.5119,0.5135,0.513,0.5131,0.5122,0.5121,0.5131,0.512,0.5121,0.5113,0.5125,0.512,0.5116,0.5129,0.5112,0.5124,0.5129,0.5123,0.5113,0.5122,0.7127,0.5121,0.5128,0.5124,0.5124,0.5121,0.5113,0.5123,0.5132,0.5123,0.512,0.5125,0.5124,0.5122,0.5118,0.5124,0.5119,0.5081,0.5124,0.514,0.5132,0.5123,0.5124,0.5123,0.5125,0.5123,0.5125,0.5105,0.5114,0.5132,0.5125,0.5125,0.5122,0.5115,0.5131,0.5094,0.5117,0.5126,0.513,0.5122,0.5107,0.5116,0.5124,0.5124,0.5125,0.512,0.5125,0.5127,0.5131,0.5123,0.5126,0.5122,0.5118,0.5116,0.512,0.5112,0.5121,0.5123,0.5125,0.5127,0.5135,0.5139,0.5123,0.5,0.5123,0.5116,0.5135,0.5125,0.5116,0.5124,0.512,0.512,0.5113,0.5121,0.5122,0.5121,0.5124,0.5111,0.5112,0.5119,0.5123,0.5126,0.5118,0.5112,0.5112,0.5135,0.5124,0.512,0.512,0.5124,0.5121,0.5135,0.5123,0.5114,0.5123,0.5123,0.5122,0.5128,0.512,0.6862,0.7141,0.5125,0.5122,0.5117,0.5131,0.5118,0.5122,0.5116,0.5122,0.5125,0.7226,0.5125,0.5125,0.5124,0.5118,0.5116,0.5122,0.5105,0.5124,0.5126,0.5122,0.5119,0.5122,0.6796,0.5125,0.5121,0.5136,0.512,0.5,0.6921,0.5111,0.5133,0.5132,0.6941,0.5124,0.5111,0.5134,0.5117,0.5123,0.5133,0.5115,0.5098,0.5111,0.5118,0.512,0.5115,0.5122,0.512,0.5119,0.744,0.5123,0.512,0.5125,0.5125,0.5129,0.5118,0.5126,0.5126,0.5118,0.695,0.7306,0.512,0.5122,0.5128,0.5,0.5117,0.5124,0.6862,0.5126,0.5114,0.5121,0.512,0.5123,0.5132,0.5131,0.7654,0.5127,0.6941,0.512,0.5123,0.5127,0.5123,0.512,0.5117,0.5118,0.5122,0.5116,0.5125,0.5125,0.5121,0.6467,0.5123,0.6943,0.5124,0.5122,0.5117,0.6945,0.5111,0.5125,0.7164,0.5115,0.5126,0.5121,0.5125,0.5125,0.5119,0.5119,0.5118,0.5131,0.5133,0.5117,0.512,0.512,0.5121,0.5126,0.5124,0.7141,0.5123,0.5121,0.5133,0.5125,0.513,0.5119,0.5127,0.5142,0.5125,0.5143,0.5123,0.5115,0.6848,0.5115,0.5129,0.5126,0.5125,0.5126,0.7002,0.5121,0.5115,0.511,0.5132,0.5122,0.5121,0.512,0.5124,0.5122,0.5117,0.6945,0.5122,0.5125,0.5121,0.5122,0.5123,0.5121,0.5124,0.5124,0.5128,0.636,0.5121,0.5125,0.7406,0.5125,0.5118,0.5114,0.5119,0.5125,0.6945,0.5125,0.696,0.5137,0.5134,0.5121,0.5131,0.718,0.6945,0.5121,0.5127,0.6779,0.5119,0.5124,0.5127,0.5125,0.6851,0.5122,0.512,0.5123,0.5123,0.5121,0.5124,0.5121,0.5143,0.5117,0.5127,0.5123,0.5123,0.512,0.7081,0.5123,0.512,0.5128,0.5124,0.5121,0.7107,0.5124,0.5117,0.5123,0.5123,0.5126,0.5126,0.5131,0.6866,0.5109,0.5124,0.5125,0.5121,0.5123,0.5125,0.512,0.5138,0.5119,0.5122,0.5127,0.512,0.5122,0.5122,0.5128,0.5128,0.5118,0.5124,0.5123,0.512,0.6915,0.5123,0.6941,0.5128,0.5116,0.5121,0.5132,0.5122,0.5122,0.5129,0.5126,0.5125,0.6855,0.5122,0.5127,0.5124,0.7164,0.5123,0.5134,0.5131,0.5122,0.642,0.5122,0.5129,0.5122,0.5117,0.5123,0.512,0.5119,0.5133,0.5122,0.5118,0.6941,0.512,0.5122,0.5121,0.5126,0.5112,0.512,0.5126,0.5123,0.5122,0.5135,0.5122,0.5129,0.5121,0.5126,0.6649,0.5123,0.5136,0.5121,0.5123,0.5123,0.6958,0.7567,0.5124,0.5126,0.5118,0.5116,0.6963,0.5124,0.5119,0.5124,0.5124,0.5119,0.5119,0.5129,0.5121,0.5121,0.5131,0.512,0.5125,0.5121,0.5124,0.5128,0.5128,0.5122,0.5119,0.6574,0.512,0.5125,0.513,0.5128,0.5126,0.5128,0.5124,0.5122,0.5124,0.5121,0.5142,0.5124,0.5122,0.5123,0.5126,0.5125,0.5123,0.5129,0.5118,0.5118,0.5125,0.5117,0.5134,0.5114,0.5123,0.5124,0.5121,0.6665,0.5125,0.5122,0.5134,0.6734,0.5123,0.5115,0.5122,0.5124,0.7135,0.5126,0.5119,0.5125,0.5124,0.5123,0.6614,0.5121,0.5123,0.512,0.5121,0.5123,0.5118,0.5117,0.5122,0.512,0.5122,0.512,0.5131,0.512,0.5127,0.5123,0.5123,0.5125,0.5122,0.5121,0.5133,0.5123,0.5117,0.5109,0.5124,0.5116,0.5125,0.5123,0.5124,0.513,0.5111,0.5121,0.5124,0.5129,0.5129,0.513,0.5124,0.5115,0.5125,0.513,0.5131,0.5112,0.5123,0.5125,0.5122,0.511,0.5126,0.5124,0.5122,0.5116,0.5121,0.5121,0.5117,0.5118,0.5132,0.5128,0.512,0.5118,0.5114,0.5123,0.5116,0.5121,0.5119,0.5117,0.5124,0.5118,0.5125,0.5136,0.5107,0.5116,0.5125,0.5123,0.5123,0.5118,0.5125,0.5125,0.5125,0.5119,0.5116,0.5117,0.5136,0.5123,0.512,0.5123,0.5131,0.512,0.5126,0.512,0.5124,0.5124,0.5132,0.5122,0.5119,0.5122,0.513,0.511,0.5122,0.5122,0.5124,0.5123,0.5118,0.5121,0.5114,0.5135,0.5123,0.5126,0.5126,0.5106,0.5121,0.5132,0.5126,0.5125,0.5124,0.5121,0.5121,0.5123,0.5125,0.5125,0.5117,0.5124,0.5126,0.5109,0.5125,0.5123,0.512,0.5114,0.5118,0.5121,0.5116,0.509,0.5116,0.5111,0.5135,0.512,0.5131,0.5121,0.512
Timeframe (minutes),15,1,15,int,Resample timeframe in minutes,5,5,5,5,5,5,5,5,5,5,5,5,5,5,5,5,5,5,5,5,5,5,5,5,5,5,5,5,5,5,5,5,5,5,5,5,5,5,5,5,5,5,5,5,5,5,5,5,5,5,5,5,5,5,5,5,5,5,5,5,5,5,5,5,5,5,5,5,5,5,5,5,5,5,5,5,5,5,5,5,5,5,5,5,5,5,5,5,5,5,5,5,5,5,5,5,5,5,5,5,5,5,5,5,5,5,5,5,5,5,5,5,5,5,5,5,5,5,5,5,5,5,5,5,5,5,5,5,5,5,5,5,5,5,5,5,5,5,5,5,5,5,5,5,5,5,5,5,5,5,5,5,5,5,5,5,5,5,5,5,5,5,5,5,5,5,5,5,5,5,5,5,5,5,5,5,5,5,5,5,5,5,5,5,5,5,5,5,5,5,5,5,5,5,5,5,5,5,5,5,5,5,5,5,5,5,5,5,5,5,5,5,5,5,5,5,5,5,5,5,5,5,5,5,5,5,5,5,5,5,5,5,5,5,5,5,5,5,5,5,5,5,5,5,5,5,5,5,5,5,5,5,5,5,5,5,5,5,5,5,5,5,5,5,5,5,5,5,5,5,5,5,5,5,5,5,5,5,5,5,5,5,5,5,5,5,5,5,5,5,5,5,5,5,5,5,5,5,5,5,5,5,5,5,5,5,5,5,5,5,5,5,5,5,5,5,5,5,5,5,5,5,5,5,5,5,5,5,5,5,5,5,5,5,5,5,5,5,5,5,5,5,5,5,5,5,5,5,5,5,5,5,5,5,5,5,5,5,5,5,5,5,5,5,5,5,5,5,5,5,5,5,5,5,5,5,5,5,5,5,5,5,5,5,5,5,5,5,5,5,5,5,5,5,5,5,5,5,5,5,5,5,5,5,5,5,5,5,5,5,5,5,5,5,5,5,5,5,5,5,5,5,5,5,5,5,5,5,5,5,5,5,5,5,5,5,5,5,5,5,5,5,5,5,5,5,5,5,5,5,5,5,5,5,5,5,5,5,5,5,5,5,5,5,5,5,5,5,5,5,5,5,5,5,5,5,5,5,5,5,5,5,5,5,5,5,5,5,5,5,5,5,5,5,5,5,5,5,5,5,5,5,5,5,5,5,5,5,5,5,5,5,5,5,5,5,5,5,5,5,5,5,5,5,5,5,5,5,5,5,5,5,5,5,5,5,5,5,5,5,5,5,5,5,5,5,5,5,5,5,5,5,5,5,5,5,5,5,5,5,5,5,5,5,5,5,5,5,5,5,5,5,5,5,5,5,5,5,5,5,5,5,5,5,5,5,5,5,5,5,5,5,5,5,5,5,5,5,5,5,5,5,5,5,5,5,5,5,5,5,5,5,5,5,5,5,5,5,5,5,5,5,5,5,5,5,5,5,5,5,5,5,5,5,5,5,5,5,5,5,5,5,5,5,5,5,5,5,5,5,5,5,5,5,5,5,5,5,5,5,5,5,5,5,5,5,5,5,5,5,5,5,5,5,5,5,5,5,5,5,5,5,5,5,5,5,5,5,5,5,5,5,5,5,5,5,5,5,5,5,5,5,5,5,5,5,5,5,5,5,5,5,5,5,5,5,5,5,5,5,5,5,5,5,5,5,5,5,5,5,5,5,5,5,5,5,5,5,5,5,5,5,5,5,5,5,5,5,5,5,5,5,5,5,5,5,5,5,5,5,5,5,5,5,5,5,5,5,5,5,5,5,5,5,5,5,5,5,5,5,5,5,5,5,5,5,5,5,5,5,5,5,5,5,5,5,5,5,5,5,5,5,5,5,5,5,5,5,5,5,5,5,5,5,5,5,5,5,5,5,5,5,5,5,5,5,5,5,5,5,5,5,5,5,5,5,5,5,5,5,5,5,5,5,5,5,5,5,5,5,5,5,5,5,5,5,5,5,5,5,5,5,5,5,5,5,5,5,5,5,5,5,5,5,5,5,5,5,5,5,5,5,5,5,5,5,5,5,5,5,5,5,5,5,5,5,5,5,5,5,5,5,5,5,5,5,5,5,5,5,5,5,5,5,5,5,5,5,5,5,5,5,5,5,5,5,5,5,5,5,5,5,5,5,5,5,5,5,5,5,5,5,5,5,5,5,5,5,5,5,5,5,5,5,5,5,5,5,5,5,5,5,5,5,5,5,5,5,5,5,5,5,5,5,5,5,5,5,5,5,5,5,5,5,5,5,5,5,5,5,5,5,5,5,5,5,5,5,5,5,5,5,5,5,5,5,5,5,5,5,5,5,5,5,5,5,5,5,5,5,5,5,5,5,5,5,5,5,5,5,5,5,5,5,5,5,5,5,5,5,5,5,5,5,5,5,5,5,5,5,5,5,5,5,5,5,5,5,5,5,5,5,5,5,5,5,5,5,5,5,5,5,5,5,5,5,5,5,5,5,5,5,5,5,5,5,5,5,5,5,5,5,5,5,5,5,5,5,5,5,5,5,5,5,5,5,5
Max Open Trades,1,1,1,int,Maximum concurrent positions,,,,,,,,,,,,,,,,,,,,,,,,,,,,,,,,,,,,,,,,,,,,,,,,,,,,,,,,,,,,,,,,,,,,,,,,,,,,,,,,,,,,,,,,,,,,,,,,,,,,,,,,,,,,,,,,,,,,,,,,,,,,,,,,,,,,,,,,,,,,,,,,,,,,,,,,,,,,,,,,,,,,,,,,,,,,,,,,,,,,,,,,,,,,,,,,,,,,,,,,,,,,,,,,,,,,,,,,,,,,,,,,,,,,,,,,,,,,,,,,,,,,,,,,,,,,,,,,,,,,,,,,,,,,,,,,,,,,,,,,,,,,,,,,,,,,,,,,,,,,,,,,,,,,,,,,,,,,,,,,,,,,,,,,,,,,,,,,,,,,,,,,,,,,,,,,,,,,,,,,,,,,,,,,,,,,,,,,,,,,,,,,,,,,,,,,,,,,,,,,,,,,,,,,,,,,,,,,,,,,,,,,,,,,,,,,,,,,,,,,,,,,,,,,,,,,,,,,,,,,,,,,,,,,,,,,,,,,,,,,,,,,,,,,,,,,,,,,,,,,,,,,,,,,,,,,,,,,,,,,,,,,,,,,,,,,,,,,,,,,,,,,,,,,,,,,,,,,,,,,,,,,,,,,,,,,,,,,,,,,,,,,,,,,,,,,,,,,,,,,,,,,,,,,,,,,,,,,,,,,,,,,,,,,,,,,,,,,,,,,,,,,,,,,,,,,,,,,,,,,,,,,,,,,,,,,,,,,,,,,,,,,,,,,,,,,,,,,,,,,,,,,,,,,,,,,,,,,,,,,,,,,,,,,,,,,,,,,,,,,,,,,,,,,,,,,,,,,,,,,,,,,,,,,,,,,,,,,,,,,,,,,,,,,,,,,,,,,,,,,,,,,,,,,,,,,,,,,,,,,,,,,,,,,,,,,,,,,,,,,,,,,,,,,,,,,,,,,,,,,,,,,,,,,,,,,,,,,,,,,,,,,,,,,,,,,,,,,,,,,,,,,,,,,,,,,,,,,,,,,,,,,,,,,,,,,,,,,,,,,,,,,,,,,,,,,,,,,,,,,,,,,,,,,,,,,,,,,,,,,,,,,,,,,,,,,,,,,,,,,,,,,,,,,,,,,,,,,,,,,,,,,,,,,,,,,,,,,,,,,,,,,,,,,,,,,,,,,,,,,,,,,,,,,,,,,,,,,,,,,,,,,,,,,,,,,,,,,,,,,,,,,,,,
Transaction Cost (Per Trade),20,20,20,float,Estimated friction per trade (Slippage + Commissions) to realistic PnL. E.g. $4 comm + $12.50 slip = 16.5,,,,,,,,,,,,,,,,,,,,,,,,,,,,,,,,,,,,,,,,,,,,,,,,,,,,,,,,,,,,,,,,,,,,,,,,,,,,,,,,,,,,,,,,,,,,,,,,,,,,,,,,,,,,,,,,,,,,,,,,,,,,,,,,,,,,,,,,,,,,,,,,,,,,,,,,,,,,,,,,,,,,,,,,,,,,,,,,,,,,,,,,,,,,,,,,,,,,,,,,,,,,,,,,,,,,,,,,,,,,,,,,,,,,,,,,,,,,,,,,,,,,,,,,,,,,,,,,,,,,,,,,,,,,,,,,,,,,,,,,,,,,,,,,,,,,,,,,,,,,,,,,,,,,,,,,,,,,,,,,,,,,,,,,,,,,,,,,,,,,,,,,,,,,,,,,,,,,,,,,,,,,,,,,,,,,,,,,,,,,,,,,,,,,,,,,,,,,,,,,,,,,,,,,,,,,,,,,,,,,,,,,,,,,,,,,,,,,,,,,,,,,,,,,,,,,,,,,,,,,,,,,,,,,,,,,,,,,,,,,,,,,,,,,,,,,,,,,,,,,,,,,,,,,,,,,,,,,,,,,,,,,,,,,,,,,,,,,,,,,,,,,,,,,,,,,,,,,,,,,,,,,,,,,,,,,,,,,,,,,,,,,,,,,,,,,,,,,,,,,,,,,,,,,,,,,,,,,,,,,,,,,,,,,,,,,,,,,,,,,,,,,,,,,,,,,,,,,,,,,,,,,,,,,,,,,,,,,,,,,,,,,,,,,,,,,,,,,,,,,,,,,,,,,,,,,,,,,,,,,,,,,,,,,,,,,,,,,,,,,,,,,,,,,,,,,,,,,,,,,,,,,,,,,,,,,,,,,,,,,,,,,,,,,,,,,,,,,,,,,,,,,,,,,,,,,,,,,,,,,,,,,,,,,,,,,,,,,,,,,,,,,,,,,,,,,,,,,,,,,,,,,,,,,,,,,,,,,,,,,,,,,,,,,,,,,,,,,,,,,,,,,,,,,,,,,,,,,,,,,,,,,,,,,,,,,,,,,,,,,,,,,,,,,,,,,,,,,,,,,,,,,,,,,,,,,,,,,,,,,,,,,,,,,,,,,,,,,,,,,,,,,,,,,,,,,,,,,,,,,,,,,,,,,,,,,,,,,,,,,,,,,,,,,,,,,,,,,,,,,,,,,,,,,,,,,,,,,,,,,,,,,,,,,,,,,,,,,,,,,,,,,,,,
=== TAKE PROFIT CRITERIA ===,,,,,,,,,,,,,,,,,,,,,,,,,,,,,,,,,,,,,,,,,,,,,,,,,,,,,,,,,,,,,,,,,,,,,,,,,,,,,,,,,,,,,,,,,,,,,,,,,,,,,,,,,,,,,,,,,,,,,,,,,,,,,,,,,,,,,,,,,,,,,,,,,,,,,,,,,,,,,,,,,,,,,,,,,,,,,,,,,,,,,,,,,,,,,,,,,,,,,,,,,,,,,,,,,,,,,,,,,,,,,,,,,,,,,,,,,,,,,,,,,,,,,,,,,,,,,,,,,,,,,,,,,,,,,,,,,,,,,,,,,,,,,,,,,,,,,,,,,,,,,,,,,,,,,,,,,,,,,,,,,,,,,,,,,,,,,,,,,,,,,,,,,,,,,,,,,,,,,,,,,,,,,,,,,,,,,,,,,,,,,,,,,,,,,,,,,,,,,,,,,,,,,,,,,,,,,,,,,,,,,,,,,,,,,,,,,,,,,,,,,,,,,,,,,,,,,,,,,,,,,,,,,,,,,,,,,,,,,,,,,,,,,,,,,,,,,,,,,,,,,,,,,,,,,,,,,,,,,,,,,,,,,,,,,,,,,,,,,,,,,,,,,,,,,,,,,,,,,,,,,,,,,,,,,,,,,,,,,,,,,,,,,,,,,,,,,,,,,,,,,,,,,,,,,,,,,,,,,,,,,,,,,,,,,,,,,,,,,,,,,,,,,,,,,,,,,,,,,,,,,,,,,,,,,,,,,,,,,,,,,,,,,,,,,,,,,,,,,,,,,,,,,,,,,,,,,,,,,,,,,,,,,,,,,,,,,,,,,,,,,,,,,,,,,,,,,,,,,,,,,,,,,,,,,,,,,,,,,,,,,,,,,,,,,,,,,,,,,,,,,,,,,,,,,,,,,,,,,,,,,,,,,,,,,,,,,,,,,,,,,,,,,,,,,,,,,,,,,,,,,,,,,,,,,,,,,,,,,,,,,,,,,,,,,,,,,,,,,,,,,,,,,,,,,,,,,,,,,,,,,,,,,,,,,,,,,,,,,,,,,,,,,,,,,,,,,,,,,,,,,,,,,,,,,,,,,,,,,,,,,,,,,,,,,,,,,,,,,,,,,,,,,,,,,,,,,,,,,,,,,,,,,,,,,,,,,,,,,,,,,,,,,,,,,,,,,,,,,,,,,,,,,,,,,,,,,,,,,,,,,,,,,,,,,,,,,,,,,,,,,,,,,,,,,,,,
TP Method,0,0,2,int,"Take profit method (0=Fixed BB at Entry, 1=Fixed ATR, 2=Opposite BB) - OPTIMIZABLE",,,,,,,,,,,,,,,,,,,,,,,,,,,,,,,,,,,,,,,,,,,,,,,,,,,,,,,,,,,,,,,,,,,,,,,,,,,,,,,,,,,,,,,,,,,,,,,,,,,,,,,,,,,,,,,,,,,,,,,,,,,,,,,,,,,,,,,,,,,,,,,,,,,,,,,,,,,,,,,,,,,,,,,,,,,,,,,,,,,,,,,,,,,,,,,,,,,,,,,,,,,,,,,,,,,,,,,,,,,,,,,,,,,,,,,,,,,,,,,,,,,,,,,,,,,,,,,,,,,,,,,,,,,,,,,,,,,,,,,,,,,,,,,,,,,,,,,,,,,,,,,,,,,,,,,,,,,,,,,,,,,,,,,,,,,,,,,,,,,,,,,,,,,,,,,,,,,,,,,,,,,,,,,,,,,,,,,,,,,,,,,,,,,,,,,,,,,,,,,,,,,,,,,,,,,,,,,,,,,,,,,,,,,,,,,,,,,,,,,,,,,,,,,,,,,,,,,,,,,,,,,,,,,,,,,,,,,,,,,,,,,,,,,,,,,,,,,,,,,,,,,,,,,,,,,,,,,,,,,,,,,,,,,,,,,,,,,,,,,,,,,,,,,,,,,,,,,,,,,,,,,,,,,,,,,,,,,,,,,,,,,,,,,,,,,,,,,,,,,,,,,,,,,,,,,,,,,,,,,,,,,,,,,,,,,,,,,,,,,,,,,,,,,,,,,,,,,,,,,,,,,,,,,,,,,,,,,,,,,,,,,,,,,,,,,,,,,,,,,,,,,,,,,,,,,,,,,,,,,,,,,,,,,,,,,,,,,,,,,,,,,,,,,,,,,,,,,,,,,,,,,,,,,,,,,,,,,,,,,,,,,,,,,,,,,,,,,,,,,,,,,,,,,,,,,,,,,,,,,,,,,,,,,,,,,,,,,,,,,,,,,,,,,,,,,,,,,,,,,,,,,,,,,,,,,,,,,,,,,,,,,,,,,,,,,,,,,,,,,,,,,,,,,,,,,,,,,,,,,,,,,,,,,,,,,,,,,,,,,,,,,,,,,,,,,,,,,,,,,,,,,,,,,,,,,,,,,,,,,,,,,,,,,,,,,,,,,,,,,,,,,,,,,,,,,,,,,,,,,,,,,,,,,,,,,,,,,,,,,,,,,,,,,,,,,,,,,,,,,,,,,,,,,,,,,,,,,,,,,,,,,,,,,,,,,,,,,,,,,,,,,,,,,
Opposite Bollinger Band TP,false,false,false,bool,FIXED: Controlled by TP Method (do not optimize directly),False,False,False,False,False,False,False,False,False,False,False,False,False,False,False,False,False,False,False,False,False,False,False,False,False,False,False,False,False,False,False,False,False,False,False,False,False,False,False,False,False,False,False,False,False,False,False,False,False,False,False,False,False,False,False,False,False,False,False,False,False,False,False,False,False,False,False,False,False,False,False,False,False,False,False,False,False,False,False,False,False,False,False,False,False,False,False,False,False,False,False,False,False,False,False,False,False,False,False,False,False,False,False,False,False,False,False,False,False,False,False,False,False,False,False,False,False,False,False,False,False,False,False,False,False,False,False,False,False,False,False,False,False,False,False,False,False,False,False,False,False,False,False,False,False,False,False,False,False,False,False,False,False,False,False,False,False,False,False,False,False,False,False,False,False,False,False,False,False,False,False,False,False,False,False,False,False,False,False,False,False,False,False,False,False,False,False,False,False,False,False,False,False,False,False,False,False,False,False,False,False,False,False,False,False,False,False,False,False,False,False,False,False,False,False,False,False,False,False,False,False,False,False,False,False,False,False,False,False,False,False,False,False,False,False,False,False,False,False,False,False,False,False,False,False,False,False,False,False,False,False,False,False,False,False,False,False,False,False,False,False,False,False,False,False,False,False,False,False,False,False,False,False,False,False,False,False,False,False,False,False,False,False,False,False,False,False,False,False,False,False,False,False,False,False,False,False,False,False,False,False,False,False,False,False,False,False,False,False,False,False,False,False,False,False,False,False,False,False,False,False,False,False,False,False,False,False,False,False,False,False,False,False,False,False,False,False,False,False,False,False,False,False,False,False,False,False,False,False,False,False,False,False,False,False,False,False,False,False,False,False,False,False,False,False,False,False,False,False,False,False,False,False,False,False,False,False,False,False,False,False,False,False,False,False,False,False,False,False,False,False,False,False,False,False,False,False,False,False,False,False,False,False,False,False,False,False,False,False,False,False,False,False,False,False,False,False,False,False,False,False,False,False,False,False,False,False,False,False,False,False,False,False,False,False,False,False,False,False,False,False,False,False,False,False,False,False,False,False,False,False,False,False,False,False,False,False,False,False,False,False,False,False,False,False,False,False,False,False,False,False,False,False,False,False,False,False,False,False,False,False,False,False,False,False,False,False,False,False,False,False,False,False,False,False,False,False,False,False,False,False,False,False,False,False,False,False,False,False,False,False,False,False,False,False,False,False,False,False,False,False,False,False,False,False,False,False,False,False,False,False,False,False,False,False,False,False,False,False,False,False,False,False,False,False,False,False,False,False,False,False,False,False,False,False,False,False,False,False,False,False,False,False,False,False,False,False,False,False,False,False,False,False,False,False,False,False,False,False,False,False,False,False,False,False,False,False,False,False,False,False,False,False,False,False,False,False,False,False,False,False,False,False,False,False,False,False,False,False,False,False,False,False,False,False,False,False,False,False,False,False,False,False,False,False,False,False,False,False,False,False,False,False,False,False,False,False,False,False,False,False,False,False,False,False,False,False,False,False,False,False,False,False,False,False,False,False,False,False,False,False,False,False,False,False,False,False,False,False,False,False,False,False,False,False,False,False,False,False,False,False,False,False,False,False,False,False,False,False,False,False,False,False,False,False,False,False,False,False,False,False,False,False,False,False,False,False,False,False,False,False,False,False,False,False,False,False,False,False,False,False,False,False,False,False,False,False,False,False,False,False,False,False,False,False,False,False,False,False,False,False,False,False,False,False,False,False,False,False,False,False,False,False,False,False,False,False,False,False,False,False,False,False,False,False,False,False,False,False,False,False,False,False,False,False,False,False,False,False,False,False,False,False,False,False,False,False,False,False,False,False,False,False,False,False,False,False,False,False,False,False,False,False,False,False,False,False,False,False,False,False,False,False,False,False,False,False,False,False,False,False,False,False,False,False,False,False,False,False,False,False,False,False,False,False,False,False,False,False,False,False,False,False,False,False,False,False,False,False,False,False,False,False,False,False,False,False,False,False,False,False,False,False,False,False,False,False,False,False,False,False,False,False,False,False,False,False,False,False,False,False,False,False,False,False,False,False,False,False,False,False,False,False,False,False,False,False,False,False,False,False,False,False,False,False,False,False,False,False,False,False,False,False,False,False,False,False,False,False,False,False,False,False,False,False,False,False,False,False,False,False,False,False,False,False,False,False,False,False,False,False,False,False,False,False,False,False,False,False,False,False,False,False,False,False,False,False,False,False,False,False,False,False,False,False,False,False,False,False,False,False,False,False,False,False,False,False,False,False,False,False,False,False,False,False,False,False,False,False,False,False,False,False,False,False,False,False,False,False,False,False,False,False,False,False,False,False,False,False,False,False,False,False,False,False,False,False,False,False,False,False,False,False,False,False,False,False,False,False,False,False,False,False,False,False,False,False,False,False,False,False,False,False,False,False,False,False,False,False,False,False,False,False,False,False,False,False,False,False,False,False,False,False,False,False,False,False,False,False,False,False,False,False,False,False,False,False,False,False,False,False,False,False,False,False,False,False,False,False,False,False,False,False,False,False,False,False,False,False,False,False,False,False,False,False,False,False
Fixed ATR TP,false,false,false,bool,FIXED: Controlled by TP Method (do not optimize directly),True,True,True,True,True,True,True,True,True,True,True,True,True,True,True,True,True,True,True,True,True,True,True,True,True,True,True,True,True,True,True,True,True,True,True,True,True,True,True,True,True,True,True,True,True,True,True,True,True,True,True,True,True,True,True,True,True,True,True,True,True,True,True,True,True,True,True,True,True,True,True,True,True,True,True,True,True,True,True,True,True,True,True,True,True,True,True,True,True,True,True,True,True,True,True,True,True,True,True,True,True,True,True,True,True,True,True,True,True,True,True,True,True,True,True,True,True,True,True,True,True,True,True,True,True,True,True,True,True,True,True,True,True,True,True,True,True,True,True,True,True,True,True,True,True,True,True,True,True,True,True,True,True,True,True,True,True,True,True,True,True,True,True,True,True,True,True,True,True,True,True,True,True,True,True,True,True,True,True,True,True,True,True,True,True,True,True,True,True,True,True,True,True,True,True,True,True,True,True,True,True,True,True,True,True,True,True,True,True,True,True,True,True,True,True,True,True,True,True,True,True,True,True,True,True,True,True,True,True,True,True,True,True,True,True,True,True,True,True,True,True,True,True,True,True,True,True,True,True,True,True,True,True,True,True,True,True,True,True,True,True,True,True,True,True,True,True,True,True,True,True,True,True,True,True,True,True,True,True,True,True,True,True,True,True,True,True,True,True,True,True,True,True,True,True,True,True,True,True,True,True,True,True,True,True,True,True,True,True,True,True,True,True,True,True,True,True,True,True,True,True,True,True,True,True,True,True,True,True,True,True,True,True,True,True,True,True,True,True,True,True,True,True,True,True,True,True,True,True,True,True,True,True,True,True,True,True,True,True,True,True,True,True,True,True,True,True,True,True,True,True,True,True,True,True,True,True,True,True,True,True,True,True,True,True,True,True,True,True,True,True,True,True,True,True,True,True,True,True,True,True,True,True,True,True,True,True,True,True,True,True,True,True,True,True,True,True,True,True,True,True,True,True,True,True,True,True,True,True,True,True,True,True,True,True,True,True,True,True,True,True,True,True,True,True,True,True,True,True,True,True,True,True,True,True,True,True,True,True,True,True,True,True,True,True,True,True,True,True,True,True,True,True,True,True,True,True,True,True,True,True,True,True,True,True,True,True,True,True,True,True,True,True,True,True,True,True,True,True,True,True,True,True,True,True,True,True,True,True,True,True,True,True,True,True,True,True,True,True,True,True,True,True,True,True,True,True,True,True,True,True,True,True,True,True,True,True,True,True,True,True,True,True,True,True,True,True,True,True,True,True,True,True,True,True,True,True,True,True,True,True,True,True,True,True,True,True,True,True,True,True,True,True,True,True,True,True,True,True,True,True,True,True,True,True,True,True,True,True,True,True,True,True,True,True,True,True,True,True,True,True,True,True,True,True,True,True,True,True,True,True,True,True,True,True,True,True,True,True,True,True,True,True,True,True,True,True,True,True,True,True,True,True,True,True,True,True,True,True,True,True,True,True,True,True,True,True,True,True,True,True,True,True,True,True,True,True,True,True,True,True,True,True,True,True,True,True,True,True,True,True,True,True,True,True,True,True,True,True,True,True,True,True,True,True,True,True,True,True,True,True,True,True,True,True,True,True,True,True,True,True,True,True,True,True,True,True,True,True,True,True,True,True,True,True,True,True,True,True,True,True,True,True,True,True,True,True,True,True,True,True,True,True,True,True,True,True,True,True,True,True,True,True,True,True,True,True,True,True,True,True,True,True,True,True,True,True,True,True,True,True,True,True,True,True,True,True,True,True,True,True,True,True,True,True,True,True,True,True,True,True,True,True,True,True,True,True,True,True,True,True,True,True,True,True,True,True,True,True,True,True,True,True,True,True,True,True,True,True,True,True,True,True,True,True,True,True,True,True,True,True,True,True,True,True,True,True,True,True,True,True,True,True,True,True,True,True,True,True,True,True,True,True,True,True,True,True,True,True,True,True,True,True,True,True,True,True,True,True,True,True,True,True,True,True,True,True,True,True,True,True,True,True,True,True,True,True,True,True,True,True,True,True,True,True,True,True,True,True,True,True,True,True,True,True,True,True,True,True,True,True,True,True,True,True,True,True,True,True,True,True,True,True,True,True,True,True,True,True,True,True,True,True,True,True,True,True,True,True,True,True,True,True,True,True,True,True,True,True,True,True,True,True,True,True,True,True,True,True,True,True,True,True,True,True,True,True,True,True,True,True,True,True,True,True,True,True,True,True,True,True,True,True,True,True,True,True,True,True,True,True,True,True,True,True,True,True,True,True,True,True,True,True,True,True,True,True,True,True,True,True,True,True,True,True,True,True,True,True,True,True,True,True,True,True,True,True,True,True,True,True,True,True,True,True,True,True,True,True,True,True,True,True,True,True,True,True,True,True,True,True,True,True,True,True,True,True,True,True,True,True,True,True,True,True,True,True,True,True,True,True,True,True,True,True,True,True,True,True,True,True,True,True,True,True,True,True,True,True,True,True,True,True,True,True,True,True,True,True,True,True,True,True,True,True,True,True,True,True,True,True,True,True,True,True,True,True
Fixed BB at Entry TP,true,true,true,bool,FIXED: Controlled by TP Method (do not optimize directly),False,False,False,False,False,False,False,False,False,False,False,False,False,False,False,False,False,False,False,False,False,False,False,False,False,False,False,False,False,False,False,False,False,False,False,False,False,False,False,False,False,False,False,False,False,False,False,False,False,False,False,False,False,False,False,False,False,False,False,False,False,False,False,False,False,False,False,False,False,False,False,False,False,False,False,False,False,False,False,False,False,False,False,False,False,False,False,False,False,False,False,False,False,False,False,False,False,False,False,False,False,False,False,False,False,False,False,False,False,False,False,False,False,False,False,False,False,False,False,False,False,False,False,False,False,False,False,False,False,False,False,False,False,False,False,False,False,False,False,False,False,False,False,False,False,False,False,False,False,False,False,False,False,False,False,False,False,False,False,False,False,False,False,False,False,False,False,False,False,False,False,False,False,False,False,False,False,False,False,False,False,False,False,False,False,False,False,False,False,False,False,False,False,False,False,False,False,False,False,False,False,False,False,False,False,False,False,False,False,False,False,False,False,False,False,False,False,False,False,False,False,False,False,False,False,False,False,False,False,False,False,False,False,False,False,False,False,False,False,False,False,False,False,False,False,False,False,False,False,False,False,False,False,False,False,False,False,False,False,False,False,False,False,False,False,False,False,False,False,False,False,False,False,False,False,False,False,False,False,False,False,False,False,False,False,False,False,False,False,False,False,False,False,False,False,False,False,False,False,False,False,False,False,False,False,False,False,False,False,False,False,False,False,False,False,False,False,False,False,False,False,False,False,False,False,False,False,False,False,False,False,False,False,False,False,False,False,False,False,False,False,False,False,False,False,False,False,False,False,False,False,False,False,False,False,False,False,False,False,False,False,False,False,False,False,False,False,False,False,False,False,False,False,False,False,False,False,False,False,False,False,False,False,False,False,False,False,False,False,False,False,False,False,False,False,False,False,False,False,False,False,False,False,False,False,False,False,False,False,False,False,False,False,False,False,False,False,False,False,False,False,False,False,False,False,False,False,False,False,False,False,False,False,False,False,False,False,False,False,False,False,False,False,False,False,False,False,False,False,False,False,False,False,False,False,False,False,False,False,False,False,False,False,False,False,False,False,False,False,False,False,False,False,False,False,False,False,False,False,False,False,False,False,False,False,False,False,False,False,False,False,False,False,False,False,False,False,False,False,False,False,False,False,False,False,False,False,False,False,False,False,False,False,False,False,False,False,False,False,False,False,False,False,False,False,False,False,False,False,False,False,False,False,False,False,False,False,False,False,False,False,False,False,False,False,False,False,False,False,False,False,False,False,False,False,False,False,False,False,False,False,False,False,False,False,False,False,False,False,False,False,False,False,False,False,False,False,False,False,False,False,False,False,False,False,False,False,False,False,False,False,False,False,False,False,False,False,False,False,False,False,False,False,False,False,False,False,False,False,False,False,False,False,False,False,False,False,False,False,False,False,False,False,False,False,False,False,False,False,False,False,False,False,False,False,False,False,False,False,False,False,False,False,False,False,False,False,False,False,False,False,False,False,False,False,False,False,False,False,False,False,False,False,False,False,False,False,False,False,False,False,False,False,False,False,False,False,False,False,False,False,False,False,False,False,False,False,False,False,False,False,False,False,False,False,False,False,False,False,False,False,False,False,False,False,False,False,False,False,False,False,False,False,False,False,False,False,False,False,False,False,False,False,False,False,False,False,False,False,False,False,False,False,False,False,False,False,False,False,False,False,False,False,False,False,False,False,False,False,False,False,False,False,False,False,False,False,False,False,False,False,False,False,False,False,False,False,False,False,False,False,False,False,False,False,False,False,False,False,False,False,False,False,False,False,False,False,False,False,False,False,False,False,False,False,False,False,False,False,False,False,False,False,False,False,False,False,False,False,False,False,False,False,False,False,False,False,False,False,False,False,False,False,False,False,False,False,False,False,False,False,False,False,False,False,False,False,False,False,False,False,False,False,False,False,False,False,False,False,False,False,False,False,False,False,False,False,False,False,False,False,False,False,False,False,False,False,False,False,False,False,False,False,False,False,False,False,False,False,False,False,False,False,False,False,False,False,False,False,False,False,False,False,False,False,False,False,False,False,False,False,False,False,False,False,False,False,False,False,False,False,False,False,False,False,False,False,False,False,False,False,False,False,False,False,False,False,False,False,False,False,False,False,False,False,False,False,False,False,False,False,False,False,False,False,False,False,False,False,False,False,False,False,False,False,False,False,False,False,False,False,False,False,False,False,False,False,False,False,False,False,False,False,False,False,False,False,False,False,False,False,False,False,False,False,False,False,False,False,False,False,False,False,False,False,False,False,False,False,False,False,False,False,False,False,False,False,False,False,False,False,False,False,False,False,False,False,False,False,False,False,False,False,False,False,False,False,False,False,False,False,False,False,False,False,False,False,False,False,False,False,False,False,False,False,False,False,False,False,False,False,False,False,False,False,False,False,False,False,False,False,False,False,False,False,False,False,False,False,False,False,False,False,False,False,False,False,False,False,False,False,False,False,False,False,False,False,False,False,False,False,False,False,False,False,False,False,False,False,False,False,False,False,False,False,False,False
ATR Length for TP,26,5,80,int,ATR period for fixed TP,31,31,31,31,31,31,31,31,31,31,31,31,31,31,31,31,31,31,31,31,31,31,31,31,31,31,31,31,31,31,31,31,31,31,31,31,31,31,31,31,31,31,31,31,31,31,31,31,31,31,31,31,31,31,31,31,31,31,31,31,31,31,31,31,31,31,31,31,31,31,31,31,31,31,31,31,31,31,31,31,31,31,31,31,31,31,31,31,31,31,31,31,31,31,31,31,31,31,31,31,31,31,31,31,31,31,31,31,31,31,31,31,31,31,31,31,31,31,31,31,31,31,31,31,31,31,31,31,31,31,31,31,31,31,31,31,31,31,31,31,31,31,31,31,31,31,31,31,31,31,31,31,31,31,31,31,31,31,31,31,31,31,31,31,31,31,31,31,31,31,31,31,31,31,31,31,31,31,31,31,31,31,31,31,31,31,31,31,31,31,31,31,31,31,31,31,31,31,31,31,31,31,31,31,31,31,31,31,31,31,31,31,31,31,31,31,31,31,31,31,31,31,31,31,31,31,31,31,31,31,31,31,31,31,31,31,31,31,31,31,31,31,31,31,31,31,31,31,31,31,31,31,31,31,31,31,31,31,31,31,31,31,31,31,31,31,31,31,31,31,31,31,31,31,31,31,31,31,31,31,31,31,31,31,31,31,31,31,31,31,31,31,31,31,31,31,31,31,31,31,31,31,31,31,31,31,31,31,31,31,31,31,31,31,31,31,31,31,31,31,31,31,31,31,31,31,31,31,31,31,31,31,31,31,31,31,31,31,31,31,31,31,31,31,31,31,31,31,31,31,31,31,31,31,31,31,31,31,31,31,31,31,31,31,31,31,31,31,31,31,31,31,31,32,31,31,31,31,31,31,31,31,31,31,31,31,31,31,31,31,31,31,31,31,31,31,31,31,31,31,31,31,31,31,31,31,31,31,31,31,31,31,31,31,31,31,31,31,31,31,31,31,31,31,31,31,31,31,31,31,31,31,31,31,31,31,31,31,31,31,31,31,31,31,31,31,31,31,31,31,31,31,31,31,31,31,31,31,31,31,31,31,31,31,31,31,31,31,31,31,31,31,31,31,31,31,31,31,31,31,31,31,31,31,31,31,31,31,31,31,31,31,31,31,31,31,31,31,31,31,31,31,31,31,31,31,31,31,31,31,31,31,31,31,31,31,31,31,31,31,31,31,31,31,31,31,31,31,31,31,31,31,31,31,31,31,31,31,31,31,31,31,31,31,31,31,31,31,31,31,31,31,31,31,31,31,31,31,31,31,31,31,31,31,31,31,31,31,31,31,31,31,31,31,31,31,31,31,31,31,31,31,36,31,31,31,31,31,31,31,31,31,31,31,31,31,31,31,31,31,31,31,31,31,31,31,31,31,31,31,31,31,31,31,31,31,31,31,31,31,31,31,31,31,31,31,31,31,31,31,31,31,31,31,31,31,31,31,31,31,31,31,31,31,31,31,31,36,31,31,31,31,31,31,31,31,31,31,31,31,31,31,31,31,31,31,31,31,31,31,31,31,31,31,31,31,31,31,31,31,31,31,31,36,31,31,31,31,31,31,31,31,31,31,31,31,31,31,31,31,31,31,31,31,31,31,31,31,31,31,31,31,31,31,31,31,31,31,31,31,31,31,31,31,31,31,31,31,31,32,31,31,31,31,31,31,31,31,31,31,31,31,31,31,31,31,31,31,31,31,31,31,31,31,31,31,31,31,31,31,31,31,31,31,31,31,31,31,31,31,31,31,31,31,31,31,31,31,31,31,31,31,31,31,31,31,31,31,31,31,31,31,31,31,31,31,31,31,31,31,31,31,31,31,31,31,31,31,31,31,31,31,31,31,31,31,31,31,31,31,31,31,31,31,31,31,31,31,31,31,31,31,31,31,31,31,31,31,31,31,31,31,31,31,31,31,31,31,31,31,31,31,31,31,31,31,31,31,31,31,31,31,31,31,31,31,31,31,31,31,31,31,31,31,31,31,31,31,31,31,31,31,31,31,31,31,31,31,31,31,31,31,31,31,31,31,31,31,31,31,31,31,30,31,31,31,31,31,31,31,31,31,31,31,31,31,31,31,31,31,31,31,31,31,31,31,31,31,31,31,31,31,31,31,31,31,31,31,31,31,31,31,31,31,31,31,31,31,31,31,31,31,31,31,31,31,31,31,31,31,31,31,31,31,31,31,31,31,31,31,31,31,31,31,31,31,31,31,31,31,31,31,31,31,31,31,31,31,31,31,31,31,31,31,31,31,31,31,31,31,31,31,31,31,31,31,31,31,31,31,31,31,31,31,31,31,31,31,31,31,31,31,31,31,31,31,31,31,31,31,31,31,31,31,31,31,31,31,31,31,31,31,31,31,31,31,31,31,31,31,30,31,31,31,31,31,31,31,31,31,31,31,31,31,31,31,31,31,31,31,31,31,31,31,31,31,31,31,31,31,32,31,31,31,31,31,31,31,31,31,31,31,31,30,31,31,31,31,31,31,31,31,31,31,31,31,31
ATR Multiplier for TP,2,0,6,float,Fixed TP ATR multiplier - reduced max to prevent overfitting,3.9805,3.9936,3.9776,3.9814,3.9923,3.9708,4.0113,3.9814,3.9847,3.9703,3.9769,3.9396,3.9396,3.9825,3.983,3.9918,3.9779,3.9765,3.9619,3.9104,3.9847,3.9104,3.9728,3.9807,3.9362,3.9845,3.9818,3.9798,3.9815,3.9796,3.9695,3.9852,3.9793,3.979,3.9835,3.9728,3.9751,3.9695,3.9808,3.9599,3.9818,3.959,3.9624,3.9815,3.9864,3.9704,3.9845,3.9223,3.9783,3.9627,4.0122,3.969,3.9798,3.9523,3.985,3.991,3.9466,3.968,3.9847,3.9837,3.9429,3.981,3.9671,3.9931,3.9894,3.972,3.9815,3.9796,3.9817,3.9661,3.9818,3.9752,3.9627,3.9747,3.9652,3.9623,3.9965,3.9796,3.9861,3.9804,3.9796,3.9614,3.9796,3.9746,3.9704,3.9652,3.9847,3.9829,3.982,3.9365,3.9556,3.984,3.9847,3.975,3.9726,3.9176,3.9844,3.981,3.9843,3.9667,3.969,3.9704,3.9076,3.9684,3.9892,3.9941,3.9195,3.9769,3.9845,3.9877,3.9656,3.9347,3.9883,3.9746,3.9692,3.9785,3.9811,3.976,3.9672,3.9485,3.9763,3.9547,3.9796,3.951,4.0023,3.9723,3.9855,3.9544,3.978,3.9764,3.9761,3.9758,3.9667,3.9751,3.9839,3.9804,3.9588,3.9571,3.9555,3.9793,3.9902,3.9857,3.9806,3.9641,3.9532,3.9738,3.9656,3.9887,3.96,3.9889,3.9593,3.9639,3.994,3.9811,3.9811,3.9784,3.9708,3.9738,3.975,3.9923,3.9658,3.9671,3.9671,3.9671,3.9761,3.9358,3.9749,3.9764,3.9876,3.9416,3.9195,3.9685,3.9877,3.9125,3.9799,3.9374,3.9952,3.9811,4.0199,3.9861,3.9259,3.9741,3.9891,3.988,3.984,3.9816,3.9259,3.9889,3.9772,3.9891,3.9738,3.9638,3.9636,3.9667,3.9759,3.9737,3.9737,3.9737,3.9752,3.9696,3.9626,3.9827,3.9125,3.9453,3.9487,3.9649,3.9688,3.9528,3.9708,3.9882,3.9631,3.9868,3.9247,3.9247,3.9584,3.9808,3.955,3.9706,3.9583,3.9555,3.9859,3.9566,3.9799,3.9503,3.9975,3.9806,3.9867,3.9844,3.9825,3.9837,3.9424,3.9811,3.9723,3.9806,3.9503,3.9764,4.0088,3.966,3.9733,4.0268,3.9916,3.9843,3.979,3.9796,3.9861,3.9808,3.9762,3.979,3.9657,3.783,3.9909,3.9906,3.6879,3.9748,3.975,3.9934,3.9647,3.9744,3.9023,3.9611,3.9805,3.9601,3.9738,4.0014,3.9522,3.9789,3.9623,4.0225,3.9672,3.9718,3.9795,3.9082,3.9585,3.9619,3.9739,3.9792,3.9666,3.8892,3.9701,3.9734,3.9746,3.9817,3.9574,3.9928,3.9792,3.9898,3.9825,3.9747,3.9895,3.982,3.9989,3.9732,3.9756,3.9518,3.9848,3.9861,3.9911,3.9693,3.9746,3.9546,3.9692,3.9861,3.9572,3.9862,3.9783,3.9896,3.9914,3.9698,3.9698,3.9756,3.9816,3.9716,3.9513,3.9926,3.9597,3.9177,3.9791,3.9771,3.9397,3.9578,3.9544,3.9637,3.9305,3.9925,3.9673,3.9779,3.9713,3.9601,3.9814,3.9931,3.9561,3.9924,3.9906,3.9887,3.9847,3.966,3.975,3.9725,3.9981,3.9919,3.9771,3.9669,3.9837,3.9678,3.9703,3.987,3.9757,3.9639,3.9975,3.8924,3.972,3.9811,3.9802,3.9452,3.983,3.9329,3.9854,3.9754,3.9608,3.977,4.01,3.9744,3.9834,3.9903,3.9706,3.9864,3.9616,3.9604,3.9689,3.9822,3.9877,3.9344,3.9962,3.8484,3.9709,3.984,3.9846,3.9745,3.9908,3.9841,3.9873,3.985,3.9651,3.9768,3.969,3.9368,3.9961,3.9035,3.9828,3.9622,3.9164,3.9781,3.991,3.9751,3.9468,3.95,3.9878,4.0364,3.9852,3.9035,3.9665,4.6676,3.9826,3.9726,3.9756,3.9911,3.9637,3.9635,3.9477,3.9258,3.98,3.9991,3.9786,3.9791,3.9812,3.9904,3.9725,3.9634,3.9933,3.9438,3.9662,3.9794,3.9875,3.9989,3.9704,3.9933,3.9548,3.9656,3.9809,3.9705,3.9809,3.9709,3.9783,3.9916,3.9035,3.9861,3.9796,3.9572,3.9751,3.9838,3.9736,3.9889,3.9511,3.9638,3.9342,3.9895,3.9661,3.9657,3.9924,3.9707,3.9803,3.9712,3.9307,3.972,3.9513,3.9247,3.9664,3.9604,3.9591,3.9584,3.9787,3.9825,3.9868,3.9877,3.9834,3.9701,3.9634,3.9879,3.9805,3.984,3.97,3.976,3.9951,3.9617,3.9913,3.9729,3.9733,3.9877,3.9688,4.0033,3.9723,3.9904,3.9776,3.9668,3.9666,3.9827,3.9717,3.9906,3.9608,3.9839,3.9566,3.9766,3.9841,3.9732,3.9779,3.9845,3.9193,3.9779,3.9651,4.0346,3.9825,3.9633,3.9705,3.9887,3.9948,3.9889,3.9693,3.9622,3.9817,3.9666,3.9875,3.9837,3.978,3.9775,3.9442,3.9287,3.9806,3.9457,3.9661,3.982,3.9196,3.934,3.9164,3.9797,3.9755,3.986,3.9707,4.0049,3.9939,3.9734,3.9714,3.9215,3.9982,3.9694,3.9747,3.9567,3.9829,3.994,3.9894,3.981,3.9442,3.9593,3.9763,3.9816,3.9579,3.9628,3.9701,3.9674,3.98,3.9924,3.9438,3.9129,3.9779,3.9871,3.8922,3.9794,3.968,3.9633,3.9693,3.9632,3.9978,3.9187,3.9926,3.9801,3.986,3.9774,3.9759,3.9799,3.9515,3.9691,3.9844,3.9941,3.9566,3.9894,3.9847,3.994,3.9411,3.9698,3.9396,3.9776,3.9714,3.9698,3.887,3.9791,3.9752,3.9892,3.9398,3.9796,3.9749,3.9641,3.9539,3.9814,3.9814,3.9814,3.9857,3.9857,3.9735,3.973,3.9845,3.9449,3.9552,3.9777,3.9968,3.9713,3.9757,3.9825,3.9792,3.9713,3.9749,3.9792,3.9828,3.9559,3.9799,3.9516,3.9191,3.9611,3.9648,3.8887,3.9569,3.9639,3.9545,3.9884,3.9631,3.9866,3.9823,3.9611,3.9743,3.9851,3.9584,3.9583,4.0082,4.018,3.9552,3.9671,3.9912,3.9566,3.9549,3.9357,3.9919,3.9569,3.9683,3.979,3.967,3.9703,3.9813,3.9897,3.9829,3.887,3.962,3.9847,3.9533,3.9619,3.9637,3.9642,3.9859,3.9798,3.9902,3.9849,3.9583,3.9486,3.9883,3.9859,3.9767,3.9692,3.9876,3.978,3.9734,3.8006,3.964,3.9992,3.9502,3.9811,3.9811,3.9847,3.9777,3.9536,3.9633,3.9747,4.0062,3.9537,4.0006,3.9738,3.9555,3.887,3.968,3.9857,3.9569,3.9717,3.9638,3.9856,3.9705,3.9417,3.9713,3.9962,3.9465,3.9737,3.9637,3.9897,3.9684,3.9786,3.9941,3.8826,3.975,3.9797,3.9693,3.96,3.959,3.9876,3.9404,3.9676,3.9519,3.9629,3.9758,3.9885,3.9718,3.8744,3.6227,3.9427,3.694,3.9876,3.931,3.9835,3.9744,3.963,4.0163,3.9861,3.9549,3.9777,3.9558,3.9494,3.9897,3.9035,3.936,3.9566,3.9484,3.9639,3.9832,3.9859,3.9582,3.9719,3.9707,4.0163,3.9876,3.9289,3.9718,3.9913,3.9335,3.9569,3.9615,3.9757,3.968,3.9582,3.9852,3.973,3.9565,3.9665,3.9569,3.9803,3.9588,3.972,3.9645,3.9481,3.9743,3.9527,3.9257,3.9973,3.9344,3.9781,3.9863,3.9766,3.9661,3.9869,3.9905,3.9749,3.9871,3.9971,3.958,3.9876,3.9404,3.9781,3.9658,3.9423,3.9495,3.957,3.9973,4.0003,3.9637,3.9594,3.7899,3.9787,3.9788,3.9637,3.9973,3.9787,3.9018,4.009,3.9803,3.9818,3.9699,3.9752,3.9926,3.9341,3.9939,3.9715,3.9758,3.9816,3.9967,3.9622,3.9887,3.9794,3.967,3.9862,3.986,3.9799,3.9421,4.0249,3.9769,3.9633,3.941,3.9401,3.955,3.9966,3.971,3.9746,3.9946,3.9691,3.9819,3.9757,3.8723,3.9641,3.969,3.9657,3.9686,3.981,3.9549,3.9742,3.9226,3.955,3.9519,3.9438,3.9834,3.9595,3.9506,3.9765,3.9765,3.9352,3.9846,3.9843,3.9684,3.967,3.9824,3.7944,3.9559,3.9806,3.9407,3.9333,3.978,3.9341,3.9199,3.9442,3.961,3.9817,3.9718,3.9814,3.95,3.962,3.9767,3.9988,3.9898,3.9841,3.9502,3.9649,3.9749,3.9865,3.9931,3.9691,3.9552,3.9759,3.9314,3.9815,3.9797,3.7944,3.9748,3.9603,3.9865,3.9753,3.9722,3.9845,3.9442,3.9709,3.9655,3.8159,3.9888,3.8116,3.9883,3.9803,3.9629,3.9902,3.8458,3.9653,3.96,3.9767,3.8782,3.9701,3.9743,3.9845,3.9964,3.9875,3.9549,3.9801,3.9632,3.9564,3.9457,3.9293,3.9736,3.909,3.9478,3.9515,3.9831,3.9858,3.9808,3.9709,3.9713,3.9719,3.9825,3.9791,3.9504,4.0296,3.8827,3.9919,3.7263,3.9825,3.9785,3.9825,3.9733,3.9618,3.942,3.9793,3.9904,3.9598,3.916,3.9905,3.9671,3.9664,3.9751,3.9583,3.9172,3.9873,3.9672,3.9698,3.9818,3.9405,3.9876,3.9598,3.9344,3.9617,3.9478,3.9881,3.9871,3.98,3.9944,3.9886,3.9781,3.9598,3.9673,3.9732,3.9745,3.8712,3.9891,3.9603,3.9618,3.9675,3.9876,3.9054,3.9823,3.9764,3.9123,3.9467,3.9875,3.9681,3.9272,3.8977,3.9149,3.9758,3.9911,3.969,3.9905,3.9265,3.9834,3.9633,3.965,3.8553,3.8741,3.9852,3.9882,3.9489,3.9579,3.9905,3.9852,3.9532,3.963,3.972,3.8873,3.9622,3.9828,3.9861,3.912,3.9767,3.9774,3.4388,3.9823,3.9766,3.9594,3.9446,3.916,3.9824,3.8547,3.9882,3.9702,3.9063,3.9015,3.9357,3.9576,3.8978,3.9795,3.8678,3.9671,3.9918,3.966,3.8979,3.9592,3.9818,3.915,3.9928,3.9012,3.9787,3.9755,3.8831,3.9852,3.9078,3.9755,3.9827,3.977,3.9773,3.9632,3.9603,3.9632,3.9853,3.8744,3.9576,3.8503,3.8705,3.9584,3.8375,3.9517,3.5136,3.9529,3.9597,3.9227,3.9472,3.8843,3.9597,3.6331,3.9372,3.8997,4.0051,3.9829,3.9919,3.796,3.9658,4.0077,3.9833,4.0028,3.8441,3.8557,4.0257,4.0257,3.9826,3.9901,3.9689,3.9609,3.9665,3.9214,3.9516,3.9685,3.9597,3.8974,3.8974,3.9805,3.982,4.0257,4.0022,3.8712,3.9658,3.9314,3.9006,3.9761,3.9358,3.955,3.9154,3.96,3.9293,3.9449,3.878,3.9474,3.9404,3.964
=== STOP LOSS CRITERIA ===,,,,,,,,,,,,,,,,,,,,,,,,,,,,,,,,,,,,,,,,,,,,,,,,,,,,,,,,,,,,,,,,,,,,,,,,,,,,,,,,,,,,,,,,,,,,,,,,,,,,,,,,,,,,,,,,,,,,,,,,,,,,,,,,,,,,,,,,,,,,,,,,,,,,,,,,,,,,,,,,,,,,,,,,,,,,,,,,,,,,,,,,,,,,,,,,,,,,,,,,,,,,,,,,,,,,,,,,,,,,,,,,,,,,,,,,,,,,,,,,,,,,,,,,,,,,,,,,,,,,,,,,,,,,,,,,,,,,,,,,,,,,,,,,,,,,,,,,,,,,,,,,,,,,,,,,,,,,,,,,,,,,,,,,,,,,,,,,,,,,,,,,,,,,,,,,,,,,,,,,,,,,,,,,,,,,,,,,,,,,,,,,,,,,,,,,,,,,,,,,,,,,,,,,,,,,,,,,,,,,,,,,,,,,,,,,,,,,,,,,,,,,,,,,,,,,,,,,,,,,,,,,,,,,,,,,,,,,,,,,,,,,,,,,,,,,,,,,,,,,,,,,,,,,,,,,,,,,,,,,,,,,,,,,,,,,,,,,,,,,,,,,,,,,,,,,,,,,,,,,,,,,,,,,,,,,,,,,,,,,,,,,,,,,,,,,,,,,,,,,,,,,,,,,,,,,,,,,,,,,,,,,,,,,,,,,,,,,,,,,,,,,,,,,,,,,,,,,,,,,,,,,,,,,,,,,,,,,,,,,,,,,,,,,,,,,,,,,,,,,,,,,,,,,,,,,,,,,,,,,,,,,,,,,,,,,,,,,,,,,,,,,,,,,,,,,,,,,,,,,,,,,,,,,,,,,,,,,,,,,,,,,,,,,,,,,,,,,,,,,,,,,,,,,,,,,,,,,,,,,,,,,,,,,,,,,,,,,,,,,,,,,,,,,,,,,,,,,,,,,,,,,,,,,,,,,,,,,,,,,,,,,,,,,,,,,,,,,,,,,,,,,,,,,,,,,,,,,,,,,,,,,,,,,,,,,,,,,,,,,,,,,,,,,,,,,,,,,,,,,,,,,,,,,,,,,,,,,,,,,,,,,,,,,,,,,,,,,,,,,,,,,,,,,,,,,,,,,,,,,,,,,,,,,,,,,,,,,,,,,,,,,,,,,,,,,,,,,,,,,,,,,,,,,,,,,,,,,,,,,,,,,,,,,,,,,,,,,,,,,,,,,,,,,,,,,
Initial Stop Loss (%),1,0.1,2,float,Fixed stop loss % - min 1.0% to avoid tight stops that cause quick losses,0.9434,1.1425,1.1739,0.8971,0.9506,0.9487,0.7602,0.8971,1.1974,1.0531,1.0979,0.8308,0.8308,0.9402,1.0586,0.9363,0.707,0.8535,1.0829,0.9221,1.1576,0.9221,0.7761,0.8735,0.9682,1.0803,0.8212,0.7441,1.0638,1.0668,1.0588,0.888,1.2088,0.8942,0.9104,1.0463,0.8161,0.9426,0.5869,0.9283,1.0372,0.8692,0.8704,0.744,1.0687,1.0282,1.1219,0.9126,1.0171,1.0362,0.8861,0.6767,0.7441,1.0541,0.9117,1.04,1.0208,1.0498,1.0399,1.1381,0.9249,0.9937,0.9157,1.0352,0.9176,0.8667,1.1279,1.7341,0.9418,0.946,1.0372,0.7821,1.0449,1.2672,0.9013,0.8306,1.0363,1.1487,0.8482,0.8593,1.0678,0.9497,1.0971,0.8409,1.0421,1.0425,1.0399,0.694,1.044,1.1521,0.936,1.4204,0.9547,0.9327,1.143,0.8731,1.3867,1.1596,0.6464,0.8929,1.0821,0.8649,1.0578,1.1065,0.9808,0.8903,0.9165,1.0979,1.0803,0.8365,0.8467,0.9547,0.8852,0.8512,0.9042,1.0841,1.1465,1.6094,0.8835,1.1487,2.0,0.7883,0.9157,1.1775,1.1348,0.5856,1.0949,0.886,0.703,1.0942,1.1856,1.0588,0.8962,0.9346,0.8538,0.8593,1.1795,0.5891,0.986,0.8716,1.3399,1.3705,1.2023,0.9304,1.0154,0.9245,0.8208,1.0721,1.0179,1.0687,1.065,1.0378,1.0543,1.1465,1.1465,1.0774,0.8796,0.8416,0.9703,0.8538,0.8506,1.06,1.06,1.06,1.1856,0.8797,0.9194,0.9799,0.8572,1.3205,0.865,1.4444,0.8266,0.9808,1.1318,1.2154,0.9951,1.1465,0.8803,1.1382,1.0518,1.0845,0.9438,0.8969,0.7623,0.8226,1.0518,0.8677,0.9075,0.8884,0.9562,0.9651,1.0586,0.8962,1.3219,1.2793,1.2793,1.2793,0.9521,0.9211,0.8455,1.0822,1.0297,0.9359,1.0234,0.8213,1.0473,1.1432,0.9161,0.9265,0.8896,1.0458,0.9089,0.9089,1.0414,0.714,0.9768,0.8472,1.0403,1.6296,1.1779,0.8743,1.2223,1.0222,0.8043,1.053,0.876,1.1288,1.1622,1.0679,0.996,1.2888,0.8669,1.4229,1.0222,1.0002,0.8999,1.1011,1.0765,1.0885,1.4458,0.963,0.8967,1.0926,1.2131,0.4863,0.9124,1.1506,1.2008,1.3416,1.4749,1.0773,0.8438,0.7372,1.3638,1.0195,1.0981,1.2094,1.0031,0.6053,0.8189,1.1133,0.9797,0.9664,0.8522,1.0331,1.0737,1.0539,1.0411,1.0361,1.4302,1.4406,1.1656,0.825,1.3326,1.9836,0.8956,0.768,0.8893,0.8337,1.0641,1.1063,1.0647,1.0724,0.9293,1.077,1.1333,1.3279,0.7306,0.8656,1.0896,0.8431,1.058,0.8311,1.0771,1.0369,1.1061,0.5766,1.0239,1.1097,1.081,1.4211,0.8049,1.0283,0.9287,1.0352,1.6045,1.1086,1.1086,1.0767,0.8867,1.2335,1.1388,0.8977,0.912,0.8972,0.8689,1.0168,0.8859,1.0387,1.1674,0.9351,0.9515,1.0644,1.0861,0.9845,1.0386,0.863,1.0539,1.0781,1.1545,1.0459,0.939,0.9273,0.9816,0.926,0.9185,0.9073,0.896,1.1665,0.9277,0.957,1.6818,1.0467,0.8874,1.0892,0.8799,1.0603,1.191,0.9702,1.2148,0.9409,1.5221,1.0618,1.1884,1.1026,1.096,1.2635,1.1439,0.795,0.9494,1.0768,1.1353,0.8665,0.702,0.5824,1.5925,1.0867,0.8263,0.9177,1.1221,0.8655,0.8592,1.3972,0.9246,0.9228,1.436,0.9485,1.1612,0.919,0.9828,1.462,0.881,1.0496,0.9159,0.9916,0.6556,1.0274,1.0551,0.9018,1.0374,1.1964,0.846,1.0556,1.065,1.854,1.0906,0.85,1.0438,1.0274,0.9459,0.9562,1.4125,1.0273,1.0432,1.0579,0.8938,0.8752,1.0234,0.7355,0.8696,1.0852,0.9474,0.8635,0.9016,1.0452,1.056,1.919,0.834,1.1134,1.066,0.8242,0.704,1.0256,1.4576,1.029,0.8301,0.8803,1.0375,1.5263,1.1508,0.9465,0.8418,1.4458,1.0297,1.0104,0.9247,0.8395,1.2346,0.7452,1.0328,1.0612,1.0721,0.9765,0.917,1.0855,1.0556,1.0679,1.3465,1.1833,1.1742,1.2119,0.8524,1.0009,1.2158,1.1795,0.8739,1.1983,1.6232,1.0611,1.1796,1.2476,1.1666,1.0322,1.0631,0.8039,0.8274,1.133,1.2311,0.9009,1.1022,0.8595,1.0648,1.0586,0.8659,1.9987,1.0789,1.6959,0.913,1.1333,1.1859,1.0515,1.2759,1.1165,1.4458,0.6866,1.0473,0.8421,1.0625,1.0644,1.1226,1.1485,1.001,1.349,0.9845,0.9519,1.0706,0.9356,0.8433,1.0203,1.0966,1.6031,1.0362,0.7796,1.0939,1.0313,0.7611,1.1764,1.0641,1.4458,1.2129,1.0393,0.8573,1.0126,0.8593,1.0432,0.9621,0.8765,0.9546,0.9404,0.9492,0.9158,0.9688,1.182,1.0775,1.0345,1.4879,1.0778,1.4344,0.9917,1.1864,0.8641,0.983,1.0603,1.1197,1.0943,0.7447,1.2314,1.0638,1.0468,0.9035,0.8711,1.0846,1.0881,0.928,0.8721,0.9856,0.8646,0.8768,0.8372,0.8997,1.0337,0.9634,1.3442,0.9063,1.0331,0.918,1.6031,0.7315,1.1709,0.8715,1.0962,0.9113,1.0571,0.8778,1.1786,1.0428,1.1033,1.0479,1.1282,1.0272,1.0619,0.7975,1.0011,1.0769,0.9543,1.0538,1.119,0.9643,0.9469,0.9204,1.0704,0.9441,1.0543,1.2182,0.9315,1.0001,0.865,1.1731,1.0716,1.7212,1.0947,0.639,1.0539,1.044,0.8442,0.8614,0.8179,1.1652,0.9172,1.1723,1.2386,1.0548,0.9756,0.9882,1.1311,0.8483,0.9012,1.1731,0.9148,0.8348,1.0868,0.9314,1.1878,0.9346,0.5666,1.0837,1.0527,0.5891,0.9303,0.9083,1.4198,0.9371,1.3879,0.9245,0.5666,1.0803,1.0939,1.9688,1.4427,1.0919,1.1334,1.2899,0.8791,0.9757,1.12,1.0597,0.8951,0.9536,0.8634,0.8753,0.8915,0.6472,1.0955,1.2413,1.0207,1.4468,0.9441,1.0361,0.8926,1.0059,1.0604,0.9739,1.0766,0.9732,0.9146,0.6604,1.1112,1.0541,0.917,1.2364,0.9732,1.043,0.896,1.0867,1.1002,1.0654,0.9349,0.9329,0.8438,0.5698,1.1501,1.1501,0.8853,0.8483,1.0081,0.8758,0.8864,1.4018,1.3253,0.8907,1.0672,1.0146,0.9441,1.1935,0.9,0.5891,1.3238,0.831,1.4821,1.0298,1.0959,1.0795,0.6757,1.1171,0.8759,0.9739,1.0662,0.8937,0.9032,1.1741,1.028,1.0893,1.1068,0.8391,0.7428,0.9822,0.9972,1.0751,1.0339,1.1112,1.132,1.006,1.034,1.0701,1.2072,0.8659,1.0212,1.0444,1.0867,0.8986,1.176,1.1516,1.0016,1.1561,0.867,0.8743,1.8115,1.078,0.8637,0.9967,1.0274,1.1295,0.8614,0.829,0.9303,1.2837,0.9623,1.5167,1.0631,1.3168,1.1561,0.8639,1.0954,1.1073,1.0766,0.8948,0.8255,0.6634,0.6999,1.0538,1.0273,1.1296,2.0,0.8057,1.1746,0.8255,1.0936,1.6432,1.0752,0.8617,1.1504,1.3241,0.9587,0.8429,1.0911,0.9136,0.998,1.8149,1.0309,0.9918,0.9344,1.0107,0.8297,1.0516,1.0977,0.8089,0.7346,0.968,1.0568,1.0881,0.8901,0.9046,0.9591,1.2967,1.126,0.9739,0.9749,0.8854,1.9868,1.5117,0.9351,1.0911,1.0599,1.1904,0.8802,0.4815,0.8564,1.0999,0.7657,1.4203,0.9572,1.5645,1.168,0.8366,2.0,0.8464,0.8922,0.8563,1.0838,1.0912,0.7855,1.1677,1.6547,1.0357,1.1849,1.7217,0.8857,0.7666,0.8938,0.869,0.947,0.8278,0.7905,0.8784,1.1753,1.0255,0.8601,0.906,1.1067,1.1001,0.8953,0.9136,0.8721,1.1081,1.1899,0.8805,1.1707,0.9811,1.0522,0.8821,1.8532,0.8621,1.0453,1.0453,0.8944,1.0619,0.8751,0.8518,0.9796,0.8199,0.9142,0.9089,1.0564,1.0162,0.8774,0.9032,0.9572,0.8997,0.8415,1.0724,0.9554,1.2855,1.135,0.8669,1.0516,0.9686,0.8279,1.3425,1.0543,1.0938,0.8841,1.1068,1.0142,0.886,1.1134,0.8112,1.1653,0.9115,0.8685,0.9134,0.8706,1.068,0.8804,0.8425,1.138,1.062,0.8751,0.8415,0.6818,0.8507,0.8619,0.827,1.3877,0.6783,0.8169,1.1189,0.8548,0.837,1.228,1.0538,1.1137,1.1814,1.082,1.1082,0.8737,0.843,0.7388,0.7837,0.7704,0.9036,0.7045,0.8341,0.928,1.0594,0.8741,1.1179,0.9025,1.0442,1.0729,1.2468,1.2255,1.0946,1.4679,0.6585,0.8428,1.0704,1.2287,1.0605,1.0743,0.861,1.0746,1.428,1.0746,0.8894,0.8499,0.895,0.6876,1.2113,0.8808,0.9558,1.1802,1.0435,1.1376,0.9235,1.06,0.8951,1.0207,1.1194,0.9023,0.9496,1.0702,0.7637,0.8808,0.8811,1.0926,0.8263,1.1111,0.8792,1.2287,1.1261,1.0851,1.2742,0.8808,1.0162,1.3463,1.055,0.8414,0.8395,1.0228,1.095,0.8947,0.7829,0.9385,0.8104,1.0808,0.8224,1.1243,1.1605,0.9247,0.8333,0.8485,0.8494,0.9053,0.9332,0.8854,1.1802,1.1355,1.145,1.4259,0.8647,0.9813,0.8633,1.0726,0.7648,0.8832,0.9216,0.9757,0.7164,1.05,1.0849,0.7859,1.0561,0.9716,1.1649,1.0389,1.0766,1.1517,1.0581,0.861,1.0736,0.9907,0.9335,0.8499,0.9558,0.9437,1.0564,0.7648,0.8672,0.9419,1.0448,0.8534,1.0378,1.1458,1.1497,1.1136,1.0803,1.1291,0.8081,0.8917,1.0695,0.7979,0.7294,0.6997,0.9448,1.0507,0.8387,1.0385,0.8754,0.8796,0.8387,0.8512,0.8573,0.8776,1.1217,1.1239,1.1217,0.8321,0.8765,1.0378,1.0311,1.1049,0.8341,1.1256,1.17,1.0634,1.0953,0.7628,1.1215,1.1665,1.0816,0.8655,1.0203,1.0866,1.2206,1.0954,1.1017,0.893,0.7735,0.8453,1.1066,1.2104,1.0696,1.2045,0.878,0.9161,0.5934,1.1046,0.8003,1.0414,0.8445,1.4373,1.263,1.1008,0.8898,0.7302,1.1545,1.1545,0.5843,0.8987,0.5934,0.8204,0.8414,0.8453,1.0423,1.0642,0.7512,0.8003,0.712,1.0436,0.7428,1.155,1.1055,1.1064,1.0253,0.7003,1.0457
Enable Trailing Stop,1,0,1,int,"Use ATR trailing stop (0=false, 1=true) - OPTIMIZABLE",1,1,1,1,1,1,1,1,1,1,1,1,1,1,1,1,1,1,1,1,1,1,1,1,1,1,1,1,1,1,1,1,1,1,1,1,1,1,1,1,1,1,1,1,1,1,1,1,1,1,1,1,1,1,1,1,1,1,1,1,1,1,1,1,1,1,1,1,1,1,1,1,1,1,1,1,1,1,1,1,1,1,1,1,1,1,1,1,1,1,1,1,1,1,1,1,1,1,1,1,1,1,1,1,1,1,1,1,1,1,1,1,1,1,1,1,1,1,1,1,1,1,1,1,1,1,1,1,1,1,1,1,1,1,1,1,1,1,1,1,1,1,1,1,1,1,1,1,1,1,1,1,1,1,1,1,1,1,1,1,1,1,1,1,1,1,1,1,1,1,1,1,1,1,1,1,1,1,1,1,1,1,1,1,1,1,1,1,1,1,1,1,1,1,1,1,1,1,1,1,1,1,1,1,1,1,1,1,1,1,1,1,1,1,1,1,1,1,1,1,1,1,1,1,1,1,1,1,1,1,1,1,1,1,1,1,1,1,1,1,1,1,1,1,1,1,1,1,1,1,1,1,1,1,1,1,1,1,1,1,1,1,1,1,1,1,1,1,1,1,1,1,1,1,1,1,1,1,1,1,1,1,1,1,1,1,1,1,1,1,1,1,1,1,1,1,1,1,1,1,1,1,1,1,1,1,1,1,1,1,1,1,1,1,1,1,1,1,1,1,1,1,1,1,1,1,1,1,1,1,1,1,1,1,1,1,1,1,1,1,1,1,1,1,1,1,1,1,1,1,1,1,1,1,1,1,1,1,1,1,1,1,1,1,1,1,1,1,1,1,1,1,1,1,1,1,1,1,1,1,1,1,1,1,1,1,1,1,1,1,1,1,1,1,1,1,1,1,1,1,1,1,1,1,1,1,1,1,1,1,1,1,1,1,1,1,1,1,1,1,1,1,1,1,1,1,1,1,1,1,1,1,1,1,1,1,1,1,1,1,1,1,1,1,1,1,1,1,1,1,1,1,1,1,1,1,1,1,1,1,1,1,1,1,1,1,1,1,1,1,1,1,1,1,1,1,1,1,1,1,1,1,1,1,1,1,1,1,1,1,1,1,1,1,1,1,1,1,1,1,1,1,1,1,1,1,1,1,1,1,1,1,1,1,1,1,1,1,1,1,1,1,1,1,1,1,1,1,1,1,1,1,1,1,1,1,1,1,1,1,1,1,1,1,1,1,1,1,1,1,1,1,1,1,1,1,1,1,1,1,1,1,1,1,1,1,1,1,1,1,1,1,1,1,1,1,1,1,1,1,1,1,1,1,1,1,1,1,1,1,1,1,1,1,1,1,1,1,1,1,1,1,1,1,1,1,1,1,1,1,1,1,1,1,1,1,1,1,1,1,1,1,1,1,1,1,1,1,1,1,1,1,1,1,1,1,1,1,1,1,1,1,1,1,1,1,1,1,1,1,1,1,1,1,1,1,1,1,1,1,1,1,1,1,1,1,1,1,1,1,1,1,1,1,1,1,1,1,1,1,1,1,1,1,1,1,1,1,1,1,1,1,1,1,1,1,1,1,1,1,1,1,1,1,1,1,1,1,1,1,1,1,1,1,1,1,1,1,1,1,1,1,1,1,1,1,1,1,1,1,1,1,1,1,1,1,1,1,1,1,1,1,1,1,1,1,1,1,1,1,1,1,1,1,1,1,1,1,1,1,1,1,1,1,1,1,1,1,1,1,1,1,1,1,1,1,1,1,1,1,1,1,1,1,1,1,1,1,1,1,1,1,1,1,1,1,1,1,1,1,1,1,1,1,1,1,1,1,1,1,1,1,1,1,1,1,1,1,1,1,1,1,1,1,1,1,1,1,1,1,1,1,1,1,1,1,1,1,1,1,1,1,1,1,1,1,1,1,1,1,1,1,1,1,1,1,1,1,1,1,1,1,1,1,1,1,1,1,1,1,1,1,1,1,1,1,1,1,1,1,1,1,1,1,1,1,1,1,1,1,1,1,1,1,1,1,1,1,1,1,1,1,1,1,1,1,1,1,1,1,1,1,1,1,1,1,1,1,1,1,1,1,1,1,1,1,1,1,1,1,1,1,1,1,1,1,1,1,1,1,1,1,1,1,1,1,1,1,1,1,1,1,1,1,1,1,1,1,1,1,1,1,1,1,1,1,1,1,1,1,1,1,1,1,1,1,1,1,1,1,1,1,1,1,1,1,1,1,1,1,1,1,1,1,1,1,1,1,1,1,1,1,1,1,1,1,1,1,1,1,1,1,1,1,1,1,1,1,1,1,1,1,1,1,1,1,1,1,1,1,1,1,1,1,1,1,1,1,1,1,1,1,1,1,1,1,1,1,1,1,1,1,1,1,1,1,1,1,1,1,1,1,1,1,1,1,1,1,1,1,1,1,1,1,1,1,1,1,1,1,1,1,1,1,1,1,1,1,1,1,1,1,1,1,1,1,1,1,1,1,1,1,1,1,1,1,1
ATR Length for Trailing Stop,26,5,100,int,ATR period for trailing,6,5,6,6,6,5,6,6,5,6,5,5,5,6,5,5,5,5,5,6,5,6,6,6,5,5,6,6,6,6,5,6,6,6,6,6,5,6,6,5,6,6,6,6,5,5,6,6,6,6,6,6,6,6,6,6,6,5,5,5,6,6,5,5,6,6,6,5,5,6,6,6,6,6,5,6,6,5,5,5,5,6,5,6,5,6,5,5,5,6,6,5,6,6,5,6,6,6,5,6,5,5,6,5,5,5,5,5,5,6,5,6,6,6,5,5,6,6,6,5,6,6,6,6,6,6,5,5,6,6,5,5,6,6,5,5,5,5,5,5,6,5,6,5,6,6,5,6,5,5,5,6,5,6,6,5,6,5,5,5,5,5,5,5,5,6,5,6,5,6,6,6,5,5,5,5,6,6,6,5,5,6,5,5,5,6,5,5,5,6,5,6,5,6,5,5,5,5,6,5,5,5,5,5,5,5,6,6,6,5,6,5,6,6,5,5,5,5,6,5,5,5,6,5,6,6,6,5,5,5,6,6,5,6,5,6,5,5,5,6,5,6,5,6,6,5,5,6,5,5,6,6,5,6,5,5,6,5,6,6,6,5,5,5,5,6,6,6,6,6,6,6,5,6,5,5,5,6,7,5,6,6,5,6,6,5,5,5,5,5,5,5,5,5,5,6,5,5,5,6,5,6,5,6,6,5,6,5,5,5,6,6,5,5,5,6,6,6,6,6,6,5,6,6,5,5,5,6,5,5,5,6,6,6,5,5,5,6,5,5,6,5,6,6,6,5,6,6,6,5,6,6,5,6,5,5,6,6,5,6,6,5,5,5,5,5,6,5,6,6,5,5,5,5,5,5,6,6,5,5,6,6,6,5,5,6,5,5,5,5,5,5,5,6,6,6,6,6,6,5,5,5,6,5,5,5,5,5,6,5,6,5,6,6,6,5,5,5,6,5,5,5,6,6,5,5,5,5,5,6,6,6,6,5,5,5,6,6,6,6,6,5,5,5,5,6,5,5,5,5,5,5,6,5,6,6,5,5,6,6,6,5,5,5,6,6,5,5,5,5,5,5,5,5,5,6,6,6,6,5,5,6,6,5,5,6,6,6,5,5,5,5,6,5,5,6,7,5,5,5,6,6,6,5,6,5,6,6,5,5,5,5,5,5,6,5,6,6,6,5,5,5,6,6,6,6,5,6,6,5,5,6,6,6,5,6,6,5,6,5,5,5,6,6,5,5,5,6,6,6,6,5,5,5,5,5,5,6,6,5,5,6,5,5,6,5,7,5,6,5,6,5,7,5,6,5,5,6,6,5,5,6,5,5,5,5,5,5,5,5,6,5,5,5,6,5,5,5,6,5,6,5,5,6,5,6,5,5,5,5,5,5,5,6,6,6,6,5,5,5,5,6,5,6,5,6,5,6,5,5,5,5,5,5,5,5,5,5,5,7,5,6,5,7,6,6,6,5,5,5,6,5,5,6,6,5,5,6,5,5,5,6,5,5,7,5,5,5,5,6,5,6,6,6,6,6,6,5,5,5,5,5,6,5,5,6,5,6,5,5,6,5,6,5,6,5,5,5,5,5,5,7,5,6,5,5,5,5,5,5,6,5,5,6,5,5,5,5,5,7,7,5,5,5,7,6,5,6,5,5,5,5,5,6,10,5,6,5,5,7,6,7,5,5,7,6,5,5,5,5,5,5,5,6,5,6,5,5,5,5,5,5,5,6,5,5,5,6,5,5,5,6,5,5,5,5,5,5,6,6,5,6,5,6,5,6,5,6,5,6,6,5,5,5,5,5,6,6,5,5,5,6,5,5,5,6,6,5,7,6,5,6,5,6,5,5,6,6,5,5,5,5,5,5,6,5,6,5,5,5,6,5,5,6,5,5,5,6,5,6,5,6,6,5,5,5,5,6,5,5,5,5,5,5,5,5,6,6,5,5,5,5,5,5,5,5,5,5,7,6,5,5,5,6,6,6,5,5,5,6,5,5,5,6,5,5,6,6,5,5,5,5,5,5,6,6,5,6,5,5,5,5,5,5,5,6,5,5,5,5,5,5,5,7,6,5,5,5,6,5,6,5,5,7,6,5,6,5,8,6,5,6,6,6,5,5,10,6,5,5,6,5,5,5,6,6,5,6,5,5,5,5,5,5,5,5,5,5,6,6,5,7,6,5,5,7,5,5,5,5,5,6,5,5,6,6,6,5,7,5,5,5,5,5,5,5,5,5,7,6,5,5,5,6,5,5,5,5,5,5,8,5,5,5,8,5,5,6,5,5,5,5,5,5,6,5,5,5,5,5,5,5,5,5,5,5,5,5,5,5,5,8,5,5,5,6,5,5,8,5,5,7,7,6,5,5,5,5,5,5,5,8,5,5,8,5,5,5,5,6,5,5,5,5,5,5,6,7,5,5,10,6,7,5,5,5,5,5,5,5,10,10,5,5,5,9,8,8,5,5,5,5,5,5,29,5,5,5,5,8,5,7,5,5,5,5,10
ATR Multiplier for Trailing Stop,2,0.1,4.5,float,Trailing stop ATR multiplier - reduced max to prevent overfitting,3.4886,3.3411,3.5122,3.5373,3.5186,3.5189,3.505,3.5373,3.6076,3.5184,3.3473,3.765,3.765,3.4958,3.6218,3.5821,3.5955,3.7771,3.4839,3.4051,3.6184,3.5043,3.3857,3.5791,3.2293,3.6411,3.5139,3.7292,3.2007,3.489,3.5124,3.4614,3.4555,3.438,3.5784,3.4191,3.7228,3.4925,3.5377,3.5295,3.5139,3.4164,3.187,3.3661,3.3932,3.6604,3.4866,3.3874,3.5799,3.5706,3.4877,3.3522,3.7292,3.534,3.5061,3.4627,3.3767,3.8761,3.5902,3.496,3.4057,3.4934,3.6006,3.5784,3.3111,3.3709,3.4004,3.6259,3.5461,3.3237,3.5139,3.4139,3.3656,3.5345,3.7006,3.6053,3.5126,3.6259,3.5903,3.5858,3.6089,3.5176,3.5574,3.257,3.5085,3.3794,3.5902,3.52,3.6816,3.4314,3.5283,3.6206,3.539,3.5532,3.6213,3.555,3.5299,3.4979,3.5477,3.4472,3.5825,3.5329,3.384,3.6348,3.5965,3.5729,3.4223,3.3473,3.6411,3.7356,3.653,3.539,3.5114,3.6058,3.5259,3.7202,3.4544,3.5762,3.5211,3.6259,3.4811,3.5069,3.7279,3.3686,3.5005,3.3906,3.7094,3.5698,3.6066,3.6312,3.5458,3.6033,3.503,3.3167,3.8966,3.5858,3.665,3.4921,3.4863,3.7823,3.6055,3.7768,3.5708,3.7826,3.2716,3.5216,3.6051,3.5287,3.6797,3.603,3.6861,3.6022,3.4748,3.4544,3.4544,3.6459,3.3072,3.5393,3.5472,3.3385,3.4914,3.3419,3.537,3.537,3.5458,3.395,3.5214,3.5146,3.6879,3.3759,3.3663,3.5703,3.4584,3.5965,3.6215,3.4528,3.5598,3.6673,3.39,3.5783,3.5037,3.473,3.698,3.5323,3.7919,3.3056,3.5037,3.5691,3.5373,3.5181,3.5695,3.2883,3.5737,3.503,3.456,3.6037,3.6037,3.6037,3.5945,3.5692,3.5976,3.4302,3.7547,3.5522,3.5049,3.6843,3.5836,3.1777,3.5332,3.4236,3.5804,3.3414,3.3791,3.3791,3.5451,3.5853,3.6646,3.5958,3.4372,3.6037,3.4898,3.5726,3.5088,3.5044,3.7196,3.5446,3.5814,3.5984,3.5223,3.6015,3.4847,3.602,3.4177,3.5072,3.7351,3.3041,3.759,3.5673,3.595,3.541,3.5751,3.6876,3.558,3.5107,3.5468,3.4796,3.5832,3.5078,3.5694,3.6259,3.5705,3.5695,3.7037,3.5527,3.6284,3.5424,3.5149,3.5571,3.4803,3.3031,3.4037,3.5508,3.6029,3.4316,3.5813,3.5069,3.6115,3.6073,3.4,3.2405,3.4407,3.5033,3.606,3.6478,3.603,3.543,3.7055,3.5147,3.5064,3.6905,3.617,3.6023,3.5416,3.5119,3.5921,3.5425,3.598,3.5905,3.7818,3.6898,3.6971,3.4931,3.7722,3.5933,3.6021,3.5484,3.6027,3.5407,3.5568,3.6111,3.767,3.5732,3.5791,3.4012,3.5188,3.584,3.4565,3.5462,3.5462,3.5458,3.5053,3.549,3.5654,3.5441,3.627,3.38,3.4426,3.5845,3.4188,3.4429,3.379,3.6842,3.4919,3.6252,3.5816,3.5386,3.5292,3.6053,3.5116,3.6046,3.5957,3.6254,3.3621,3.6426,3.5228,3.5722,3.5255,3.5438,3.535,3.5086,3.5124,3.6833,3.5069,3.5118,3.4942,3.5757,3.5394,3.3835,3.5642,3.5732,3.5501,3.5333,3.4837,3.3412,3.3947,3.6026,3.6927,3.6006,3.5309,3.6164,3.5177,3.6037,3.5086,3.5313,3.5595,3.6554,3.5121,3.5743,3.5006,3.535,3.6516,3.6359,3.6243,3.5968,3.372,3.4749,3.4386,3.5566,3.5998,3.546,3.4769,3.3922,3.3799,3.6282,3.4768,3.6978,3.6084,3.6516,3.599,3.6029,3.4443,3.6037,3.6178,3.6684,3.3984,3.5333,3.5589,3.4507,3.3568,3.6516,3.4904,3.6852,3.5526,3.6718,3.5677,3.644,3.6114,3.4984,3.6813,3.5832,3.7314,3.5213,3.4571,3.7293,3.5408,3.6027,3.5471,3.4957,3.8461,3.5596,3.5836,3.5443,3.519,3.2979,3.6376,3.757,3.6878,3.5769,3.5761,3.3691,3.4445,3.5699,3.5034,3.5751,3.6681,3.5794,3.5416,3.5064,3.6503,3.7733,3.5735,3.7707,3.5986,3.6877,3.7121,3.5649,3.4301,3.7756,3.4606,3.4655,3.5505,3.6035,3.5601,3.6009,3.5616,3.4893,3.7685,3.5652,3.3205,3.6321,3.4888,3.7606,3.6365,3.5473,3.4476,3.3439,3.5758,3.6187,3.5663,3.7911,3.6037,3.5739,3.7737,3.3379,3.6005,3.5278,3.4114,3.6839,3.5143,3.6022,3.5562,3.51,3.4811,3.6002,3.5751,3.2404,3.8665,3.271,3.4811,3.7086,3.6024,3.591,3.4723,3.6024,3.5386,3.3303,3.3793,3.5994,3.6001,3.6704,3.5151,3.3212,3.4311,3.5617,3.3874,3.6785,3.3249,3.3201,3.5562,3.5751,3.5891,3.7351,3.5201,3.5667,3.4981,3.4985,3.496,3.4316,3.3503,3.5787,3.6104,3.4833,3.3777,3.5377,3.648,3.4529,3.5462,3.5459,3.5058,3.5711,3.4887,3.3829,3.1691,3.4462,3.5457,3.35,3.7347,3.5745,3.3627,3.5775,3.523,3.6063,3.5053,3.4569,3.5494,3.5106,3.6095,3.5608,3.5536,3.7319,3.5072,3.5751,3.52,3.4975,3.6811,3.723,3.5777,3.3212,3.3904,3.6019,3.3978,3.4033,3.4436,3.6331,3.4482,3.5007,3.6902,3.5584,3.5478,3.5724,3.3353,3.7158,3.5174,3.5332,3.5852,3.5217,3.5767,3.4581,3.2998,3.5541,3.5387,3.5483,4.0209,3.5541,3.6166,3.642,3.5117,3.5578,3.545,3.7101,3.5314,3.7684,3.6211,3.5329,3.3719,3.6021,3.5917,3.582,3.5678,3.5142,3.5221,3.5322,3.5619,3.166,3.6772,3.6043,3.4726,3.5196,3.545,3.7631,3.5346,3.5611,3.5288,3.4878,3.5129,3.1594,3.3842,3.6087,3.722,3.6994,3.8915,3.5335,3.5637,3.392,3.6632,3.1594,3.5039,3.6107,3.551,3.6956,3.5937,3.5292,3.6495,3.5935,3.5673,3.5555,3.5745,3.6202,3.5693,3.5448,3.5098,3.5105,3.6906,3.7515,3.5301,3.4533,3.4796,4.2862,3.6989,3.6182,3.6154,3.4716,3.6856,3.6575,3.4925,3.5267,3.7146,3.5482,3.5807,3.5152,3.2336,3.5541,3.6794,3.5468,3.4317,3.5114,3.5463,3.5816,3.7015,3.3949,3.5174,3.4374,3.4575,3.539,3.6937,3.4199,3.5565,3.6284,3.7128,3.719,3.7738,3.5171,3.4925,4.0209,3.5865,3.4906,3.722,3.3569,3.5789,3.4792,3.4022,3.5245,3.4079,3.5687,3.6029,3.65,3.6856,3.6057,3.4327,3.6754,3.595,3.5123,3.5838,3.635,3.5212,3.621,3.544,3.357,3.5826,3.5611,3.5482,3.7392,3.5211,3.765,3.7789,3.8059,3.6005,3.4444,3.6693,3.6055,3.433,3.5735,3.7662,3.6043,3.5047,3.3939,3.606,3.371,3.6296,3.6009,3.6057,3.6516,3.4413,3.4611,3.4628,3.6994,3.4712,3.7009,3.6839,3.3616,3.4937,3.5047,3.5463,3.5309,3.752,3.4225,3.4823,3.722,3.6901,3.5626,3.5005,3.6181,3.6888,3.5526,3.7155,3.3143,3.722,3.7535,3.5799,3.6529,3.5096,3.5099,3.4581,3.4338,3.5374,3.8797,3.6534,3.3098,3.4741,3.645,3.7805,3.4903,3.6044,3.5825,3.653,3.7542,3.6024,3.8851,3.7089,3.4868,3.6211,3.3617,3.5732,3.398,3.8059,3.3944,3.6856,3.3932,3.5869,3.3843,3.4537,3.6855,3.8059,3.9535,3.5856,3.6266,3.2219,3.5138,3.481,3.5704,3.712,3.548,3.5908,3.4232,3.6876,3.3678,3.0999,3.6869,3.3968,3.4639,3.5128,3.565,3.5327,3.4944,3.6082,3.5918,3.4878,3.5366,3.5842,3.5123,3.7119,3.7158,3.4432,3.6638,3.6096,3.4599,3.3062,3.777,3.6487,3.6004,3.6039,3.6076,3.5027,3.5311,3.5006,3.6626,3.5301,3.594,3.5635,3.491,3.9167,3.5452,3.3336,3.7699,3.7699,3.4952,3.5994,3.616,3.58,3.6035,3.5982,3.6856,3.5068,3.6648,3.7522,3.4928,3.6133,3.548,3.6202,3.5062,3.697,3.5493,3.482,3.5944,3.5083,3.7011,3.5553,3.4828,3.6855,3.5405,3.6857,3.6153,3.6081,3.5176,3.4155,3.8201,3.5447,3.6463,3.5746,3.7688,3.4938,3.6856,3.5952,3.5108,3.5157,3.5731,3.3426,3.542,3.5062,3.5382,3.5799,3.5942,3.6092,3.5812,3.6219,3.5333,3.9937,3.6902,3.505,3.7798,3.6776,3.5749,3.6693,3.5954,3.6059,3.6989,3.4952,3.8001,3.7231,3.5689,3.5323,3.6115,3.5686,3.5393,3.5724,3.648,3.5735,3.7384,3.4057,3.5198,3.6723,3.6006,3.8406,3.689,3.4958,3.4542,3.1133,3.6173,3.5319,3.57,3.5825,3.4958,3.7204,3.4958,3.6793,3.7079,3.7377,3.5639,3.6789,3.598,3.6181,3.5035,3.5371,3.6005,3.615,3.4915,3.5313,3.5677,3.6733,3.5468,3.6653,3.7728,3.7588,3.598,3.5484,3.6852,3.6026,3.6058,3.5408,3.7288,3.7771,3.6124,3.72,3.4809,3.8555,3.6908,3.4942,3.6354,3.6882,3.5854,3.6995,3.4749,3.7588,3.6772,3.3801,3.6285,3.5356,3.5781,3.6628,3.6102,3.8949,3.5457,3.6646,3.609,3.6331,3.5314,3.3999,3.4898,3.7072,3.7017,3.5246,3.7614,3.6154,3.6269,3.7137,3.5356,3.7739,3.3999,3.6788,3.6433,3.5812,3.5832,3.9118,3.4554,3.6435,3.6547,3.4929,3.4846,3.5513,3.5825,3.5891,3.5786,3.5312,3.5393,3.6181,3.6737,3.7613,3.6378,3.7134,3.6667,3.5518,3.5822,3.513,3.5973,3.7053,3.6426,3.535,3.4984,3.5075,3.876,3.5157,3.6187,3.6022,3.5462,4.0316,3.4905,3.7629,3.884,3.4895,3.5585,3.7629,3.6301,3.6732,3.7016,3.6133,3.6143,3.6133,3.6523,3.6562,3.513,3.977,3.6643,3.6381,3.7719,3.6866,3.6588,3.5874,3.6064,3.4776,3.4496,3.5378,3.4784,3.6704,3.6343,3.5086,3.5557,3.5886,3.6697,3.6788,3.6733,3.8148,3.6253,3.5832,3.6494,4.0379,3.5821,3.5821,3.6006,3.9159,3.6144,3.8259,3.6997,3.7727,3.6215,3.4791,3.8679,3.4962,3.4962,3.5845,3.6106,3.5821,3.5875,3.6354,3.6733,3.8,3.6277,3.4994,3.9159,3.4871,3.5531,3.621,3.5388,3.673,3.6448,3.6243,3.7929,3.8141
Trailing Delay (bars),5,0,20,int,"Bars before trailing stop begins tightening (0 = immediate, max 7 to avoid delayed trailing)",1,1,0,4,0,0,1,4,4,0,1,1,1,1,4,0,0,0,1,0,0,0,1,0,1,0,4,0,1,1,0,0,0,2,0,1,1,0,3,0,4,0,1,0,0,0,0,0,0,0,0,4,0,4,0,1,2,0,0,1,0,0,1,1,0,4,0,4,4,0,4,0,4,1,0,0,0,4,4,0,4,0,4,1,0,1,0,1,0,2,0,4,4,3,4,0,4,0,0,1,2,1,0,0,0,0,1,1,0,0,0,4,0,0,1,0,4,4,0,4,4,0,0,0,1,0,0,4,0,0,0,0,0,4,0,0,4,1,0,1,1,0,2,0,0,4,0,1,2,0,0,5,1,4,4,4,0,0,4,1,1,4,4,4,0,0,4,4,1,0,0,2,0,0,4,4,3,4,3,1,0,2,0,1,1,1,0,1,0,0,4,0,0,0,0,4,4,4,0,5,0,4,0,4,0,1,0,1,5,1,3,5,0,0,1,0,0,1,4,4,0,0,0,0,0,2,0,1,1,0,0,5,0,4,0,0,0,1,1,4,2,0,4,0,2,0,0,0,4,4,3,4,0,0,4,3,1,4,0,0,1,4,4,5,0,1,0,0,3,0,0,0,2,0,4,4,0,2,1,0,0,1,4,0,0,0,0,4,1,0,0,2,0,0,0,4,1,1,4,0,0,3,3,0,0,0,0,4,4,2,0,3,1,1,0,0,0,1,1,1,4,0,0,1,4,1,0,0,4,4,0,0,0,1,0,4,0,0,0,1,3,0,0,1,4,1,0,4,0,4,4,0,3,0,3,1,0,2,0,4,4,1,0,1,2,1,3,1,1,1,0,1,0,4,4,4,0,3,1,0,4,0,0,1,0,1,0,1,1,1,0,1,0,4,0,5,0,3,1,1,0,2,0,0,1,0,1,0,1,0,0,4,2,0,0,0,4,3,0,4,0,1,0,0,4,0,0,1,1,3,0,4,1,2,1,0,4,0,5,0,4,0,1,0,1,1,0,0,1,0,4,4,0,0,0,1,1,4,4,4,1,0,1,0,0,1,3,0,1,1,1,1,0,4,1,5,0,5,0,0,1,1,4,0,2,0,0,3,0,0,1,4,0,5,1,0,1,0,0,0,3,4,1,1,3,0,1,4,0,2,0,0,3,1,1,0,1,0,1,1,4,0,0,2,0,3,5,3,3,1,5,4,0,1,2,1,0,0,4,1,1,0,0,4,1,0,5,4,5,1,1,1,0,2,1,1,0,4,0,4,4,2,1,0,1,0,2,1,0,0,1,1,1,1,4,0,0,5,0,0,4,1,3,1,2,0,1,4,2,0,4,0,1,4,2,5,0,0,0,0,0,0,0,0,0,5,0,0,2,1,1,0,1,4,0,0,2,2,0,0,0,1,1,0,0,0,2,0,4,0,4,4,4,1,0,0,0,4,0,2,1,6,0,0,5,4,3,3,0,1,1,2,0,1,0,1,1,1,0,0,3,0,0,1,0,1,0,4,0,3,3,3,3,4,1,0,0,0,0,0,0,5,0,3,0,3,0,1,4,3,0,1,3,0,1,1,0,0,0,0,0,0,1,1,3,1,3,0,1,0,1,0,0,1,2,0,1,1,1,0,0,1,1,1,0,2,1,3,4,0,0,1,4,1,0,0,0,0,1,0,0,0,0,5,1,4,0,1,0,1,3,0,2,2,1,1,1,0,4,0,0,4,0,2,1,0,4,4,4,1,0,0,4,0,3,0,0,1,0,0,0,0,0,0,0,5,0,1,4,3,4,0,0,0,1,0,0,4,1,1,0,3,1,0,0,4,0,0,0,1,2,4,3,2,0,0,3,4,0,1,0,0,2,0,0,1,1,0,1,4,0,0,0,1,4,0,1,1,0,0,0,4,5,0,0,2,1,0,0,0,4,0,0,0,0,1,1,3,0,0,0,4,0,2,1,0,0,1,0,1,0,1,0,0,1,0,1,0,0,1,2,0,3,0,1,2,1,0,0,1,0,0,2,2,1,3,0,0,0,0,0,3,0,1,4,0,3,0,1,5,1,1,0,0,2,1,0,2,3,0,1,4,1,1,1,0,0,0,0,5,0,1,0,1,1,0,1,4,2,0,5,4,4,1,1,1,0,3,1,1,1,0,0,0,1,0,0,0,1,0,4,0,1,0,0,2,1,0,1,0,0,4,0,1,3,1,2,0,1,1,1,1,1,0,0,1,4,0,0,1,2,0,0,1,0,1,1,4,0,0,1,2,0,5,1,0,2,3,2,0,2,1,1,1,5,1,0,0,1,1,3,5,1,1,2,1,3,2,1,0,1,0,0,1,0,1,0,1,1,0,0,1,0,1,0,0,0,2,3,1,0,1,2,0,0,0,0,0,0,3,1,1,0,1,2,1,2,1,0,2,1,1,0,1,0,0,0,2,2,1,0,1,0,0,0,0,0,0,0,2,0,1,0,2,0,0,2,2,3,0,1,1,1,1,0,1,0
=== GA CRITERIA ===,,,,,,,,,,,,,,,,,,,,,,,,,,,,,,,,,,,,,,,,,,,,,,,,,,,,,,,,,,,,,,,,,,,,,,,,,,,,,,,,,,,,,,,,,,,,,,,,,,,,,,,,,,,,,,,,,,,,,,,,,,,,,,,,,,,,,,,,,,,,,,,,,,,,,,,,,,,,,,,,,,,,,,,,,,,,,,,,,,,,,,,,,,,,,,,,,,,,,,,,,,,,,,,,,,,,,,,,,,,,,,,,,,,,,,,,,,,,,,,,,,,,,,,,,,,,,,,,,,,,,,,,,,,,,,,,,,,,,,,,,,,,,,,,,,,,,,,,,,,,,,,,,,,,,,,,,,,,,,,,,,,,,,,,,,,,,,,,,,,,,,,,,,,,,,,,,,,,,,,,,,,,,,,,,,,,,,,,,,,,,,,,,,,,,,,,,,,,,,,,,,,,,,,,,,,,,,,,,,,,,,,,,,,,,,,,,,,,,,,,,,,,,,,,,,,,,,,,,,,,,,,,,,,,,,,,,,,,,,,,,,,,,,,,,,,,,,,,,,,,,,,,,,,,,,,,,,,,,,,,,,,,,,,,,,,,,,,,,,,,,,,,,,,,,,,,,,,,,,,,,,,,,,,,,,,,,,,,,,,,,,,,,,,,,,,,,,,,,,,,,,,,,,,,,,,,,,,,,,,,,,,,,,,,,,,,,,,,,,,,,,,,,,,,,,,,,,,,,,,,,,,,,,,,,,,,,,,,,,,,,,,,,,,,,,,,,,,,,,,,,,,,,,,,,,,,,,,,,,,,,,,,,,,,,,,,,,,,,,,,,,,,,,,,,,,,,,,,,,,,,,,,,,,,,,,,,,,,,,,,,,,,,,,,,,,,,,,,,,,,,,,,,,,,,,,,,,,,,,,,,,,,,,,,,,,,,,,,,,,,,,,,,,,,,,,,,,,,,,,,,,,,,,,,,,,,,,,,,,,,,,,,,,,,,,,,,,,,,,,,,,,,,,,,,,,,,,,,,,,,,,,,,,,,,,,,,,,,,,,,,,,,,,,,,,,,,,,,,,,,,,,,,,,,,,,,,,,,,,,,,,,,,,,,,,,,,,,,,,,,,,,,,,,,,,,,,,,,,,,,,,,,,,,,,,,,,,,,,,,,,,,,,,,,,,,,,,,,,,,,,,,,,,,,,,,,,,,,,,,,,,,,,,,,,,,,,,,,,,,,,,,,,,,,,,,,
POP_SIZE,300,100,150,int,Population size - reduced to prevent overfitting,,,,,,,,,,,,,,,,,,,,,,,,,,,,,,,,,,,,,,,,,,,,,,,,,,,,,,,,,,,,,,,,,,,,,,,,,,,,,,,,,,,,,,,,,,,,,,,,,,,,,,,,,,,,,,,,,,,,,,,,,,,,,,,,,,,,,,,,,,,,,,,,,,,,,,,,,,,,,,,,,,,,,,,,,,,,,,,,,,,,,,,,,,,,,,,,,,,,,,,,,,,,,,,,,,,,,,,,,,,,,,,,,,,,,,,,,,,,,,,,,,,,,,,,,,,,,,,,,,,,,,,,,,,,,,,,,,,,,,,,,,,,,,,,,,,,,,,,,,,,,,,,,,,,,,,,,,,,,,,,,,,,,,,,,,,,,,,,,,,,,,,,,,,,,,,,,,,,,,,,,,,,,,,,,,,,,,,,,,,,,,,,,,,,,,,,,,,,,,,,,,,,,,,,,,,,,,,,,,,,,,,,,,,,,,,,,,,,,,,,,,,,,,,,,,,,,,,,,,,,,,,,,,,,,,,,,,,,,,,,,,,,,,,,,,,,,,,,,,,,,,,,,,,,,,,,,,,,,,,,,,,,,,,,,,,,,,,,,,,,,,,,,,,,,,,,,,,,,,,,,,,,,,,,,,,,,,,,,,,,,,,,,,,,,,,,,,,,,,,,,,,,,,,,,,,,,,,,,,,,,,,,,,,,,,,,,,,,,,,,,,,,,,,,,,,,,,,,,,,,,,,,,,,,,,,,,,,,,,,,,,,,,,,,,,,,,,,,,,,,,,,,,,,,,,,,,,,,,,,,,,,,,,,,,,,,,,,,,,,,,,,,,,,,,,,,,,,,,,,,,,,,,,,,,,,,,,,,,,,,,,,,,,,,,,,,,,,,,,,,,,,,,,,,,,,,,,,,,,,,,,,,,,,,,,,,,,,,,,,,,,,,,,,,,,,,,,,,,,,,,,,,,,,,,,,,,,,,,,,,,,,,,,,,,,,,,,,,,,,,,,,,,,,,,,,,,,,,,,,,,,,,,,,,,,,,,,,,,,,,,,,,,,,,,,,,,,,,,,,,,,,,,,,,,,,,,,,,,,,,,,,,,,,,,,,,,,,,,,,,,,,,,,,,,,,,,,,,,,,,,,,,,,,,,,,,,,,,,,,,,,,,,,,,,,,,,,,,,,,,,,,,,,,,,,,,,,,,,,,,,,,,,,,,,,,,,,,,,,,,,,,,,,,
NUM_GEN,200,50,75,int,Number of generations - reduced to prevent overfitting,,,,,,,,,,,,,,,,,,,,,,,,,,,,,,,,,,,,,,,,,,,,,,,,,,,,,,,,,,,,,,,,,,,,,,,,,,,,,,,,,,,,,,,,,,,,,,,,,,,,,,,,,,,,,,,,,,,,,,,,,,,,,,,,,,,,,,,,,,,,,,,,,,,,,,,,,,,,,,,,,,,,,,,,,,,,,,,,,,,,,,,,,,,,,,,,,,,,,,,,,,,,,,,,,,,,,,,,,,,,,,,,,,,,,,,,,,,,,,,,,,,,,,,,,,,,,,,,,,,,,,,,,,,,,,,,,,,,,,,,,,,,,,,,,,,,,,,,,,,,,,,,,,,,,,,,,,,,,,,,,,,,,,,,,,,,,,,,,,,,,,,,,,,,,,,,,,,,,,,,,,,,,,,,,,,,,,,,,,,,,,,,,,,,,,,,,,,,,,,,,,,,,,,,,,,,,,,,,,,,,,,,,,,,,,,,,,,,,,,,,,,,,,,,,,,,,,,,,,,,,,,,,,,,,,,,,,,,,,,,,,,,,,,,,,,,,,,,,,,,,,,,,,,,,,,,,,,,,,,,,,,,,,,,,,,,,,,,,,,,,,,,,,,,,,,,,,,,,,,,,,,,,,,,,,,,,,,,,,,,,,,,,,,,,,,,,,,,,,,,,,,,,,,,,,,,,,,,,,,,,,,,,,,,,,,,,,,,,,,,,,,,,,,,,,,,,,,,,,,,,,,,,,,,,,,,,,,,,,,,,,,,,,,,,,,,,,,,,,,,,,,,,,,,,,,,,,,,,,,,,,,,,,,,,,,,,,,,,,,,,,,,,,,,,,,,,,,,,,,,,,,,,,,,,,,,,,,,,,,,,,,,,,,,,,,,,,,,,,,,,,,,,,,,,,,,,,,,,,,,,,,,,,,,,,,,,,,,,,,,,,,,,,,,,,,,,,,,,,,,,,,,,,,,,,,,,,,,,,,,,,,,,,,,,,,,,,,,,,,,,,,,,,,,,,,,,,,,,,,,,,,,,,,,,,,,,,,,,,,,,,,,,,,,,,,,,,,,,,,,,,,,,,,,,,,,,,,,,,,,,,,,,,,,,,,,,,,,,,,,,,,,,,,,,,,,,,,,,,,,,,,,,,,,,,,,,,,,,,,,,,,,,,,,,,,,,,,,,,,,,,,,,,,,,,,,,,,,,,,,,,,,,,,,,,,,,,,,,,,,,,,,,,,
CX_PB,0.7,0.5,0.9,float,Crossover probability,,,,,,,,,,,,,,,,,,,,,,,,,,,,,,,,,,,,,,,,,,,,,,,,,,,,,,,,,,,,,,,,,,,,,,,,,,,,,,,,,,,,,,,,,,,,,,,,,,,,,,,,,,,,,,,,,,,,,,,,,,,,,,,,,,,,,,,,,,,,,,,,,,,,,,,,,,,,,,,,,,,,,,,,,,,,,,,,,,,,,,,,,,,,,,,,,,,,,,,,,,,,,,,,,,,,,,,,,,,,,,,,,,,,,,,,,,,,,,,,,,,,,,,,,,,,,,,,,,,,,,,,,,,,,,,,,,,,,,,,,,,,,,,,,,,,,,,,,,,,,,,,,,,,,,,,,,,,,,,,,,,,,,,,,,,,,,,,,,,,,,,,,,,,,,,,,,,,,,,,,,,,,,,,,,,,,,,,,,,,,,,,,,,,,,,,,,,,,,,,,,,,,,,,,,,,,,,,,,,,,,,,,,,,,,,,,,,,,,,,,,,,,,,,,,,,,,,,,,,,,,,,,,,,,,,,,,,,,,,,,,,,,,,,,,,,,,,,,,,,,,,,,,,,,,,,,,,,,,,,,,,,,,,,,,,,,,,,,,,,,,,,,,,,,,,,,,,,,,,,,,,,,,,,,,,,,,,,,,,,,,,,,,,,,,,,,,,,,,,,,,,,,,,,,,,,,,,,,,,,,,,,,,,,,,,,,,,,,,,,,,,,,,,,,,,,,,,,,,,,,,,,,,,,,,,,,,,,,,,,,,,,,,,,,,,,,,,,,,,,,,,,,,,,,,,,,,,,,,,,,,,,,,,,,,,,,,,,,,,,,,,,,,,,,,,,,,,,,,,,,,,,,,,,,,,,,,,,,,,,,,,,,,,,,,,,,,,,,,,,,,,,,,,,,,,,,,,,,,,,,,,,,,,,,,,,,,,,,,,,,,,,,,,,,,,,,,,,,,,,,,,,,,,,,,,,,,,,,,,,,,,,,,,,,,,,,,,,,,,,,,,,,,,,,,,,,,,,,,,,,,,,,,,,,,,,,,,,,,,,,,,,,,,,,,,,,,,,,,,,,,,,,,,,,,,,,,,,,,,,,,,,,,,,,,,,,,,,,,,,,,,,,,,,,,,,,,,,,,,,,,,,,,,,,,,,,,,,,,,,,,,,,,,,,,,,,,,,,,,,,,,,,,,,,,,,,,,,,,,,,,,,,,,,,,,,,,,,,,,,,,,,,,,
MUT_PB,0.4,0.2,0.5,float,Mutation probability (increased from 0.35 for more exploration),,,,,,,,,,,,,,,,,,,,,,,,,,,,,,,,,,,,,,,,,,,,,,,,,,,,,,,,,,,,,,,,,,,,,,,,,,,,,,,,,,,,,,,,,,,,,,,,,,,,,,,,,,,,,,,,,,,,,,,,,,,,,,,,,,,,,,,,,,,,,,,,,,,,,,,,,,,,,,,,,,,,,,,,,,,,,,,,,,,,,,,,,,,,,,,,,,,,,,,,,,,,,,,,,,,,,,,,,,,,,,,,,,,,,,,,,,,,,,,,,,,,,,,,,,,,,,,,,,,,,,,,,,,,,,,,,,,,,,,,,,,,,,,,,,,,,,,,,,,,,,,,,,,,,,,,,,,,,,,,,,,,,,,,,,,,,,,,,,,,,,,,,,,,,,,,,,,,,,,,,,,,,,,,,,,,,,,,,,,,,,,,,,,,,,,,,,,,,,,,,,,,,,,,,,,,,,,,,,,,,,,,,,,,,,,,,,,,,,,,,,,,,,,,,,,,,,,,,,,,,,,,,,,,,,,,,,,,,,,,,,,,,,,,,,,,,,,,,,,,,,,,,,,,,,,,,,,,,,,,,,,,,,,,,,,,,,,,,,,,,,,,,,,,,,,,,,,,,,,,,,,,,,,,,,,,,,,,,,,,,,,,,,,,,,,,,,,,,,,,,,,,,,,,,,,,,,,,,,,,,,,,,,,,,,,,,,,,,,,,,,,,,,,,,,,,,,,,,,,,,,,,,,,,,,,,,,,,,,,,,,,,,,,,,,,,,,,,,,,,,,,,,,,,,,,,,,,,,,,,,,,,,,,,,,,,,,,,,,,,,,,,,,,,,,,,,,,,,,,,,,,,,,,,,,,,,,,,,,,,,,,,,,,,,,,,,,,,,,,,,,,,,,,,,,,,,,,,,,,,,,,,,,,,,,,,,,,,,,,,,,,,,,,,,,,,,,,,,,,,,,,,,,,,,,,,,,,,,,,,,,,,,,,,,,,,,,,,,,,,,,,,,,,,,,,,,,,,,,,,,,,,,,,,,,,,,,,,,,,,,,,,,,,,,,,,,,,,,,,,,,,,,,,,,,,,,,,,,,,,,,,,,,,,,,,,,,,,,,,,,,,,,,,,,,,,,,,,,,,,,,,,,,,,,,,,,,,,,,,,,,,,,,,,,,,,,,,,,,,,,,,,,,,,,,,,,,,,,,,,,,,,,,,,,,,,,,,,,,,,,,,,,,,
MUT_MU,0,-1,1,float,Mutation mean,,,,,,,,,,,,,,,,,,,,,,,,,,,,,,,,,,,,,,,,,,,,,,,,,,,,,,,,,,,,,,,,,,,,,,,,,,,,,,,,,,,,,,,,,,,,,,,,,,,,,,,,,,,,,,,,,,,,,,,,,,,,,,,,,,,,,,,,,,,,,,,,,,,,,,,,,,,,,,,,,,,,,,,,,,,,,,,,,,,,,,,,,,,,,,,,,,,,,,,,,,,,,,,,,,,,,,,,,,,,,,,,,,,,,,,,,,,,,,,,,,,,,,,,,,,,,,,,,,,,,,,,,,,,,,,,,,,,,,,,,,,,,,,,,,,,,,,,,,,,,,,,,,,,,,,,,,,,,,,,,,,,,,,,,,,,,,,,,,,,,,,,,,,,,,,,,,,,,,,,,,,,,,,,,,,,,,,,,,,,,,,,,,,,,,,,,,,,,,,,,,,,,,,,,,,,,,,,,,,,,,,,,,,,,,,,,,,,,,,,,,,,,,,,,,,,,,,,,,,,,,,,,,,,,,,,,,,,,,,,,,,,,,,,,,,,,,,,,,,,,,,,,,,,,,,,,,,,,,,,,,,,,,,,,,,,,,,,,,,,,,,,,,,,,,,,,,,,,,,,,,,,,,,,,,,,,,,,,,,,,,,,,,,,,,,,,,,,,,,,,,,,,,,,,,,,,,,,,,,,,,,,,,,,,,,,,,,,,,,,,,,,,,,,,,,,,,,,,,,,,,,,,,,,,,,,,,,,,,,,,,,,,,,,,,,,,,,,,,,,,,,,,,,,,,,,,,,,,,,,,,,,,,,,,,,,,,,,,,,,,,,,,,,,,,,,,,,,,,,,,,,,,,,,,,,,,,,,,,,,,,,,,,,,,,,,,,,,,,,,,,,,,,,,,,,,,,,,,,,,,,,,,,,,,,,,,,,,,,,,,,,,,,,,,,,,,,,,,,,,,,,,,,,,,,,,,,,,,,,,,,,,,,,,,,,,,,,,,,,,,,,,,,,,,,,,,,,,,,,,,,,,,,,,,,,,,,,,,,,,,,,,,,,,,,,,,,,,,,,,,,,,,,,,,,,,,,,,,,,,,,,,,,,,,,,,,,,,,,,,,,,,,,,,,,,,,,,,,,,,,,,,,,,,,,,,,,,,,,,,,,,,,,,,,,,,,,,,,,,,,,,,,,,,,,,,,,,,,,,,,,,,,,,,,,,,,,,,,,,,,,,,,,,
MUT_SIGMA,0.25,0.1,0.4,float,Mutation std dev,,,,,,,,,,,,,,,,,,,,,,,,,,,,,,,,,,,,,,,,,,,,,,,,,,,,,,,,,,,,,,,,,,,,,,,,,,,,,,,,,,,,,,,,,,,,,,,,,,,,,,,,,,,,,,,,,,,,,,,,,,,,,,,,,,,,,,,,,,,,,,,,,,,,,,,,,,,,,,,,,,,,,,,,,,,,,,,,,,,,,,,,,,,,,,,,,,,,,,,,,,,,,,,,,,,,,,,,,,,,,,,,,,,,,,,,,,,,,,,,,,,,,,,,,,,,,,,,,,,,,,,,,,,,,,,,,,,,,,,,,,,,,,,,,,,,,,,,,,,,,,,,,,,,,,,,,,,,,,,,,,,,,,,,,,,,,,,,,,,,,,,,,,,,,,,,,,,,,,,,,,,,,,,,,,,,,,,,,,,,,,,,,,,,,,,,,,,,,,,,,,,,,,,,,,,,,,,,,,,,,,,,,,,,,,,,,,,,,,,,,,,,,,,,,,,,,,,,,,,,,,,,,,,,,,,,,,,,,,,,,,,,,,,,,,,,,,,,,,,,,,,,,,,,,,,,,,,,,,,,,,,,,,,,,,,,,,,,,,,,,,,,,,,,,,,,,,,,,,,,,,,,,,,,,,,,,,,,,,,,,,,,,,,,,,,,,,,,,,,,,,,,,,,,,,,,,,,,,,,,,,,,,,,,,,,,,,,,,,,,,,,,,,,,,,,,,,,,,,,,,,,,,,,,,,,,,,,,,,,,,,,,,,,,,,,,,,,,,,,,,,,,,,,,,,,,,,,,,,,,,,,,,,,,,,,,,,,,,,,,,,,,,,,,,,,,,,,,,,,,,,,,,,,,,,,,,,,,,,,,,,,,,,,,,,,,,,,,,,,,,,,,,,,,,,,,,,,,,,,,,,,,,,,,,,,,,,,,,,,,,,,,,,,,,,,,,,,,,,,,,,,,,,,,,,,,,,,,,,,,,,,,,,,,,,,,,,,,,,,,,,,,,,,,,,,,,,,,,,,,,,,,,,,,,,,,,,,,,,,,,,,,,,,,,,,,,,,,,,,,,,,,,,,,,,,,,,,,,,,,,,,,,,,,,,,,,,,,,,,,,,,,,,,,,,,,,,,,,,,,,,,,,,,,,,,,,,,,,,,,,,,,,,,,,,,,,,,,,,,,,,,,,,,,,,,,,,,,,,,,,,,,,,,,,,,,,,,,,,,,,,,,,,,
TARGET_TRADES_DAY,5,1,4,int,Ideal trades/day - reduced to be more realistic for combined filters,,,,,,,,,,,,,,,,,,,,,,,,,,,,,,,,,,,,,,,,,,,,,,,,,,,,,,,,,,,,,,,,,,,,,,,,,,,,,,,,,,,,,,,,,,,,,,,,,,,,,,,,,,,,,,,,,,,,,,,,,,,,,,,,,,,,,,,,,,,,,,,,,,,,,,,,,,,,,,,,,,,,,,,,,,,,,,,,,,,,,,,,,,,,,,,,,,,,,,,,,,,,,,,,,,,,,,,,,,,,,,,,,,,,,,,,,,,,,,,,,,,,,,,,,,,,,,,,,,,,,,,,,,,,,,,,,,,,,,,,,,,,,,,,,,,,,,,,,,,,,,,,,,,,,,,,,,,,,,,,,,,,,,,,,,,,,,,,,,,,,,,,,,,,,,,,,,,,,,,,,,,,,,,,,,,,,,,,,,,,,,,,,,,,,,,,,,,,,,,,,,,,,,,,,,,,,,,,,,,,,,,,,,,,,,,,,,,,,,,,,,,,,,,,,,,,,,,,,,,,,,,,,,,,,,,,,,,,,,,,,,,,,,,,,,,,,,,,,,,,,,,,,,,,,,,,,,,,,,,,,,,,,,,,,,,,,,,,,,,,,,,,,,,,,,,,,,,,,,,,,,,,,,,,,,,,,,,,,,,,,,,,,,,,,,,,,,,,,,,,,,,,,,,,,,,,,,,,,,,,,,,,,,,,,,,,,,,,,,,,,,,,,,,,,,,,,,,,,,,,,,,,,,,,,,,,,,,,,,,,,,,,,,,,,,,,,,,,,,,,,,,,,,,,,,,,,,,,,,,,,,,,,,,,,,,,,,,,,,,,,,,,,,,,,,,,,,,,,,,,,,,,,,,,,,,,,,,,,,,,,,,,,,,,,,,,,,,,,,,,,,,,,,,,,,,,,,,,,,,,,,,,,,,,,,,,,,,,,,,,,,,,,,,,,,,,,,,,,,,,,,,,,,,,,,,,,,,,,,,,,,,,,,,,,,,,,,,,,,,,,,,,,,,,,,,,,,,,,,,,,,,,,,,,,,,,,,,,,,,,,,,,,,,,,,,,,,,,,,,,,,,,,,,,,,,,,,,,,,,,,,,,,,,,,,,,,,,,,,,,,,,,,,,,,,,,,,,,,,,,,,,,,,,,,,,,,,,,,,,,,,,,,,,,,,,,,,,,,,,,,,,,,,,,,,,,,,,,,,,,,,,,,,,,,,,,,,,,,,,,,,,,,,,
TRADES_PENALTY_WEIGHT,0.3,0.1,0.8,float,Penalty for excess trades - reduced to be less restrictive,,,,,,,,,,,,,,,,,,,,,,,,,,,,,,,,,,,,,,,,,,,,,,,,,,,,,,,,,,,,,,,,,,,,,,,,,,,,,,,,,,,,,,,,,,,,,,,,,,,,,,,,,,,,,,,,,,,,,,,,,,,,,,,,,,,,,,,,,,,,,,,,,,,,,,,,,,,,,,,,,,,,,,,,,,,,,,,,,,,,,,,,,,,,,,,,,,,,,,,,,,,,,,,,,,,,,,,,,,,,,,,,,,,,,,,,,,,,,,,,,,,,,,,,,,,,,,,,,,,,,,,,,,,,,,,,,,,,,,,,,,,,,,,,,,,,,,,,,,,,,,,,,,,,,,,,,,,,,,,,,,,,,,,,,,,,,,,,,,,,,,,,,,,,,,,,,,,,,,,,,,,,,,,,,,,,,,,,,,,,,,,,,,,,,,,,,,,,,,,,,,,,,,,,,,,,,,,,,,,,,,,,,,,,,,,,,,,,,,,,,,,,,,,,,,,,,,,,,,,,,,,,,,,,,,,,,,,,,,,,,,,,,,,,,,,,,,,,,,,,,,,,,,,,,,,,,,,,,,,,,,,,,,,,,,,,,,,,,,,,,,,,,,,,,,,,,,,,,,,,,,,,,,,,,,,,,,,,,,,,,,,,,,,,,,,,,,,,,,,,,,,,,,,,,,,,,,,,,,,,,,,,,,,,,,,,,,,,,,,,,,,,,,,,,,,,,,,,,,,,,,,,,,,,,,,,,,,,,,,,,,,,,,,,,,,,,,,,,,,,,,,,,,,,,,,,,,,,,,,,,,,,,,,,,,,,,,,,,,,,,,,,,,,,,,,,,,,,,,,,,,,,,,,,,,,,,,,,,,,,,,,,,,,,,,,,,,,,,,,,,,,,,,,,,,,,,,,,,,,,,,,,,,,,,,,,,,,,,,,,,,,,,,,,,,,,,,,,,,,,,,,,,,,,,,,,,,,,,,,,,,,,,,,,,,,,,,,,,,,,,,,,,,,,,,,,,,,,,,,,,,,,,,,,,,,,,,,,,,,,,,,,,,,,,,,,,,,,,,,,,,,,,,,,,,,,,,,,,,,,,,,,,,,,,,,,,,,,,,,,,,,,,,,,,,,,,,,,,,,,,,,,,,,,,,,,,,,,,,,,,,,,,,,,,,,,,,,,,,,,,,,,,,,,,,,,,,,,,,,,,,,,,,,,,,,,,,,,,,,,,,,,,,,
DD_WEIGHT,0.5,0.2,0.8,float,Drawdown penalty weight - increased to prioritize risk management,,,,,,,,,,,,,,,,,,,,,,,,,,,,,,,,,,,,,,,,,,,,,,,,,,,,,,,,,,,,,,,,,,,,,,,,,,,,,,,,,,,,,,,,,,,,,,,,,,,,,,,,,,,,,,,,,,,,,,,,,,,,,,,,,,,,,,,,,,,,,,,,,,,,,,,,,,,,,,,,,,,,,,,,,,,,,,,,,,,,,,,,,,,,,,,,,,,,,,,,,,,,,,,,,,,,,,,,,,,,,,,,,,,,,,,,,,,,,,,,,,,,,,,,,,,,,,,,,,,,,,,,,,,,,,,,,,,,,,,,,,,,,,,,,,,,,,,,,,,,,,,,,,,,,,,,,,,,,,,,,,,,,,,,,,,,,,,,,,,,,,,,,,,,,,,,,,,,,,,,,,,,,,,,,,,,,,,,,,,,,,,,,,,,,,,,,,,,,,,,,,,,,,,,,,,,,,,,,,,,,,,,,,,,,,,,,,,,,,,,,,,,,,,,,,,,,,,,,,,,,,,,,,,,,,,,,,,,,,,,,,,,,,,,,,,,,,,,,,,,,,,,,,,,,,,,,,,,,,,,,,,,,,,,,,,,,,,,,,,,,,,,,,,,,,,,,,,,,,,,,,,,,,,,,,,,,,,,,,,,,,,,,,,,,,,,,,,,,,,,,,,,,,,,,,,,,,,,,,,,,,,,,,,,,,,,,,,,,,,,,,,,,,,,,,,,,,,,,,,,,,,,,,,,,,,,,,,,,,,,,,,,,,,,,,,,,,,,,,,,,,,,,,,,,,,,,,,,,,,,,,,,,,,,,,,,,,,,,,,,,,,,,,,,,,,,,,,,,,,,,,,,,,,,,,,,,,,,,,,,,,,,,,,,,,,,,,,,,,,,,,,,,,,,,,,,,,,,,,,,,,,,,,,,,,,,,,,,,,,,,,,,,,,,,,,,,,,,,,,,,,,,,,,,,,,,,,,,,,,,,,,,,,,,,,,,,,,,,,,,,,,,,,,,,,,,,,,,,,,,,,,,,,,,,,,,,,,,,,,,,,,,,,,,,,,,,,,,,,,,,,,,,,,,,,,,,,,,,,,,,,,,,,,,,,,,,,,,,,,,,,,,,,,,,,,,,,,,,,,,,,,,,,,,,,,,,,,,,,,,,,,,,,,,,,,,,,,,,,,,,,,,,,,,,,,,,,,,,,,,,,,,,,,,,,,,,,,,,,,,,,,,,,,
DATA_SPLITS,0.65,0.6,0.7,float,In-sample fraction per period - 60-70% for better generalization (30-40% OOS),,,,,,,,,,,,,,,,,,,,,,,,,,,,,,,,,,,,,,,,,,,,,,,,,,,,,,,,,,,,,,,,,,,,,,,,,,,,,,,,,,,,,,,,,,,,,,,,,,,,,,,,,,,,,,,,,,,,,,,,,,,,,,,,,,,,,,,,,,,,,,,,,,,,,,,,,,,,,,,,,,,,,,,,,,,,,,,,,,,,,,,,,,,,,,,,,,,,,,,,,,,,,,,,,,,,,,,,,,,,,,,,,,,,,,,,,,,,,,,,,,,,,,,,,,,,,,,,,,,,,,,,,,,,,,,,,,,,,,,,,,,,,,,,,,,,,,,,,,,,,,,,,,,,,,,,,,,,,,,,,,,,,,,,,,,,,,,,,,,,,,,,,,,,,,,,,,,,,,,,,,,,,,,,,,,,,,,,,,,,,,,,,,,,,,,,,,,,,,,,,,,,,,,,,,,,,,,,,,,,,,,,,,,,,,,,,,,,,,,,,,,,,,,,,,,,,,,,,,,,,,,,,,,,,,,,,,,,,,,,,,,,,,,,,,,,,,,,,,,,,,,,,,,,,,,,,,,,,,,,,,,,,,,,,,,,,,,,,,,,,,,,,,,,,,,,,,,,,,,,,,,,,,,,,,,,,,,,,,,,,,,,,,,,,,,,,,,,,,,,,,,,,,,,,,,,,,,,,,,,,,,,,,,,,,,,,,,,,,,,,,,,,,,,,,,,,,,,,,,,,,,,,,,,,,,,,,,,,,,,,,,,,,,,,,,,,,,,,,,,,,,,,,,,,,,,,,,,,,,,,,,,,,,,,,,,,,,,,,,,,,,,,,,,,,,,,,,,,,,,,,,,,,,,,,,,,,,,,,,,,,,,,,,,,,,,,,,,,,,,,,,,,,,,,,,,,,,,,,,,,,,,,,,,,,,,,,,,,,,,,,,,,,,,,,,,,,,,,,,,,,,,,,,,,,,,,,,,,,,,,,,,,,,,,,,,,,,,,,,,,,,,,,,,,,,,,,,,,,,,,,,,,,,,,,,,,,,,,,,,,,,,,,,,,,,,,,,,,,,,,,,,,,,,,,,,,,,,,,,,,,,,,,,,,,,,,,,,,,,,,,,,,,,,,,,,,,,,,,,,,,,,,,,,,,,,,,,,,,,,,,,,,,,,,,,,,,,,,,,,,,,,,,,,,,,,,,,,,,,,,,,,,,,,,,,,,,,,,,,,,,,,,,,
DATA_SIZE,0,0,10000000,int,Rows to subsample (0 = full dataset),,,,,,,,,,,,,,,,,,,,,,,,,,,,,,,,,,,,,,,,,,,,,,,,,,,,,,,,,,,,,,,,,,,,,,,,,,,,,,,,,,,,,,,,,,,,,,,,,,,,,,,,,,,,,,,,,,,,,,,,,,,,,,,,,,,,,,,,,,,,,,,,,,,,,,,,,,,,,,,,,,,,,,,,,,,,,,,,,,,,,,,,,,,,,,,,,,,,,,,,,,,,,,,,,,,,,,,,,,,,,,,,,,,,,,,,,,,,,,,,,,,,,,,,,,,,,,,,,,,,,,,,,,,,,,,,,,,,,,,,,,,,,,,,,,,,,,,,,,,,,,,,,,,,,,,,,,,,,,,,,,,,,,,,,,,,,,,,,,,,,,,,,,,,,,,,,,,,,,,,,,,,,,,,,,,,,,,,,,,,,,,,,,,,,,,,,,,,,,,,,,,,,,,,,,,,,,,,,,,,,,,,,,,,,,,,,,,,,,,,,,,,,,,,,,,,,,,,,,,,,,,,,,,,,,,,,,,,,,,,,,,,,,,,,,,,,,,,,,,,,,,,,,,,,,,,,,,,,,,,,,,,,,,,,,,,,,,,,,,,,,,,,,,,,,,,,,,,,,,,,,,,,,,,,,,,,,,,,,,,,,,,,,,,,,,,,,,,,,,,,,,,,,,,,,,,,,,,,,,,,,,,,,,,,,,,,,,,,,,,,,,,,,,,,,,,,,,,,,,,,,,,,,,,,,,,,,,,,,,,,,,,,,,,,,,,,,,,,,,,,,,,,,,,,,,,,,,,,,,,,,,,,,,,,,,,,,,,,,,,,,,,,,,,,,,,,,,,,,,,,,,,,,,,,,,,,,,,,,,,,,,,,,,,,,,,,,,,,,,,,,,,,,,,,,,,,,,,,,,,,,,,,,,,,,,,,,,,,,,,,,,,,,,,,,,,,,,,,,,,,,,,,,,,,,,,,,,,,,,,,,,,,,,,,,,,,,,,,,,,,,,,,,,,,,,,,,,,,,,,,,,,,,,,,,,,,,,,,,,,,,,,,,,,,,,,,,,,,,,,,,,,,,,,,,,,,,,,,,,,,,,,,,,,,,,,,,,,,,,,,,,,,,,,,,,,,,,,,,,,,,,,,,,,,,,,,,,,,,,,,,,,,,,,,,,,,,,,,,,,,,,,,,,,,,,,,,,,,,,,,,,,,,,,,,,,,,,,,,,,,,,,,,,
USE_INTERLEAVED_SPLIT,true,false,true,bool,Use interleaved IS/OOS periods instead of single split,,,,,,,,,,,,,,,,,,,,,,,,,,,,,,,,,,,,,,,,,,,,,,,,,,,,,,,,,,,,,,,,,,,,,,,,,,,,,,,,,,,,,,,,,,,,,,,,,,,,,,,,,,,,,,,,,,,,,,,,,,,,,,,,,,,,,,,,,,,,,,,,,,,,,,,,,,,,,,,,,,,,,,,,,,,,,,,,,,,,,,,,,,,,,,,,,,,,,,,,,,,,,,,,,,,,,,,,,,,,,,,,,,,,,,,,,,,,,,,,,,,,,,,,,,,,,,,,,,,,,,,,,,,,,,,,,,,,,,,,,,,,,,,,,,,,,,,,,,,,,,,,,,,,,,,,,,,,,,,,,,,,,,,,,,,,,,,,,,,,,,,,,,,,,,,,,,,,,,,,,,,,,,,,,,,,,,,,,,,,,,,,,,,,,,,,,,,,,,,,,,,,,,,,,,,,,,,,,,,,,,,,,,,,,,,,,,,,,,,,,,,,,,,,,,,,,,,,,,,,,,,,,,,,,,,,,,,,,,,,,,,,,,,,,,,,,,,,,,,,,,,,,,,,,,,,,,,,,,,,,,,,,,,,,,,,,,,,,,,,,,,,,,,,,,,,,,,,,,,,,,,,,,,,,,,,,,,,,,,,,,,,,,,,,,,,,,,,,,,,,,,,,,,,,,,,,,,,,,,,,,,,,,,,,,,,,,,,,,,,,,,,,,,,,,,,,,,,,,,,,,,,,,,,,,,,,,,,,,,,,,,,,,,,,,,,,,,,,,,,,,,,,,,,,,,,,,,,,,,,,,,,,,,,,,,,,,,,,,,,,,,,,,,,,,,,,,,,,,,,,,,,,,,,,,,,,,,,,,,,,,,,,,,,,,,,,,,,,,,,,,,,,,,,,,,,,,,,,,,,,,,,,,,,,,,,,,,,,,,,,,,,,,,,,,,,,,,,,,,,,,,,,,,,,,,,,,,,,,,,,,,,,,,,,,,,,,,,,,,,,,,,,,,,,,,,,,,,,,,,,,,,,,,,,,,,,,,,,,,,,,,,,,,,,,,,,,,,,,,,,,,,,,,,,,,,,,,,,,,,,,,,,,,,,,,,,,,,,,,,,,,,,,,,,,,,,,,,,,,,,,,,,,,,,,,,,,,,,,,,,,,,,,,,,,,,,,,,,,,,,,,,,,,,,,,,,,,,,,,,,,,,,,,,,,,,,,,,,,,,,,,,,,,
NUM_SPLIT_PERIODS,5,3,7,int,Number of alternating periods (IS-OOS-IS-OOS-IS) - odd number recommended,,,,,,,,,,,,,,,,,,,,,,,,,,,,,,,,,,,,,,,,,,,,,,,,,,,,,,,,,,,,,,,,,,,,,,,,,,,,,,,,,,,,,,,,,,,,,,,,,,,,,,,,,,,,,,,,,,,,,,,,,,,,,,,,,,,,,,,,,,,,,,,,,,,,,,,,,,,,,,,,,,,,,,,,,,,,,,,,,,,,,,,,,,,,,,,,,,,,,,,,,,,,,,,,,,,,,,,,,,,,,,,,,,,,,,,,,,,,,,,,,,,,,,,,,,,,,,,,,,,,,,,,,,,,,,,,,,,,,,,,,,,,,,,,,,,,,,,,,,,,,,,,,,,,,,,,,,,,,,,,,,,,,,,,,,,,,,,,,,,,,,,,,,,,,,,,,,,,,,,,,,,,,,,,,,,,,,,,,,,,,,,,,,,,,,,,,,,,,,,,,,,,,,,,,,,,,,,,,,,,,,,,,,,,,,,,,,,,,,,,,,,,,,,,,,,,,,,,,,,,,,,,,,,,,,,,,,,,,,,,,,,,,,,,,,,,,,,,,,,,,,,,,,,,,,,,,,,,,,,,,,,,,,,,,,,,,,,,,,,,,,,,,,,,,,,,,,,,,,,,,,,,,,,,,,,,,,,,,,,,,,,,,,,,,,,,,,,,,,,,,,,,,,,,,,,,,,,,,,,,,,,,,,,,,,,,,,,,,,,,,,,,,,,,,,,,,,,,,,,,,,,,,,,,,,,,,,,,,,,,,,,,,,,,,,,,,,,,,,,,,,,,,,,,,,,,,,,,,,,,,,,,,,,,,,,,,,,,,,,,,,,,,,,,,,,,,,,,,,,,,,,,,,,,,,,,,,,,,,,,,,,,,,,,,,,,,,,,,,,,,,,,,,,,,,,,,,,,,,,,,,,,,,,,,,,,,,,,,,,,,,,,,,,,,,,,,,,,,,,,,,,,,,,,,,,,,,,,,,,,,,,,,,,,,,,,,,,,,,,,,,,,,,,,,,,,,,,,,,,,,,,,,,,,,,,,,,,,,,,,,,,,,,,,,,,,,,,,,,,,,,,,,,,,,,,,,,,,,,,,,,,,,,,,,,,,,,,,,,,,,,,,,,,,,,,,,,,,,,,,,,,,,,,,,,,,,,,,,,,,,,,,,,,,,,,,,,,,,,,,,,,,,,,,,,,,,,,,,,,,,,,,,,,,,,,,,,,,,,,,,,,,,,,
MIN_TRADES_DAY,2,0.5,2,float,MUST have at least 0.1 trades/day (approx 1 per 2 weeks) - relaxed for combined logic,,,,,,,,,,,,,,,,,,,,,,,,,,,,,,,,,,,,,,,,,,,,,,,,,,,,,,,,,,,,,,,,,,,,,,,,,,,,,,,,,,,,,,,,,,,,,,,,,,,,,,,,,,,,,,,,,,,,,,,,,,,,,,,,,,,,,,,,,,,,,,,,,,,,,,,,,,,,,,,,,,,,,,,,,,,,,,,,,,,,,,,,,,,,,,,,,,,,,,,,,,,,,,,,,,,,,,,,,,,,,,,,,,,,,,,,,,,,,,,,,,,,,,,,,,,,,,,,,,,,,,,,,,,,,,,,,,,,,,,,,,,,,,,,,,,,,,,,,,,,,,,,,,,,,,,,,,,,,,,,,,,,,,,,,,,,,,,,,,,,,,,,,,,,,,,,,,,,,,,,,,,,,,,,,,,,,,,,,,,,,,,,,,,,,,,,,,,,,,,,,,,,,,,,,,,,,,,,,,,,,,,,,,,,,,,,,,,,,,,,,,,,,,,,,,,,,,,,,,,,,,,,,,,,,,,,,,,,,,,,,,,,,,,,,,,,,,,,,,,,,,,,,,,,,,,,,,,,,,,,,,,,,,,,,,,,,,,,,,,,,,,,,,,,,,,,,,,,,,,,,,,,,,,,,,,,,,,,,,,,,,,,,,,,,,,,,,,,,,,,,,,,,,,,,,,,,,,,,,,,,,,,,,,,,,,,,,,,,,,,,,,,,,,,,,,,,,,,,,,,,,,,,,,,,,,,,,,,,,,,,,,,,,,,,,,,,,,,,,,,,,,,,,,,,,,,,,,,,,,,,,,,,,,,,,,,,,,,,,,,,,,,,,,,,,,,,,,,,,,,,,,,,,,,,,,,,,,,,,,,,,,,,,,,,,,,,,,,,,,,,,,,,,,,,,,,,,,,,,,,,,,,,,,,,,,,,,,,,,,,,,,,,,,,,,,,,,,,,,,,,,,,,,,,,,,,,,,,,,,,,,,,,,,,,,,,,,,,,,,,,,,,,,,,,,,,,,,,,,,,,,,,,,,,,,,,,,,,,,,,,,,,,,,,,,,,,,,,,,,,,,,,,,,,,,,,,,,,,,,,,,,,,,,,,,,,,,,,,,,,,,,,,,,,,,,,,,,,,,,,,,,,,,,,,,,,,,,,,,,,,,,,,,,,,,,,,,,,,,,,,,,,,,,,,,,,,,,,,,,,,,,,,,,,,,,,,,,,,,,,,,,,,,,
MIN_TRADES_PEN_WEIGHT,-500,-200,-50,float,Scalar penalty — zero trades = -50 (Less harsh death penalty),,,,,,,,,,,,,,,,,,,,,,,,,,,,,,,,,,,,,,,,,,,,,,,,,,,,,,,,,,,,,,,,,,,,,,,,,,,,,,,,,,,,,,,,,,,,,,,,,,,,,,,,,,,,,,,,,,,,,,,,,,,,,,,,,,,,,,,,,,,,,,,,,,,,,,,,,,,,,,,,,,,,,,,,,,,,,,,,,,,,,,,,,,,,,,,,,,,,,,,,,,,,,,,,,,,,,,,,,,,,,,,,,,,,,,,,,,,,,,,,,,,,,,,,,,,,,,,,,,,,,,,,,,,,,,,,,,,,,,,,,,,,,,,,,,,,,,,,,,,,,,,,,,,,,,,,,,,,,,,,,,,,,,,,,,,,,,,,,,,,,,,,,,,,,,,,,,,,,,,,,,,,,,,,,,,,,,,,,,,,,,,,,,,,,,,,,,,,,,,,,,,,,,,,,,,,,,,,,,,,,,,,,,,,,,,,,,,,,,,,,,,,,,,,,,,,,,,,,,,,,,,,,,,,,,,,,,,,,,,,,,,,,,,,,,,,,,,,,,,,,,,,,,,,,,,,,,,,,,,,,,,,,,,,,,,,,,,,,,,,,,,,,,,,,,,,,,,,,,,,,,,,,,,,,,,,,,,,,,,,,,,,,,,,,,,,,,,,,,,,,,,,,,,,,,,,,,,,,,,,,,,,,,,,,,,,,,,,,,,,,,,,,,,,,,,,,,,,,,,,,,,,,,,,,,,,,,,,,,,,,,,,,,,,,,,,,,,,,,,,,,,,,,,,,,,,,,,,,,,,,,,,,,,,,,,,,,,,,,,,,,,,,,,,,,,,,,,,,,,,,,,,,,,,,,,,,,,,,,,,,,,,,,,,,,,,,,,,,,,,,,,,,,,,,,,,,,,,,,,,,,,,,,,,,,,,,,,,,,,,,,,,,,,,,,,,,,,,,,,,,,,,,,,,,,,,,,,,,,,,,,,,,,,,,,,,,,,,,,,,,,,,,,,,,,,,,,,,,,,,,,,,,,,,,,,,,,,,,,,,,,,,,,,,,,,,,,,,,,,,,,,,,,,,,,,,,,,,,,,,,,,,,,,,,,,,,,,,,,,,,,,,,,,,,,,,,,,,,,,,,,,,,,,,,,,,,,,,,,,,,,,,,,,,,,,,,,,,,,,,,,,,,,,,,,,,,,,,,,,,,,,,,,,,,,,,,,,,,,,,,,,,,,,
NORM_SORTINO_MAX,10,5,20,float,Normalization range for Sortino Ratio (used in fitness calculation),,,,,,,,,,,,,,,,,,,,,,,,,,,,,,,,,,,,,,,,,,,,,,,,,,,,,,,,,,,,,,,,,,,,,,,,,,,,,,,,,,,,,,,,,,,,,,,,,,,,,,,,,,,,,,,,,,,,,,,,,,,,,,,,,,,,,,,,,,,,,,,,,,,,,,,,,,,,,,,,,,,,,,,,,,,,,,,,,,,,,,,,,,,,,,,,,,,,,,,,,,,,,,,,,,,,,,,,,,,,,,,,,,,,,,,,,,,,,,,,,,,,,,,,,,,,,,,,,,,,,,,,,,,,,,,,,,,,,,,,,,,,,,,,,,,,,,,,,,,,,,,,,,,,,,,,,,,,,,,,,,,,,,,,,,,,,,,,,,,,,,,,,,,,,,,,,,,,,,,,,,,,,,,,,,,,,,,,,,,,,,,,,,,,,,,,,,,,,,,,,,,,,,,,,,,,,,,,,,,,,,,,,,,,,,,,,,,,,,,,,,,,,,,,,,,,,,,,,,,,,,,,,,,,,,,,,,,,,,,,,,,,,,,,,,,,,,,,,,,,,,,,,,,,,,,,,,,,,,,,,,,,,,,,,,,,,,,,,,,,,,,,,,,,,,,,,,,,,,,,,,,,,,,,,,,,,,,,,,,,,,,,,,,,,,,,,,,,,,,,,,,,,,,,,,,,,,,,,,,,,,,,,,,,,,,,,,,,,,,,,,,,,,,,,,,,,,,,,,,,,,,,,,,,,,,,,,,,,,,,,,,,,,,,,,,,,,,,,,,,,,,,,,,,,,,,,,,,,,,,,,,,,,,,,,,,,,,,,,,,,,,,,,,,,,,,,,,,,,,,,,,,,,,,,,,,,,,,,,,,,,,,,,,,,,,,,,,,,,,,,,,,,,,,,,,,,,,,,,,,,,,,,,,,,,,,,,,,,,,,,,,,,,,,,,,,,,,,,,,,,,,,,,,,,,,,,,,,,,,,,,,,,,,,,,,,,,,,,,,,,,,,,,,,,,,,,,,,,,,,,,,,,,,,,,,,,,,,,,,,,,,,,,,,,,,,,,,,,,,,,,,,,,,,,,,,,,,,,,,,,,,,,,,,,,,,,,,,,,,,,,,,,,,,,,,,,,,,,,,,,,,,,,,,,,,,,,,,,,,,,,,,,,,,,,,,,,,,,,,,,,,,,,,,,,,,,,,,,,,,,,,,,,,,,,,,,,,,,,,,,,,,,,,
NORM_DD_MAX,50000,50000,200000,float,Normalization range for Max Drawdown in dollars (used in fitness calculation),,,,,,,,,,,,,,,,,,,,,,,,,,,,,,,,,,,,,,,,,,,,,,,,,,,,,,,,,,,,,,,,,,,,,,,,,,,,,,,,,,,,,,,,,,,,,,,,,,,,,,,,,,,,,,,,,,,,,,,,,,,,,,,,,,,,,,,,,,,,,,,,,,,,,,,,,,,,,,,,,,,,,,,,,,,,,,,,,,,,,,,,,,,,,,,,,,,,,,,,,,,,,,,,,,,,,,,,,,,,,,,,,,,,,,,,,,,,,,,,,,,,,,,,,,,,,,,,,,,,,,,,,,,,,,,,,,,,,,,,,,,,,,,,,,,,,,,,,,,,,,,,,,,,,,,,,,,,,,,,,,,,,,,,,,,,,,,,,,,,,,,,,,,,,,,,,,,,,,,,,,,,,,,,,,,,,,,,,,,,,,,,,,,,,,,,,,,,,,,,,,,,,,,,,,,,,,,,,,,,,,,,,,,,,,,,,,,,,,,,,,,,,,,,,,,,,,,,,,,,,,,,,,,,,,,,,,,,,,,,,,,,,,,,,,,,,,,,,,,,,,,,,,,,,,,,,,,,,,,,,,,,,,,,,,,,,,,,,,,,,,,,,,,,,,,,,,,,,,,,,,,,,,,,,,,,,,,,,,,,,,,,,,,,,,,,,,,,,,,,,,,,,,,,,,,,,,,,,,,,,,,,,,,,,,,,,,,,,,,,,,,,,,,,,,,,,,,,,,,,,,,,,,,,,,,,,,,,,,,,,,,,,,,,,,,,,,,,,,,,,,,,,,,,,,,,,,,,,,,,,,,,,,,,,,,,,,,,,,,,,,,,,,,,,,,,,,,,,,,,,,,,,,,,,,,,,,,,,,,,,,,,,,,,,,,,,,,,,,,,,,,,,,,,,,,,,,,,,,,,,,,,,,,,,,,,,,,,,,,,,,,,,,,,,,,,,,,,,,,,,,,,,,,,,,,,,,,,,,,,,,,,,,,,,,,,,,,,,,,,,,,,,,,,,,,,,,,,,,,,,,,,,,,,,,,,,,,,,,,,,,,,,,,,,,,,,,,,,,,,,,,,,,,,,,,,,,,,,,,,,,,,,,,,,,,,,,,,,,,,,,,,,,,,,,,,,,,,,,,,,,,,,,,,,,,,,,,,,,,,,,,,,,,,,,,,,,,,,,,,,,,,,,,,,,,,,,,,,,,,,,,,,,,,,,,,,,,,,,,,,,,,,,,
NORM_PF_MAX,5,3,10,float,Normalization range for Profit Factor (used in fitness calculation),,,,,,,,,,,,,,,,,,,,,,,,,,,,,,,,,,,,,,,,,,,,,,,,,,,,,,,,,,,,,,,,,,,,,,,,,,,,,,,,,,,,,,,,,,,,,,,,,,,,,,,,,,,,,,,,,,,,,,,,,,,,,,,,,,,,,,,,,,,,,,,,,,,,,,,,,,,,,,,,,,,,,,,,,,,,,,,,,,,,,,,,,,,,,,,,,,,,,,,,,,,,,,,,,,,,,,,,,,,,,,,,,,,,,,,,,,,,,,,,,,,,,,,,,,,,,,,,,,,,,,,,,,,,,,,,,,,,,,,,,,,,,,,,,,,,,,,,,,,,,,,,,,,,,,,,,,,,,,,,,,,,,,,,,,,,,,,,,,,,,,,,,,,,,,,,,,,,,,,,,,,,,,,,,,,,,,,,,,,,,,,,,,,,,,,,,,,,,,,,,,,,,,,,,,,,,,,,,,,,,,,,,,,,,,,,,,,,,,,,,,,,,,,,,,,,,,,,,,,,,,,,,,,,,,,,,,,,,,,,,,,,,,,,,,,,,,,,,,,,,,,,,,,,,,,,,,,,,,,,,,,,,,,,,,,,,,,,,,,,,,,,,,,,,,,,,,,,,,,,,,,,,,,,,,,,,,,,,,,,,,,,,,,,,,,,,,,,,,,,,,,,,,,,,,,,,,,,,,,,,,,,,,,,,,,,,,,,,,,,,,,,,,,,,,,,,,,,,,,,,,,,,,,,,,,,,,,,,,,,,,,,,,,,,,,,,,,,,,,,,,,,,,,,,,,,,,,,,,,,,,,,,,,,,,,,,,,,,,,,,,,,,,,,,,,,,,,,,,,,,,,,,,,,,,,,,,,,,,,,,,,,,,,,,,,,,,,,,,,,,,,,,,,,,,,,,,,,,,,,,,,,,,,,,,,,,,,,,,,,,,,,,,,,,,,,,,,,,,,,,,,,,,,,,,,,,,,,,,,,,,,,,,,,,,,,,,,,,,,,,,,,,,,,,,,,,,,,,,,,,,,,,,,,,,,,,,,,,,,,,,,,,,,,,,,,,,,,,,,,,,,,,,,,,,,,,,,,,,,,,,,,,,,,,,,,,,,,,,,,,,,,,,,,,,,,,,,,,,,,,,,,,,,,,,,,,,,,,,,,,,,,,,,,,,,,,,,,,,,,,,,,,,,,,,,,,,,,,,,,,,,,,,,,,,,,,,,,,,,,,,,,,,,
NORM_TRADES_MAX,3,1,5,float,Normalization range for Avg Trades/Day (used in fitness calculation) - reduced to 3.0 for realistic expectations,,,,,,,,,,,,,,,,,,,,,,,,,,,,,,,,,,,,,,,,,,,,,,,,,,,,,,,,,,,,,,,,,,,,,,,,,,,,,,,,,,,,,,,,,,,,,,,,,,,,,,,,,,,,,,,,,,,,,,,,,,,,,,,,,,,,,,,,,,,,,,,,,,,,,,,,,,,,,,,,,,,,,,,,,,,,,,,,,,,,,,,,,,,,,,,,,,,,,,,,,,,,,,,,,,,,,,,,,,,,,,,,,,,,,,,,,,,,,,,,,,,,,,,,,,,,,,,,,,,,,,,,,,,,,,,,,,,,,,,,,,,,,,,,,,,,,,,,,,,,,,,,,,,,,,,,,,,,,,,,,,,,,,,,,,,,,,,,,,,,,,,,,,,,,,,,,,,,,,,,,,,,,,,,,,,,,,,,,,,,,,,,,,,,,,,,,,,,,,,,,,,,,,,,,,,,,,,,,,,,,,,,,,,,,,,,,,,,,,,,,,,,,,,,,,,,,,,,,,,,,,,,,,,,,,,,,,,,,,,,,,,,,,,,,,,,,,,,,,,,,,,,,,,,,,,,,,,,,,,,,,,,,,,,,,,,,,,,,,,,,,,,,,,,,,,,,,,,,,,,,,,,,,,,,,,,,,,,,,,,,,,,,,,,,,,,,,,,,,,,,,,,,,,,,,,,,,,,,,,,,,,,,,,,,,,,,,,,,,,,,,,,,,,,,,,,,,,,,,,,,,,,,,,,,,,,,,,,,,,,,,,,,,,,,,,,,,,,,,,,,,,,,,,,,,,,,,,,,,,,,,,,,,,,,,,,,,,,,,,,,,,,,,,,,,,,,,,,,,,,,,,,,,,,,,,,,,,,,,,,,,,,,,,,,,,,,,,,,,,,,,,,,,,,,,,,,,,,,,,,,,,,,,,,,,,,,,,,,,,,,,,,,,,,,,,,,,,,,,,,,,,,,,,,,,,,,,,,,,,,,,,,,,,,,,,,,,,,,,,,,,,,,,,,,,,,,,,,,,,,,,,,,,,,,,,,,,,,,,,,,,,,,,,,,,,,,,,,,,,,,,,,,,,,,,,,,,,,,,,,,,,,,,,,,,,,,,,,,,,,,,,,,,,,,,,,,,,,,,,,,,,,,,,,,,,,,,,,,,,,,,,,,,,,,,,,,,,,,,,,,,,,,,,,,,,,,,,,,,,,,,,,,,,,,,,,,,,,,,,,,,,,,,,
NORM_PNL_MAX,650000,100000,1000000,float,Normalization range for Total Profit in dollars (used in fitness calculation) - increased to prevent maxing out,,,,,,,,,,,,,,,,,,,,,,,,,,,,,,,,,,,,,,,,,,,,,,,,,,,,,,,,,,,,,,,,,,,,,,,,,,,,,,,,,,,,,,,,,,,,,,,,,,,,,,,,,,,,,,,,,,,,,,,,,,,,,,,,,,,,,,,,,,,,,,,,,,,,,,,,,,,,,,,,,,,,,,,,,,,,,,,,,,,,,,,,,,,,,,,,,,,,,,,,,,,,,,,,,,,,,,,,,,,,,,,,,,,,,,,,,,,,,,,,,,,,,,,,,,,,,,,,,,,,,,,,,,,,,,,,,,,,,,,,,,,,,,,,,,,,,,,,,,,,,,,,,,,,,,,,,,,,,,,,,,,,,,,,,,,,,,,,,,,,,,,,,,,,,,,,,,,,,,,,,,,,,,,,,,,,,,,,,,,,,,,,,,,,,,,,,,,,,,,,,,,,,,,,,,,,,,,,,,,,,,,,,,,,,,,,,,,,,,,,,,,,,,,,,,,,,,,,,,,,,,,,,,,,,,,,,,,,,,,,,,,,,,,,,,,,,,,,,,,,,,,,,,,,,,,,,,,,,,,,,,,,,,,,,,,,,,,,,,,,,,,,,,,,,,,,,,,,,,,,,,,,,,,,,,,,,,,,,,,,,,,,,,,,,,,,,,,,,,,,,,,,,,,,,,,,,,,,,,,,,,,,,,,,,,,,,,,,,,,,,,,,,,,,,,,,,,,,,,,,,,,,,,,,,,,,,,,,,,,,,,,,,,,,,,,,,,,,,,,,,,,,,,,,,,,,,,,,,,,,,,,,,,,,,,,,,,,,,,,,,,,,,,,,,,,,,,,,,,,,,,,,,,,,,,,,,,,,,,,,,,,,,,,,,,,,,,,,,,,,,,,,,,,,,,,,,,,,,,,,,,,,,,,,,,,,,,,,,,,,,,,,,,,,,,,,,,,,,,,,,,,,,,,,,,,,,,,,,,,,,,,,,,,,,,,,,,,,,,,,,,,,,,,,,,,,,,,,,,,,,,,,,,,,,,,,,,,,,,,,,,,,,,,,,,,,,,,,,,,,,,,,,,,,,,,,,,,,,,,,,,,,,,,,,,,,,,,,,,,,,,,,,,,,,,,,,,,,,,,,,,,,,,,,,,,,,,,,,,,,,,,,,,,,,,,,,,,,,,,,,,,,,,,,,,,,,,,,,,,,,,,,,,,,,,,,,,,,,,,,,,,,,,,
NORM_PROFIT_TRADE_MAX,60,100,500,float,Normalization range for Avg Profit Per Trade (used in fitness calculation),,,,,,,,,,,,,,,,,,,,,,,,,,,,,,,,,,,,,,,,,,,,,,,,,,,,,,,,,,,,,,,,,,,,,,,,,,,,,,,,,,,,,,,,,,,,,,,,,,,,,,,,,,,,,,,,,,,,,,,,,,,,,,,,,,,,,,,,,,,,,,,,,,,,,,,,,,,,,,,,,,,,,,,,,,,,,,,,,,,,,,,,,,,,,,,,,,,,,,,,,,,,,,,,,,,,,,,,,,,,,,,,,,,,,,,,,,,,,,,,,,,,,,,,,,,,,,,,,,,,,,,,,,,,,,,,,,,,,,,,,,,,,,,,,,,,,,,,,,,,,,,,,,,,,,,,,,,,,,,,,,,,,,,,,,,,,,,,,,,,,,,,,,,,,,,,,,,,,,,,,,,,,,,,,,,,,,,,,,,,,,,,,,,,,,,,,,,,,,,,,,,,,,,,,,,,,,,,,,,,,,,,,,,,,,,,,,,,,,,,,,,,,,,,,,,,,,,,,,,,,,,,,,,,,,,,,,,,,,,,,,,,,,,,,,,,,,,,,,,,,,,,,,,,,,,,,,,,,,,,,,,,,,,,,,,,,,,,,,,,,,,,,,,,,,,,,,,,,,,,,,,,,,,,,,,,,,,,,,,,,,,,,,,,,,,,,,,,,,,,,,,,,,,,,,,,,,,,,,,,,,,,,,,,,,,,,,,,,,,,,,,,,,,,,,,,,,,,,,,,,,,,,,,,,,,,,,,,,,,,,,,,,,,,,,,,,,,,,,,,,,,,,,,,,,,,,,,,,,,,,,,,,,,,,,,,,,,,,,,,,,,,,,,,,,,,,,,,,,,,,,,,,,,,,,,,,,,,,,,,,,,,,,,,,,,,,,,,,,,,,,,,,,,,,,,,,,,,,,,,,,,,,,,,,,,,,,,,,,,,,,,,,,,,,,,,,,,,,,,,,,,,,,,,,,,,,,,,,,,,,,,,,,,,,,,,,,,,,,,,,,,,,,,,,,,,,,,,,,,,,,,,,,,,,,,,,,,,,,,,,,,,,,,,,,,,,,,,,,,,,,,,,,,,,,,,,,,,,,,,,,,,,,,,,,,,,,,,,,,,,,,,,,,,,,,,,,,,,,,,,,,,,,,,,,,,,,,,,,,,,,,,,,,,,,,,,,,,,,,,,,,,,,,,,,,,,,,,,,,,,,,,,,,,,,,,,,,,,,,,,,,,,,,
MIN_WIN_RATE,0.4,0.3,0.5,float,Minimum win rate threshold (hard constraint - strategies below this are eliminated),,,,,,,,,,,,,,,,,,,,,,,,,,,,,,,,,,,,,,,,,,,,,,,,,,,,,,,,,,,,,,,,,,,,,,,,,,,,,,,,,,,,,,,,,,,,,,,,,,,,,,,,,,,,,,,,,,,,,,,,,,,,,,,,,,,,,,,,,,,,,,,,,,,,,,,,,,,,,,,,,,,,,,,,,,,,,,,,,,,,,,,,,,,,,,,,,,,,,,,,,,,,,,,,,,,,,,,,,,,,,,,,,,,,,,,,,,,,,,,,,,,,,,,,,,,,,,,,,,,,,,,,,,,,,,,,,,,,,,,,,,,,,,,,,,,,,,,,,,,,,,,,,,,,,,,,,,,,,,,,,,,,,,,,,,,,,,,,,,,,,,,,,,,,,,,,,,,,,,,,,,,,,,,,,,,,,,,,,,,,,,,,,,,,,,,,,,,,,,,,,,,,,,,,,,,,,,,,,,,,,,,,,,,,,,,,,,,,,,,,,,,,,,,,,,,,,,,,,,,,,,,,,,,,,,,,,,,,,,,,,,,,,,,,,,,,,,,,,,,,,,,,,,,,,,,,,,,,,,,,,,,,,,,,,,,,,,,,,,,,,,,,,,,,,,,,,,,,,,,,,,,,,,,,,,,,,,,,,,,,,,,,,,,,,,,,,,,,,,,,,,,,,,,,,,,,,,,,,,,,,,,,,,,,,,,,,,,,,,,,,,,,,,,,,,,,,,,,,,,,,,,,,,,,,,,,,,,,,,,,,,,,,,,,,,,,,,,,,,,,,,,,,,,,,,,,,,,,,,,,,,,,,,,,,,,,,,,,,,,,,,,,,,,,,,,,,,,,,,,,,,,,,,,,,,,,,,,,,,,,,,,,,,,,,,,,,,,,,,,,,,,,,,,,,,,,,,,,,,,,,,,,,,,,,,,,,,,,,,,,,,,,,,,,,,,,,,,,,,,,,,,,,,,,,,,,,,,,,,,,,,,,,,,,,,,,,,,,,,,,,,,,,,,,,,,,,,,,,,,,,,,,,,,,,,,,,,,,,,,,,,,,,,,,,,,,,,,,,,,,,,,,,,,,,,,,,,,,,,,,,,,,,,,,,,,,,,,,,,,,,,,,,,,,,,,,,,,,,,,,,,,,,,,,,,,,,,,,,,,,,,,,,,,,,,,,,,,,,,,,,,,,,,,,,,,,,,,,,,,,,,,,,,,,,,,,,,,,,,,,,,,,,,,
SORTINO_CAP,10,5,20,float,Maximum Sortino value before capping (prevents unrealistic values),,,,,,,,,,,,,,,,,,,,,,,,,,,,,,,,,,,,,,,,,,,,,,,,,,,,,,,,,,,,,,,,,,,,,,,,,,,,,,,,,,,,,,,,,,,,,,,,,,,,,,,,,,,,,,,,,,,,,,,,,,,,,,,,,,,,,,,,,,,,,,,,,,,,,,,,,,,,,,,,,,,,,,,,,,,,,,,,,,,,,,,,,,,,,,,,,,,,,,,,,,,,,,,,,,,,,,,,,,,,,,,,,,,,,,,,,,,,,,,,,,,,,,,,,,,,,,,,,,,,,,,,,,,,,,,,,,,,,,,,,,,,,,,,,,,,,,,,,,,,,,,,,,,,,,,,,,,,,,,,,,,,,,,,,,,,,,,,,,,,,,,,,,,,,,,,,,,,,,,,,,,,,,,,,,,,,,,,,,,,,,,,,,,,,,,,,,,,,,,,,,,,,,,,,,,,,,,,,,,,,,,,,,,,,,,,,,,,,,,,,,,,,,,,,,,,,,,,,,,,,,,,,,,,,,,,,,,,,,,,,,,,,,,,,,,,,,,,,,,,,,,,,,,,,,,,,,,,,,,,,,,,,,,,,,,,,,,,,,,,,,,,,,,,,,,,,,,,,,,,,,,,,,,,,,,,,,,,,,,,,,,,,,,,,,,,,,,,,,,,,,,,,,,,,,,,,,,,,,,,,,,,,,,,,,,,,,,,,,,,,,,,,,,,,,,,,,,,,,,,,,,,,,,,,,,,,,,,,,,,,,,,,,,,,,,,,,,,,,,,,,,,,,,,,,,,,,,,,,,,,,,,,,,,,,,,,,,,,,,,,,,,,,,,,,,,,,,,,,,,,,,,,,,,,,,,,,,,,,,,,,,,,,,,,,,,,,,,,,,,,,,,,,,,,,,,,,,,,,,,,,,,,,,,,,,,,,,,,,,,,,,,,,,,,,,,,,,,,,,,,,,,,,,,,,,,,,,,,,,,,,,,,,,,,,,,,,,,,,,,,,,,,,,,,,,,,,,,,,,,,,,,,,,,,,,,,,,,,,,,,,,,,,,,,,,,,,,,,,,,,,,,,,,,,,,,,,,,,,,,,,,,,,,,,,,,,,,,,,,,,,,,,,,,,,,,,,,,,,,,,,,,,,,,,,,,,,,,,,,,,,,,,,,,,,,,,,,,,,,,,,,,,,,,,,,,,,,,,,,,,,,,,,,,,,,,,,,,,,,,,,,,,,,
=== SOLUTION STATISTICS ===,,,,,,,,,,,,,,,,,,,,,,,,,,,,,,,,,,,,,,,,,,,,,,,,,,,,,,,,,,,,,,,,,,,,,,,,,,,,,,,,,,,,,,,,,,,,,,,,,,,,,,,,,,,,,,,,,,,,,,,,,,,,,,,,,,,,,,,,,,,,,,,,,,,,,,,,,,,,,,,,,,,,,,,,,,,,,,,,,,,,,,,,,,,,,,,,,,,,,,,,,,,,,,,,,,,,,,,,,,,,,,,,,,,,,,,,,,,,,,,,,,,,,,,,,,,,,,,,,,,,,,,,,,,,,,,,,,,,,,,,,,,,,,,,,,,,,,,,,,,,,,,,,,,,,,,,,,,,,,,,,,,,,,,,,,,,,,,,,,,,,,,,,,,,,,,,,,,,,,,,,,,,,,,,,,,,,,,,,,,,,,,,,,,,,,,,,,,,,,,,,,,,,,,,,,,,,,,,,,,,,,,,,,,,,,,,,,,,,,,,,,,,,,,,,,,,,,,,,,,,,,,,,,,,,,,,,,,,,,,,,,,,,,,,,,,,,,,,,,,,,,,,,,,,,,,,,,,,,,,,,,,,,,,,,,,,,,,,,,,,,,,,,,,,,,,,,,,,,,,,,,,,,,,,,,,,,,,,,,,,,,,,,,,,,,,,,,,,,,,,,,,,,,,,,,,,,,,,,,,,,,,,,,,,,,,,,,,,,,,,,,,,,,,,,,,,,,,,,,,,,,,,,,,,,,,,,,,,,,,,,,,,,,,,,,,,,,,,,,,,,,,,,,,,,,,,,,,,,,,,,,,,,,,,,,,,,,,,,,,,,,,,,,,,,,,,,,,,,,,,,,,,,,,,,,,,,,,,,,,,,,,,,,,,,,,,,,,,,,,,,,,,,,,,,,,,,,,,,,,,,,,,,,,,,,,,,,,,,,,,,,,,,,,,,,,,,,,,,,,,,,,,,,,,,,,,,,,,,,,,,,,,,,,,,,,,,,,,,,,,,,,,,,,,,,,,,,,,,,,,,,,,,,,,,,,,,,,,,,,,,,,,,,,,,,,,,,,,,,,,,,,,,,,,,,,,,,,,,,,,,,,,,,,,,,,,,,,,,,,,,,,,,,,,,,,,,,,,,,,,,,,,,,,,,,,,,,,,,,,,,,,,,,,,,,,,,,,,,,,,,,,,,,,,,,,,,,,,,,,,,,,,,,,,,,,,,,,,,,,,,,,,,,,,,,,,
Sortino Ratio,,,,statistic,Sortino Ratio for each solution,0.0864,0.0827,0.0824,0.0824,0.0815,0.0815,0.0815,0.0809,0.0808,0.0797,0.0793,0.0793,0.0793,0.0792,0.0774,0.0774,0.0773,0.0772,0.0767,0.0765,0.0742,0.0742,0.0741,0.0737,0.0735,0.0732,0.0730,0.0730,0.0728,0.0728,0.0727,0.0726,0.0725,0.0722,0.0721,0.0719,0.0718,0.0718,0.0716,0.0715,0.0715,0.0712,0.0711,0.0709,0.0709,0.0707,0.0706,0.0705,0.0703,0.0701,0.0700,0.0699,0.0697,0.0693,0.0693,0.0693,0.0693,0.0692,0.0691,0.0689,0.0689,0.0687,0.0687,0.0686,0.0686,0.0686,0.0684,0.0683,0.0683,0.0681,0.0681,0.0679,0.0677,0.0677,0.0675,0.0675,0.0673,0.0673,0.0670,0.0670,0.0668,0.0668,0.0667,0.0665,0.0664,0.0664,0.0664,0.0662,0.0661,0.0660,0.0658,0.0656,0.0656,0.0654,0.0654,0.0652,0.0651,0.0651,0.0650,0.0650,0.0650,0.0650,0.0649,0.0647,0.0647,0.0646,0.0646,0.0645,0.0645,0.0645,0.0644,0.0644,0.0643,0.0642,0.0641,0.0641,0.0641,0.0640,0.0640,0.0639,0.0638,0.0635,0.0633,0.0633,0.0633,0.0631,0.0630,0.0628,0.0627,0.0627,0.0626,0.0626,0.0626,0.0625,0.0624,0.0623,0.0622,0.0622,0.0622,0.0621,0.0619,0.0619,0.0618,0.0617,0.0616,0.0615,0.0615,0.0612,0.0612,0.0610,0.0610,0.0609,0.0609,0.0609,0.0609,0.0609,0.0608,0.0607,0.0606,0.0605,0.0604,0.0603,0.0603,0.0603,0.0602,0.0602,0.0602,0.0601,0.0600,0.0599,0.0599,0.0599,0.0598,0.0598,0.0597,0.0597,0.0597,0.0597,0.0596,0.0596,0.0596,0.0595,0.0595,0.0595,0.0595,0.0594,0.0594,0.0593,0.0593,0.0593,0.0593,0.0593,0.0592,0.0589,0.0588,0.0588,0.0588,0.0588,0.0587,0.0586,0.0585,0.0584,0.0584,0.0584,0.0583,0.0582,0.0582,0.0582,0.0581,0.0580,0.0580,0.0579,0.0577,0.0577,0.0575,0.0574,0.0573,0.0573,0.0573,0.0572,0.0572,0.0571,0.0571,0.0570,0.0569,0.0568,0.0567,0.0567,0.0566,0.0566,0.0566,0.0566,0.0566,0.0564,0.0563,0.0563,0.0563,0.0561,0.0561,0.0560,0.0558,0.0558,0.0558,0.0556,0.0556,0.0555,0.0554,0.0554,0.0554,0.0553,0.0550,0.0550,0.0549,0.0549,0.0549,0.0548,0.0548,0.0547,0.0546,0.0546,0.0546,0.0546,0.0546,0.0546,0.0546,0.0545,0.0545,0.0544,0.0544,0.0544,0.0544,0.0543,0.0543,0.0543,0.0542,0.0540,0.0540,0.0540,0.0540,0.0540,0.0539,0.0539,0.0539,0.0538,0.0538,0.0538,0.0538,0.0536,0.0535,0.0534,0.0534,0.0534,0.0533,0.0533,0.0532,0.0532,0.0532,0.0530,0.0530,0.0529,0.0529,0.0527,0.0526,0.0525,0.0525,0.0525,0.0524,0.0524,0.0524,0.0521,0.0521,0.0519,0.0518,0.0518,0.0518,0.0517,0.0517,0.0516,0.0516,0.0515,0.0515,0.0514,0.0513,0.0513,0.0513,0.0513,0.0512,0.0512,0.0512,0.0511,0.0509,0.0508,0.0508,0.0507,0.0507,0.0507,0.0506,0.0504,0.0502,0.0501,0.0500,0.0500,0.0499,0.0499,0.0498,0.0498,0.0497,0.0497,0.0496,0.0496,0.0495,0.0495,0.0495,0.0495,0.0495,0.0495,0.0493,0.0493,0.0492,0.0491,0.0491,0.0491,0.0491,0.0491,0.0491,0.0490,0.0490,0.0490,0.0489,0.0489,0.0489,0.0489,0.0488,0.0488,0.0488,0.0488,0.0486,0.0486,0.0486,0.0485,0.0484,0.0484,0.0484,0.0484,0.0483,0.0483,0.0483,0.0482,0.0482,0.0481,0.0481,0.0480,0.0480,0.0480,0.0480,0.0479,0.0479,0.0478,0.0476,0.0476,0.0474,0.0474,0.0474,0.0474,0.0473,0.0472,0.0471,0.0470,0.0470,0.0469,0.0469,0.0469,0.0468,0.0468,0.0468,0.0468,0.0466,0.0466,0.0465,0.0465,0.0464,0.0463,0.0463,0.0462,0.0462,0.0462,0.0462,0.0461,0.0461,0.0460,0.0460,0.0460,0.0459,0.0459,0.0459,0.0458,0.0458,0.0457,0.0457,0.0456,0.0455,0.0455,0.0455,0.0455,0.0455,0.0453,0.0453,0.0452,0.0452,0.0452,0.0451,0.0450,0.0449,0.0448,0.0448,0.0448,0.0448,0.0447,0.0446,0.0446,0.0445,0.0445,0.0444,0.0444,0.0444,0.0443,0.0442,0.0442,0.0442,0.0441,0.0441,0.0440,0.0440,0.0440,0.0439,0.0439,0.0439,0.0438,0.0437,0.0437,0.0437,0.0437,0.0437,0.0436,0.0436,0.0436,0.0436,0.0435,0.0434,0.0434,0.0433,0.0433,0.0433,0.0432,0.0432,0.0432,0.0432,0.0431,0.0431,0.0431,0.0431,0.0431,0.0430,0.0430,0.0430,0.0430,0.0429,0.0429,0.0429,0.0428,0.0428,0.0427,0.0426,0.0426,0.0425,0.0424,0.0424,0.0422,0.0421,0.0420,0.0419,0.0419,0.0418,0.0418,0.0418,0.0418,0.0417,0.0416,0.0415,0.0413,0.0412,0.0411,0.0411,0.0411,0.0411,0.0411,0.0410,0.0410,0.0409,0.0408,0.0408,0.0408,0.0408,0.0408,0.0407,0.0405,0.0404,0.0404,0.0404,0.0404,0.0404,0.0402,0.0402,0.0401,0.0401,0.0401,0.0401,0.0401,0.0401,0.0401,0.0400,0.0400,0.0400,0.0399,0.0399,0.0399,0.0398,0.0398,0.0397,0.0397,0.0397,0.0397,0.0396,0.0396,0.0395,0.0395,0.0394,0.0393,0.0393,0.0392,0.0391,0.0389,0.0389,0.0388,0.0388,0.0388,0.0387,0.0386,0.0385,0.0385,0.0383,0.0382,0.0382,0.0382,0.0381,0.0381,0.0381,0.0381,0.0379,0.0378,0.0377,0.0377,0.0376,0.0376,0.0375,0.0375,0.0374,0.0374,0.0374,0.0373,0.0370,0.0370,0.0370,0.0369,0.0369,0.0368,0.0367,0.0367,0.0367,0.0367,0.0366,0.0366,0.0365,0.0365,0.0364,0.0363,0.0363,0.0362,0.0362,0.0361,0.0361,0.0360,0.0359,0.0359,0.0359,0.0358,0.0358,0.0356,0.0356,0.0355,0.0354,0.0354,0.0353,0.0352,0.0352,0.0352,0.0352,0.0351,0.0350,0.0349,0.0348,0.0348,0.0348,0.0347,0.0347,0.0346,0.0346,0.0346,0.0346,0.0346,0.0346,0.0346,0.0344,0.0344,0.0343,0.0343,0.0342,0.0342,0.0342,0.0341,0.0341,0.0341,0.0341,0.0341,0.0340,0.0339,0.0339,0.0339,0.0339,0.0339,0.0337,0.0337,0.0337,0.0337,0.0336,0.0335,0.0335,0.0334,0.0333,0.0333,0.0333,0.0333,0.0333,0.0333,0.0332,0.0332,0.0332,0.0331,0.0330,0.0330,0.0329,0.0329,0.0329,0.0328,0.0328,0.0327,0.0327,0.0326,0.0326,0.0326,0.0326,0.0326,0.0325,0.0325,0.0324,0.0323,0.0322,0.0322,0.0321,0.0321,0.0321,0.0320,0.0319,0.0319,0.0319,0.0318,0.0317,0.0317,0.0316,0.0316,0.0315,0.0315,0.0315,0.0314,0.0313,0.0313,0.0313,0.0313,0.0312,0.0312,0.0311,0.0310,0.0309,0.0309,0.0309,0.0308,0.0308,0.0308,0.0307,0.0307,0.0307,0.0307,0.0307,0.0306,0.0306,0.0305,0.0305,0.0305,0.0305,0.0305,0.0305,0.0304,0.0304,0.0304,0.0303,0.0302,0.0302,0.0301,0.0301,0.0300,0.0299,0.0298,0.0297,0.0297,0.0296,0.0296,0.0296,0.0296,0.0295,0.0295,0.0295,0.0294,0.0294,0.0293,0.0293,0.0293,0.0293,0.0292,0.0291,0.0291,0.0291,0.0290,0.0289,0.0289,0.0288,0.0287,0.0287,0.0287,0.0286,0.0285,0.0285,0.0285,0.0285,0.0285,0.0285,0.0284,0.0284,0.0284,0.0284,0.0284,0.0283,0.0283,0.0282,0.0282,0.0282,0.0281,0.0281,0.0280,0.0280,0.0279,0.0279,0.0279,0.0278,0.0278,0.0278,0.0277,0.0277,0.0277,0.0276,0.0276,0.0276,0.0275,0.0274,0.0274,0.0274,0.0273,0.0273,0.0273,0.0272,0.0272,0.0272,0.0272,0.0272,0.0272,0.0272,0.0272,0.0272,0.0271,0.0270,0.0270,0.0269,0.0269,0.0269,0.0268,0.0268,0.0268,0.0267,0.0267,0.0267,0.0266,0.0265,0.0265,0.0265,0.0264,0.0264,0.0264,0.0264,0.0263,0.0263,0.0263,0.0263,0.0262,0.0261,0.0260,0.0260,0.0259,0.0259,0.0259,0.0258,0.0258,0.0258,0.0257,0.0256,0.0256,0.0256,0.0255,0.0255,0.0255,0.0255,0.0255,0.0254,0.0253,0.0253,0.0252,0.0252,0.0251,0.0250,0.0249,0.0249,0.0248,0.0248,0.0248,0.0248,0.0247,0.0247,0.0247,0.0247,0.0245,0.0245,0.0245,0.0245,0.0245,0.0244,0.0244,0.0243,0.0243,0.0243,0.0242,0.0242,0.0242,0.0242,0.0242,0.0242,0.0241,0.0241,0.0240,0.0240,0.0239,0.0239,0.0237,0.0236,0.0236,0.0235,0.0235,0.0234,0.0234,0.0234,0.0233,0.0232,0.0232,0.0231,0.0229,0.0228,0.0226,0.0225,0.0224,0.0223,0.0223,0.0222,0.0222,0.0220,0.0220,0.0220,0.0220,0.0220,0.0220,0.0219,0.0219,0.0219,0.0218,0.0218,0.0218,0.0218,0.0217,0.0217,0.0216,0.0216,0.0215,0.0214,0.0214,0.0213,0.0213,0.0213,0.0212,0.0211,0.0211,0.0209,0.0207,0.0207,0.0205,0.0203,0.0203,0.0202,0.0202,0.0201,0.0199,0.0199,0.0198,0.0195,0.0194,0.0193,0.0192,0.0192,0.0191,0.0190,0.0187,0.0186,0.0186,0.0186,0.0186,0.0185,0.0184,0.0182,0.0181,0.0180,0.0180,0.0179,0.0179,0.0179,0.0178,0.0177,0.0176,0.0175,0.0175,0.0175,0.0174,0.0172,0.0172,0.0172,0.0171,0.0171,0.0171,0.0170,0.0170,0.0170,0.0167,0.0167,0.0165,0.0164,0.0161,0.0160,0.0160,0.0159,0.0155,0.0151,0.0148,0.0147,0.0147,0.0146,0.0144,0.0144,0.0143,0.0142,0.0141,0.0139,0.0139,0.0138,0.0138,0.0138,0.0138,0.0136,0.0135,0.0133,0.0128,0.0128,0.0126,0.0124,0.0120,0.0120,0.0118,0.0109,0.0109,0.0108,0.0107,0.0105,0.0102,0.0102,0.0101,0.0101,0.0099,0.0099,0.0099,0.0098,0.0097,0.0095,0.0095,0.0095,0.0094,0.0092,0.0092,0.0089,0.0089,0.0089,0.0088,0.0088,0.0081,0.0072,0.0072,0.0070,0.0068,0.0066,0.0058,0.0058,0.0056,0.0055,0.0054,0.0052,0.0051,0.0047,0.0047,0.0046,0.0044,0.0042,0.0038,0.0022,0.0015,0.0009
Max Drawdown ($),,,,statistic,Max Drawdown ($) for each solution,$0.40,$0.45,$0.47,$0.57,$0.40,$0.41,$0.45,$0.52,$0.56,$0.38,$0.55,$0.42,$0.42,$0.45,$0.48,$0.47,$0.40,$0.50,$0.47,$0.39,$0.40,$0.37,$0.44,$0.47,$0.38,$0.40,$0.51,$0.50,$0.43,$0.41,$0.49,$0.41,$0.44,$0.50,$0.44,$0.40,$0.52,$0.48,$0.61,$0.46,$0.54,$0.31,$0.48,$0.48,$0.42,$0.38,$0.46,$0.42,$0.51,$0.37,$0.45,$0.66,$0.50,$0.42,$0.36,$0.42,$0.44,$0.41,$0.43,$0.46,$0.39,$0.39,$0.41,$0.45,$0.36,$0.49,$0.34,$0.57,$0.44,$0.44,$0.54,$0.43,$0.46,$0.47,$0.39,$0.34,$0.38,$0.53,$0.43,$0.52,$0.51,$0.38,$0.53,$0.34,$0.33,$0.35,$0.50,$0.49,$0.41,$0.43,$0.47,$0.55,$0.51,$0.39,$0.57,$0.47,$0.47,$0.45,$0.51,$0.42,$0.38,$0.43,$0.35,$0.39,$0.43,$0.38,$0.55,$0.49,$0.40,$0.54,$0.38,$0.51,$0.37,$0.51,$0.50,$0.49,$0.45,$0.47,$0.38,$0.53,$0.54,$0.49,$0.50,$0.40,$0.44,$0.41,$0.52,$0.49,$0.48,$0.48,$0.48,$0.50,$0.38,$0.49,$0.43,$0.49,$0.47,$0.46,$0.46,$0.53,$0.51,$0.51,$0.45,$0.38,$0.40,$0.49,$0.35,$0.43,$0.39,$0.42,$0.39,$0.48,$0.46,$0.45,$0.45,$0.51,$0.39,$0.48,$0.41,$0.39,$0.40,$0.44,$0.45,$0.45,$0.47,$0.37,$0.63,$0.52,$0.56,$0.47,$0.36,$0.45,$0.42,$0.44,$0.62,$0.57,$0.51,$0.48,$0.40,$0.39,$0.39,$0.44,$0.47,$0.47,$0.40,$0.43,$0.39,$0.41,$0.48,$0.44,$0.58,$0.43,$0.39,$0.38,$0.56,$0.47,$0.47,$0.47,$0.49,$0.49,$0.36,$0.49,$0.47,$0.44,$0.33,$0.49,$0.36,$0.48,$0.47,$0.52,$0.47,$0.59,$0.37,$0.37,$0.38,$0.44,$0.41,$0.36,$0.41,$0.44,$0.49,$0.41,$0.43,$0.33,$0.54,$0.44,$0.37,$0.44,$0.47,$0.42,$0.40,$0.65,$0.45,$0.46,$0.32,$0.41,$0.39,$0.41,$0.38,$0.46,$0.45,$0.44,$0.49,$0.51,$0.53,$0.53,$0.44,$0.42,$0.44,$0.56,$0.46,$0.56,$0.52,$0.49,$0.50,$0.54,$0.37,$0.47,$0.49,$0.55,$0.38,$0.44,$0.40,$0.42,$0.44,$0.44,$0.46,$0.46,$0.40,$0.35,$0.41,$0.48,$0.49,$0.40,$0.47,$0.48,$0.43,$0.41,$0.36,$0.48,$0.48,$0.50,$0.44,$0.57,$0.48,$0.43,$0.53,$0.47,$0.55,$0.47,$0.54,$0.47,$0.41,$0.40,$0.46,$0.52,$0.49,$0.52,$0.46,$0.46,$0.49,$0.42,$0.50,$0.43,$0.37,$0.42,$0.50,$0.43,$0.43,$0.39,$0.40,$0.44,$0.45,$0.42,$0.45,$0.43,$0.47,$0.46,$0.45,$0.43,$0.53,$0.91,$0.43,$0.45,$0.44,$0.45,$0.39,$0.45,$0.54,$0.49,$0.48,$0.48,$0.65,$0.58,$0.53,$0.59,$0.40,$0.44,$0.44,$0.49,$0.57,$0.32,$0.58,$0.43,$0.51,$0.47,$0.54,$0.46,$0.43,$0.42,$0.47,$0.58,$0.49,$0.40,$0.47,$0.39,$0.40,$0.47,$0.42,$0.50,$0.47,$0.48,$0.53,$0.49,$0.39,$0.60,$0.43,$0.50,$0.55,$0.47,$0.41,$0.44,$0.41,$0.63,$0.57,$0.56,$0.62,$0.46,$0.49,$0.56,$0.52,$0.64,$0.45,$0.43,$0.58,$0.33,$0.50,$0.31,$0.57,$0.52,$0.92,$0.45,$0.45,$0.51,$0.41,$0.51,$0.53,$0.44,$0.57,$0.31,$0.44,$0.90,$0.54,$0.43,$0.47,$0.57,$0.50,$0.44,$0.54,$0.44,$0.55,$0.51,$0.36,$0.53,$0.46,$0.43,$0.47,$0.48,$0.48,$0.52,$0.45,$0.40,$0.64,$0.41,$0.54,$0.62,$0.45,$0.44,$0.47,$0.45,$0.63,$0.46,$0.46,$0.42,$0.31,$0.60,$0.64,$0.47,$0.53,$0.43,$0.47,$0.53,$0.48,$1.09,$0.43,$0.48,$0.68,$0.82,$0.67,$0.65,$0.49,$0.50,$0.45,$0.48,$0.54,$0.39,$0.47,$0.56,$0.49,$0.44,$0.55,$1.04,$0.51,$0.46,$0.54,$0.62,$0.40,$0.45,$0.47,$0.62,$0.56,$0.58,$0.59,$0.61,$0.52,$0.50,$0.56,$0.51,$0.59,$0.43,$0.47,$0.56,$0.73,$0.62,$0.41,$0.37,$0.48,$0.43,$0.51,$0.60,$0.50,$0.55,$0.58,$0.48,$0.49,$0.68,$0.44,$0.52,$0.44,$0.39,$0.56,$0.53,$0.55,$0.53,$0.48,$0.63,$0.66,$0.66,$0.51,$0.41,$0.56,$0.45,$0.49,$0.44,$0.63,$0.46,$0.62,$0.52,$0.66,$1.03,$0.63,$0.45,$0.66,$0.56,$0.53,$0.50,$0.56,$0.45,$0.44,$0.47,$0.55,$0.58,$0.59,$0.46,$0.47,$0.57,$0.46,$0.61,$0.60,$0.53,$0.49,$0.58,$0.61,$0.60,$0.54,$0.51,$0.46,$0.73,$0.57,$0.56,$0.58,$0.54,$0.52,$0.44,$0.53,$0.53,$0.62,$0.59,$0.71,$0.56,$0.68,$0.34,$0.77,$0.34,$0.67,$0.61,$0.45,$0.41,$0.57,$0.54,$0.69,$0.47,$0.58,$0.50,$0.59,$0.53,$0.52,$0.60,$0.68,$0.67,$0.63,$0.64,$0.92,$0.52,$0.45,$0.62,$0.64,$0.69,$0.47,$0.50,$0.59,$0.67,$0.69,$0.58,$0.58,$0.55,$0.51,$0.50,$0.53,$0.57,$0.72,$0.68,$0.54,$0.52,$0.49,$0.83,$0.67,$0.64,$0.51,$0.63,$0.58,$0.50,$0.60,$0.70,$0.68,$0.59,$0.67,$0.42,$1.22,$1.16,$0.45,$0.54,$0.58,$0.71,$0.65,$0.59,$0.48,$0.64,$0.77,$1.05,$0.76,$0.69,$0.77,$0.58,$0.62,$0.70,$0.54,$0.72,$0.63,$0.54,$0.63,$0.69,$1.14,$0.64,$0.80,$0.87,$0.65,$0.89,$1.10,$0.57,$0.67,$0.68,$1.18,$0.68,$0.70,$0.57,$0.68,$0.63,$0.46,$0.59,$0.79,$0.66,$0.78,$0.64,$0.55,$0.56,$0.61,$0.75,$1.24,$0.57,$0.53,$0.63,$0.56,$0.81,$0.63,$0.74,$0.68,$0.46,$0.94,$1.19,$0.63,$0.53,$0.73,$1.00,$0.64,$0.56,$1.24,$0.77,$0.66,$0.68,$0.74,$0.64,$0.74,$0.74,$1.20,$0.64,$1.15,$0.73,$0.61,$0.44,$0.66,$0.54,$0.60,$0.74,$0.64,$0.46,$0.63,$0.78,$0.62,$0.85,$0.65,$1.15,$0.68,$0.43,$0.57,$0.93,$0.56,$0.76,$0.98,$0.54,$0.58,$0.53,$0.72,$0.64,$0.75,$0.64,$0.64,$0.66,$0.77,$0.65,$0.78,$0.40,$0.86,$0.81,$0.62,$1.28,$0.77,$0.65,$0.76,$0.62,$0.81,$0.80,$0.69,$0.65,$0.60,$0.60,$0.67,$0.57,$1.23,$0.58,$0.59,$0.52,$0.57,$0.74,$1.36,$0.82,$0.54,$0.71,$0.65,$0.61,$0.62,$0.68,$0.84,$0.79,$0.61,$1.03,$0.86,$0.75,$0.78,$0.67,$0.77,$0.83,$0.85,$0.54,$0.57,$0.90,$0.67,$0.60,$1.06,$0.96,$0.65,$0.71,$0.65,$0.85,$1.11,$0.75,$1.17,$0.79,$0.83,$0.75,$0.71,$1.26,$1.09,$0.73,$0.66,$1.13,$0.41,$0.89,$0.64,$0.50,$1.06,$0.80,$0.76,$0.80,$0.78,$0.81,$0.65,$0.71,$0.62,$0.75,$0.65,$0.90,$0.58,$0.63,$1.04,$0.80,$0.84,$0.88,$0.70,$0.68,$1.25,$0.78,$0.71,$0.66,$0.73,$0.78,$0.88,$0.83,$1.05,$0.81,$0.78,$0.85,$0.72,$0.89,$0.84,$0.64,$0.71,$0.81,$0.68,$0.77,$0.75,$0.91,$0.79,$0.74,$0.74,$0.63,$0.73,$0.78,$0.81,$1.14,$0.90,$1.23,$0.70,$0.70,$0.75,$0.70,$0.79,$0.80,$0.67,$0.69,$0.70,$1.08,$0.80,$0.74,$0.69,$1.26,$0.77,$0.69,$0.75,$0.69,$0.92,$0.70,$0.75,$0.80,$0.77,$0.75,$0.59,$0.71,$0.75,$0.77,$0.73,$1.24,$0.55,$0.86,$0.71,$0.75,$0.76,$0.85,$0.70,$0.52,$0.75,$0.71,$0.69,$0.69,$0.93,$0.88,$1.05,$0.89,$0.71,$0.83,$0.78,$0.82,$1.18,$1.18,$0.84,$0.87,$0.62,$0.72,$1.18,$0.80,$0.75,$0.52,$0.70,$0.68,$0.71,$0.72,$0.69,$0.66,$0.85,$0.62,$0.91,$0.96,$0.73,$0.74,$1.02,$0.86,$0.73,$1.01,$0.58,$0.89,$0.71,$0.99,$0.94,$0.99,$0.78,$0.77,$0.51,$0.87,$0.52,$0.74,$0.96,$0.98,$1.01,$0.77,$0.86,$0.94,$0.68,$0.90,$0.83,$0.75,$0.88,$0.74,$0.89,$0.71,$0.56,$1.15,$0.59,$0.88,$0.90,$1.03,$0.97,$0.79,$1.01,$0.85,$1.15,$0.77,$0.74,$0.48,$0.80,$0.84,$1.06,$0.95,$0.87,$0.53,$0.94,$0.90,$0.85,$0.83,$0.95,$0.85,$0.70,$0.75,$0.56,$0.88,$1.02,$0.86,$1.07,$0.60,$0.81,$0.96,$0.87,$0.94,$0.74,$0.87,$0.95,$0.72,$0.65,$1.09,$0.67,$0.90,$0.66,$0.89,$0.51,$0.99,$0.85,$0.84,$0.83,$1.05,$0.48,$0.69,$0.91,$0.89,$0.70,$0.91,$1.04,$0.60,$0.91,$0.93,$0.92,$0.54,$0.90,$0.89,$0.85,$0.72,$0.51,$0.58,$0.56,$0.86,$0.53,$0.78,$0.61,$0.82,$0.58,$0.64,$0.67,$0.78,$0.88,$0.57,$0.77,$0.64,$0.88,$0.54,$0.75,$0.60,$0.74,$0.67,$0.74,$0.80,$0.84,$0.86,$0.61,$0.73,$0.82,$0.61,$0.73,$0.55,$0.76,$0.83,$0.70,$0.78,$0.72,$0.79,$0.73,$0.65,$0.85,$0.70,$0.72,$0.87,$0.70,$0.86,$0.63,$0.84,$0.74,$0.79,$0.85,$0.73,$0.77,$0.61,$0.88,$0.83,$0.86,$0.73,$0.73,$0.77,$0.77,$0.75,$0.60,$0.60,$0.77,$0.70,$0.78,$0.71,$0.73,$0.79,$0.74,$0.71,$0.81,$0.87,$0.69,$0.86,$0.67,$0.86,$0.81,$0.72,$0.69,$0.85,$0.69
Profit Factor,,,,statistic,Profit Factor for each solution,0.1927,0.1951,0.2059,0.2166,0.2025,0.2026,0.2132,0.2085,0.2119,0.1939,0.2121,0.2046,0.2046,0.2121,0.2051,0.1793,0.1820,0.2132,0.2058,0.1880,0.1901,0.1816,0.1873,0.1992,0.1896,0.1753,0.1728,0.2107,0.2053,0.1990,0.2077,0.2027,0.2058,0.2132,0.2132,0.2023,0.2122,0.2127,0.2134,0.1922,0.1847,0.1691,0.2081,0.2061,0.1747,0.1838,0.2126,0.1635,0.2098,0.1867,0.2082,0.2139,0.2102,0.1888,0.1375,0.1989,0.1697,0.1965,0.2023,0.1995,0.1560,0.1976,0.1681,0.1712,0.1553,0.1480,0.1664,0.2144,0.2007,0.2121,0.1834,0.1690,0.1673,0.1918,0.1499,0.1932,0.1796,0.1877,0.1752,0.2096,0.1877,0.1818,0.1877,0.1797,0.1662,0.1529,0.2087,0.2098,0.1769,0.1924,0.1848,0.2073,0.1677,0.1423,0.2134,0.1812,0.1487,0.1566,0.1949,0.1560,0.1493,0.1859,0.1537,0.1429,0.1704,0.1565,0.2116,0.2098,0.1738,0.2119,0.1435,0.1675,0.1551,0.2117,0.1848,0.1993,0.1408,0.1467,0.1549,0.1905,0.1888,0.2114,0.1855,0.1430,0.2003,0.1472,0.2094,0.1505,0.1919,0.1805,0.1950,0.1840,0.1573,0.1572,0.2112,0.1892,0.1406,0.1828,0.1724,0.2086,0.2084,0.2099,0.1578,0.1959,0.1575,0.1649,0.1722,0.1402,0.1589,0.1817,0.1483,0.1763,0.1829,0.1401,0.1401,0.1447,0.1508,0.1810,0.1427,0.1307,0.1889,0.1380,0.1379,0.1379,0.1735,0.1313,0.2064,0.1607,0.2110,0.1648,0.1323,0.1450,0.1536,0.1695,0.2124,0.1988,0.1965,0.1414,0.1328,0.1327,0.1557,0.1780,0.1618,0.1808,0.1441,0.1785,0.1582,0.1701,0.1658,0.1586,0.2026,0.2068,0.1399,0.1538,0.2107,0.1405,0.1405,0.1405,0.1831,0.1598,0.1829,0.1494,0.2094,0.1370,0.1435,0.2026,0.1800,0.1950,0.1461,0.1840,0.1566,0.1974,0.1300,0.1300,0.1332,0.1409,0.1703,0.1347,0.1332,0.1404,0.1858,0.1741,0.1401,0.1435,0.2104,0.1811,0.1329,0.1412,0.1986,0.1251,0.1530,0.2077,0.1524,0.1379,0.1433,0.1241,0.1368,0.1749,0.1840,0.1405,0.1415,0.1364,0.1440,0.1935,0.2106,0.2061,0.1522,0.1286,0.1370,0.1889,0.1407,0.2058,0.2102,0.1818,0.1409,0.1845,0.1455,0.1392,0.1896,0.1821,0.1317,0.1380,0.1626,0.1702,0.1547,0.1507,0.1810,0.1660,0.1340,0.1218,0.1364,0.1912,0.1655,0.1778,0.1320,0.1479,0.1547,0.1903,0.1913,0.2097,0.1748,0.1990,0.1378,0.2095,0.1898,0.1580,0.2100,0.1328,0.2098,0.2056,0.2099,0.1812,0.1346,0.1379,0.1806,0.1970,0.1844,0.2022,0.1401,0.1993,0.1964,0.1327,0.1621,0.1410,0.1418,0.1538,0.1822,0.1366,0.1366,0.1333,0.1389,0.1375,0.1623,0.1194,0.1554,0.1322,0.1761,0.1565,0.1674,0.1497,0.1807,0.2090,0.1422,0.1508,0.1356,0.1595,0.1344,0.1555,0.1447,0.1436,0.1964,0.1952,0.1647,0.1824,0.1815,0.2020,0.1358,0.1573,0.1448,0.1975,0.1860,0.1657,0.1946,0.1419,0.1471,0.1789,0.1794,0.1385,0.1320,0.1392,0.1447,0.1926,0.1692,0.1289,0.1449,0.1526,0.1650,0.1406,0.1356,0.1570,0.1430,0.1657,0.1955,0.1949,0.1337,0.2081,0.1332,0.2081,0.2090,0.1558,0.1370,0.1925,0.1721,0.1888,0.1705,0.1767,0.1979,0.1254,0.1927,0.1984,0.1496,0.2091,0.1176,0.1600,0.1798,0.1477,0.1989,0.1400,0.2006,0.1795,0.1721,0.1483,0.1787,0.1516,0.1238,0.1673,0.1776,0.1389,0.1545,0.1373,0.1450,0.1697,0.1762,0.1356,0.1832,0.1976,0.1830,0.1467,0.1774,0.1816,0.2039,0.1357,0.1809,0.2087,0.1576,0.1216,0.1287,0.1602,0.2080,0.1619,0.1480,0.1292,0.1965,0.1086,0.1543,0.1603,0.1813,0.1540,0.1542,0.1498,0.1934,0.1178,0.1316,0.1348,0.1415,0.1954,0.1672,0.2084,0.1333,0.2082,0.1194,0.1818,0.1620,0.2081,0.1462,0.1341,0.1788,0.1622,0.1803,0.2072,0.1251,0.1187,0.1302,0.1716,0.1675,0.1532,0.1558,0.1368,0.1435,0.1365,0.1538,0.1861,0.1787,0.1318,0.1382,0.1761,0.1815,0.1395,0.1383,0.1617,0.1955,0.2083,0.1519,0.1743,0.1831,0.1220,0.1405,0.1481,0.1724,0.1640,0.1594,0.1655,0.2023,0.1792,0.1326,0.1095,0.1845,0.1442,0.1676,0.2082,0.1626,0.1280,0.1629,0.1233,0.1433,0.2027,0.1635,0.1397,0.1514,0.1940,0.1623,0.1434,0.1572,0.2037,0.1533,0.1990,0.1884,0.1871,0.1737,0.1342,0.1505,0.1297,0.1403,0.1338,0.1970,0.1482,0.1352,0.1890,0.1521,0.2074,0.1535,0.1729,0.1669,0.1360,0.1504,0.1408,0.1611,0.1224,0.1164,0.1739,0.1683,0.1731,0.1618,0.1494,0.1341,0.1200,0.2074,0.1852,0.1605,0.1411,0.1456,0.1934,0.1509,0.1493,0.1456,0.1551,0.1305,0.1808,0.1317,0.2076,0.1470,0.2075,0.1715,0.1346,0.2058,0.1469,0.1816,0.1428,0.1760,0.1478,0.1336,0.1653,0.1941,0.1202,0.1783,0.1761,0.1316,0.1583,0.1356,0.1636,0.1612,0.1292,0.1790,0.1484,0.1656,0.1477,0.1578,0.1348,0.1546,0.1767,0.1565,0.2034,0.2076,0.1282,0.1250,0.1764,0.1783,0.1822,0.1259,0.1471,0.1259,0.1926,0.2037,0.1421,0.1953,0.1345,0.1336,0.1306,0.1262,0.1634,0.2044,0.1586,0.1765,0.1205,0.1634,0.1854,0.1996,0.1968,0.1258,0.1687,0.1730,0.1272,0.1751,0.1481,0.1619,0.1193,0.1356,0.1289,0.1715,0.2066,0.1165,0.1199,0.1714,0.1514,0.1564,0.1144,0.1214,0.1280,0.1790,0.1910,0.1857,0.1737,0.1870,0.1702,0.1383,0.2063,0.1691,0.1546,0.1365,0.1794,0.1890,0.1376,0.1886,0.1911,0.1362,0.1778,0.1359,0.2070,0.1966,0.1263,0.1629,0.2068,0.2063,0.1467,0.1371,0.1197,0.1790,0.1500,0.1067,0.1460,0.1942,0.1371,0.1921,0.1721,0.1483,0.1247,0.1246,0.1401,0.2062,0.1452,0.1163,0.1708,0.1709,0.1585,0.2064,0.1803,0.1330,0.1133,0.1877,0.1899,0.1333,0.1179,0.1529,0.2066,0.1341,0.1114,0.1751,0.1340,0.1623,0.1932,0.2037,0.1623,0.1325,0.1886,0.2060,0.1350,0.2060,0.1854,0.1079,0.1064,0.1347,0.1273,0.1463,0.2062,0.1356,0.1949,0.1478,0.1730,0.2061,0.1932,0.1496,0.1992,0.1357,0.1686,0.1526,0.1566,0.1810,0.1614,0.1868,0.1479,0.1445,0.1881,0.1756,0.1220,0.1662,0.1682,0.1939,0.1143,0.1688,0.2021,0.1851,0.1371,0.1902,0.1687,0.1742,0.2057,0.1886,0.1652,0.1575,0.1456,0.1598,0.1845,0.1910,0.1714,0.1338,0.1192,0.1853,0.1996,0.2000,0.2056,0.1488,0.1430,0.1220,0.1412,0.1706,0.1735,0.1884,0.1782,0.1143,0.1549,0.1659,0.1237,0.1914,0.1763,0.1323,0.1562,0.1789,0.1225,0.1746,0.1506,0.1791,0.1998,0.1199,0.1739,0.1504,0.1757,0.1545,0.2000,0.2053,0.1603,0.1942,0.1515,0.1671,0.1344,0.1561,0.1226,0.2053,0.1377,0.1266,0.1151,0.1124,0.2052,0.1559,0.1515,0.1412,0.2027,0.1094,0.1693,0.1786,0.1904,0.2052,0.1281,0.1909,0.1155,0.2037,0.1145,0.2032,0.1962,0.1414,0.1667,0.1592,0.1891,0.1113,0.1058,0.1522,0.1924,0.1616,0.1472,0.1378,0.1586,0.2050,0.1744,0.1457,0.1984,0.1650,0.1391,0.1206,0.1418,0.1892,0.1526,0.2020,0.1863,0.1693,0.1761,0.1447,0.1737,0.1918,0.2052,0.1473,0.1141,0.2041,0.1210,0.1663,0.1214,0.1214,0.1906,0.1171,0.1937,0.1621,0.1516,0.1406,0.2048,0.1291,0.1703,0.1398,0.1464,0.1263,0.1238,0.1508,0.1665,0.1403,0.1400,0.1337,0.1907,0.1629,0.2018,0.1703,0.1636,0.1663,0.1083,0.1900,0.1405,0.1275,0.1219,0.1663,0.1472,0.1895,0.1718,0.1412,0.1263,0.1898,0.2046,0.1055,0.1707,0.1651,0.1934,0.1098,0.1896,0.1663,0.1723,0.2049,0.1933,0.1252,0.2008,0.2041,0.1527,0.1966,0.1416,0.1807,0.1326,0.1738,0.1758,0.1384,0.2044,0.1776,0.1961,0.1742,0.2046,0.1139,0.1189,0.1511,0.1627,0.1255,0.1670,0.2048,0.1965,0.2043,0.2048,0.1214,0.1055,0.2047,0.1236,0.2010,0.1696,0.2027,0.1999,0.1131,0.1938,0.1579,0.1934,0.2012,0.2027,0.2027,0.2027,0.1164,0.1710,0.1659,0.1050,0.1689,0.1163,0.2028,0.1966,0.1310,0.1976,0.2043,0.2043,0.1075,0.1402,0.1354,0.1066,0.1282,0.1910,0.1961,0.1161,0.2022,0.2018,0.2042,0.1342,0.1483,0.2040,0.1951,0.1598,0.1636,0.1160,0.2041,0.1737,0.1043,0.1631,0.1473,0.1155,0.1982,0.1588,0.1826,0.1510,0.1904,0.1800,0.2042,0.1939,0.1595,0.1162,0.1683,0.2039,0.1355,0.1293,0.1906,0.1581,0.1960,0.1968,0.1230,0.2037,0.1176,0.1495,0.2005,0.1963,0.2031,0.1950,0.1834,0.1957,0.1763,0.1502,0.1967,0.1503,0.1037,0.1727,0.1359,0.2035,0.1837,0.1977,0.1089,0.2001,0.1074,0.1663,0.1190,0.1718,0.2016,0.1127,0.1694,0.2027,0.1698,0.1365,0.2020,0.2031,0.1909,0.2032,0.1650,0.1620,0.1190,0.1881,0.1423,0.1622,0.2004,0.1927,0.1846,0.1579,0.1138,0.1572,0.1995,0.1481,0.1593,0.1955,0.2029,0.1449,0.2027,0.1029,0.1134,0.1121,0.1134,0.2028,0.1634,0.1961,0.1397,0.1911,0.2027,0.1654,0.1177,0.1662,0.1474,0.1582,0.1631,0.1604,0.1490,0.1223,0.1881,0.1022,0.1023,0.1848,0.1445,0.1865,0.1747,0.2020,0.1697,0.1021,0.1772,0.1631,0.1983,0.1655,0.1723,0.1313,0.2019,0.1185,0.1650,0.1185,0.1202,0.1861,0.1581,0.1154,0.2014,0.2014,0.1967,0.1469,0.1644,0.1744,0.1602,0.2012,0.1805,0.2011,0.1170,0.2010,0.1845,0.2009,0.1793,0.2009,0.1423,0.1906,0.2004,0.2003,0.1802
Avg Trades/Day,,,,statistic,Avg Trades/Day for each solution,0.676,0.672,0.691,0.680,0.679,0.678,0.669,0.684,0.674,0.679,0.686,0.678,0.678,0.690,0.734,0.667,0.689,0.698,0.698,0.689,0.703,0.684,0.711,0.692,0.692,0.673,0.712,0.701,0.725,0.738,0.698,0.739,0.703,0.671,0.690,0.723,0.706,0.702,0.698,0.685,0.708,0.671,0.718,0.730,0.693,0.690,0.715,0.687,0.702,0.676,0.691,0.695,0.706,0.695,0.674,0.747,0.679,0.682,0.753,0.734,0.700,0.728,0.709,0.710,0.701,0.672,0.710,0.733,0.679,0.697,0.741,0.691,0.670,0.711,0.675,0.690,0.702,0.738,0.724,0.745,0.756,0.726,0.742,0.699,0.671,0.685,0.752,0.747,0.728,0.691,0.716,0.732,0.712,0.685,0.726,0.712,0.692,0.708,0.748,0.693,0.691,0.745,0.696,0.673,0.728,0.731,0.736,0.788,0.709,0.755,0.691,0.713,0.737,0.763,0.740,0.740,0.697,0.668,0.725,0.739,0.757,0.736,0.740,0.699,0.764,0.726,0.728,0.689,0.747,0.727,0.741,0.756,0.748,0.685,0.694,0.747,0.675,0.771,0.733,0.761,0.754,0.749,0.700,0.668,0.711,0.763,0.703,0.703,0.689,0.767,0.708,0.691,0.774,0.706,0.706,0.702,0.763,0.740,0.692,0.692,0.731,0.689,0.679,0.679,0.743,0.688,0.747,0.741,0.765,0.734,0.696,0.689,0.758,0.729,0.758,0.736,0.753,0.694,0.674,0.707,0.748,0.737,0.729,0.784,0.711,0.774,0.748,0.750,0.733,0.735,0.811,0.711,0.727,0.748,0.786,0.717,0.717,0.717,0.776,0.676,0.727,0.743,0.756,0.710,0.685,0.756,0.716,0.772,0.712,0.792,0.706,0.754,0.723,0.723,0.684,0.703,0.741,0.678,0.679,0.716,0.773,0.757,0.730,0.692,0.768,0.794,0.700,0.728,0.785,0.698,0.749,0.744,0.765,0.758,0.678,0.696,0.692,0.758,0.715,0.707,0.702,0.712,0.769,0.794,0.777,0.790,0.761,0.701,0.734,0.742,0.719,0.781,0.768,0.799,0.724,0.764,0.747,0.732,0.794,0.794,0.762,0.722,0.710,0.710,0.766,0.752,0.798,0.767,0.704,0.697,0.769,0.775,0.745,0.734,0.729,0.753,0.764,0.740,0.744,0.721,0.794,0.817,0.721,0.829,0.777,0.753,0.812,0.728,0.788,0.762,0.781,0.788,0.719,0.729,0.796,0.772,0.806,0.809,0.765,0.785,0.798,0.731,0.764,0.776,0.720,0.765,0.808,0.748,0.748,0.736,0.764,0.744,0.768,0.711,0.761,0.778,0.813,0.758,0.801,0.769,0.814,0.841,0.780,0.767,0.768,0.776,0.772,0.783,0.770,0.814,0.808,0.804,0.867,0.822,0.817,0.840,0.766,0.799,0.768,0.815,0.825,0.738,0.832,0.770,0.815,0.821,0.837,0.809,0.772,0.728,0.779,0.835,0.790,0.793,0.746,0.789,0.784,0.767,0.770,0.765,0.741,0.810,0.845,0.829,0.757,0.838,0.765,0.824,0.829,0.808,0.771,0.804,0.770,0.822,0.811,0.818,0.857,0.776,0.814,0.844,0.798,0.836,0.769,0.781,0.836,0.673,0.811,0.712,0.848,0.833,0.766,0.789,0.805,0.774,0.777,0.789,0.848,0.759,0.859,0.712,0.773,0.785,0.829,0.778,0.808,0.846,0.812,0.776,0.822,0.801,0.824,0.821,0.759,0.818,0.816,0.779,0.795,0.796,0.764,0.811,0.815,0.782,0.864,0.729,0.808,0.841,0.796,0.813,0.825,0.801,0.857,0.763,0.809,0.778,0.754,0.850,0.861,0.780,0.769,0.731,0.795,0.826,0.817,0.927,0.802,0.819,0.865,0.829,0.850,0.849,0.800,0.810,0.788,0.832,0.839,0.752,0.818,0.827,0.808,0.760,0.834,0.905,0.825,0.785,0.848,0.870,0.745,0.809,0.815,0.865,0.850,0.860,0.837,0.846,0.842,0.773,0.847,0.773,0.853,0.790,0.814,0.851,0.867,0.857,0.788,0.735,0.793,0.785,0.849,0.845,0.844,0.831,0.849,0.760,0.819,0.865,0.810,0.821,0.817,0.763,0.835,0.833,0.839,0.840,0.828,0.863,0.871,0.852,0.834,0.788,0.848,0.789,0.829,0.789,0.865,0.818,0.853,0.837,0.879,0.913,0.863,0.818,0.875,0.841,0.829,0.828,0.821,0.779,0.770,0.812,0.827,0.873,0.875,0.823,0.821,0.849,0.758,0.853,0.855,0.856,0.839,0.850,0.860,0.862,0.837,0.851,0.783,0.882,0.852,0.834,0.860,0.827,0.844,0.796,0.833,0.829,0.866,0.855,0.886,0.828,0.858,0.779,0.885,0.742,0.903,0.871,0.792,0.785,0.853,0.860,0.893,0.816,0.882,0.836,0.862,0.838,0.856,0.842,0.873,0.872,0.867,0.866,0.844,0.844,0.799,0.858,0.871,0.891,0.818,0.836,0.852,0.880,0.869,0.845,0.858,0.846,0.829,0.831,0.843,0.872,0.865,0.891,0.859,0.849,0.854,0.889,0.900,0.882,0.837,0.885,0.876,0.840,0.864,0.869,0.876,0.872,0.879,0.814,0.990,0.957,0.809,0.834,0.858,0.895,0.892,0.873,0.837,0.870,0.895,0.948,0.889,0.872,0.877,0.873,0.874,0.866,0.851,0.891,0.869,0.880,0.874,0.855,0.952,0.874,0.894,0.905,0.871,0.890,1.000,0.859,0.887,0.864,0.975,0.880,0.886,0.854,0.899,0.899,0.805,0.873,0.888,0.880,0.906,0.887,0.884,0.864,0.872,0.888,0.965,0.856,0.851,0.877,0.857,0.922,0.875,0.895,0.903,0.820,0.892,0.955,0.894,0.828,0.894,0.911,0.890,0.849,0.990,0.913,0.894,0.893,0.875,0.897,0.890,0.901,0.969,0.876,0.960,0.919,0.857,0.796,0.902,0.880,0.892,0.901,0.912,0.816,0.874,0.908,0.884,0.892,0.899,0.975,0.893,0.784,0.863,0.916,0.855,0.910,0.941,0.869,0.888,0.870,0.913,0.874,0.966,0.893,0.895,0.863,0.906,0.882,0.922,0.820,0.915,0.924,0.886,1.000,0.910,0.897,0.903,0.896,0.911,0.964,0.910,0.875,0.881,0.869,0.901,0.845,0.976,0.850,0.889,0.858,0.878,0.910,1.000,0.939,0.846,0.904,0.881,0.891,0.909,0.880,0.912,0.918,0.894,0.933,0.937,0.897,0.907,0.906,0.904,0.922,0.926,0.861,0.873,0.914,0.906,0.888,0.941,1.000,0.885,0.907,0.912,0.956,0.958,0.898,0.962,0.930,0.911,0.913,0.897,0.993,0.942,0.903,0.902,0.971,0.798,0.968,0.892,0.837,0.972,0.917,0.916,0.923,0.940,0.920,0.886,0.909,0.897,0.927,0.904,0.990,0.882,0.882,0.954,0.919,0.926,0.961,0.919,0.929,0.977,0.932,0.916,0.892,0.930,0.914,0.960,0.932,0.919,0.936,0.928,0.957,0.936,0.996,0.936,0.889,0.913,0.902,0.909,0.922,0.926,0.953,0.907,0.925,0.925,0.890,0.915,0.963,0.995,0.985,0.994,0.979,0.916,0.920,0.918,0.915,0.968,0.917,0.917,0.925,0.917,0.910,0.938,0.912,0.916,0.998,0.929,0.920,0.934,0.912,0.986,0.925,0.924,0.926,0.941,0.918,0.866,0.916,0.934,0.913,0.921,0.981,0.881,0.973,0.936,0.924,0.934,0.976,0.928,0.842,0.938,0.904,0.912,0.895,0.981,0.970,0.939,0.999,0.918,0.958,0.950,0.986,0.995,0.984,0.983,0.979,0.892,0.903,0.939,0.926,0.944,0.857,0.927,0.932,0.890,0.903,0.893,0.885,0.965,0.899,0.949,1.000,0.897,0.929,0.993,0.954,0.927,0.913,0.895,0.984,0.892,0.987,0.963,0.987,0.954,0.931,0.854,0.926,0.857,0.934,0.948,0.982,1.000,0.940,0.970,0.972,0.927,1.000,0.967,0.944,0.980,0.915,0.982,0.930,0.843,0.989,0.863,1.000,1.000,0.943,0.980,0.993,1.000,0.984,1.000,0.929,0.936,0.837,0.967,0.976,0.970,1.000,0.979,0.868,1.000,0.997,0.968,0.961,1.000,0.990,0.940,0.945,0.886,1.000,0.999,1.000,0.995,0.867,0.995,1.000,0.977,1.000,0.925,0.970,0.999,0.912,0.897,0.996,0.919,1.000,0.894,1.000,0.856,1.000,1.000,0.953,0.973,1.000,0.866,0.907,1.000,0.988,0.942,1.000,1.000,0.895,1.000,1.000,0.998,0.883,0.989,1.000,0.973,0.917,0.858,0.892,0.904,0.983,0.863,0.970,0.892,0.992,0.875,0.923,0.942,0.990,1.000,0.905,0.987,0.899,1.000,0.878,0.931,0.908,0.981,0.967,0.986,0.965,0.996,0.972,0.898,0.918,0.979,0.909,0.955,0.892,0.975,0.999,0.946,0.973,0.994,0.999,0.931,0.932,1.000,0.929,0.981,1.000,0.923,0.988,0.894,0.996,0.978,0.969,0.982,0.987,0.992,0.963,0.992,1.000,1.000,0.949,0.953,0.967,1.000,0.958,0.893,0.893,1.000,0.985,0.993,0.943,0.995,0.978,0.935,0.900,1.000,0.994,0.975,0.992,0.921,1.000,1.000,0.965,0.895,0.991,0.982
Total Profit (norm),,,,statistic,Total Profit (norm) for each solution,0.1307,0.1190,0.1280,0.1361,0.1174,0.1165,0.1148,0.1402,0.1371,0.1207,0.1129,0.1149,0.1149,0.1155,0.1454,0.1378,0.1252,0.1162,0.1089,0.1175,0.1194,0.1210,0.1238,0.1178,0.1069,0.1252,0.1594,0.1103,0.1011,0.1118,0.1022,0.1084,0.1113,0.1040,0.0983,0.1133,0.1084,0.1036,0.1090,0.1172,0.1465,0.1209,0.0951,0.1071,0.1188,0.1153,0.1030,0.1366,0.1066,0.1101,0.1040,0.1127,0.1059,0.1269,0.1536,0.1071,0.1341,0.1073,0.1068,0.1129,0.1332,0.1063,0.1253,0.1336,0.1311,0.1692,0.1234,0.1231,0.1180,0.0895,0.1446,0.1268,0.1384,0.1150,0.1396,0.1028,0.1133,0.1376,0.1374,0.1051,0.1390,0.1133,0.1366,0.1055,0.1148,0.1292,0.0986,0.1003,0.1186,0.1124,0.1151,0.1207,0.1473,0.1554,0.1138,0.1178,0.1696,0.1391,0.1073,0.1354,0.1416,0.1071,0.1277,0.1395,0.1277,0.1308,0.0956,0.1011,0.1144,0.1032,0.1401,0.1448,0.1317,0.0999,0.1144,0.1084,0.1737,0.1675,0.1301,0.1280,0.1340,0.0959,0.1176,0.1445,0.1059,0.1374,0.0989,0.1583,0.1079,0.1170,0.1066,0.1147,0.1274,0.1442,0.0915,0.1096,0.1686,0.1028,0.1201,0.1015,0.1006,0.1002,0.1355,0.0906,0.1151,0.1458,0.1089,0.1472,0.1237,0.1141,0.1317,0.1357,0.1121,0.1666,0.1666,0.1638,0.1261,0.1111,0.1527,0.1487,0.1037,0.1648,0.1669,0.1669,0.1187,0.1490,0.1095,0.1457,0.0953,0.1201,0.1473,0.1438,0.1243,0.1184,0.1073,0.1123,0.1118,0.1641,0.1581,0.1433,0.1218,0.1158,0.1262,0.1138,0.1314,0.1022,0.1191,0.1102,0.1191,0.1267,0.1180,0.0804,0.1363,0.1231,0.0934,0.1650,0.1650,0.1650,0.1102,0.1403,0.0944,0.1537,0.0927,0.1638,0.1223,0.0961,0.0996,0.0946,0.1585,0.1052,0.1343,0.1164,0.1489,0.1489,0.1426,0.1337,0.1067,0.1379,0.1655,0.1634,0.1038,0.1036,0.1404,0.1190,0.0912,0.1136,0.1335,0.1383,0.0970,0.1451,0.1189,0.1106,0.1178,0.1672,0.1197,0.1495,0.1396,0.1024,0.0889,0.1518,0.1390,0.1408,0.1570,0.0991,0.0922,0.0835,0.1187,0.1462,0.1614,0.1124,0.1488,0.1050,0.0876,0.1032,0.1553,0.1104,0.1219,0.1572,0.0994,0.0894,0.1441,0.1558,0.1235,0.1170,0.1230,0.1255,0.1063,0.1149,0.1520,0.1345,0.1420,0.0973,0.1163,0.0957,0.1654,0.1518,0.1153,0.0893,0.0844,0.0787,0.1111,0.0962,0.1542,0.0898,0.0968,0.1169,0.0885,0.1624,0.0865,0.0857,0.0865,0.1039,0.1381,0.1320,0.1018,0.1066,0.1010,0.0860,0.1538,0.0918,0.0950,0.1532,0.1220,0.1297,0.1179,0.1186,0.1007,0.1544,0.1544,0.1410,0.1214,0.1446,0.1110,0.1495,0.1155,0.1370,0.1030,0.1149,0.1073,0.1197,0.1135,0.1084,0.1277,0.1214,0.1542,0.1119,0.1352,0.1177,0.1451,0.1506,0.0900,0.0914,0.1123,0.0988,0.0972,0.1027,0.1298,0.1141,0.1216,0.0879,0.1037,0.0932,0.0921,0.1259,0.1406,0.0995,0.0998,0.1487,0.1354,0.1356,0.1389,0.0913,0.1150,0.1356,0.1273,0.1077,0.1004,0.1305,0.1287,0.1217,0.1310,0.1056,0.0891,0.0881,0.1242,0.0795,0.1460,0.0816,0.0793,0.1126,0.1284,0.0818,0.0896,0.1066,0.1135,0.1112,0.0881,0.1513,0.0885,0.0865,0.1312,0.0802,0.1464,0.1064,0.0937,0.0973,0.0812,0.1046,0.0855,0.0955,0.1144,0.1167,0.0870,0.1302,0.1383,0.1241,0.0988,0.1288,0.1121,0.1054,0.1138,0.1262,0.0984,0.1266,0.0896,0.0865,0.0900,0.1121,0.0961,0.0823,0.0821,0.1450,0.0824,0.0787,0.1074,0.1417,0.1514,0.1161,0.0739,0.1176,0.1151,0.1278,0.0832,0.1445,0.1272,0.1085,0.0826,0.1082,0.1094,0.1211,0.0850,0.1582,0.1183,0.1284,0.1037,0.0838,0.1149,0.0676,0.1485,0.0681,0.1601,0.0901,0.1007,0.1039,0.1062,0.1252,0.0900,0.1312,0.0893,0.0762,0.1514,0.1631,0.1242,0.0939,0.0982,0.0979,0.1060,0.1395,0.1292,0.1307,0.1054,0.1188,0.0885,0.1203,0.1191,0.0897,0.0817,0.1164,0.1181,0.1049,0.0807,0.0749,0.1098,0.1031,0.0848,0.1608,0.1149,0.1295,0.0920,0.0928,0.0987,0.0963,0.0885,0.0883,0.1248,0.1221,0.0844,0.1129,0.0934,0.0748,0.0979,0.1458,0.0966,0.1532,0.1096,0.0737,0.0922,0.1130,0.1031,0.0672,0.1072,0.1272,0.0987,0.0735,0.1100,0.0792,0.0789,0.0922,0.0883,0.1208,0.1070,0.1208,0.1213,0.1132,0.0769,0.0958,0.1172,0.0773,0.1012,0.0927,0.1164,0.0784,0.0905,0.1199,0.1036,0.1181,0.1144,0.1346,0.1432,0.0833,0.1049,0.0984,0.0887,0.0990,0.1171,0.1276,0.0634,0.0801,0.1052,0.1096,0.1032,0.0752,0.1008,0.1157,0.1027,0.0954,0.1316,0.0927,0.1363,0.0689,0.1031,0.0665,0.0836,0.1115,0.0677,0.1021,0.0798,0.1205,0.0813,0.1140,0.1249,0.0791,0.0733,0.1061,0.0821,0.0827,0.1161,0.0865,0.1106,0.0900,0.0898,0.1152,0.0762,0.0976,0.1010,0.0976,0.0927,0.1291,0.0908,0.0814,0.1060,0.0688,0.0784,0.1137,0.1178,0.0804,0.0781,0.0885,0.1174,0.0987,0.1344,0.0741,0.0651,0.1137,0.0712,0.1241,0.1040,0.1069,0.1145,0.0847,0.0663,0.0903,0.0771,0.1108,0.0780,0.0886,0.0675,0.0687,0.1160,0.0839,0.0789,0.1095,0.0760,0.1065,0.0843,0.1080,0.1053,0.1082,0.1036,0.0852,0.1215,0.1173,0.0771,0.0907,0.0892,0.1124,0.1164,0.1098,0.0884,0.0952,0.0818,0.0877,0.0812,0.0777,0.0982,0.0617,0.0764,0.0997,0.0987,0.0757,0.0672,0.1191,0.0864,0.0700,0.1205,0.0835,0.1110,0.0768,0.0874,0.1049,0.0813,0.0613,0.0803,0.0919,0.0955,0.1097,0.0706,0.0890,0.1221,0.0880,0.0683,0.0958,0.0631,0.0742,0.0874,0.1044,0.1056,0.1065,0.0817,0.0932,0.1146,0.0801,0.0791,0.0939,0.0591,0.0679,0.0991,0.1135,0.0845,0.0907,0.1002,0.1282,0.0828,0.0725,0.0969,0.1259,0.0917,0.0952,0.0871,0.0698,0.0572,0.0770,0.1058,0.0637,0.0806,0.0941,0.0752,0.0628,0.1160,0.1085,0.0952,0.1001,0.0860,0.0588,0.1018,0.0515,0.0911,0.0690,0.0559,0.0721,0.0839,0.0788,0.0925,0.0669,0.0839,0.1026,0.0630,0.0740,0.0842,0.0832,0.0844,0.0561,0.0707,0.1005,0.0771,0.0717,0.0597,0.1178,0.0817,0.0559,0.0598,0.0754,0.0696,0.0708,0.0681,0.0754,0.0615,0.0721,0.0780,0.0808,0.0742,0.0664,0.0597,0.0792,0.0919,0.1133,0.0605,0.0540,0.0710,0.0498,0.0854,0.0790,0.1023,0.0889,0.0935,0.0655,0.0574,0.0657,0.1225,0.0750,0.0685,0.1074,0.0583,0.0659,0.0872,0.0995,0.0731,0.1059,0.0760,0.0769,0.0633,0.0546,0.1121,0.0612,0.0818,0.0756,0.0725,0.0547,0.0702,0.0750,0.0552,0.0716,0.0666,0.0852,0.0978,0.1086,0.0665,0.0823,0.1019,0.1101,0.1170,0.0691,0.0948,0.0769,0.0790,0.0652,0.0840,0.0747,0.0568,0.0515,0.0666,0.0945,0.0563,0.0967,0.0500,0.1137,0.0465,0.0540,0.0771,0.0642,0.0692,0.0659,0.1091,0.1095,0.0927,0.0544,0.0743,0.0860,0.0785,0.0670,0.0659,0.0618,0.0747,0.0509,0.0653,0.0763,0.0902,0.0791,0.0675,0.0803,0.0516,0.0528,0.0609,0.0615,0.0836,0.0587,0.0524,0.0487,0.0710,0.0949,0.0514,0.1064,0.0706,0.0913,0.0913,0.0532,0.0915,0.0542,0.0671,0.0901,0.0884,0.0616,0.0800,0.0602,0.0760,0.0697,0.0870,0.0915,0.0631,0.0601,0.0749,0.1045,0.0779,0.0535,0.0606,0.0652,0.0587,0.0603,0.0638,0.0982,0.0638,0.0729,0.0801,0.0844,0.0589,0.0720,0.0477,0.0576,0.0716,0.0824,0.0516,0.0591,0.1055,0.0588,0.0588,0.0513,0.0909,0.0522,0.0577,0.0498,0.0457,0.0480,0.0817,0.0480,0.0465,0.0703,0.0608,0.0743,0.0507,0.0777,0.0558,0.0607,0.0969,0.0596,0.0616,0.0498,0.0563,0.0440,0.1121,0.0946,0.0627,0.0523,0.0764,0.0562,0.0440,0.0453,0.0378,0.0448,0.0881,0.0919,0.0455,0.0937,0.0451,0.0571,0.0445,0.0447,0.0809,0.0547,0.0576,0.0578,0.0424,0.0447,0.0460,0.0446,0.0832,0.0530,0.0549,0.0986,0.0525,0.0787,0.0513,0.0513,0.0836,0.0428,0.0420,0.0416,0.0833,0.0712,0.0670,0.0845,0.0704,0.0433,0.0437,0.0746,0.0359,0.0511,0.0372,0.0676,0.0602,0.0490,0.0506,0.0562,0.0572,0.0765,0.0550,0.0513,0.0831,0.0461,0.0587,0.0768,0.0496,0.0611,0.0458,0.0502,0.0467,0.0469,0.0400,0.0406,0.0556,0.0732,0.0478,0.0367,0.0551,0.0644,0.0389,0.0504,0.0445,0.0345,0.0682,0.0386,0.0692,0.0534,0.0351,0.0375,0.0365,0.0344,0.0374,0.0415,0.0382,0.0505,0.0347,0.0512,0.0700,0.0485,0.0571,0.0335,0.0386,0.0389,0.0640,0.0324,0.0724,0.0414,0.0572,0.0404,0.0402,0.0581,0.0420,0.0329,0.0409,0.0462,0.0359,0.0392,0.0338,0.0301,0.0391,0.0378,0.0586,0.0350,0.0406,0.0404,0.0275,0.0331,0.0297,0.0361,0.0551,0.0362,0.0296,0.0390,0.0365,0.0262,0.0283,0.0367,0.0261,0.0542,0.0492,0.0492,0.0491,0.0267,0.0366,0.0264,0.0390,0.0270,0.0258,0.0287,0.0446,0.0258,0.0326,0.0295,0.0268,0.0311,0.0284,0.0352,0.0196,0.0408,0.0448,0.0199,0.0290,0.0217,0.0210,0.0196,0.0233,0.0402,0.0215,0.0230,0.0194,0.0217,0.0204,0.0291,0.0190,0.0315,0.0237,0.0317,0.0295,0.0175,0.0214,0.0297,0.0125,0.0125,0.0131,0.0187,0.0153,0.0121,0.0141,0.0112,0.0143,0.0088,0.0181,0.0104,0.0102,0.0089,0.0090,0.0085,0.0120,0.0074,0.0037,0.0029,0.0020
Solution Rank,,,,statistic,Rank by Sortino (0 = highest),#0 (SELECTED),#1,#2,#3,#4,#5,#6,#7,#8,#9,#10,#11,#12,#13,#14,#15,#16,#17,#18,#19,#20,#21,#22,#23,#24,#25,#26,#27,#28,#29,#30,#31,#32,#33,#34,#35,#36,#37,#38,#39,#40,#41,#42,#43,#44,#45,#46,#47,#48,#49,#50,#51,#52,#53,#54,#55,#56,#57,#58,#59,#60,#61,#62,#63,#64,#65,#66,#67,#68,#69,#70,#71,#72,#73,#74,#75,#76,#77,#78,#79,#80,#81,#82,#83,#84,#85,#86,#87,#88,#89,#90,#91,#92,#93,#94,#95,#96,#97,#98,#99,#100,#101,#102,#103,#104,#105,#106,#107,#108,#109,#110,#111,#112,#113,#114,#115,#116,#117,#118,#119,#120,#121,#122,#123,#124,#125,#126,#127,#128,#129,#130,#131,#132,#133,#134,#135,#136,#137,#138,#139,#140,#141,#142,#143,#144,#145,#146,#147,#148,#149,#150,#151,#152,#153,#154,#155,#156,#157,#158,#159,#160,#161,#162,#163,#164,#165,#166,#167,#168,#169,#170,#171,#172,#173,#174,#175,#176,#177,#178,#179,#180,#181,#182,#183,#184,#185,#186,#187,#188,#189,#190,#191,#192,#193,#194,#195,#196,#197,#198,#199,#200,#201,#202,#203,#204,#205,#206,#207,#208,#209,#210,#211,#212,#213,#214,#215,#216,#217,#218,#219,#220,#221,#222,#223,#224,#225,#226,#227,#228,#229,#230,#231,#232,#233,#234,#235,#236,#237,#238,#239,#240,#241,#242,#243,#244,#245,#246,#247,#248,#249,#250,#251,#252,#253,#254,#255,#256,#257,#258,#259,#260,#261,#262,#263,#264,#265,#266,#267,#268,#269,#270,#271,#272,#273,#274,#275,#276,#277,#278,#279,#280,#281,#282,#283,#284,#285,#286,#287,#288,#289,#290,#291,#292,#293,#294,#295,#296,#297,#298,#299,#300,#301,#302,#303,#304,#305,#306,#307,#308,#309,#310,#311,#312,#313,#314,#315,#316,#317,#318,#319,#320,#321,#322,#323,#324,#325,#326,#327,#328,#329,#330,#331,#332,#333,#334,#335,#336,#337,#338,#339,#340,#341,#342,#343,#344,#345,#346,#347,#348,#349,#350,#351,#352,#353,#354,#355,#356,#357,#358,#359,#360,#361,#362,#363,#364,#365,#366,#367,#368,#369,#370,#371,#372,#373,#374,#375,#376,#377,#378,#379,#380,#381,#382,#383,#384,#385,#386,#387,#388,#389,#390,#391,#392,#393,#394,#395,#396,#397,#398,#399,#400,#401,#402,#403,#404,#405,#406,#407,#408,#409,#410,#411,#412,#413,#414,#415,#416,#417,#418,#419,#420,#421,#422,#423,#424,#425,#426,#427,#428,#429,#430,#431,#432,#433,#434,#435,#436,#437,#438,#439,#440,#441,#442,#443,#444,#445,#446,#447,#448,#449,#450,#451,#452,#453,#454,#455,#456,#457,#458,#459,#460,#461,#462,#463,#464,#465,#466,#467,#468,#469,#470,#471,#472,#473,#474,#475,#476,#477,#478,#479,#480,#481,#482,#483,#484,#485,#486,#487,#488,#489,#490,#491,#492,#493,#494,#495,#496,#497,#498,#499,#500,#501,#502,#503,#504,#505,#506,#507,#508,#509,#510,#511,#512,#513,#514,#515,#516,#517,#518,#519,#520,#521,#522,#523,#524,#525,#526,#527,#528,#529,#530,#531,#532,#533,#534,#535,#536,#537,#538,#539,#540,#541,#542,#543,#544,#545,#546,#547,#548,#549,#550,#551,#552,#553,#554,#555,#556,#557,#558,#559,#560,#561,#562,#563,#564,#565,#566,#567,#568,#569,#570,#571,#572,#573,#574,#575,#576,#577,#578,#579,#580,#581,#582,#583,#584,#585,#586,#587,#588,#589,#590,#591,#592,#593,#594,#595,#596,#597,#598,#599,#600,#601,#602,#603,#604,#605,#606,#607,#608,#609,#610,#611,#612,#613,#614,#615,#616,#617,#618,#619,#620,#621,#622,#623,#624,#625,#626,#627,#628,#629,#630,#631,#632,#633,#634,#635,#636,#637,#638,#639,#640,#641,#642,#643,#644,#645,#646,#647,#648,#649,#650,#651,#652,#653,#654,#655,#656,#657,#658,#659,#660,#661,#662,#663,#664,#665,#666,#667,#668,#669,#670,#671,#672,#673,#674,#675,#676,#677,#678,#679,#680,#681,#682,#683,#684,#685,#686,#687,#688,#689,#690,#691,#692,#693,#694,#695,#696,#697,#698,#699,#700,#701,#702,#703,#704,#705,#706,#707,#708,#709,#710,#711,#712,#713,#714,#715,#716,#717,#718,#719,#720,#721,#722,#723,#724,#725,#726,#727,#728,#729,#730,#731,#732,#733,#734,#735,#736,#737,#738,#739,#740,#741,#742,#743,#744,#745,#746,#747,#748,#749,#750,#751,#752,#753,#754,#755,#756,#757,#758,#759,#760,#761,#762,#763,#764,#765,#766,#767,#768,#769,#770,#771,#772,#773,#774,#775,#776,#777,#778,#779,#780,#781,#782,#783,#784,#785,#786,#787,#788,#789,#790,#791,#792,#793,#794,#795,#796,#797,#798,#799,#800,#801,#802,#803,#804,#805,#806,#807,#808,#809,#810,#811,#812,#813,#814,#815,#816,#817,#818,#819,#820,#821,#822,#823,#824,#825,#826,#827,#828,#829,#830,#831,#832,#833,#834,#835,#836,#837,#838,#839,#840,#841,#842,#843,#844,#845,#846,#847,#848,#849,#850,#851,#852,#853,#854,#855,#856,#857,#858,#859,#860,#861,#862,#863,#864,#865,#866,#867,#868,#869,#870,#871,#872,#873,#874,#875,#876,#877,#878,#879,#880,#881,#882,#883,#884,#885,#886,#887,#888,#889,#890,#891,#892,#893,#894,#895,#896,#897,#898,#899,#900,#901,#902,#903,#904,#905,#906,#907,#908,#909,#910,#911,#912,#913,#914,#915,#916,#917,#918,#919,#920,#921,#922,#923,#924,#925,#926,#927,#928,#929,#930,#931,#932,#933,#934,#935,#936,#937,#938,#939,#940,#941,#942,#943,#944,#945,#946,#947,#948,#949,#950,#951,#952,#953,#954,#955,#956,#957,#958,#959,#960,#961,#962,#963,#964,#965,#966,#967,#968,#969,#970,#971,#972,#973,#974,#975,#976,#977,#978,#979,#980,#981,#982,#983,#984,#985,#986,#987,#988,#989,#990,#991,#992,#993,#994,#995,#996,#997,#998,#999,#1000,#1001,#1002,#1003,#1004,#1005,#1006,#1007,#1008,#1009,#1010,#1011,#1012,#1013,#1014,#1015,#1016,#1017,#1018,#1019,#1020,#1021,#1022,#1023,#1024,#1025,#1026,#1027,#1028,#1029,#1030,#1031,#1032,#1033,#1034,#1035,#1036,#1037,#1038,#1039,#1040,#1041,#1042,#1043,#1044,#1045,#1046,#1047,#1048,#1049,#1050,#1051,#1052,#1053,#1054,#1055,#1056,#1057,#1058,#1059,#1060,#1061,#1062,#1063,#1064,#1065,#1066,#1067,#1068,#1069,#1070,#1071,#1072,#1073,#1074,#1075,#1076,#1077,#1078,#1079,#1080,#1081,#1082,#1083,#1084,#1085,#1086,#1087,#1088,#1089,#1090,#1091,#1092,#1093,#1094,#1095,#1096,#1097,#1098,#1099,#1100,#1101,#1102,#1103,#1104,#1105,#1106
