Name,Value,Min,Max,Type,Description,Solution_0_SELECTED,Solution_1,Solution_2,Solution_3,Solution_4,Solution_5,Solution_6,Solution_7,Solution_8,Solution_9,Solution_10,Solution_11,Solution_12,Solution_13,Solution_14,Solution_15,Solution_16,Solution_17,Solution_18,Solution_19,Solution_20,Solution_21,Solution_22,Solution_23,Solution_24,Solution_25,Solution_26,Solution_27,Solution_28,Solution_29,Solution_30,Solution_31,Solution_32,Solution_33,Solution_34,Solution_35,Solution_36,Solution_37,Solution_38,Solution_39,Solution_40,Solution_41,Solution_42,Solution_43,Solution_44,Solution_45,Solution_46,Solution_47,Solution_48,Solution_49,Solution_50,Solution_51,Solution_52,Solution_53,Solution_54,Solution_55,Solution_56,Solution_57,Solution_58,Solution_59,Solution_60,Solution_61,Solution_62,Solution_63,Solution_64,Solution_65,Solution_66,Solution_67,Solution_68,Solution_69,Solution_70,Solution_71,Solution_72,Solution_73,Solution_74,Solution_75,Solution_76,Solution_77,Solution_78,Solution_79,Solution_80,Solution_81,Solution_82,Solution_83,Solution_84,Solution_85,Solution_86,Solution_87,Solution_88,Solution_89,Solution_90,Solution_91,Solution_92,Solution_93,Solution_94,Solution_95,Solution_96,Solution_97,Solution_98,Solution_99,Solution_100,Solution_101,Solution_102,Solution_103,Solution_104,Solution_105,Solution_106,Solution_107,Solution_108,Solution_109,Solution_110,Solution_111,Solution_112,Solution_113,Solution_114,Solution_115,Solution_116,Solution_117,Solution_118,Solution_119,Solution_120,Solution_121,Solution_122,Solution_123,Solution_124,Solution_125,Solution_126,Solution_127,Solution_128,Solution_129,Solution_130,Solution_131,Solution_132,Solution_133,Solution_134,Solution_135,Solution_136,Solution_137,Solution_138,Solution_139,Solution_140,Solution_141,Solution_142,Solution_143,Solution_144,Solution_145,Solution_146,Solution_147,Solution_148,Solution_149,Solution_150,Solution_151,Solution_152,Solution_153,Solution_154,Solution_155,Solution_156,Solution_157,Solution_158,Solution_159,Solution_160,Solution_161,Solution_162,Solution_163,Solution_164,Solution_165,Solution_166,Solution_167,Solution_168,Solution_169,Solution_170,Solution_171,Solution_172,Solution_173,Solution_174,Solution_175,Solution_176,Solution_177,Solution_178,Solution_179,Solution_180,Solution_181,Solution_182,Solution_183,Solution_184,Solution_185,Solution_186,Solution_187,Solution_188,Solution_189,Solution_190,Solution_191,Solution_192,Solution_193,Solution_194,Solution_195,Solution_196,Solution_197,Solution_198,Solution_199,Solution_200,Solution_201,Solution_202,Solution_203,Solution_204,Solution_205,Solution_206,Solution_207,Solution_208,Solution_209,Solution_210,Solution_211,Solution_212,Solution_213,Solution_214,Solution_215,Solution_216,Solution_217,Solution_218,Solution_219,Solution_220,Solution_221,Solution_222,Solution_223,Solution_224,Solution_225,Solution_226,Solution_227,Solution_228,Solution_229,Solution_230,Solution_231,Solution_232,Solution_233,Solution_234,Solution_235,Solution_236,Solution_237,Solution_238,Solution_239,Solution_240,Solution_241,Solution_242,Solution_243,Solution_244,Solution_245,Solution_246,Solution_247,Solution_248,Solution_249,Solution_250,Solution_251,Solution_252,Solution_253,Solution_254,Solution_255,Solution_256,Solution_257,Solution_258,Solution_259,Solution_260,Solution_261,Solution_262,Solution_263,Solution_264,Solution_265,Solution_266,Solution_267,Solution_268,Solution_269,Solution_270,Solution_271,Solution_272,Solution_273,Solution_274,Solution_275,Solution_276,Solution_277,Solution_278,Solution_279,Solution_280,Solution_281,Solution_282,Solution_283,Solution_284,Solution_285,Solution_286,Solution_287,Solution_288,Solution_289,Solution_290,Solution_291,Solution_292,Solution_293,Solution_294,Solution_295,Solution_296,Solution_297,Solution_298,Solution_299,Solution_300,Solution_301,Solution_302,Solution_303,Solution_304,Solution_305,Solution_306,Solution_307,Solution_308,Solution_309,Solution_310,Solution_311,Solution_312,Solution_313,Solution_314,Solution_315,Solution_316,Solution_317,Solution_318,Solution_319,Solution_320,Solution_321,Solution_322,Solution_323,Solution_324,Solution_325,Solution_326,Solution_327,Solution_328,Solution_329,Solution_330,Solution_331,Solution_332,Solution_333,Solution_334,Solution_335,Solution_336,Solution_337,Solution_338,Solution_339,Solution_340,Solution_341,Solution_342,Solution_343,Solution_344,Solution_345,Solution_346,Solution_347,Solution_348,Solution_349,Solution_350,Solution_351,Solution_352,Solution_353,Solution_354,Solution_355,Solution_356,Solution_357,Solution_358,Solution_359,Solution_360,Solution_361,Solution_362,Solution_363,Solution_364,Solution_365,Solution_366,Solution_367,Solution_368,Solution_369,Solution_370,Solution_371,Solution_372,Solution_373,Solution_374,Solution_375,Solution_376,Solution_377,Solution_378,Solution_379,Solution_380,Solution_381,Solution_382,Solution_383,Solution_384,Solution_385,Solution_386,Solution_387,Solution_388,Solution_389,Solution_390,Solution_391,Solution_392,Solution_393,Solution_394,Solution_395,Solution_396,Solution_397,Solution_398,Solution_399,Solution_400,Solution_401,Solution_402,Solution_403,Solution_404,Solution_405,Solution_406,Solution_407,Solution_408,Solution_409,Solution_410,Solution_411,Solution_412,Solution_413,Solution_414,Solution_415,Solution_416,Solution_417,Solution_418,Solution_419,Solution_420,Solution_421,Solution_422,Solution_423,Solution_424,Solution_425,Solution_426,Solution_427,Solution_428,Solution_429,Solution_430,Solution_431,Solution_432,Solution_433,Solution_434,Solution_435
__indicatorName,BB Strategy,,,,Strategy identifier,,,,,,,,,,,,,,,,,,,,,,,,,,,,,,,,,,,,,,,,,,,,,,,,,,,,,,,,,,,,,,,,,,,,,,,,,,,,,,,,,,,,,,,,,,,,,,,,,,,,,,,,,,,,,,,,,,,,,,,,,,,,,,,,,,,,,,,,,,,,,,,,,,,,,,,,,,,,,,,,,,,,,,,,,,,,,,,,,,,,,,,,,,,,,,,,,,,,,,,,,,,,,,,,,,,,,,,,,,,,,,,,,,,,,,,,,,,,,,,,,,,,,,,,,,,,,,,,,,,,,,,,,,,,,,,,,,,,,,,,,,,,,,,,,,,,,,,,,,,,,,,,,,,,,,,,,,,,,,,,,,,,,,,,,,,,,,,,,,,,,,,,,,,,,,,,,,,,,,,,,,,,,,,,,,,,,,,,,,,,,,,,,,,,,,,,,,,,,,,,,,,,,,,,,,,,,,,,,,,,,,,,,,,,,,,,,,,,
=== ENTRY CRITERIA ===,,,,,,,,,,,,,,,,,,,,,,,,,,,,,,,,,,,,,,,,,,,,,,,,,,,,,,,,,,,,,,,,,,,,,,,,,,,,,,,,,,,,,,,,,,,,,,,,,,,,,,,,,,,,,,,,,,,,,,,,,,,,,,,,,,,,,,,,,,,,,,,,,,,,,,,,,,,,,,,,,,,,,,,,,,,,,,,,,,,,,,,,,,,,,,,,,,,,,,,,,,,,,,,,,,,,,,,,,,,,,,,,,,,,,,,,,,,,,,,,,,,,,,,,,,,,,,,,,,,,,,,,,,,,,,,,,,,,,,,,,,,,,,,,,,,,,,,,,,,,,,,,,,,,,,,,,,,,,,,,,,,,,,,,,,,,,,,,,,,,,,,,,,,,,,,,,,,,,,,,,,,,,,,,,,,,,,,,,,,,,,,,,,,,,,,,,,,,,,,,,,,,,,,,,,,,,,,,,,,,,,,,,,,,,,,,,,,,,,,,,
Enable Long Trades,true,false,true,bool,Allow long entries,,,,,,,,,,,,,,,,,,,,,,,,,,,,,,,,,,,,,,,,,,,,,,,,,,,,,,,,,,,,,,,,,,,,,,,,,,,,,,,,,,,,,,,,,,,,,,,,,,,,,,,,,,,,,,,,,,,,,,,,,,,,,,,,,,,,,,,,,,,,,,,,,,,,,,,,,,,,,,,,,,,,,,,,,,,,,,,,,,,,,,,,,,,,,,,,,,,,,,,,,,,,,,,,,,,,,,,,,,,,,,,,,,,,,,,,,,,,,,,,,,,,,,,,,,,,,,,,,,,,,,,,,,,,,,,,,,,,,,,,,,,,,,,,,,,,,,,,,,,,,,,,,,,,,,,,,,,,,,,,,,,,,,,,,,,,,,,,,,,,,,,,,,,,,,,,,,,,,,,,,,,,,,,,,,,,,,,,,,,,,,,,,,,,,,,,,,,,,,,,,,,,,,,,,,,,,,,,,,,,,,,,,,,,,,,,,,,,
Enable Short Trades,true,false,true,bool,Allow short entries,,,,,,,,,,,,,,,,,,,,,,,,,,,,,,,,,,,,,,,,,,,,,,,,,,,,,,,,,,,,,,,,,,,,,,,,,,,,,,,,,,,,,,,,,,,,,,,,,,,,,,,,,,,,,,,,,,,,,,,,,,,,,,,,,,,,,,,,,,,,,,,,,,,,,,,,,,,,,,,,,,,,,,,,,,,,,,,,,,,,,,,,,,,,,,,,,,,,,,,,,,,,,,,,,,,,,,,,,,,,,,,,,,,,,,,,,,,,,,,,,,,,,,,,,,,,,,,,,,,,,,,,,,,,,,,,,,,,,,,,,,,,,,,,,,,,,,,,,,,,,,,,,,,,,,,,,,,,,,,,,,,,,,,,,,,,,,,,,,,,,,,,,,,,,,,,,,,,,,,,,,,,,,,,,,,,,,,,,,,,,,,,,,,,,,,,,,,,,,,,,,,,,,,,,,,,,,,,,,,,,,,,,,,,,,,,,,,,
Bollinger Band Length,30,2,7,int,Lookback period for BB,2,2,2,2,2,2,2,2,2,2,2,2,2,2,2,2,2,2,2,2,2,2,2,2,2,2,2,2,2,2,2,2,2,2,2,2,2,2,2,2,2,2,2,2,2,2,2,2,2,2,2,2,2,2,2,2,2,2,2,2,2,2,2,2,2,2,2,2,2,2,2,2,2,2,2,2,2,2,2,2,2,2,2,2,2,2,2,2,2,2,2,2,2,2,2,2,2,2,2,2,2,2,2,2,2,2,2,2,2,2,2,2,2,2,2,2,2,2,2,2,2,2,2,2,2,2,2,2,2,2,2,2,2,2,2,2,2,2,2,2,2,2,2,2,2,2,2,2,2,2,2,2,2,2,2,2,2,2,2,2,2,2,2,2,2,2,2,2,2,2,2,2,2,2,2,2,2,2,2,2,2,2,2,2,2,2,2,2,2,2,2,2,2,2,2,2,2,2,2,2,2,2,2,2,2,2,2,2,2,2,2,2,2,2,2,2,2,2,2,2,2,2,2,2,2,2,2,2,2,2,2,2,2,2,2,2,2,2,2,2,2,2,2,2,2,2,2,2,2,2,2,2,2,2,2,2,2,2,2,2,2,2,2,2,2,2,2,2,2,2,2,2,2,2,2,2,2,2,2,2,2,2,2,2,2,2,2,2,2,2,2,2,2,2,2,2,2,2,2,2,2,2,2,2,2,2,2,2,2,2,2,2,2,2,2,2,2,2,2,2,2,2,2,2,2,2,2,2,2,2,2,2,2,2,2,2,2,2,2,2,2,2,2,2,2,2,2,2,2,2,2,2,2,2,2,2,2,2,2,2,2,2,2,2,2,2,2,2,2,2,2,2,2,2,2,2,2,2,2,2,2,2,2,2,2,2,2,2,2,2,2,2,2,2,2,2,2,2,2,2,2,2,2,2,2,2,2,2,2,2,2,2,2,2,2,2,2,2,2,2,2,2,2,2,2,2,2,2,2,2,2,2,2,2,2,2
Bollinger Band StdDev,2,1,3,float,StdDev multiplier for BB width (Max capped at 3.0 to prevent overfitting),1.0006,1.002,1.0,1.0,1.0,1.0055,1.0025,1.0,1.0,1.0002,1.0009,1.0006,1.0,1.0002,1.0039,1.0,1.0,1.0054,1.0,1.003,1.0071,1.0009,1.0,1.0009,1.0001,1.0005,1.0071,1.0071,1.0012,1.0046,1.0,1.0,1.0022,1.0035,1.0035,1.0,1.0001,1.0004,1.0,1.0,1.0,1.0,1.0,1.0,1.0001,1.0,1.0041,1.0,1.0,1.0008,1.0041,1.0,1.0,1.0,1.0,1.0002,1.0,1.0062,1.0,1.0,1.0,1.0001,1.002,1.0,1.0,1.0037,1.0012,1.0,1.0,1.0,1.0,1.0003,1.0,1.0,1.0,1.0008,1.0,1.0002,1.0049,1.0,1.0,1.0,1.0,1.0,1.0003,1.0,1.0003,1.0002,1.0,1.0008,1.0003,1.0,1.0002,1.0,1.0,1.0023,1.0,1.0,1.0,1.0018,1.0013,1.0002,1.0014,1.0,1.0007,1.0001,1.0,1.0,1.0,1.0003,1.0,1.0,1.0,1.0,1.0,1.0,1.0,1.0001,1.0049,1.0,1.0,1.0011,1.0,1.0002,1.0003,1.0,1.0,1.0026,1.0,1.0,1.0,1.0008,1.0,1.0002,1.0,1.0,1.0,1.0013,1.0,1.0,1.0083,1.0001,1.0,1.0,1.0049,1.0,1.0,1.0049,1.0,1.0001,1.0,1.0,1.0,1.0,1.0,1.0,1.0004,1.0,1.0,1.0,1.0,1.0,1.0022,1.0008,1.0008,1.0,1.0009,1.0,1.0,1.0009,1.0,1.0005,1.0,1.0,1.0004,1.002,1.0,1.0,1.0,1.0,1.0018,1.0,1.0,1.0,1.0,1.0003,1.0002,1.0001,1.0,1.0,1.0,1.0,1.0,1.0,1.0,1.0006,1.0,1.0002,1.0015,1.0,1.0004,1.0,1.0,1.0001,1.0065,1.0,1.0002,1.0,1.0,1.0,1.0004,1.0029,1.0,1.0,1.0,1.0007,1.0,1.0,1.0,1.0,1.0,1.0,1.0,1.0023,1.0,1.0,1.0,1.0,1.0,1.0001,1.0004,1.0,1.0,1.0,1.0,1.0,1.0,1.0002,1.0,1.0004,1.0,1.0,1.0,1.0,1.0,1.0,1.0,1.0,1.0,1.0,1.0003,1.0,1.0,1.0002,1.0004,1.0,1.001,1.0002,1.0,1.0001,1.0012,1.0,1.0,1.0,1.0003,1.0003,1.0,1.0,1.0,1.0001,1.0,1.0,1.0012,1.0,1.0,1.0011,1.0001,1.0001,1.0003,1.0,1.0,1.0,1.0,1.0,1.0,1.002,1.0013,1.0,1.0001,1.0001,1.0001,1.0,1.0,1.0,1.0,1.0,1.0001,1.0,1.0003,1.0,1.0,1.0012,1.0,1.0,1.0,1.0,1.0,1.0,1.0001,1.0001,1.0001,1.0,1.0011,1.0001,1.0,1.0001,1.0,1.0,1.0,1.0021,1.0001,1.0001,1.0,1.0,1.0,1.0,1.0,1.0,1.0,1.0,1.0001,1.0,1.0001,1.0,1.0014,1.0003,1.0,1.0,1.0028,1.0003,1.0001,1.0002,1.0,1.0002,1.0001,1.0,1.0,1.0,1.0001,1.0002,1.0009,1.0,1.0011,1.0,1.0009,1.0005,1.0,1.0,1.0,1.0004,1.0005,1.0007,1.0005,1.0029,1.0005,1.0004,1.0,1.0004,1.0017,1.0,1.0,1.0003,1.0007,1.0003,1.0014,1.0005,1.0005,1.0,1.0001,1.0,1.0,1.0,1.0,1.0,1.0,1.0,1.0,1.0001,1.0,1.0,1.0002,1.0,1.0,1.0,1.0,1.0,1.0,1.0,1.0,1.0,1.0,1.0,1.0,1.0,1.0,1.0044,1.0,1.0,1.0,1.0,1.0,1.0,1.0,1.0,1.0,1.0,1.0,1.0,1.0,1.0,1.0,1.0002,1.0,1.0,1.0,1.0,1.0,1.0001,1.0,1.0,1.0,1.0,1.0,1.0,1.0,1.0
Long Entry on Wick Touch,0,0,1,int,"Enter if low touches lower band (0=false, 1=true) - OPTIMIZABLE",1,1,1,1,1,1,1,1,0,1,1,1,1,1,1,1,1,1,1,1,1,0,0,1,1,1,1,1,1,1,1,1,1,1,1,1,1,0,1,1,1,1,1,1,1,1,1,1,1,0,1,1,1,1,1,1,1,1,1,1,1,1,1,1,1,1,1,1,1,1,1,0,1,1,1,1,1,1,1,1,1,1,1,1,1,1,1,1,1,0,1,1,1,1,1,1,1,1,1,1,1,1,1,0,1,0,1,1,1,1,1,1,1,1,1,1,1,1,1,1,1,1,0,0,0,1,0,0,1,1,1,1,1,1,1,1,1,1,1,1,1,1,1,1,1,1,1,1,1,1,1,1,1,0,1,1,1,0,1,1,1,1,1,1,1,0,1,1,1,1,1,1,0,1,1,1,1,1,1,1,1,1,1,1,1,1,1,1,1,1,1,1,1,1,1,1,1,1,1,1,0,1,1,1,1,1,1,1,0,1,1,0,1,1,1,1,1,1,1,1,1,1,1,1,1,1,1,1,1,1,1,1,1,1,1,1,1,1,1,1,1,1,1,0,1,1,1,1,1,1,1,1,1,1,1,0,1,1,0,0,1,1,1,1,1,1,1,1,1,1,1,1,1,1,1,1,1,1,1,1,1,1,1,1,1,1,1,1,1,1,1,1,1,1,1,1,0,1,0,1,1,0,1,1,0,1,1,1,1,1,1,1,1,1,1,1,1,1,1,1,0,1,1,1,1,1,1,1,1,1,1,1,1,1,1,1,1,1,0,1,1,1,1,1,1,1,1,1,1,1,0,1,1,1,0,0,1,1,1,1,1,1,1,0,0,1,1,1,0,1,1,1,1,1,1,1,1,0,1,1,1,1,1,1,1,1,1,1,1,1,1,1,1,1,1,1,1,1,1,1,1,1,1,1,1,1,1,1,1,1,1,1,1,1,1,1,1,1,1,1,1,1,1,1,1,1,1,1,1,1,1,1,1,1,1,1
Long Entry on Body in Zone,1,0,1,int,"Enter if close ≤ lower band (0=false, 1=true) - OPTIMIZABLE",1,1,1,1,1,1,1,1,1,1,1,1,1,1,1,1,1,1,1,1,1,1,1,1,1,1,1,1,1,1,1,1,1,1,1,1,1,1,1,1,1,1,1,1,1,1,1,1,1,1,1,1,1,1,1,1,1,1,1,1,1,1,1,1,1,1,1,1,1,1,1,1,1,1,1,1,1,1,1,1,1,1,1,1,1,1,1,1,1,1,1,1,1,1,0,1,1,1,1,1,1,1,1,1,1,1,1,1,1,1,1,1,1,1,1,1,1,1,1,1,1,1,1,1,1,1,1,1,1,1,1,1,1,1,1,1,1,1,1,1,1,1,1,1,1,1,1,1,1,1,1,1,1,1,1,1,1,1,1,1,1,1,1,1,1,1,1,1,1,1,1,1,1,1,1,1,1,1,0,1,1,1,1,1,1,1,1,1,1,1,1,1,0,0,1,1,1,1,1,0,1,1,1,1,1,1,1,1,1,1,1,1,1,1,1,1,1,0,1,1,1,1,1,1,1,1,1,1,1,1,1,1,1,1,1,1,1,1,1,1,1,1,1,1,1,1,1,1,1,1,1,1,1,1,1,1,1,1,1,1,1,1,1,1,1,1,1,1,1,1,1,0,1,0,1,1,1,1,1,1,1,1,1,1,1,1,1,1,1,1,1,1,1,1,1,1,1,1,1,1,1,1,1,1,0,1,1,1,1,1,1,1,1,1,1,1,1,1,1,1,1,1,1,1,1,1,1,1,1,1,1,1,1,1,1,1,1,1,1,1,1,1,1,1,1,1,1,1,1,1,0,1,1,1,0,1,1,1,1,1,1,1,1,1,1,1,1,1,1,1,1,1,1,1,1,1,1,1,1,1,1,1,1,1,1,1,1,1,1,1,1,1,1,1,1,1,1,1,1,1,1,1,1,1,1,1,1,1,1,1,1,1,1,1,1,1,0,1,1,1,1,1,1,1,1,1,1,1,1,1,1,1,1,1,1,1
Long Trigger (% From Lower Band),0.5,0,2,float,% below lower band to trigger (min 0.5% to avoid band extremes),0.9791,0.8334,1.0542,1.0542,1.195,0.8984,1.3409,1.2983,1.0542,0.9909,1.7239,1.1038,1.5165,1.235,0.9165,1.5165,1.0388,1.3727,1.4637,1.3441,1.31,1.0074,0.678,1.7239,1.6125,1.3326,1.31,1.31,1.3314,1.1132,0.9436,1.2938,0.9942,0.5463,0.5463,1.6083,0.9318,0.6911,1.0841,1.7946,1.5794,0.9783,0.7387,1.2416,1.1328,1.6558,1.7562,0.6772,1.4281,1.2506,1.7562,1.4632,2.0,1.0037,1.432,1.0129,1.0065,1.8541,0.6955,0.8928,1.2317,1.2836,1.499,0.8988,1.3798,1.3205,0.9343,1.4156,1.9097,1.4156,1.0388,0.8359,1.0216,0.7782,1.0988,0.2914,1.1049,1.6363,1.9501,2.0,1.7059,0.1202,0.7782,1.8579,1.7426,1.4809,0.8825,1.8258,1.7942,0.9151,0.8676,1.0618,1.1269,1.13,1.2883,1.1376,1.5491,1.1539,1.2703,1.9067,1.7262,0.9987,1.4162,1.0725,1.1664,1.0725,1.2596,1.7833,1.4782,1.3505,1.5489,0.8532,1.1984,1.7927,2.0,1.2742,0.7817,1.0711,1.0685,1.1539,0.4459,2.0,0.8917,0.9765,0.6469,1.5014,1.9012,0.691,0.778,1.4352,1.722,1.3003,1.8233,1.3254,1.4822,0.6621,0.7692,1.4593,0.7692,1.0249,1.9456,1.5044,0.9624,0.9222,1.4679,1.0061,0.6793,1.4679,0.8634,1.6085,1.8426,1.8198,1.365,1.435,1.0061,0.6172,1.3903,0.6768,1.8532,0.785,1.8958,0.0,1.8003,1.1609,1.1609,0.7244,0.657,1.2619,0.7918,1.1799,1.2619,0.8832,0.7222,1.5798,1.7853,1.5577,0.985,1.7185,0.9881,0.0258,1.1428,1.5804,0.0123,2.0,0.9403,0.4174,1.4438,1.5915,1.4013,2.0,1.6782,1.8019,0.9881,0.9881,1.4182,1.2821,2.0,1.5332,1.4871,1.3377,1.3903,1.754,1.7513,0.7767,1.1973,0.8993,0.0,0.4244,1.3887,1.7588,1.3903,1.2101,1.8288,0.5635,2.0,2.0,1.4918,1.4013,1.0397,1.1006,2.0,2.0,1.1199,1.5509,1.6852,1.6358,1.4999,1.8633,0.9219,0.0,1.5752,1.2347,1.6919,1.0352,0.1219,1.1577,2.0,1.7137,1.2144,1.6289,2.0,1.4999,1.227,1.4453,1.7093,1.0973,1.7474,0.6405,0.9796,0.4384,1.2439,0.9755,1.4451,1.2407,1.2603,0.4587,1.2465,1.7577,1.2803,1.2296,1.4297,1.1364,1.3271,1.2939,1.1865,1.1564,1.3265,1.9744,1.2664,1.6999,1.3737,0.4384,1.0517,1.1821,1.2931,1.66,1.6438,0.0,1.688,0.9454,1.7693,1.3771,1.8486,0.2167,1.413,1.6393,1.6637,0.0624,0.0,0.0,0.0,1.1786,1.5455,1.4177,0.9336,1.4435,1.7261,2.0,1.6761,1.5522,1.7174,1.1605,2.0,0.0,1.3627,1.3318,0.9232,1.1649,1.6249,1.7251,1.1701,1.3871,1.7386,1.895,1.365,1.7251,0.7053,0.6511,1.3277,1.8086,0.2067,1.5295,0.0779,1.6288,1.5223,0.9454,1.3378,1.2776,1.4224,1.4717,1.895,1.6166,1.8894,0.7593,0.8661,0.7787,1.9744,0.8436,0.6967,2.0,1.421,1.1303,0.6405,1.6854,0.2504,0.7794,1.6268,1.5556,1.0526,1.6179,1.2364,1.3242,1.5376,1.5376,1.2364,1.235,1.3422,1.8163,2.0,0.6697,0.8719,1.7537,0.9836,1.3081,1.235,1.0892,1.5619,1.6038,1.4102,0.0132,0.0132,0.8347,1.3574,1.5058,2.0,1.5427,1.5427,0.9074,1.2315,1.0755,0.7425,0.3291,1.401,1.5938,0.0,0.0458,0.0,0.8048,0.0,0.0,0.0,0.0,0.0,0.0,0.0,1.4422,0.0,0.0,0.0,0.0,0.0,0.0,0.8828,0.8828,0.0,1.0582,1.8668,0.0,0.0,0.0386,1.8302,2.0,0.0,0.0,1.5396,0.0,0.0,0.0,0.0,0.0,0.0,1.7515,0.0,0.0,0.0,0.0,0.0,0.0,0.0,0.0,0.0,0.0,0.0,1.4219,0.0,0.0
Short Entry on Wick Touch,0,0,1,int,"Enter if high touches upper band (0=false, 1=true) - OPTIMIZABLE",1,1,1,1,1,1,1,1,1,1,1,1,1,1,1,1,1,1,1,1,1,1,1,1,1,1,1,1,1,1,1,1,1,1,1,1,1,1,1,1,1,1,1,1,1,1,1,1,1,1,1,1,1,1,1,1,1,1,1,1,1,1,1,1,1,1,1,1,1,1,1,1,1,1,1,1,1,1,1,1,1,1,1,1,1,1,1,1,1,1,1,1,1,1,1,1,1,1,1,1,1,1,1,1,1,1,1,1,1,1,1,1,1,1,1,1,1,1,1,1,1,1,1,1,1,1,1,1,1,1,1,1,1,1,1,1,1,1,1,1,1,1,1,1,1,1,1,1,1,1,1,1,1,1,1,1,1,1,1,1,1,1,1,1,1,1,1,1,1,1,1,1,1,1,1,1,1,1,1,1,1,1,1,1,1,1,1,1,1,1,1,1,1,1,1,1,1,1,1,1,1,1,1,1,1,1,1,1,1,1,1,1,1,1,1,1,1,1,1,1,1,1,1,1,1,1,1,1,1,1,1,1,1,1,1,1,1,1,1,1,1,1,1,1,1,1,1,1,1,1,1,1,1,1,1,1,1,1,1,1,1,1,1,1,1,1,1,1,1,1,1,1,1,1,1,1,1,1,1,1,1,1,1,1,1,1,1,1,1,1,1,1,1,1,1,1,1,1,1,1,1,1,1,1,1,1,1,1,1,1,1,1,1,1,1,1,1,1,1,1,1,1,1,1,1,1,1,1,1,1,1,1,1,1,1,1,1,1,1,1,1,1,1,1,1,1,1,1,1,1,1,1,1,1,1,1,1,1,1,1,1,1,1,1,1,1,1,1,1,1,1,1,1,1,1,1,1,1,1,1,1,1,1,1,1,1,1,1,1,1,1,1,1,1,1,1,1,1,1,1,1,1,1,1,1,1,1,1,1,1,1,1,1,1,1,1,1,1,1,1,1,1,1,1,1,1,1,1,1,1,1,1,1,1,1,1
Short Entry on Body in Zone,1,0,1,int,"Enter if close ≥ upper band (0=false, 1=true) - OPTIMIZABLE",0,0,0,0,0,0,0,0,0,0,0,0,0,0,0,0,0,0,0,0,0,0,0,0,0,0,0,0,0,0,0,0,0,0,0,0,0,0,0,0,0,0,0,0,0,0,0,0,0,0,0,0,0,0,0,0,0,0,0,0,0,0,0,0,0,0,0,0,0,0,0,0,0,0,0,0,0,0,0,0,0,0,0,0,0,0,0,0,0,0,0,0,0,0,0,0,0,0,0,0,0,0,0,0,0,0,0,0,0,0,0,0,0,0,0,0,0,0,0,0,0,0,0,0,0,0,0,0,0,0,0,0,0,0,0,0,0,0,0,0,0,0,0,0,0,0,0,0,0,0,0,0,0,0,0,0,0,0,0,0,0,0,0,0,0,0,0,0,0,0,0,0,0,0,0,0,0,0,0,0,0,0,0,0,0,0,0,0,0,0,0,0,0,0,0,0,0,0,0,0,0,0,0,0,0,0,0,0,0,0,0,0,0,0,0,0,0,0,0,0,0,0,0,0,0,0,0,0,0,0,0,0,0,0,0,0,0,0,0,0,0,0,0,0,0,0,0,0,0,0,0,0,0,0,0,0,0,0,0,0,0,0,0,0,0,0,0,0,0,0,0,0,0,0,0,0,0,0,0,0,0,0,0,0,0,0,0,0,0,0,0,0,0,0,0,0,0,0,0,0,0,0,0,0,0,0,0,0,0,0,0,1,0,0,0,0,0,0,0,0,0,0,0,0,0,0,0,0,0,0,0,0,0,0,0,0,0,0,0,0,0,0,0,0,0,0,0,0,0,0,0,0,0,0,0,0,0,0,0,0,0,0,0,0,0,0,0,0,0,0,0,0,0,0,0,0,0,0,0,0,0,0,0,0,0,0,0,0,0,0,0,0,0,0,0,0,0,0,0,0,0,0,0,0,0,0,0,0,0,0,0,0,0,0,0,0,0,0,0,0,0,0,0,0,0,0,0,0,0,0,0,0,0,0,0,0
Short Trigger (% From Upper Band),0.5,0,2,float,% above upper band to trigger (min 0.5% to avoid band extremes),0.0209,0.0181,0.0186,0.0186,0.0186,0.0183,0.0171,0.0186,0.0186,0.0187,0.0214,0.0209,0.0196,0.0188,0.0182,0.0196,0.0184,0.0161,0.0195,0.0168,0.0154,0.0174,0.0192,0.0214,0.0167,0.0164,0.0154,0.0154,0.0197,0.0159,0.019,0.016,0.0154,0.0141,0.0141,0.0165,0.0213,0.0185,0.02,0.042,0.0366,0.0121,0.0207,0.0154,0.019,0.0161,0.0094,0.0098,0.0341,0.0094,0.0094,0.0386,0.0103,0.0182,0.0372,0.0167,0.0182,0.0187,0.0082,0.0325,0.0366,0.018,0.0169,0.0327,0.0447,0.0214,0.0205,0.0384,0.0138,0.0384,0.0189,0.0196,0.0186,0.017,0.042,0.0368,0.0228,0.0428,0.0363,0.0442,0.0167,0.0419,0.017,0.0104,0.021,0.0336,0.0424,0.016,0.0428,0.0138,0.0341,0.008,0.0308,0.0375,0.0092,0.0101,0.0327,0.0368,0.0081,0.0415,0.0082,0.0185,0.0422,0.0174,0.005,0.0174,0.0356,0.0078,0.0379,0.0401,0.0386,0.0293,0.0332,0.0178,0.0442,0.0388,0.0379,0.0379,0.0357,0.0368,0.0151,0.0114,0.0337,0.0154,0.0389,0.0188,0.0289,0.0432,0.0309,0.0335,0.0082,0.042,0.0413,0.0429,0.0394,0.0368,0.0407,0.0161,0.0407,0.0362,0.0435,0.0144,0.036,0.0184,0.0229,0.0308,0.0113,0.0229,0.0136,0.0391,0.0426,0.0393,0.0384,0.0167,0.0308,0.0407,0.0394,0.0431,0.0426,0.0404,0.039,0.0473,0.0416,0.041,0.041,0.0098,0.042,0.0411,0.0367,0.038,0.0411,0.0249,0.0437,0.0075,0.0091,0.0437,0.0053,0.0174,0.0495,0.0228,0.0409,0.0391,0.136,0.0149,0.0117,0.0088,0.0161,0.0481,0.0098,0.018,0.0382,0.0194,0.0495,0.0495,0.04,0.0169,0.0409,0.0182,0.0185,0.018,0.0394,0.0155,0.0379,0.0149,0.0183,0.0095,0.0585,0.0195,0.0179,0.0451,0.0394,0.0126,0.0104,0.0392,0.0403,0.0464,0.0172,0.0187,0.0179,0.011,0.0127,0.0127,0.04,0.0161,0.0461,0.0394,0.0386,0.0459,0.046,0.0591,0.0505,0.0378,0.0384,0.0162,0.04,0.0362,0.0374,0.0457,0.0448,0.0391,0.0376,0.0386,0.0144,0.0386,0.0096,0.0345,0.0107,0.042,0.046,0.0382,0.0398,0.0354,0.0384,0.0284,0.0408,0.0412,0.041,0.0372,0.0391,0.0407,0.011,0.0354,0.0333,0.0402,0.0408,0.0339,0.0397,0.0172,0.0475,0.0141,0.0403,0.0382,0.0136,0.016,0.0149,0.0421,0.0283,0.2469,0.0397,0.0452,0.0392,0.0407,0.0388,0.0398,0.0093,0.0462,0.0116,0.0287,0.0547,0.0814,0.0814,0.044,0.0389,0.0067,0.0374,0.0401,0.0466,0.035,0.0445,0.0385,0.035,0.0107,0.0394,0.0717,0.0115,0.0068,0.0384,0.0396,0.0098,0.0098,0.0095,0.033,0.0271,0.0069,0.0376,0.0098,0.0356,0.0452,0.0468,0.0058,0.0449,0.0478,0.0388,0.0329,0.0412,0.0452,0.0367,0.0397,0.0385,0.0108,0.0069,0.037,0.0047,0.0356,0.0081,0.0423,0.0172,0.0298,0.0426,0.0127,0.0104,0.01,0.042,0.0103,0.0419,0.0073,0.0172,0.0384,0.0283,0.0379,0.0179,0.0396,0.0488,0.0488,0.0179,0.0174,0.0377,0.0442,0.0456,0.0362,0.0387,0.0393,0.0408,0.0097,0.0174,0.0339,0.0439,0.0447,0.0379,0.0083,0.0083,0.0393,0.0389,0.0394,0.0059,0.0391,0.0391,0.0422,0.0391,0.0441,0.0422,0.0422,0.0356,0.0423,0.0262,0.0,0.0408,0.012,0.0264,0.0404,0.0354,0.0424,0.0208,0.0193,0.0383,0.0139,0.0321,0.0334,0.0228,0.019,0.003,0.0321,0.0,0.0,0.0218,0.0207,0.0157,0.0294,0.0294,0.0105,0.0191,0.0162,0.0152,0.0205,0.012,0.0194,0.0169,0.0,0.0087,0.0087,0.0,0.0018,0.0015,0.0114,0.0026,0.0162,0.0102,0.0134,0.0102,0.0158,0.0177,0.0122,0.0102,0.0046,0.0015,0.0
ATR Length for Filter,26,5,20,int,ATR period for entry filter (separate from trailing stop ATR),8,5,5,5,5,5,5,5,5,5,5,8,5,5,5,5,5,5,5,5,5,5,5,5,5,6,5,5,5,5,5,5,5,5,5,5,5,5,5,7,5,5,5,5,5,5,5,5,5,5,5,5,5,6,5,5,5,5,5,5,5,5,5,5,5,5,15,5,5,5,8,5,5,5,5,9,5,5,5,5,5,5,5,5,5,9,5,5,5,5,8,6,5,5,5,5,5,5,5,5,5,5,5,5,5,5,5,5,7,5,5,5,5,6,5,5,5,5,5,5,5,5,5,6,5,6,5,5,5,10,5,5,5,5,5,5,8,7,8,5,5,7,5,6,6,5,5,6,6,5,6,5,8,8,5,5,6,5,5,8,5,5,6,5,5,5,5,6,5,5,6,9,5,6,5,5,5,7,7,5,5,5,5,9,5,5,5,6,5,6,5,5,7,7,6,5,5,6,5,6,6,6,5,5,5,15,5,6,5,5,6,6,5,5,5,5,5,6,5,8,10,10,5,5,7,7,5,6,5,5,5,5,7,5,5,7,5,5,5,7,5,5,8,8,5,5,6,5,5,6,6,5,7,8,5,5,5,5,6,5,7,5,5,5,5,5,5,7,6,5,5,6,5,6,6,7,8,6,5,5,5,5,5,5,7,5,5,6,6,6,6,7,7,5,5,5,5,5,5,5,5,10,5,5,6,5,5,5,5,5,5,5,5,5,7,5,5,5,6,5,5,5,5,5,5,5,5,6,7,7,5,7,6,5,5,5,7,5,5,5,5,5,5,5,5,6,7,6,5,7,6,6,6,6,6,6,7,6,6,6,5,5,5,7,6,5,5,5,5,5,5,5,6,7,6,6,6,5,6,6,5,5,5,5,5,5,5,5,5,5,5,5,9,5,5,12,5,5,5,5,7,5,5,5,5,6,6,5,5,5,6,6,5,5,7,5,5,5,5,5,5,6,5,7,5,5,5,6,7,5,9,6,7,5,5,6
Max ATR Filter (Points),4,2,7,float,Maximum ATR value to allow entries for mean reversion (ATR <= max). Low ATR = exhausted move ready to reverse (good). High ATR = strong momentum (bad for mean reversion). Range 1.0-6.0 points,5.5629,5.1249,5.1069,5.1069,5.2947,4.9553,5.4177,5.2904,5.2981,5.5185,5.6484,5.7373,5.6231,5.702,5.5995,5.6231,5.5276,5.3542,5.6994,5.6546,5.4458,5.0694,5.8063,5.8566,5.5941,5.5813,5.6769,5.5373,5.8503,5.5915,5.8889,5.5339,5.7233,5.5966,5.6555,5.9233,6.1109,5.9395,6.0404,5.4289,5.6649,5.5653,6.1885,5.8812,6.1679,5.9266,5.4264,5.4354,5.5047,5.4193,5.5021,4.9546,5.6933,6.3038,5.7967,6.1155,6.2391,5.886,5.5085,5.5655,5.3644,5.7798,6.2936,5.6466,5.7731,5.0015,6.4384,5.4743,5.8952,5.4743,6.2916,6.492,6.4274,6.3392,5.928,5.7742,6.3751,5.8989,5.5731,6.0116,6.3117,5.8491,6.3392,5.6767,6.228,5.3909,6.0546,6.1939,6.0174,6.0073,5.4743,5.5824,5.1497,6.2781,5.8426,5.8042,5.7798,5.8631,5.884,5.9563,5.5397,6.5352,5.926,5.8909,5.5322,5.8909,5.9113,5.565,5.7752,6.0391,5.9959,5.89,5.9229,6.3542,6.1,5.8024,5.7808,5.9739,5.5432,5.8817,6.3762,5.745,6.0327,6.3394,6.0655,6.436,5.7614,6.3533,6.0974,5.2726,5.9502,6.4028,6.2972,5.98,6.099,5.9035,6.2234,6.6011,6.2234,6.0563,6.3612,6.4314,5.9871,6.8385,4.5255,5.7793,6.3342,4.5255,6.4102,6.9577,6.3573,6.3795,6.3202,6.6351,6.1547,6.3284,5.9847,6.3708,6.4,6.4421,6.4374,5.1071,6.297,6.5128,6.5128,6.3279,6.4713,6.4711,6.3157,6.6045,6.4711,7.0,6.4482,6.2236,6.0034,6.0454,6.1194,6.8578,6.1959,6.1618,6.4036,6.3669,5.7113,5.444,6.5404,6.1162,6.597,5.9009,6.4156,6.761,6.4392,7.0,6.1959,6.1959,6.6672,7.0,6.6632,7.0,7.0,6.9149,6.2613,6.8658,6.4123,6.8969,7.0,6.4819,5.6511,7.0,7.0,6.6421,6.3081,6.6614,6.4572,6.5563,6.0353,6.7002,5.9292,6.8669,5.9371,6.6104,5.4709,5.4709,6.5528,7.0,6.6304,6.5288,6.7765,6.593,6.7677,5.5427,5.8998,6.595,6.5883,5.9098,6.3742,6.7524,6.4816,6.8374,6.6841,6.6053,6.6111,6.7586,6.768,6.5498,6.3628,6.6136,6.8185,5.9774,6.8499,6.5524,6.1675,6.6899,6.5883,6.5596,7.0,5.7528,7.0,6.403,6.6927,7.0,6.6827,6.6899,6.5492,7.0,6.9423,6.8397,6.9265,6.177,6.858,7.0,6.8591,6.6679,7.0,6.7841,6.8798,6.8512,6.7349,5.5897,6.9992,6.9875,7.0,7.0,6.9444,7.0,6.6753,7.0,6.8464,7.0,5.488,5.5897,5.5897,6.8495,6.6779,6.402,6.7376,6.8883,6.9353,6.909,6.8501,6.354,6.9172,6.7701,6.4838,5.7798,7.0,6.6944,6.7965,7.0,6.7045,6.7045,6.6553,6.9925,6.8803,6.61,6.6345,6.7045,6.9555,7.0,6.942,6.7609,6.9571,7.0,5.9995,7.0,7.0,6.9787,6.59,6.8844,6.5986,7.0,6.61,6.7242,6.3979,7.0,6.9492,7.0,6.4845,7.0,7.0,7.0,6.947,6.9508,6.4711,7.0,7.0,7.0,6.6401,7.0,6.9765,7.0,6.6578,6.9578,7.0,7.0,6.6578,6.6686,6.6448,7.0,7.0,7.0,6.9913,6.8509,6.9618,7.0,6.7571,7.0,7.0,7.0,7.0,5.8133,5.8133,7.0,7.0,6.9936,7.0,6.9949,6.9949,6.8053,7.0,7.0,6.9073,6.9073,6.8125,6.9489,5.2976,5.9177,5.9769,5.7161,6.0339,5.7357,6.0444,6.242,5.3398,5.9936,6.3459,5.7498,6.4541,6.4438,6.1618,6.3337,5.6862,6.5629,7.0,7.0,6.4946,6.9388,6.8821,6.7672,6.7672,6.7077,7.0,6.9386,6.7069,6.7843,7.0,7.0,6.6016,6.2537,6.2908,6.2908,6.2908,6.1506,6.4926,6.3945,6.4884,6.6815,6.7414,6.7538,6.7026,7.0,6.8561,7.0,7.0,7.0,6.657,6.7165
Min ATR Filter (Points),0.5,1.3,2.5,float,Minimum ATR floor (optional) to ensure stops aren't too tight. Default 0.5 points. ATR must be >= this AND <= Max ATR Filter,2.4957,2.5,2.4759,2.4759,2.4794,2.4801,2.5,2.4794,2.5,2.4748,2.5,2.5,2.5,2.4783,2.474,2.5,2.4772,2.4892,2.5,2.499,2.5,2.4654,2.4993,2.5,2.5,2.5,2.5,2.5,2.5,2.487,2.4905,2.469,2.4998,2.4975,2.4975,2.4939,2.5,2.4966,2.5,2.4928,2.3651,2.5,2.4739,2.4754,2.4252,2.4869,2.498,2.4794,2.4921,2.4995,2.498,2.494,2.4849,2.5,2.374,2.4965,2.5,2.4959,2.5,2.348,2.5,2.4969,2.5,2.3915,2.494,2.4912,2.4914,2.4032,2.4707,2.2299,2.4856,2.4989,2.4987,2.5,2.466,2.4958,2.495,2.4972,2.4975,2.4889,2.495,2.5,2.5,2.491,2.4866,2.4914,2.496,2.4993,2.5,2.5,2.4968,2.4975,2.4956,2.5,2.4825,2.4999,2.5,2.5,2.5,2.4998,2.4816,2.5,2.483,2.4957,2.4918,2.4957,2.5,2.4764,2.497,2.4965,2.3853,2.4923,2.4709,2.4664,2.4889,2.5,2.4982,2.4984,2.4997,2.5,2.4826,2.479,2.4972,2.4803,2.5,2.5,2.4587,2.4974,2.497,2.4988,2.4948,2.5,2.4934,2.5,2.4971,2.5,2.4963,2.5,2.4963,2.5,2.5,2.5,2.5,2.5,2.5,2.5,2.4991,2.5,2.4854,2.4948,2.5,2.4945,2.4779,2.4896,2.5,2.4894,2.5,2.4976,2.4876,2.4972,2.4849,2.4999,2.5,2.5,2.5,2.4986,2.5,2.5,2.4991,2.5,2.5,2.4826,2.4961,2.4929,2.4804,2.4993,2.5,2.489,2.488,2.4756,2.487,2.499,2.5,2.5,2.4987,2.4901,2.4951,2.5,2.4337,2.5,2.4806,2.5,2.5,2.488,2.493,2.4979,2.4919,2.496,2.4897,2.4945,2.5,2.4921,2.4087,2.5,2.4856,2.4733,2.5,2.4988,2.4979,2.4979,2.5,2.5,2.4898,2.4926,2.439,2.4896,2.4933,2.5,2.4987,2.4658,2.5,2.5,2.4973,2.5,2.4861,2.5,2.5,2.4957,2.4744,2.4998,2.4985,2.3054,2.4878,2.5,2.4966,2.5,2.5,2.498,2.4885,2.4774,2.4958,2.352,2.4655,2.5,2.4893,2.4855,2.5,2.4974,2.4744,2.4909,2.4996,2.4767,2.4878,2.4947,2.4918,2.5,2.5,2.4855,2.4835,2.4833,2.493,2.4027,2.5,2.4779,2.5,2.5,2.4817,2.5,2.5,2.5,2.4851,2.4909,2.4775,2.4929,2.4985,2.4972,2.4975,2.4852,2.4917,2.4803,2.4979,2.4359,2.5,2.4992,2.5,2.4765,2.4625,2.4989,2.4942,2.4852,2.4852,2.5,2.4856,2.4925,2.5,2.4819,2.487,2.5,2.5,2.4847,2.5,2.5,2.5,2.5,2.5,2.4963,2.4794,2.4922,2.5,2.5,2.5,2.4794,2.4999,2.495,2.4362,2.5,2.4981,2.4818,2.4829,2.5,2.4979,2.5,2.4968,2.4817,2.4962,2.4803,2.5,2.5,2.4761,2.497,2.495,2.4655,2.4951,2.4981,2.4812,2.5,2.5,2.4962,2.4993,2.4559,2.4762,2.5,2.4974,2.5,2.498,2.5,2.5,2.4951,2.5,2.4968,2.4996,2.4044,2.4923,2.5,2.4996,2.4999,2.4244,2.4863,2.4943,2.4983,2.4994,2.4959,2.1895,2.5,2.4999,2.4384,2.4977,2.493,2.4119,2.5,2.5,2.498,2.4064,2.4998,2.5,2.5,2.3927,2.4965,2.5,2.1643,2.4969,2.4969,2.4629,2.4956,2.4879,2.4932,2.4957,2.4864,2.4986,2.4958,2.497,2.5,2.4961,2.4968,2.4787,2.5,2.4689,2.4779,2.5,2.4586,2.5,2.4689,2.4835,2.4835,2.4766,2.4888,2.5,2.4493,2.4493,2.4972,2.4996,2.4946,2.48,2.4677,2.5,2.4801,2.5,2.4936,2.5,2.4914,2.4914,2.4997,2.495,2.4672,2.5,2.4735,2.5,2.5,2.5,2.4964,2.4925,2.4628,2.5,2.4771,2.4964,2.4989
Enable Trend Filter,1,0,1,int,"Trade with trend only (Long > EMA, Short < EMA) - OPTIMIZABLE",1,1,1,1,1,1,1,1,1,1,1,1,1,1,1,1,1,1,1,1,1,1,1,1,1,1,1,1,1,1,1,1,1,1,1,1,1,1,1,1,1,1,1,1,1,1,1,1,1,1,1,1,1,1,1,1,1,1,1,1,1,1,1,1,1,1,1,1,1,1,1,1,1,1,1,1,1,1,1,1,1,1,1,1,1,1,1,1,1,1,1,1,1,1,1,1,1,1,1,1,1,1,1,1,1,1,1,1,1,1,1,1,1,1,1,1,1,1,1,1,1,1,1,1,1,1,1,1,1,1,1,1,1,1,1,1,1,1,1,1,1,1,1,1,1,1,1,1,1,0,1,1,1,1,1,1,1,1,1,1,1,1,1,1,1,1,1,1,1,1,1,1,1,1,1,1,1,1,0,1,1,1,1,1,1,1,1,0,1,1,1,1,0,0,1,1,1,1,1,1,1,1,1,1,1,1,1,1,1,1,1,1,1,1,1,1,1,1,1,1,1,1,1,1,1,1,1,1,1,1,0,1,1,1,1,1,1,1,1,1,1,1,1,1,1,1,1,1,1,1,1,1,1,1,1,1,1,1,1,1,1,1,1,1,1,1,1,1,1,1,1,1,1,1,1,1,1,1,1,1,1,1,1,1,1,1,1,1,1,1,1,1,1,1,1,1,1,1,1,1,1,1,1,1,1,1,1,1,1,1,1,1,1,1,1,1,1,1,1,1,1,1,1,1,1,1,1,1,1,1,1,1,1,1,1,1,1,1,1,1,1,1,1,1,1,1,1,1,1,1,1,1,0,0,1,1,1,1,0,1,1,1,1,1,1,1,1,0,1,1,1,1,1,1,1,1,1,1,1,1,1,1,1,1,1,1,1,0,1,1,1,1,1,1,1,0,1,1,1,1,1,1,1,1,1,0,0,1,1,1,0,0,1,1,0,1,1,1,1,1,1,0,1,1,1,1,1,1,1,1,1,1,1,0,1,1
Trend EMA Length,200,30,200,int,EMA Length for trend filter,47,74,76,76,65,110,45,65,76,55,39,47,62,44,60,62,60,65,71,64,48,72,44,39,44,42,48,48,39,60,46,76,54,61,61,51,45,66,52,72,64,53,60,54,50,42,62,67,79,64,62,62,43,47,73,60,44,64,47,49,95,51,69,44,108,65,49,98,142,98,51,48,65,31,120,86,115,50,59,73,85,74,31,35,50,30,56,52,50,80,46,41,63,61,59,117,51,57,47,51,50,48,79,53,51,53,90,38,89,84,106,54,90,56,73,43,46,125,45,57,43,51,90,48,83,57,71,118,89,89,72,88,95,45,93,43,90,30,90,52,96,52,48,43,65,83,48,65,42,62,81,93,88,53,83,95,72,114,45,112,109,84,78,103,103,49,133,89,107,89,89,57,133,57,109,84,56,33,87,69,123,48,63,57,51,47,68,66,51,55,106,111,87,87,88,49,69,57,75,52,72,59,30,30,120,45,105,56,41,57,72,65,116,96,56,78,60,149,61,30,54,54,139,60,106,39,59,46,81,118,63,61,89,50,125,46,34,94,72,95,42,59,30,89,125,117,60,51,81,86,62,48,89,49,66,50,92,69,79,88,78,48,58,121,105,50,113,31,56,50,108,86,76,51,90,94,112,104,38,49,98,62,68,66,62,99,53,105,104,104,105,104,79,124,30,110,62,50,94,108,50,50,88,130,50,71,124,109,111,111,129,80,38,55,78,111,75,43,82,51,98,101,56,112,54,49,80,83,88,69,55,117,30,75,49,50,31,54,118,50,47,66,51,48,106,56,61,68,115,71,117,61,71,71,117,120,77,58,102,75,57,96,82,38,120,58,73,78,111,34,34,71,106,47,133,107,107,96,95,78,102,102,112,111,76,42,80,72,72,127,45,90,62,108,123,78,69,71,69,115,92,69,116,116,105,67,89,110,110,59,93,37,64,103,46,47,30,51,49,49,49,61,114,63,39,64,37,62,58,75,56,71,58,137,53,38
Enable ADX Filter,1,0,1,int,Trade only when ADX < Threshold (Ranging Markets) - OPTIMIZABLE,0,0,0,0,0,0,0,0,0,0,0,0,0,0,0,0,0,0,0,0,0,0,0,0,0,0,0,0,0,0,0,0,0,0,0,0,0,0,0,0,0,0,0,0,0,0,0,0,0,0,0,0,0,0,0,0,0,0,0,0,0,0,0,0,0,0,0,0,0,0,0,0,0,0,0,0,0,0,0,0,0,0,0,0,0,0,0,0,0,0,0,0,0,0,0,0,0,0,0,0,0,0,0,0,0,0,0,0,0,0,0,0,0,0,0,0,0,0,0,0,0,0,0,0,0,0,0,0,0,0,0,0,0,0,0,0,0,0,0,0,0,0,0,0,0,0,0,0,0,0,0,0,0,0,0,0,0,0,0,0,0,0,0,0,0,0,0,0,0,0,0,0,0,0,0,0,0,0,0,0,0,0,0,0,0,0,0,0,0,0,0,0,0,0,0,0,0,0,0,0,0,0,0,0,0,0,0,0,0,0,0,0,0,0,0,0,0,0,0,0,0,0,0,0,0,0,0,0,0,0,0,0,0,0,0,0,0,0,0,0,0,0,0,0,0,0,0,0,0,0,0,0,0,0,0,0,0,0,0,0,0,0,0,0,0,0,0,0,0,0,0,0,0,0,0,0,0,0,0,0,0,0,0,0,0,0,0,0,0,0,0,0,0,0,0,0,0,0,0,0,0,0,0,0,0,0,0,0,0,0,0,0,0,0,0,0,0,0,0,0,0,0,0,0,0,0,0,0,0,0,0,0,0,0,0,0,0,0,0,0,0,0,0,0,0,0,0,0,0,0,0,0,0,0,0,0,0,0,0,0,0,0,0,0,0,0,0,0,0,0,0,0,0,0,0,0,0,0,0,0,0,0,0,0,0,0,0,0,0,0,0,0,0,0,0,0,0,0,0,0,0,0,0,0,0,0,0,0,0,0,0,0,0,0,0,0,0,0,0,0,0,0,0,0,0,0,0,0,0,0,0,0,0,0,0,0
ADX Period,14,10,30,int,Lookback period for ADX calculation,23,23,23,23,23,23,23,23,23,23,23,23,23,23,23,23,23,23,23,23,23,23,23,23,23,23,23,23,23,23,23,23,23,23,23,23,23,23,23,23,23,23,23,23,23,23,23,23,23,23,23,23,23,23,23,23,23,23,23,23,23,23,23,23,23,23,23,23,23,23,23,23,23,23,23,23,23,23,23,23,23,23,23,23,23,23,23,23,23,23,23,23,23,23,23,23,23,23,23,23,23,23,23,23,23,23,23,23,23,23,23,23,23,23,23,23,23,23,23,23,23,23,23,23,23,23,23,23,23,23,23,23,23,23,23,23,23,23,23,23,22,23,23,23,23,22,23,23,23,23,23,23,23,23,22,23,23,23,23,23,24,23,23,23,23,23,23,23,23,23,23,23,23,23,23,23,23,23,23,23,23,23,23,23,23,23,23,23,23,23,23,23,23,23,23,23,23,23,23,23,23,23,23,23,23,23,23,23,23,23,23,23,23,23,23,23,23,23,23,23,23,23,23,23,23,23,23,23,23,23,23,23,23,23,23,23,23,23,23,23,23,23,23,23,23,23,23,23,23,23,23,23,23,23,23,23,23,23,23,23,23,23,23,23,23,23,23,23,23,23,23,23,23,23,23,23,23,23,23,23,23,23,23,23,23,23,23,23,23,23,23,23,23,23,23,23,23,23,23,23,23,23,23,23,23,23,23,23,23,23,23,23,23,23,23,23,23,23,23,23,23,23,23,23,23,23,23,23,23,23,23,23,23,23,23,23,23,23,23,23,23,23,23,23,23,23,23,23,23,23,23,23,23,23,23,23,23,23,23,23,23,23,23,23,23,23,23,23,23,23,23,23,23,23,23,23,22,23,23,23,23,23,23,23,23,23,23,23,23,23,23,23,23,23,23,23,23,23,23,23,23,23,23,23,23,23,23,23,23,23,23,23,23,23,23,23,23,23,23,23,23,23,23,23,23,23,23,23,23,23,23,23,23,23,23,23
Max ADX Threshold,25,15,25,int,Maximum ADX allowed for entry. Lower = Only extremely choppy. Higher = Allow some trend.,25,25,25,25,25,25,25,25,25,25,25,25,25,25,25,25,25,25,25,25,25,25,25,25,25,25,25,25,25,25,25,25,25,25,25,25,25,25,25,25,25,25,25,25,25,25,25,25,25,25,25,25,25,25,25,25,25,25,25,25,25,25,25,25,25,25,25,25,25,25,25,25,25,25,25,25,25,25,25,25,25,25,25,25,25,25,25,25,25,25,25,25,25,25,25,25,25,25,25,25,25,25,25,25,25,25,25,25,25,25,25,25,25,25,25,25,25,25,25,25,25,25,25,25,25,25,25,25,25,25,25,25,25,25,25,25,25,25,25,25,25,25,25,25,25,25,25,25,25,25,25,25,25,25,25,25,25,25,25,25,25,25,25,25,25,25,25,25,25,25,25,25,25,25,25,25,25,25,25,25,25,25,25,24,25,25,25,25,25,25,25,25,25,25,25,25,25,25,25,25,25,25,25,25,25,25,25,25,25,25,25,25,25,25,25,25,25,25,25,25,24,24,25,25,25,25,25,25,25,25,25,25,25,25,25,25,25,25,25,25,25,25,25,25,25,25,25,25,25,25,25,25,25,25,25,25,25,25,25,25,25,25,25,25,25,25,25,24,25,25,25,25,25,25,25,25,25,25,25,25,25,25,25,25,25,25,25,25,25,25,25,25,25,25,25,25,25,25,25,25,25,25,25,25,25,25,25,25,25,25,25,25,25,25,25,25,25,25,25,25,25,25,25,25,25,25,25,25,25,25,25,25,25,25,25,25,24,25,25,24,25,25,25,25,25,25,25,25,25,25,25,25,25,25,25,25,25,25,25,25,25,25,25,25,25,25,25,25,25,25,25,25,25,25,25,25,25,25,25,25,25,25,25,25,25,25,25,25,25,25,25,25,25,25,25,25,25,25,25,25,25,24,25,25,25,25,25,25,25,25,25,25,25,25,25,25,25,25,25,25,25,25,25,25,25,25,25,25,25,25,25,25,25,25,25,25
RTH Start (HH:MM),09:30,09:30,09:30,str,Regular trading hours start (Eastern Time),,,,,,,,,,,,,,,,,,,,,,,,,,,,,,,,,,,,,,,,,,,,,,,,,,,,,,,,,,,,,,,,,,,,,,,,,,,,,,,,,,,,,,,,,,,,,,,,,,,,,,,,,,,,,,,,,,,,,,,,,,,,,,,,,,,,,,,,,,,,,,,,,,,,,,,,,,,,,,,,,,,,,,,,,,,,,,,,,,,,,,,,,,,,,,,,,,,,,,,,,,,,,,,,,,,,,,,,,,,,,,,,,,,,,,,,,,,,,,,,,,,,,,,,,,,,,,,,,,,,,,,,,,,,,,,,,,,,,,,,,,,,,,,,,,,,,,,,,,,,,,,,,,,,,,,,,,,,,,,,,,,,,,,,,,,,,,,,,,,,,,,,,,,,,,,,,,,,,,,,,,,,,,,,,,,,,,,,,,,,,,,,,,,,,,,,,,,,,,,,,,,,,,,,,,,,,,,,,,,,,,,,,,,,,,,,,,,,
RTH End (HH:MM),16:00,16:00,16:00,str,Regular trading hours end (Eastern Time),,,,,,,,,,,,,,,,,,,,,,,,,,,,,,,,,,,,,,,,,,,,,,,,,,,,,,,,,,,,,,,,,,,,,,,,,,,,,,,,,,,,,,,,,,,,,,,,,,,,,,,,,,,,,,,,,,,,,,,,,,,,,,,,,,,,,,,,,,,,,,,,,,,,,,,,,,,,,,,,,,,,,,,,,,,,,,,,,,,,,,,,,,,,,,,,,,,,,,,,,,,,,,,,,,,,,,,,,,,,,,,,,,,,,,,,,,,,,,,,,,,,,,,,,,,,,,,,,,,,,,,,,,,,,,,,,,,,,,,,,,,,,,,,,,,,,,,,,,,,,,,,,,,,,,,,,,,,,,,,,,,,,,,,,,,,,,,,,,,,,,,,,,,,,,,,,,,,,,,,,,,,,,,,,,,,,,,,,,,,,,,,,,,,,,,,,,,,,,,,,,,,,,,,,,,,,,,,,,,,,,,,,,,,,,,,,,,,
Enable RTH Filter,1,0,1,int,"Restrict entries to RTH only (0=false, 1=true) - OPTIMIZABLE",0,0,0,0,0,0,0,0,0,0,0,0,0,0,0,0,0,0,0,0,0,0,0,0,0,0,0,0,0,0,0,0,0,0,0,0,0,0,0,0,0,0,0,0,0,0,0,0,0,0,0,0,0,0,0,0,0,0,0,0,0,0,0,0,0,0,0,0,0,0,0,0,0,0,0,0,0,0,0,0,0,0,0,0,0,0,0,0,0,0,0,0,0,0,0,0,0,0,0,0,0,0,0,0,0,0,0,0,0,0,0,0,0,0,0,0,0,0,0,0,0,0,0,0,0,0,0,0,0,0,0,0,0,0,0,0,0,0,0,0,0,0,0,0,0,0,0,0,0,0,0,0,0,0,0,0,0,0,0,0,0,0,0,0,0,0,0,0,0,0,0,0,0,0,0,0,0,0,0,0,0,0,0,0,0,0,0,0,0,0,0,0,0,0,0,0,0,0,0,0,0,0,0,0,0,0,0,0,0,0,0,0,0,0,0,0,0,0,0,0,0,0,0,0,0,0,0,0,0,0,0,0,0,0,0,0,0,0,0,0,0,0,0,0,0,0,0,0,0,0,0,0,0,0,0,0,0,0,0,0,0,0,0,0,0,0,0,0,0,0,0,0,0,0,0,0,0,0,0,0,0,0,0,0,0,0,0,0,0,0,0,0,0,0,0,0,0,0,0,0,0,0,0,0,0,0,0,0,0,0,0,0,0,0,0,0,0,0,0,0,0,0,0,0,0,0,0,0,0,0,0,0,0,0,0,0,0,0,0,0,0,0,0,0,0,0,0,0,0,0,0,0,0,0,0,0,0,0,0,0,0,0,0,0,0,0,0,0,0,0,0,0,0,0,0,0,0,0,0,0,0,0,0,0,0,0,0,0,0,0,0,0,0,0,0,0,0,0,0,0,0,0,0,0,0,0,0,0,0,0,0,0,0,0,0,0,0,0,0,0,0,0,0,0,0,0,0,0,0,0,0,0,0,0,0,0
RTH Exit Buffer (minutes),0,0,60,int,Minutes before RTH end to start closing positions (0 = no auto-close),51,51,51,51,51,51,51,51,51,51,51,51,49,51,51,49,50,51,48,51,51,51,51,51,50,51,51,51,51,50,51,51,50,50,50,51,51,51,51,51,51,51,50,50,51,51,51,51,51,51,51,51,51,51,51,51,51,50,51,51,51,51,51,51,50,51,51,51,51,51,51,51,50,51,51,51,51,51,49,51,51,51,51,51,51,51,51,51,51,51,51,51,51,50,51,51,50,50,50,50,51,51,50,51,51,51,50,50,51,51,51,51,50,51,51,51,51,51,51,50,51,51,51,51,51,51,49,51,50,49,51,51,51,51,51,51,51,51,51,50,49,51,50,51,51,49,51,51,51,51,50,49,51,51,49,50,51,51,51,51,51,51,51,51,51,51,50,51,51,51,51,51,51,51,50,50,51,51,51,51,51,51,51,51,51,51,50,50,51,51,51,51,51,51,51,51,51,52,51,51,51,51,51,51,51,51,50,51,51,51,51,51,51,50,50,51,51,51,51,51,51,51,51,50,51,51,51,51,51,51,50,51,51,51,51,51,51,51,50,51,51,51,52,50,51,51,50,51,51,50,50,51,51,51,51,49,50,51,51,52,51,51,52,51,51,51,51,52,50,51,51,50,51,51,51,51,51,50,51,51,49,51,51,51,51,51,50,50,50,50,50,51,50,51,50,50,51,51,51,50,51,51,50,51,51,50,51,51,51,51,51,51,51,51,51,51,50,51,51,50,51,51,51,51,51,51,50,50,50,51,51,51,51,50,51,51,52,51,50,51,51,51,51,51,51,50,51,51,51,51,52,51,51,51,52,52,50,50,51,51,51,49,50,51,52,51,51,51,51,51,51,50,51,50,51,50,50,49,51,50,49,49,50,51,51,51,51,51,51,51,51,50,51,51,51,51,51,51,51,51,51,51,51,51,51,51,50,51,51,51,51,51,51,51,51,51,51,51,51,51,51,51,51,51,51,51,51,51,51,51,51,51,51,51,51,51
Enable Maintenance Filter,true,false,true,bool,Exit positions before maintenance periods,,,,,,,,,,,,,,,,,,,,,,,,,,,,,,,,,,,,,,,,,,,,,,,,,,,,,,,,,,,,,,,,,,,,,,,,,,,,,,,,,,,,,,,,,,,,,,,,,,,,,,,,,,,,,,,,,,,,,,,,,,,,,,,,,,,,,,,,,,,,,,,,,,,,,,,,,,,,,,,,,,,,,,,,,,,,,,,,,,,,,,,,,,,,,,,,,,,,,,,,,,,,,,,,,,,,,,,,,,,,,,,,,,,,,,,,,,,,,,,,,,,,,,,,,,,,,,,,,,,,,,,,,,,,,,,,,,,,,,,,,,,,,,,,,,,,,,,,,,,,,,,,,,,,,,,,,,,,,,,,,,,,,,,,,,,,,,,,,,,,,,,,,,,,,,,,,,,,,,,,,,,,,,,,,,,,,,,,,,,,,,,,,,,,,,,,,,,,,,,,,,,,,,,,,,,,,,,,,,,,,,,,,,,,,,,,,,,,
Daily Maintenance Start (HH:MM),17:00,17:00,17:00,str,Daily maintenance period start in Eastern Time (ES: 4:00 PM CT = 5:00 PM ET),,,,,,,,,,,,,,,,,,,,,,,,,,,,,,,,,,,,,,,,,,,,,,,,,,,,,,,,,,,,,,,,,,,,,,,,,,,,,,,,,,,,,,,,,,,,,,,,,,,,,,,,,,,,,,,,,,,,,,,,,,,,,,,,,,,,,,,,,,,,,,,,,,,,,,,,,,,,,,,,,,,,,,,,,,,,,,,,,,,,,,,,,,,,,,,,,,,,,,,,,,,,,,,,,,,,,,,,,,,,,,,,,,,,,,,,,,,,,,,,,,,,,,,,,,,,,,,,,,,,,,,,,,,,,,,,,,,,,,,,,,,,,,,,,,,,,,,,,,,,,,,,,,,,,,,,,,,,,,,,,,,,,,,,,,,,,,,,,,,,,,,,,,,,,,,,,,,,,,,,,,,,,,,,,,,,,,,,,,,,,,,,,,,,,,,,,,,,,,,,,,,,,,,,,,,,,,,,,,,,,,,,,,,,,,,,,,,,
Daily Maintenance End (HH:MM),17:30,17:30,17:30,str,Daily maintenance period end in Eastern Time (ES: 4:30 PM CT = 5:30 PM ET),,,,,,,,,,,,,,,,,,,,,,,,,,,,,,,,,,,,,,,,,,,,,,,,,,,,,,,,,,,,,,,,,,,,,,,,,,,,,,,,,,,,,,,,,,,,,,,,,,,,,,,,,,,,,,,,,,,,,,,,,,,,,,,,,,,,,,,,,,,,,,,,,,,,,,,,,,,,,,,,,,,,,,,,,,,,,,,,,,,,,,,,,,,,,,,,,,,,,,,,,,,,,,,,,,,,,,,,,,,,,,,,,,,,,,,,,,,,,,,,,,,,,,,,,,,,,,,,,,,,,,,,,,,,,,,,,,,,,,,,,,,,,,,,,,,,,,,,,,,,,,,,,,,,,,,,,,,,,,,,,,,,,,,,,,,,,,,,,,,,,,,,,,,,,,,,,,,,,,,,,,,,,,,,,,,,,,,,,,,,,,,,,,,,,,,,,,,,,,,,,,,,,,,,,,,,,,,,,,,,,,,,,,,,,,,,,,,,
Weekend Maintenance Start Day,4,4,4,int,"Weekend maintenance start day (0=Monday, 1=Tuesday, 2=Wednesday, 3=Thursday, 4=Friday, 5=Saturday, 6=Sunday). For ES futures: 4 (Friday)",,,,,,,,,,,,,,,,,,,,,,,,,,,,,,,,,,,,,,,,,,,,,,,,,,,,,,,,,,,,,,,,,,,,,,,,,,,,,,,,,,,,,,,,,,,,,,,,,,,,,,,,,,,,,,,,,,,,,,,,,,,,,,,,,,,,,,,,,,,,,,,,,,,,,,,,,,,,,,,,,,,,,,,,,,,,,,,,,,,,,,,,,,,,,,,,,,,,,,,,,,,,,,,,,,,,,,,,,,,,,,,,,,,,,,,,,,,,,,,,,,,,,,,,,,,,,,,,,,,,,,,,,,,,,,,,,,,,,,,,,,,,,,,,,,,,,,,,,,,,,,,,,,,,,,,,,,,,,,,,,,,,,,,,,,,,,,,,,,,,,,,,,,,,,,,,,,,,,,,,,,,,,,,,,,,,,,,,,,,,,,,,,,,,,,,,,,,,,,,,,,,,,,,,,,,,,,,,,,,,,,,,,,,,,,,,,,,,
Weekend Maintenance Start Time (HH:MM),17:00,17:00,17:00,str,Weekend maintenance start time in Eastern Time (ES: Fri 4:00 PM CT = 5:00 PM ET),,,,,,,,,,,,,,,,,,,,,,,,,,,,,,,,,,,,,,,,,,,,,,,,,,,,,,,,,,,,,,,,,,,,,,,,,,,,,,,,,,,,,,,,,,,,,,,,,,,,,,,,,,,,,,,,,,,,,,,,,,,,,,,,,,,,,,,,,,,,,,,,,,,,,,,,,,,,,,,,,,,,,,,,,,,,,,,,,,,,,,,,,,,,,,,,,,,,,,,,,,,,,,,,,,,,,,,,,,,,,,,,,,,,,,,,,,,,,,,,,,,,,,,,,,,,,,,,,,,,,,,,,,,,,,,,,,,,,,,,,,,,,,,,,,,,,,,,,,,,,,,,,,,,,,,,,,,,,,,,,,,,,,,,,,,,,,,,,,,,,,,,,,,,,,,,,,,,,,,,,,,,,,,,,,,,,,,,,,,,,,,,,,,,,,,,,,,,,,,,,,,,,,,,,,,,,,,,,,,,,,,,,,,,,,,,,,,,
Weekend Maintenance End Day,6,6,6,int,"Weekend maintenance end day (0=Monday, 1=Tuesday, 2=Wednesday, 3=Thursday, 4=Friday, 5=Saturday, 6=Sunday). For ES futures: 6 (Sunday)",,,,,,,,,,,,,,,,,,,,,,,,,,,,,,,,,,,,,,,,,,,,,,,,,,,,,,,,,,,,,,,,,,,,,,,,,,,,,,,,,,,,,,,,,,,,,,,,,,,,,,,,,,,,,,,,,,,,,,,,,,,,,,,,,,,,,,,,,,,,,,,,,,,,,,,,,,,,,,,,,,,,,,,,,,,,,,,,,,,,,,,,,,,,,,,,,,,,,,,,,,,,,,,,,,,,,,,,,,,,,,,,,,,,,,,,,,,,,,,,,,,,,,,,,,,,,,,,,,,,,,,,,,,,,,,,,,,,,,,,,,,,,,,,,,,,,,,,,,,,,,,,,,,,,,,,,,,,,,,,,,,,,,,,,,,,,,,,,,,,,,,,,,,,,,,,,,,,,,,,,,,,,,,,,,,,,,,,,,,,,,,,,,,,,,,,,,,,,,,,,,,,,,,,,,,,,,,,,,,,,,,,,,,,,,,,,,,,
Weekend Maintenance End Time (HH:MM),18:00,18:00,18:00,str,Weekend maintenance end time in Eastern Time (ES: Sun 5:00 PM CT = 6:00 PM ET),,,,,,,,,,,,,,,,,,,,,,,,,,,,,,,,,,,,,,,,,,,,,,,,,,,,,,,,,,,,,,,,,,,,,,,,,,,,,,,,,,,,,,,,,,,,,,,,,,,,,,,,,,,,,,,,,,,,,,,,,,,,,,,,,,,,,,,,,,,,,,,,,,,,,,,,,,,,,,,,,,,,,,,,,,,,,,,,,,,,,,,,,,,,,,,,,,,,,,,,,,,,,,,,,,,,,,,,,,,,,,,,,,,,,,,,,,,,,,,,,,,,,,,,,,,,,,,,,,,,,,,,,,,,,,,,,,,,,,,,,,,,,,,,,,,,,,,,,,,,,,,,,,,,,,,,,,,,,,,,,,,,,,,,,,,,,,,,,,,,,,,,,,,,,,,,,,,,,,,,,,,,,,,,,,,,,,,,,,,,,,,,,,,,,,,,,,,,,,,,,,,,,,,,,,,,,,,,,,,,,,,,,,,,,,,,,,,,
Maintenance Buffer Minutes,5,1,30,int,Minutes before/after maintenance to exit/block trading,14,14,14,14,14,13,14,14,14,15,14,14,14,15,13,14,14,15,14,14,14,14,14,14,14,14,14,14,14,15,14,14,14,14,14,14,13,14,14,14,14,14,15,15,14,13,14,16,14,14,14,14,14,15,14,14,14,13,14,15,14,14,14,15,14,14,14,14,14,14,14,15,14,14,14,14,14,14,13,14,14,14,14,14,13,14,14,13,14,14,13,14,14,13,14,14,14,14,14,14,14,15,14,14,14,14,15,14,13,14,14,14,15,13,14,14,14,15,14,14,13,14,14,14,14,13,14,14,14,15,14,13,13,13,14,14,13,14,13,14,15,18,15,14,14,15,14,14,15,15,13,13,13,14,15,14,13,14,14,13,14,14,13,14,14,14,14,13,14,14,13,14,14,14,14,14,14,14,13,14,13,15,14,14,14,14,13,14,15,14,14,14,13,13,13,14,14,14,13,14,13,14,14,13,13,14,14,14,15,13,13,14,14,13,14,13,18,14,14,14,14,14,13,12,13,13,14,13,14,14,14,14,13,14,14,14,14,14,13,13,14,14,14,13,14,13,12,14,14,13,13,13,13,13,13,14,14,14,12,15,14,13,14,14,14,13,14,14,12,13,14,13,14,14,16,14,13,14,15,14,14,14,13,13,13,14,14,14,13,14,14,13,13,14,13,13,13,14,14,14,14,14,13,14,14,14,14,14,12,12,14,14,13,13,13,12,14,14,15,14,14,12,14,14,14,14,14,14,13,13,13,14,14,14,14,14,14,14,14,14,12,14,14,12,14,11,15,13,13,13,14,14,14,14,14,13,13,15,14,13,14,13,14,14,13,15,14,15,14,14,14,14,13,13,14,13,13,14,13,13,14,14,14,14,14,14,14,16,14,14,14,13,14,14,14,13,14,13,14,14,14,14,14,14,13,14,14,14,14,13,14,15,13,14,13,14,15,13,14,14,14,14,14,14,14,13,14,14,13,14,14,14,13,14,14,13
Volume MA Length,50,75,200,int,Rolling window for average volume calculation (used by volume filter),186,182,181,181,186,184,189,186,181,181,187,186,191,186,181,191,186,188,183,182,183,185,190,187,181,186,183,183,183,188,193,184,190,184,184,182,190,190,184,185,191,192,187,186,190,189,184,186,185,190,184,177,187,192,186,186,192,189,194,196,193,183,186,192,185,179,184,192,186,192,187,187,193,185,185,187,183,184,192,185,191,187,185,188,189,186,187,188,184,186,192,189,186,189,187,183,186,189,188,187,189,185,184,188,184,188,190,188,190,186,193,181,186,188,186,191,188,186,185,189,186,188,187,188,188,188,191,191,189,183,186,192,188,180,184,189,190,191,190,188,192,188,190,199,187,192,192,187,188,185,185,190,190,188,192,189,189,188,188,189,183,193,190,189,189,194,190,191,192,187,191,188,191,186,190,189,173,186,183,188,189,189,192,181,179,185,187,190,184,190,189,181,183,183,189,186,186,190,184,188,189,185,189,182,184,194,191,187,189,189,189,189,188,188,180,185,189,189,189,190,187,187,186,189,189,188,190,188,178,189,189,186,190,181,186,186,187,184,188,190,188,190,190,191,183,190,190,187,178,191,189,184,190,189,187,191,190,189,188,186,190,184,187,189,183,189,189,178,188,190,190,191,184,189,189,191,189,188,189,179,183,189,186,190,190,185,192,176,187,188,188,193,190,184,188,191,186,188,189,191,188,199,192,188,189,189,178,190,188,188,190,187,189,188,190,188,185,187,189,180,182,188,188,187,188,179,189,189,191,185,188,190,191,185,181,184,178,188,191,183,187,190,187,188,183,189,181,191,188,191,190,189,190,190,190,190,191,192,188,192,180,192,186,189,190,189,183,184,192,191,190,185,188,191,185,192,192,189,187,191,189,189,190,188,183,190,187,188,187,188,187,187,186,184,183,190,186,184,188,183,183,186,188,188,178,188,189,189,189,191,189,189,189,180,190,177,185,181,184,184,184,190,184,186,191,181,181,190,190,186,186,183,190,191,191,191
Max Volume Multiplier,1.2,2,4,float,"Volume filter for mean reversion - MAX volume allowed (volume <= avg * multiplier). Low volume = exhausted move ready to reverse. High volume = strong momentum (bad for mean reversion). Range 0.5-3.0 (1.0 = no filter, lower = more restrictive)",3.5721,3.2516,3.1002,3.1862,3.593,3.4929,3.6275,3.3266,3.1002,3.3576,3.5574,3.5721,3.4068,3.498,3.4922,3.4068,3.3371,3.5546,3.3698,3.5062,3.7466,3.5405,3.2916,3.5574,3.5979,3.7503,3.4657,3.7466,3.5168,3.5651,3.4881,3.6006,3.4989,3.5844,3.5844,3.4072,3.1377,3.6356,3.4399,3.6293,3.3865,3.6851,3.286,3.5258,3.1362,3.6901,3.5765,3.5564,3.3316,3.3532,3.5765,3.5879,3.529,3.1218,3.4651,3.6365,3.4008,3.676,3.6377,3.2948,3.5916,3.8348,2.7177,3.3415,3.759,3.4012,3.5976,3.4669,3.7474,3.4669,3.6027,3.0439,3.3721,3.6913,3.3463,3.8075,3.5466,3.7016,3.6046,3.3884,3.3741,3.7117,3.9198,3.9858,3.3568,3.2447,3.6222,3.5726,3.7016,3.5402,3.3038,4.0,3.3798,3.7069,3.7162,3.7012,3.4509,3.4778,3.2732,3.4083,3.6531,3.6531,3.4949,3.56,3.7418,3.5225,3.4759,3.8767,3.419,3.729,3.4854,3.5405,3.7433,3.5317,3.3884,3.3491,3.3594,3.6712,3.378,3.4778,3.5792,3.9115,3.5414,4.0,3.5291,3.1522,3.5487,3.6819,3.4741,3.3798,3.7352,3.5839,3.4215,4.0,3.765,3.3958,3.4466,3.5928,3.4466,3.4837,3.6439,3.7875,3.2855,3.5212,3.1743,3.436,3.6099,2.9847,4.0,3.6148,3.7543,3.5445,3.3618,4.0,3.6303,4.0,3.6783,3.7084,3.3853,3.4356,3.5308,3.5791,3.629,3.5833,3.5833,3.6962,3.6479,3.4277,3.4781,3.566,3.4277,3.6069,3.6399,3.5892,3.7992,3.4801,3.3428,3.6104,3.0188,3.5829,3.6719,3.4093,3.5667,3.6952,3.5706,3.5329,4.0,3.321,3.4985,3.7075,3.6103,3.432,3.2206,3.2206,3.4036,3.4933,3.4047,3.7384,3.624,3.7886,3.3564,3.682,3.7741,3.4352,3.4794,3.5413,3.6888,3.4844,3.4618,3.5271,3.6783,4.0,3.9777,4.0,4.0,3.7391,3.7677,2.9765,3.9932,3.5475,3.5624,3.5624,3.0466,3.5833,3.5612,3.4162,3.6397,3.6869,3.5772,3.5605,3.4068,3.6253,3.6343,3.8258,3.7682,4.0,3.3671,3.6688,3.3329,3.7301,3.3856,3.6397,3.714,3.238,3.9613,3.3931,3.6243,3.6317,3.5772,3.6139,3.6983,3.3556,3.6343,3.4706,3.3267,3.6109,3.4963,3.7995,4.0,3.4149,3.5808,3.3556,3.9571,3.6162,4.0,3.3198,3.7954,3.69,3.755,3.5542,3.746,3.6139,3.8103,3.6322,3.9331,4.0,3.5238,4.0,3.5735,3.5693,3.419,3.9093,3.4675,3.5461,3.7266,3.7374,3.6001,3.3207,3.4354,3.6256,3.6256,3.8765,3.6543,3.952,3.3088,3.7595,3.4485,3.655,3.1453,3.609,3.655,4.0,3.7822,3.5452,3.5669,3.6052,3.6154,3.7282,3.5621,3.5621,3.702,3.6407,3.6649,3.8685,3.2961,3.5621,3.5966,3.97,3.9273,3.3079,3.5696,3.4668,3.6064,3.79,3.6929,3.7739,3.5895,3.705,3.9555,3.6322,3.8685,3.6824,3.8077,3.421,3.6229,4.0,3.69,3.5333,3.6751,3.7196,3.9053,3.6789,3.6317,3.5391,3.5528,3.6652,3.2598,4.0,3.4237,3.8173,3.6742,3.6301,3.6258,3.5409,3.5015,3.5661,3.6172,3.5243,3.571,3.6906,3.7584,3.7245,3.2656,3.7905,3.6151,3.5531,3.5303,3.5937,3.4082,3.6653,3.5846,3.5284,3.7558,3.7325,3.4797,3.7222,3.7222,3.6035,4.0,4.0,3.5958,3.5958,3.6611,3.5842,3.1055,3.5894,3.6336,3.6777,3.5848,3.784,3.5589,3.7018,3.6729,3.6768,3.7542,3.5284,3.5036,3.686,3.5829,3.5872,3.595,3.5036,3.925,3.925,3.5932,3.5494,3.7184,3.8655,3.8655,3.5646,3.5912,3.8975,3.5715,3.3259,3.4566,3.56,3.6726,3.6893,3.6019,3.6019,3.6019,3.5856,3.5912,3.6607,3.5823,3.548,3.3406,3.6468,3.646,4.0,3.5987,3.4439,3.646,3.7693,3.7805,3.7422
Timeframe (minutes),15,1,5,int,Resample timeframe in minutes,3,3,3,3,3,3,3,3,3,3,3,3,3,3,3,3,3,3,3,3,3,3,3,3,3,3,3,3,3,3,3,3,3,3,3,3,3,3,3,3,4,3,3,3,3,3,3,3,4,3,3,3,3,3,4,3,3,3,3,4,4,3,3,4,3,3,3,4,3,4,3,3,3,3,3,4,3,3,3,3,3,3,3,3,3,3,3,3,3,3,3,3,3,4,3,3,3,3,3,3,3,3,3,3,3,3,3,3,3,3,3,3,3,3,3,3,3,3,3,3,3,3,3,3,3,3,3,3,4,4,3,3,3,3,3,3,3,3,3,3,3,3,3,3,3,4,3,3,3,3,4,3,3,3,4,3,4,3,3,3,3,4,4,3,3,3,3,3,3,4,3,3,3,3,3,3,3,3,3,4,3,3,4,3,3,3,3,3,3,3,3,3,3,3,3,3,4,3,3,3,4,3,3,3,3,3,4,3,3,3,4,3,3,3,3,3,3,3,3,3,3,3,4,3,3,3,3,3,3,4,3,4,4,3,4,4,4,3,3,3,3,3,3,3,3,4,3,3,3,3,3,4,3,3,4,3,3,3,3,3,3,4,3,3,3,4,3,3,3,3,3,3,3,3,3,3,3,4,3,3,3,3,3,4,3,3,3,3,4,4,4,3,3,3,3,3,3,3,3,3,3,3,3,4,3,3,3,3,3,3,3,3,3,3,3,3,3,3,3,3,3,3,3,3,3,3,3,3,3,3,3,3,3,3,3,3,3,3,3,3,3,3,3,3,3,3,3,3,3,3,3,3,3,3,3,3,3,3,3,3,3,3,3,3,3,3,3,3,4,4,4,3,3,3,3,3,3,3,3,3,3,3,3,3,4,3,4,3,4,4,4,4,3,4,4,2,4,4,4,4,4,4,3,3,4,3,3,4,4,3,3,3,4,4,3,4,4,4,4,4,4,3,4,3,4,4,4,3,3,3,3,4,3,3,3,3
Max Open Trades,1,1,1,int,Maximum concurrent positions,,,,,,,,,,,,,,,,,,,,,,,,,,,,,,,,,,,,,,,,,,,,,,,,,,,,,,,,,,,,,,,,,,,,,,,,,,,,,,,,,,,,,,,,,,,,,,,,,,,,,,,,,,,,,,,,,,,,,,,,,,,,,,,,,,,,,,,,,,,,,,,,,,,,,,,,,,,,,,,,,,,,,,,,,,,,,,,,,,,,,,,,,,,,,,,,,,,,,,,,,,,,,,,,,,,,,,,,,,,,,,,,,,,,,,,,,,,,,,,,,,,,,,,,,,,,,,,,,,,,,,,,,,,,,,,,,,,,,,,,,,,,,,,,,,,,,,,,,,,,,,,,,,,,,,,,,,,,,,,,,,,,,,,,,,,,,,,,,,,,,,,,,,,,,,,,,,,,,,,,,,,,,,,,,,,,,,,,,,,,,,,,,,,,,,,,,,,,,,,,,,,,,,,,,,,,,,,,,,,,,,,,,,,,,,,,,,,,
Transaction Cost (Per Trade),20,20,20,float,Estimated friction per trade (Slippage + Commissions) to realistic PnL. E.g. $4 comm + $12.50 slip = 16.5,,,,,,,,,,,,,,,,,,,,,,,,,,,,,,,,,,,,,,,,,,,,,,,,,,,,,,,,,,,,,,,,,,,,,,,,,,,,,,,,,,,,,,,,,,,,,,,,,,,,,,,,,,,,,,,,,,,,,,,,,,,,,,,,,,,,,,,,,,,,,,,,,,,,,,,,,,,,,,,,,,,,,,,,,,,,,,,,,,,,,,,,,,,,,,,,,,,,,,,,,,,,,,,,,,,,,,,,,,,,,,,,,,,,,,,,,,,,,,,,,,,,,,,,,,,,,,,,,,,,,,,,,,,,,,,,,,,,,,,,,,,,,,,,,,,,,,,,,,,,,,,,,,,,,,,,,,,,,,,,,,,,,,,,,,,,,,,,,,,,,,,,,,,,,,,,,,,,,,,,,,,,,,,,,,,,,,,,,,,,,,,,,,,,,,,,,,,,,,,,,,,,,,,,,,,,,,,,,,,,,,,,,,,,,,,,,,,,
=== TAKE PROFIT CRITERIA ===,,,,,,,,,,,,,,,,,,,,,,,,,,,,,,,,,,,,,,,,,,,,,,,,,,,,,,,,,,,,,,,,,,,,,,,,,,,,,,,,,,,,,,,,,,,,,,,,,,,,,,,,,,,,,,,,,,,,,,,,,,,,,,,,,,,,,,,,,,,,,,,,,,,,,,,,,,,,,,,,,,,,,,,,,,,,,,,,,,,,,,,,,,,,,,,,,,,,,,,,,,,,,,,,,,,,,,,,,,,,,,,,,,,,,,,,,,,,,,,,,,,,,,,,,,,,,,,,,,,,,,,,,,,,,,,,,,,,,,,,,,,,,,,,,,,,,,,,,,,,,,,,,,,,,,,,,,,,,,,,,,,,,,,,,,,,,,,,,,,,,,,,,,,,,,,,,,,,,,,,,,,,,,,,,,,,,,,,,,,,,,,,,,,,,,,,,,,,,,,,,,,,,,,,,,,,,,,,,,,,,,,,,,,,,,,,,,,,,,,,,
TP Method,0,0,2,int,"Take profit method (0=Fixed BB at Entry, 1=Fixed ATR, 2=Opposite BB) - OPTIMIZABLE",,,,,,,,,,,,,,,,,,,,,,,,,,,,,,,,,,,,,,,,,,,,,,,,,,,,,,,,,,,,,,,,,,,,,,,,,,,,,,,,,,,,,,,,,,,,,,,,,,,,,,,,,,,,,,,,,,,,,,,,,,,,,,,,,,,,,,,,,,,,,,,,,,,,,,,,,,,,,,,,,,,,,,,,,,,,,,,,,,,,,,,,,,,,,,,,,,,,,,,,,,,,,,,,,,,,,,,,,,,,,,,,,,,,,,,,,,,,,,,,,,,,,,,,,,,,,,,,,,,,,,,,,,,,,,,,,,,,,,,,,,,,,,,,,,,,,,,,,,,,,,,,,,,,,,,,,,,,,,,,,,,,,,,,,,,,,,,,,,,,,,,,,,,,,,,,,,,,,,,,,,,,,,,,,,,,,,,,,,,,,,,,,,,,,,,,,,,,,,,,,,,,,,,,,,,,,,,,,,,,,,,,,,,,,,,,,,,,
Opposite Bollinger Band TP,false,false,false,bool,FIXED: Controlled by TP Method (do not optimize directly),False,False,False,False,False,False,False,False,False,False,False,False,False,False,False,False,False,False,False,False,False,False,False,False,False,False,False,False,False,False,False,False,False,False,False,False,False,False,False,False,False,False,False,False,False,False,False,False,False,False,False,False,False,False,False,False,False,False,False,False,False,False,False,False,False,False,False,False,False,False,False,False,False,False,False,False,False,False,False,False,False,False,False,False,False,False,False,False,False,False,False,False,False,False,False,False,False,False,False,False,False,False,False,False,False,False,False,False,False,False,False,False,False,False,False,False,False,False,False,False,False,False,False,False,False,False,False,False,False,False,False,False,False,False,False,False,False,False,False,False,False,False,False,False,False,False,False,False,False,False,False,False,False,False,False,False,False,False,False,False,False,False,False,False,False,False,False,False,False,False,False,False,False,False,False,False,False,False,False,False,False,False,False,False,False,False,False,False,False,False,False,False,False,False,False,False,False,False,False,False,False,False,False,False,False,False,False,False,False,False,False,False,False,False,False,False,False,False,False,False,False,False,False,False,False,False,False,False,False,False,False,False,False,False,False,False,False,False,False,False,False,False,False,False,False,False,False,False,False,False,False,False,False,False,False,False,False,False,False,False,False,False,False,False,False,False,False,False,False,False,False,False,False,False,False,False,False,False,False,False,False,False,False,False,False,False,False,False,False,False,False,False,False,False,False,False,False,False,False,False,False,False,False,False,False,False,False,False,False,False,False,False,False,False,False,False,False,False,False,False,False,False,False,False,False,False,False,False,False,False,False,False,False,False,False,False,False,False,False,False,False,False,False,False,False,False,False,False,False,False,False,False,False,False,False,False,False,False,False,False,False,False,False,False,False,False,False,False,False,False,False,False,False,False,False,False,False,False,False,False,False,False,False,False,False,False,False,False,False,False,False,False,False,False,False,False,False,False,False,False,False,False,False,False,False,False,False,False,False,False,False,False,False,False,False,False,False,False,False,False,False,False,False,False,False,False,False,False,False,False,False,False,False,False,False,False
Fixed ATR TP,false,false,false,bool,FIXED: Controlled by TP Method (do not optimize directly),False,False,False,False,False,False,False,False,False,False,False,False,False,False,False,False,False,False,False,False,False,False,False,False,False,False,False,False,False,False,False,False,False,False,False,False,False,False,False,False,False,False,False,False,False,False,False,False,False,False,False,False,False,False,False,False,False,False,False,False,False,False,False,False,False,False,False,False,False,False,False,False,False,False,False,False,False,False,False,False,False,False,False,False,False,False,False,False,False,False,False,False,False,False,False,False,False,False,False,False,False,False,False,False,False,False,False,False,False,False,False,False,False,False,False,False,False,False,False,False,False,False,False,False,False,False,False,False,False,False,False,False,False,False,False,False,False,False,False,False,False,False,False,False,False,False,False,False,False,False,False,False,False,False,False,False,False,False,False,False,False,False,False,False,False,False,False,False,False,False,False,False,False,False,False,False,False,False,False,False,False,False,False,False,False,False,False,False,False,False,False,False,False,False,False,False,False,False,False,False,False,False,False,False,False,False,False,False,False,False,False,False,False,False,False,False,False,False,False,False,False,False,False,False,False,False,False,False,False,False,False,False,False,False,False,False,False,False,False,False,False,False,False,False,False,False,False,False,False,False,False,False,False,False,False,False,False,False,False,False,False,False,False,False,False,False,False,False,False,False,False,False,False,False,False,False,False,False,False,False,False,False,False,False,False,False,False,False,False,False,False,False,False,False,False,False,False,False,False,False,False,False,False,False,False,False,False,False,False,False,False,False,False,False,False,False,False,False,False,False,False,False,False,False,False,False,False,False,False,False,False,False,False,False,False,False,False,False,False,False,False,False,False,False,False,False,False,False,False,False,False,False,False,False,False,False,False,False,False,False,False,False,False,False,False,False,False,False,False,False,False,False,False,False,False,False,False,False,False,False,False,False,False,False,False,False,False,False,False,False,False,False,False,False,False,False,False,False,False,False,False,False,False,False,False,False,False,False,False,False,False,False,False,False,False,False,False,False,False,False,False,False,False,False,False,False,False,False,False,False,False,False,False,False,False,False
Fixed BB at Entry TP,true,true,true,bool,FIXED: Controlled by TP Method (do not optimize directly),True,True,True,True,True,True,True,True,True,True,True,True,True,True,True,True,True,True,True,True,True,True,True,True,True,True,True,True,True,True,True,True,True,True,True,True,True,True,True,True,True,True,True,True,True,True,True,True,True,True,True,True,True,True,True,True,True,True,True,True,True,True,True,True,True,True,True,True,True,True,True,True,True,True,True,True,True,True,True,True,True,True,True,True,True,True,True,True,True,True,True,True,True,True,True,True,True,True,True,True,True,True,True,True,True,True,True,True,True,True,True,True,True,True,True,True,True,True,True,True,True,True,True,True,True,True,True,True,True,True,True,True,True,True,True,True,True,True,True,True,True,True,True,True,True,True,True,True,True,True,True,True,True,True,True,True,True,True,True,True,True,True,True,True,True,True,True,True,True,True,True,True,True,True,True,True,True,True,True,True,True,True,True,True,True,True,True,True,True,True,True,True,True,True,True,True,True,True,True,True,True,True,True,True,True,True,True,True,True,True,True,True,True,True,True,True,True,True,True,True,True,True,True,True,True,True,True,True,True,True,True,True,True,True,True,True,True,True,True,True,True,True,True,True,True,True,True,True,True,True,True,True,True,True,True,True,True,True,True,True,True,True,True,True,True,True,True,True,True,True,True,True,True,True,True,True,True,True,True,True,True,True,True,True,True,True,True,True,True,True,True,True,True,True,True,True,True,True,True,True,True,True,True,True,True,True,True,True,True,True,True,True,True,True,True,True,True,True,True,True,True,True,True,True,True,True,True,True,True,True,True,True,True,True,True,True,True,True,True,True,True,True,True,True,True,True,True,True,True,True,True,True,True,True,True,True,True,True,True,True,True,True,True,True,True,True,True,True,True,True,True,True,True,True,True,True,True,True,True,True,True,True,True,True,True,True,True,True,True,True,True,True,True,True,True,True,True,True,True,True,True,True,True,True,True,True,True,True,True,True,True,True,True,True,True,True,True,True,True,True,True,True,True,True,True,True,True,True,True,True,True,True,True,True,True,True
ATR Length for TP,26,5,80,int,ATR period for fixed TP,28,28,28,28,25,28,27,25,28,27,27,28,26,24,28,26,25,27,27,31,33,32,26,27,26,27,33,33,27,27,28,27,32,27,27,34,25,27,31,27,25,26,26,30,28,30,32,25,25,26,32,29,24,27,25,30,28,23,26,28,23,36,31,24,29,30,28,24,28,24,27,27,24,28,27,28,28,29,23,27,27,30,28,30,27,24,26,21,29,32,28,31,26,28,24,22,31,29,28,34,27,25,26,35,29,35,30,23,32,25,26,33,23,21,27,28,25,25,25,29,20,27,24,36,26,27,25,21,27,28,30,29,23,25,29,25,27,29,27,28,24,24,28,27,29,22,22,29,36,26,30,24,30,29,22,27,25,23,27,19,23,27,22,27,27,22,28,29,28,30,29,28,25,29,29,26,33,31,32,31,26,23,35,27,24,29,26,26,30,27,28,28,32,32,19,20,23,25,26,26,25,30,25,26,25,33,17,31,23,23,25,29,20,28,21,27,27,29,28,29,26,26,28,30,25,26,29,30,33,17,34,33,26,38,20,24,24,29,28,30,26,29,29,28,30,21,29,29,33,24,21,23,27,18,24,30,27,29,21,27,30,23,28,31,27,24,30,27,28,30,29,24,28,30,18,23,17,32,23,29,27,29,30,30,26,30,29,31,31,32,32,24,22,30,26,29,26,25,25,29,25,28,26,34,26,24,29,30,25,25,26,20,27,27,27,25,29,29,16,32,28,26,29,28,24,29,32,20,28,27,27,30,30,29,27,24,27,29,28,27,30,31,29,30,28,28,25,28,27,22,27,23,26,26,27,26,28,17,12,24,33,24,27,31,26,18,31,26,25,13,13,30,25,22,19,21,21,29,29,20,29,29,28,29,28,32,23,23,22,28,20,21,28,21,30,29,29,29,31,28,28,29,30,30,28,30,18,30,30,27,16,18,26,28,26,26,29,25,29,29,29,27,21,29,8,23,29,27,28,28,28,28,28,14,28,25
ATR Multiplier for TP,2,0,6,float,Fixed TP ATR multiplier - reduced max to prevent overfitting,0.2478,0.6804,0.0,0.0,0.166,0.0,0.6339,0.166,0.0,0.1848,0.0,0.2478,0.9255,0.3508,0.0005,0.9255,0.0474,0.7049,0.7997,0.0,0.109,3.5063,1.7331,0.0,0.5079,0.1803,0.109,0.109,0.0,0.5863,0.0,0.0126,0.0,1.2195,1.2195,0.491,0.0,0.3381,0.0,0.0236,0.0,2.5577,0.7958,0.2057,0.0,0.3611,0.0,0.8961,0.3424,0.5396,0.0,0.0,0.2855,0.0,0.4769,0.8762,0.5267,1.1869,0.3078,0.0,0.0,0.4678,0.6676,0.0,1.6401,0.0,0.4105,0.3257,0.8999,0.3257,0.4496,0.1669,0.0,0.4699,0.0,0.4986,0.1146,0.6309,0.0,0.0,1.0997,0.8265,0.4699,0.2039,0.0,0.155,0.281,1.2126,0.8554,3.9422,0.175,0.2542,0.3069,3.2697,0.0,0.1251,2.2132,1.5026,0.2867,0.0,0.0,0.2009,0.2185,0.0,0.1023,0.0,0.2387,0.1709,0.1935,1.216,0.0,0.222,0.2329,0.0,0.0,0.2977,0.0,0.3186,0.0785,1.7141,0.4701,0.0,2.0939,0.0,0.6971,1.3483,0.5829,1.3101,0.9262,0.1832,2.6035,1.0254,0.0,0.8264,1.023,1.7308,1.2176,0.9468,1.2176,1.7297,0.0,0.9215,2.0399,0.0503,0.0,0.1117,1.0404,0.0,0.1989,0.3366,1.5655,0.0,0.2541,0.3707,0.1117,1.3594,2.2661,1.6924,1.3523,1.3546,0.7948,0.0194,2.2375,2.051,2.051,0.9406,1.1011,0.8007,0.1382,2.5589,0.9184,0.4335,1.1307,1.8637,0.2408,0.0979,0.2155,0.2176,0.2628,0.4438,2.2023,2.0499,1.1977,0.4578,0.0,0.092,1.3274,0.8253,1.9642,0.0,1.2313,1.2326,0.4898,0.4898,1.3263,0.0,1.7576,0.2381,0.4061,1.6841,1.7397,1.3925,0.4302,0.0,0.3022,0.1341,0.7452,0.5992,1.432,1.2042,1.8473,0.3593,0.8983,1.1565,0.0,0.1448,1.2696,0.931,0.1923,0.7502,0.394,0.35,0.4677,1.655,1.1526,0.0043,0.7213,1.1184,1.0285,0.0344,0.497,0.2731,2.2916,0.4665,0.0,0.3759,0.4753,1.2533,1.4579,0.6053,0.0048,0.4929,0.0,2.1667,2.271,2.2141,1.6443,0.0,1.0285,1.9808,1.2828,2.472,2.3531,0.2738,0.0164,0.0,1.4076,1.7256,1.7949,0.955,0.3694,2.129,0.1418,1.002,0.0,0.0,1.4659,0.2474,1.587,0.356,1.1726,2.0491,0.1067,0.0242,1.49,0.3322,1.1606,2.4416,1.27,0.0,1.539,1.9305,1.3396,0.0,0.2318,0.8355,0.902,0.1882,2.5575,2.4416,2.4416,1.0433,1.3083,2.2742,0.7651,1.1827,1.268,0.954,1.151,1.2814,0.954,0.6449,0.0,0.0,0.1587,0.2131,1.4721,0.0737,1.2173,1.2173,1.751,0.8504,0.6705,1.3234,2.2716,1.2173,1.3068,1.6192,1.4682,1.0189,1.6933,1.378,0.0,0.9311,0.7589,0.0,0.0,1.4707,1.5964,0.2499,1.3234,0.2421,1.8346,1.3068,0.0,0.0,0.2474,0.4559,0.0,0.3475,0.5117,0.981,0.0,0.4473,0.9991,1.7137,1.3583,1.83,0.5263,0.9577,0.0,1.6251,0.0377,0.0377,0.0,0.0,1.5149,1.4538,1.1166,2.2899,0.4993,0.4509,0.0,0.2843,0.0,0.8538,0.0,0.1136,0.1706,2.4874,2.579,0.0,1.1188,1.0953,1.8615,0.9946,0.9946,2.0631,0.7777,1.3311,1.9627,1.9627,0.2261,1.9953,0.053,0.3162,0.0,0.7905,0.2026,0.4204,0.0,0.4686,0.1799,0.0,1.1673,0.4087,0.3706,0.392,0.4438,0.1189,0.3043,0.3706,0.1514,0.1514,0.4645,0.1988,1.3306,0.0571,0.0,0.0,1.3465,1.4525,0.0287,0.2832,0.3004,0.367,0.0,0.4649,0.1627,0.1627,0.1627,1.6598,0.4096,0.5839,2.0655,0.0222,0.327,0.2648,0.0,0.1162,0.267,0.0468,0.1136,0.5268,0.3339,0.6363
=== STOP LOSS CRITERIA ===,,,,,,,,,,,,,,,,,,,,,,,,,,,,,,,,,,,,,,,,,,,,,,,,,,,,,,,,,,,,,,,,,,,,,,,,,,,,,,,,,,,,,,,,,,,,,,,,,,,,,,,,,,,,,,,,,,,,,,,,,,,,,,,,,,,,,,,,,,,,,,,,,,,,,,,,,,,,,,,,,,,,,,,,,,,,,,,,,,,,,,,,,,,,,,,,,,,,,,,,,,,,,,,,,,,,,,,,,,,,,,,,,,,,,,,,,,,,,,,,,,,,,,,,,,,,,,,,,,,,,,,,,,,,,,,,,,,,,,,,,,,,,,,,,,,,,,,,,,,,,,,,,,,,,,,,,,,,,,,,,,,,,,,,,,,,,,,,,,,,,,,,,,,,,,,,,,,,,,,,,,,,,,,,,,,,,,,,,,,,,,,,,,,,,,,,,,,,,,,,,,,,,,,,,,,,,,,,,,,,,,,,,,,,,,,,,,,,,,,,,
Initial Stop Loss (%),1,0.1,0.5,float,Fixed stop loss % - min 1.0% to avoid tight stops that cause quick losses,0.4965,0.4987,0.5,0.5,0.4995,0.5,0.4969,0.4995,0.5,0.4989,0.5,0.4639,0.5,0.4984,0.5,0.5,0.4978,0.4985,0.5,0.5,0.5,0.4984,0.4982,0.496,0.5,0.4873,0.5,0.5,0.5,0.4968,0.5,0.4956,0.5,0.4958,0.4958,0.4913,0.4813,0.4877,0.5,0.4966,0.4964,0.4982,0.4998,0.4929,0.5,0.5,0.5,0.5,0.4949,0.5,0.5,0.5,0.5,0.4983,0.4964,0.5,0.4978,0.4999,0.4977,0.4964,0.4943,0.4917,0.4981,0.4958,0.4752,0.5,0.4886,0.4958,0.5,0.4958,0.5,0.498,0.5,0.5,0.4964,0.4957,0.4947,0.5,0.5,0.4961,0.5,0.5,0.5,0.4999,0.5,0.4981,0.5,0.4999,0.5,0.5,0.4976,0.4971,0.4885,0.4993,0.5,0.4924,0.4914,0.4969,0.5,0.4802,0.4996,0.4986,0.5,0.5,0.4971,0.5,0.4912,0.4991,0.4983,0.4926,0.4965,0.493,0.5,0.5,0.4961,0.5,0.4969,0.5,0.4865,0.4969,0.4865,0.4988,0.44,0.5,0.4163,0.5,0.5,0.4983,0.4998,0.4979,0.498,0.5,0.5,0.4993,0.4947,0.4969,0.4991,0.4987,0.4991,0.497,0.4999,0.4999,0.4968,0.4972,0.4981,0.5,0.5,0.4981,0.4978,0.4931,0.4998,0.4998,0.4987,0.486,0.5,0.4997,0.5,0.4995,0.4999,0.4976,0.499,0.4931,0.4987,0.5,0.4979,0.5,0.4996,0.5,0.4962,0.5,0.5,0.4988,0.4993,0.4947,0.4985,0.5,0.4981,0.4852,0.4929,0.5,0.4916,0.4822,0.5,0.5,0.4936,0.5,0.4956,0.5,0.4906,0.4845,0.5,0.4993,0.5,0.4929,0.5,0.4865,0.4928,0.5,0.5,0.4925,0.5,0.4712,0.49,0.495,0.5,0.4938,0.5,0.4979,0.4868,0.4826,0.5,0.5,0.4866,0.4994,0.4912,0.496,0.5,0.5,0.4988,0.4939,0.5,0.5,0.5,0.4965,0.5,0.4829,0.5,0.4986,0.5,0.493,0.4874,0.5,0.5,0.5,0.4923,0.4895,0.4962,0.5,0.4995,0.4996,0.4969,0.5,0.4858,0.5,0.4992,0.4982,0.4975,0.4996,0.5,0.4995,0.5,0.4932,0.4992,0.4596,0.4981,0.5,0.4935,0.4947,0.4546,0.4996,0.5,0.4932,0.4698,0.4925,0.4986,0.4907,0.4894,0.4896,0.498,0.5,0.5,0.4995,0.5,0.4998,0.499,0.5,0.4982,0.5,0.4877,0.5,0.4982,0.4957,0.4878,0.4908,0.497,0.4874,0.5,0.5,0.4905,0.4963,0.4963,0.5,0.5,0.4992,0.4996,0.4999,0.4847,0.5,0.5,0.5,0.4991,0.4807,0.5,0.5,0.491,0.4923,0.5,0.5,0.5,0.5,0.5,0.4993,0.4921,0.4946,0.4991,0.5,0.5,0.4901,0.4628,0.4928,0.5,0.4995,0.4997,0.4917,0.5,0.5,0.5,0.5,0.4994,0.4878,0.4946,0.4989,0.4385,0.5,0.4996,0.4997,0.4896,0.5,0.4987,0.5,0.5,0.5,0.4996,0.5,0.5,0.4972,0.4962,0.4998,0.4959,0.4998,0.4864,0.496,0.5,0.5,0.4864,0.4823,0.4993,0.5,0.5,0.4975,0.4996,0.4999,0.4996,0.4906,0.4823,0.4936,0.5,0.4878,0.4963,0.4977,0.4977,0.5,0.5,0.4998,0.4902,0.5,0.5,0.5,0.5,0.4996,0.4994,0.5,0.5,0.4994,0.5,0.4841,0.496,0.4973,0.4928,0.4981,0.499,0.4954,0.497,0.5,0.5,0.4953,0.5,0.5,0.5,0.5,0.5,0.5,0.4999,0.4999,0.5,0.492,0.4694,0.492,0.5,0.4989,0.4757,0.4702,0.5,0.5,0.4874,0.5,0.4993,0.4949,0.5,0.5,0.5,0.4992,0.5,0.4914,0.4978,0.5,0.5,0.5,0.5,0.4859,0.4994,0.4891,0.4873,0.489,0.5,0.4921
Enable Trailing Stop,1,0,1,int,"Use ATR trailing stop (0=false, 1=true) - OPTIMIZABLE",1,1,1,1,1,1,1,1,1,1,1,1,1,1,1,1,1,1,1,1,1,1,1,1,1,1,1,1,1,1,1,1,1,1,1,1,1,1,1,1,1,1,1,1,1,1,1,1,1,1,1,1,1,1,1,1,1,1,1,1,1,1,1,1,1,1,1,1,1,1,1,1,1,1,1,1,1,1,1,1,1,1,1,1,1,1,1,1,1,1,1,1,1,1,1,1,1,1,1,1,1,1,1,1,1,1,1,1,1,1,1,1,1,1,1,1,1,1,1,1,1,1,1,1,1,1,1,1,1,1,1,1,1,1,1,1,1,1,1,1,1,1,1,1,1,1,1,1,1,1,1,1,1,1,1,1,1,1,1,1,1,1,1,1,1,1,1,1,1,1,1,1,1,1,1,1,1,1,1,1,1,1,0,0,1,1,1,1,1,1,1,1,1,1,1,1,1,1,1,1,1,1,1,1,1,1,1,1,1,1,1,1,1,1,1,1,0,1,0,1,0,0,1,1,1,1,1,1,1,1,1,1,1,0,1,1,1,1,1,1,1,1,1,1,1,1,1,0,1,1,1,1,1,1,1,0,1,1,1,1,1,1,1,1,1,1,1,0,1,1,1,1,1,1,1,1,1,0,1,1,1,1,1,1,1,1,1,1,0,0,0,1,1,1,1,1,1,1,1,1,1,1,1,0,1,1,1,1,1,1,1,1,1,1,1,1,1,1,1,1,1,1,0,1,1,1,1,1,1,1,1,1,1,1,1,1,0,1,1,1,1,1,0,1,1,1,0,1,1,1,0,1,1,1,0,0,1,1,1,1,1,1,1,1,0,1,1,1,1,0,0,1,1,1,1,1,1,0,1,1,0,0,1,0,1,1,1,1,1,1,1,1,1,1,1,1,1,1,1,1,1,1,0,0,1,1,1,1,1,1,1,1,1,1,1,1,0,1,1,1,1,1,1,1,1,1,1,1,1,1,1,1,1,1,1,1
ATR Length for Trailing Stop,26,10,100,int,ATR period for trailing,57,60,60,60,63,59,61,63,60,61,55,57,60,64,60,60,68,46,60,59,59,60,60,55,60,62,59,59,52,51,56,58,60,61,61,61,60,60,61,58,60,61,57,64,60,60,59,59,59,59,59,59,59,60,60,62,60,61,61,63,59,60,59,60,59,61,57,60,66,60,56,60,57,57,58,58,59,63,59,61,61,56,57,59,59,59,60,61,63,60,59,60,60,61,59,60,60,60,59,60,57,60,59,61,58,61,60,63,59,60,60,62,59,60,61,59,60,59,59,60,53,59,61,59,59,61,60,59,59,58,60,59,60,60,61,60,59,59,59,60,60,59,60,66,61,60,60,61,58,59,57,60,59,61,60,59,58,59,60,60,67,59,59,63,63,60,60,59,59,60,59,59,59,59,59,59,62,61,60,59,62,60,59,60,59,58,60,57,60,61,60,59,60,60,62,59,61,59,59,59,57,64,51,62,59,57,55,59,60,61,57,61,60,59,60,61,62,59,62,60,62,62,58,47,64,61,59,57,56,58,58,60,59,60,59,61,61,63,60,59,61,59,61,59,58,61,60,63,56,59,61,61,59,59,59,59,60,61,59,65,60,61,59,59,64,59,58,59,60,59,60,59,59,60,60,59,59,59,62,56,59,60,59,60,59,59,59,59,58,59,59,60,62,57,60,59,59,60,58,59,60,60,60,57,60,59,55,59,63,63,64,60,61,62,59,63,59,57,58,59,61,62,63,58,57,56,55,60,59,61,62,60,62,60,57,59,59,59,59,60,59,61,63,60,56,60,60,59,62,59,59,60,60,60,59,60,59,60,59,59,60,59,59,61,60,60,58,58,59,59,59,58,64,59,62,59,59,59,59,59,59,59,60,59,60,56,58,60,58,58,60,61,58,58,57,57,58,57,59,57,60,58,59,59,57,60,62,59,59,58,62,61,59,58,60,59,57,60,61,61,61,61,58,58,58,61,62,62,59,61,58,59,59,59,58,58
ATR Multiplier for Trailing Stop,2,0.5,4.5,float,Trailing stop ATR multiplier - reduced max to prevent overfitting,0.5036,0.5,0.5,0.5,0.5,0.5,0.5,0.5,0.5,0.5,0.504,0.5036,0.5,0.5,0.5,0.6007,0.6039,0.5,0.5408,0.5,0.5427,0.6997,0.5059,0.504,0.574,0.5161,0.5,0.5427,0.5218,0.5989,0.5036,0.5024,0.6362,0.5853,0.5853,0.6019,0.5,0.5768,0.6031,0.5023,0.5183,0.5784,0.5015,0.5,0.5,0.6186,0.5017,0.5053,0.5058,0.5,0.5017,0.5097,0.5,0.5,0.5077,0.5284,0.5068,0.6772,0.6033,0.5199,0.5,1.1834,0.6066,0.5162,0.5,0.5,0.5056,0.5124,0.527,0.5124,0.6208,0.506,0.5021,0.5,0.5,0.5,0.6394,0.5,0.5695,0.5015,0.5,0.5,0.6781,0.6899,0.5586,0.5,0.594,0.5,0.5,0.67,0.5015,0.5,0.6081,0.542,0.5,0.5,0.6032,0.5169,0.567,0.6357,0.6315,0.5,0.5,1.7875,0.5,1.7875,0.5,0.8212,0.5,0.5941,0.5,0.5111,0.5,0.5111,0.5015,0.5532,0.5152,0.5,0.571,0.6584,0.6194,0.6376,0.5,0.6138,0.5,0.5025,0.6425,0.5758,0.5184,1.3505,0.5047,0.6367,0.5,0.6458,0.5947,0.5949,0.5027,0.5,0.5,0.6044,0.5,0.5173,0.505,0.5552,0.5,1.0877,0.6241,0.5,0.5123,0.5504,0.707,0.628,0.5583,0.5272,0.6926,0.6144,0.5039,0.6826,0.5861,0.5098,0.6647,0.5,0.5,0.5663,0.5663,0.6631,0.5931,0.5354,0.64,0.5894,0.5,0.5,0.5,0.5222,0.5,0.5,0.5,0.6619,0.5,0.9757,0.5691,0.5,1.3144,0.5,0.597,0.6339,0.5409,0.5167,0.518,0.5,0.5,0.5,0.5,0.5,0.5055,0.5143,0.5012,0.6406,0.5,0.5337,0.5,0.6244,0.6109,0.5126,0.5,0.6385,0.6545,0.5301,0.5459,0.5312,0.5039,0.5,0.5121,0.5814,1.4396,0.5,0.5,0.5,0.5,0.7622,1.8255,1.3389,0.5,0.6041,0.5075,0.5,0.6338,0.511,0.5,0.656,0.5,0.6876,0.5,0.8879,0.6995,0.5,0.5165,0.5296,0.5,0.534,0.5003,0.5,0.7771,0.5,0.5064,0.5,0.5856,0.7828,0.5,0.5,0.5063,0.5,0.6383,0.5759,0.513,1.174,0.5009,0.5,0.5963,0.5,0.5,0.5,0.5826,0.5,0.5121,0.5137,0.5858,1.4563,0.5143,0.537,0.5,0.5,0.5,1.6236,0.5173,0.5,0.5369,0.8618,0.5696,0.5634,0.5,0.5,0.6962,0.5516,0.577,0.5,0.5,0.6754,0.7557,0.8618,0.6112,0.5521,0.5025,0.5087,0.5,0.5909,0.5774,0.5,0.5,1.292,0.5,0.954,0.8428,2.9767,0.5637,0.5,1.174,0.9357,0.5277,0.5277,0.5,0.5198,0.5,0.6077,0.6084,0.6305,0.7191,0.6431,0.5908,0.5276,0.5842,0.5043,0.9018,0.5,1.0437,0.69,0.5,0.5158,0.5,0.5055,0.7062,0.5,0.5,0.7191,0.6315,0.734,1.4563,0.5,1.211,1.0821,0.6092,0.5551,0.7828,0.5828,0.6162,0.6096,0.5,0.5,0.5112,0.5,1.5498,0.5104,0.5,0.5,1.9597,2.2413,0.5,1.3075,0.9097,0.5015,0.8288,0.7143,0.5095,1.081,2.2413,0.6044,0.5089,0.5472,1.4876,2.0658,2.0673,0.5075,0.5,0.5504,0.5138,0.7716,0.7716,1.0024,0.5033,0.5,1.0665,0.9984,2.3091,1.0515,0.5,0.5,0.5,0.5188,0.5117,0.5405,0.5184,0.5033,0.5263,0.5715,0.6568,1.1521,0.5,0.5741,0.9757,0.5176,1.4756,0.5,2.4081,2.4081,0.5383,0.5167,0.5231,0.5114,0.5114,0.7527,0.5854,0.5937,0.7422,0.5146,0.5,0.5,1.0496,0.5005,0.5063,0.5063,0.5063,0.5,0.5431,0.5,1.0629,0.5,0.5032,0.668,0.7294,0.5041,0.6983,0.678,0.7294,0.5,0.5,0.5
Trailing Delay (bars),5,0,20,int,"Bars before trailing stop begins tightening (0 = immediate, max 7 to avoid delayed trailing)",1,1,1,1,1,1,1,1,1,0,0,1,0,0,1,0,1,0,0,1,1,1,1,0,0,0,1,1,0,0,0,1,1,1,1,1,1,1,1,0,1,1,0,1,1,0,1,1,1,1,1,1,1,0,1,0,0,2,0,1,1,1,0,1,1,1,0,2,1,2,0,1,1,0,1,2,1,1,0,0,0,1,0,1,3,1,1,2,1,1,1,1,1,1,0,1,1,1,1,1,3,0,3,0,1,0,0,1,0,1,0,1,0,2,0,1,1,0,1,1,0,3,0,0,0,3,0,0,0,1,1,0,0,1,1,1,1,1,1,1,1,1,0,0,0,1,0,0,0,0,1,0,1,1,1,0,6,0,0,0,0,2,3,1,1,0,0,1,1,1,1,1,0,1,2,4,1,0,0,2,2,0,1,0,1,2,2,1,0,3,2,0,0,0,0,1,2,0,1,2,6,0,1,1,1,0,6,2,0,1,6,1,0,0,1,0,0,2,0,0,0,0,3,0,3,1,1,1,1,8,3,2,3,1,9,1,4,1,0,3,1,1,1,3,2,2,1,1,1,3,7,2,3,1,1,0,0,3,0,0,2,2,0,1,1,1,0,1,0,2,2,3,1,1,2,2,0,2,0,0,0,1,1,2,2,1,2,6,2,2,2,2,4,2,0,2,1,1,3,3,1,1,7,0,2,2,1,1,3,3,3,0,1,2,2,3,1,0,0,2,2,3,0,1,0,0,5,5,7,2,2,4,3,1,0,2,1,0,0,1,2,3,1,3,5,1,0,2,2,2,1,5,2,2,1,1,6,0,0,3,3,8,5,1,1,2,7,3,1,0,0,6,7,6,2,8,8,0,8,7,0,0,4,2,2,1,2,0,1,2,2,1,2,1,1,0,2,2,2,2,2,2,1,1,2,1,0,0,0,2,1,0,2,2,2,2,0,2,2,2,2,2,2,2,1,2,2,2,2,0,2,2,2,5,2,2
=== GA CRITERIA ===,,,,,,,,,,,,,,,,,,,,,,,,,,,,,,,,,,,,,,,,,,,,,,,,,,,,,,,,,,,,,,,,,,,,,,,,,,,,,,,,,,,,,,,,,,,,,,,,,,,,,,,,,,,,,,,,,,,,,,,,,,,,,,,,,,,,,,,,,,,,,,,,,,,,,,,,,,,,,,,,,,,,,,,,,,,,,,,,,,,,,,,,,,,,,,,,,,,,,,,,,,,,,,,,,,,,,,,,,,,,,,,,,,,,,,,,,,,,,,,,,,,,,,,,,,,,,,,,,,,,,,,,,,,,,,,,,,,,,,,,,,,,,,,,,,,,,,,,,,,,,,,,,,,,,,,,,,,,,,,,,,,,,,,,,,,,,,,,,,,,,,,,,,,,,,,,,,,,,,,,,,,,,,,,,,,,,,,,,,,,,,,,,,,,,,,,,,,,,,,,,,,,,,,,,,,,,,,,,,,,,,,,,,,,,,,,,,,,,,,,,
POP_SIZE,150,100,150,int,Population size - reduced to prevent overfitting,,,,,,,,,,,,,,,,,,,,,,,,,,,,,,,,,,,,,,,,,,,,,,,,,,,,,,,,,,,,,,,,,,,,,,,,,,,,,,,,,,,,,,,,,,,,,,,,,,,,,,,,,,,,,,,,,,,,,,,,,,,,,,,,,,,,,,,,,,,,,,,,,,,,,,,,,,,,,,,,,,,,,,,,,,,,,,,,,,,,,,,,,,,,,,,,,,,,,,,,,,,,,,,,,,,,,,,,,,,,,,,,,,,,,,,,,,,,,,,,,,,,,,,,,,,,,,,,,,,,,,,,,,,,,,,,,,,,,,,,,,,,,,,,,,,,,,,,,,,,,,,,,,,,,,,,,,,,,,,,,,,,,,,,,,,,,,,,,,,,,,,,,,,,,,,,,,,,,,,,,,,,,,,,,,,,,,,,,,,,,,,,,,,,,,,,,,,,,,,,,,,,,,,,,,,,,,,,,,,,,,,,,,,,,,,,,,,,
NUM_GEN,100,50,75,int,Number of generations - reduced to prevent overfitting,,,,,,,,,,,,,,,,,,,,,,,,,,,,,,,,,,,,,,,,,,,,,,,,,,,,,,,,,,,,,,,,,,,,,,,,,,,,,,,,,,,,,,,,,,,,,,,,,,,,,,,,,,,,,,,,,,,,,,,,,,,,,,,,,,,,,,,,,,,,,,,,,,,,,,,,,,,,,,,,,,,,,,,,,,,,,,,,,,,,,,,,,,,,,,,,,,,,,,,,,,,,,,,,,,,,,,,,,,,,,,,,,,,,,,,,,,,,,,,,,,,,,,,,,,,,,,,,,,,,,,,,,,,,,,,,,,,,,,,,,,,,,,,,,,,,,,,,,,,,,,,,,,,,,,,,,,,,,,,,,,,,,,,,,,,,,,,,,,,,,,,,,,,,,,,,,,,,,,,,,,,,,,,,,,,,,,,,,,,,,,,,,,,,,,,,,,,,,,,,,,,,,,,,,,,,,,,,,,,,,,,,,,,,,,,,,,,,
CX_PB,0.7,0.5,0.9,float,Crossover probability,,,,,,,,,,,,,,,,,,,,,,,,,,,,,,,,,,,,,,,,,,,,,,,,,,,,,,,,,,,,,,,,,,,,,,,,,,,,,,,,,,,,,,,,,,,,,,,,,,,,,,,,,,,,,,,,,,,,,,,,,,,,,,,,,,,,,,,,,,,,,,,,,,,,,,,,,,,,,,,,,,,,,,,,,,,,,,,,,,,,,,,,,,,,,,,,,,,,,,,,,,,,,,,,,,,,,,,,,,,,,,,,,,,,,,,,,,,,,,,,,,,,,,,,,,,,,,,,,,,,,,,,,,,,,,,,,,,,,,,,,,,,,,,,,,,,,,,,,,,,,,,,,,,,,,,,,,,,,,,,,,,,,,,,,,,,,,,,,,,,,,,,,,,,,,,,,,,,,,,,,,,,,,,,,,,,,,,,,,,,,,,,,,,,,,,,,,,,,,,,,,,,,,,,,,,,,,,,,,,,,,,,,,,,,,,,,,,,
MUT_PB,0.4,0.2,0.5,float,Mutation probability (increased from 0.35 for more exploration),,,,,,,,,,,,,,,,,,,,,,,,,,,,,,,,,,,,,,,,,,,,,,,,,,,,,,,,,,,,,,,,,,,,,,,,,,,,,,,,,,,,,,,,,,,,,,,,,,,,,,,,,,,,,,,,,,,,,,,,,,,,,,,,,,,,,,,,,,,,,,,,,,,,,,,,,,,,,,,,,,,,,,,,,,,,,,,,,,,,,,,,,,,,,,,,,,,,,,,,,,,,,,,,,,,,,,,,,,,,,,,,,,,,,,,,,,,,,,,,,,,,,,,,,,,,,,,,,,,,,,,,,,,,,,,,,,,,,,,,,,,,,,,,,,,,,,,,,,,,,,,,,,,,,,,,,,,,,,,,,,,,,,,,,,,,,,,,,,,,,,,,,,,,,,,,,,,,,,,,,,,,,,,,,,,,,,,,,,,,,,,,,,,,,,,,,,,,,,,,,,,,,,,,,,,,,,,,,,,,,,,,,,,,,,,,,,,,
MUT_MU,0,-1,1,float,Mutation mean,,,,,,,,,,,,,,,,,,,,,,,,,,,,,,,,,,,,,,,,,,,,,,,,,,,,,,,,,,,,,,,,,,,,,,,,,,,,,,,,,,,,,,,,,,,,,,,,,,,,,,,,,,,,,,,,,,,,,,,,,,,,,,,,,,,,,,,,,,,,,,,,,,,,,,,,,,,,,,,,,,,,,,,,,,,,,,,,,,,,,,,,,,,,,,,,,,,,,,,,,,,,,,,,,,,,,,,,,,,,,,,,,,,,,,,,,,,,,,,,,,,,,,,,,,,,,,,,,,,,,,,,,,,,,,,,,,,,,,,,,,,,,,,,,,,,,,,,,,,,,,,,,,,,,,,,,,,,,,,,,,,,,,,,,,,,,,,,,,,,,,,,,,,,,,,,,,,,,,,,,,,,,,,,,,,,,,,,,,,,,,,,,,,,,,,,,,,,,,,,,,,,,,,,,,,,,,,,,,,,,,,,,,,,,,,,,,,,
MUT_SIGMA,0.25,0.1,0.4,float,Mutation std dev,,,,,,,,,,,,,,,,,,,,,,,,,,,,,,,,,,,,,,,,,,,,,,,,,,,,,,,,,,,,,,,,,,,,,,,,,,,,,,,,,,,,,,,,,,,,,,,,,,,,,,,,,,,,,,,,,,,,,,,,,,,,,,,,,,,,,,,,,,,,,,,,,,,,,,,,,,,,,,,,,,,,,,,,,,,,,,,,,,,,,,,,,,,,,,,,,,,,,,,,,,,,,,,,,,,,,,,,,,,,,,,,,,,,,,,,,,,,,,,,,,,,,,,,,,,,,,,,,,,,,,,,,,,,,,,,,,,,,,,,,,,,,,,,,,,,,,,,,,,,,,,,,,,,,,,,,,,,,,,,,,,,,,,,,,,,,,,,,,,,,,,,,,,,,,,,,,,,,,,,,,,,,,,,,,,,,,,,,,,,,,,,,,,,,,,,,,,,,,,,,,,,,,,,,,,,,,,,,,,,,,,,,,,,,,,,,,,,
TARGET_TRADES_DAY,5,1,4,int,Ideal trades/day - reduced to be more realistic for combined filters,,,,,,,,,,,,,,,,,,,,,,,,,,,,,,,,,,,,,,,,,,,,,,,,,,,,,,,,,,,,,,,,,,,,,,,,,,,,,,,,,,,,,,,,,,,,,,,,,,,,,,,,,,,,,,,,,,,,,,,,,,,,,,,,,,,,,,,,,,,,,,,,,,,,,,,,,,,,,,,,,,,,,,,,,,,,,,,,,,,,,,,,,,,,,,,,,,,,,,,,,,,,,,,,,,,,,,,,,,,,,,,,,,,,,,,,,,,,,,,,,,,,,,,,,,,,,,,,,,,,,,,,,,,,,,,,,,,,,,,,,,,,,,,,,,,,,,,,,,,,,,,,,,,,,,,,,,,,,,,,,,,,,,,,,,,,,,,,,,,,,,,,,,,,,,,,,,,,,,,,,,,,,,,,,,,,,,,,,,,,,,,,,,,,,,,,,,,,,,,,,,,,,,,,,,,,,,,,,,,,,,,,,,,,,,,,,,,,
TRADES_PENALTY_WEIGHT,0.3,0.1,0.8,float,Penalty for excess trades - reduced to be less restrictive,,,,,,,,,,,,,,,,,,,,,,,,,,,,,,,,,,,,,,,,,,,,,,,,,,,,,,,,,,,,,,,,,,,,,,,,,,,,,,,,,,,,,,,,,,,,,,,,,,,,,,,,,,,,,,,,,,,,,,,,,,,,,,,,,,,,,,,,,,,,,,,,,,,,,,,,,,,,,,,,,,,,,,,,,,,,,,,,,,,,,,,,,,,,,,,,,,,,,,,,,,,,,,,,,,,,,,,,,,,,,,,,,,,,,,,,,,,,,,,,,,,,,,,,,,,,,,,,,,,,,,,,,,,,,,,,,,,,,,,,,,,,,,,,,,,,,,,,,,,,,,,,,,,,,,,,,,,,,,,,,,,,,,,,,,,,,,,,,,,,,,,,,,,,,,,,,,,,,,,,,,,,,,,,,,,,,,,,,,,,,,,,,,,,,,,,,,,,,,,,,,,,,,,,,,,,,,,,,,,,,,,,,,,,,,,,,,,,
DD_WEIGHT,0.5,0.2,0.8,float,Drawdown penalty weight - increased to prioritize risk management,,,,,,,,,,,,,,,,,,,,,,,,,,,,,,,,,,,,,,,,,,,,,,,,,,,,,,,,,,,,,,,,,,,,,,,,,,,,,,,,,,,,,,,,,,,,,,,,,,,,,,,,,,,,,,,,,,,,,,,,,,,,,,,,,,,,,,,,,,,,,,,,,,,,,,,,,,,,,,,,,,,,,,,,,,,,,,,,,,,,,,,,,,,,,,,,,,,,,,,,,,,,,,,,,,,,,,,,,,,,,,,,,,,,,,,,,,,,,,,,,,,,,,,,,,,,,,,,,,,,,,,,,,,,,,,,,,,,,,,,,,,,,,,,,,,,,,,,,,,,,,,,,,,,,,,,,,,,,,,,,,,,,,,,,,,,,,,,,,,,,,,,,,,,,,,,,,,,,,,,,,,,,,,,,,,,,,,,,,,,,,,,,,,,,,,,,,,,,,,,,,,,,,,,,,,,,,,,,,,,,,,,,,,,,,,,,,,,
DATA_SPLITS,0.65,0.6,0.7,float,In-sample fraction per period - 60-70% for better generalization (30-40% OOS),,,,,,,,,,,,,,,,,,,,,,,,,,,,,,,,,,,,,,,,,,,,,,,,,,,,,,,,,,,,,,,,,,,,,,,,,,,,,,,,,,,,,,,,,,,,,,,,,,,,,,,,,,,,,,,,,,,,,,,,,,,,,,,,,,,,,,,,,,,,,,,,,,,,,,,,,,,,,,,,,,,,,,,,,,,,,,,,,,,,,,,,,,,,,,,,,,,,,,,,,,,,,,,,,,,,,,,,,,,,,,,,,,,,,,,,,,,,,,,,,,,,,,,,,,,,,,,,,,,,,,,,,,,,,,,,,,,,,,,,,,,,,,,,,,,,,,,,,,,,,,,,,,,,,,,,,,,,,,,,,,,,,,,,,,,,,,,,,,,,,,,,,,,,,,,,,,,,,,,,,,,,,,,,,,,,,,,,,,,,,,,,,,,,,,,,,,,,,,,,,,,,,,,,,,,,,,,,,,,,,,,,,,,,,,,,,,,,
DATA_SIZE,0,0,10000000,int,Rows to subsample (0 = full dataset),,,,,,,,,,,,,,,,,,,,,,,,,,,,,,,,,,,,,,,,,,,,,,,,,,,,,,,,,,,,,,,,,,,,,,,,,,,,,,,,,,,,,,,,,,,,,,,,,,,,,,,,,,,,,,,,,,,,,,,,,,,,,,,,,,,,,,,,,,,,,,,,,,,,,,,,,,,,,,,,,,,,,,,,,,,,,,,,,,,,,,,,,,,,,,,,,,,,,,,,,,,,,,,,,,,,,,,,,,,,,,,,,,,,,,,,,,,,,,,,,,,,,,,,,,,,,,,,,,,,,,,,,,,,,,,,,,,,,,,,,,,,,,,,,,,,,,,,,,,,,,,,,,,,,,,,,,,,,,,,,,,,,,,,,,,,,,,,,,,,,,,,,,,,,,,,,,,,,,,,,,,,,,,,,,,,,,,,,,,,,,,,,,,,,,,,,,,,,,,,,,,,,,,,,,,,,,,,,,,,,,,,,,,,,,,,,,,,
USE_INTERLEAVED_SPLIT,true,false,true,bool,Use interleaved IS/OOS periods instead of single split,,,,,,,,,,,,,,,,,,,,,,,,,,,,,,,,,,,,,,,,,,,,,,,,,,,,,,,,,,,,,,,,,,,,,,,,,,,,,,,,,,,,,,,,,,,,,,,,,,,,,,,,,,,,,,,,,,,,,,,,,,,,,,,,,,,,,,,,,,,,,,,,,,,,,,,,,,,,,,,,,,,,,,,,,,,,,,,,,,,,,,,,,,,,,,,,,,,,,,,,,,,,,,,,,,,,,,,,,,,,,,,,,,,,,,,,,,,,,,,,,,,,,,,,,,,,,,,,,,,,,,,,,,,,,,,,,,,,,,,,,,,,,,,,,,,,,,,,,,,,,,,,,,,,,,,,,,,,,,,,,,,,,,,,,,,,,,,,,,,,,,,,,,,,,,,,,,,,,,,,,,,,,,,,,,,,,,,,,,,,,,,,,,,,,,,,,,,,,,,,,,,,,,,,,,,,,,,,,,,,,,,,,,,,,,,,,,,,
NUM_SPLIT_PERIODS,5,3,7,int,Number of alternating periods (IS-OOS-IS-OOS-IS) - odd number recommended,,,,,,,,,,,,,,,,,,,,,,,,,,,,,,,,,,,,,,,,,,,,,,,,,,,,,,,,,,,,,,,,,,,,,,,,,,,,,,,,,,,,,,,,,,,,,,,,,,,,,,,,,,,,,,,,,,,,,,,,,,,,,,,,,,,,,,,,,,,,,,,,,,,,,,,,,,,,,,,,,,,,,,,,,,,,,,,,,,,,,,,,,,,,,,,,,,,,,,,,,,,,,,,,,,,,,,,,,,,,,,,,,,,,,,,,,,,,,,,,,,,,,,,,,,,,,,,,,,,,,,,,,,,,,,,,,,,,,,,,,,,,,,,,,,,,,,,,,,,,,,,,,,,,,,,,,,,,,,,,,,,,,,,,,,,,,,,,,,,,,,,,,,,,,,,,,,,,,,,,,,,,,,,,,,,,,,,,,,,,,,,,,,,,,,,,,,,,,,,,,,,,,,,,,,,,,,,,,,,,,,,,,,,,,,,,,,,,
MIN_TRADES_DAY,2,0.5,2,float,MUST have at least 0.1 trades/day (approx 1 per 2 weeks) - relaxed for combined logic,,,,,,,,,,,,,,,,,,,,,,,,,,,,,,,,,,,,,,,,,,,,,,,,,,,,,,,,,,,,,,,,,,,,,,,,,,,,,,,,,,,,,,,,,,,,,,,,,,,,,,,,,,,,,,,,,,,,,,,,,,,,,,,,,,,,,,,,,,,,,,,,,,,,,,,,,,,,,,,,,,,,,,,,,,,,,,,,,,,,,,,,,,,,,,,,,,,,,,,,,,,,,,,,,,,,,,,,,,,,,,,,,,,,,,,,,,,,,,,,,,,,,,,,,,,,,,,,,,,,,,,,,,,,,,,,,,,,,,,,,,,,,,,,,,,,,,,,,,,,,,,,,,,,,,,,,,,,,,,,,,,,,,,,,,,,,,,,,,,,,,,,,,,,,,,,,,,,,,,,,,,,,,,,,,,,,,,,,,,,,,,,,,,,,,,,,,,,,,,,,,,,,,,,,,,,,,,,,,,,,,,,,,,,,,,,,,,,
MIN_TRADES_PEN_WEIGHT,-500,-200,-50,float,Scalar penalty — zero trades = -50 (Less harsh death penalty),,,,,,,,,,,,,,,,,,,,,,,,,,,,,,,,,,,,,,,,,,,,,,,,,,,,,,,,,,,,,,,,,,,,,,,,,,,,,,,,,,,,,,,,,,,,,,,,,,,,,,,,,,,,,,,,,,,,,,,,,,,,,,,,,,,,,,,,,,,,,,,,,,,,,,,,,,,,,,,,,,,,,,,,,,,,,,,,,,,,,,,,,,,,,,,,,,,,,,,,,,,,,,,,,,,,,,,,,,,,,,,,,,,,,,,,,,,,,,,,,,,,,,,,,,,,,,,,,,,,,,,,,,,,,,,,,,,,,,,,,,,,,,,,,,,,,,,,,,,,,,,,,,,,,,,,,,,,,,,,,,,,,,,,,,,,,,,,,,,,,,,,,,,,,,,,,,,,,,,,,,,,,,,,,,,,,,,,,,,,,,,,,,,,,,,,,,,,,,,,,,,,,,,,,,,,,,,,,,,,,,,,,,,,,,,,,,,,
NORM_SORTINO_MAX,10,5,20,float,Normalization range for Sortino Ratio (used in fitness calculation),,,,,,,,,,,,,,,,,,,,,,,,,,,,,,,,,,,,,,,,,,,,,,,,,,,,,,,,,,,,,,,,,,,,,,,,,,,,,,,,,,,,,,,,,,,,,,,,,,,,,,,,,,,,,,,,,,,,,,,,,,,,,,,,,,,,,,,,,,,,,,,,,,,,,,,,,,,,,,,,,,,,,,,,,,,,,,,,,,,,,,,,,,,,,,,,,,,,,,,,,,,,,,,,,,,,,,,,,,,,,,,,,,,,,,,,,,,,,,,,,,,,,,,,,,,,,,,,,,,,,,,,,,,,,,,,,,,,,,,,,,,,,,,,,,,,,,,,,,,,,,,,,,,,,,,,,,,,,,,,,,,,,,,,,,,,,,,,,,,,,,,,,,,,,,,,,,,,,,,,,,,,,,,,,,,,,,,,,,,,,,,,,,,,,,,,,,,,,,,,,,,,,,,,,,,,,,,,,,,,,,,,,,,,,,,,,,,,
NORM_DD_MAX,50000,50000,200000,float,Normalization range for Max Drawdown in dollars (used in fitness calculation),,,,,,,,,,,,,,,,,,,,,,,,,,,,,,,,,,,,,,,,,,,,,,,,,,,,,,,,,,,,,,,,,,,,,,,,,,,,,,,,,,,,,,,,,,,,,,,,,,,,,,,,,,,,,,,,,,,,,,,,,,,,,,,,,,,,,,,,,,,,,,,,,,,,,,,,,,,,,,,,,,,,,,,,,,,,,,,,,,,,,,,,,,,,,,,,,,,,,,,,,,,,,,,,,,,,,,,,,,,,,,,,,,,,,,,,,,,,,,,,,,,,,,,,,,,,,,,,,,,,,,,,,,,,,,,,,,,,,,,,,,,,,,,,,,,,,,,,,,,,,,,,,,,,,,,,,,,,,,,,,,,,,,,,,,,,,,,,,,,,,,,,,,,,,,,,,,,,,,,,,,,,,,,,,,,,,,,,,,,,,,,,,,,,,,,,,,,,,,,,,,,,,,,,,,,,,,,,,,,,,,,,,,,,,,,,,,,,
NORM_PF_MAX,5,3,10,float,Normalization range for Profit Factor (used in fitness calculation),,,,,,,,,,,,,,,,,,,,,,,,,,,,,,,,,,,,,,,,,,,,,,,,,,,,,,,,,,,,,,,,,,,,,,,,,,,,,,,,,,,,,,,,,,,,,,,,,,,,,,,,,,,,,,,,,,,,,,,,,,,,,,,,,,,,,,,,,,,,,,,,,,,,,,,,,,,,,,,,,,,,,,,,,,,,,,,,,,,,,,,,,,,,,,,,,,,,,,,,,,,,,,,,,,,,,,,,,,,,,,,,,,,,,,,,,,,,,,,,,,,,,,,,,,,,,,,,,,,,,,,,,,,,,,,,,,,,,,,,,,,,,,,,,,,,,,,,,,,,,,,,,,,,,,,,,,,,,,,,,,,,,,,,,,,,,,,,,,,,,,,,,,,,,,,,,,,,,,,,,,,,,,,,,,,,,,,,,,,,,,,,,,,,,,,,,,,,,,,,,,,,,,,,,,,,,,,,,,,,,,,,,,,,,,,,,,,,
NORM_TRADES_MAX,3,1,5,float,Normalization range for Avg Trades/Day (used in fitness calculation) - reduced to 3.0 for realistic expectations,,,,,,,,,,,,,,,,,,,,,,,,,,,,,,,,,,,,,,,,,,,,,,,,,,,,,,,,,,,,,,,,,,,,,,,,,,,,,,,,,,,,,,,,,,,,,,,,,,,,,,,,,,,,,,,,,,,,,,,,,,,,,,,,,,,,,,,,,,,,,,,,,,,,,,,,,,,,,,,,,,,,,,,,,,,,,,,,,,,,,,,,,,,,,,,,,,,,,,,,,,,,,,,,,,,,,,,,,,,,,,,,,,,,,,,,,,,,,,,,,,,,,,,,,,,,,,,,,,,,,,,,,,,,,,,,,,,,,,,,,,,,,,,,,,,,,,,,,,,,,,,,,,,,,,,,,,,,,,,,,,,,,,,,,,,,,,,,,,,,,,,,,,,,,,,,,,,,,,,,,,,,,,,,,,,,,,,,,,,,,,,,,,,,,,,,,,,,,,,,,,,,,,,,,,,,,,,,,,,,,,,,,,,,,,,,,,,,
NORM_PNL_MAX,600000,100000,1000000,float,Normalization range for Total Profit in dollars (used in fitness calculation) - increased to prevent maxing out,,,,,,,,,,,,,,,,,,,,,,,,,,,,,,,,,,,,,,,,,,,,,,,,,,,,,,,,,,,,,,,,,,,,,,,,,,,,,,,,,,,,,,,,,,,,,,,,,,,,,,,,,,,,,,,,,,,,,,,,,,,,,,,,,,,,,,,,,,,,,,,,,,,,,,,,,,,,,,,,,,,,,,,,,,,,,,,,,,,,,,,,,,,,,,,,,,,,,,,,,,,,,,,,,,,,,,,,,,,,,,,,,,,,,,,,,,,,,,,,,,,,,,,,,,,,,,,,,,,,,,,,,,,,,,,,,,,,,,,,,,,,,,,,,,,,,,,,,,,,,,,,,,,,,,,,,,,,,,,,,,,,,,,,,,,,,,,,,,,,,,,,,,,,,,,,,,,,,,,,,,,,,,,,,,,,,,,,,,,,,,,,,,,,,,,,,,,,,,,,,,,,,,,,,,,,,,,,,,,,,,,,,,,,,,,,,,,,
NORM_PROFIT_TRADE_MAX,100,100,500,float,Normalization range for Avg Profit Per Trade (used in fitness calculation),,,,,,,,,,,,,,,,,,,,,,,,,,,,,,,,,,,,,,,,,,,,,,,,,,,,,,,,,,,,,,,,,,,,,,,,,,,,,,,,,,,,,,,,,,,,,,,,,,,,,,,,,,,,,,,,,,,,,,,,,,,,,,,,,,,,,,,,,,,,,,,,,,,,,,,,,,,,,,,,,,,,,,,,,,,,,,,,,,,,,,,,,,,,,,,,,,,,,,,,,,,,,,,,,,,,,,,,,,,,,,,,,,,,,,,,,,,,,,,,,,,,,,,,,,,,,,,,,,,,,,,,,,,,,,,,,,,,,,,,,,,,,,,,,,,,,,,,,,,,,,,,,,,,,,,,,,,,,,,,,,,,,,,,,,,,,,,,,,,,,,,,,,,,,,,,,,,,,,,,,,,,,,,,,,,,,,,,,,,,,,,,,,,,,,,,,,,,,,,,,,,,,,,,,,,,,,,,,,,,,,,,,,,,,,,,,,,,
MIN_WIN_RATE,0.4,0.3,0.5,float,Minimum win rate threshold (hard constraint - strategies below this are eliminated),,,,,,,,,,,,,,,,,,,,,,,,,,,,,,,,,,,,,,,,,,,,,,,,,,,,,,,,,,,,,,,,,,,,,,,,,,,,,,,,,,,,,,,,,,,,,,,,,,,,,,,,,,,,,,,,,,,,,,,,,,,,,,,,,,,,,,,,,,,,,,,,,,,,,,,,,,,,,,,,,,,,,,,,,,,,,,,,,,,,,,,,,,,,,,,,,,,,,,,,,,,,,,,,,,,,,,,,,,,,,,,,,,,,,,,,,,,,,,,,,,,,,,,,,,,,,,,,,,,,,,,,,,,,,,,,,,,,,,,,,,,,,,,,,,,,,,,,,,,,,,,,,,,,,,,,,,,,,,,,,,,,,,,,,,,,,,,,,,,,,,,,,,,,,,,,,,,,,,,,,,,,,,,,,,,,,,,,,,,,,,,,,,,,,,,,,,,,,,,,,,,,,,,,,,,,,,,,,,,,,,,,,,,,,,,,,,,,
SORTINO_CAP,10,5,20,float,Maximum Sortino value before capping (prevents unrealistic values),,,,,,,,,,,,,,,,,,,,,,,,,,,,,,,,,,,,,,,,,,,,,,,,,,,,,,,,,,,,,,,,,,,,,,,,,,,,,,,,,,,,,,,,,,,,,,,,,,,,,,,,,,,,,,,,,,,,,,,,,,,,,,,,,,,,,,,,,,,,,,,,,,,,,,,,,,,,,,,,,,,,,,,,,,,,,,,,,,,,,,,,,,,,,,,,,,,,,,,,,,,,,,,,,,,,,,,,,,,,,,,,,,,,,,,,,,,,,,,,,,,,,,,,,,,,,,,,,,,,,,,,,,,,,,,,,,,,,,,,,,,,,,,,,,,,,,,,,,,,,,,,,,,,,,,,,,,,,,,,,,,,,,,,,,,,,,,,,,,,,,,,,,,,,,,,,,,,,,,,,,,,,,,,,,,,,,,,,,,,,,,,,,,,,,,,,,,,,,,,,,,,,,,,,,,,,,,,,,,,,,,,,,,,,,,,,,,,
=== SOLUTION STATISTICS ===,,,,,,,,,,,,,,,,,,,,,,,,,,,,,,,,,,,,,,,,,,,,,,,,,,,,,,,,,,,,,,,,,,,,,,,,,,,,,,,,,,,,,,,,,,,,,,,,,,,,,,,,,,,,,,,,,,,,,,,,,,,,,,,,,,,,,,,,,,,,,,,,,,,,,,,,,,,,,,,,,,,,,,,,,,,,,,,,,,,,,,,,,,,,,,,,,,,,,,,,,,,,,,,,,,,,,,,,,,,,,,,,,,,,,,,,,,,,,,,,,,,,,,,,,,,,,,,,,,,,,,,,,,,,,,,,,,,,,,,,,,,,,,,,,,,,,,,,,,,,,,,,,,,,,,,,,,,,,,,,,,,,,,,,,,,,,,,,,,,,,,,,,,,,,,,,,,,,,,,,,,,,,,,,,,,,,,,,,,,,,,,,,,,,,,,,,,,,,,,,,,,,,,,,,,,,,,,,,,,,,,,,,,,,,,,,,,,,,,,,,
Sortino Ratio,,,,statistic,Sortino Ratio for each solution,0.2062,0.2023,0.2015,0.2011,0.1997,0.1980,0.1979,0.1965,0.1947,0.1945,0.1916,0.1912,0.1901,0.1871,0.1870,0.1857,0.1850,0.1843,0.1832,0.1829,0.1825,0.1813,0.1797,0.1797,0.1786,0.1764,0.1758,0.1757,0.1750,0.1734,0.1705,0.1699,0.1652,0.1650,0.1634,0.1634,0.1631,0.1629,0.1622,0.1586,0.1585,0.1585,0.1582,0.1580,0.1573,0.1568,0.1553,0.1540,0.1535,0.1525,0.1525,0.1506,0.1486,0.1482,0.1473,0.1470,0.1464,0.1453,0.1448,0.1445,0.1438,0.1418,0.1414,0.1413,0.1410,0.1409,0.1404,0.1400,0.1399,0.1391,0.1389,0.1387,0.1384,0.1382,0.1382,0.1376,0.1374,0.1371,0.1367,0.1358,0.1354,0.1351,0.1349,0.1343,0.1339,0.1330,0.1325,0.1322,0.1318,0.1318,0.1312,0.1309,0.1307,0.1305,0.1304,0.1300,0.1294,0.1293,0.1293,0.1292,0.1286,0.1283,0.1275,0.1274,0.1272,0.1271,0.1270,0.1266,0.1259,0.1256,0.1255,0.1252,0.1252,0.1249,0.1247,0.1245,0.1243,0.1232,0.1227,0.1225,0.1219,0.1215,0.1209,0.1208,0.1204,0.1202,0.1202,0.1199,0.1197,0.1195,0.1192,0.1189,0.1189,0.1188,0.1186,0.1183,0.1183,0.1180,0.1175,0.1160,0.1155,0.1154,0.1147,0.1143,0.1134,0.1133,0.1126,0.1123,0.1121,0.1119,0.1117,0.1109,0.1108,0.1107,0.1106,0.1102,0.1096,0.1096,0.1089,0.1088,0.1085,0.1080,0.1074,0.1074,0.1074,0.1074,0.1073,0.1070,0.1067,0.1061,0.1060,0.1057,0.1057,0.1053,0.1045,0.1045,0.1041,0.1034,0.1032,0.1022,0.1020,0.1020,0.1018,0.1014,0.1012,0.1011,0.1010,0.1006,0.1004,0.1001,0.1000,0.0997,0.0997,0.0996,0.0995,0.0989,0.0988,0.0986,0.0983,0.0981,0.0979,0.0976,0.0972,0.0972,0.0971,0.0969,0.0969,0.0966,0.0964,0.0961,0.0960,0.0959,0.0952,0.0951,0.0951,0.0949,0.0946,0.0943,0.0939,0.0939,0.0937,0.0937,0.0936,0.0936,0.0933,0.0930,0.0926,0.0918,0.0917,0.0915,0.0915,0.0914,0.0913,0.0910,0.0908,0.0905,0.0904,0.0900,0.0897,0.0894,0.0887,0.0886,0.0883,0.0882,0.0879,0.0879,0.0878,0.0876,0.0875,0.0873,0.0870,0.0870,0.0869,0.0868,0.0868,0.0864,0.0864,0.0862,0.0857,0.0855,0.0854,0.0854,0.0852,0.0852,0.0850,0.0849,0.0847,0.0842,0.0841,0.0837,0.0835,0.0834,0.0833,0.0832,0.0831,0.0828,0.0827,0.0824,0.0822,0.0821,0.0819,0.0818,0.0816,0.0815,0.0814,0.0813,0.0811,0.0810,0.0809,0.0808,0.0806,0.0806,0.0805,0.0803,0.0798,0.0798,0.0798,0.0792,0.0789,0.0787,0.0784,0.0776,0.0775,0.0772,0.0771,0.0770,0.0769,0.0765,0.0765,0.0765,0.0763,0.0762,0.0761,0.0761,0.0757,0.0757,0.0756,0.0754,0.0753,0.0750,0.0744,0.0744,0.0742,0.0740,0.0740,0.0740,0.0738,0.0738,0.0736,0.0735,0.0733,0.0731,0.0729,0.0727,0.0726,0.0722,0.0718,0.0712,0.0709,0.0706,0.0704,0.0703,0.0702,0.0701,0.0698,0.0695,0.0692,0.0688,0.0687,0.0685,0.0684,0.0684,0.0677,0.0677,0.0673,0.0671,0.0667,0.0667,0.0667,0.0664,0.0660,0.0657,0.0654,0.0648,0.0646,0.0646,0.0643,0.0641,0.0639,0.0635,0.0633,0.0633,0.0632,0.0632,0.0623,0.0602,0.0585,0.0585,0.0575,0.0543,0.0543,0.0541,0.0539,0.0532,0.0522,0.0516,0.0508,0.0507,0.0504,0.0491,0.0486,0.0478,0.0468,0.0465,0.0424,0.0417,0.0412,0.0407,0.0401,0.0397,0.0389,0.0385,0.0371,0.0371,0.0369,0.0352,0.0350,0.0347,0.0346,0.0337,0.0332,0.0328,0.0323,0.0308,0.0279,0.0277,0.0242,0.0206,0.0205,0.0204,0.0200,0.0181,0.0178,0.0178,0.0174,0.0170,0.0164,0.0146,0.0145,0.0139,0.0138,0.0131,0.0121,0.0115,0.0065,0.0064
Max Drawdown ($),,,,statistic,Max Drawdown ($) for each solution,$0.14,$0.10,$0.10,$0.11,$0.09,$0.10,$0.09,$0.12,$0.09,$0.13,$0.12,$0.14,$0.11,$0.10,$0.11,$0.12,$0.11,$0.10,$0.11,$0.10,$0.11,$0.09,$0.11,$0.12,$0.10,$0.10,$0.09,$0.11,$0.12,$0.12,$0.11,$0.10,$0.12,$0.12,$0.12,$0.09,$0.13,$0.10,$0.11,$0.10,$0.07,$0.12,$0.11,$0.10,$0.12,$0.11,$0.11,$0.11,$0.09,$0.12,$0.12,$0.07,$0.13,$0.10,$0.09,$0.12,$0.10,$0.10,$0.13,$0.07,$0.08,$0.10,$0.11,$0.10,$0.06,$0.08,$0.13,$0.11,$0.14,$0.10,$0.16,$0.14,$0.11,$0.11,$0.10,$0.09,$0.12,$0.07,$0.08,$0.06,$0.11,$0.10,$0.12,$0.11,$0.14,$0.07,$0.09,$0.10,$0.07,$0.11,$0.07,$0.11,$0.08,$0.13,$0.11,$0.14,$0.08,$0.09,$0.14,$0.09,$0.11,$0.10,$0.11,$0.11,$0.12,$0.11,$0.09,$0.11,$0.07,$0.11,$0.09,$0.09,$0.10,$0.11,$0.06,$0.07,$0.07,$0.10,$0.07,$0.09,$0.14,$0.13,$0.09,$0.11,$0.09,$0.12,$0.09,$0.09,$0.10,$0.09,$0.13,$0.11,$0.09,$0.06,$0.11,$0.07,$0.11,$0.14,$0.11,$0.08,$0.08,$0.13,$0.08,$0.11,$0.08,$0.11,$0.13,$0.07,$0.12,$0.15,$0.08,$0.12,$0.10,$0.12,$0.12,$0.11,$0.14,$0.11,$0.09,$0.11,$0.11,$0.11,$0.08,$0.12,$0.12,$0.12,$0.11,$0.11,$0.10,$0.09,$0.10,$0.09,$0.08,$0.10,$0.16,$0.08,$0.12,$0.11,$0.07,$0.17,$0.14,$0.07,$0.18,$0.22,$0.12,$0.12,$0.12,$0.07,$0.13,$0.11,$0.11,$0.11,$0.07,$0.06,$0.10,$0.11,$0.09,$0.14,$0.13,$0.13,$0.11,$0.11,$0.09,$0.10,$0.11,$0.12,$0.13,$0.13,$0.10,$0.07,$0.12,$0.11,$0.12,$0.13,$0.10,$0.07,$0.24,$0.10,$0.19,$0.14,$0.28,$0.28,$0.11,$0.13,$0.08,$0.08,$0.11,$0.07,$0.07,$0.14,$0.08,$0.08,$0.08,$0.23,$0.19,$0.09,$0.11,$0.08,$0.07,$0.14,$0.09,$0.10,$0.12,$0.12,$0.17,$0.12,$0.13,$0.11,$0.07,$0.11,$0.10,$0.08,$0.11,$0.08,$0.10,$0.11,$0.10,$0.10,$0.11,$0.11,$0.14,$0.09,$0.08,$0.11,$0.12,$0.08,$0.13,$0.22,$0.07,$0.13,$0.13,$0.11,$0.12,$0.12,$0.12,$0.11,$0.10,$0.19,$0.11,$0.07,$0.11,$0.11,$0.09,$0.08,$0.12,$0.07,$0.13,$0.13,$0.19,$0.21,$0.21,$0.08,$0.12,$0.16,$0.08,$0.14,$0.06,$0.09,$0.08,$0.13,$0.09,$0.11,$0.14,$0.23,$0.13,$0.13,$0.15,$0.14,$0.22,$0.22,$0.23,$0.09,$0.10,$0.11,$0.09,$0.22,$0.09,$0.07,$0.07,$0.13,$0.08,$0.08,$0.16,$0.11,$0.13,$0.07,$0.11,$0.14,$0.09,$0.13,$0.12,$0.12,$0.11,$0.09,$0.13,$0.09,$0.25,$0.10,$0.13,$0.12,$0.12,$0.17,$0.14,$0.14,$0.13,$0.13,$0.20,$0.10,$0.11,$0.09,$0.19,$0.13,$0.09,$0.09,$0.20,$0.18,$0.10,$0.07,$0.10,$0.11,$0.12,$0.14,$0.12,$0.12,$0.18,$0.08,$0.08,$0.10,$0.10,$0.27,$0.28,$0.12,$0.15,$0.10,$0.14,$0.13,$0.14,$0.16,$0.12,$0.08,$0.14,$0.14,$0.12,$0.14,$0.10,$0.14,$0.13,$0.14,$0.10,$0.12,$0.12,$0.12,$0.10,$0.13,$0.11,$0.15,$0.11,$0.10,$0.19,$0.15,$0.16,$0.10,$0.33,$0.33,$0.13,$0.12,$0.16,$0.12,$0.12,$0.14,$0.13,$0.18,$0.14,$0.12,$0.13,$0.12,$0.29,$0.16,$0.15,$0.15,$0.14,$0.16,$0.16,$0.13,$0.13,$0.17,$0.14,$0.12,$0.13,$0.13,$0.11,$0.13,$0.13,$0.14,$0.13,$0.12
Profit Factor,,,,statistic,Profit Factor for each solution,0.3850,0.3869,0.3894,0.3880,0.3806,0.3846,0.3730,0.3822,0.3852,0.3757,0.3724,0.3585,0.3684,0.3525,0.3592,0.3698,0.3742,0.3601,0.3575,0.3466,0.3565,0.3765,0.3440,0.3436,0.3520,0.3479,0.3358,0.3484,0.3352,0.3466,0.3273,0.3443,0.3305,0.3330,0.3261,0.3123,0.3131,0.3171,0.3149,0.2707,0.2608,0.3227,0.2962,0.3033,0.2925,0.3047,0.3101,0.3099,0.2684,0.3137,0.3071,0.2653,0.2920,0.2758,0.2467,0.2818,0.2787,0.3277,0.3024,0.2602,0.2640,0.3344,0.2779,0.2533,0.2443,0.2623,0.2592,0.2702,0.2822,0.2694,0.2720,0.2575,0.2571,0.2558,0.2339,0.2519,0.2748,0.2354,0.2588,0.2280,0.2597,0.2364,0.2576,0.2881,0.2997,0.2594,0.2255,0.2765,0.2253,0.2781,0.2598,0.2768,0.2599,0.2096,0.2604,0.2692,0.2424,0.2354,0.2628,0.2309,0.3076,0.2384,0.2409,0.3275,0.2624,0.3277,0.2312,0.2859,0.2393,0.2233,0.2245,0.2313,0.2290,0.2617,0.2173,0.2382,0.2389,0.2248,0.2547,0.2333,0.2397,0.2975,0.2194,0.2404,0.2160,0.2658,0.2403,0.1996,0.2160,0.2649,0.2413,0.1971,0.2012,0.2253,0.2161,0.2293,0.2068,0.2200,0.2063,0.2178,0.1956,0.2255,0.2205,0.2071,0.2484,0.2416,0.2270,0.2479,0.2206,0.2067,0.1972,0.1953,0.1982,0.2114,0.2103,0.1978,0.2340,0.1948,0.1923,0.1885,0.1909,0.2662,0.2062,0.1834,0.1833,0.2183,0.1865,0.1855,0.1975,0.1783,0.1841,0.1981,0.1854,0.2102,0.2433,0.2220,0.2100,0.1962,0.2003,0.2536,0.1938,0.1898,0.3613,0.3780,0.2024,0.2372,0.2176,0.2188,0.1988,0.2150,0.1900,0.1836,0.1988,0.1986,0.1695,0.1778,0.1757,0.1821,0.1793,0.1945,0.2095,0.1849,0.1851,0.1804,0.1793,0.1969,0.2690,0.1917,0.1807,0.1686,0.2052,0.1878,0.1930,0.1753,0.2180,0.1633,0.3315,0.2041,0.3299,0.1934,0.3669,0.3669,0.1829,0.1736,0.1765,0.1751,0.1605,0.1693,0.1575,0.2849,0.2204,0.1776,0.1788,0.3255,0.1993,0.1590,0.1866,0.1529,0.1626,0.1776,0.1676,0.1575,0.1873,0.1796,0.2028,0.1730,0.1693,0.2358,0.1502,0.1786,0.2091,0.1673,0.1776,0.1703,0.1421,0.2498,0.1404,0.1874,0.1616,0.1404,0.1876,0.1662,0.1703,0.1402,0.1439,0.1516,0.1458,0.2937,0.1481,0.1708,0.1541,0.1690,0.1563,0.2040,0.1790,0.1540,0.1572,0.3203,0.1398,0.1398,0.1387,0.1381,0.1449,0.1445,0.1794,0.1370,0.1722,0.2013,0.3124,0.3103,0.3102,0.1529,0.1692,0.1841,0.1546,0.1511,0.1420,0.1434,0.1539,0.1915,0.1424,0.1728,0.1841,0.2902,0.1600,0.1664,0.1564,0.1406,0.1817,0.1817,0.1835,0.1370,0.1439,0.1717,0.1658,0.1830,0.1414,0.1372,0.1387,0.1603,0.1428,0.1409,0.2219,0.1349,0.1401,0.1378,0.1711,0.1525,0.1732,0.1532,0.1719,0.1614,0.1806,0.1370,0.1423,0.1402,0.2515,0.1334,0.1396,0.1578,0.1537,0.1591,0.1901,0.1570,0.1414,0.1353,0.2389,0.1370,0.1389,0.1365,0.2346,0.1441,0.1354,0.1354,0.2348,0.2319,0.1646,0.1379,0.1347,0.1378,0.1395,0.1527,0.1415,0.1473,0.2207,0.1356,0.1399,0.1353,0.1382,0.2405,0.2416,0.1387,0.1404,0.1397,0.1341,0.1402,0.1389,0.1588,0.1370,0.1336,0.1486,0.1481,0.1511,0.1448,0.1283,0.1092,0.1126,0.1158,0.1070,0.1196,0.1090,0.0990,0.1243,0.1066,0.0937,0.1140,0.0915,0.0919,0.1024,0.0944,0.1184,0.0864,0.1411,0.1411,0.0876,0.0686,0.0702,0.0751,0.0751,0.0786,0.0659,0.0676,0.0787,0.0746,0.0647,0.0655,0.0848,0.0486,0.0481,0.0480,0.0477,0.0486,0.0433,0.0445,0.0432,0.0398,0.0384,0.0372,0.0381,0.0316,0.0351,0.0326,0.0318,0.0320,0.0157,0.0153
Avg Trades/Day,,,,statistic,Avg Trades/Day for each solution,1.000,1.000,1.000,1.000,1.000,1.000,1.000,1.000,1.000,1.000,1.000,1.000,1.000,1.000,1.000,1.000,1.000,1.000,1.000,1.000,1.000,1.000,1.000,1.000,1.000,1.000,1.000,1.000,1.000,1.000,1.000,1.000,1.000,1.000,1.000,1.000,1.000,1.000,1.000,0.680,0.801,1.000,1.000,1.000,1.000,1.000,1.000,1.000,0.807,1.000,1.000,0.702,1.000,1.000,0.826,1.000,1.000,1.000,1.000,0.900,0.724,1.000,1.000,0.904,0.684,1.000,1.000,0.711,1.000,0.788,1.000,1.000,1.000,1.000,0.754,0.797,1.000,0.718,0.864,0.688,1.000,0.836,1.000,1.000,1.000,0.888,0.742,1.000,0.731,1.000,0.889,1.000,0.989,0.834,1.000,1.000,1.000,0.882,1.000,0.731,1.000,1.000,0.737,1.000,1.000,1.000,0.945,1.000,0.828,0.833,0.903,1.000,1.000,1.000,0.698,0.780,0.815,0.906,0.859,0.879,1.000,1.000,1.000,1.000,0.856,1.000,1.000,0.773,1.000,0.749,1.000,0.793,0.802,0.752,0.869,0.869,0.808,1.000,0.808,0.929,0.751,1.000,0.899,1.000,1.000,0.937,1.000,1.000,1.000,1.000,0.728,0.882,0.884,1.000,1.000,0.889,0.719,0.782,0.759,0.851,0.919,1.000,0.709,0.848,0.849,1.000,0.825,0.817,0.958,0.854,0.819,1.000,0.774,1.000,1.000,0.681,1.000,1.000,0.953,1.000,0.855,0.855,1.000,1.000,1.000,1.000,1.000,0.995,1.000,1.000,0.947,1.000,0.987,0.991,0.875,1.000,0.754,1.000,1.000,1.000,0.715,1.000,0.984,1.000,1.000,1.000,1.000,1.000,1.000,0.720,0.760,1.000,1.000,0.972,0.864,0.733,1.000,1.000,1.000,1.000,1.000,1.000,0.705,1.000,0.694,0.859,0.948,0.701,0.753,1.000,0.904,0.935,0.821,1.000,0.844,0.961,0.783,0.754,0.732,0.919,0.940,1.000,1.000,0.860,1.000,0.942,1.000,0.702,0.760,0.927,0.807,0.906,0.921,1.000,0.776,0.692,0.886,0.977,0.981,0.906,1.000,0.939,1.000,0.956,0.960,0.964,0.981,1.000,0.691,1.000,0.936,0.941,1.000,1.000,1.000,0.876,1.000,1.000,0.920,0.773,0.956,0.972,0.948,0.834,1.000,0.774,1.000,1.000,1.000,1.000,1.000,0.800,0.914,1.000,0.941,0.945,0.712,1.000,0.707,0.891,1.000,1.000,0.869,1.000,1.000,1.000,0.992,0.958,1.000,1.000,1.000,1.000,1.000,1.000,0.946,1.000,1.000,0.793,0.747,1.000,0.769,0.671,0.974,1.000,0.875,0.788,0.979,0.901,0.940,1.000,1.000,1.000,1.000,1.000,1.000,0.868,1.000,1.000,0.837,1.000,1.000,1.000,0.756,1.000,0.868,1.000,1.000,1.000,1.000,1.000,1.000,0.937,1.000,1.000,1.000,1.000,0.963,0.752,1.000,1.000,0.968,0.907,0.975,1.000,1.000,1.000,0.773,1.000,0.869,1.000,1.000,0.918,0.985,0.904,1.000,0.925,0.971,0.784,0.962,0.953,0.799,0.804,1.000,0.801,1.000,1.000,1.000,1.000,1.000,1.000,1.000,1.000,1.000,1.000,1.000,1.000,1.000,1.000,1.000,1.000,1.000,1.000,1.000,1.000,1.000,1.000,1.000,1.000,1.000,1.000,1.000,1.000,1.000,1.000,1.000,1.000,1.000,1.000,1.000,1.000,1.000,1.000,1.000,1.000,1.000,1.000,1.000,1.000,1.000,1.000,1.000,1.000,1.000,1.000,1.000,1.000
Total Profit (norm),,,,statistic,Total Profit (norm) for each solution,0.3094,0.2890,0.2766,0.2802,0.3121,0.2781,0.3405,0.2952,0.2847,0.3227,0.3001,0.3181,0.3124,0.3467,0.3421,0.3127,0.3152,0.3432,0.3264,0.3658,0.3635,0.2942,0.3321,0.3210,0.3563,0.3512,0.3817,0.3673,0.3448,0.3683,0.3470,0.3489,0.3827,0.3851,0.3951,0.3991,0.3173,0.3681,0.3520,0.1378,0.1724,0.4064,0.3543,0.4013,0.3725,0.4087,0.4351,0.4271,0.1592,0.4039,0.4399,0.1258,0.4516,0.3781,0.1762,0.4098,0.3793,0.3546,0.4437,0.1684,0.1362,0.3540,0.3629,0.1731,0.1408,0.2524,0.3860,0.1433,0.4247,0.1516,0.3956,0.3753,0.4044,0.4325,0.1627,0.1835,0.3466,0.1554,0.1654,0.1543,0.4100,0.1706,0.4540,0.4491,0.3545,0.1524,0.1726,0.4349,0.1613,0.4166,0.1553,0.4492,0.1652,0.2120,0.4859,0.4541,0.2058,0.1780,0.4788,0.1609,0.4731,0.4263,0.1782,0.3632,0.4985,0.3606,0.1904,0.4592,0.1572,0.1827,0.1830,0.2406,0.2205,0.4199,0.1520,0.1542,0.1570,0.1846,0.1497,0.1770,0.4584,0.4418,0.2141,0.4527,0.1751,0.3916,0.2299,0.1871,0.2185,0.1436,0.5058,0.1993,0.1820,0.1586,0.1863,0.1705,0.1807,0.4555,0.1795,0.1900,0.1747,0.4641,0.1741,0.4517,0.1483,0.1917,0.4944,0.1433,0.4767,0.3859,0.1790,0.2070,0.1953,0.4651,0.2244,0.2018,0.1745,0.1813,0.1770,0.1972,0.2193,0.4837,0.1840,0.2028,0.2026,0.5222,0.1978,0.1880,0.2087,0.2229,0.1846,0.3500,0.1762,0.5462,0.4887,0.1538,0.5521,0.4718,0.1833,0.4904,0.2048,0.1804,0.3615,0.3405,0.5131,0.4968,0.4780,0.1635,0.5296,0.4630,0.2228,0.4561,0.1853,0.1852,0.2103,0.4970,0.2076,0.4947,0.4767,0.5009,0.1850,0.5069,0.2016,0.4994,0.4749,0.5311,0.5451,0.4717,0.4550,0.1669,0.1967,0.5153,0.5364,0.2162,0.1768,0.1693,0.3752,0.3986,0.3707,0.5270,0.3414,0.3414,0.1898,0.5196,0.1816,0.1823,0.2360,0.1506,0.1746,0.4767,0.1568,0.2301,0.2131,0.3885,0.2243,0.2246,0.1968,0.1834,0.1608,0.2324,0.1979,0.2248,0.4748,0.2056,0.5312,0.2264,0.5688,0.1791,0.1780,0.2184,0.1779,0.2215,0.2267,0.2694,0.2127,0.1602,0.2272,0.2084,0.2135,0.2306,0.5329,0.2225,0.2367,0.2421,0.2358,0.2289,0.2417,0.3984,0.1593,0.5459,0.2400,0.2273,0.5502,0.4639,0.5111,0.2226,0.3023,0.4324,0.2328,0.1912,0.2364,0.2331,0.2384,0.2404,0.5732,0.1860,0.5562,0.3807,0.4478,0.4449,0.4429,0.1986,0.2275,0.5825,0.1915,0.2422,0.1679,0.2517,0.1817,0.1958,0.2510,0.5356,0.2105,0.4697,0.5847,0.6167,0.2395,0.2489,0.5429,0.5429,0.5392,0.2870,0.3168,0.6019,0.1995,0.5406,0.2606,0.1915,0.1666,0.6310,0.1939,0.1795,0.2073,0.2885,0.2276,0.1849,0.2173,0.2399,0.2218,0.6016,0.5853,0.2329,0.5667,0.2542,0.6355,0.2268,0.4183,0.2906,0.2191,0.5365,0.5944,0.5913,0.2020,0.5933,0.2360,0.6498,0.4058,0.2438,0.3294,0.2383,0.4032,0.2400,0.2695,0.2662,0.3884,0.4001,0.2068,0.1903,0.3009,0.2571,0.2449,0.2329,0.2266,0.5692,0.4124,0.2680,0.2059,0.3165,0.2262,0.5911,0.5817,0.2352,0.2539,0.2333,0.6588,0.2432,0.2425,0.2132,0.2384,0.2026,0.2158,0.2157,0.2398,0.2175,0.5644,0.6678,0.7041,0.6889,0.7487,0.6092,0.7189,0.7022,0.6550,0.7597,0.7185,0.6853,0.8081,0.8103,0.7662,0.8488,0.7317,0.8112,0.6083,0.6083,0.8467,0.7179,0.8310,0.8286,0.8286,0.6750,0.7650,0.8256,0.9201,0.8427,0.8858,0.9146,0.7927,1.0000,0.9421,0.9422,1.0000,0.9209,1.0000,0.9687,0.9643,0.9256,0.9573,0.9693,0.9891,1.0000,0.9391,0.9550,1.0000,1.0000,1.0000,1.0000
Solution Rank,,,,statistic,Rank by Sortino (0 = highest),#0 (SELECTED),#1,#2,#3,#4,#5,#6,#7,#8,#9,#10,#11,#12,#13,#14,#15,#16,#17,#18,#19,#20,#21,#22,#23,#24,#25,#26,#27,#28,#29,#30,#31,#32,#33,#34,#35,#36,#37,#38,#39,#40,#41,#42,#43,#44,#45,#46,#47,#48,#49,#50,#51,#52,#53,#54,#55,#56,#57,#58,#59,#60,#61,#62,#63,#64,#65,#66,#67,#68,#69,#70,#71,#72,#73,#74,#75,#76,#77,#78,#79,#80,#81,#82,#83,#84,#85,#86,#87,#88,#89,#90,#91,#92,#93,#94,#95,#96,#97,#98,#99,#100,#101,#102,#103,#104,#105,#106,#107,#108,#109,#110,#111,#112,#113,#114,#115,#116,#117,#118,#119,#120,#121,#122,#123,#124,#125,#126,#127,#128,#129,#130,#131,#132,#133,#134,#135,#136,#137,#138,#139,#140,#141,#142,#143,#144,#145,#146,#147,#148,#149,#150,#151,#152,#153,#154,#155,#156,#157,#158,#159,#160,#161,#162,#163,#164,#165,#166,#167,#168,#169,#170,#171,#172,#173,#174,#175,#176,#177,#178,#179,#180,#181,#182,#183,#184,#185,#186,#187,#188,#189,#190,#191,#192,#193,#194,#195,#196,#197,#198,#199,#200,#201,#202,#203,#204,#205,#206,#207,#208,#209,#210,#211,#212,#213,#214,#215,#216,#217,#218,#219,#220,#221,#222,#223,#224,#225,#226,#227,#228,#229,#230,#231,#232,#233,#234,#235,#236,#237,#238,#239,#240,#241,#242,#243,#244,#245,#246,#247,#248,#249,#250,#251,#252,#253,#254,#255,#256,#257,#258,#259,#260,#261,#262,#263,#264,#265,#266,#267,#268,#269,#270,#271,#272,#273,#274,#275,#276,#277,#278,#279,#280,#281,#282,#283,#284,#285,#286,#287,#288,#289,#290,#291,#292,#293,#294,#295,#296,#297,#298,#299,#300,#301,#302,#303,#304,#305,#306,#307,#308,#309,#310,#311,#312,#313,#314,#315,#316,#317,#318,#319,#320,#321,#322,#323,#324,#325,#326,#327,#328,#329,#330,#331,#332,#333,#334,#335,#336,#337,#338,#339,#340,#341,#342,#343,#344,#345,#346,#347,#348,#349,#350,#351,#352,#353,#354,#355,#356,#357,#358,#359,#360,#361,#362,#363,#364,#365,#366,#367,#368,#369,#370,#371,#372,#373,#374,#375,#376,#377,#378,#379,#380,#381,#382,#383,#384,#385,#386,#387,#388,#389,#390,#391,#392,#393,#394,#395,#396,#397,#398,#399,#400,#401,#402,#403,#404,#405,#406,#407,#408,#409,#410,#411,#412,#413,#414,#415,#416,#417,#418,#419,#420,#421,#422,#423,#424,#425,#426,#427,#428,#429,#430,#431,#432,#433,#434,#435
