Name,Value,Min,Max,Type,Description,Solution_0_SELECTED,Solution_1,Solution_2,Solution_3,Solution_4,Solution_5,Solution_6,Solution_7,Solution_8,Solution_9,Solution_10,Solution_11,Solution_12,Solution_13,Solution_14,Solution_15,Solution_16,Solution_17,Solution_18,Solution_19,Solution_20,Solution_21,Solution_22,Solution_23,Solution_24,Solution_25,Solution_26,Solution_27,Solution_28,Solution_29,Solution_30,Solution_31,Solution_32,Solution_33,Solution_34,Solution_35,Solution_36,Solution_37,Solution_38,Solution_39,Solution_40,Solution_41,Solution_42,Solution_43,Solution_44,Solution_45,Solution_46,Solution_47,Solution_48,Solution_49,Solution_50,Solution_51,Solution_52,Solution_53,Solution_54,Solution_55,Solution_56,Solution_57,Solution_58,Solution_59,Solution_60,Solution_61,Solution_62,Solution_63,Solution_64,Solution_65,Solution_66,Solution_67,Solution_68,Solution_69,Solution_70,Solution_71,Solution_72,Solution_73,Solution_74,Solution_75,Solution_76,Solution_77,Solution_78,Solution_79,Solution_80,Solution_81,Solution_82,Solution_83,Solution_84,Solution_85,Solution_86,Solution_87,Solution_88,Solution_89,Solution_90,Solution_91,Solution_92,Solution_93,Solution_94,Solution_95,Solution_96,Solution_97,Solution_98,Solution_99,Solution_100,Solution_101,Solution_102,Solution_103,Solution_104,Solution_105,Solution_106,Solution_107,Solution_108,Solution_109,Solution_110,Solution_111,Solution_112,Solution_113,Solution_114,Solution_115,Solution_116,Solution_117,Solution_118,Solution_119,Solution_120,Solution_121,Solution_122,Solution_123,Solution_124,Solution_125,Solution_126,Solution_127,Solution_128,Solution_129,Solution_130,Solution_131,Solution_132,Solution_133,Solution_134,Solution_135,Solution_136,Solution_137,Solution_138,Solution_139,Solution_140,Solution_141,Solution_142,Solution_143,Solution_144,Solution_145,Solution_146,Solution_147,Solution_148,Solution_149,Solution_150,Solution_151,Solution_152,Solution_153,Solution_154,Solution_155,Solution_156,Solution_157,Solution_158,Solution_159,Solution_160,Solution_161,Solution_162,Solution_163,Solution_164,Solution_165,Solution_166,Solution_167,Solution_168,Solution_169,Solution_170,Solution_171,Solution_172,Solution_173,Solution_174,Solution_175,Solution_176,Solution_177,Solution_178,Solution_179,Solution_180,Solution_181,Solution_182,Solution_183,Solution_184,Solution_185,Solution_186,Solution_187,Solution_188,Solution_189,Solution_190,Solution_191,Solution_192,Solution_193,Solution_194,Solution_195,Solution_196,Solution_197,Solution_198,Solution_199,Solution_200,Solution_201,Solution_202,Solution_203,Solution_204,Solution_205,Solution_206,Solution_207,Solution_208,Solution_209,Solution_210,Solution_211,Solution_212,Solution_213,Solution_214,Solution_215,Solution_216,Solution_217,Solution_218,Solution_219,Solution_220,Solution_221,Solution_222,Solution_223,Solution_224,Solution_225,Solution_226,Solution_227,Solution_228,Solution_229,Solution_230,Solution_231,Solution_232,Solution_233,Solution_234,Solution_235,Solution_236,Solution_237,Solution_238,Solution_239,Solution_240,Solution_241,Solution_242,Solution_243,Solution_244,Solution_245,Solution_246,Solution_247,Solution_248,Solution_249,Solution_250,Solution_251,Solution_252,Solution_253,Solution_254,Solution_255,Solution_256,Solution_257,Solution_258,Solution_259,Solution_260,Solution_261,Solution_262,Solution_263,Solution_264,Solution_265,Solution_266,Solution_267,Solution_268,Solution_269,Solution_270,Solution_271,Solution_272,Solution_273,Solution_274,Solution_275,Solution_276,Solution_277,Solution_278,Solution_279,Solution_280,Solution_281,Solution_282,Solution_283,Solution_284,Solution_285,Solution_286,Solution_287,Solution_288,Solution_289,Solution_290,Solution_291,Solution_292,Solution_293,Solution_294,Solution_295,Solution_296,Solution_297,Solution_298,Solution_299,Solution_300,Solution_301,Solution_302,Solution_303,Solution_304,Solution_305,Solution_306,Solution_307,Solution_308,Solution_309,Solution_310,Solution_311,Solution_312,Solution_313,Solution_314,Solution_315,Solution_316,Solution_317,Solution_318,Solution_319,Solution_320,Solution_321,Solution_322,Solution_323,Solution_324,Solution_325,Solution_326,Solution_327,Solution_328,Solution_329,Solution_330,Solution_331,Solution_332,Solution_333,Solution_334,Solution_335,Solution_336,Solution_337,Solution_338,Solution_339,Solution_340,Solution_341,Solution_342,Solution_343,Solution_344,Solution_345,Solution_346,Solution_347,Solution_348,Solution_349,Solution_350,Solution_351,Solution_352,Solution_353,Solution_354,Solution_355,Solution_356,Solution_357,Solution_358,Solution_359,Solution_360,Solution_361,Solution_362,Solution_363,Solution_364,Solution_365,Solution_366,Solution_367,Solution_368,Solution_369,Solution_370,Solution_371,Solution_372,Solution_373,Solution_374,Solution_375,Solution_376,Solution_377,Solution_378,Solution_379,Solution_380,Solution_381,Solution_382,Solution_383,Solution_384,Solution_385,Solution_386,Solution_387,Solution_388,Solution_389,Solution_390,Solution_391,Solution_392,Solution_393,Solution_394,Solution_395,Solution_396,Solution_397,Solution_398,Solution_399,Solution_400,Solution_401,Solution_402,Solution_403,Solution_404,Solution_405,Solution_406,Solution_407,Solution_408,Solution_409,Solution_410,Solution_411,Solution_412,Solution_413,Solution_414,Solution_415,Solution_416,Solution_417,Solution_418,Solution_419,Solution_420,Solution_421,Solution_422,Solution_423,Solution_424,Solution_425,Solution_426,Solution_427,Solution_428,Solution_429,Solution_430,Solution_431,Solution_432,Solution_433,Solution_434,Solution_435,Solution_436,Solution_437,Solution_438,Solution_439,Solution_440,Solution_441,Solution_442,Solution_443,Solution_444,Solution_445,Solution_446,Solution_447,Solution_448,Solution_449,Solution_450,Solution_451,Solution_452,Solution_453,Solution_454,Solution_455,Solution_456,Solution_457,Solution_458,Solution_459,Solution_460,Solution_461,Solution_462,Solution_463,Solution_464,Solution_465,Solution_466,Solution_467,Solution_468,Solution_469,Solution_470,Solution_471,Solution_472,Solution_473,Solution_474,Solution_475,Solution_476,Solution_477,Solution_478,Solution_479,Solution_480,Solution_481,Solution_482,Solution_483,Solution_484,Solution_485,Solution_486,Solution_487,Solution_488,Solution_489,Solution_490,Solution_491,Solution_492,Solution_493,Solution_494,Solution_495,Solution_496,Solution_497,Solution_498,Solution_499,Solution_500,Solution_501,Solution_502,Solution_503,Solution_504,Solution_505,Solution_506,Solution_507,Solution_508,Solution_509,Solution_510,Solution_511,Solution_512,Solution_513,Solution_514,Solution_515,Solution_516,Solution_517,Solution_518,Solution_519,Solution_520,Solution_521,Solution_522,Solution_523,Solution_524,Solution_525,Solution_526,Solution_527,Solution_528,Solution_529,Solution_530,Solution_531,Solution_532,Solution_533,Solution_534,Solution_535,Solution_536,Solution_537,Solution_538,Solution_539,Solution_540,Solution_541,Solution_542,Solution_543,Solution_544,Solution_545,Solution_546,Solution_547,Solution_548,Solution_549,Solution_550,Solution_551,Solution_552,Solution_553,Solution_554,Solution_555,Solution_556,Solution_557,Solution_558,Solution_559,Solution_560,Solution_561,Solution_562,Solution_563,Solution_564,Solution_565,Solution_566,Solution_567,Solution_568,Solution_569,Solution_570,Solution_571,Solution_572,Solution_573,Solution_574,Solution_575,Solution_576,Solution_577,Solution_578,Solution_579,Solution_580,Solution_581,Solution_582,Solution_583,Solution_584,Solution_585,Solution_586,Solution_587,Solution_588,Solution_589,Solution_590,Solution_591,Solution_592,Solution_593,Solution_594,Solution_595,Solution_596,Solution_597,Solution_598,Solution_599,Solution_600,Solution_601,Solution_602,Solution_603,Solution_604,Solution_605,Solution_606,Solution_607,Solution_608,Solution_609,Solution_610,Solution_611,Solution_612,Solution_613,Solution_614,Solution_615,Solution_616,Solution_617,Solution_618,Solution_619,Solution_620,Solution_621,Solution_622,Solution_623,Solution_624,Solution_625,Solution_626,Solution_627,Solution_628,Solution_629,Solution_630,Solution_631,Solution_632,Solution_633,Solution_634,Solution_635,Solution_636,Solution_637,Solution_638,Solution_639,Solution_640,Solution_641,Solution_642,Solution_643,Solution_644,Solution_645,Solution_646,Solution_647,Solution_648,Solution_649,Solution_650,Solution_651,Solution_652,Solution_653,Solution_654,Solution_655,Solution_656,Solution_657,Solution_658,Solution_659,Solution_660,Solution_661,Solution_662,Solution_663,Solution_664,Solution_665,Solution_666,Solution_667,Solution_668,Solution_669,Solution_670,Solution_671,Solution_672,Solution_673,Solution_674,Solution_675,Solution_676,Solution_677,Solution_678,Solution_679,Solution_680,Solution_681,Solution_682,Solution_683,Solution_684,Solution_685,Solution_686,Solution_687,Solution_688,Solution_689,Solution_690,Solution_691,Solution_692,Solution_693,Solution_694,Solution_695,Solution_696,Solution_697,Solution_698,Solution_699,Solution_700,Solution_701,Solution_702,Solution_703,Solution_704,Solution_705,Solution_706,Solution_707,Solution_708,Solution_709,Solution_710,Solution_711,Solution_712,Solution_713,Solution_714,Solution_715,Solution_716,Solution_717,Solution_718,Solution_719,Solution_720,Solution_721,Solution_722,Solution_723,Solution_724,Solution_725,Solution_726,Solution_727,Solution_728,Solution_729,Solution_730,Solution_731,Solution_732,Solution_733,Solution_734,Solution_735,Solution_736,Solution_737,Solution_738,Solution_739,Solution_740,Solution_741,Solution_742,Solution_743,Solution_744,Solution_745,Solution_746,Solution_747,Solution_748,Solution_749,Solution_750,Solution_751,Solution_752,Solution_753,Solution_754,Solution_755,Solution_756,Solution_757,Solution_758,Solution_759,Solution_760,Solution_761,Solution_762,Solution_763,Solution_764,Solution_765,Solution_766,Solution_767,Solution_768,Solution_769,Solution_770,Solution_771,Solution_772,Solution_773,Solution_774,Solution_775,Solution_776,Solution_777,Solution_778,Solution_779,Solution_780,Solution_781,Solution_782,Solution_783,Solution_784,Solution_785,Solution_786,Solution_787,Solution_788,Solution_789,Solution_790,Solution_791,Solution_792,Solution_793,Solution_794,Solution_795,Solution_796,Solution_797,Solution_798,Solution_799,Solution_800,Solution_801,Solution_802,Solution_803,Solution_804,Solution_805,Solution_806,Solution_807,Solution_808,Solution_809,Solution_810,Solution_811,Solution_812,Solution_813,Solution_814,Solution_815,Solution_816,Solution_817,Solution_818,Solution_819,Solution_820,Solution_821,Solution_822,Solution_823,Solution_824,Solution_825,Solution_826,Solution_827,Solution_828,Solution_829,Solution_830,Solution_831,Solution_832,Solution_833,Solution_834,Solution_835,Solution_836,Solution_837,Solution_838,Solution_839,Solution_840,Solution_841,Solution_842,Solution_843,Solution_844,Solution_845,Solution_846,Solution_847,Solution_848,Solution_849,Solution_850,Solution_851,Solution_852,Solution_853,Solution_854,Solution_855,Solution_856,Solution_857,Solution_858,Solution_859,Solution_860,Solution_861,Solution_862,Solution_863,Solution_864,Solution_865,Solution_866,Solution_867,Solution_868,Solution_869,Solution_870,Solution_871,Solution_872,Solution_873,Solution_874,Solution_875,Solution_876,Solution_877,Solution_878,Solution_879,Solution_880,Solution_881,Solution_882,Solution_883,Solution_884,Solution_885,Solution_886,Solution_887,Solution_888,Solution_889,Solution_890,Solution_891,Solution_892,Solution_893,Solution_894,Solution_895,Solution_896,Solution_897,Solution_898,Solution_899,Solution_900,Solution_901,Solution_902,Solution_903,Solution_904,Solution_905,Solution_906,Solution_907,Solution_908,Solution_909,Solution_910,Solution_911,Solution_912,Solution_913,Solution_914,Solution_915,Solution_916,Solution_917,Solution_918,Solution_919,Solution_920,Solution_921,Solution_922,Solution_923,Solution_924,Solution_925,Solution_926,Solution_927,Solution_928,Solution_929,Solution_930,Solution_931,Solution_932,Solution_933,Solution_934,Solution_935,Solution_936,Solution_937,Solution_938,Solution_939,Solution_940,Solution_941,Solution_942,Solution_943,Solution_944,Solution_945,Solution_946,Solution_947,Solution_948,Solution_949,Solution_950,Solution_951,Solution_952,Solution_953,Solution_954,Solution_955,Solution_956,Solution_957,Solution_958,Solution_959,Solution_960,Solution_961,Solution_962,Solution_963,Solution_964,Solution_965,Solution_966,Solution_967,Solution_968,Solution_969,Solution_970,Solution_971,Solution_972,Solution_973,Solution_974,Solution_975,Solution_976,Solution_977,Solution_978,Solution_979,Solution_980,Solution_981,Solution_982,Solution_983,Solution_984,Solution_985,Solution_986,Solution_987,Solution_988,Solution_989,Solution_990,Solution_991,Solution_992,Solution_993,Solution_994,Solution_995,Solution_996,Solution_997,Solution_998,Solution_999,Solution_1000,Solution_1001,Solution_1002,Solution_1003,Solution_1004,Solution_1005,Solution_1006,Solution_1007,Solution_1008,Solution_1009,Solution_1010,Solution_1011,Solution_1012,Solution_1013,Solution_1014,Solution_1015,Solution_1016,Solution_1017,Solution_1018,Solution_1019,Solution_1020,Solution_1021,Solution_1022,Solution_1023,Solution_1024,Solution_1025,Solution_1026,Solution_1027,Solution_1028,Solution_1029,Solution_1030,Solution_1031,Solution_1032,Solution_1033,Solution_1034,Solution_1035,Solution_1036,Solution_1037,Solution_1038,Solution_1039,Solution_1040,Solution_1041,Solution_1042,Solution_1043,Solution_1044,Solution_1045,Solution_1046,Solution_1047,Solution_1048,Solution_1049,Solution_1050,Solution_1051,Solution_1052
__indicatorName,BB Strategy,,,,Strategy identifier,,,,,,,,,,,,,,,,,,,,,,,,,,,,,,,,,,,,,,,,,,,,,,,,,,,,,,,,,,,,,,,,,,,,,,,,,,,,,,,,,,,,,,,,,,,,,,,,,,,,,,,,,,,,,,,,,,,,,,,,,,,,,,,,,,,,,,,,,,,,,,,,,,,,,,,,,,,,,,,,,,,,,,,,,,,,,,,,,,,,,,,,,,,,,,,,,,,,,,,,,,,,,,,,,,,,,,,,,,,,,,,,,,,,,,,,,,,,,,,,,,,,,,,,,,,,,,,,,,,,,,,,,,,,,,,,,,,,,,,,,,,,,,,,,,,,,,,,,,,,,,,,,,,,,,,,,,,,,,,,,,,,,,,,,,,,,,,,,,,,,,,,,,,,,,,,,,,,,,,,,,,,,,,,,,,,,,,,,,,,,,,,,,,,,,,,,,,,,,,,,,,,,,,,,,,,,,,,,,,,,,,,,,,,,,,,,,,,,,,,,,,,,,,,,,,,,,,,,,,,,,,,,,,,,,,,,,,,,,,,,,,,,,,,,,,,,,,,,,,,,,,,,,,,,,,,,,,,,,,,,,,,,,,,,,,,,,,,,,,,,,,,,,,,,,,,,,,,,,,,,,,,,,,,,,,,,,,,,,,,,,,,,,,,,,,,,,,,,,,,,,,,,,,,,,,,,,,,,,,,,,,,,,,,,,,,,,,,,,,,,,,,,,,,,,,,,,,,,,,,,,,,,,,,,,,,,,,,,,,,,,,,,,,,,,,,,,,,,,,,,,,,,,,,,,,,,,,,,,,,,,,,,,,,,,,,,,,,,,,,,,,,,,,,,,,,,,,,,,,,,,,,,,,,,,,,,,,,,,,,,,,,,,,,,,,,,,,,,,,,,,,,,,,,,,,,,,,,,,,,,,,,,,,,,,,,,,,,,,,,,,,,,,,,,,,,,,,,,,,,,,,,,,,,,,,,,,,,,,,,,,,,,,,,,,,,,,,,,,,,,,,,,,,,,,,,,,,,,,,,,,,,,,,,,,,,,,,,,,,,,,,,,,,,,,,,,,,,,,,,,,,,,,,,,,,,,,,,,,,,,,,,,,,,,,,,,,,,,,,,,,,,,,,,,,,,,,,,,,,,,,,,,,,,,,,,,,,,,,,,,,,,,,,,,,,,,
=== ENTRY CRITERIA ===,,,,,,,,,,,,,,,,,,,,,,,,,,,,,,,,,,,,,,,,,,,,,,,,,,,,,,,,,,,,,,,,,,,,,,,,,,,,,,,,,,,,,,,,,,,,,,,,,,,,,,,,,,,,,,,,,,,,,,,,,,,,,,,,,,,,,,,,,,,,,,,,,,,,,,,,,,,,,,,,,,,,,,,,,,,,,,,,,,,,,,,,,,,,,,,,,,,,,,,,,,,,,,,,,,,,,,,,,,,,,,,,,,,,,,,,,,,,,,,,,,,,,,,,,,,,,,,,,,,,,,,,,,,,,,,,,,,,,,,,,,,,,,,,,,,,,,,,,,,,,,,,,,,,,,,,,,,,,,,,,,,,,,,,,,,,,,,,,,,,,,,,,,,,,,,,,,,,,,,,,,,,,,,,,,,,,,,,,,,,,,,,,,,,,,,,,,,,,,,,,,,,,,,,,,,,,,,,,,,,,,,,,,,,,,,,,,,,,,,,,,,,,,,,,,,,,,,,,,,,,,,,,,,,,,,,,,,,,,,,,,,,,,,,,,,,,,,,,,,,,,,,,,,,,,,,,,,,,,,,,,,,,,,,,,,,,,,,,,,,,,,,,,,,,,,,,,,,,,,,,,,,,,,,,,,,,,,,,,,,,,,,,,,,,,,,,,,,,,,,,,,,,,,,,,,,,,,,,,,,,,,,,,,,,,,,,,,,,,,,,,,,,,,,,,,,,,,,,,,,,,,,,,,,,,,,,,,,,,,,,,,,,,,,,,,,,,,,,,,,,,,,,,,,,,,,,,,,,,,,,,,,,,,,,,,,,,,,,,,,,,,,,,,,,,,,,,,,,,,,,,,,,,,,,,,,,,,,,,,,,,,,,,,,,,,,,,,,,,,,,,,,,,,,,,,,,,,,,,,,,,,,,,,,,,,,,,,,,,,,,,,,,,,,,,,,,,,,,,,,,,,,,,,,,,,,,,,,,,,,,,,,,,,,,,,,,,,,,,,,,,,,,,,,,,,,,,,,,,,,,,,,,,,,,,,,,,,,,,,,,,,,,,,,,,,,,,,,,,,,,,,,,,,,,,,,,,,,,,,,,,,,,,,,,,,,,,,,,,,,,,,,,,,,,,,,,,,,,,,,,,,,,,,,,,,,,,,,,,,,,,,,,,,,,,,,,,,,,,
Enable Long Trades,true,false,true,bool,Allow long entries,,,,,,,,,,,,,,,,,,,,,,,,,,,,,,,,,,,,,,,,,,,,,,,,,,,,,,,,,,,,,,,,,,,,,,,,,,,,,,,,,,,,,,,,,,,,,,,,,,,,,,,,,,,,,,,,,,,,,,,,,,,,,,,,,,,,,,,,,,,,,,,,,,,,,,,,,,,,,,,,,,,,,,,,,,,,,,,,,,,,,,,,,,,,,,,,,,,,,,,,,,,,,,,,,,,,,,,,,,,,,,,,,,,,,,,,,,,,,,,,,,,,,,,,,,,,,,,,,,,,,,,,,,,,,,,,,,,,,,,,,,,,,,,,,,,,,,,,,,,,,,,,,,,,,,,,,,,,,,,,,,,,,,,,,,,,,,,,,,,,,,,,,,,,,,,,,,,,,,,,,,,,,,,,,,,,,,,,,,,,,,,,,,,,,,,,,,,,,,,,,,,,,,,,,,,,,,,,,,,,,,,,,,,,,,,,,,,,,,,,,,,,,,,,,,,,,,,,,,,,,,,,,,,,,,,,,,,,,,,,,,,,,,,,,,,,,,,,,,,,,,,,,,,,,,,,,,,,,,,,,,,,,,,,,,,,,,,,,,,,,,,,,,,,,,,,,,,,,,,,,,,,,,,,,,,,,,,,,,,,,,,,,,,,,,,,,,,,,,,,,,,,,,,,,,,,,,,,,,,,,,,,,,,,,,,,,,,,,,,,,,,,,,,,,,,,,,,,,,,,,,,,,,,,,,,,,,,,,,,,,,,,,,,,,,,,,,,,,,,,,,,,,,,,,,,,,,,,,,,,,,,,,,,,,,,,,,,,,,,,,,,,,,,,,,,,,,,,,,,,,,,,,,,,,,,,,,,,,,,,,,,,,,,,,,,,,,,,,,,,,,,,,,,,,,,,,,,,,,,,,,,,,,,,,,,,,,,,,,,,,,,,,,,,,,,,,,,,,,,,,,,,,,,,,,,,,,,,,,,,,,,,,,,,,,,,,,,,,,,,,,,,,,,,,,,,,,,,,,,,,,,,,,,,,,,,,,,,,,,,,,,,,,,,,,,,,,,,,,,,,,,,,,,,,,,,,,,,,,,,,,,,,,,,,,,,,,,,,,,,,,,,,,,,,,,,,,,,,,,,,,,,,,,,,,,,,,,,,,,,,,,,,,,,,,,,,
Enable Short Trades,true,false,true,bool,Allow short entries,,,,,,,,,,,,,,,,,,,,,,,,,,,,,,,,,,,,,,,,,,,,,,,,,,,,,,,,,,,,,,,,,,,,,,,,,,,,,,,,,,,,,,,,,,,,,,,,,,,,,,,,,,,,,,,,,,,,,,,,,,,,,,,,,,,,,,,,,,,,,,,,,,,,,,,,,,,,,,,,,,,,,,,,,,,,,,,,,,,,,,,,,,,,,,,,,,,,,,,,,,,,,,,,,,,,,,,,,,,,,,,,,,,,,,,,,,,,,,,,,,,,,,,,,,,,,,,,,,,,,,,,,,,,,,,,,,,,,,,,,,,,,,,,,,,,,,,,,,,,,,,,,,,,,,,,,,,,,,,,,,,,,,,,,,,,,,,,,,,,,,,,,,,,,,,,,,,,,,,,,,,,,,,,,,,,,,,,,,,,,,,,,,,,,,,,,,,,,,,,,,,,,,,,,,,,,,,,,,,,,,,,,,,,,,,,,,,,,,,,,,,,,,,,,,,,,,,,,,,,,,,,,,,,,,,,,,,,,,,,,,,,,,,,,,,,,,,,,,,,,,,,,,,,,,,,,,,,,,,,,,,,,,,,,,,,,,,,,,,,,,,,,,,,,,,,,,,,,,,,,,,,,,,,,,,,,,,,,,,,,,,,,,,,,,,,,,,,,,,,,,,,,,,,,,,,,,,,,,,,,,,,,,,,,,,,,,,,,,,,,,,,,,,,,,,,,,,,,,,,,,,,,,,,,,,,,,,,,,,,,,,,,,,,,,,,,,,,,,,,,,,,,,,,,,,,,,,,,,,,,,,,,,,,,,,,,,,,,,,,,,,,,,,,,,,,,,,,,,,,,,,,,,,,,,,,,,,,,,,,,,,,,,,,,,,,,,,,,,,,,,,,,,,,,,,,,,,,,,,,,,,,,,,,,,,,,,,,,,,,,,,,,,,,,,,,,,,,,,,,,,,,,,,,,,,,,,,,,,,,,,,,,,,,,,,,,,,,,,,,,,,,,,,,,,,,,,,,,,,,,,,,,,,,,,,,,,,,,,,,,,,,,,,,,,,,,,,,,,,,,,,,,,,,,,,,,,,,,,,,,,,,,,,,,,,,,,,,,,,,,,,,,,,,,,,,,,,,,,,,,,,,,,,,,,,,,,,,,,,,,,,,,,,,,,,,,
Bollinger Band Length,30,2,100,int,Lookback period for BB,2,5,5,5,5,5,5,5,5,3,3,2,5,2,2,2,2,2,5,2,3,2,2,2,2,2,3,2,3,2,3,3,2,2,2,2,2,2,2,2,2,2,2,2,2,2,2,2,2,2,2,2,2,2,2,2,2,2,2,2,2,2,3,2,2,2,2,2,3,2,2,2,2,3,3,3,3,3,2,2,3,3,3,2,3,2,2,2,2,2,2,2,3,3,3,2,2,2,3,3,2,2,3,2,3,2,2,2,3,3,3,3,3,2,2,2,3,3,2,3,3,2,3,2,2,2,2,2,3,3,2,2,3,3,2,2,2,3,3,2,2,3,3,2,3,3,3,3,2,2,3,3,2,2,3,3,3,3,2,3,3,3,3,3,3,3,3,3,3,3,3,3,3,3,3,3,2,3,2,3,3,3,3,3,2,3,3,2,3,2,2,3,3,3,2,3,2,2,2,3,3,2,3,3,3,3,3,3,3,3,3,3,2,3,2,3,2,2,3,2,2,3,3,2,2,3,2,2,3,2,3,3,2,3,2,3,2,3,2,3,2,2,3,2,2,3,3,2,2,2,2,3,3,3,3,3,2,3,3,2,3,2,2,3,3,3,3,2,2,3,3,3,3,2,2,2,3,2,3,2,3,3,3,2,2,3,3,3,3,3,5,2,2,2,2,2,2,2,3,3,3,2,3,2,3,2,2,2,5,3,2,3,2,3,3,2,2,2,2,3,2,3,3,3,3,3,3,2,3,2,2,3,2,3,2,2,2,3,2,3,3,2,3,3,5,3,3,2,2,2,3,2,2,2,3,2,3,2,3,3,3,3,2,3,2,3,3,2,3,5,3,2,3,3,2,3,3,2,3,3,3,5,2,2,3,2,3,2,2,3,3,3,3,2,4,2,3,2,2,2,2,2,3,2,3,3,2,2,2,2,3,2,2,5,2,3,5,2,3,2,2,2,2,2,3,4,2,2,3,3,5,3,3,3,2,2,2,2,2,2,3,4,3,3,2,3,3,2,2,5,5,3,2,2,2,3,2,2,2,3,5,2,2,2,3,3,2,3,3,4,2,2,2,2,4,2,4,2,5,5,2,3,2,3,2,3,2,3,3,3,2,2,2,2,2,3,2,2,2,2,2,3,2,3,2,4,3,2,2,2,2,2,5,3,3,2,2,2,2,3,2,2,3,5,2,6,2,4,3,2,4,3,2,2,2,4,2,3,2,2,2,4,2,2,5,2,3,4,2,2,2,2,2,5,2,5,2,2,3,5,2,6,5,2,5,2,5,5,5,2,2,2,2,5,2,2,2,2,5,2,5,2,2,5,2,2,4,5,3,3,4,2,5,2,2,2,5,2,4,3,5,2,2,2,5,2,2,3,2,5,2,2,5,2,5,2,5,2,5,5,2,2,2,2,2,2,4,2,4,2,4,2,3,5,2,2,2,2,2,2,2,4,2,2,2,4,2,2,2,2,2,2,2,2,2,2,2,2,4,3,2,2,2,4,2,2,2,2,2,5,4,2,2,5,2,2,2,5,2,2,2,3,5,2,3,6,5,5,2,2,2,2,5,2,2,2,2,2,2,3,3,2,2,2,2,2,2,2,5,2,5,2,2,2,2,3,5,2,2,2,4,2,2,2,2,6,5,2,2,2,2,2,3,2,2,2,2,3,2,2,2,3,3,2,2,3,2,2,2,2,2,3,2,5,6,2,3,2,2,3,2,2,2,2,2,3,2,2,2,2,2,2,5,2,2,2,2,2,3,4,2,2,2,2,2,2,2,2,2,2,3,2,2,2,4,2,2,2,2,3,2,2,2,2,2,2,2,2,2,2,2,2,4,2,2,4,2,2,3,2,2,2,5,2,3,2,4,2,2,2,5,2,2,5,5,2,2,2,2,2,5,2,2,2,2,2,2,2,2,2,3,2,2,2,2,2,2,4,4,4,2,2,2,2,2,2,5,2,2,5,5,2,3,2,2,5,5,5,2,2,5,2,2,2,4,2,2,2,2,2,2,4,2,5,2,2,4,3,2,5,3,4,2,2,5,2,2,2,2,2,2,2,2,2,2,2,2,2,5,2,2,3,2,2,2,2,2,2,2,2,2,2,2,3,2,3,2,3,2,2,2,2,2,2,2,2,2,2,2,2,2,2,2,2,3,2,2,2,2,2,2,3,2,2,2,2,2,2,2,3,4,3,2,3,2,4,3,2,4,2,3,3,2,2,3,2,4,4,4,2,2,4,3,3,3,3,3,3,3,3,3,3,3,3,3,3,3,3,4,2,2,3,2,3,2,2,2,4,2,3,3,2,2,2,2,3,2,2,2,2,3,2,2,2,2,3,2,2,2,2,2,2,2,2,2,2,2,2,2,2,2,2,2
Bollinger Band StdDev,2.0,0.5,5.0,float,StdDev multiplier for BB width,3.8372,2.554,2.554,2.554,2.554,2.554,2.554,2.554,2.554,1.4732,1.4732,1.4841,2.2656,0.5814,0.6395,0.7013,0.7712,0.7712,2.3946,4.0595,1.7341,0.5,3.6112,3.6112,0.7447,1.3504,1.3485,0.8025,1.4068,3.3565,1.3485,1.5544,3.5161,3.332,0.8025,3.5036,1.3857,1.3857,0.6165,3.4916,3.8365,3.7631,1.1296,0.7936,3.2623,3.8365,3.3548,0.7221,0.8513,0.8091,0.8091,0.8819,0.7492,0.6558,3.3607,1.0339,2.6607,0.8073,0.7336,3.8176,3.8174,1.3732,2.2564,1.3955,1.3955,0.5521,0.702,0.8373,1.8022,0.8162,2.2038,0.5482,0.7413,1.8346,1.8455,1.5544,1.8026,1.8026,0.7336,0.7074,1.9537,1.9537,1.8194,1.7503,1.7213,0.8025,3.3534,1.7503,0.7702,2.7529,0.8157,0.7336,2.1953,2.1034,1.8026,0.7336,0.7649,0.7749,2.1034,2.1034,0.8215,0.6343,2.1755,0.8082,1.8029,0.8106,0.8106,0.8084,1.6709,1.7751,1.8446,1.8624,1.7751,0.8075,0.8032,0.762,1.6536,1.764,0.8087,1.712,1.712,0.8084,1.763,0.7917,0.8077,0.8106,0.8106,0.8086,2.4231,1.872,0.8075,0.762,1.6671,1.8194,0.6723,0.8084,0.7917,1.8507,2.1081,0.6382,0.8157,2.2383,1.8194,0.8078,1.8194,2.1081,1.9076,1.6669,0.8084,0.8118,1.5929,2.0062,1.1575,1.5886,1.8291,1.8291,1.715,1.7751,1.6128,1.8291,1.8491,2.2069,2.256,1.8409,1.933,2.1307,1.7751,2.2069,1.9499,1.6671,2.2996,1.7886,1.8291,1.8733,1.8209,1.8179,1.2322,1.8316,1.5886,1.7073,1.7381,1.7562,1.943,1.943,1.3017,1.7194,1.8127,0.8798,1.8291,1.4716,1.5648,1.8309,1.7925,1.6389,0.8191,1.8169,1.16,0.8114,0.7618,1.8239,1.4182,0.8022,1.5388,1.8298,1.9266,1.5085,1.8291,1.7474,1.2878,1.7949,1.8223,1.8223,0.6859,1.7992,1.3696,1.6033,2.7568,1.3696,1.8433,0.7012,0.614,1.7767,1.6401,1.0518,0.8348,1.4514,1.4277,1.3016,1.3816,4.1725,1.8016,1.8115,1.1736,2.0179,2.5246,1.9426,2.5246,2.159,0.9604,1.3571,1.7848,2.5246,1.6372,0.6197,2.5246,1.8144,1.8328,0.5941,1.3987,0.6656,1.4655,1.5664,1.6067,1.6067,1.6067,1.7662,1.0236,1.3571,1.8283,2.5246,1.3988,2.5246,1.8042,1.5388,1.9169,1.8152,1.7773,0.6534,1.3739,1.7231,1.6824,1.9052,1.3988,0.5941,0.7626,1.424,1.3988,1.6802,2.4699,1.1529,1.6654,1.3988,1.3988,2.3032,1.4261,1.6775,1.5925,1.3988,1.8074,1.3816,2.8067,1.0802,1.4176,1.5381,1.3881,2.574,1.6472,2.1587,1.6943,1.7732,1.9016,1.286,1.3988,1.2879,1.3988,0.6217,0.6217,2.2255,2.7502,1.6756,1.462,1.8815,1.1172,1.9405,1.6647,1.0187,1.4626,2.7098,1.286,2.1891,1.1736,1.5378,1.9951,1.9951,1.8925,1.8925,1.8925,1.0131,1.7637,0.7843,1.7271,1.6349,1.5124,1.3988,1.3118,1.6064,0.8305,1.7022,2.1999,2.1377,1.795,1.0606,2.1553,1.4962,2.7502,1.6181,0.5892,0.9506,1.4589,2.1129,1.7187,1.2731,1.2019,0.6605,1.6753,0.7537,1.6546,1.985,2.0308,1.5237,2.1668,1.5942,0.8439,1.8285,1.4446,1.5939,1.6356,1.1238,1.8602,2.7693,2.4316,0.5735,1.5441,1.9332,0.7051,1.8525,1.497,0.7051,1.6558,1.7115,1.6215,2.7032,2.8894,1.0045,2.1377,1.3727,1.3561,1.0389,2.3543,2.25,2.25,1.8525,1.8525,1.4526,2.6895,1.0559,1.7755,1.3648,0.8807,1.361,0.7927,1.1061,1.3685,1.0187,1.8602,1.9161,1.2731,0.8817,0.5,1.1166,2.2709,1.1749,1.131,2.5161,1.5998,1.1334,2.7039,0.7144,1.765,0.8366,0.9101,1.253,1.0992,0.96,1.9416,3.0264,1.5958,2.1937,1.6201,1.9489,2.5777,0.5538,1.217,1.3577,1.1477,0.9136,0.9339,1.6081,1.6833,1.2342,0.5538,2.6245,1.7163,1.4348,1.0438,2.2088,1.4895,1.2342,0.8437,3.1695,2.9612,1.9004,1.485,1.074,2.149,1.0567,1.8089,2.4621,0.843,1.4375,3.1695,1.4865,2.556,1.4432,1.5831,1.6202,0.7506,1.4019,2.0884,2.6245,2.4414,1.4828,0.5197,1.4828,2.5437,1.4446,2.6148,4.0065,2.7178,2.9733,2.556,1.138,2.704,1.9378,0.7894,1.4921,1.2355,1.8183,2.1592,2.3611,1.4714,1.4502,1.4502,0.571,0.6535,2.3586,1.0902,0.541,0.7147,1.2172,2.2532,1.7647,1.2199,2.425,0.7349,2.8083,1.3898,0.5589,2.6941,0.6424,2.8458,2.1489,2.747,1.3753,2.1672,1.4575,1.7953,0.7124,2.2462,1.5022,1.4184,2.1835,2.1635,2.5249,1.3223,2.5955,0.8791,3.204,1.4961,1.4059,2.5556,1.6356,1.7369,1.4506,1.2726,2.9712,1.2344,1.3056,2.3634,1.3612,1.9774,3.0357,2.2526,2.6346,2.353,0.9773,2.0062,2.6245,1.8833,2.0514,1.0702,1.4286,1.2322,2.8587,1.6126,2.8587,1.5262,3.0037,2.1975,2.812,2.0012,3.001,2.7434,1.1791,2.4427,3.6105,2.6553,2.6553,2.8587,2.1045,1.2113,1.7204,1.4506,2.8107,1.4502,2.1879,1.4881,0.689,2.9523,0.6175,2.9523,1.4931,1.1922,2.9523,1.4754,2.3246,2.5757,2.7468,2.0914,1.5824,3.0357,0.7362,2.8458,1.2422,2.1835,2.1578,2.9771,0.9011,2.6268,3.2148,2.9523,1.1294,0.6124,2.1402,2.9359,1.2112,0.7853,1.4041,1.5194,2.5535,2.2022,0.9133,2.8782,1.5461,2.4658,1.8286,3.3485,1.8422,3.218,3.2102,2.7014,1.4892,2.4875,2.7014,1.9774,1.5455,2.9792,0.6239,3.0611,1.5455,2.5209,0.7611,1.9763,2.6396,0.8075,0.8363,0.9073,0.7565,1.4687,2.6803,2.5522,3.5448,0.9073,0.9073,2.1486,3.0608,1.4078,2.6381,0.958,0.8481,1.9698,1.8613,1.605,2.5115,0.756,2.9534,2.2628,2.5533,2.8099,2.4547,1.8702,2.6527,0.7354,2.5042,0.5736,1.5443,2.7216,2.6263,0.8481,3.374,2.7196,2.9406,0.717,3.2248,0.7499,0.605,1.9823,2.5589,2.5533,1.2759,0.9338,1.4672,2.6818,2.7451,0.677,3.0783,3.3305,3.3305,0.6124,0.6124,0.7165,1.9215,3.3305,1.5744,0.6059,2.2496,0.843,0.843,3.9392,1.4231,1.8241,0.8304,0.8341,0.8072,2.3986,0.9923,0.9262,0.6788,2.6892,2.4919,3.1254,0.6015,2.8103,0.8524,0.8897,1.6252,2.7221,2.8103,1.3925,0.5389,3.0363,4.1616,0.5532,1.3925,1.4692,2.7007,3.0384,1.1686,4.4656,3.061,1.2388,2.7149,1.606,1.0423,2.1757,0.5665,2.6415,1.606,0.8166,2.1712,0.7211,1.6081,1.646,4.5106,2.4796,1.9458,2.4259,0.6217,2.2024,0.837,4.9135,1.9279,1.274,3.3652,2.7007,2.3754,1.7613,0.7646,1.4976,1.3653,0.6183,2.4003,1.3218,1.1874,2.4796,1.4464,1.5503,1.5625,1.0938,0.5607,0.6201,0.539,3.3652,2.39,1.5849,1.3218,1.1375,2.2255,1.6206,2.2508,0.6917,0.6529,1.4834,1.0981,0.6708,0.7641,2.2388,2.128,2.4003,3.5304,2.1593,2.128,1.6066,0.5,2.6663,0.8458,0.7131,1.468,0.6833,2.1693,2.841,4.081,0.6593,2.1595,2.1449,0.7337,2.7153,1.636,0.8069,1.8209,3.5304,1.6537,2.9606,2.6413,0.8459,2.7958,0.741,0.5,2.9823,3.5304,1.3033,0.5,2.4484,0.6982,1.1856,0.6975,2.3529,1.9517,0.93,1.5026,2.4408,0.7198,0.718,2.5917,3.3074,0.5355,2.1388,1.325,1.9989,0.6051,2.639,0.5636,0.5662,3.6276,1.0839,0.8132,2.2521,2.8705,2.4003,1.3942,2.0521,0.7046,0.9041,2.9975,0.7627,0.6528,0.6528,2.8038,2.6051,2.6051,0.6528,1.9727,1.8794,4.1305,0.8031,2.3555,2.0605,0.837,0.5,2.502,2.2495,2.249,1.2873,2.1618,0.7898,2.936,2.9507,2.6524,0.9032,1.5074,2.9507,1.8225,0.9896,0.7898,3.0836,4.8834,2.7059,1.8794,0.7,0.6084,0.7045,3.0515,0.9748,2.9429,5.0,0.7225,3.0836,1.0844,4.9105,3.0852,1.5706,2.8663,3.8592,1.5998,3.0714,4.9038,4.9128,4.9482,4.9154,0.7036,1.5998,2.5437,2.7475,0.6933,4.8918,2.1466,4.6597,1.2155,2.6852,3.4514,0.5,1.6877,1.4193,1.1924,0.7413,5.0,0.6691,1.5969,0.7014,0.685,5.0,0.5,0.699,1.9737,0.7449,1.6776,0.5,1.3755,4.9772,0.6473,0.7031,4.1956,0.7031,1.4151,0.7069,4.9778,5.0,0.7997,2.1002,0.5,0.6822,4.9792,4.9792,0.6962,1.3156,0.631,0.6962,1.7381,1.7901,0.687,2.4866,1.4344,5.0,0.5969,0.6484,1.7194,0.712,5.0,1.4466,2.4545,2.5754,1.9964,1.3664,2.5463,0.671,3.001,2.9737,2.1017,3.0651,1.5257,0.9719,3.0887,1.2343,0.6318,3.1671,2.1326,2.5365,2.7623,2.7623,2.1595,1.1404,2.9872,0.5,0.5,3.6451,1.9935,1.6157,1.9755,2.2926,1.6366,1.6374,1.6088,1.8368,1.616,1.8368,1.8368,1.8368,4.2691,3.0278,0.8213,0.8661,1.4335,0.6992,1.4335,0.7664,0.687,0.687,2.3624,0.8438,1.7176,1.7036,4.9936,0.687,0.687,0.8543,1.6157,0.9112,0.8584,0.687,0.7996,1.9722,1.0298,1.0298,0.8543,0.6679,1.4628,1.0888,0.6678,0.9264,0.9162,1.0271,0.6534,0.6534,0.6534,0.6655,0.8543,0.8543,0.8912,0.8479,1.0298,1.052,1.0602,0.5206
Long Entry on Wick Touch,0,0,1,int,"Enter if low touches lower band (0=false, 1=true) - OPTIMIZABLE",1,1,1,1,1,1,1,1,1,1,1,1,1,1,1,1,1,1,1,1,1,1,1,1,1,1,1,1,1,1,1,1,1,1,1,1,1,1,1,1,1,1,1,1,1,1,1,1,1,1,1,1,1,1,1,1,1,1,1,1,1,1,1,1,1,1,1,1,1,1,1,1,1,1,1,1,1,1,1,1,1,1,1,1,1,1,1,1,1,1,1,1,1,1,1,1,1,1,1,1,1,1,1,1,1,1,1,1,1,1,1,1,1,1,1,1,1,1,1,1,1,1,1,1,1,1,1,1,1,1,1,1,1,1,1,1,1,1,1,1,1,1,1,1,1,1,1,1,1,1,1,1,1,1,1,1,1,1,1,1,1,1,1,1,1,1,1,1,1,1,1,1,1,1,1,1,1,1,1,1,1,1,1,1,1,1,1,1,1,1,1,1,1,1,1,1,1,1,1,1,1,1,1,1,1,1,1,1,1,1,1,1,1,1,1,1,1,1,1,1,1,1,1,1,1,1,1,1,1,1,1,1,1,1,1,1,1,1,1,1,1,1,1,1,1,1,1,1,1,1,1,1,1,1,1,1,1,1,1,1,1,1,1,1,1,1,1,1,1,1,1,1,1,1,1,1,1,1,1,1,1,1,1,1,1,1,1,1,1,1,1,1,1,1,1,1,1,1,1,1,1,1,1,1,1,1,1,1,1,1,1,1,1,1,1,1,1,1,1,1,1,1,1,1,1,1,1,1,1,1,1,1,1,1,1,1,1,1,1,1,1,1,1,1,1,1,1,1,1,1,1,1,1,1,1,1,1,1,1,1,1,1,1,1,1,1,1,1,1,1,1,1,1,1,1,1,1,1,1,1,1,1,1,1,1,1,1,1,1,1,1,1,1,1,1,1,1,1,1,1,1,1,1,1,1,1,1,1,1,1,1,1,1,1,1,1,1,1,1,1,1,1,1,1,1,1,1,1,1,1,1,1,1,1,1,1,1,1,1,1,1,1,1,1,1,1,1,1,1,1,1,1,1,1,1,1,1,1,1,1,1,1,1,1,1,1,1,1,1,1,1,1,1,1,1,1,1,1,1,1,1,1,1,1,1,1,1,1,1,1,1,1,1,1,1,1,1,1,1,1,1,1,1,1,1,1,1,1,1,1,1,1,1,1,1,1,1,1,1,1,1,1,1,1,1,1,1,1,1,1,1,1,1,1,1,1,1,1,1,1,1,1,1,1,1,1,1,1,1,1,1,1,1,1,1,1,1,1,1,1,1,1,1,1,1,1,1,1,1,1,1,1,1,1,1,1,1,1,1,1,1,1,1,1,1,1,1,1,1,1,1,1,1,1,1,1,1,1,1,1,1,1,1,1,1,1,1,1,1,1,1,1,1,1,1,1,1,1,1,1,1,1,1,1,1,1,1,1,1,1,1,1,1,1,1,1,1,1,1,1,1,1,1,1,1,1,1,1,1,1,1,1,1,1,1,1,1,1,1,1,1,1,1,1,1,1,1,1,1,1,1,1,1,1,1,1,1,1,1,1,1,1,1,1,1,1,1,1,1,1,1,1,1,1,1,1,1,1,1,1,1,1,1,1,1,1,1,1,1,1,1,1,1,1,1,1,1,1,1,1,1,1,1,1,1,1,1,1,1,1,1,1,1,1,1,1,1,1,1,1,1,1,1,1,1,1,1,1,1,1,1,1,1,1,1,1,1,1,1,1,1,1,1,1,1,1,1,1,1,1,1,1,1,1,1,1,1,1,1,1,1,1,1,1,1,1,1,1,1,1,1,1,1,1,1,1,1,1,1,1,1,1,1,1,1,1,1,1,1,1,1,1,1,1,1,1,1,1,1,1,1,1,1,1,1,1,1,1,1,1,1,1,1,1,1,1,1,1,1,1,1,1,1,1,1,1,1,1,1,1,1,1,1,1,1,1,1,1,1,1,1,1,1,1,1,1,1,1,1,1,1,1,1,1,1,1,1,1,1,1,1,1,1,1,1,1,1,1,1,1,1,1,1,1,1,1,1,1,1,1,1,1,1,1,1,1,1,1,1,1,1,1,1,1,1,1,1,1,1,1,1,1,1,1,1,1,1,1,1,1,1,1,1,1,1,1,1,1,1,1,1,1,1,1,1,1,1,1,1,1,1,1,1,1,1,1,1,1,1,1,1,1,1,1,1,1,1,1,1,1,1,1,1,1,1,1,1,1,1,1,1,1,1,1,1,1,1,1,1,1,1,1,1,1,1,1,1,1,1,1,1,1,1,1,1,1,1,1,1,1,1,1,1,1,1,1,1,1,1,1,1,1,1,1,1,1,1,1,1,1,1,1,1,1,1,1,1,1,1,1,1,1,1,1,1,1,1,1,1,1,1,1,1
Long Entry on Body in Zone,1,0,1,int,"Enter if close ≤ lower band (0=false, 1=true) - OPTIMIZABLE",1,0,0,0,0,0,0,0,0,0,0,0,0,0,0,0,0,0,0,1,0,0,1,1,0,0,0,0,0,1,0,0,1,1,0,1,0,0,0,1,1,1,0,0,1,1,1,0,0,0,0,0,0,0,1,0,1,1,0,1,0,1,0,1,1,0,0,0,0,0,0,0,0,0,0,0,0,0,0,0,0,0,0,0,0,0,1,0,0,0,0,0,0,0,0,0,0,0,0,0,0,0,0,0,0,0,0,0,0,0,0,0,0,0,0,0,0,0,0,0,0,0,0,0,0,0,0,0,0,0,0,0,0,0,0,0,0,0,0,0,0,0,0,0,0,0,0,0,0,0,0,0,0,0,0,0,0,0,0,0,0,0,0,0,0,0,0,0,0,0,0,0,0,0,0,0,0,0,0,0,0,0,0,0,0,0,0,0,0,0,0,0,0,0,0,0,0,0,0,0,0,0,0,0,0,0,0,0,0,0,0,0,0,0,1,0,0,0,0,0,0,0,0,0,0,0,0,0,0,1,0,0,0,0,0,0,0,0,0,0,0,0,0,0,0,0,0,0,0,0,0,0,0,0,0,0,0,0,0,0,0,0,0,0,0,0,0,0,0,0,0,0,0,0,0,0,0,0,0,0,0,0,0,0,0,0,0,0,0,0,0,0,0,0,0,0,0,1,0,0,0,1,0,0,0,0,0,0,0,0,0,0,0,0,0,0,1,0,1,0,0,0,0,0,0,0,0,1,0,0,0,0,0,0,0,1,0,0,0,0,0,0,0,0,0,0,0,0,0,0,0,0,0,0,0,0,0,0,0,0,0,0,0,0,0,0,1,0,0,0,1,0,0,1,0,0,0,0,0,0,0,0,0,0,0,0,0,0,0,0,0,0,0,0,0,0,0,0,0,0,0,0,0,0,0,0,0,0,0,0,0,0,0,0,0,0,0,0,0,0,0,0,0,0,0,0,0,0,0,0,0,1,0,0,0,0,0,0,0,0,0,0,0,0,0,0,0,0,1,0,0,0,0,0,0,0,1,0,0,0,0,0,0,0,0,0,0,0,0,0,0,0,0,0,0,0,0,0,0,0,0,0,0,0,0,0,0,0,0,0,0,0,0,0,0,0,0,0,0,0,0,0,0,0,0,0,0,0,0,0,1,0,0,1,0,0,0,0,0,0,1,0,0,0,0,0,0,0,0,0,0,0,0,0,0,0,0,0,0,0,0,0,0,0,0,0,0,0,0,0,0,0,0,0,0,0,0,0,0,0,0,0,0,0,0,1,0,0,0,0,0,0,0,0,0,0,0,0,0,0,0,0,0,0,0,0,1,0,0,0,0,0,0,1,0,0,0,0,0,0,0,0,0,0,0,0,0,0,0,0,1,0,0,0,0,0,0,0,0,0,0,1,0,0,0,0,0,0,0,0,0,0,0,0,0,0,0,0,0,0,0,1,0,0,1,0,0,0,0,0,0,0,0,0,0,0,0,0,0,0,0,0,0,0,0,0,0,0,0,0,0,0,0,0,0,0,0,0,0,0,0,0,0,0,0,0,0,0,0,0,0,0,0,0,0,0,0,0,1,1,1,0,0,0,1,0,0,0,0,0,0,0,0,0,0,0,0,0,0,1,0,0,0,0,0,0,0,0,0,0,0,0,0,0,0,0,0,0,0,0,0,0,0,0,0,0,0,0,0,0,0,0,0,0,0,0,0,0,0,0,0,0,0,1,0,0,0,0,0,0,1,0,0,0,0,0,0,0,0,0,1,0,0,0,0,0,0,0,0,0,0,0,1,0,0,1,0,0,0,0,0,0,0,0,0,0,0,0,0,0,0,0,0,0,0,0,0,0,0,0,0,0,0,0,0,0,0,0,0,0,0,0,0,0,0,0,0,0,0,0,0,0,0,0,0,0,0,0,0,0,0,0,0,1,0,0,0,0,1,0,0,0,0,0,1,0,1,0,0,0,0,0,0,0,0,0,0,0,0,0,0,0,0,0,0,0,0,0,0,0,0,0,0,0,0,0,0,0,0,0,0,1,1,0,0,0,0,0,0,0,0,0,0,0,1,0,0,0,0,0,0,0,1,0,0,1,0,0,1,0,0,0,0,0,0,0,0,0,0,0,0,0,0,0,0,0,0,0,0,0,0,0,0,0,0,0,0,0,0,0,0,0,0,1,0,0,0,0,1,0,0,0,0,0,1,0,0,0,0,0,0,0,0,0,0,0,0,0,0,0,0,0,0,0,0,0,0,0,0,0,0,0,0,0,0,0,0,0,0,0,0,0,0,0,0,0,0,1,0,0,0,0,0,0,0,0,0,0,0,0,0,0,0,0,0,0,0,0,0,0,0,0,0,0,0,0,0,0,0,0,0,0,0
Long Trigger (% From Lower Band),0.5,0,2.0,float,% below lower band to trigger (min 0.5% to avoid band extremes),0.0,0.0,0.0,0.0,0.0,0.0,0.0,0.0,0.0,0.0,0.0,0.0,0.0,0.0,0.0,0.1123,0.0,0.0,0.0,0.0,0.0,0.0,0.0,0.0,0.0,0.0,0.0,0.0,0.0,0.0,0.0,0.0,0.0,0.0,0.0,0.0,0.0,0.0,0.0,0.0,0.0,0.0,0.0,0.0,0.0,0.0,0.0,0.0,0.0,0.0,0.0,0.0,0.0,0.0,0.0,0.0,0.0,0.0,0.0,0.0,0.0,0.0,0.0,0.0,0.0,0.0,0.1732,0.0,0.0,0.0,0.0,0.0,0.0,0.0,0.0,0.0,0.0,0.0,0.0,0.0,0.0,0.0,0.0,0.0,0.0,0.0,0.0,0.0,0.0,0.0,0.0,0.0,0.0,0.0,0.0,0.0,0.0,0.0,0.0,0.0,0.0,0.0,0.0,0.0,0.0,0.0,0.0,0.0,0.0,0.0,0.0,0.0,0.0,0.0,0.0,0.0,0.0,0.0,0.0,0.0,0.0,0.0,0.0,0.0,0.0,0.0,0.0,0.0,0.0,0.0,0.0,0.0,0.0,0.0,0.0,0.0,0.0,0.0,0.0,0.0,0.0,0.0,0.0,0.0,0.0,0.0,0.0,0.0,0.0,0.0,0.0,0.0,0.0,0.0,0.0,0.0,0.0,0.0,0.0,0.0,0.0,0.0,0.0,0.0,0.0,0.0,0.0,0.0,0.0,0.0,0.0,0.0,0.0,0.0,0.0,0.0,0.0,0.0,0.0,0.0,0.0,0.0,0.0,0.0,0.0,0.0,0.0,0.0,0.0,0.0,0.0,0.0,0.0,0.0,0.0,0.0,0.0,0.0,0.0,0.0,0.0,0.0,0.0,0.0,0.0,0.0,0.0,0.0,0.0,0.0,0.0,0.0,0.0,0.0,0.0,0.0,0.0,0.0,0.0,0.0,0.0,0.0,0.0,0.0,0.0,0.0,0.0,0.0,0.0,0.0,0.0,0.0,0.0,0.0,0.0,0.0,0.0,0.0,0.0,0.0,0.0,0.0,0.0,0.0,0.0,0.0,0.0,0.0,0.0,0.0,0.0,0.0,0.0,0.0,0.0,0.0,0.0,0.0,0.0,0.0,0.0,0.0,0.0,0.0,0.0,0.0,0.0,0.084,0.0,0.0,0.0,0.0,0.0,0.0,0.0,0.0,0.0,0.0,0.0,0.0,0.0,0.0,0.0,0.0,0.0,0.0,0.0,0.0,0.0,0.0,0.0,0.0,0.0,0.0,0.0,0.0,0.0,0.0,0.0,0.0,0.0,0.0,0.0,0.0,0.0,0.0,0.0,0.0,0.0,0.0,0.0,0.0,0.0,0.0,0.0,0.0,0.0,0.0,0.0,0.0,0.0,0.0,0.0,0.0,0.0,0.0,0.0,0.0,0.0,0.0,0.0,0.0,0.0,0.0,0.0,0.0,0.0,0.0,0.0,0.0,0.0,0.0,0.0,0.0,0.0,0.0,0.0,0.0,0.0,0.0,0.0,0.0,0.0,0.0,0.0,0.0,0.0,0.0,0.0,0.0,0.0,0.0,0.0,0.0,0.0,0.0,0.0,0.0,0.0,0.0,0.0,0.0,0.0,0.0,0.0,0.0,0.0,0.0,0.0,0.0,0.0,0.0,0.0,0.0,0.0,0.0,0.0,0.0,0.0,0.0,0.0,0.0,0.0,0.0,0.0,0.0,0.0,0.0,0.0,0.0,0.0,0.0,0.0,0.0,0.0,0.0,0.0,0.0,0.0,0.0,0.0,0.0,0.0,0.0,0.0,0.0,0.0,0.0,0.0,0.0,0.0,0.0,0.0,0.0,0.0,0.0,0.0,0.0,0.0,0.0,0.0,0.0,0.0,0.0,0.0,0.0,0.0,0.0,0.0,0.0,0.0,0.0,0.0,0.0,0.0,0.0,0.0,0.0,0.0,0.0,0.0,0.0,0.0,0.0,0.0,0.0,0.0,0.0,0.0,0.0,0.0,0.0,0.0,0.0,0.0,0.0,0.0,0.0,0.0,0.0,0.0,0.0,0.0,0.0,0.0,0.0,0.0,0.0,0.0,0.0,0.0,0.0,0.0,0.0,0.0,0.0,0.0,0.0,0.0,0.0,0.0,0.0,0.0,0.0,0.0,0.0,0.0,0.0,0.0,0.0,0.0,0.0,0.0,0.0,0.0,0.0,0.0,0.0,0.0,0.0,0.0,0.0,0.0,0.0,0.0,0.0,0.0,0.0,0.0,0.0,0.0,0.0,0.0,0.0,0.0,0.0,0.0,0.0,0.0,0.0,0.0,0.0,0.0,0.0,0.0,0.0,0.0,0.0,0.0,0.0,0.0,0.0,0.0,0.0,0.0,0.0,0.0,0.0,0.0,0.0,0.0,0.0,0.0,0.0,0.0,0.0,0.0,0.0,0.0,0.0,0.0,0.0,0.0,0.0,0.0,0.0,0.0,0.0,0.0,0.0,0.0,0.0,0.0,0.0,0.0,0.0,0.0,0.0,0.0,0.0,0.0,0.0,0.0,0.0,0.0,0.0,0.0,0.0,0.0,0.0,0.0,0.0,0.0,0.0,0.0,0.0,0.0,0.0,0.0,0.0,0.0,0.0,0.0,0.0,0.0,0.0,0.0,0.0,0.0,0.0,0.0,0.0,0.0,0.0,0.0,0.0,0.0,0.0,0.0,0.0,0.0,0.0,0.0,0.0,0.0,0.0,0.0,0.0,0.0,0.0,0.0,0.0,0.0,0.0,0.0,0.0,0.0,0.0,0.0,0.0,0.0,0.0,0.0,0.0,0.0,0.0,0.0,0.0,0.0,0.0,0.0,0.0,0.0,0.0,0.0,0.0,0.0,0.0,0.0,0.0,0.0,0.0,0.0,0.0,0.0,0.0,0.0,0.0,0.0,0.0,0.0,0.0,0.0,0.0,0.0,0.0,0.0,0.0,0.0,0.0,0.0,0.0,0.0,0.0,0.0,0.0,0.0,0.0,0.0,0.0,0.0,0.0,0.0,0.0,0.0,0.0,0.0,0.0,0.0,0.0,0.0,0.0,0.0,0.0,0.0,0.0,0.0,0.0,0.0,0.0,0.0,0.0,0.0,0.0,0.0,0.0,0.0,0.0,0.0,0.0,0.0,0.0,0.0,0.0,0.0,0.0,0.0,0.0,0.0,0.0,0.0,0.0,0.0,0.0,0.0,0.0,0.0,0.0,0.0,0.0,0.0,0.0,0.0,0.0,0.0,0.0,0.0,0.0,0.0,0.0,0.0,0.0,0.0,0.0,0.0,0.0,0.0,0.0,0.0,0.0,0.0,0.0,0.0,0.0,0.0,0.0,0.0,0.0,0.0,0.0,0.0,0.0,0.0,0.0,0.0,0.0,0.0,0.0,0.0,0.0,0.0,0.0,0.0,0.0,0.0,0.0,0.0,0.0,0.0,0.0,0.0,0.0,0.0,0.0,0.0,0.0,0.0,0.0,0.0,0.0,0.0,0.0,0.0,0.0,0.0,0.0,0.0,0.0,0.0,0.0,0.0,0.0,0.0,0.0,0.0,0.0,0.0,0.0,0.0,0.0,0.0,0.0,0.0,0.0,0.0,0.0,0.0,0.0,0.0,0.0,0.0,0.0,0.0,0.0,0.0,0.0,0.0,0.0,0.0,0.0,0.0,0.0321,0.0,0.0,0.0,0.0,0.0,0.0,0.0,0.0,0.0,0.0,0.0,0.0,0.0,0.0,0.0,0.0,0.0,0.0,0.0,0.0,0.0,0.0,0.0,0.0,0.0,0.0,0.0,0.0,0.0,0.0,0.0,0.0,0.0,0.0,0.0,0.0,0.0,0.0,0.0,0.0,0.0,0.0,0.0,0.0,0.0,0.0,0.0,0.0,0.0,0.0,0.0,0.0,0.0,0.0,0.0,0.0,0.0,0.0,0.0,0.0,0.0,0.0,0.0,0.0,0.0,0.0,0.0,0.0,0.0,0.0,0.0,0.0,0.0,0.0,0.0,0.0,0.0,0.0,0.0,0.0,0.0,0.0,0.0,0.0,0.0,0.0,0.0,0.0,0.0,0.0,0.0,0.0,0.0,0.0,0.0,0.0,0.0,0.0,0.0,0.0,0.0,0.0,0.0,0.0,0.0,0.0,0.0,0.0,0.0,0.0,0.0,0.0,0.0,0.0,0.0,0.0,0.0,0.0218,0.0,0.0,0.0,0.0,0.0,0.0,0.0,0.0,0.0,0.0,0.0,0.0,0.0,0.0,0.0,0.0,0.0,0.0,0.0,0.0,0.0,0.0,0.0,0.0,0.0,0.0,0.0,0.0,0.0,0.0,0.0,0.1233,0.0,0.0,0.0,0.0,0.0,0.0,0.0,0.0,0.0,0.0,0.0,0.0,0.0,0.0,0.0,0.0,0.0,0.0,0.0,0.0,0.0,0.0,0.0,0.0,0.0,0.0,0.0,0.0,0.0,0.0,0.0,0.0,0.0,0.0,0.0,0.0,0.0,0.0,0.0,0.0,0.0,0.0,0.0,0.0,0.0,0.0,0.0,0.0,0.0,0.0,0.0,0.0,0.0,0.0,0.0,0.0,0.0,0.0,0.0,0.0,0.0
Short Entry on Wick Touch,0,0,1,int,"Enter if high touches upper band (0=false, 1=true) - OPTIMIZABLE",1,1,1,1,1,1,1,1,1,1,1,1,1,1,1,1,1,1,1,1,1,1,1,1,1,1,1,1,1,1,1,1,1,1,1,1,1,1,1,1,1,1,1,1,1,1,1,1,1,1,1,1,1,1,1,1,1,1,1,1,1,1,1,1,1,1,1,1,1,1,1,1,1,0,1,1,1,1,1,1,1,1,1,1,1,1,1,1,1,1,1,1,1,1,1,1,1,1,1,1,1,1,1,1,1,1,1,1,1,1,1,1,1,1,1,1,1,1,1,1,1,1,1,1,1,1,1,1,1,1,1,1,1,1,1,1,1,1,1,1,1,1,1,1,1,1,1,1,1,1,1,1,1,1,1,1,1,1,1,1,1,1,1,1,1,1,1,1,1,1,1,1,1,1,1,1,1,1,1,1,1,1,1,1,1,1,0,1,1,1,1,1,0,1,1,1,1,1,1,1,1,1,1,1,1,1,1,1,1,1,1,1,1,1,1,1,1,1,1,1,1,1,1,1,1,1,1,1,1,1,1,1,1,1,1,1,1,1,1,1,1,1,1,1,1,1,1,1,1,1,1,1,1,1,1,1,1,1,1,1,1,1,1,1,1,1,1,1,1,1,1,1,1,1,1,1,1,1,1,1,1,1,1,1,1,1,1,1,1,1,1,1,1,1,1,1,1,1,1,1,1,1,1,1,1,1,1,1,1,1,1,0,1,1,1,1,1,1,1,1,1,1,1,1,1,1,1,1,1,1,1,1,1,1,1,1,1,1,1,1,1,1,1,1,1,1,1,1,1,1,1,1,1,1,1,1,1,1,1,1,1,1,1,1,1,1,1,1,1,1,1,1,1,1,1,1,1,1,1,1,1,1,1,1,1,1,1,1,1,1,1,1,1,1,1,1,1,1,1,1,1,1,1,1,1,1,1,1,1,1,1,1,1,1,1,1,1,1,1,1,1,1,1,1,1,1,1,1,1,1,1,1,1,1,1,1,1,1,1,1,1,1,1,1,1,1,1,1,1,1,1,1,1,1,1,1,1,1,1,1,1,1,1,1,1,1,0,1,1,1,1,1,1,1,1,1,1,1,1,1,1,1,1,1,1,1,1,1,1,1,1,1,1,1,1,1,1,1,1,1,1,1,1,1,1,1,1,1,1,1,1,1,1,1,1,1,1,1,1,1,1,1,1,1,1,1,1,1,1,1,1,1,1,1,1,1,1,1,1,1,1,1,1,1,1,1,1,1,1,0,1,1,1,1,1,1,1,1,1,1,1,1,1,1,1,1,1,1,1,1,1,1,1,1,1,1,1,1,1,1,1,1,1,1,1,1,1,1,1,1,1,1,1,1,1,1,1,1,1,1,1,1,1,1,1,1,1,1,1,1,1,1,1,1,1,1,1,1,1,1,1,1,1,1,1,1,1,1,1,1,1,1,0,1,1,1,1,1,1,1,1,1,1,1,1,1,1,1,1,1,1,1,1,1,1,1,1,1,1,1,1,1,1,1,1,1,1,1,1,1,1,1,1,1,1,1,1,1,1,1,1,1,1,0,1,1,1,1,1,1,1,1,1,1,1,1,1,1,1,1,1,1,1,1,1,1,1,1,1,1,1,1,1,1,1,1,1,1,1,1,1,1,1,1,1,1,1,1,1,1,1,1,1,1,1,1,1,1,1,1,1,1,1,1,1,1,1,1,1,1,1,1,1,1,1,1,1,1,1,1,1,1,1,1,1,1,1,1,1,0,1,1,1,1,1,1,1,1,1,1,1,1,1,1,1,1,1,1,1,1,1,1,1,1,1,1,1,1,1,0,1,1,1,1,1,1,1,1,1,1,1,1,1,1,1,1,0,1,1,1,1,1,1,1,1,1,1,1,1,1,1,1,1,1,1,1,1,1,1,1,1,1,1,1,1,1,1,1,1,1,1,1,1,1,1,1,1,1,1,1,1,1,1,1,1,1,1,1,1,1,1,1,1,1,1,1,1,1,1,1,1,1,1,1,1,1,1,1,1,1,1,1,1,1,1,1,1,1,1,1,1,1,1,1,1,1,1,1,1,1,1,1,1,1,1,1,1,1,1,1,1,1,1,1,1,1,1,1,1,1,1,1,1,1,1,1,1,1,1,1,1,1,1,1,1,1,1,1,1,1,1,1,1,1,1,1,1,1,1,1,1,1,1,1,1,1,1,1,1,1,1,1,1,1,1,1,1,1,1,1,1,1,1,1,1,1,1,1,1,1,1,1,1,1,1,1,1,1,1,1,1,1,1,1,1,1,1,1,1,1,1,1,1,1,1,1,1,1,1,1,1,1,1,1,1,1,1,1,1,1,1,1,1,1,1,1,1,1,1,1,1,1,1,1,0,1,1,1,1,1,1,1,1
Short Entry on Body in Zone,1,0,1,int,"Enter if close ≥ upper band (0=false, 1=true) - OPTIMIZABLE",1,1,1,1,1,1,1,1,1,1,1,1,1,1,1,1,1,1,1,1,1,1,1,1,1,1,1,1,1,1,1,1,1,1,1,1,1,1,1,1,1,1,1,1,1,1,1,1,1,1,1,1,1,1,1,1,1,1,1,1,1,1,1,1,1,1,1,1,0,1,1,1,1,1,1,1,0,0,1,1,1,1,1,1,1,1,1,1,1,1,1,1,1,1,0,1,1,1,1,1,1,1,1,1,1,1,1,1,0,0,0,1,1,1,1,1,1,1,1,1,1,1,1,1,1,1,1,1,1,1,1,1,1,1,1,1,1,1,1,1,1,1,1,1,1,1,1,1,1,1,1,1,1,1,1,1,1,1,1,1,1,1,1,1,0,1,1,1,1,1,1,1,1,0,1,1,1,1,1,1,0,1,1,1,1,0,1,1,1,0,1,0,1,0,1,1,1,1,1,1,1,1,1,1,1,0,1,1,1,1,1,1,1,0,1,1,1,1,1,1,1,1,0,1,1,1,1,1,1,1,0,1,1,1,1,1,1,1,1,1,1,1,0,1,1,1,1,1,1,1,1,1,1,1,1,0,1,1,1,1,1,1,1,1,0,1,1,1,1,0,1,0,1,1,1,1,1,1,1,1,1,1,1,1,1,1,1,1,0,1,1,1,1,1,1,0,1,1,1,1,1,1,1,1,1,0,0,1,1,0,1,1,1,1,1,1,1,1,1,1,1,0,1,1,0,0,0,1,0,1,1,1,1,1,1,1,1,1,1,1,1,1,1,1,1,0,1,1,1,1,1,1,1,1,1,0,0,1,0,1,1,1,1,1,1,0,1,1,0,1,1,1,0,1,1,0,1,1,1,1,1,1,1,1,1,1,1,1,1,1,1,0,0,1,1,1,0,1,0,1,1,1,1,1,0,1,1,0,1,1,1,1,1,0,0,1,1,1,1,1,1,1,1,1,1,1,1,1,1,1,1,1,1,1,1,1,1,1,0,1,1,1,1,1,0,1,0,1,1,1,1,1,0,1,1,1,1,1,1,1,1,1,1,0,1,1,1,1,1,1,1,1,1,1,0,0,1,1,1,1,1,1,1,1,1,1,1,1,1,1,1,1,1,1,1,1,1,1,1,1,1,1,1,1,1,1,1,1,1,1,1,1,1,1,1,1,1,1,1,1,0,1,1,1,1,1,1,1,1,0,1,1,1,1,1,1,1,1,1,1,1,0,1,1,1,1,1,1,1,1,1,1,1,1,0,1,1,1,1,1,0,1,1,1,1,1,1,1,1,1,1,1,1,1,1,1,1,1,1,1,1,1,1,1,1,1,1,1,1,1,0,1,1,1,1,1,1,1,1,1,1,1,1,1,1,1,0,1,1,1,1,1,1,1,1,1,1,1,0,1,1,1,1,1,1,1,1,1,1,1,1,1,1,1,1,0,1,1,0,1,1,0,1,1,1,1,1,1,0,1,1,1,1,1,1,1,1,1,1,1,1,1,1,1,1,1,1,1,1,1,1,1,1,1,1,1,1,1,1,1,1,1,1,0,1,1,1,1,1,1,1,0,1,1,1,1,1,1,0,1,1,1,1,1,1,1,1,1,1,1,1,1,1,0,1,1,1,1,1,1,0,1,0,1,1,1,1,1,1,1,1,1,1,1,1,1,1,1,1,1,1,1,1,1,1,1,1,1,1,1,1,1,1,1,1,1,1,1,1,1,1,1,1,1,1,1,1,1,1,1,1,1,1,1,1,1,1,1,1,1,0,1,1,0,1,1,1,1,1,1,1,1,1,1,1,1,1,1,1,1,1,1,1,1,1,1,1,0,1,1,1,1,1,1,0,1,0,1,1,1,1,1,1,1,1,1,1,1,1,1,1,1,1,1,1,1,0,1,0,1,1,1,1,1,1,1,1,1,1,1,1,1,1,1,1,1,1,1,1,1,1,1,1,1,1,1,0,1,1,1,1,1,1,1,1,1,1,1,1,1,1,1,1,1,1,1,1,1,1,1,1,1,1,1,1,1,1,1,1,1,1,1,1,1,1,1,1,1,1,1,1,1,1,1,1,1,1,1,1,1,1,1,1,1,1,1,1,1,1,1,1,1,1,1,1,1,1,0,1,0,1,0,1,1,1,1,1,1,1,1,1,1,1,1,0,1,1,0,1,1,1,1,1,1,1,1,1,1,1,1,1,1,1,1,0,1,1,1,1,1,1,1,0,1,1,1,1,1,1,1,1,1,1,1,1,1,1,1,1,1,1,1,1,1,1,1,1,0,1,0,1,1,1,1,1,1,1,1,1,1,1,1,1,1,1,1,1,1,1,1,1,1,1,1,1,1,1,1,1,1,1,1,1,1,1,1,1,1,1,1,1,1,1
Short Trigger (% From Upper Band),0.5,0,2.0,float,% above upper band to trigger (min 0.5% to avoid band extremes),0.5725,0.0,0.0,0.0,0.0,0.0,0.0,0.0,0.0,0.8323,0.8323,1.1242,0.6362,0.6691,0.7355,0.2332,0.8649,0.8649,0.0,0.2012,1.1018,0.1924,0.4321,0.4321,1.2085,0.8631,0.9877,1.6642,0.9877,0.3857,0.9877,1.0168,0.1969,0.4641,1.6296,0.4641,0.5072,0.8631,0.5007,0.1142,0.1407,0.3449,0.4818,0.4101,0.1969,0.1407,0.1665,2.0,0.9041,1.1985,1.1985,1.1985,1.7639,1.4262,0.4641,1.024,0.9174,1.069,0.8269,0.0136,1.1782,1.2752,1.8337,0.925,0.925,1.4018,0.0998,1.1944,1.1166,0.666,0.2336,1.1985,1.4313,0.2827,0.9666,1.0168,1.6309,1.6309,0.3471,0.9749,0.7494,0.8658,0.7001,0.3166,1.6566,1.2309,0.0043,0.3166,0.2816,1.3976,0.9749,0.3471,0.7021,0.713,1.6309,0.8269,1.1465,0.9823,0.713,0.708,0.0,0.3131,1.0078,1.2321,1.1953,0.9749,0.9749,1.4432,1.1754,0.6312,0.6058,1.1409,0.6884,1.0072,1.3963,0.8969,0.7338,0.5487,1.2768,0.3173,0.3173,1.5779,0.9672,0.4135,0.9411,0.9749,0.9749,1.2107,0.9719,0.3662,1.0072,0.8724,0.9666,0.7001,0.8649,1.3989,0.4135,1.058,0.1769,1.8793,0.9749,0.2986,0.7001,0.9612,0.1434,0.1769,0.8648,0.4633,1.4633,1.1148,0.1886,0.0,0.9591,0.5327,1.0506,1.2571,1.0506,0.6884,0.5834,1.2571,0.5938,1.0247,1.0942,0.0,0.0,0.9929,0.6884,0.9513,0.864,0.9666,0.9458,1.1531,1.0506,1.0925,1.006,0.577,0.8683,0.5329,0.5327,1.1622,0.0,1.1783,0.8419,0.8419,1.3094,0.4215,1.2571,0.2754,1.2571,1.6716,0.7748,0.941,1.2571,1.347,0.5342,0.2646,0.6507,1.497,1.061,0.9113,0.0,0.5233,0.7199,1.0717,1.0506,0.0664,1.1409,0.9816,0.6338,0.8046,0.7219,0.7219,2.0,0.6121,0.8588,0.7336,0.9491,0.8588,0.6275,0.661,0.4135,1.3483,0.8638,0.7558,1.5641,0.7821,0.8479,0.8818,0.0459,2.0,0.5313,0.1641,0.5834,0.0,0.9279,1.4784,0.9279,0.2419,1.6625,0.1774,1.1592,0.9279,0.1223,0.9589,0.9279,0.9077,1.2577,0.3471,0.6032,2.0,0.8424,1.4881,0.0,0.0,0.0,0.9512,1.7356,0.1042,0.8979,0.9279,0.3809,0.9279,1.945,0.7199,0.5939,1.1508,1.1653,0.1226,0.8928,0.8329,1.19,0.9432,0.1491,0.3471,1.3655,0.3195,0.3809,0.6125,1.1633,1.1708,0.1766,0.3809,0.3809,1.1601,0.9776,0.7356,0.7928,0.1491,0.5979,0.0459,0.6157,1.02,1.0579,0.6998,1.2249,0.8206,0.9713,0.4094,0.7196,0.6795,1.1713,1.9266,0.3809,0.8649,0.3809,0.614,0.614,1.2528,0.6157,0.0261,0.9161,1.3842,2.0,0.7113,0.6336,0.9526,1.6288,2.0,1.9266,0.743,0.6871,0.0,0.7096,0.7096,0.7578,1.0127,1.0127,0.0,0.0,1.3127,0.411,0.0,0.7576,0.1491,0.0971,0.1529,0.9518,0.3,1.2612,0.0,0.5764,1.7046,2.0,0.6942,0.6157,1.397,2.0,0.5834,0.7882,0.7786,1.0344,1.0627,1.2168,0.5795,0.0832,0.4629,0.0,1.1487,0.6967,1.0233,0.3472,1.2731,0.314,0.8056,0.6998,1.4788,0.7057,0.8803,0.0,0.3565,0.28,0.5921,0.5043,0.208,1.1529,0.5977,0.7153,1.0731,0.1125,0.9627,1.421,1.5081,0.3405,0.1683,0.0,1.1523,0.6658,0.7191,1.4662,0.6753,0.6753,0.5977,0.5977,1.4578,0.6031,0.9264,0.0,0.8699,0.6142,0.8342,0.5334,0.0,0.8012,0.9526,0.0,1.737,1.0627,0.0,0.0,1.4146,0.6356,0.7845,0.5997,0.9652,0.6152,0.2884,1.3144,1.1178,0.1394,0.5448,1.4146,0.7181,0.8684,0.6678,1.3916,1.0407,0.0,0.5654,0.0,0.8053,1.5081,1.3581,1.066,0.2033,1.1287,0.5544,1.3295,0.0777,0.3647,2.0,1.3581,0.9666,0.6165,0.0,0.6718,0.6608,0.764,2.0,0.5255,1.3748,1.958,0.778,0.5155,0.7271,1.555,0.2598,0.0,1.2239,0.7046,1.1205,1.3748,0.683,0.3988,0.4391,0.3632,0.8926,1.2444,0.933,0.5654,0.9666,0.0,0.6619,2.0,0.6619,0.2575,0.5363,0.9666,0.1215,0.6518,0.4459,0.3988,0.7848,0.6202,0.0425,2.0,0.6838,1.4385,0.4619,0.0,0.1806,0.0,1.8815,1.8815,0.8949,0.4833,0.5748,0.9466,0.9749,0.581,0.1621,0.7219,0.1479,0.6568,0.0,1.3357,0.5537,0.4933,1.9309,0.0772,0.0,0.5943,1.2661,1.3443,0.9335,0.559,1.1328,0.0,0.6793,1.6164,0.7972,1.0586,0.767,0.8031,0.8094,0.7555,0.2102,0.6771,0.2039,0.0,0.5117,0.2836,0.9047,0.8719,0.6619,0.0339,0.9924,0.3448,0.1886,0.0,0.4722,0.3878,0.8486,1.0686,0.0,0.13,1.8105,0.6808,0.9666,1.8815,1.8284,0.1944,0.2769,1.3549,1.958,1.0346,1.958,0.3381,0.6552,0.8819,0.2823,0.4835,0.1062,1.7309,0.5337,0.4951,1.0084,0.6359,0.4213,2.0,0.8426,1.2759,1.077,0.6619,0.6715,1.9402,1.2204,0.1973,0.5186,0.4576,1.918,0.4576,0.4666,1.0805,0.4576,1.1763,0.1655,1.7789,0.4043,0.3941,1.0259,0.8486,0.8103,0.93,0.1103,0.767,0.942,0.4021,0.7835,0.5576,1.6194,0.4576,0.7576,0.6594,0.7576,0.4154,1.0994,0.9813,1.0592,0.0,0.2624,0.4719,0.936,0.7222,0.5033,1.0135,0.9279,1.2252,0.0,0.3793,1.1206,0.0,0.0,0.3341,0.0,0.7022,0.3279,0.3845,0.2756,2.0,0.3279,0.8187,1.3535,0.3257,0.0928,1.1232,0.312,0.7699,1.4461,1.0584,1.087,1.2309,0.8764,0.7699,0.7699,0.6409,1.1048,0.0,1.1632,0.6425,1.7475,0.3622,0.8738,0.0,0.9666,0.6271,0.9088,0.0,1.2428,1.5354,0.5121,1.3379,0.6909,0.9179,0.509,0.4471,0.8042,0.7006,0.8214,1.5601,0.4399,0.0,1.2428,0.0125,0.3702,0.2941,1.9342,0.7724,0.1037,1.2428,0.8725,2.0,0.1758,0.2597,0.8915,0.224,1.1158,0.4399,0.4399,0.7753,0.6861,1.1242,0.5894,0.629,0.9631,0.9526,1.5726,1.2145,1.2145,0.1663,0.9168,0.8408,1.7975,1.2168,0.9876,0.3906,1.8074,0.1983,0.9782,0.4281,1.358,0.2392,1.3123,0.3871,0.337,1.3402,0.7509,1.444,0.3871,1.0799,1.0379,0.7096,0.5087,0.8018,1.0799,0.7707,1.5583,0.448,1.4466,0.5087,1.1742,0.6137,0.369,0.4004,0.204,2.0,1.133,0.0,0.4004,1.0286,0.8466,0.6011,0.0,0.7406,1.3558,0.421,0.5613,0.7145,2.0,0.2126,0.6727,0.4763,0.0,1.1091,0.0,1.0534,0.6542,0.0,0.9589,0.6796,0.0,0.7362,0.3373,0.3672,1.0669,0.6029,0.0,1.2246,1.1706,0.76,0.8357,0.415,1.2806,0.0,0.9177,1.2826,0.3672,0.0,0.369,0.0,0.1077,0.4821,0.0,0.7645,0.2111,0.7735,0.0,0.6176,0.7634,0.7868,0.8819,0.3848,0.7634,1.3081,1.2611,1.5132,0.672,0.3179,0.4826,0.8375,0.7532,0.2898,0.815,0.787,0.7238,0.9144,0.0011,0.6171,1.5608,1.2731,0.4414,0.8819,0.4667,0.0,1.5245,0.7001,0.7182,0.9147,0.7706,0.557,0.8819,0.598,0.7706,0.8818,0.6271,0.7431,0.194,0.9056,0.7963,0.0,0.2387,1.0182,0.0,0.5928,0.0,0.0988,0.7046,0.0,0.7929,0.8715,0.6955,0.7324,1.0168,0.6325,0.6246,0.9283,0.8617,0.0,1.11,0.7868,0.7297,1.0833,1.2974,1.2434,0.659,0.1148,1.2611,1.2357,1.2022,1.1056,1.1056,1.2611,0.3008,0.6817,0.0,1.0172,0.1642,0.5,0.0,0.2506,0.2597,1.1642,1.0384,0.9835,1.2685,0.2685,0.1531,0.229,0.4804,0.595,0.8324,0.229,0.8453,0.4149,0.2685,1.2413,1.0068,0.4395,0.2781,0.1247,1.3123,0.4363,0.1215,1.2835,0.2408,0.7587,0.204,0.7343,1.0882,0.9372,0.2115,0.454,1.0791,0.6227,0.0708,0.2213,1.4894,1.4812,0.6316,0.9986,0.9659,0.0708,0.3886,0.0,0.9441,0.7011,0.6892,0.7812,0.8933,0.9167,0.7763,0.0425,0.0003,0.7302,0.7662,1.2102,0.8153,0.396,0.4535,0.7318,1.3276,0.8334,0.5278,0.0,0.0,0.1495,0.9414,0.0781,0.8958,0.9946,0.3097,0.0226,0.4677,0.0,0.8584,0.7035,1.2505,0.9816,0.0,0.4214,0.0,2.0,1.2505,1.2505,0.0,1.2657,0.5221,0.114,0.4448,0.8976,0.0806,0.6871,0.0,0.716,0.5941,0.5091,0.9506,1.1185,0.9488,0.0,0.4444,1.0791,1.2378,0.7332,0.0,0.9957,0.0,0.6165,0.0,1.1169,0.0,0.2081,1.4964,0.5241,0.0226,0.553,0.0,0.5934,0.8208,0.8208,0.6935,0.9219,0.0,0.6601,0.6601,0.502,0.0,0.0,0.0,0.0,0.0,0.0,0.0,0.0,0.0,0.0,0.0,0.0,0.6015,1.1301,0.1998,0.9382,0.0,0.3835,0.0,0.7339,0.0806,0.3203,0.0,0.178,0.0,0.0,0.6865,0.3203,0.0806,0.0182,0.0,0.3056,0.5357,0.3203,0.1655,0.0,0.0863,0.0863,0.0,0.1216,0.0,0.0098,0.6452,0.0,0.0,0.0,0.1226,0.1226,0.0,0.2358,0.0,0.0,0.0,0.0,0.0,0.0,0.0,0.0
ATR Length for Filter,26,10,100,int,ATR period for entry filter (separate from trailing stop ATR),64,76,76,76,76,76,76,76,76,70,70,64,62,62,62,63,62,62,76,64,60,62,65,65,61,64,70,62,70,64,70,69,66,66,62,66,64,64,58,65,64,64,61,61,66,64,66,62,59,92,92,92,62,62,66,92,66,91,61,64,68,61,10,61,61,93,75,60,70,61,70,92,59,68,68,69,69,69,61,58,65,65,64,65,75,64,66,65,72,63,58,61,68,69,68,61,61,58,69,69,61,56,65,61,66,58,58,61,73,71,69,68,71,61,76,55,64,69,61,68,68,61,68,61,61,58,58,61,54,58,61,55,68,64,92,61,61,68,70,62,58,70,64,61,64,70,65,61,61,59,63,21,74,69,68,68,68,71,74,68,60,62,65,70,77,72,71,62,69,67,10,62,68,71,68,59,73,69,69,68,77,69,67,67,73,69,68,50,68,70,70,64,68,70,61,69,74,58,70,72,59,68,70,66,68,61,68,69,56,61,67,67,61,75,66,73,68,66,66,72,61,67,75,61,61,71,72,76,54,28,68,70,74,69,68,41,68,99,58,55,53,68,69,55,68,68,67,61,73,62,72,82,58,58,58,71,64,55,68,68,54,68,67,70,69,68,72,63,56,56,73,69,54,61,62,71,54,66,10,72,58,54,54,63,57,68,71,54,68,54,40,75,60,71,72,68,69,70,71,66,68,66,54,73,54,54,54,69,40,71,70,68,71,63,71,73,69,68,66,34,74,60,67,67,70,70,70,69,57,63,70,50,66,54,55,54,70,53,68,75,65,58,67,68,40,75,58,74,70,42,71,80,67,62,77,83,61,58,62,60,30,68,59,63,71,78,64,64,67,40,38,60,56,65,60,68,66,60,54,10,53,62,60,58,75,66,71,67,56,71,71,68,68,69,46,76,66,53,74,71,65,74,54,73,67,65,80,75,68,68,55,78,65,12,71,55,69,74,65,52,68,73,73,74,47,34,68,68,53,59,62,72,54,71,68,66,75,60,65,70,72,12,79,68,71,10,70,70,67,52,39,59,64,61,73,75,69,56,69,62,52,64,56,73,55,55,73,70,73,12,64,62,62,62,31,70,12,63,36,48,55,74,70,51,51,68,71,29,32,37,75,39,39,58,61,60,60,58,52,65,73,44,75,52,72,28,59,58,70,55,65,75,64,57,57,73,69,54,37,65,61,64,64,57,69,94,73,19,55,73,22,64,58,62,71,37,67,63,61,69,70,31,74,67,60,68,55,12,39,74,60,60,64,39,55,39,77,68,55,15,67,37,45,73,26,64,60,60,39,69,71,71,62,60,39,74,65,69,35,62,35,74,69,35,71,65,45,34,85,64,31,58,56,63,64,69,38,71,65,10,35,59,73,72,35,61,68,64,71,36,62,61,58,73,36,67,54,54,47,59,66,56,54,66,70,67,63,68,40,67,28,72,55,100,64,97,65,46,67,58,68,10,65,65,68,34,63,63,70,52,70,66,70,68,75,66,54,68,77,31,66,66,65,47,58,71,62,59,53,71,66,68,66,53,65,69,73,50,68,61,68,55,52,48,68,51,71,71,73,73,73,33,71,64,73,67,69,69,57,55,69,61,67,68,63,60,62,71,37,70,49,73,66,69,77,52,37,66,72,61,81,62,50,72,55,32,62,45,62,61,72,68,52,66,68,63,71,52,59,61,59,52,29,62,68,36,64,68,66,66,58,67,68,100,32,68,55,60,72,71,69,72,72,64,68,67,49,66,63,73,75,91,100,65,64,72,68,68,51,38,69,68,61,67,57,51,68,40,72,69,100,40,68,77,74,66,60,52,58,10,85,61,80,69,59,90,65,62,62,57,69,48,57,61,42,32,73,75,51,69,65,75,33,75,63,44,71,41,60,53,52,72,73,84,35,69,72,72,48,71,46,58,60,61,74,53,86,58,72,68,53,69,67,65,59,77,77,57,64,64,77,56,64,53,56,67,52,70,75,52,40,67,57,54,66,55,55,67,62,72,55,63,62,66,71,61,21,64,61,73,51,73,50,52,73,66,71,66,61,61,70,50,65,49,49,61,61,61,61,69,49,63,71,41,59,66,61,54,28,43,67,23,62,34,72,60,47,51,59,46,61,68,66,10,78,14,75,56,61,70,55,64,55,55,52,62,61,62,29,71,59,62,62,67,63,61,67,70,71,74,44,59,61,71,73,44,63,61,60,31,50,46,57,73,59,46,48,17,51,71,52,34,76,55,50,83,21,48,48,57,69,52,71,71,83,47,49,43,23,39,46,61,43,39,43,43,42,100,90,65,46,51,59,51,70,74,74,49,45,77,49,61,74,74,63,49,58,77,74,46,54,56,56,63,71,49,56,57,57,42,44,63,63,63,65,63,63,63,53,56,57,40,74
Max ATR Filter (Points),4.0,0.5,6.0,float,Maximum ATR value to allow entries for mean reversion (ATR <= max). Low ATR = exhausted move ready to reverse (good). High ATR = strong momentum (bad for mean reversion). Range 1.0-6.0 points,2.7955,3.9199,3.9199,3.8355,3.8355,3.9199,3.9199,3.9199,3.8355,4.331,4.331,4.2324,3.185,3.9332,3.9548,4.5784,3.9757,3.9757,3.8355,3.1881,3.9615,2.4245,2.9943,2.9943,4.1227,4.2324,4.0485,3.6726,4.331,3.4619,4.1633,3.4571,2.8627,2.78,3.6726,3.0606,4.2928,4.2928,4.1499,3.1556,4.523,4.523,4.0728,3.8136,3.0928,4.5585,3.2421,3.6253,3.7609,4.5314,4.5314,4.3625,4.0291,4.0439,3.4312,4.3742,3.2129,3.3685,3.8336,3.1006,3.4409,3.9446,4.2945,4.0807,4.0807,4.475,4.9911,4.1301,4.0806,3.981,3.9582,4.5314,4.1414,4.1663,4.1935,4.0076,4.2544,4.2544,4.0952,4.0458,4.1924,4.1924,4.1672,2.9998,3.4795,3.3331,2.8676,3.1448,4.3483,3.6852,4.0458,3.9332,4.1628,4.2002,4.2544,3.9332,3.63,4.0175,4.2002,4.2002,4.0084,3.7822,4.2298,4.0456,4.1211,4.0458,4.0458,4.0858,3.8051,3.9286,4.0245,4.0998,3.7424,4.0837,4.182,3.8627,4.1088,3.4931,4.0175,4.1651,4.1651,4.4169,3.8652,3.9548,4.0808,4.0458,4.0458,4.1034,3.5195,4.2322,4.0837,4.1256,4.1935,4.3195,4.4204,4.0854,3.9548,3.8549,2.9249,3.8648,4.0458,4.1611,4.3195,4.0804,4.3195,3.2216,3.9766,4.1193,4.0854,4.2014,4.315,4.1625,4.0817,3.6169,3.9552,3.9552,3.805,3.7424,4.1513,4.0998,4.2168,4.1392,3.636,3.1645,3.3195,4.1965,3.7424,4.1392,4.204,4.1935,3.5349,4.2507,3.9552,3.9412,4.227,4.213,4.1222,3.0277,3.4517,4.0923,3.3305,3.8975,4.1566,4.1566,3.9609,4.0758,4.167,4.298,4.1473,3.9502,4.4446,2.8387,4.0271,4.1345,3.7154,3.104,4.0449,4.0504,3.7205,3.2181,4.6138,4.2498,4.2875,3.9193,3.9552,4.3234,4.0998,4.2301,4.1446,4.1977,4.106,4.106,4.0546,4.069,3.2346,4.079,4.0829,3.2524,4.1457,3.7992,3.9548,4.0273,3.7891,4.0837,4.0128,4.1138,4.1561,4.0617,4.4063,3.5881,4.3562,3.9765,4.1297,4.1199,4.0829,4.2969,4.0829,4.3821,4.2241,4.049,3.0577,4.0829,4.0758,3.9015,3.9839,4.1761,4.1069,3.9332,4.153,3.6253,4.3433,3.8131,4.0653,4.0653,4.0653,3.8753,4.1002,4.049,4.1981,4.124,3.8935,4.124,3.7651,4.3478,4.1423,4.0623,4.1239,4.5784,4.1238,3.9289,4.4875,4.2661,4.0372,3.9332,4.1199,4.1292,4.0372,4.0648,4.2553,4.1377,3.389,4.0372,4.0372,4.031,3.8365,4.3184,3.9997,4.0372,4.2047,4.4063,4.1746,4.2146,4.0964,3.9592,4.2135,4.1593,4.0926,3.9828,4.4802,4.1634,4.0926,3.2124,4.0372,4.4201,4.2647,3.8826,3.8826,4.1105,4.089,3.6255,3.7069,4.2868,4.0452,4.3381,3.7799,4.1192,4.2234,3.958,3.1443,4.3098,4.1297,4.0315,4.1538,4.1538,4.0411,4.0411,4.0411,3.7304,3.8238,3.6842,3.8152,4.118,4.0648,4.0372,4.0351,4.1517,4.1966,4.3498,4.0829,3.5515,4.1489,4.1319,3.909,4.1709,4.0474,4.2449,4.2401,4.1297,3.7069,4.0054,4.1941,3.8984,4.3254,3.6995,3.961,4.6138,4.3234,4.2226,4.0653,4.0673,4.2769,4.0219,4.0435,4.2605,3.9592,5.0342,3.6681,3.946,4.3152,3.9814,3.7761,4.1098,3.9398,2.7018,4.0093,4.155,4.1349,4.0473,3.9069,4.0311,4.2286,4.3705,3.4743,4.2451,3.5515,3.7266,4.1821,3.8329,4.3835,4.071,4.071,4.131,4.131,4.0522,3.997,4.2569,4.2816,4.04,3.9869,4.1092,4.312,3.2852,4.412,4.1192,4.3152,3.7717,3.8984,4.0971,4.0939,4.2777,4.2966,4.2875,4.0085,4.3673,4.0524,4.049,4.0814,4.0641,4.2746,3.9925,4.2777,4.2112,3.7904,4.1267,3.4955,4.1777,4.179,4.285,4.1974,4.1216,4.3705,4.2663,4.1442,3.7772,4.0228,4.2221,3.999,4.1545,4.0712,3.8921,4.1343,4.3649,4.3104,3.8116,3.3799,4.1724,4.0443,3.8921,4.1196,4.5642,3.8786,3.8744,3.639,3.9342,3.8649,4.1794,4.1879,4.3835,4.7277,4.0864,4.5642,4.1721,4.071,4.1359,4.0617,4.1454,4.0325,3.8588,3.9472,4.5638,3.8124,4.2983,3.6253,4.2983,3.6046,3.7143,4.5638,3.9178,4.6982,4.0077,4.071,4.0851,3.8936,4.3907,3.8849,4.2178,4.0394,4.2059,4.3079,4.1686,3.3114,3.6583,3.6583,4.0255,3.8524,3.9768,4.1169,4.0458,4.0569,4.069,3.9027,4.2784,4.077,4.3208,4.0326,4.1061,4.0454,4.0691,4.1004,4.2013,4.5441,3.7792,4.1146,4.0615,4.2619,3.9225,3.4582,4.0584,4.094,4.3359,4.3976,3.9354,4.1742,4.259,4.0884,4.2823,4.0265,4.6613,4.0814,4.1639,3.3496,3.6681,4.0347,4.2289,4.0723,3.9501,4.2777,3.6239,4.5889,3.9635,3.601,3.4379,4.2233,4.4575,4.0783,3.7944,4.1532,4.3649,3.6583,4.0674,4.053,2.9695,4.1529,3.8786,3.531,3.8786,4.3076,4.4225,4.8714,3.3811,3.9765,4.4917,3.4126,3.7246,3.3525,4.3646,4.6296,4.6296,3.8786,4.1112,3.8949,4.0975,4.2983,3.7343,3.6583,4.0395,3.7353,4.3024,4.3635,4.0484,4.3635,4.0346,3.9326,4.3635,3.9398,4.0271,4.322,4.5303,4.2638,4.0828,3.4379,4.1097,3.7886,4.1764,4.0962,4.1057,3.9558,4.1194,3.699,4.3879,4.3635,3.8092,4.1871,4.2649,4.3635,3.4711,3.5407,2.5288,3.7393,3.8688,3.3307,3.5142,3.8885,3.1215,4.1003,4.124,4.2953,3.9333,4.1247,4.1483,3.7685,4.2979,3.6259,3.8405,3.601,3.6654,4.0969,4.2372,4.0709,3.6654,3.7411,3.6581,4.5364,4.1893,4.3507,4.4919,3.2635,4.0163,3.8736,4.0036,4.2525,4.2722,3.2635,3.2635,4.3096,4.1841,4.1486,4.0163,4.4163,4.3056,5.284,2.8674,3.7512,4.4141,4.1268,3.9178,3.3538,4.2525,4.7733,4.056,4.1039,4.5321,4.6572,4.7617,4.3466,3.731,4.085,3.6065,4.3056,4.242,4.2382,4.2525,3.9712,4.0915,4.1607,3.9216,4.0878,3.7648,4.5769,4.1894,3.5396,3.9413,3.637,3.8273,3.8878,4.2579,4.242,4.242,4.0434,4.0278,4.6633,4.0366,4.242,4.0443,4.1192,3.7892,3.7387,3.7387,4.2784,3.9217,4.296,4.0473,3.8705,4.1757,3.0602,4.2044,2.8581,4.3335,6.0,3.9717,3.1379,4.0047,3.6179,4.103,4.0395,4.0821,6.0,3.3037,3.7293,3.8486,4.6996,3.4983,3.7233,3.9615,4.0178,6.0,4.1449,4.2698,3.4983,3.9989,4.2156,4.5879,4.2206,4.391,4.1626,3.9499,5.2301,4.3524,4.3462,3.6792,4.1196,4.0859,3.8231,3.4459,4.5879,4.3286,4.1012,3.972,4.1963,4.1593,3.8351,4.496,3.9884,4.1685,6.0,4.5879,3.3756,4.3185,4.3257,3.7574,4.0803,4.0871,3.94,4.1831,4.5879,4.0184,4.2128,3.6275,4.1224,4.0241,4.1288,4.2299,4.1685,3.7941,3.962,3.94,3.4006,4.5879,4.4953,3.8238,4.1735,4.6128,4.5635,3.8927,3.9922,4.332,3.8121,4.0828,4.0871,3.7057,4.3465,4.0828,3.9332,4.0887,4.6397,4.2498,4.3574,4.2624,4.5993,4.4706,3.9665,3.7293,3.9758,3.5259,3.2546,4.2557,3.5371,4.0602,4.2711,4.3171,3.7057,4.1618,4.2689,4.5518,4.0811,3.398,3.9303,4.0913,4.2196,3.7057,4.2046,4.1218,4.533,4.1268,4.1785,3.8762,3.9084,4.2259,3.7671,4.5737,4.0422,4.449,3.9447,4.3474,4.1094,4.7277,4.5326,4.0772,4.2808,4.1511,4.0316,4.3894,4.1019,3.7293,4.2191,4.2349,5.9404,3.8054,4.0871,4.0858,3.3632,3.9851,4.0437,4.3936,4.5342,4.0887,4.0887,4.1475,5.3255,5.3255,4.0887,4.6149,4.6849,4.7572,4.2279,3.4632,3.158,4.1641,3.9756,3.637,3.9567,3.9122,3.917,3.5394,4.3536,3.5898,3.6278,4.3427,4.1622,4.0598,3.6278,4.1927,4.0772,4.3536,4.1764,3.3255,3.7459,5.2011,4.5424,4.0047,4.0421,4.3867,4.2644,3.827,3.7185,4.1272,4.1764,3.8959,3.59,3.912,4.3764,3.6838,3.5594,3.1621,3.8161,3.4079,3.5067,3.5389,3.7527,4.2592,3.017,3.6462,4.3876,3.6615,5.4384,3.8221,3.3136,4.0146,4.8361,5.2819,4.2621,4.0726,3.9627,3.6064,4.0791,3.6442,4.2419,4.2793,4.5683,4.0834,3.4425,4.1202,4.0879,4.3691,4.1895,3.9896,4.1218,4.3389,3.5385,4.0211,4.4268,3.8399,4.4268,4.5345,4.085,3.9302,3.5197,4.0891,4.1007,4.1367,4.0366,3.9302,3.9302,4.4623,4.1854,5.3861,4.349,4.1978,4.0483,5.0317,5.2485,3.3035,3.4861,4.0693,4.1992,3.385,4.3905,3.386,4.178,4.2617,3.6838,3.956,4.6074,3.9276,4.3222,3.9637,4.149,4.8563,4.2635,4.7142,3.9966,4.2178,5.749,4.4268,3.908,5.5277,4.0717,4.3841,4.3841,4.0443,3.8328,3.783,4.1319,4.1319,3.6254,4.4404,4.2162,4.3203,4.2824,4.6162,4.5648,4.3448,4.3203,4.6162,4.4103,4.4103,4.4103,4.0023,4.3179,4.5287,3.9562,4.4158,4.3194,4.6233,4.3896,5.0317,5.0317,4.2444,4.2754,3.8491,4.26,3.8625,5.0317,5.0317,4.5327,4.2162,4.4147,4.2932,4.6994,4.3938,4.1803,4.1919,4.1919,4.4877,4.5982,4.0341,4.2332,4.0712,4.3232,4.2999,4.1284,4.5784,4.5784,4.5784,4.5644,4.4877,4.4877,4.6021,4.1818,4.2088,4.1694,4.3894,4.5396
Min ATR Filter (Points),0.5,0.5,1.0,float,Minimum ATR floor (optional) to ensure stops aren't too tight. Default 0.5 points. ATR must be >= this AND <= Max ATR Filter,0.8876,0.9393,0.9393,0.6854,0.6952,1.0,1.0,1.0,0.9152,1.0,1.0,0.6438,0.9443,0.7893,0.9424,0.9574,0.99,0.99,0.5698,0.8851,0.5,0.9989,0.872,0.872,0.7165,0.6438,1.0,0.9351,1.0,0.7575,1.0,0.7281,0.7665,0.873,0.9351,1.0,0.7428,0.6438,0.6154,0.9401,0.7596,0.7978,0.6805,0.9301,0.7665,0.7596,0.9786,0.9637,0.7335,0.8375,0.5867,0.5867,0.7705,0.7131,0.873,0.631,0.8279,0.8322,0.6411,0.6576,0.9049,0.6811,0.8873,0.7096,0.7096,0.8627,0.9731,0.7548,1.0,1.0,0.6124,0.8375,0.989,0.9259,0.8597,0.7281,1.0,1.0,0.7821,0.7888,0.9391,0.9391,0.9458,0.8336,0.6954,0.9919,0.7428,0.8875,1.0,0.9577,0.9355,0.7821,0.5575,0.5748,1.0,0.6411,0.7271,0.9233,0.5748,0.5748,0.6577,0.9057,0.717,1.0,1.0,1.0,1.0,1.0,0.5175,0.5591,0.5683,0.5,0.8327,0.7595,0.5164,0.98,0.9863,0.6727,0.8351,1.0,1.0,1.0,0.9165,0.9352,1.0,0.7888,0.7888,1.0,1.0,1.0,0.7595,0.98,0.8597,0.9458,0.6444,1.0,0.9352,0.9145,0.7386,0.9716,0.7888,0.6304,0.9458,1.0,0.9458,0.7386,0.989,0.8734,1.0,0.8916,0.8484,0.8199,1.0,1.0,1.0,1.0,1.0,0.8899,1.0,1.0,0.9772,1.0,0.6604,0.8337,0.6238,0.5913,0.8333,1.0,0.5019,0.8597,0.8578,0.5,1.0,0.54,0.5781,0.9843,0.9558,0.5771,0.9972,1.0,0.6193,0.5717,0.8322,0.8322,0.552,0.6532,0.9349,0.5,0.9349,0.8522,0.8385,0.5,0.9349,0.7493,0.9272,0.6204,1.0,1.0,1.0,0.8415,0.9734,1.0,1.0,1.0,1.0,0.9501,0.5208,1.0,0.9883,0.9615,0.5,0.5,0.9848,0.978,1.0,0.5,0.692,1.0,0.9843,0.9969,0.998,0.9688,0.6972,0.7664,1.0,1.0,0.8934,0.9078,0.7742,0.6529,0.9629,0.8965,1.0,1.0,0.6996,1.0,0.692,0.6815,0.6932,1.0,0.9933,0.6996,0.6532,1.0,0.6314,0.564,0.9357,0.7821,0.95,0.9637,0.9564,0.5742,1.0,1.0,1.0,0.5,0.91,1.0,0.5163,0.6314,0.9101,0.5579,0.6546,0.9394,0.9578,0.5,0.8697,0.9574,0.6709,1.0,0.7385,0.6054,0.9912,0.7821,0.9859,1.0,0.9101,0.8105,1.0,1.0,0.912,0.9101,0.9101,0.9442,1.0,0.6965,0.8544,0.9101,0.6719,0.7742,0.9578,0.6785,0.798,0.8032,0.9647,0.6554,0.7923,0.6018,0.7855,1.0,0.5048,0.8842,0.9101,1.0,0.6351,1.0,1.0,0.6762,0.9578,0.9448,1.0,0.7489,1.0,0.9785,0.7948,0.9304,1.0,0.5,0.6776,0.7602,0.8446,1.0,1.0,1.0,0.9429,0.9429,0.9429,1.0,1.0,1.0,1.0,0.555,0.6158,0.9912,0.8825,0.6946,0.5,0.9077,0.692,0.7405,0.9713,0.9638,0.9259,1.0,0.9578,0.5,0.8726,1.0,1.0,0.6976,0.9074,0.9561,1.0,0.9278,0.7254,0.6964,0.8718,0.9251,0.7481,0.7505,0.8144,0.5,0.5369,0.8334,0.8032,0.8651,0.9497,0.7003,0.9493,0.8292,0.9795,0.6266,0.7284,0.9333,0.7346,0.7049,1.0,0.6344,1.0,1.0,0.7393,0.7778,0.8578,0.9608,0.7405,1.0,1.0,0.8011,1.0,0.6688,0.6688,0.7049,0.7049,0.9775,0.8504,1.0,0.6011,0.9551,0.5,1.0,1.0,0.6314,0.7084,0.7114,0.9493,0.6605,0.8453,0.9464,1.0,0.9217,1.0,0.9375,0.5139,0.8977,0.9131,1.0,0.7697,0.8298,1.0,0.5965,1.0,0.5092,0.7752,0.9746,1.0,0.7752,1.0,0.5,0.7209,0.9193,0.7778,0.9098,0.9882,0.9594,0.9153,1.0,1.0,0.5,0.9273,0.686,0.9098,0.9558,0.9813,1.0,0.6297,0.9411,0.9356,0.5823,0.7683,0.6765,0.6796,1.0,0.8118,0.9549,0.729,0.6847,0.7681,0.7664,0.8828,0.6123,0.6765,0.725,0.9021,0.9245,0.9824,1.0,0.9662,0.5714,0.6578,0.9558,0.5,0.6803,1.0,0.6803,0.7805,0.9656,0.9558,0.6115,0.8742,0.7604,0.9021,1.0,0.7636,0.7114,0.5,0.7108,0.6676,1.0,0.6763,0.9395,0.7511,0.6639,0.6639,0.7181,0.763,0.6152,0.9283,0.7888,0.7955,1.0,0.5719,0.9317,0.8777,0.8721,1.0,0.7391,0.9291,1.0,0.8274,0.5602,0.9211,0.5303,0.5881,0.579,0.5,0.8261,0.813,0.6411,0.9671,0.8684,0.9876,0.7462,0.8937,0.8123,0.5944,0.8345,0.5063,0.734,0.6556,0.5,0.766,0.5,0.9061,0.8464,0.8039,0.7905,0.9508,0.8484,0.5387,0.9277,0.6736,0.8144,0.6608,1.0,0.9233,1.0,0.7974,0.6137,0.6639,0.684,1.0,0.8603,0.9277,0.686,0.9944,0.6796,0.8697,0.7354,0.9064,0.5845,0.6289,0.6042,0.7671,0.9987,0.7167,0.5721,0.9641,0.9641,0.6796,0.5377,0.9908,0.9625,0.6803,0.723,0.6639,1.0,0.8553,1.0,1.0,0.9551,1.0,0.9809,0.5979,1.0,0.7636,0.5,0.8934,0.8467,0.551,0.758,0.8144,0.9661,0.6422,0.6163,0.7462,0.7352,0.9164,0.6869,0.7163,0.9343,1.0,0.6457,1.0,0.5,0.9539,0.6269,0.6416,0.6098,0.9228,0.62,0.7537,0.9971,0.5022,0.7888,0.995,0.6314,0.7385,0.5,0.7519,0.5401,0.5,0.6091,0.733,0.5,0.6736,0.6286,0.5954,1.0,0.6417,0.5744,0.8289,0.9169,0.9079,0.8236,1.0,0.902,0.9094,1.0,0.7891,0.9404,0.5568,0.5,0.7884,0.7884,0.5,0.5354,0.719,0.9852,0.7105,1.0,0.7076,0.6973,0.8967,0.5206,0.55,0.5,1.0,0.5568,0.7023,0.5656,0.7943,0.8636,1.0,1.0,0.9458,0.6743,0.8701,0.5446,0.5404,0.5,0.7288,0.5568,0.9627,0.7328,0.6634,0.7705,0.7206,0.8185,0.5568,0.8318,0.8373,0.8122,0.735,0.7895,1.0,0.6319,0.5056,0.5056,1.0,1.0,1.0,0.7077,0.5,0.7892,0.9304,0.7411,1.0,1.0,0.8566,1.0,0.5905,0.6679,1.0,0.6374,0.7681,0.7341,0.9474,0.8974,0.9922,0.9276,0.5864,1.0,0.7745,0.935,0.5,1.0,1.0,0.7745,1.0,1.0,0.5,0.8023,1.0,1.0,0.6029,0.8439,0.6642,1.0,0.8023,0.7982,0.5301,0.7455,1.0,0.5,1.0,0.8624,0.966,1.0,0.8519,0.7312,0.5,1.0,0.6326,0.6987,0.7455,0.8526,0.7612,0.6248,0.5,0.6964,0.894,0.9579,0.771,0.5453,0.7108,0.7455,0.5484,0.8172,0.7576,0.8004,0.7406,0.7191,0.9736,0.6869,0.7455,0.5,0.5338,1.0,0.7741,1.0,0.7858,0.5607,0.5228,0.6459,1.0,0.9122,0.8362,0.7455,0.6832,0.9203,0.6906,0.7133,0.7049,0.7765,0.8568,0.6921,0.6656,0.6981,0.7191,0.5,0.7407,0.6981,0.8331,0.9987,0.6653,0.7913,0.8839,0.8057,0.9921,0.5214,0.6751,0.7706,0.9241,0.7249,0.665,0.689,0.5,0.5658,0.9439,0.915,0.6812,0.9844,0.8433,0.8008,0.9202,0.7287,0.8644,0.8836,0.8215,0.6812,0.8648,0.8836,0.8754,0.55,0.717,0.9432,0.7884,0.8897,0.9921,0.6979,0.851,0.759,0.949,0.8789,0.5465,0.8828,0.9774,0.7299,0.6865,1.0,0.5,0.8077,0.8567,0.7706,1.0,0.9052,0.5,0.9384,0.7191,0.5319,0.5,1.0,0.7946,0.7424,0.7102,0.6922,0.6922,0.6316,0.7686,0.7686,0.6922,0.9588,0.7627,0.8971,0.8454,0.7673,0.9652,0.5894,0.6568,0.735,0.6264,0.9201,1.0,0.977,0.7432,0.5259,0.5331,0.5888,0.853,0.5,0.5331,0.732,0.9367,0.5,0.5381,0.9743,0.7908,0.7627,0.9909,1.0,0.9426,0.5018,0.5091,0.5,0.5836,0.5,0.5,0.5745,0.9653,0.5,0.8494,0.5,0.8915,0.9418,0.5,0.9589,0.9541,0.9823,0.9743,0.9504,0.9418,0.6269,0.6914,0.86,0.6971,0.6694,0.9127,0.9377,0.7236,1.0,0.9953,0.7289,0.9542,0.9397,1.0,0.7727,0.9903,0.6287,0.8758,0.9859,0.9891,0.9975,0.5942,0.6638,0.8018,0.7997,0.8836,0.9852,0.9698,1.0,0.9864,0.5507,0.9864,1.0,0.646,1.0,0.9743,1.0,0.6073,0.7878,0.6045,1.0,1.0,0.9834,0.5,0.5,1.0,0.5838,0.9276,0.9688,0.9071,0.5748,0.9743,0.9839,0.9268,0.8805,0.9175,0.9743,0.8898,0.7239,0.5,0.5865,0.8352,0.9103,0.5763,0.5,0.5,0.9763,0.7081,0.7099,0.8341,0.5389,0.9532,0.9864,0.7393,1.0,0.5,0.5,0.5,0.6591,0.7877,0.5117,0.9823,0.9823,1.0,1.0,1.0,0.9191,0.9216,1.0,1.0,0.997,0.9191,1.0,0.9191,0.9191,0.9191,0.7936,0.7366,0.9557,1.0,1.0,1.0,1.0,0.9883,1.0,1.0,0.5452,0.9841,0.7677,0.7233,0.9769,0.9688,0.9688,1.0,0.7233,1.0,0.9829,0.9688,1.0,0.6066,1.0,1.0,1.0,1.0,0.728,1.0,0.957,0.9871,1.0,1.0,0.9574,0.9574,0.9574,0.9114,0.6705,0.6705,0.6154,0.6065,0.5602,0.5271,0.5011,0.5
RTH Start (HH:MM),09:30,09:30,09:30,str,Regular trading hours start (Eastern Time),,,,,,,,,,,,,,,,,,,,,,,,,,,,,,,,,,,,,,,,,,,,,,,,,,,,,,,,,,,,,,,,,,,,,,,,,,,,,,,,,,,,,,,,,,,,,,,,,,,,,,,,,,,,,,,,,,,,,,,,,,,,,,,,,,,,,,,,,,,,,,,,,,,,,,,,,,,,,,,,,,,,,,,,,,,,,,,,,,,,,,,,,,,,,,,,,,,,,,,,,,,,,,,,,,,,,,,,,,,,,,,,,,,,,,,,,,,,,,,,,,,,,,,,,,,,,,,,,,,,,,,,,,,,,,,,,,,,,,,,,,,,,,,,,,,,,,,,,,,,,,,,,,,,,,,,,,,,,,,,,,,,,,,,,,,,,,,,,,,,,,,,,,,,,,,,,,,,,,,,,,,,,,,,,,,,,,,,,,,,,,,,,,,,,,,,,,,,,,,,,,,,,,,,,,,,,,,,,,,,,,,,,,,,,,,,,,,,,,,,,,,,,,,,,,,,,,,,,,,,,,,,,,,,,,,,,,,,,,,,,,,,,,,,,,,,,,,,,,,,,,,,,,,,,,,,,,,,,,,,,,,,,,,,,,,,,,,,,,,,,,,,,,,,,,,,,,,,,,,,,,,,,,,,,,,,,,,,,,,,,,,,,,,,,,,,,,,,,,,,,,,,,,,,,,,,,,,,,,,,,,,,,,,,,,,,,,,,,,,,,,,,,,,,,,,,,,,,,,,,,,,,,,,,,,,,,,,,,,,,,,,,,,,,,,,,,,,,,,,,,,,,,,,,,,,,,,,,,,,,,,,,,,,,,,,,,,,,,,,,,,,,,,,,,,,,,,,,,,,,,,,,,,,,,,,,,,,,,,,,,,,,,,,,,,,,,,,,,,,,,,,,,,,,,,,,,,,,,,,,,,,,,,,,,,,,,,,,,,,,,,,,,,,,,,,,,,,,,,,,,,,,,,,,,,,,,,,,,,,,,,,,,,,,,,,,,,,,,,,,,,,,,,,,,,,,,,,,,,,,,,,,,,,,,,,,,,,,,,,,,,,,,,,,,,,,,,,,,,,,,,,,,,,,,,,,,,,,,,,,,,,,,,,,,,,,,,,,,,,,,,,,,,,,,,,,,,,,,,,,,,,,,,,,,,,,,,,,,,,,,,,,,,,,,,,,,
RTH End (HH:MM),16:00,16:00,16:00,str,Regular trading hours end (Eastern Time),,,,,,,,,,,,,,,,,,,,,,,,,,,,,,,,,,,,,,,,,,,,,,,,,,,,,,,,,,,,,,,,,,,,,,,,,,,,,,,,,,,,,,,,,,,,,,,,,,,,,,,,,,,,,,,,,,,,,,,,,,,,,,,,,,,,,,,,,,,,,,,,,,,,,,,,,,,,,,,,,,,,,,,,,,,,,,,,,,,,,,,,,,,,,,,,,,,,,,,,,,,,,,,,,,,,,,,,,,,,,,,,,,,,,,,,,,,,,,,,,,,,,,,,,,,,,,,,,,,,,,,,,,,,,,,,,,,,,,,,,,,,,,,,,,,,,,,,,,,,,,,,,,,,,,,,,,,,,,,,,,,,,,,,,,,,,,,,,,,,,,,,,,,,,,,,,,,,,,,,,,,,,,,,,,,,,,,,,,,,,,,,,,,,,,,,,,,,,,,,,,,,,,,,,,,,,,,,,,,,,,,,,,,,,,,,,,,,,,,,,,,,,,,,,,,,,,,,,,,,,,,,,,,,,,,,,,,,,,,,,,,,,,,,,,,,,,,,,,,,,,,,,,,,,,,,,,,,,,,,,,,,,,,,,,,,,,,,,,,,,,,,,,,,,,,,,,,,,,,,,,,,,,,,,,,,,,,,,,,,,,,,,,,,,,,,,,,,,,,,,,,,,,,,,,,,,,,,,,,,,,,,,,,,,,,,,,,,,,,,,,,,,,,,,,,,,,,,,,,,,,,,,,,,,,,,,,,,,,,,,,,,,,,,,,,,,,,,,,,,,,,,,,,,,,,,,,,,,,,,,,,,,,,,,,,,,,,,,,,,,,,,,,,,,,,,,,,,,,,,,,,,,,,,,,,,,,,,,,,,,,,,,,,,,,,,,,,,,,,,,,,,,,,,,,,,,,,,,,,,,,,,,,,,,,,,,,,,,,,,,,,,,,,,,,,,,,,,,,,,,,,,,,,,,,,,,,,,,,,,,,,,,,,,,,,,,,,,,,,,,,,,,,,,,,,,,,,,,,,,,,,,,,,,,,,,,,,,,,,,,,,,,,,,,,,,,,,,,,,,,,,,,,,,,,,,,,,,,,,,,,,,,,,,,,,,,,,,,,,,,,,,,,,,,,,,,,,,,,,,,,,,,,,,,,,,,,,,,,,,,,,,,,,,,,,,,
Enable RTH Filter,1,0,1,int,"Restrict entries to RTH only (0=false, 1=true) - OPTIMIZABLE",0,0,0,0,0,0,0,0,0,0,0,0,0,0,0,0,0,0,0,0,0,0,0,0,0,0,0,0,0,0,0,0,0,0,0,0,0,0,0,0,0,0,0,0,0,0,0,0,0,0,0,0,0,0,0,0,0,0,0,0,0,0,0,0,0,0,0,0,0,0,0,0,0,0,0,0,0,0,0,0,0,0,0,0,0,0,0,0,0,0,0,0,0,0,0,0,0,0,0,0,0,0,0,0,0,0,0,0,0,0,0,0,0,0,0,0,0,0,0,0,0,0,0,0,0,0,0,0,0,0,0,0,0,0,0,0,0,0,0,0,0,0,0,0,0,0,0,0,0,0,0,0,0,0,0,0,0,0,0,0,0,0,0,0,0,0,0,0,0,0,0,0,0,0,0,0,0,0,0,0,0,0,0,0,0,0,0,0,0,0,0,0,0,0,0,0,0,0,0,0,0,0,0,0,0,0,0,0,0,0,0,0,0,0,0,0,0,0,0,0,0,0,0,0,0,0,0,0,0,0,0,0,0,0,0,0,0,0,0,0,0,0,0,0,0,0,0,0,0,0,0,0,0,0,0,0,0,0,0,0,0,0,0,0,0,0,0,0,0,0,0,0,0,0,0,0,0,0,0,0,0,0,0,0,0,0,0,0,0,0,0,0,0,0,0,0,0,0,0,0,0,0,0,0,0,0,0,0,0,0,0,0,0,0,0,0,0,0,0,0,0,0,0,0,0,0,0,0,0,0,0,0,0,0,0,0,0,0,0,0,0,0,0,0,0,0,0,0,0,0,0,0,0,0,0,0,0,0,0,0,0,0,0,0,0,0,0,0,0,0,0,0,0,0,0,0,0,0,0,0,0,0,0,0,0,0,0,0,0,0,0,0,0,0,0,0,0,0,0,0,0,0,0,0,0,0,0,0,0,0,0,0,0,0,0,0,0,0,0,0,0,0,0,0,0,0,0,0,0,0,0,0,0,0,0,0,0,0,0,0,0,0,0,0,0,0,0,0,0,0,0,0,0,0,0,0,0,0,0,0,0,0,0,0,0,0,0,0,0,0,0,0,0,0,0,0,0,0,0,0,0,0,0,0,0,0,0,0,0,0,0,0,0,0,0,0,0,0,0,0,0,0,0,0,0,0,0,0,0,0,0,0,0,0,0,0,0,0,0,0,0,0,0,0,0,0,0,0,0,0,0,0,0,0,0,0,0,0,0,0,0,0,0,0,0,0,0,0,0,0,0,0,0,0,0,0,0,0,0,0,0,0,0,0,0,0,0,0,0,0,0,0,0,0,0,0,0,0,0,0,0,0,0,0,0,0,0,0,0,0,0,0,0,0,0,0,0,0,0,0,0,0,0,0,0,0,0,0,0,0,0,0,0,0,0,0,0,0,0,0,0,0,0,0,0,0,0,0,0,0,0,0,0,0,0,0,0,0,0,0,0,0,0,0,0,0,0,0,0,0,0,0,0,0,0,0,0,0,0,0,0,0,0,0,0,0,0,0,0,0,0,0,0,0,0,0,0,0,0,0,0,0,0,0,0,0,0,0,0,0,0,0,0,0,0,0,0,0,0,0,0,0,0,0,0,0,0,0,0,0,0,0,0,0,0,0,0,0,0,1,0,0,0,0,0,0,0,0,0,0,0,0,0,0,0,0,0,0,0,0,0,0,0,0,0,0,0,0,0,0,0,0,0,0,0,0,0,0,0,0,0,0,0,0,0,0,0,0,0,0,0,0,0,0,0,0,0,0,0,0,0,0,0,0,0,0,0,0,0,0,0,0,0,0,0,0,0,0,0,0,0,0,0,0,0,0,0,0,0,0,0,0,0,0,0,0,0,0,0,0,0,0,0,0,0,0,0,0,0,0,0,0,0,0,0,0,0,0,0,0,0,0,0,0,0,0,0,0,0,0,0,0,0,0,0,0,0,0,0,0,0,0,0,0,0,0,0,0,0,0,0,0,0,0,0,0,0,0,0,0,0,0,0,0,0,0,0,0,0,0,0,0,0,0,0,0,0,0,0,0,0,0,0,0,0,0,0,0,0,0,0,0,0,0,0,0,0,0,0,0,0,0,0,0,0,0,0,0,0,0,0,0,0,0,0,0,0,0,0,0,0,0,0,0,0,0,0,0,0,0,0,0,0,0,0,0,0,0,0,0,0,0,0,0,0,0,0,0,0,0,0,0,0,1,0,0,0,0,0,0,0,0,0,0,0,0,0,0,0,0,0,0,0,0,0,0,0,0,0,0,0,0,0,0,0,0,0,0,0,0,0,0,0,0,0,0,0,0,0,0,0,0,0,0,0,0,0,0,0,0,0,0,0,0,0,0,0,0,0,0,0,0,0,0,0,0,0,0,0,0,0,0,0
RTH Exit Buffer (minutes),0,0,60,int,Minutes before RTH end to start closing positions (0 = no auto-close),10,44,44,44,44,44,44,44,44,21,21,29,7,12,11,11,10,10,44,14,24,13,21,21,14,29,21,8,21,25,21,27,26,24,8,24,29,29,19,9,7,7,30,10,26,7,25,11,17,36,36,36,12,8,24,36,41,43,10,10,22,19,38,19,19,16,11,13,7,9,19,36,11,16,7,27,13,13,10,11,16,16,16,19,15,15,9,19,16,7,11,10,0,11,13,10,8,6,11,11,22,10,12,12,16,11,11,12,7,10,19,12,0,12,37,12,30,5,10,17,17,12,28,9,12,11,11,12,32,21,12,12,7,16,28,12,9,0,40,10,11,39,16,12,16,40,27,3,12,35,20,4,10,5,12,12,12,0,0,12,19,15,35,33,34,16,0,15,18,7,35,25,12,5,7,18,6,12,5,12,22,27,18,18,11,13,12,15,12,36,12,13,12,16,10,12,1,11,16,17,26,14,23,15,12,19,12,24,21,16,19,19,12,17,26,27,8,26,17,12,9,12,17,12,17,33,26,18,16,14,22,21,0,20,8,10,8,41,11,21,17,8,13,31,8,12,19,10,15,11,18,28,9,9,9,15,6,21,12,8,19,8,10,23,23,12,9,11,21,20,31,60,19,10,15,14,19,28,23,0,25,19,19,32,18,16,0,19,19,16,15,15,21,12,9,10,15,19,0,17,20,15,19,12,19,20,20,20,15,20,4,33,17,19,8,11,15,18,15,11,0,13,18,18,14,14,14,17,24,16,13,14,28,19,9,13,17,3,8,12,24,14,36,13,15,0,9,0,4,21,27,3,29,10,48,12,19,6,43,17,11,12,28,19,12,22,0,30,15,38,18,17,13,15,12,24,16,12,24,13,25,32,22,19,12,11,24,8,18,14,14,24,24,12,40,12,10,10,14,20,16,25,19,11,15,25,3,28,14,3,40,13,13,24,10,21,27,30,5,4,3,15,12,5,47,39,17,24,15,10,32,23,20,16,28,11,17,15,40,34,22,39,12,21,11,27,17,34,10,26,27,47,10,14,33,50,8,18,12,24,26,14,39,10,17,32,27,22,19,39,40,14,11,14,55,4,39,10,12,0,39,26,14,14,17,17,13,20,8,10,16,14,14,13,10,39,5,11,13,29,6,15,23,34,27,38,22,24,15,12,18,3,28,18,1,13,0,14,37,13,25,16,18,34,20,39,12,57,24,13,37,0,12,14,11,12,14,20,16,19,17,41,12,16,43,11,40,39,14,10,20,18,12,27,30,27,24,15,56,41,22,43,16,0,34,16,34,34,27,17,45,12,14,11,14,44,2,0,13,12,14,34,7,13,31,15,15,15,10,12,41,10,60,27,16,31,39,19,12,21,13,15,5,9,14,0,14,19,14,20,16,20,56,18,25,8,58,18,7,37,33,14,9,33,17,26,22,0,55,26,32,17,17,47,8,9,36,29,0,52,7,43,36,36,24,42,21,16,15,0,9,27,41,7,14,25,0,7,48,5,17,15,9,12,18,22,18,2,0,42,18,7,10,29,10,18,20,19,7,3,20,23,41,16,18,43,42,42,5,5,14,22,42,6,11,7,16,16,19,20,19,12,29,30,11,18,8,38,16,47,50,31,21,12,20,6,27,21,0,25,18,2,20,0,23,17,0,13,2,11,13,19,8,15,1,34,0,8,8,11,13,32,49,32,19,20,18,28,16,13,11,2,20,42,17,19,11,12,12,0,8,20,10,15,19,15,15,16,12,12,16,18,42,6,34,10,15,19,14,47,8,19,14,8,9,12,15,14,20,37,35,14,13,18,29,5,13,36,13,12,27,1,0,11,30,12,11,36,8,7,37,53,42,19,30,55,38,10,26,37,6,10,36,14,22,14,35,0,13,7,28,23,27,39,43,12,10,5,6,23,41,11,13,1,7,11,3,17,20,19,36,32,9,15,14,18,18,7,13,13,18,20,55,11,11,0,16,17,9,41,6,10,4,0,15,50,41,31,11,1,41,14,9,15,37,31,60,55,17,31,12,16,46,41,35,15,37,24,31,52,21,41,19,45,39,31,31,31,31,14,45,3,22,0,25,14,29,11,43,37,18,35,22,3,16,18,12,23,11,27,31,41,37,0,31,4,10,10,31,12,24,16,24,8,40,31,31,11,9,20,17,31,31,10,0,12,10,8,12,11,8,16,31,16,11,37,7,31,11,39,41,18,16,20,13,31,14,19,6,14,6,17,54,24,15,38,27,58,58,27,36,33,16,16,60,11,36,12,9,19,36,22,12,19,12,12,12,60,54,31,11,12,17,12,21,11,11,36,12,46,36,31,11,11,16,36,16,33,11,39,26,19,19,16,6,48,18,5,13,33,28,11,11,11,13,16,16,10,21,19,21,23,21
Enable Maintenance Filter,true,false,true,bool,Exit positions before maintenance periods,,,,,,,,,,,,,,,,,,,,,,,,,,,,,,,,,,,,,,,,,,,,,,,,,,,,,,,,,,,,,,,,,,,,,,,,,,,,,,,,,,,,,,,,,,,,,,,,,,,,,,,,,,,,,,,,,,,,,,,,,,,,,,,,,,,,,,,,,,,,,,,,,,,,,,,,,,,,,,,,,,,,,,,,,,,,,,,,,,,,,,,,,,,,,,,,,,,,,,,,,,,,,,,,,,,,,,,,,,,,,,,,,,,,,,,,,,,,,,,,,,,,,,,,,,,,,,,,,,,,,,,,,,,,,,,,,,,,,,,,,,,,,,,,,,,,,,,,,,,,,,,,,,,,,,,,,,,,,,,,,,,,,,,,,,,,,,,,,,,,,,,,,,,,,,,,,,,,,,,,,,,,,,,,,,,,,,,,,,,,,,,,,,,,,,,,,,,,,,,,,,,,,,,,,,,,,,,,,,,,,,,,,,,,,,,,,,,,,,,,,,,,,,,,,,,,,,,,,,,,,,,,,,,,,,,,,,,,,,,,,,,,,,,,,,,,,,,,,,,,,,,,,,,,,,,,,,,,,,,,,,,,,,,,,,,,,,,,,,,,,,,,,,,,,,,,,,,,,,,,,,,,,,,,,,,,,,,,,,,,,,,,,,,,,,,,,,,,,,,,,,,,,,,,,,,,,,,,,,,,,,,,,,,,,,,,,,,,,,,,,,,,,,,,,,,,,,,,,,,,,,,,,,,,,,,,,,,,,,,,,,,,,,,,,,,,,,,,,,,,,,,,,,,,,,,,,,,,,,,,,,,,,,,,,,,,,,,,,,,,,,,,,,,,,,,,,,,,,,,,,,,,,,,,,,,,,,,,,,,,,,,,,,,,,,,,,,,,,,,,,,,,,,,,,,,,,,,,,,,,,,,,,,,,,,,,,,,,,,,,,,,,,,,,,,,,,,,,,,,,,,,,,,,,,,,,,,,,,,,,,,,,,,,,,,,,,,,,,,,,,,,,,,,,,,,,,,,,,,,,,,,,,,,,,,,,,,,,,,,,,,,,,,,,,,,,,,,,,,,,,,,,,,,,,,,,,,,,,,,,,,,,,,,,,,,,,,,,,,,,,,,,,,,,,,,,,,,,,,,,,,,,,,,,,,,,,,,,,,,,,,,,,,,,,,,,,
Daily Maintenance Start (HH:MM),17:00,17:00,17:00,str,Daily maintenance period start in Eastern Time (ES: 4:00 PM CT = 5:00 PM ET),,,,,,,,,,,,,,,,,,,,,,,,,,,,,,,,,,,,,,,,,,,,,,,,,,,,,,,,,,,,,,,,,,,,,,,,,,,,,,,,,,,,,,,,,,,,,,,,,,,,,,,,,,,,,,,,,,,,,,,,,,,,,,,,,,,,,,,,,,,,,,,,,,,,,,,,,,,,,,,,,,,,,,,,,,,,,,,,,,,,,,,,,,,,,,,,,,,,,,,,,,,,,,,,,,,,,,,,,,,,,,,,,,,,,,,,,,,,,,,,,,,,,,,,,,,,,,,,,,,,,,,,,,,,,,,,,,,,,,,,,,,,,,,,,,,,,,,,,,,,,,,,,,,,,,,,,,,,,,,,,,,,,,,,,,,,,,,,,,,,,,,,,,,,,,,,,,,,,,,,,,,,,,,,,,,,,,,,,,,,,,,,,,,,,,,,,,,,,,,,,,,,,,,,,,,,,,,,,,,,,,,,,,,,,,,,,,,,,,,,,,,,,,,,,,,,,,,,,,,,,,,,,,,,,,,,,,,,,,,,,,,,,,,,,,,,,,,,,,,,,,,,,,,,,,,,,,,,,,,,,,,,,,,,,,,,,,,,,,,,,,,,,,,,,,,,,,,,,,,,,,,,,,,,,,,,,,,,,,,,,,,,,,,,,,,,,,,,,,,,,,,,,,,,,,,,,,,,,,,,,,,,,,,,,,,,,,,,,,,,,,,,,,,,,,,,,,,,,,,,,,,,,,,,,,,,,,,,,,,,,,,,,,,,,,,,,,,,,,,,,,,,,,,,,,,,,,,,,,,,,,,,,,,,,,,,,,,,,,,,,,,,,,,,,,,,,,,,,,,,,,,,,,,,,,,,,,,,,,,,,,,,,,,,,,,,,,,,,,,,,,,,,,,,,,,,,,,,,,,,,,,,,,,,,,,,,,,,,,,,,,,,,,,,,,,,,,,,,,,,,,,,,,,,,,,,,,,,,,,,,,,,,,,,,,,,,,,,,,,,,,,,,,,,,,,,,,,,,,,,,,,,,,,,,,,,,,,,,,,,,,,,,,,,,,,,,,,,,,,,,,,,,,,,,,,,,,,,,,,,,,,,,,,,,,,,,,,,,,,,,,,,,,,,,,,,,,,,,,,,,,,,,,,,,,,,,,,,,,,,,,,,,,,,,,,,,
Daily Maintenance End (HH:MM),17:30,17:30,17:30,str,Daily maintenance period end in Eastern Time (ES: 4:30 PM CT = 5:30 PM ET),,,,,,,,,,,,,,,,,,,,,,,,,,,,,,,,,,,,,,,,,,,,,,,,,,,,,,,,,,,,,,,,,,,,,,,,,,,,,,,,,,,,,,,,,,,,,,,,,,,,,,,,,,,,,,,,,,,,,,,,,,,,,,,,,,,,,,,,,,,,,,,,,,,,,,,,,,,,,,,,,,,,,,,,,,,,,,,,,,,,,,,,,,,,,,,,,,,,,,,,,,,,,,,,,,,,,,,,,,,,,,,,,,,,,,,,,,,,,,,,,,,,,,,,,,,,,,,,,,,,,,,,,,,,,,,,,,,,,,,,,,,,,,,,,,,,,,,,,,,,,,,,,,,,,,,,,,,,,,,,,,,,,,,,,,,,,,,,,,,,,,,,,,,,,,,,,,,,,,,,,,,,,,,,,,,,,,,,,,,,,,,,,,,,,,,,,,,,,,,,,,,,,,,,,,,,,,,,,,,,,,,,,,,,,,,,,,,,,,,,,,,,,,,,,,,,,,,,,,,,,,,,,,,,,,,,,,,,,,,,,,,,,,,,,,,,,,,,,,,,,,,,,,,,,,,,,,,,,,,,,,,,,,,,,,,,,,,,,,,,,,,,,,,,,,,,,,,,,,,,,,,,,,,,,,,,,,,,,,,,,,,,,,,,,,,,,,,,,,,,,,,,,,,,,,,,,,,,,,,,,,,,,,,,,,,,,,,,,,,,,,,,,,,,,,,,,,,,,,,,,,,,,,,,,,,,,,,,,,,,,,,,,,,,,,,,,,,,,,,,,,,,,,,,,,,,,,,,,,,,,,,,,,,,,,,,,,,,,,,,,,,,,,,,,,,,,,,,,,,,,,,,,,,,,,,,,,,,,,,,,,,,,,,,,,,,,,,,,,,,,,,,,,,,,,,,,,,,,,,,,,,,,,,,,,,,,,,,,,,,,,,,,,,,,,,,,,,,,,,,,,,,,,,,,,,,,,,,,,,,,,,,,,,,,,,,,,,,,,,,,,,,,,,,,,,,,,,,,,,,,,,,,,,,,,,,,,,,,,,,,,,,,,,,,,,,,,,,,,,,,,,,,,,,,,,,,,,,,,,,,,,,,,,,,,,,,,,,,,,,,,,,,,,,,,,,,,,,,,,,,,,,,,,,,,,,,,,,,,,,,,,,,,,,,,,,,
Weekend Maintenance Start Day,4,4,4,int,"Weekend maintenance start day (0=Monday, 1=Tuesday, 2=Wednesday, 3=Thursday, 4=Friday, 5=Saturday, 6=Sunday). For ES futures: 4 (Friday)",,,,,,,,,,,,,,,,,,,,,,,,,,,,,,,,,,,,,,,,,,,,,,,,,,,,,,,,,,,,,,,,,,,,,,,,,,,,,,,,,,,,,,,,,,,,,,,,,,,,,,,,,,,,,,,,,,,,,,,,,,,,,,,,,,,,,,,,,,,,,,,,,,,,,,,,,,,,,,,,,,,,,,,,,,,,,,,,,,,,,,,,,,,,,,,,,,,,,,,,,,,,,,,,,,,,,,,,,,,,,,,,,,,,,,,,,,,,,,,,,,,,,,,,,,,,,,,,,,,,,,,,,,,,,,,,,,,,,,,,,,,,,,,,,,,,,,,,,,,,,,,,,,,,,,,,,,,,,,,,,,,,,,,,,,,,,,,,,,,,,,,,,,,,,,,,,,,,,,,,,,,,,,,,,,,,,,,,,,,,,,,,,,,,,,,,,,,,,,,,,,,,,,,,,,,,,,,,,,,,,,,,,,,,,,,,,,,,,,,,,,,,,,,,,,,,,,,,,,,,,,,,,,,,,,,,,,,,,,,,,,,,,,,,,,,,,,,,,,,,,,,,,,,,,,,,,,,,,,,,,,,,,,,,,,,,,,,,,,,,,,,,,,,,,,,,,,,,,,,,,,,,,,,,,,,,,,,,,,,,,,,,,,,,,,,,,,,,,,,,,,,,,,,,,,,,,,,,,,,,,,,,,,,,,,,,,,,,,,,,,,,,,,,,,,,,,,,,,,,,,,,,,,,,,,,,,,,,,,,,,,,,,,,,,,,,,,,,,,,,,,,,,,,,,,,,,,,,,,,,,,,,,,,,,,,,,,,,,,,,,,,,,,,,,,,,,,,,,,,,,,,,,,,,,,,,,,,,,,,,,,,,,,,,,,,,,,,,,,,,,,,,,,,,,,,,,,,,,,,,,,,,,,,,,,,,,,,,,,,,,,,,,,,,,,,,,,,,,,,,,,,,,,,,,,,,,,,,,,,,,,,,,,,,,,,,,,,,,,,,,,,,,,,,,,,,,,,,,,,,,,,,,,,,,,,,,,,,,,,,,,,,,,,,,,,,,,,,,,,,,,,,,,,,,,,,,,,,,,,,,,,,,,,,,,,,,,,,,,,,,,,,,,,,,,,,,,,,,,,,,,,,,,,,,,,,,,,,,,,,,,,,,,,,,,,,,
Weekend Maintenance Start Time (HH:MM),17:00,17:00,17:00,str,Weekend maintenance start time in Eastern Time (ES: Fri 4:00 PM CT = 5:00 PM ET),,,,,,,,,,,,,,,,,,,,,,,,,,,,,,,,,,,,,,,,,,,,,,,,,,,,,,,,,,,,,,,,,,,,,,,,,,,,,,,,,,,,,,,,,,,,,,,,,,,,,,,,,,,,,,,,,,,,,,,,,,,,,,,,,,,,,,,,,,,,,,,,,,,,,,,,,,,,,,,,,,,,,,,,,,,,,,,,,,,,,,,,,,,,,,,,,,,,,,,,,,,,,,,,,,,,,,,,,,,,,,,,,,,,,,,,,,,,,,,,,,,,,,,,,,,,,,,,,,,,,,,,,,,,,,,,,,,,,,,,,,,,,,,,,,,,,,,,,,,,,,,,,,,,,,,,,,,,,,,,,,,,,,,,,,,,,,,,,,,,,,,,,,,,,,,,,,,,,,,,,,,,,,,,,,,,,,,,,,,,,,,,,,,,,,,,,,,,,,,,,,,,,,,,,,,,,,,,,,,,,,,,,,,,,,,,,,,,,,,,,,,,,,,,,,,,,,,,,,,,,,,,,,,,,,,,,,,,,,,,,,,,,,,,,,,,,,,,,,,,,,,,,,,,,,,,,,,,,,,,,,,,,,,,,,,,,,,,,,,,,,,,,,,,,,,,,,,,,,,,,,,,,,,,,,,,,,,,,,,,,,,,,,,,,,,,,,,,,,,,,,,,,,,,,,,,,,,,,,,,,,,,,,,,,,,,,,,,,,,,,,,,,,,,,,,,,,,,,,,,,,,,,,,,,,,,,,,,,,,,,,,,,,,,,,,,,,,,,,,,,,,,,,,,,,,,,,,,,,,,,,,,,,,,,,,,,,,,,,,,,,,,,,,,,,,,,,,,,,,,,,,,,,,,,,,,,,,,,,,,,,,,,,,,,,,,,,,,,,,,,,,,,,,,,,,,,,,,,,,,,,,,,,,,,,,,,,,,,,,,,,,,,,,,,,,,,,,,,,,,,,,,,,,,,,,,,,,,,,,,,,,,,,,,,,,,,,,,,,,,,,,,,,,,,,,,,,,,,,,,,,,,,,,,,,,,,,,,,,,,,,,,,,,,,,,,,,,,,,,,,,,,,,,,,,,,,,,,,,,,,,,,,,,,,,,,,,,,,,,,,,,,,,,,,,,,,,,,,,,,,,,,,,,,,,,,,,,,,,,,,,,,,,,,,,,,,
Weekend Maintenance End Day,6,6,6,int,"Weekend maintenance end day (0=Monday, 1=Tuesday, 2=Wednesday, 3=Thursday, 4=Friday, 5=Saturday, 6=Sunday). For ES futures: 6 (Sunday)",,,,,,,,,,,,,,,,,,,,,,,,,,,,,,,,,,,,,,,,,,,,,,,,,,,,,,,,,,,,,,,,,,,,,,,,,,,,,,,,,,,,,,,,,,,,,,,,,,,,,,,,,,,,,,,,,,,,,,,,,,,,,,,,,,,,,,,,,,,,,,,,,,,,,,,,,,,,,,,,,,,,,,,,,,,,,,,,,,,,,,,,,,,,,,,,,,,,,,,,,,,,,,,,,,,,,,,,,,,,,,,,,,,,,,,,,,,,,,,,,,,,,,,,,,,,,,,,,,,,,,,,,,,,,,,,,,,,,,,,,,,,,,,,,,,,,,,,,,,,,,,,,,,,,,,,,,,,,,,,,,,,,,,,,,,,,,,,,,,,,,,,,,,,,,,,,,,,,,,,,,,,,,,,,,,,,,,,,,,,,,,,,,,,,,,,,,,,,,,,,,,,,,,,,,,,,,,,,,,,,,,,,,,,,,,,,,,,,,,,,,,,,,,,,,,,,,,,,,,,,,,,,,,,,,,,,,,,,,,,,,,,,,,,,,,,,,,,,,,,,,,,,,,,,,,,,,,,,,,,,,,,,,,,,,,,,,,,,,,,,,,,,,,,,,,,,,,,,,,,,,,,,,,,,,,,,,,,,,,,,,,,,,,,,,,,,,,,,,,,,,,,,,,,,,,,,,,,,,,,,,,,,,,,,,,,,,,,,,,,,,,,,,,,,,,,,,,,,,,,,,,,,,,,,,,,,,,,,,,,,,,,,,,,,,,,,,,,,,,,,,,,,,,,,,,,,,,,,,,,,,,,,,,,,,,,,,,,,,,,,,,,,,,,,,,,,,,,,,,,,,,,,,,,,,,,,,,,,,,,,,,,,,,,,,,,,,,,,,,,,,,,,,,,,,,,,,,,,,,,,,,,,,,,,,,,,,,,,,,,,,,,,,,,,,,,,,,,,,,,,,,,,,,,,,,,,,,,,,,,,,,,,,,,,,,,,,,,,,,,,,,,,,,,,,,,,,,,,,,,,,,,,,,,,,,,,,,,,,,,,,,,,,,,,,,,,,,,,,,,,,,,,,,,,,,,,,,,,,,,,,,,,,,,,,,,,,,,,,,,,,,,,,,,,,,,,,,,,,,,,,,,,,,,,,,,,,,,,,,,,,,,,,,,,,,,,
Weekend Maintenance End Time (HH:MM),18:00,18:00,18:00,str,Weekend maintenance end time in Eastern Time (ES: Sun 5:00 PM CT = 6:00 PM ET),,,,,,,,,,,,,,,,,,,,,,,,,,,,,,,,,,,,,,,,,,,,,,,,,,,,,,,,,,,,,,,,,,,,,,,,,,,,,,,,,,,,,,,,,,,,,,,,,,,,,,,,,,,,,,,,,,,,,,,,,,,,,,,,,,,,,,,,,,,,,,,,,,,,,,,,,,,,,,,,,,,,,,,,,,,,,,,,,,,,,,,,,,,,,,,,,,,,,,,,,,,,,,,,,,,,,,,,,,,,,,,,,,,,,,,,,,,,,,,,,,,,,,,,,,,,,,,,,,,,,,,,,,,,,,,,,,,,,,,,,,,,,,,,,,,,,,,,,,,,,,,,,,,,,,,,,,,,,,,,,,,,,,,,,,,,,,,,,,,,,,,,,,,,,,,,,,,,,,,,,,,,,,,,,,,,,,,,,,,,,,,,,,,,,,,,,,,,,,,,,,,,,,,,,,,,,,,,,,,,,,,,,,,,,,,,,,,,,,,,,,,,,,,,,,,,,,,,,,,,,,,,,,,,,,,,,,,,,,,,,,,,,,,,,,,,,,,,,,,,,,,,,,,,,,,,,,,,,,,,,,,,,,,,,,,,,,,,,,,,,,,,,,,,,,,,,,,,,,,,,,,,,,,,,,,,,,,,,,,,,,,,,,,,,,,,,,,,,,,,,,,,,,,,,,,,,,,,,,,,,,,,,,,,,,,,,,,,,,,,,,,,,,,,,,,,,,,,,,,,,,,,,,,,,,,,,,,,,,,,,,,,,,,,,,,,,,,,,,,,,,,,,,,,,,,,,,,,,,,,,,,,,,,,,,,,,,,,,,,,,,,,,,,,,,,,,,,,,,,,,,,,,,,,,,,,,,,,,,,,,,,,,,,,,,,,,,,,,,,,,,,,,,,,,,,,,,,,,,,,,,,,,,,,,,,,,,,,,,,,,,,,,,,,,,,,,,,,,,,,,,,,,,,,,,,,,,,,,,,,,,,,,,,,,,,,,,,,,,,,,,,,,,,,,,,,,,,,,,,,,,,,,,,,,,,,,,,,,,,,,,,,,,,,,,,,,,,,,,,,,,,,,,,,,,,,,,,,,,,,,,,,,,,,,,,,,,,,,,,,,,,,,,,,,,,,,,,,,,,,,,,,,,,,,,,,,,,,,,,,,,,,,,,,,,,,,
Maintenance Buffer Minutes,5,1,30,int,Minutes before/after maintenance to exit/block trading,22,22,22,22,22,22,22,22,22,22,22,7,24,27,28,21,26,26,22,23,30,30,26,26,28,7,22,26,22,1,22,24,27,26,26,26,7,7,28,27,1,1,30,25,27,1,26,24,1,30,30,30,30,26,26,30,26,30,27,24,27,24,28,24,24,18,21,21,24,28,30,30,30,30,24,24,1,1,27,30,29,29,23,8,27,30,23,8,30,26,30,27,30,30,1,27,27,25,30,30,30,30,3,28,8,30,30,28,12,12,30,1,11,28,30,6,21,25,27,9,9,28,1,28,28,30,30,28,13,30,28,6,24,23,24,27,27,30,23,23,30,22,23,27,23,23,16,21,27,29,30,26,29,29,1,1,1,11,19,1,30,18,29,24,29,30,11,18,30,24,1,30,1,23,27,1,30,27,29,21,30,1,11,11,29,28,2,26,1,16,1,24,2,26,28,22,17,29,30,25,26,30,21,1,1,30,1,1,25,1,9,9,9,26,27,30,29,27,17,11,28,1,26,28,26,19,30,24,30,23,17,30,19,29,29,21,29,21,30,26,9,29,28,27,29,1,6,27,30,24,27,22,26,26,26,22,30,26,1,29,24,29,27,21,11,1,26,21,30,29,21,23,24,27,3,30,24,9,1,30,21,24,24,27,30,30,20,24,28,30,23,5,13,30,28,30,14,30,13,1,7,23,24,29,24,30,30,26,23,30,23,1,30,18,18,30,30,27,23,30,19,25,12,12,20,20,20,22,23,25,19,30,9,24,30,28,26,9,29,30,16,27,30,30,23,30,30,19,23,29,16,24,1,26,30,22,30,28,22,23,30,1,21,16,30,27,22,30,23,19,19,21,30,14,29,29,24,29,22,27,30,1,17,24,30,22,24,29,20,29,29,29,29,2,27,1,30,21,29,26,25,14,29,30,23,26,24,30,30,30,11,30,29,22,16,26,1,30,11,30,30,29,29,15,21,24,30,12,15,17,1,23,26,1,29,24,25,21,24,23,23,23,17,26,25,30,20,23,30,1,30,30,22,29,30,26,16,20,26,22,1,26,19,30,1,23,30,30,30,23,23,27,24,27,22,16,23,21,23,23,19,20,30,27,26,29,12,27,19,21,28,26,26,29,25,30,30,30,29,27,29,22,21,21,29,23,29,27,18,23,21,29,20,22,28,24,23,28,30,25,7,25,26,30,17,23,30,22,25,28,22,22,30,27,21,20,30,30,22,30,25,15,4,26,29,11,11,23,26,1,26,22,30,30,30,30,21,19,30,22,30,26,1,15,20,23,24,24,30,29,28,6,27,23,26,30,22,16,24,26,24,17,25,24,30,29,27,25,30,30,15,30,23,20,25,29,22,25,30,26,24,29,30,24,24,17,22,26,20,27,26,3,23,30,1,29,30,18,22,21,26,22,30,26,25,27,23,30,26,28,27,6,29,24,6,25,9,30,23,22,30,22,9,9,18,24,20,25,23,30,1,24,1,30,28,22,27,30,17,21,22,20,29,17,23,27,24,30,30,21,23,30,29,23,28,28,13,22,30,22,18,7,22,9,20,30,21,21,30,30,1,28,21,27,30,28,1,1,23,15,28,1,1,29,22,28,25,29,8,19,21,30,27,22,21,30,4,27,29,30,17,25,30,29,27,1,30,29,25,23,26,28,30,29,24,1,23,30,27,30,29,26,24,28,28,30,25,23,30,29,25,13,28,21,1,28,20,26,26,30,24,25,23,30,28,1,29,19,29,30,20,25,21,29,2,23,23,28,19,15,14,30,25,28,27,28,22,29,25,22,18,29,15,25,20,16,29,30,22,27,25,24,28,23,29,18,27,22,25,16,22,17,24,28,27,5,15,27,23,22,23,27,24,28,30,20,24,25,30,20,20,20,30,23,21,26,15,21,30,27,27,30,13,24,30,16,1,26,25,24,1,3,30,19,29,25,25,30,17,17,25,23,30,6,30,26,23,30,27,22,23,30,18,25,29,23,22,25,27,24,22,30,30,29,30,29,20,30,28,30,20,29,28,22,27,29,30,22,29,22,22,13,26,20,21,29,29,29,29,27,20,26,29,19,20,24,29,3,8,1,30,29,28,24,1,30,16,12,30,24,29,8,30,19,30,25,27,28,29,16,30,14,30,19,30,30,29,21,24,30,28,30,30,18,30,30,18,14,30,21,16,22,29,20,29,21,18,29,22,26,13,29,30,30,16,21,23,30,6,22,30,27,20,30,30,30,21,26,26,17,28,22,28,28,26,5,27,1,30,4,1,15,1,4,1,1,1,6,25,30,16,9,21,9,16,21,21,30,19,28,27,29,21,21,21,27,21,21,21,8,24,22,22,21,20,25,21,11,22,14,23,21,21,21,21,21,21,21,23,22,21,20,20
Volume MA Length,50,10,200,int,Rolling window for average volume calculation (used by volume filter),130,154,154,154,154,154,154,154,154,134,134,141,131,140,138,129,139,139,154,130,122,148,121,121,146,141,134,142,134,133,134,127,133,123,142,123,141,141,130,131,133,133,135,139,133,132,133,130,139,139,139,139,150,142,123,139,119,144,139,129,123,138,137,138,138,135,129,128,153,138,131,139,143,128,154,127,140,140,139,148,141,141,147,140,130,137,135,140,145,137,148,139,135,132,140,139,142,137,133,133,150,134,132,147,141,148,148,145,139,138,136,132,143,145,139,134,130,137,145,137,137,145,131,137,145,148,148,145,133,136,145,134,154,147,139,145,137,132,144,139,148,127,147,145,147,143,161,129,145,139,143,136,135,146,132,132,132,143,135,132,136,135,133,131,130,133,143,135,134,154,137,140,132,144,139,136,134,143,146,129,151,130,151,151,125,144,132,123,132,143,133,133,132,135,128,158,137,148,154,117,141,138,143,131,132,145,132,147,142,136,141,141,136,136,128,146,126,128,152,130,137,131,136,145,155,133,130,149,136,139,145,145,135,139,126,143,126,90,148,147,139,126,144,138,126,147,141,139,129,130,136,111,144,144,144,144,135,147,154,126,133,125,127,143,145,125,144,129,139,159,138,142,132,139,134,128,133,140,129,138,136,133,133,134,136,133,145,132,130,136,91,132,138,127,138,132,126,132,143,134,141,129,133,124,133,134,134,134,91,145,144,136,136,149,144,140,124,128,129,147,135,133,149,149,145,145,145,136,145,141,138,136,140,132,127,142,133,140,126,133,146,137,151,149,91,144,144,135,144,132,147,141,132,128,127,129,145,129,141,139,138,132,133,147,127,145,125,134,144,130,132,131,139,139,120,133,148,120,122,138,129,142,140,142,133,132,146,139,130,144,144,133,133,137,134,136,131,133,124,147,132,131,144,140,144,134,141,157,138,140,143,152,151,129,147,147,126,131,135,142,140,129,125,141,131,131,138,132,125,147,142,139,143,134,157,121,132,130,142,141,139,131,150,134,133,148,145,141,116,146,122,151,135,145,143,134,136,130,121,140,146,139,145,140,135,134,132,140,146,131,143,138,130,138,123,144,131,129,104,138,145,139,134,131,139,140,143,149,153,140,136,137,137,144,141,130,133,148,157,139,145,135,146,143,131,144,133,148,135,130,134,146,134,135,136,136,130,129,132,138,153,136,127,103,132,135,128,115,145,145,121,125,136,138,134,101,132,143,140,133,138,115,132,131,135,121,143,131,137,131,147,140,144,122,135,122,142,138,135,121,145,125,130,136,134,146,125,125,122,127,161,138,138,138,137,127,127,138,129,136,129,134,144,129,127,121,130,126,146,137,115,133,138,160,136,128,127,150,127,134,129,144,132,147,129,143,124,122,144,138,137,139,145,136,130,126,105,118,140,125,129,131,126,129,138,125,136,130,132,125,144,148,128,138,143,166,135,132,147,130,136,137,135,135,133,133,148,135,146,132,130,138,126,126,124,125,132,136,117,137,141,137,136,140,130,139,136,129,132,121,149,136,133,140,136,137,132,145,136,136,117,132,137,127,131,105,121,121,132,132,137,131,121,125,140,130,140,140,148,130,148,136,132,124,131,139,127,152,137,142,127,132,116,119,133,152,121,116,135,136,125,136,132,135,125,124,98,146,136,136,134,138,150,123,156,140,158,150,138,143,146,133,145,135,138,146,136,128,129,133,127,132,166,116,124,138,132,126,153,141,133,137,110,147,138,135,132,150,129,133,139,133,116,131,147,110,149,138,130,137,147,127,129,135,137,139,132,132,137,148,116,132,146,136,131,141,124,141,132,129,131,138,148,139,133,130,112,143,148,143,148,135,150,135,121,123,151,126,93,148,124,126,131,124,144,132,120,149,143,143,135,138,130,131,94,121,151,137,131,140,117,149,150,138,133,133,173,126,137,147,121,132,150,142,136,136,136,98,112,112,136,137,157,131,142,131,178,139,126,137,99,132,141,134,123,162,124,128,126,137,124,131,138,123,104,135,144,157,131,132,132,138,152,121,144,123,104,135,135,99,128,121,121,142,122,135,135,135,135,138,142,138,131,140,130,132,134,142,131,128,136,154,128,139,149,134,137,125,151,136,134,125,133,130,135,138,126,140,135,146,126,145,126,139,132,135,135,154,129,119,140,135,135,126,144,126,126,149,144,129,164,154,135,137,141,137,126,135,117,123,121,126,130,141,142,129,133,130,123,127,134,122,150,126,103,167,134,142,142,132,137,98,148,148,139,132,126,131,142,114,124,126,131,114,131,131,131,138,124,140,132,136,129,136,141,129,129,138,119,123,126,135,129,129,127,126,128,130,129,128,125,126,126,127,123,130,126,128,127,139,139,129,129,129,126,127,127,127,125,126,127,128,125
Max Volume Multiplier,1.2,0.1,3.0,float,"Volume filter for mean reversion - MAX volume allowed (volume <= avg * multiplier). Low volume = exhausted move ready to reverse. High volume = strong momentum (bad for mean reversion). Range 0.5-3.0 (1.0 = no filter, lower = more restrictive)",2.9806,2.107,2.107,1.8751,1.8751,2.107,2.107,2.107,1.8751,1.3519,1.3519,1.2735,1.8782,1.065,1.0107,2.964,1.2868,1.2868,1.8751,2.7486,1.2711,1.2081,3.0,3.0,1.0629,1.2735,1.3948,1.2312,1.3948,2.8344,1.3948,1.415,2.6828,3.0,1.7983,3.0,1.3424,1.3424,0.2646,2.8732,2.8268,2.8268,1.1962,1.8262,2.6828,2.8862,2.6381,2.4585,0.7351,1.3937,1.3937,1.3937,0.9499,1.7983,3.0,1.3937,2.8574,1.8134,0.8689,2.9299,1.702,1.112,0.8101,1.112,1.112,1.4195,2.9534,0.613,0.9213,0.8466,1.563,1.5392,2.144,1.4448,1.0911,1.5912,1.4508,1.4508,1.2695,2.2061,1.2724,1.2724,1.0558,2.9516,1.4115,1.8032,3.0,2.7992,0.9033,1.9535,1.9093,1.2695,1.5514,1.5661,1.5024,1.2695,1.2139,1.8298,1.5661,1.5661,1.9639,1.3001,1.5322,2.1643,1.4218,2.1657,2.1657,2.1342,1.6,1.6658,1.1854,1.1793,1.8385,2.0924,1.3933,0.7138,1.1894,1.0818,2.153,1.6095,1.6095,2.1342,1.5273,1.2152,2.1521,2.1657,2.1657,2.1566,1.74,1.6856,2.0924,0.7138,1.0911,1.3212,1.3013,2.2235,1.2152,2.2724,1.8699,1.3274,2.1704,1.9072,1.3212,2.2414,1.3212,1.8699,1.3482,1.1118,2.2235,1.2028,2.3078,1.7005,1.1378,1.0624,1.4714,1.4714,1.5771,2.0937,1.2936,1.4714,1.4813,2.1961,1.8655,1.5099,1.9922,2.2787,2.0636,2.1961,1.4485,1.0911,1.7632,1.3526,1.4714,1.4233,1.298,1.6985,1.2316,1.4101,1.0624,1.481,1.4331,1.3649,1.3717,1.3717,1.4069,1.6361,1.4714,0.7833,1.4714,1.1267,1.3607,1.8764,1.4714,1.3047,2.3463,1.3689,1.0846,2.2372,0.8985,2.1956,1.8464,0.6172,1.5736,1.5762,1.6029,2.1169,1.4714,1.7927,2.1908,1.4942,1.2847,1.2847,1.1161,2.0323,2.8264,1.302,1.5074,2.8264,1.5764,0.9688,1.2152,1.5289,1.6427,2.0924,0.5273,1.1957,1.425,1.1595,1.8015,1.0564,1.6389,2.275,1.22,1.6676,1.5074,1.4812,1.5074,1.4968,2.1704,2.2126,1.2137,1.5291,1.6361,1.5422,1.5074,1.4301,1.5576,1.2695,1.3509,2.4585,1.3936,2.0907,2.2259,2.2259,2.2259,1.6037,1.0452,2.2126,1.4868,1.5074,2.0805,1.5074,1.2467,1.5736,1.8393,1.4147,2.0216,3.0,2.1481,1.6145,1.5397,1.5902,2.0312,1.2695,1.1818,1.5179,2.0805,1.2342,1.8889,1.2465,1.5176,2.0805,2.0805,1.6234,1.7849,1.4717,1.8775,2.0805,1.6357,1.8015,1.8429,1.4945,2.4588,1.2577,1.362,1.4955,1.0957,1.7496,1.9293,1.7764,1.4344,3.0,2.1593,1.5697,2.0805,0.6701,0.6796,1.7832,1.8429,1.9986,1.2915,2.0454,1.0445,1.2495,1.9479,1.2458,1.6161,1.981,3.0,1.6045,1.22,2.4299,1.6678,1.6678,1.5423,1.5423,1.5423,0.8686,1.6165,0.7622,1.424,1.8956,1.2342,2.2199,2.1156,2.143,0.9765,1.9318,1.5074,1.5523,1.8624,2.3663,1.8654,1.7735,1.9946,1.9237,1.5267,1.22,1.3408,1.0493,1.6724,1.3537,1.067,2.7355,2.0771,1.8559,2.186,2.3994,1.5439,1.2666,1.7595,1.4474,1.9151,2.0036,1.3913,2.1289,1.8927,3.0,1.1385,1.6049,2.0867,0.5677,1.0487,2.7006,2.1865,1.485,1.8784,2.1865,1.6735,1.7481,2.0854,1.5038,1.5403,2.4998,1.8708,2.7835,1.5706,1.3584,1.5649,1.6103,1.6103,1.5378,1.5378,1.7146,1.2977,1.3124,1.6408,1.5132,1.394,1.4693,0.767,1.1824,2.5787,1.3079,1.408,1.3934,1.3537,0.991,0.4765,1.097,1.7241,1.3328,1.3999,2.0317,1.6464,2.2126,1.6364,1.3118,2.9159,1.4447,1.097,1.3869,2.7403,1.2342,1.6771,1.5469,1.5095,1.9129,2.1507,2.3135,1.5038,0.7249,2.3956,1.542,1.1593,1.1675,1.5838,0.9741,2.6434,1.2123,0.7192,1.6232,1.4407,1.5265,1.2958,1.8537,1.8434,1.2123,1.3168,1.6043,1.8428,2.2193,0.9305,1.6846,1.0437,1.3844,1.1253,1.4588,1.1219,1.7258,1.8478,1.5358,2.4163,2.1754,2.2725,1.5051,1.5277,2.1739,1.6162,1.6232,1.2748,1.4068,2.4585,1.4068,1.0952,1.5132,1.6232,3.0,2.0661,1.7128,2.4163,1.7229,1.8464,2.0956,0.9239,1.7132,1.7581,1.6301,2.1544,1.8801,1.0765,0.8873,0.8873,2.409,1.344,1.6098,2.2657,1.9827,2.3398,2.0951,1.1013,2.2099,0.738,1.822,1.5853,1.5806,2.2511,2.2102,1.3534,1.8019,3.0,1.0354,2.0658,1.2494,1.97,0.8542,1.4849,2.3203,1.2933,1.6911,1.373,1.2352,2.1345,1.6259,1.4885,1.2899,0.8983,1.3138,2.2666,1.5295,1.3955,1.8927,2.8554,1.4068,1.7507,1.7479,1.5518,2.663,2.3447,1.6881,0.7161,1.998,1.7269,2.5136,1.5968,1.0491,1.7241,1.6232,0.8873,1.5031,2.4189,1.8489,1.4346,2.1241,1.3867,2.1241,1.593,1.0248,2.267,1.5934,1.4221,1.735,2.4303,1.2002,1.6155,3.0,1.3602,1.3602,2.3517,2.2674,1.4945,1.5447,1.4068,2.0004,0.8873,1.6386,1.321,1.0629,1.6291,1.9441,1.6832,1.6334,1.5368,1.6291,1.9181,3.0,2.5382,1.7698,1.6161,2.4083,2.3058,0.8906,2.1025,2.4734,1.4937,1.4557,1.5329,1.8004,1.4885,1.6301,2.0306,2.3625,1.2941,1.105,1.7033,0.708,1.2742,1.6477,1.6055,1.7163,1.7722,2.2048,2.0434,2.1708,1.6296,1.7589,1.6573,1.4492,1.6525,1.7274,2.526,2.1399,2.1135,2.526,0.7161,2.123,1.6432,0.8828,2.04,2.123,1.8846,1.5728,1.9156,1.5668,1.251,1.726,2.8808,1.5923,0.9967,1.7239,1.5004,3.0,2.8808,2.8808,2.2541,1.8833,1.3824,1.4706,1.2779,1.6135,2.0796,1.1122,1.1584,1.5,1.6512,1.4627,1.4898,1.5004,2.0077,1.7353,0.6016,1.6722,0.4678,1.7533,1.5943,1.2375,1.5383,2.1647,1.6135,1.6291,2.602,1.5004,0.8378,1.7915,1.5863,1.0103,1.5157,1.5198,1.5004,0.6567,1.1758,2.0975,1.6363,2.159,0.9046,1.6714,1.6291,1.6291,1.2941,1.2941,1.3754,1.5235,1.6291,0.9208,1.1864,1.4921,1.1101,1.1101,1.3517,1.6834,2.81,1.0951,1.1262,1.376,3.0,0.9393,1.7818,1.0541,1.9808,1.5084,1.6453,1.571,1.8718,1.4035,1.5301,2.7484,2.1222,1.8718,2.3195,1.5382,1.4638,1.4603,1.1988,2.3195,1.482,2.0461,1.654,0.9728,1.4603,1.4125,2.0677,1.814,2.8139,1.4249,1.413,1.445,1.27,2.8139,0.6652,1.8544,1.509,2.4274,1.872,1.5719,1.814,1.6099,1.551,3.0,1.6045,1.0599,2.031,2.7629,1.3603,1.9149,1.8984,1.814,1.9023,2.0758,1.8716,1.9704,0.4401,2.0288,2.0989,1.0005,1.9573,1.4558,1.4589,3.0,1.7002,1.231,3.0,2.0309,1.9149,1.6898,1.9441,2.0989,1.9617,1.814,2.6824,1.5569,1.408,1.6017,2.9619,1.3615,0.8429,1.0013,1.432,0.7797,2.0288,1.2765,1.9525,0.7797,2.6465,1.3119,1.7771,3.0,2.3202,2.8774,1.0592,1.6101,2.0886,1.4894,1.5274,1.6749,1.7733,3.0,1.8773,1.579,1.1858,2.4614,1.2246,2.5992,2.1042,1.8545,1.3231,1.6751,1.797,1.5938,1.6527,1.5057,1.909,1.5938,1.3904,1.6835,2.1532,3.0,1.782,1.9314,2.3722,1.7969,1.52,1.5161,1.2264,1.7548,1.8546,1.1219,1.5413,1.9882,1.2964,1.6801,2.2471,2.0241,1.7429,1.4894,1.834,1.0298,0.8325,1.6442,2.1323,1.2435,2.6131,1.506,1.9748,1.943,3.0,1.3119,1.3119,1.5257,2.6714,2.6714,1.3119,2.7172,2.1274,2.6542,0.3961,2.4223,1.792,1.4731,1.5938,1.6363,1.8379,1.9795,1.8752,1.423,1.6963,1.5045,1.5052,1.5622,1.4476,2.042,1.5052,1.3581,1.6943,1.6963,1.6639,1.6067,1.7674,2.1274,2.2187,1.79,2.4039,1.6012,1.2557,1.479,1.5073,1.459,1.6639,0.5563,1.5732,1.3415,2.939,1.3295,1.6728,2.498,1.5901,1.5665,1.5668,1.6038,1.5221,1.6507,2.6541,1.8008,2.1951,1.1886,1.5828,2.3982,1.4812,2.0018,1.5221,1.4609,1.5229,1.6411,2.3012,1.0028,3.0,2.1745,1.5154,2.5477,2.6112,2.5365,1.5915,1.5091,1.429,1.5954,3.0,1.4952,1.7526,2.3759,1.5447,1.6608,2.6551,1.2636,2.6551,1.4579,1.7857,1.5751,1.6039,3.0,1.5871,1.7803,1.2277,1.5751,1.5751,2.6005,1.9063,0.875,2.5006,1.6006,2.1131,2.9466,1.5378,2.0058,1.6039,2.9222,3.0,1.6492,2.2466,1.6271,2.0959,2.3227,1.3295,2.043,1.7831,1.7263,1.2573,1.951,1.7914,1.6192,2.2765,2.1664,1.9012,2.1219,2.3772,2.6551,1.7498,2.2218,1.8857,1.8551,1.8551,2.6528,2.0165,1.5709,1.6702,1.6702,1.9506,2.6389,2.2075,2.4396,1.7957,2.4782,2.2,1.8422,2.4396,2.4782,2.4396,2.4396,2.4396,2.6533,1.8327,2.294,2.589,1.8714,3.0,1.8714,3.0,2.9466,3.0,2.4776,2.8823,2.2144,2.2344,1.6167,2.9466,2.9466,2.9745,2.4273,3.0,2.7321,2.9466,2.8732,3.0,3.0,3.0,2.9745,2.9834,2.1766,2.9765,3.0,2.4255,2.7936,2.7529,3.0,3.0,3.0,2.8384,2.9745,2.9745,2.9779,3.0,3.0,3.0,2.9861,2.9862
Timeframe (minutes),15,1,15,int,Resample timeframe in minutes,11,11,11,11,11,11,11,11,11,10,10,15,11,15,15,1,15,15,11,11,10,15,11,11,15,15,10,15,10,11,10,10,11,11,15,11,15,15,13,11,11,11,15,15,11,11,11,15,15,13,13,13,13,15,11,13,11,13,14,11,12,15,15,15,15,13,1,14,11,14,13,13,15,10,10,10,10,10,14,15,10,10,10,11,10,14,11,11,11,14,15,14,10,10,10,14,14,15,10,10,15,15,10,15,10,15,15,15,11,11,10,10,11,15,13,13,10,10,15,11,11,15,10,14,15,15,15,15,8,11,15,13,10,10,10,15,14,11,10,14,15,10,10,15,10,10,10,11,15,14,11,8,11,11,10,10,10,11,11,10,10,10,10,11,11,10,11,10,10,10,7,11,10,10,10,11,11,10,11,10,11,10,10,10,12,11,10,15,10,12,12,11,10,10,15,10,11,15,11,10,15,11,10,10,10,11,10,10,15,10,10,10,14,10,11,10,11,11,10,11,14,10,10,15,11,10,12,11,15,10,10,11,11,11,11,10,11,7,15,15,10,11,11,15,11,10,10,14,11,15,12,10,15,15,15,10,13,15,10,11,15,11,12,10,10,10,10,1,15,11,10,10,15,14,11,12,15,12,8,11,11,15,15,12,11,10,11,15,10,15,3,10,15,11,11,11,11,12,11,10,10,11,15,11,15,13,13,12,3,11,11,10,11,10,11,11,12,12,11,8,11,15,10,10,10,10,10,11,11,11,11,15,12,15,15,15,11,10,11,10,10,15,8,11,3,10,15,11,11,15,11,10,11,15,10,13,11,14,10,11,8,10,15,11,11,11,10,11,10,3,8,13,11,10,15,10,11,15,9,7,11,3,12,15,10,11,11,13,12,8,8,10,10,12,3,11,11,15,11,12,11,11,15,11,10,10,10,10,11,11,8,11,13,3,12,15,3,11,11,11,11,11,13,11,10,3,11,12,10,11,3,11,15,10,12,11,11,13,13,12,11,4,7,11,12,8,10,12,13,2,2,9,11,14,10,11,11,12,11,11,2,12,13,12,13,9,12,11,8,4,12,12,15,12,3,11,4,12,3,2,13,11,11,11,10,10,12,8,8,8,10,10,10,15,13,8,15,15,15,12,10,11,10,9,12,4,13,15,10,15,12,10,3,10,8,10,12,15,10,10,12,10,8,3,12,2,11,3,14,11,3,10,14,12,12,3,12,11,14,11,10,3,10,12,3,11,8,4,10,10,15,11,12,2,12,2,10,10,8,3,11,2,2,10,3,11,2,2,2,11,11,10,12,3,10,9,10,11,1,14,1,10,12,1,11,11,4,2,7,12,3,11,3,11,10,10,1,13,3,3,1,15,11,10,1,11,13,11,12,3,11,15,3,11,2,11,2,13,2,2,12,15,12,12,10,12,3,11,3,12,4,12,9,2,11,9,11,15,10,10,10,3,11,11,11,3,13,9,12,14,12,11,10,10,11,10,10,10,3,8,10,10,11,3,14,10,10,11,14,2,5,10,10,2,13,11,10,2,10,11,11,12,2,12,11,1,2,2,11,11,11,10,2,10,11,10,10,10,8,10,10,12,11,11,11,11,11,12,2,9,1,11,10,10,10,10,2,10,11,12,3,9,13,11,13,2,1,12,9,9,11,10,10,11,9,13,8,10,11,10,13,13,11,9,10,8,10,14,10,12,9,11,10,2,2,10,11,13,10,11,10,10,10,10,10,10,12,11,12,11,13,10,2,10,10,10,13,10,14,3,12,12,13,10,12,13,9,12,10,9,5,12,11,10,3,13,15,13,12,8,9,8,10,9,10,11,10,10,10,11,9,10,3,10,13,2,11,11,3,9,12,11,2,11,13,13,3,12,15,10,2,11,11,3,1,11,8,11,10,11,3,8,13,8,10,11,8,9,10,10,8,11,13,10,14,10,10,2,3,3,10,12,10,11,8,10,2,11,11,2,3,9,10,9,11,1,1,2,10,10,1,9,10,11,2,5,9,10,12,11,11,2,12,1,9,11,2,11,5,1,8,2,9,10,1,5,5,5,5,11,10,10,9,10,9,9,5,11,1,5,11,9,9,10,10,9,10,11,8,12,5,11,11,7,9,7,11,7,5,11,6,9,6,10,11,5,5,9,11,11,11,5,5,6,10,12,6,8,8,1,8,11,5,9,6,8,12,5,11,4,2,7,10,2,12,3,3,13,1,10,10,3,11,6,2,7,3,2,2,8,10,2,11,11,1,1,1,1,12,1,1,1,1,1,1,1,1,2,1,3,4,1,1,1,2,1,1,1,2,1,1,5,1,1,1,1,1,1,1,1,1,1,1,1,1,1,1,2,1,1,1,1,1,1,1,1,1,1,1,1,1,1,1
Max Open Trades,1,1,1,int,Maximum concurrent positions,,,,,,,,,,,,,,,,,,,,,,,,,,,,,,,,,,,,,,,,,,,,,,,,,,,,,,,,,,,,,,,,,,,,,,,,,,,,,,,,,,,,,,,,,,,,,,,,,,,,,,,,,,,,,,,,,,,,,,,,,,,,,,,,,,,,,,,,,,,,,,,,,,,,,,,,,,,,,,,,,,,,,,,,,,,,,,,,,,,,,,,,,,,,,,,,,,,,,,,,,,,,,,,,,,,,,,,,,,,,,,,,,,,,,,,,,,,,,,,,,,,,,,,,,,,,,,,,,,,,,,,,,,,,,,,,,,,,,,,,,,,,,,,,,,,,,,,,,,,,,,,,,,,,,,,,,,,,,,,,,,,,,,,,,,,,,,,,,,,,,,,,,,,,,,,,,,,,,,,,,,,,,,,,,,,,,,,,,,,,,,,,,,,,,,,,,,,,,,,,,,,,,,,,,,,,,,,,,,,,,,,,,,,,,,,,,,,,,,,,,,,,,,,,,,,,,,,,,,,,,,,,,,,,,,,,,,,,,,,,,,,,,,,,,,,,,,,,,,,,,,,,,,,,,,,,,,,,,,,,,,,,,,,,,,,,,,,,,,,,,,,,,,,,,,,,,,,,,,,,,,,,,,,,,,,,,,,,,,,,,,,,,,,,,,,,,,,,,,,,,,,,,,,,,,,,,,,,,,,,,,,,,,,,,,,,,,,,,,,,,,,,,,,,,,,,,,,,,,,,,,,,,,,,,,,,,,,,,,,,,,,,,,,,,,,,,,,,,,,,,,,,,,,,,,,,,,,,,,,,,,,,,,,,,,,,,,,,,,,,,,,,,,,,,,,,,,,,,,,,,,,,,,,,,,,,,,,,,,,,,,,,,,,,,,,,,,,,,,,,,,,,,,,,,,,,,,,,,,,,,,,,,,,,,,,,,,,,,,,,,,,,,,,,,,,,,,,,,,,,,,,,,,,,,,,,,,,,,,,,,,,,,,,,,,,,,,,,,,,,,,,,,,,,,,,,,,,,,,,,,,,,,,,,,,,,,,,,,,,,,,,,,,,,,,,,,,,,,,,,,,,,,,,,,,,,,,,,,,,,,,,,,,,,,,,,,,,,,,,,,,,,,,,,,,,,,,,,,,,,,,,,,,,,,,,,,,,,,,,,,,,,,,,,,,,,,
Transaction Cost (Per Trade),20.0,20,20,float,Estimated friction per trade (Slippage + Commissions) to realistic PnL. E.g. $4 comm + $12.50 slip = 16.5,,,,,,,,,,,,,,,,,,,,,,,,,,,,,,,,,,,,,,,,,,,,,,,,,,,,,,,,,,,,,,,,,,,,,,,,,,,,,,,,,,,,,,,,,,,,,,,,,,,,,,,,,,,,,,,,,,,,,,,,,,,,,,,,,,,,,,,,,,,,,,,,,,,,,,,,,,,,,,,,,,,,,,,,,,,,,,,,,,,,,,,,,,,,,,,,,,,,,,,,,,,,,,,,,,,,,,,,,,,,,,,,,,,,,,,,,,,,,,,,,,,,,,,,,,,,,,,,,,,,,,,,,,,,,,,,,,,,,,,,,,,,,,,,,,,,,,,,,,,,,,,,,,,,,,,,,,,,,,,,,,,,,,,,,,,,,,,,,,,,,,,,,,,,,,,,,,,,,,,,,,,,,,,,,,,,,,,,,,,,,,,,,,,,,,,,,,,,,,,,,,,,,,,,,,,,,,,,,,,,,,,,,,,,,,,,,,,,,,,,,,,,,,,,,,,,,,,,,,,,,,,,,,,,,,,,,,,,,,,,,,,,,,,,,,,,,,,,,,,,,,,,,,,,,,,,,,,,,,,,,,,,,,,,,,,,,,,,,,,,,,,,,,,,,,,,,,,,,,,,,,,,,,,,,,,,,,,,,,,,,,,,,,,,,,,,,,,,,,,,,,,,,,,,,,,,,,,,,,,,,,,,,,,,,,,,,,,,,,,,,,,,,,,,,,,,,,,,,,,,,,,,,,,,,,,,,,,,,,,,,,,,,,,,,,,,,,,,,,,,,,,,,,,,,,,,,,,,,,,,,,,,,,,,,,,,,,,,,,,,,,,,,,,,,,,,,,,,,,,,,,,,,,,,,,,,,,,,,,,,,,,,,,,,,,,,,,,,,,,,,,,,,,,,,,,,,,,,,,,,,,,,,,,,,,,,,,,,,,,,,,,,,,,,,,,,,,,,,,,,,,,,,,,,,,,,,,,,,,,,,,,,,,,,,,,,,,,,,,,,,,,,,,,,,,,,,,,,,,,,,,,,,,,,,,,,,,,,,,,,,,,,,,,,,,,,,,,,,,,,,,,,,,,,,,,,,,,,,,,,,,,,,,,,,,,,,,,,,,,,,,,,,,,,,,,,,,,,,,,,,,,,,,,,,,,,,,,,,,,,,,,,,,,,,,,,,
=== TAKE PROFIT CRITERIA ===,,,,,,,,,,,,,,,,,,,,,,,,,,,,,,,,,,,,,,,,,,,,,,,,,,,,,,,,,,,,,,,,,,,,,,,,,,,,,,,,,,,,,,,,,,,,,,,,,,,,,,,,,,,,,,,,,,,,,,,,,,,,,,,,,,,,,,,,,,,,,,,,,,,,,,,,,,,,,,,,,,,,,,,,,,,,,,,,,,,,,,,,,,,,,,,,,,,,,,,,,,,,,,,,,,,,,,,,,,,,,,,,,,,,,,,,,,,,,,,,,,,,,,,,,,,,,,,,,,,,,,,,,,,,,,,,,,,,,,,,,,,,,,,,,,,,,,,,,,,,,,,,,,,,,,,,,,,,,,,,,,,,,,,,,,,,,,,,,,,,,,,,,,,,,,,,,,,,,,,,,,,,,,,,,,,,,,,,,,,,,,,,,,,,,,,,,,,,,,,,,,,,,,,,,,,,,,,,,,,,,,,,,,,,,,,,,,,,,,,,,,,,,,,,,,,,,,,,,,,,,,,,,,,,,,,,,,,,,,,,,,,,,,,,,,,,,,,,,,,,,,,,,,,,,,,,,,,,,,,,,,,,,,,,,,,,,,,,,,,,,,,,,,,,,,,,,,,,,,,,,,,,,,,,,,,,,,,,,,,,,,,,,,,,,,,,,,,,,,,,,,,,,,,,,,,,,,,,,,,,,,,,,,,,,,,,,,,,,,,,,,,,,,,,,,,,,,,,,,,,,,,,,,,,,,,,,,,,,,,,,,,,,,,,,,,,,,,,,,,,,,,,,,,,,,,,,,,,,,,,,,,,,,,,,,,,,,,,,,,,,,,,,,,,,,,,,,,,,,,,,,,,,,,,,,,,,,,,,,,,,,,,,,,,,,,,,,,,,,,,,,,,,,,,,,,,,,,,,,,,,,,,,,,,,,,,,,,,,,,,,,,,,,,,,,,,,,,,,,,,,,,,,,,,,,,,,,,,,,,,,,,,,,,,,,,,,,,,,,,,,,,,,,,,,,,,,,,,,,,,,,,,,,,,,,,,,,,,,,,,,,,,,,,,,,,,,,,,,,,,,,,,,,,,,,,,,,,,,,,,,,,,,,,,,,,,,,,,,,,,,,,,,,,,,,,,,,,,,,,,,,,,,,,,,,,,,,,,,,,,,,,,,,,,,,,,,,,,,,
TP Method,0,0,2,int,"Take profit method (0=Fixed BB at Entry, 1=Fixed ATR, 2=Opposite BB) - OPTIMIZABLE",,,,,,,,,,,,,,,,,,,,,,,,,,,,,,,,,,,,,,,,,,,,,,,,,,,,,,,,,,,,,,,,,,,,,,,,,,,,,,,,,,,,,,,,,,,,,,,,,,,,,,,,,,,,,,,,,,,,,,,,,,,,,,,,,,,,,,,,,,,,,,,,,,,,,,,,,,,,,,,,,,,,,,,,,,,,,,,,,,,,,,,,,,,,,,,,,,,,,,,,,,,,,,,,,,,,,,,,,,,,,,,,,,,,,,,,,,,,,,,,,,,,,,,,,,,,,,,,,,,,,,,,,,,,,,,,,,,,,,,,,,,,,,,,,,,,,,,,,,,,,,,,,,,,,,,,,,,,,,,,,,,,,,,,,,,,,,,,,,,,,,,,,,,,,,,,,,,,,,,,,,,,,,,,,,,,,,,,,,,,,,,,,,,,,,,,,,,,,,,,,,,,,,,,,,,,,,,,,,,,,,,,,,,,,,,,,,,,,,,,,,,,,,,,,,,,,,,,,,,,,,,,,,,,,,,,,,,,,,,,,,,,,,,,,,,,,,,,,,,,,,,,,,,,,,,,,,,,,,,,,,,,,,,,,,,,,,,,,,,,,,,,,,,,,,,,,,,,,,,,,,,,,,,,,,,,,,,,,,,,,,,,,,,,,,,,,,,,,,,,,,,,,,,,,,,,,,,,,,,,,,,,,,,,,,,,,,,,,,,,,,,,,,,,,,,,,,,,,,,,,,,,,,,,,,,,,,,,,,,,,,,,,,,,,,,,,,,,,,,,,,,,,,,,,,,,,,,,,,,,,,,,,,,,,,,,,,,,,,,,,,,,,,,,,,,,,,,,,,,,,,,,,,,,,,,,,,,,,,,,,,,,,,,,,,,,,,,,,,,,,,,,,,,,,,,,,,,,,,,,,,,,,,,,,,,,,,,,,,,,,,,,,,,,,,,,,,,,,,,,,,,,,,,,,,,,,,,,,,,,,,,,,,,,,,,,,,,,,,,,,,,,,,,,,,,,,,,,,,,,,,,,,,,,,,,,,,,,,,,,,,,,,,,,,,,,,,,,,,,,,,,,,,,,,,,,,,,,,,,,,,,,,,,,,,,,,,,,,,,,,,,,,,,,,,,,,,,,,,,,,,,,,,,,,,,,,,,,,,,,,,,,,,,,,,,,,
Opposite Bollinger Band TP,false,false,false,bool,FIXED: Controlled by TP Method (do not optimize directly),True,True,True,True,True,True,True,True,True,True,True,True,True,True,True,True,True,True,True,True,True,True,True,True,True,True,True,True,True,True,True,True,True,True,True,True,True,True,True,True,True,True,True,True,True,True,True,True,True,True,True,True,True,True,True,True,True,True,True,True,True,True,True,True,True,True,True,True,True,True,True,True,True,True,True,True,True,True,True,True,True,True,True,True,True,True,True,True,True,True,True,True,True,True,True,True,True,True,True,True,True,True,True,True,True,True,True,True,True,True,True,True,True,True,True,True,True,True,True,True,True,True,True,True,True,True,True,True,True,True,True,True,True,True,True,True,True,True,True,True,True,True,True,True,True,True,True,True,True,True,True,True,True,True,True,True,True,True,True,True,True,True,True,True,True,True,True,True,True,True,True,True,True,True,True,True,True,True,True,True,True,True,True,True,True,True,True,True,True,True,True,True,True,True,True,True,True,True,True,True,True,True,True,True,True,True,True,True,True,True,True,True,True,True,True,True,True,True,True,True,True,True,True,True,True,True,True,True,True,True,True,True,True,True,True,True,True,True,True,True,True,True,True,True,True,True,True,True,True,True,True,True,True,True,True,True,True,True,True,True,True,True,True,True,True,True,True,True,True,True,True,True,True,True,True,True,True,True,True,True,True,True,True,True,True,True,True,True,True,True,True,True,True,True,True,True,True,True,True,True,True,True,True,True,True,True,True,True,True,True,True,True,True,True,True,True,True,True,True,True,True,True,True,True,True,True,True,True,True,True,True,True,True,True,True,True,True,True,True,True,True,True,True,True,True,True,True,True,True,True,True,True,True,True,True,True,True,True,True,True,True,True,True,True,True,True,True,True,True,True,True,True,True,True,True,True,True,True,True,True,True,True,True,True,True,True,True,True,True,True,True,True,True,True,True,True,True,True,True,True,True,True,True,True,True,True,True,True,True,True,True,True,True,True,True,True,True,True,True,True,True,True,True,True,True,True,True,True,True,True,True,True,True,True,True,True,True,True,True,True,True,True,True,True,True,True,True,True,True,True,True,True,True,True,True,True,True,True,True,True,True,True,True,True,True,True,True,True,True,True,True,True,True,True,True,True,True,True,True,True,True,True,True,True,True,True,True,True,True,True,True,True,True,True,True,True,True,True,True,True,True,True,True,True,True,True,True,True,True,True,True,True,True,True,True,True,True,True,True,True,True,True,True,True,True,True,True,True,True,True,True,True,True,True,True,True,True,True,True,True,True,True,True,True,True,True,True,True,True,True,True,True,True,True,True,True,True,True,True,True,True,True,True,True,True,True,True,True,True,True,True,True,True,True,True,True,True,True,True,True,True,True,True,True,True,True,True,True,True,True,True,True,True,True,True,True,True,True,True,True,True,True,True,True,True,True,True,True,True,True,True,True,True,True,True,True,True,True,True,True,True,True,True,True,True,True,True,True,True,True,True,True,True,True,True,True,True,True,True,True,True,True,True,True,True,True,True,True,True,True,True,True,True,True,True,True,True,True,True,True,True,True,True,True,True,True,True,True,True,True,True,True,True,True,True,True,True,True,True,True,True,True,True,True,True,True,True,True,True,True,True,True,True,True,True,True,True,True,True,True,True,True,True,True,True,True,True,True,True,True,True,True,True,True,True,True,True,True,True,True,True,True,True,True,True,True,True,True,True,True,True,True,True,True,True,True,True,True,True,True,True,True,True,True,True,True,True,True,True,True,True,True,True,True,True,True,True,True,True,True,True,True,True,True,True,True,True,True,True,True,True,True,True,True,True,True,True,True,True,True,True,True,True,True,True,True,True,True,True,True,True,True,True,True,True,True,True,True,True,True,True,True,True,True,True,True,True,True,True,True,True,True,True,True,True,True,True,True,True,True,True,True,True,True,True,True,True,True,True,True,True,True,True,True,True,True,True,True,True,True,True,True,True,True,True,True,True,True,True,True,True,True,True,True,True,True,True,True,True,True,True,True,True,True,True,True,True,True,True,True,True,True,True,True,True,True,True,True,True,True,True,True,True,True,True,True,True,True,True,True,True,True,True,True,True,True,True,True,True,True,True,True,True,True,True,True,True,True,True,True,True,True,True,True,True,True,True,True,True,True,True,True,True,True,True,True,True,True,True,True,True,True,True,True,True,True,True,True,True,True,True,True,True,True,True,True,True,True,True,True,True,True,True,True,True,True,True,True,True,True,True,True,True,True,True,True,True,True,True,True,True,True,True,True,True,True,True,True,True,True,True,True,True,True,True,True,True,True,True,True,True,True,True,True,True,True,True,True,True,True,True,True,True,True,True,True,True,True,True,True,True,True,True,True,True,True,True,True,True,True,True,True,True,True,True,True,True,True,True,True,True,True,True,True,True,True,True,True,True,True,True,True,True,True,True,True,True,True,True,True,True,True,True
Fixed ATR TP,false,false,false,bool,FIXED: Controlled by TP Method (do not optimize directly),False,False,False,False,False,False,False,False,False,False,False,False,False,False,False,False,False,False,False,False,False,False,False,False,False,False,False,False,False,False,False,False,False,False,False,False,False,False,False,False,False,False,False,False,False,False,False,False,False,False,False,False,False,False,False,False,False,False,False,False,False,False,False,False,False,False,False,False,False,False,False,False,False,False,False,False,False,False,False,False,False,False,False,False,False,False,False,False,False,False,False,False,False,False,False,False,False,False,False,False,False,False,False,False,False,False,False,False,False,False,False,False,False,False,False,False,False,False,False,False,False,False,False,False,False,False,False,False,False,False,False,False,False,False,False,False,False,False,False,False,False,False,False,False,False,False,False,False,False,False,False,False,False,False,False,False,False,False,False,False,False,False,False,False,False,False,False,False,False,False,False,False,False,False,False,False,False,False,False,False,False,False,False,False,False,False,False,False,False,False,False,False,False,False,False,False,False,False,False,False,False,False,False,False,False,False,False,False,False,False,False,False,False,False,False,False,False,False,False,False,False,False,False,False,False,False,False,False,False,False,False,False,False,False,False,False,False,False,False,False,False,False,False,False,False,False,False,False,False,False,False,False,False,False,False,False,False,False,False,False,False,False,False,False,False,False,False,False,False,False,False,False,False,False,False,False,False,False,False,False,False,False,False,False,False,False,False,False,False,False,False,False,False,False,False,False,False,False,False,False,False,False,False,False,False,False,False,False,False,False,False,False,False,False,False,False,False,False,False,False,False,False,False,False,False,False,False,False,False,False,False,False,False,False,False,False,False,False,False,False,False,False,False,False,False,False,False,False,False,False,False,False,False,False,False,False,False,False,False,False,False,False,False,False,False,False,False,False,False,False,False,False,False,False,False,False,False,False,False,False,False,False,False,False,False,False,False,False,False,False,False,False,False,False,False,False,False,False,False,False,False,False,False,False,False,False,False,False,False,False,False,False,False,False,False,False,False,False,False,False,False,False,False,False,False,False,False,False,False,False,False,False,False,False,False,False,False,False,False,False,False,False,False,False,False,False,False,False,False,False,False,False,False,False,False,False,False,False,False,False,False,False,False,False,False,False,False,False,False,False,False,False,False,False,False,False,False,False,False,False,False,False,False,False,False,False,False,False,False,False,False,False,False,False,False,False,False,False,False,False,False,False,False,False,False,False,False,False,False,False,False,False,False,False,False,False,False,False,False,False,False,False,False,False,False,False,False,False,False,False,False,False,False,False,False,False,False,False,False,False,False,False,False,False,False,False,False,False,False,False,False,False,False,False,False,False,False,False,False,False,False,False,False,False,False,False,False,False,False,False,False,False,False,False,False,False,False,False,False,False,False,False,False,False,False,False,False,False,False,False,False,False,False,False,False,False,False,False,False,False,False,False,False,False,False,False,False,False,False,False,False,False,False,False,False,False,False,False,False,False,False,False,False,False,False,False,False,False,False,False,False,False,False,False,False,False,False,False,False,False,False,False,False,False,False,False,False,False,False,False,False,False,False,False,False,False,False,False,False,False,False,False,False,False,False,False,False,False,False,False,False,False,False,False,False,False,False,False,False,False,False,False,False,False,False,False,False,False,False,False,False,False,False,False,False,False,False,False,False,False,False,False,False,False,False,False,False,False,False,False,False,False,False,False,False,False,False,False,False,False,False,False,False,False,False,False,False,False,False,False,False,False,False,False,False,False,False,False,False,False,False,False,False,False,False,False,False,False,False,False,False,False,False,False,False,False,False,False,False,False,False,False,False,False,False,False,False,False,False,False,False,False,False,False,False,False,False,False,False,False,False,False,False,False,False,False,False,False,False,False,False,False,False,False,False,False,False,False,False,False,False,False,False,False,False,False,False,False,False,False,False,False,False,False,False,False,False,False,False,False,False,False,False,False,False,False,False,False,False,False,False,False,False,False,False,False,False,False,False,False,False,False,False,False,False,False,False,False,False,False,False,False,False,False,False,False,False,False,False,False,False,False,False,False,False,False,False,False,False,False,False,False,False,False,False,False,False,False,False,False,False,False,False,False,False,False,False,False,False,False,False,False,False,False,False,False,False,False,False,False,False,False,False,False,False,False,False,False,False,False,False,False,False,False,False,False,False,False,False,False,False,False,False,False,False,False,False,False,False,False,False,False,False,False,False,False,False,False,False,False,False,False,False,False,False,False,False,False,False,False,False,False,False,False,False,False,False,False,False,False,False,False,False,False,False,False,False,False,False,False,False,False,False,False,False,False,False,False,False,False,False,False,False,False,False,False,False,False,False,False,False,False,False,False,False,False,False,False,False,False,False,False,False,False,False,False,False,False,False,False,False,False,False,False,False,False,False,False,False,False,False,False,False,False,False,False,False,False,False,False,False,False,False,False,False,False,False,False,False,False,False,False,False,False,False,False,False,False,False,False,False,False,False
Fixed BB at Entry TP,true,true,true,bool,FIXED: Controlled by TP Method (do not optimize directly),False,False,False,False,False,False,False,False,False,False,False,False,False,False,False,False,False,False,False,False,False,False,False,False,False,False,False,False,False,False,False,False,False,False,False,False,False,False,False,False,False,False,False,False,False,False,False,False,False,False,False,False,False,False,False,False,False,False,False,False,False,False,False,False,False,False,False,False,False,False,False,False,False,False,False,False,False,False,False,False,False,False,False,False,False,False,False,False,False,False,False,False,False,False,False,False,False,False,False,False,False,False,False,False,False,False,False,False,False,False,False,False,False,False,False,False,False,False,False,False,False,False,False,False,False,False,False,False,False,False,False,False,False,False,False,False,False,False,False,False,False,False,False,False,False,False,False,False,False,False,False,False,False,False,False,False,False,False,False,False,False,False,False,False,False,False,False,False,False,False,False,False,False,False,False,False,False,False,False,False,False,False,False,False,False,False,False,False,False,False,False,False,False,False,False,False,False,False,False,False,False,False,False,False,False,False,False,False,False,False,False,False,False,False,False,False,False,False,False,False,False,False,False,False,False,False,False,False,False,False,False,False,False,False,False,False,False,False,False,False,False,False,False,False,False,False,False,False,False,False,False,False,False,False,False,False,False,False,False,False,False,False,False,False,False,False,False,False,False,False,False,False,False,False,False,False,False,False,False,False,False,False,False,False,False,False,False,False,False,False,False,False,False,False,False,False,False,False,False,False,False,False,False,False,False,False,False,False,False,False,False,False,False,False,False,False,False,False,False,False,False,False,False,False,False,False,False,False,False,False,False,False,False,False,False,False,False,False,False,False,False,False,False,False,False,False,False,False,False,False,False,False,False,False,False,False,False,False,False,False,False,False,False,False,False,False,False,False,False,False,False,False,False,False,False,False,False,False,False,False,False,False,False,False,False,False,False,False,False,False,False,False,False,False,False,False,False,False,False,False,False,False,False,False,False,False,False,False,False,False,False,False,False,False,False,False,False,False,False,False,False,False,False,False,False,False,False,False,False,False,False,False,False,False,False,False,False,False,False,False,False,False,False,False,False,False,False,False,False,False,False,False,False,False,False,False,False,False,False,False,False,False,False,False,False,False,False,False,False,False,False,False,False,False,False,False,False,False,False,False,False,False,False,False,False,False,False,False,False,False,False,False,False,False,False,False,False,False,False,False,False,False,False,False,False,False,False,False,False,False,False,False,False,False,False,False,False,False,False,False,False,False,False,False,False,False,False,False,False,False,False,False,False,False,False,False,False,False,False,False,False,False,False,False,False,False,False,False,False,False,False,False,False,False,False,False,False,False,False,False,False,False,False,False,False,False,False,False,False,False,False,False,False,False,False,False,False,False,False,False,False,False,False,False,False,False,False,False,False,False,False,False,False,False,False,False,False,False,False,False,False,False,False,False,False,False,False,False,False,False,False,False,False,False,False,False,False,False,False,False,False,False,False,False,False,False,False,False,False,False,False,False,False,False,False,False,False,False,False,False,False,False,False,False,False,False,False,False,False,False,False,False,False,False,False,False,False,False,False,False,False,False,False,False,False,False,False,False,False,False,False,False,False,False,False,False,False,False,False,False,False,False,False,False,False,False,False,False,False,False,False,False,False,False,False,False,False,False,False,False,False,False,False,False,False,False,False,False,False,False,False,False,False,False,False,False,False,False,False,False,False,False,False,False,False,False,False,False,False,False,False,False,False,False,False,False,False,False,False,False,False,False,False,False,False,False,False,False,False,False,False,False,False,False,False,False,False,False,False,False,False,False,False,False,False,False,False,False,False,False,False,False,False,False,False,False,False,False,False,False,False,False,False,False,False,False,False,False,False,False,False,False,False,False,False,False,False,False,False,False,False,False,False,False,False,False,False,False,False,False,False,False,False,False,False,False,False,False,False,False,False,False,False,False,False,False,False,False,False,False,False,False,False,False,False,False,False,False,False,False,False,False,False,False,False,False,False,False,False,False,False,False,False,False,False,False,False,False,False,False,False,False,False,False,False,False,False,False,False,False,False,False,False,False,False,False,False,False,False,False,False,False,False,False,False,False,False,False,False,False,False,False,False,False,False,False,False,False,False,False,False,False,False,False,False,False,False,False,False,False,False,False,False,False,False,False,False,False,False,False,False,False,False,False,False,False,False,False,False,False,False,False,False,False,False,False,False,False,False,False,False,False,False,False,False,False,False,False,False,False,False,False,False,False,False,False,False,False,False,False,False,False,False,False,False,False,False,False,False,False,False,False,False,False,False,False,False,False,False,False,False,False,False,False,False,False,False,False,False,False,False,False,False,False,False,False,False,False,False,False,False,False,False,False,False,False,False,False,False,False,False,False,False,False,False,False,False,False,False,False,False,False,False,False,False,False,False,False,False,False,False,False,False,False,False,False,False,False,False,False,False,False,False,False,False,False,False,False,False,False,False,False,False
ATR Length for TP,26,5,80,int,ATR period for fixed TP,70,65,65,65,65,65,65,65,65,71,71,75,71,75,74,69,72,72,65,70,71,71,77,77,74,75,71,72,71,78,71,71,75,74,72,74,75,75,73,70,80,80,71,70,75,80,75,72,74,68,68,68,80,72,74,68,71,68,73,70,79,62,68,62,62,70,69,76,71,72,76,68,77,69,66,71,71,71,73,79,73,73,65,74,71,71,70,74,72,72,79,73,70,70,71,73,73,80,70,70,69,74,72,80,71,79,79,73,67,65,71,71,68,74,68,73,71,66,73,73,73,73,71,72,80,79,79,79,64,70,74,73,66,65,61,73,72,69,68,72,79,70,65,80,65,68,64,70,73,69,68,71,68,73,71,71,71,68,67,71,70,69,67,71,66,70,68,69,70,66,72,70,71,71,64,70,68,71,73,69,71,71,70,70,70,74,71,73,71,72,72,71,71,72,72,72,64,70,72,71,70,73,70,79,71,68,71,71,70,70,72,72,73,72,72,69,70,73,80,75,72,75,72,74,74,71,76,74,70,62,70,76,67,71,70,70,70,70,79,72,70,70,74,70,70,72,71,73,72,72,70,73,73,73,73,71,73,72,72,70,74,70,70,70,73,71,68,69,75,68,71,70,74,73,74,72,74,73,69,71,70,74,74,69,69,72,70,74,70,70,70,80,72,73,68,71,71,73,70,72,69,70,74,78,74,75,75,72,70,70,72,75,76,64,68,71,66,70,70,75,67,75,80,80,70,70,70,70,68,74,69,74,73,74,73,76,71,70,70,63,65,76,67,70,70,71,74,67,72,71,77,70,71,70,68,71,68,78,69,78,75,71,75,68,73,71,73,72,72,68,70,74,73,74,68,70,78,68,67,69,73,70,67,74,63,76,73,80,71,70,70,70,70,74,76,74,71,78,71,73,74,71,73,71,72,70,70,70,70,71,62,73,80,66,72,72,68,74,72,69,71,70,74,70,60,76,69,76,75,80,70,71,73,71,78,78,76,73,73,71,71,65,71,71,73,77,70,71,73,76,68,77,74,77,71,67,70,71,69,73,76,69,80,72,72,67,71,74,70,65,65,70,72,70,72,74,65,70,69,80,80,67,69,70,62,66,71,69,75,64,73,63,63,80,65,68,72,79,74,66,69,72,69,71,75,65,75,72,71,77,75,71,73,74,71,74,75,63,70,70,71,67,74,80,74,72,73,74,73,75,73,73,72,70,78,80,72,68,73,72,65,72,72,71,68,69,62,65,63,73,66,74,69,68,71,68,71,63,79,80,71,80,68,78,67,73,70,70,68,70,78,71,70,80,63,70,73,60,67,72,67,70,71,67,74,73,70,64,70,80,72,75,80,69,67,71,68,72,75,68,67,74,75,79,67,71,74,75,68,68,68,71,80,73,68,70,76,72,69,78,70,78,71,70,65,70,69,78,74,70,72,72,72,72,72,68,71,70,67,68,70,66,71,71,72,77,72,73,72,71,70,71,72,70,67,74,75,70,69,74,71,68,74,69,74,66,67,71,71,70,73,70,76,69,79,74,75,77,70,75,67,74,73,72,71,80,70,70,75,75,67,69,70,73,71,68,74,74,68,71,76,80,71,68,71,58,71,75,70,68,67,75,72,67,75,70,69,72,75,77,69,71,75,75,71,65,74,75,71,72,77,73,65,69,70,64,67,65,72,71,80,67,67,72,73,69,67,65,71,72,68,78,73,79,66,73,77,70,70,62,75,70,71,61,73,70,69,72,72,74,76,74,79,71,72,71,71,73,80,68,69,68,73,70,71,70,70,71,70,66,65,71,69,75,66,65,65,63,69,70,69,71,76,66,66,79,73,73,80,79,67,68,75,62,67,67,65,80,78,67,70,79,65,67,69,80,70,71,75,71,69,73,74,66,64,69,67,72,80,75,77,80,74,71,77,70,67,73,70,67,64,74,77,80,80,75,75,78,70,70,75,74,69,70,77,74,71,67,80,73,75,70,70,74,69,71,70,70,71,72,70,71,74,69,71,68,71,69,77,75,75,68,80,66,69,69,71,70,68,74,72,66,76,68,66,68,68,68,68,73,68,71,76,73,69,71,69,70,68,67,67,72,71,73,77,71,73,64,80,74,68,71,68,70,64,71,79,78,68,74,76,70,76,80,78,68,68,80,67,74,62,68,68,78,70,69,78,65,67,69,70,71,68,76,70,72,74,68,78,63,66,76,80,69,77,65,77,75,77,72,69,77,63,76,70,69,73,58,58,74,76,75,76,76,75,68,64,68,74,72,69,66,68,72,68,68,68,39,72,72,76,67,80,67,77,69,69,64,72,63,64,68,69,69,80,64,80,76,69,72,64,69,69,80,65,60,77,72,57,70,72,69,69,69,80,80,80,70,63,69,70,80,80
ATR Multiplier for TP,2.0,0,5.0,float,Fixed TP ATR multiplier - reduced max to prevent overfitting,3.8681,4.2882,4.2882,4.3982,4.3729,4.2882,5.0,4.6436,4.2882,2.833,2.5513,4.4892,2.7991,3.2651,3.2377,3.0762,3.2309,3.2309,4.3729,3.8566,2.797,2.8254,4.1904,3.9124,3.0842,4.4892,3.3852,3.2243,3.3852,4.1774,3.3852,2.0134,4.0292,4.4838,3.2243,5.0,4.0504,4.4892,3.155,4.485,4.2627,4.2627,4.0404,3.2013,3.878,4.2627,4.1223,3.2611,2.973,0.0,0.0,0.0,3.3451,3.2852,4.8036,0.003,5.0,3.5042,3.7544,3.8567,5.0,3.9971,5.0,3.9028,4.0021,0.0,1.4342,3.7681,4.0808,3.1843,2.9704,0.0,3.1291,1.9158,4.1589,2.1493,0.0,0.0,3.2335,3.0738,0.9412,0.8582,0.9101,3.3306,4.9636,3.6997,3.7732,3.3306,3.6866,4.1272,3.0491,3.2335,2.8291,2.2806,0.1195,3.3832,3.227,3.2648,2.2806,2.2806,3.2327,3.3826,1.578,3.042,0.0,3.0416,3.0416,3.0833,0.6557,1.4783,1.8956,0.569,0.0107,3.0827,0.0,1.8878,2.6039,5.0,3.0047,1.9786,2.192,3.0833,1.0813,3.2061,3.0805,3.0738,3.2491,3.0811,2.4764,1.7533,3.0827,1.8878,4.1589,0.9101,1.9561,3.0705,3.2061,1.6316,3.8348,3.2851,3.0738,4.5442,0.9101,3.0677,0.9101,4.3028,3.0729,3.0731,3.0705,1.0357,2.381,2.4742,0.1066,5.0,0.7487,0.569,0.7487,0.0,1.7236,0.569,0.8959,1.5003,4.4776,1.9525,4.3185,2.9485,0.0107,1.5003,0.0,4.1589,0.0,0.7279,0.6424,2.2128,2.3579,1.4862,0.9334,3.5824,5.0,0.5586,3.2145,1.1756,0.2333,0.2333,0.0,0.4071,0.569,2.578,0.569,4.6682,3.5523,3.9415,0.569,1.7298,3.1821,2.9163,1.8368,3.0316,3.7881,5.0,2.3963,4.1987,2.3696,0.2106,0.5023,2.3926,0.569,1.506,3.1543,0.6288,1.3054,1.3054,3.3878,1.4639,3.343,0.0,4.1274,2.8839,0.2649,1.9124,3.2061,1.7619,1.4639,2.7591,2.2775,2.0748,3.5211,4.883,3.3944,4.012,2.3812,2.8591,1.8182,1.7599,4.0696,0.9722,4.1274,1.5176,3.0738,3.0668,0.0,4.0696,0.4071,1.0247,4.1692,0.0,0.406,3.2335,3.1387,3.2611,0.0,2.8315,3.0722,3.0722,3.0722,3.5084,3.3656,3.0668,0.2622,4.1274,3.268,4.1274,4.9847,2.3696,2.2856,0.0758,0.6541,3.0762,3.8941,3.0367,1.3286,0.0,3.1805,3.2335,3.1979,1.1241,2.7604,0.9907,4.8675,1.8672,4.0587,3.268,3.268,4.8947,2.2184,2.2268,0.6886,3.4546,3.4969,3.3944,2.5191,0.8484,1.8833,0.5271,2.4874,4.7405,1.0394,2.738,3.5113,0.36,0.7895,3.5402,2.7604,3.0208,3.268,2.2925,2.2925,4.6793,2.5191,5.0,4.7971,1.1652,3.023,0.4305,3.5111,0.7797,0.9247,4.9974,3.5402,5.0,1.8182,3.203,0.1181,0.1181,5.0,5.0,5.0,2.1461,2.2525,2.8174,1.8294,3.0352,0.9907,3.1805,3.2934,3.5025,2.9846,0.0,4.1274,3.5622,1.3896,2.9869,3.2484,0.4319,2.5191,2.353,2.5331,1.8182,4.7971,5.0,0.4262,3.6941,3.9439,3.0335,2.0638,1.5022,2.3926,1.4542,3.3637,1.3074,5.0,0.569,3.7699,1.1768,0.0,3.8431,0.1078,1.7968,2.2038,4.8008,1.3658,3.0617,5.0,0.708,0.7617,1.3714,0.0,0.7617,2.2595,0.0,3.0847,0.86,4.4031,3.4673,3.5622,3.4262,2.8514,2.1743,0.0,2.8582,2.8582,1.9474,2.0962,1.7981,4.4872,2.9002,1.8943,3.5593,0.0,2.1821,2.7159,3.2371,3.5324,0.7797,2.2038,2.7232,3.6941,3.6383,2.6478,2.3182,3.6027,5.0,0.0,3.6377,1.8435,3.0668,0.7303,0.9293,2.9912,0.0,2.3182,0.2215,2.7644,1.6644,2.6525,0.077,2.0458,4.1018,1.8414,0.7923,1.2084,2.5194,2.4869,0.3789,1.6336,3.1086,3.137,0.2044,3.347,4.0218,2.3989,2.9746,0.4052,1.5034,2.0979,4.6053,0.0,4.0218,2.6614,0.5691,0.0,1.5133,1.8515,2.3141,4.277,5.0,0.7043,0.0,1.886,0.552,0.5691,1.9616,5.0,4.15,2.1838,2.8392,1.2877,1.5686,2.2258,2.9746,4.8633,4.1887,3.2611,4.7594,3.161,1.9548,2.9746,3.0339,1.5402,0.0,5.0,2.3707,3.3946,2.4042,3.8716,0.1197,1.3818,0.0,4.0958,4.7972,3.3493,4.9374,4.925,2.6862,1.9744,0.0,3.0942,3.0738,2.3121,0.4424,4.5617,2.0789,3.9228,2.5032,2.4806,0.417,3.0574,3.0652,3.1017,3.538,1.6978,3.739,0.371,3.3084,2.9482,0.0,1.0585,0.0,1.4528,3.1712,3.8669,0.9044,4.2127,4.9022,0.7897,5.0,2.4571,0.0,2.079,0.0,3.1755,0.1078,3.0314,4.4241,2.9112,2.2853,3.0851,2.381,1.4719,3.028,4.249,2.6659,2.6624,4.7825,0.9234,1.0901,3.6027,2.9746,5.0,0.595,3.57,3.3256,1.3349,0.0,3.9877,0.0,1.6053,1.4127,1.0279,1.886,3.1131,1.4227,0.0,0.0,1.6977,2.4028,0.0,0.0,0.0,1.3336,0.8335,1.8188,5.0,0.0,4.925,1.9104,0.217,0.6728,4.1804,3.1803,3.7513,2.8832,0.9915,4.1804,0.6771,2.2339,1.2649,1.7309,2.089,2.3681,2.6659,4.6437,3.4038,0.3955,0.9044,4.4826,4.0284,4.6771,1.6393,2.2022,4.1804,2.5371,2.4047,1.7096,4.2256,1.4964,1.6926,3.9536,4.2449,0.0,3.8362,3.4767,1.9347,2.3937,0.6648,4.1817,2.0991,0.6246,0.3974,0.8095,4.713,3.8405,3.8376,5.0,3.9787,3.658,0.697,0.3774,0.6247,3.658,3.1173,3.1784,2.88,3.5898,1.1981,0.0,3.7639,5.0,4.3768,5.0,0.2272,3.8649,3.7639,3.7639,3.7579,0.6677,4.3529,0.0,2.3409,4.7216,2.2306,0.0,2.041,0.0,0.0,4.5459,0.5968,0.7734,0.0,3.4565,0.0358,2.5035,2.3855,2.0935,4.4817,4.5069,1.695,0.0,4.7216,2.4249,4.5855,1.0429,3.9127,0.5452,3.3067,4.1903,0.4321,3.8114,0.7734,1.6491,1.0032,3.3196,2.038,0.0,2.2722,4.0699,2.0051,2.2776,2.4047,2.4047,2.3837,2.1083,2.0379,4.5611,1.1096,2.9578,3.8383,3.8383,3.6005,3.5548,1.9593,3.3954,3.9078,3.8656,2.6707,3.9738,3.0076,1.7018,3.2604,3.0384,3.461,2.9435,3.0186,1.7552,3.3077,1.0501,1.5167,3.0186,1.9434,2.0792,4.3004,3.3634,2.2852,1.9434,1.4999,0.5516,4.558,1.978,3.3634,2.4423,3.7475,2.2824,2.0459,0.0,4.7764,0.0,0.6501,2.0459,0.5107,4.2989,2.0334,2.5296,5.0,0.0,2.2824,1.306,0.7377,3.6982,2.0524,2.9141,3.9963,2.8812,0.0,0.0559,0.2171,2.2824,2.6449,2.6414,5.0,4.0933,3.1397,1.5212,4.0378,1.8333,2.2824,0.5547,0.888,3.9552,2.9132,2.2664,3.8149,2.668,0.0559,4.9303,2.3416,4.0378,1.761,2.5446,2.7319,2.8626,3.5894,0.0162,4.5888,1.7746,1.1116,3.5273,3.8375,4.2223,1.5212,4.5444,1.64,4.2223,2.7744,2.9522,2.9313,3.4915,1.721,0.2896,2.7097,0.9584,2.2548,3.326,5.0,3.7342,4.1837,0.8458,2.3107,3.627,3.6692,0.9188,4.8378,0.0,4.1743,3.0389,2.3602,1.6176,0.4843,3.0318,3.2938,4.8378,5.0,3.0318,0.8739,0.0,0.0,4.3873,5.0,4.3695,4.6639,4.3217,5.0,0.5168,3.9777,4.5565,1.7404,1.9078,1.0884,2.3008,2.4777,2.9732,4.5081,1.9318,2.0608,3.326,2.6539,5.0,1.4715,2.6219,1.5212,0.067,3.576,2.1643,3.0067,0.1324,1.7047,2.9522,2.9522,4.1429,0.1769,0.0,2.9522,1.7752,2.0808,1.3492,3.5012,3.8216,3.1091,0.0,3.0318,2.038,2.313,0.5111,2.0157,0.0,0.4786,4.3435,3.6206,2.0745,5.0,2.4279,3.6206,0.5689,3.0209,0.4786,2.7185,1.2515,2.9705,2.0808,0.6247,2.9435,4.6085,0.4663,5.0,3.6201,5.0,0.0,2.5725,1.5563,1.1035,5.0,2.2721,0.3501,3.8738,3.7368,3.3275,1.0611,1.0712,0.8969,1.0712,3.2821,3.7368,3.8815,0.3633,0.0,1.9242,3.8661,1.0581,5.0,0.783,0.9295,1.0296,1.0098,5.0,1.9797,2.6928,3.1427,0.0,1.1155,2.1579,2.2795,0.7419,3.4107,0.0762,2.0711,0.7623,0.0,2.7399,5.0,1.2474,1.9318,0.7199,4.8734,0.7199,2.1501,2.5906,1.1848,1.0132,0.6377,3.0857,4.6406,3.912,0.6284,1.1848,0.0,5.0,3.1841,0.0,3.4881,2.9917,1.7958,1.4198,3.4464,1.0712,3.8736,1.4788,1.1063,2.8375,0.8629,0.4667,0.2354,0.3501,4.3249,2.3491,1.1409,4.3878,4.3914,2.7796,3.8173,3.7695,1.7338,3.2797,0.7764,3.3863,0.7199,2.7069,5.0,3.155,0.2522,0.2522,4.1542,1.641,3.5807,2.7316,2.8301,4.1722,1.494,1.8222,2.0489,3.7903,2.0736,2.0778,0.9587,2.0489,2.1259,1.8398,1.8398,1.8398,1.384,2.2715,1.5873,5.0,2.7653,1.3912,2.4037,0.3822,1.7958,1.7958,0.0,5.0,3.9117,2.0205,0.9749,1.7958,1.7958,1.2468,2.0205,1.4267,0.241,1.7958,2.9101,2.1046,4.5596,4.8534,1.2468,1.3456,3.2416,4.1772,0.7685,2.5222,1.5472,3.0878,3.0762,3.0762,3.0762,1.1927,1.2468,1.2468,3.0865,0.8324,4.8534,2.9263,1.0625,0.5369
=== STOP LOSS CRITERIA ===,,,,,,,,,,,,,,,,,,,,,,,,,,,,,,,,,,,,,,,,,,,,,,,,,,,,,,,,,,,,,,,,,,,,,,,,,,,,,,,,,,,,,,,,,,,,,,,,,,,,,,,,,,,,,,,,,,,,,,,,,,,,,,,,,,,,,,,,,,,,,,,,,,,,,,,,,,,,,,,,,,,,,,,,,,,,,,,,,,,,,,,,,,,,,,,,,,,,,,,,,,,,,,,,,,,,,,,,,,,,,,,,,,,,,,,,,,,,,,,,,,,,,,,,,,,,,,,,,,,,,,,,,,,,,,,,,,,,,,,,,,,,,,,,,,,,,,,,,,,,,,,,,,,,,,,,,,,,,,,,,,,,,,,,,,,,,,,,,,,,,,,,,,,,,,,,,,,,,,,,,,,,,,,,,,,,,,,,,,,,,,,,,,,,,,,,,,,,,,,,,,,,,,,,,,,,,,,,,,,,,,,,,,,,,,,,,,,,,,,,,,,,,,,,,,,,,,,,,,,,,,,,,,,,,,,,,,,,,,,,,,,,,,,,,,,,,,,,,,,,,,,,,,,,,,,,,,,,,,,,,,,,,,,,,,,,,,,,,,,,,,,,,,,,,,,,,,,,,,,,,,,,,,,,,,,,,,,,,,,,,,,,,,,,,,,,,,,,,,,,,,,,,,,,,,,,,,,,,,,,,,,,,,,,,,,,,,,,,,,,,,,,,,,,,,,,,,,,,,,,,,,,,,,,,,,,,,,,,,,,,,,,,,,,,,,,,,,,,,,,,,,,,,,,,,,,,,,,,,,,,,,,,,,,,,,,,,,,,,,,,,,,,,,,,,,,,,,,,,,,,,,,,,,,,,,,,,,,,,,,,,,,,,,,,,,,,,,,,,,,,,,,,,,,,,,,,,,,,,,,,,,,,,,,,,,,,,,,,,,,,,,,,,,,,,,,,,,,,,,,,,,,,,,,,,,,,,,,,,,,,,,,,,,,,,,,,,,,,,,,,,,,,,,,,,,,,,,,,,,,,,,,,,,,,,,,,,,,,,,,,,,,,,,,,,,,,,,,,,,,,,,,,,,,,,,,,,,,,,,,,,,,,,,,,,,,,,,,,,,,,,,,,,,,,,,,,,,,,,,,,,,,,,,,,,,,,,,,,,,,,,,,,,,,,,,,,,,,,,
Initial Stop Loss (%),1.0,0.1,2,float,Fixed stop loss % - min 1.0% to avoid tight stops that cause quick losses,0.1,0.1,0.1,0.1,0.1,0.1,0.1,0.1,0.1,0.1,0.1,0.1,0.1,1.2565,1.0933,1.6024,1.1481,1.1481,0.1,0.1,0.1,1.2626,0.1,0.1,1.4004,0.1,0.1,0.8831,0.1,0.1,0.1,0.1,0.1,0.1,1.2274,0.1,0.1,0.1,0.561,0.1,0.1,0.1,0.1,1.5526,0.1,0.1,0.1,1.204,1.5494,0.5873,0.5873,0.1805,1.5323,0.7765,0.1,0.238,0.1,0.3632,1.2403,0.1,0.1,1.807,0.1024,1.882,2.0,0.5863,2.0,0.7935,0.1,0.9309,0.1,0.5873,0.7288,0.1,0.1,0.1,0.1,0.1,1.2177,1.4937,0.1,0.1,0.1219,0.1,0.1,0.4146,0.1,0.1,1.0419,0.1,1.4937,1.2474,0.1,0.1,0.1,1.2403,0.9823,1.4774,0.1,0.1,1.3302,0.9259,0.1,1.4271,0.1,1.4937,1.4937,1.4549,0.1,0.1,0.1,0.1,0.1,1.4452,0.2163,0.6586,0.1,0.1,1.0313,0.1244,0.1244,1.4549,0.1,1.0842,1.5385,1.4937,1.4937,1.5414,0.1345,0.116,1.3016,0.6586,0.1,0.1,0.2609,1.4976,1.0842,0.1,0.131,1.2284,1.4937,0.1228,0.1219,1.4655,0.1219,0.131,0.1265,0.1134,1.382,0.2722,0.1141,0.1049,0.2351,0.1,0.2907,0.2907,0.1,0.1,0.1,0.2907,0.1052,0.1051,0.1,0.3705,0.1,0.1,0.1,0.1051,0.1252,0.1281,0.1146,0.1,0.3278,0.1,0.1,0.1182,0.2496,0.1,0.1,0.3133,0.409,0.1,0.1,0.1,0.1837,0.1,0.2907,0.3444,0.2907,0.1,0.1,0.1,0.2907,0.2062,1.0598,0.1,0.1365,1.3371,1.3786,0.1,0.1,0.2957,0.1,0.3146,0.3278,0.5937,0.1,0.1,0.475,0.1074,0.1557,0.1557,1.1104,0.3837,0.1,0.1323,0.1289,0.1,0.1,0.5079,1.033,0.3059,0.1,1.452,1.776,0.1,0.1,0.1,0.6393,0.1069,0.4034,0.5076,0.1498,0.3137,0.1289,0.6115,0.1289,0.1212,1.4937,1.2398,0.1864,0.1289,0.1,0.226,0.1,0.1,0.2999,1.6126,0.1,1.204,0.1,0.1914,1.3888,1.3888,1.3888,0.2057,0.1,1.5748,0.1,0.1289,1.592,0.1289,0.1,0.1,0.2261,0.3306,0.1034,1.6024,1.0741,0.2048,0.2503,0.1528,1.6371,1.2474,0.7775,0.1,1.834,0.2004,0.1092,0.2297,0.131,1.592,1.592,0.1,0.1,0.1,0.5227,1.592,0.3053,1.0142,0.2346,0.1,1.1817,0.1,0.5624,0.1317,0.2672,0.1,0.1,0.4837,0.333,0.1,2.0,0.1994,1.592,1.717,1.717,0.1,0.2346,0.459,0.1,0.1,0.1,0.9196,0.701,0.2412,0.1,0.1,0.1,0.1252,0.1498,1.2542,0.7969,0.7969,0.9492,0.9492,0.9492,0.3563,0.7142,0.5265,0.1085,0.5482,0.2004,1.763,1.4774,1.4906,0.5438,0.9693,0.1289,1.4154,0.2955,1.4053,0.2359,0.6061,0.2524,0.2561,0.7084,0.1498,0.1,0.1,2.0,0.2611,0.1681,0.9731,0.7387,1.7563,0.4175,0.1,0.666,0.5635,0.1467,0.1,0.2356,0.6598,0.1,0.3184,0.1,0.1232,0.6016,0.2698,0.5425,0.2463,0.1281,0.1,1.5759,2.0,0.5929,1.2688,0.3282,0.1202,0.2055,0.3214,0.1317,1.0752,1.4154,0.1036,0.1,0.1,0.1,0.3405,0.3405,1.7752,1.7752,0.1,0.4168,0.1,0.1,0.1,0.2845,0.9379,0.1899,0.372,1.3593,0.4385,0.5128,1.9511,0.2611,0.2396,0.2982,0.1778,0.9051,0.1,0.1,0.1216,0.1,1.2545,0.3314,0.2407,2.0,0.2562,0.1988,0.1228,0.8016,0.1414,1.5159,0.2455,0.2389,0.1,0.3092,1.8825,0.3214,1.7374,1.4999,0.1278,0.1077,1.8847,1.1334,0.1,1.8239,0.1,1.7374,0.4663,0.7074,0.1364,0.1199,0.3294,0.3844,0.1,0.1,0.3383,0.2588,0.2499,0.1,0.1,0.1,0.3226,0.1643,0.1,0.253,0.4341,0.3383,0.2325,0.1,2.0,1.2345,0.779,0.1968,0.2429,2.0,0.5118,0.1,0.386,1.2121,0.4222,0.6998,0.1,0.5118,0.1,0.3746,1.2538,0.1,0.2544,1.6705,1.0295,0.2568,0.216,0.2684,2.0,1.2309,0.7707,0.6293,0.1855,0.1855,1.6547,0.1271,1.974,0.1,1.1796,1.4573,1.2475,0.1,1.0471,0.1,0.2998,0.2121,0.4842,1.6353,1.484,0.1,0.4791,0.1,0.1,0.3101,0.1,0.1,0.1,0.1,1.2325,0.1,0.8132,0.1,0.1356,1.2943,0.9719,0.1,1.0293,0.1,0.9654,0.2453,0.1,0.6556,0.1,0.1,0.1,0.1661,0.571,0.1,0.1,2.0,2.0,0.2817,0.2731,0.1,0.1,0.9632,0.1,0.9051,0.4663,0.1088,0.1,0.1,0.1,1.5624,0.2588,0.1,0.2588,0.1,0.1,0.2089,0.7516,0.1,1.1324,0.2222,0.1,0.3457,0.1699,1.1727,1.1727,0.2588,0.3925,0.1,0.1,0.1,1.2349,0.1,0.1375,0.4328,0.311,0.8257,1.2598,1.646,0.1,0.1,0.9632,0.1,0.2475,0.6218,0.5591,2.0,1.9775,0.591,0.7185,1.5776,0.1061,0.1356,0.1339,1.1247,0.1,1.2799,0.4737,0.8257,0.1,0.6599,0.126,1.3879,0.1497,0.1,0.1,0.1,0.1547,0.1027,0.1,1.1675,0.1,0.2913,0.1,0.6523,0.621,0.7642,1.0777,0.1,0.1,0.1,0.1,0.1,0.1,1.1805,0.2603,0.3015,0.1,2.0,1.4966,0.1,1.0325,1.1532,0.3978,0.1,0.3233,0.1,0.1204,0.1,0.4014,0.1,0.1,0.1,0.5501,0.1,0.1,0.1165,0.3237,0.9384,0.1,1.8811,0.1,0.2717,0.1395,0.1,0.1026,0.3387,0.4572,0.1,0.1016,0.1,0.5162,0.9673,0.1,0.1074,0.1,0.3237,1.7217,1.1892,0.1026,2.0,1.533,0.2536,0.3857,0.1035,0.6338,0.1,0.1,0.1,1.8637,0.9729,0.1,0.3177,1.8766,1.7217,1.7217,0.2357,0.2357,0.2677,1.5742,1.7217,0.1169,0.2412,0.1,1.3727,1.3727,0.7624,0.221,0.181,1.5264,0.1681,0.2452,0.1,0.5583,0.6566,0.1254,0.3119,0.1,1.1782,0.2504,0.1,1.8529,0.29,0.1,0.2573,0.1,0.1699,0.167,0.1884,0.435,1.8729,0.1699,0.1106,0.4794,2.0,0.2105,0.435,0.2489,0.2666,0.1,0.1,0.2408,0.1,0.4305,2.0,0.1,0.1676,0.4886,0.2292,0.8398,0.3107,0.4307,0.1,2.0,0.1056,1.665,0.1,0.1,0.385,1.9441,0.3835,0.7203,0.3009,0.1,0.1,0.521,0.3334,2.0,2.0,0.1,0.2473,0.6498,0.1,0.2986,0.3109,1.3509,0.1794,0.2082,0.806,1.1497,0.7203,0.1207,0.8685,0.2473,0.1,0.1,1.654,2.0,1.2663,1.4928,0.3987,0.9814,0.7894,1.039,0.368,0.1063,0.1027,0.4408,0.9222,0.1,0.142,0.6412,0.2712,1.1221,0.2026,0.4347,0.3429,0.3604,0.1,0.3979,0.8774,0.3237,0.2584,1.1187,0.1,0.6355,1.6112,1.4327,0.1464,2.0,0.1929,0.1,1.4711,0.5241,0.415,0.3001,0.4404,0.1464,0.1,0.2977,0.2899,0.2717,0.1,1.8693,0.7938,0.3566,0.1,0.2057,1.0096,0.8478,0.1,0.5568,1.5699,0.253,1.8418,0.1,0.3332,0.4097,0.8932,1.7558,1.4391,0.3979,0.1,0.3414,0.1871,0.1,0.1027,0.1229,0.1,0.2192,0.131,0.1,0.2812,0.5441,0.5441,0.7918,0.1,0.1,0.7188,0.1115,1.4951,0.1,1.7646,0.1,2.0,0.3094,0.3001,0.9729,1.4204,0.1,0.1,0.1,0.2408,1.0076,1.2604,1.0151,1.033,0.1255,0.8874,0.1474,0.3934,0.2408,0.4939,0.3186,0.1,1.4951,1.5152,0.2504,1.9851,0.3026,1.6772,1.0765,0.2976,0.2408,0.4939,0.1,0.3087,0.8384,0.1,2.0,0.1,0.1588,0.9877,0.3091,0.3186,0.3865,0.3186,2.0,0.1588,0.1,2.0,1.4286,1.0842,0.3523,0.7049,0.1798,0.489,0.1,0.3749,0.1988,0.2912,0.8356,1.3293,1.8259,0.4771,2.0,1.7211,0.3847,0.367,0.3281,0.7765,0.1004,1.3806,0.1,0.2977,0.1,0.3352,0.3883,1.6387,0.1939,1.6387,0.1,0.4007,0.2998,0.3674,1.603,0.3243,0.334,1.1128,0.2998,0.2998,1.0644,0.1167,0.2115,1.0644,0.3299,0.1,1.8533,0.1,0.1,0.3186,0.6482,1.7482,0.329,0.3042,0.3319,0.1052,1.0367,2.0,0.1,0.1,0.4483,0.3026,0.1522,0.4995,0.1,0.3626,0.1,1.1961,1.0599,0.1,1.6387,0.3495,2.0,0.1,0.1,0.1,0.3808,0.1,0.3488,0.641,0.641,1.2884,0.7764,1.5451,0.7326,0.3511,2.0,1.933,0.9707,0.7326,1.9956,0.7669,0.7356,0.8328,0.2225,0.1,0.566,1.5093,0.7753,1.6741,0.7753,1.1417,1.9969,1.5418,1.725,0.8026,2.0,0.7876,0.2152,1.7339,1.9969,1.3946,0.7876,1.5998,1.7121,1.7339,0.3637,1.4333,1.2651,1.2651,1.3946,1.9927,1.4531,1.2176,0.9854,1.7314,1.4973,1.4655,1.6024,1.6024,1.6024,1.4471,1.3946,1.3946,1.3793,1.235,1.2651,1.1139,1.9591,2.0
Enable Trailing Stop,1,0,1,int,"Use ATR trailing stop (0=false, 1=true) - OPTIMIZABLE",1,0,0,0,0,0,0,0,0,0,0,0,1,1,1,0,1,1,0,1,1,1,1,1,1,0,0,1,0,0,0,0,1,1,1,1,0,0,0,1,0,0,1,0,1,0,1,0,1,1,1,1,0,1,1,1,1,1,1,1,1,1,1,1,1,1,0,0,0,1,0,1,0,0,1,0,1,1,1,0,1,1,0,1,1,1,1,1,0,1,0,1,0,0,1,1,1,0,0,0,0,1,0,0,0,0,0,0,1,1,1,0,1,0,1,0,0,1,1,0,0,0,0,1,0,0,0,0,0,1,0,0,1,0,0,0,1,1,1,0,0,1,0,0,0,1,1,0,0,1,0,0,1,1,0,0,0,1,0,0,1,1,1,0,1,1,1,1,0,0,0,1,0,0,0,1,1,1,1,1,1,0,0,0,0,1,0,0,0,1,1,0,0,0,1,1,1,0,0,1,0,0,0,0,0,0,0,0,0,1,0,0,1,0,1,1,1,1,1,0,1,0,0,0,1,0,0,0,0,1,0,0,0,0,1,0,1,0,0,0,1,1,1,1,1,0,0,1,0,0,0,0,0,0,0,0,1,0,0,1,0,1,1,0,1,0,1,0,0,1,1,1,0,1,1,1,0,0,0,1,1,0,0,1,1,0,0,0,1,0,1,1,0,1,1,1,0,0,0,0,0,1,0,0,0,1,1,0,1,0,1,1,1,0,1,1,1,1,1,1,0,0,0,0,0,0,0,1,0,0,0,1,0,0,0,0,0,1,1,0,0,0,1,0,1,0,0,0,1,1,0,1,1,1,0,0,0,1,0,1,1,0,1,0,1,1,1,1,0,0,1,0,1,1,0,0,0,0,1,1,1,0,1,0,0,1,0,0,1,0,0,0,0,0,0,0,0,1,0,1,0,1,0,1,0,0,1,1,0,0,0,1,1,0,1,0,0,1,0,1,0,1,0,0,0,0,1,0,0,0,0,0,0,0,1,0,0,1,1,0,0,0,0,0,0,1,0,0,0,0,0,1,1,0,1,1,0,1,0,1,0,0,0,1,0,1,0,1,0,0,1,0,0,0,0,1,0,1,0,0,0,0,0,0,0,1,0,0,0,1,1,1,1,0,1,0,1,0,0,0,1,0,1,0,0,0,0,0,0,1,1,1,0,0,1,1,1,0,0,0,1,1,0,0,0,0,1,0,0,1,0,1,0,0,0,1,0,0,0,0,1,0,0,1,0,1,0,0,1,0,1,0,0,0,1,0,0,0,0,0,1,0,0,0,0,1,0,0,0,1,1,0,0,0,1,1,1,1,0,1,0,0,1,0,1,1,1,0,0,0,0,0,0,0,1,1,0,1,0,0,0,0,1,0,0,0,0,0,1,0,0,1,0,1,0,1,0,1,0,0,1,0,1,1,1,1,0,1,0,1,0,1,0,0,0,1,1,1,1,1,0,0,1,1,0,0,0,1,0,1,1,1,0,0,0,0,1,0,0,1,0,0,1,1,1,1,0,0,1,0,0,0,1,0,0,1,0,1,0,1,0,0,0,1,1,0,0,0,1,1,1,0,0,1,1,1,1,1,1,1,1,1,1,1,1,0,1,1,0,0,0,1,1,0,0,0,0,1,1,1,1,1,1,1,1,0,0,0,1,1,1,1,0,1,0,1,1,0,0,1,1,0,1,0,1,0,0,1,0,0,0,0,1,0,0,1,0,1,1,0,1,0,1,0,1,0,0,0,0,1,0,0,0,1,0,1,1,1,0,0,1,0,0,1,1,0,1,1,0,1,1,1,0,1,0,1,0,0,0,1,1,1,1,1,0,1,0,0,0,1,1,0,0,1,0,0,1,0,0,1,1,0,0,0,1,1,0,0,0,1,0,1,1,0,0,0,1,0,0,1,0,0,0,1,1,0,1,0,0,0,1,1,0,0,0,1,1,0,0,0,1,1,1,0,1,0,1,0,0,0,1,0,0,0,1,0,0,0,0,1,0,1,1,1,0,1,1,1,0,1,1,0,1,0,1,1,0,0,1,0,0,0,1,0,0,1,1,1,1,0,1,0,1,0,1,1,0,1,0,1,1,1,1,0,0,1,1,0,0,0,1,1,0,1,1,1,0,1,1,1,0,1,0,0,1,1,1,0,1,0,0,1,1,0,0,1,0,1,0,0,1,0,1,1,0,1,1,1,0,0,0,1,0,1,0,0,0,0,0,1,0,0,1,0,0,0,1,0,0,1,1,0,0,0,1,0,0,0,1,0,0,0,0,0,0,0,0,0,0,1,1,0,0,0,0,0,0,0,0,0,0,1,0,0,0,0,0,0,0,0,0,0,0,0,0,0,0,0,0,1,0,0,0,0,0,0,0,0,0,0,0,0,0
ATR Length for Trailing Stop,26,10,100,int,ATR period for trailing,100,10,10,10,10,10,10,10,10,93,93,10,59,40,35,10,39,39,10,100,87,51,100,100,26,10,93,39,93,100,93,90,100,100,39,100,10,10,37,100,100,100,10,10,100,100,100,43,22,30,30,30,38,39,100,30,100,10,41,100,74,49,47,49,49,31,10,32,22,35,31,31,51,24,50,90,18,18,41,41,34,34,44,100,51,48,100,100,29,35,41,41,14,24,18,41,41,37,24,24,42,48,52,37,17,41,41,34,40,10,46,22,21,30,44,56,16,47,28,44,44,34,10,36,29,41,41,33,20,28,30,56,50,44,40,33,36,10,52,45,41,27,44,28,44,52,32,15,33,33,81,100,10,56,22,22,22,21,20,22,22,16,28,29,31,12,21,16,30,50,92,21,22,10,36,24,22,47,56,10,18,12,28,28,18,60,22,43,22,18,15,28,22,16,34,68,18,45,28,46,42,57,74,30,22,80,22,10,47,18,21,21,37,14,100,25,17,100,25,10,36,10,14,30,13,15,10,10,30,83,72,48,20,44,17,68,17,75,41,37,77,17,60,62,17,43,11,41,10,43,18,10,32,32,32,12,10,37,24,17,48,17,60,73,20,41,22,10,31,39,10,42,48,41,73,30,48,10,45,23,52,48,48,22,79,20,18,48,38,30,64,90,26,17,24,16,61,38,26,30,10,100,48,22,48,30,30,50,64,31,10,22,14,32,68,10,10,24,100,76,20,58,28,28,16,16,16,29,72,28,10,46,10,48,50,30,12,78,17,13,33,36,48,20,64,18,58,20,10,34,45,11,22,46,39,15,80,61,38,20,73,22,16,41,17,43,21,100,18,44,52,49,15,23,40,63,28,40,72,93,63,88,41,58,13,96,11,26,42,12,12,63,63,32,14,44,23,49,57,37,29,20,11,10,18,62,11,79,47,23,15,10,21,73,10,37,89,10,15,77,23,74,41,10,19,89,73,10,84,42,88,69,10,42,16,37,10,21,18,33,69,100,27,52,32,48,18,33,60,87,74,44,17,23,64,36,43,42,22,20,87,14,10,20,41,24,25,11,10,100,18,43,43,43,66,40,100,64,61,70,10,21,56,63,79,34,24,65,100,43,33,76,76,45,79,17,13,41,38,72,10,38,20,24,10,72,58,38,22,58,50,35,94,70,72,10,10,37,68,61,20,68,48,100,30,55,20,53,20,32,100,21,10,43,19,56,30,81,10,27,12,18,46,24,89,39,15,100,76,10,24,74,26,74,34,74,70,48,37,100,29,38,76,41,44,69,80,80,74,16,35,10,43,58,76,31,10,53,60,43,60,23,71,60,19,63,10,60,10,22,18,30,42,92,68,23,44,20,83,100,60,30,11,28,60,24,10,39,10,79,10,47,41,40,63,17,89,40,81,92,24,10,19,24,12,16,88,10,71,16,72,10,33,66,10,41,100,24,46,10,28,80,100,100,10,89,41,71,46,10,63,10,10,31,36,10,69,28,92,24,31,10,33,71,50,17,10,15,10,90,89,28,19,84,10,11,35,39,28,21,41,28,10,37,32,34,90,90,11,11,44,69,90,16,10,10,10,10,31,21,58,20,22,31,16,33,49,35,82,64,42,11,57,39,12,37,74,57,20,18,73,21,34,20,32,85,34,16,21,64,19,33,41,61,22,38,37,41,30,54,55,55,10,74,33,52,10,27,34,19,27,39,10,89,86,33,44,45,14,19,24,19,37,46,33,28,22,16,33,10,32,41,89,27,23,37,10,33,39,15,10,60,51,64,35,21,10,36,19,30,52,36,29,33,100,23,13,52,23,32,72,43,34,11,46,30,60,22,10,56,30,69,57,59,34,85,74,10,97,30,13,10,90,36,23,10,100,22,13,68,86,10,10,33,89,22,20,29,10,31,30,41,29,43,16,28,30,68,19,32,11,10,32,47,16,33,33,11,59,59,33,52,70,58,18,70,84,44,10,10,70,44,38,69,61,64,48,20,18,10,48,19,26,61,36,88,82,70,22,11,12,89,22,49,68,61,36,16,88,91,86,86,69,67,50,88,88,88,88,17,67,31,67,57,49,10,89,19,99,91,35,53,43,25,10,45,42,50,18,10,88,16,41,71,34,39,10,89,88,60,56,10,56,16,23,88,88,10,28,38,20,88,88,100,15,24,100,10,29,10,15,42,88,24,25,48,39,88,10,58,86,14,18,82,12,83,100,28,10,72,59,92,10,56,88,14,55,86,86,10,21,37,33,33,48,33,61,52,70,33,50,100,52,33,52,52,52,44,81,95,48,34,10,34,19,10,10,33,30,10,61,88,10,10,11,61,10,18,10,11,55,38,38,10,10,18,10,10,16,86,68,10,10,10,10,10,10,10,29,38,10,10,10
ATR Multiplier for Trailing Stop,2.0,0.5,4.5,float,Trailing stop ATR multiplier - reduced max to prevent overfitting,3.9947,2.3769,2.3769,2.3769,2.3769,2.4104,2.6586,2.6586,2.3769,2.2602,2.2602,3.2211,3.9657,3.8157,3.7183,3.7142,3.3973,3.3601,2.3769,3.9729,2.7708,2.7377,4.0642,4.1591,3.0518,3.2211,2.2111,3.5109,2.2602,3.9658,2.2111,2.6457,3.8201,4.0248,3.1777,3.6173,3.2211,3.2211,3.5044,3.6556,1.8266,2.3211,3.0742,3.7817,3.8201,1.8266,4.0958,3.6141,2.4353,2.7375,2.7375,2.7375,2.4296,2.8376,3.7483,2.9606,3.1509,3.2355,3.0895,3.7843,3.2367,2.3671,2.3745,2.2738,2.2738,4.078,3.5752,3.2261,3.0379,2.8867,3.2651,2.7375,2.1784,2.6992,3.4296,2.6457,4.5,4.5,3.0895,2.3143,2.4702,2.4702,2.5703,3.6075,2.7977,3.1737,3.3061,3.6075,2.8858,3.3195,2.3857,3.0895,2.5852,2.5727,4.5,3.0895,3.2402,2.2505,2.5727,2.5727,2.4352,3.9112,1.9391,2.5317,2.897,2.5463,2.5463,2.2811,3.0593,2.9609,2.8384,2.414,3.2518,2.3882,2.7929,3.0462,2.6459,3.5973,2.8584,2.91,2.91,2.1786,2.6178,2.9921,2.2954,2.5463,2.5463,2.2976,2.4471,2.7418,2.8351,3.0462,3.6372,2.778,2.882,2.3341,2.8355,2.264,2.867,3.5802,2.3857,3.1673,2.6571,2.3484,2.6868,2.867,3.304,2.5184,2.3341,2.7429,2.9662,3.1867,3.4476,3.6163,2.6657,2.6657,2.6657,3.2518,3.979,2.3426,2.7387,2.4293,4.5,3.7851,4.1044,2.2107,3.1348,2.1294,2.9972,3.6372,3.342,3.0451,2.6657,3.2113,3.6114,2.7934,1.7363,3.2799,3.6163,2.8252,4.0926,2.4668,2.6382,2.6382,3.6085,3.2322,2.6657,2.3025,2.6657,3.1803,3.0457,3.9724,2.6657,2.586,2.6893,3.5379,3.0892,2.585,2.4294,3.041,2.491,2.4606,2.6732,2.6176,2.6657,2.7706,2.414,2.6577,2.244,2.7903,2.3941,2.3941,2.4778,2.8057,3.2082,2.4445,3.1609,3.0423,3.0811,2.9493,2.7703,2.6051,2.8057,2.3882,3.2129,2.5578,3.1532,3.5276,2.2714,3.2712,2.586,3.4652,3.0416,2.9083,2.9023,2.0322,3.1609,2.9807,2.3857,2.612,2.2511,2.9023,3.5375,3.3568,3.1785,2.672,2.8802,3.0384,2.3715,3.4339,2.383,2.9608,2.3945,2.6331,2.5401,2.8407,3.2402,2.612,2.7672,3.1609,2.2493,3.1609,2.0938,2.8298,2.1491,2.3187,3.3183,3.822,1.9116,2.9735,4.5,2.7794,2.5923,3.0384,2.6316,2.9329,2.2493,4.5,3.5008,2.9923,2.8043,2.2493,2.2493,2.9994,2.8153,2.7494,3.1411,2.4614,2.7491,2.2714,3.2003,1.2046,4.5,2.2321,2.9976,3.8952,4.5,2.444,2.7263,3.0186,3.2434,2.7906,2.2493,2.8731,2.2218,2.8793,2.8348,3.4293,3.2003,3.2574,2.0728,2.7467,2.2988,2.5918,2.6995,1.9115,3.0257,3.3523,2.6941,2.9201,3.0416,2.5499,3.0085,3.0085,3.4827,3.4827,3.2631,3.247,2.6865,2.8591,2.909,1.3343,4.5,2.5923,2.2421,2.4859,3.0895,1.8429,3.6005,2.0677,2.5685,3.2812,3.7939,3.0955,3.4957,3.4562,2.5233,3.49,2.1521,3.1149,3.668,3.004,2.4709,3.6002,2.0679,3.1709,3.0499,3.1848,3.918,3.4842,4.0996,2.414,2.5109,3.7832,2.2321,2.7693,2.9247,3.3545,2.5889,2.6271,2.6307,2.5754,2.6624,3.3572,2.2494,2.733,3.0473,2.2494,2.9071,3.2127,2.5537,2.8185,2.9427,3.1747,2.2883,3.4646,3.796,2.8082,4.0474,3.2323,3.2323,2.733,2.733,2.2296,2.2475,1.522,3.296,2.687,2.8346,2.7418,3.3156,3.8368,2.6782,1.9115,2.5889,2.6078,3.1619,3.2994,2.8263,2.84,3.4167,2.5725,2.2625,3.2253,2.9799,2.612,2.9328,2.5206,2.919,3.1442,2.882,3.1885,2.7459,3.2167,2.1891,2.9862,2.838,3.1177,2.5785,3.0971,2.8185,3.3008,2.5675,2.7269,2.6985,3.421,3.3853,2.9904,3.5042,3.4907,3.3478,3.2198,3.7508,2.6784,2.8253,3.1684,3.1092,3.2997,2.8114,2.8191,0.8925,3.4501,2.3756,2.295,3.3763,3.0487,2.9954,4.0474,2.8361,3.4381,2.8191,2.7264,2.7259,2.9491,2.6008,2.3132,2.8797,3.4104,3.3361,3.2198,3.1885,2.9954,3.425,2.9954,3.051,2.5697,3.2198,3.1652,3.511,3.3569,2.7259,3.292,3.1131,2.0985,2.8867,3.1613,2.311,3.332,2.023,2.3719,3.2382,2.1066,2.1066,2.2834,3.3213,3.4857,3.1962,2.3143,2.8667,2.8012,3.2119,2.6275,3.4113,3.2523,2.819,3.2175,2.2232,2.406,2.5372,2.7436,1.9478,3.3103,2.9968,2.2105,3.4546,3.1991,3.6352,2.8018,2.1582,2.6102,2.434,2.8957,2.7029,2.7425,2.442,2.2888,3.0598,3.0694,2.2402,2.758,2.5772,3.0365,2.3728,2.6879,2.8881,3.8914,3.0259,2.9662,2.6504,2.6993,2.8278,3.3267,0.9565,3.299,2.9721,2.3509,3.4167,2.9186,2.1066,3.2463,3.0977,3.4939,1.9992,1.4253,2.6286,1.1509,2.9028,2.2464,3.3333,2.3537,2.6924,2.1347,1.5518,3.2397,2.9794,4.1371,3.1309,2.8536,1.1509,3.7759,2.3884,2.7095,2.6879,3.3528,2.2962,2.9778,2.337,3.3617,2.1706,3.0409,2.2234,2.6298,3.2451,2.1706,2.1806,2.9377,3.4127,2.5395,3.4453,2.3291,3.3267,3.0242,3.3534,2.471,2.8957,3.151,2.1648,2.9178,3.3468,1.8767,2.1706,2.2004,3.7539,2.7601,2.2338,3.4462,2.7545,4.273,2.0668,2.1547,3.563,3.293,2.4546,3.9083,2.9056,3.1322,2.1199,2.5683,3.331,2.2312,3.0302,2.1151,2.6962,3.0302,2.8278,3.4409,3.2394,3.5335,3.3814,3.8017,2.8404,2.7839,2.4685,2.3338,2.0208,2.3156,3.1117,2.9261,2.5851,3.2312,2.561,3.252,3.1117,3.1412,2.2967,2.9463,2.5521,2.8912,2.8128,3.1732,2.914,4.1406,2.3658,2.2478,2.7701,3.5701,3.7001,2.5375,2.9425,2.3717,2.7912,4.1112,3.1132,2.5987,3.0584,3.4226,2.9491,3.9561,3.1732,2.2126,1.9323,2.5375,3.0112,3.6146,2.557,3.4582,2.9937,2.9163,2.5375,2.2836,2.4685,2.1767,2.9163,4.5,2.5837,2.5712,2.1446,2.2126,3.7539,3.7539,3.0143,2.434,2.1446,3.2825,2.3553,3.5192,2.4293,2.4293,3.133,3.3748,3.2198,2.4296,2.3286,2.8251,3.7445,2.6303,3.7176,3.1373,3.2828,2.7923,2.902,3.7396,3.4165,2.9332,3.1107,3.0601,2.8245,3.4165,2.4235,2.2558,3.1496,4.1155,2.4444,2.4235,2.5977,3.0939,0.9513,2.4023,4.1155,2.9291,2.6846,2.7901,3.1852,2.8365,4.0657,2.2662,3.8488,3.1852,2.7466,2.629,2.3341,1.8214,2.1773,2.6124,2.7901,3.3073,2.734,3.2255,2.5642,2.7574,3.0199,3.1619,2.3284,1.9763,3.0652,2.7901,3.5328,2.6258,4.5,3.1721,3.026,2.8845,3.4814,2.2779,3.0281,2.7065,3.1329,3.1665,2.5103,3.791,3.1298,2.047,1.9763,3.1043,3.3271,3.438,2.3112,2.7901,3.6113,2.1993,4.1416,2.89,1.9479,2.9134,2.8678,3.413,3.0236,2.9824,2.8845,3.0064,2.9825,2.9824,2.714,3.0916,3.2781,3.3075,3.0098,2.1006,2.8193,3.4114,2.9915,2.6053,2.561,4.0355,3.4651,2.9833,2.2204,3.4878,3.5344,3.321,2.8656,2.1925,2.8603,2.9819,2.9071,2.0206,2.9919,3.1025,3.1042,2.8656,2.9202,3.1025,2.8845,2.4516,3.5276,3.557,3.0632,3.8893,2.0933,2.5473,2.8854,3.8656,3.1941,2.0988,2.2981,2.8361,3.9831,2.8401,1.8083,3.6374,2.0597,2.2914,2.7208,2.2723,2.5278,2.4744,2.449,2.8152,2.8845,2.4424,3.1026,3.9514,3.4977,2.2875,3.4343,3.0916,2.7978,2.4173,3.5955,3.5955,3.0916,1.8651,2.7785,3.9036,2.431,3.7993,3.4036,3.1495,3.1025,2.9163,2.0655,2.5497,2.8618,3.7351,3.1078,2.301,2.1111,3.0464,2.9038,2.9016,2.1111,2.5018,3.0279,3.1078,3.0903,2.8207,3.4232,2.3396,3.0464,3.7396,2.3641,3.1602,3.2739,2.1089,2.9898,2.6945,3.3394,2.2499,2.8203,2.1905,2.657,2.5632,2.8172,2.4106,2.929,2.8207,2.8207,2.4286,2.8207,2.9103,2.4106,3.1268,2.8399,3.3829,2.9555,3.0778,2.8869,3.0247,3.0654,3.3218,2.8625,4.0648,3.9538,3.6779,2.5039,3.1518,2.8276,3.6536,2.5057,4.3389,2.8191,3.0826,2.8621,3.5703,2.3834,3.5389,3.1025,2.627,2.7963,2.8122,2.9881,3.1928,2.8908,2.6206,3.6028,2.8739,2.8207,3.3759,3.9106,4.0692,2.9727,2.8739,2.8739,2.9731,4.3939,3.7731,2.9731,3.2355,3.1238,3.3707,3.4675,2.9224,2.8207,3.1023,3.1068,3.446,3.0042,2.8207,2.5462,1.6689,2.7873,2.773,2.5065,2.9066,3.6603,3.4497,3.0791,3.2499,3.2092,2.6694,2.8172,2.8436,2.7957,2.9881,0.7351,3.0692,2.8864,2.8312,2.8312,3.4501,2.4504,2.5946,3.3294,3.3893,2.6935,3.4366,2.0635,2.7942,3.0937,1.4541,2.298,2.1458,2.7942,1.4541,2.6965,2.6965,2.6965,3.4508,2.7814,3.0322,2.4629,3.0064,3.6794,2.685,3.1552,3.2961,3.6539,1.8186,3.6432,1.9651,2.0635,3.3375,3.6539,3.3707,3.597,2.0635,3.5978,3.6203,3.6539,3.2726,4.4957,3.9947,3.9947,3.597,3.5834,1.695,3.5504,2.9824,3.4486,3.708,4.0154,3.7142,3.7142,3.7142,3.6038,3.597,3.597,3.5559,3.7904,3.9947,3.4898,3.4034,3.6189
Trailing Delay (bars),5,0,20,int,"Bars before trailing stop begins tightening (0 = immediate, max 7 to avoid delayed trailing)",9,8,8,8,8,8,8,8,8,6,6,4,4,0,6,9,4,4,8,8,8,6,13,13,3,4,6,4,6,8,6,7,8,9,4,9,4,4,8,9,8,8,4,6,8,8,9,2,1,8,8,8,1,4,9,8,5,7,0,8,15,0,1,1,1,8,11,4,3,3,8,8,3,1,4,7,9,9,0,1,11,11,3,9,5,5,6,9,0,6,1,0,0,0,9,0,0,1,0,0,3,1,7,2,6,2,2,3,5,4,6,8,6,3,9,8,12,4,4,7,7,3,8,4,3,1,1,3,7,5,3,8,4,3,4,3,4,2,3,3,1,2,3,3,3,3,4,11,3,8,4,1,7,5,8,8,8,6,7,8,7,7,5,5,6,2,6,7,1,4,3,1,8,6,9,6,11,1,5,5,9,0,5,5,6,6,8,14,8,8,4,9,8,4,3,2,6,2,0,3,5,0,5,3,8,4,8,6,3,8,0,1,5,3,8,3,6,8,5,8,4,10,3,3,7,7,7,4,3,9,5,8,7,5,6,0,6,2,1,2,8,6,6,8,7,9,6,0,16,2,2,5,3,3,3,6,1,2,8,6,3,6,3,5,10,8,0,9,4,7,4,1,3,0,9,6,3,5,6,0,1,3,3,7,3,3,3,3,4,3,8,8,1,3,0,8,0,11,5,15,7,5,3,3,3,16,16,3,8,4,4,8,8,4,5,10,1,0,5,3,7,3,5,5,6,6,6,0,7,1,5,5,5,3,3,7,4,7,6,3,3,6,1,9,7,4,4,7,4,1,5,8,8,9,5,8,4,7,7,0,5,8,4,6,3,9,7,10,3,8,7,1,5,7,0,1,4,0,17,3,10,2,8,4,3,9,9,7,9,2,2,1,1,1,2,9,8,0,4,4,1,9,6,10,3,10,8,9,0,2,7,0,1,8,5,2,6,9,10,3,2,2,4,6,7,8,4,7,3,4,3,5,6,3,2,12,5,3,6,9,5,8,7,0,5,1,5,9,3,3,7,8,4,2,6,12,6,9,7,1,3,8,10,5,8,8,0,9,1,8,4,3,2,3,7,5,8,3,7,1,10,6,6,4,4,5,3,0,11,9,4,4,4,1,8,8,1,1,7,7,4,2,1,4,0,8,3,2,1,4,4,5,2,0,9,8,6,5,0,3,9,3,3,6,12,8,3,7,3,5,8,6,4,3,5,9,15,4,8,13,4,4,12,8,8,11,7,8,4,8,4,7,10,7,8,7,5,4,8,8,10,8,8,3,8,2,8,8,7,8,2,5,3,1,4,6,1,3,8,4,8,10,5,8,5,2,3,8,4,4,4,8,1,1,3,9,8,4,0,1,8,1,7,7,8,3,4,9,8,6,4,5,2,11,8,6,8,9,3,1,8,7,9,8,4,9,4,3,9,9,11,13,4,8,11,0,5,3,4,5,0,8,5,5,10,0,4,3,4,8,3,9,2,4,5,4,5,0,3,9,12,2,6,7,2,4,3,2,8,12,8,0,8,1,7,12,2,8,0,4,12,10,8,4,0,6,12,12,7,7,8,1,13,3,10,9,9,9,6,7,1,10,8,9,9,10,5,9,7,0,8,9,10,8,5,9,7,10,6,10,9,5,5,6,11,8,6,7,5,6,11,4,9,2,10,5,10,9,0,3,0,7,8,8,4,0,3,8,0,4,8,5,5,13,8,4,1,8,11,4,7,4,6,11,4,10,6,3,3,7,8,6,13,6,6,6,9,4,7,1,5,16,3,9,4,0,1,3,4,8,12,3,4,5,3,5,9,3,10,2,9,5,6,6,0,4,7,6,10,6,8,4,4,3,8,8,5,6,8,8,3,6,9,5,8,8,6,6,8,3,8,7,11,8,10,7,7,4,2,5,3,12,3,5,0,0,4,4,4,7,5,6,0,4,1,5,5,6,9,9,5,5,4,7,4,10,8,5,6,8,7,1,2,9,2,8,8,9,6,7,8,10,5,2,8,8,4,4,5,9,6,2,7,8,8,2,8,3,8,12,10,8,12,10,8,8,8,8,8,4,10,6,10,3,7,0,8,5,8,8,8,7,10,3,7,8,8,5,2,9,8,6,3,4,6,7,6,6,8,4,12,7,12,7,9,8,8,2,7,0,8,8,8,6,4,6,6,6,5,1,5,0,8,10,4,5,0,8,5,9,8,3,3,4,7,8,8,8,3,3,1,1,6,12,8,8,8,8,8,9,5,8,4,4,10,5,10,4,2,4,4,4,4,4,4,4,4,9,8,5,6,4,0,4,7,1,1,10,7,7,10,8,1,1,8,10,8,8,1,10,10,7,7,8,9,7,8,7,6,4,7,9,9,9,8,8,8,8,7,7,8,9,10
=== GA CRITERIA ===,,,,,,,,,,,,,,,,,,,,,,,,,,,,,,,,,,,,,,,,,,,,,,,,,,,,,,,,,,,,,,,,,,,,,,,,,,,,,,,,,,,,,,,,,,,,,,,,,,,,,,,,,,,,,,,,,,,,,,,,,,,,,,,,,,,,,,,,,,,,,,,,,,,,,,,,,,,,,,,,,,,,,,,,,,,,,,,,,,,,,,,,,,,,,,,,,,,,,,,,,,,,,,,,,,,,,,,,,,,,,,,,,,,,,,,,,,,,,,,,,,,,,,,,,,,,,,,,,,,,,,,,,,,,,,,,,,,,,,,,,,,,,,,,,,,,,,,,,,,,,,,,,,,,,,,,,,,,,,,,,,,,,,,,,,,,,,,,,,,,,,,,,,,,,,,,,,,,,,,,,,,,,,,,,,,,,,,,,,,,,,,,,,,,,,,,,,,,,,,,,,,,,,,,,,,,,,,,,,,,,,,,,,,,,,,,,,,,,,,,,,,,,,,,,,,,,,,,,,,,,,,,,,,,,,,,,,,,,,,,,,,,,,,,,,,,,,,,,,,,,,,,,,,,,,,,,,,,,,,,,,,,,,,,,,,,,,,,,,,,,,,,,,,,,,,,,,,,,,,,,,,,,,,,,,,,,,,,,,,,,,,,,,,,,,,,,,,,,,,,,,,,,,,,,,,,,,,,,,,,,,,,,,,,,,,,,,,,,,,,,,,,,,,,,,,,,,,,,,,,,,,,,,,,,,,,,,,,,,,,,,,,,,,,,,,,,,,,,,,,,,,,,,,,,,,,,,,,,,,,,,,,,,,,,,,,,,,,,,,,,,,,,,,,,,,,,,,,,,,,,,,,,,,,,,,,,,,,,,,,,,,,,,,,,,,,,,,,,,,,,,,,,,,,,,,,,,,,,,,,,,,,,,,,,,,,,,,,,,,,,,,,,,,,,,,,,,,,,,,,,,,,,,,,,,,,,,,,,,,,,,,,,,,,,,,,,,,,,,,,,,,,,,,,,,,,,,,,,,,,,,,,,,,,,,,,,,,,,,,,,,,,,,,,,,,,,,,,,,,,,,,,,,,,,,,,,,,,,,,,,,,,,,,,,,,,,,,,,,,,,,,,,,,,,,,,,,,,,,,,,,,,,,,,,,,,,,,,,,,,,,,,,,,,,,,,,,,,,,
POP_SIZE,150,100,150,int,Population size - reduced to prevent overfitting,,,,,,,,,,,,,,,,,,,,,,,,,,,,,,,,,,,,,,,,,,,,,,,,,,,,,,,,,,,,,,,,,,,,,,,,,,,,,,,,,,,,,,,,,,,,,,,,,,,,,,,,,,,,,,,,,,,,,,,,,,,,,,,,,,,,,,,,,,,,,,,,,,,,,,,,,,,,,,,,,,,,,,,,,,,,,,,,,,,,,,,,,,,,,,,,,,,,,,,,,,,,,,,,,,,,,,,,,,,,,,,,,,,,,,,,,,,,,,,,,,,,,,,,,,,,,,,,,,,,,,,,,,,,,,,,,,,,,,,,,,,,,,,,,,,,,,,,,,,,,,,,,,,,,,,,,,,,,,,,,,,,,,,,,,,,,,,,,,,,,,,,,,,,,,,,,,,,,,,,,,,,,,,,,,,,,,,,,,,,,,,,,,,,,,,,,,,,,,,,,,,,,,,,,,,,,,,,,,,,,,,,,,,,,,,,,,,,,,,,,,,,,,,,,,,,,,,,,,,,,,,,,,,,,,,,,,,,,,,,,,,,,,,,,,,,,,,,,,,,,,,,,,,,,,,,,,,,,,,,,,,,,,,,,,,,,,,,,,,,,,,,,,,,,,,,,,,,,,,,,,,,,,,,,,,,,,,,,,,,,,,,,,,,,,,,,,,,,,,,,,,,,,,,,,,,,,,,,,,,,,,,,,,,,,,,,,,,,,,,,,,,,,,,,,,,,,,,,,,,,,,,,,,,,,,,,,,,,,,,,,,,,,,,,,,,,,,,,,,,,,,,,,,,,,,,,,,,,,,,,,,,,,,,,,,,,,,,,,,,,,,,,,,,,,,,,,,,,,,,,,,,,,,,,,,,,,,,,,,,,,,,,,,,,,,,,,,,,,,,,,,,,,,,,,,,,,,,,,,,,,,,,,,,,,,,,,,,,,,,,,,,,,,,,,,,,,,,,,,,,,,,,,,,,,,,,,,,,,,,,,,,,,,,,,,,,,,,,,,,,,,,,,,,,,,,,,,,,,,,,,,,,,,,,,,,,,,,,,,,,,,,,,,,,,,,,,,,,,,,,,,,,,,,,,,,,,,,,,,,,,,,,,,,,,,,,,,,,,,,,,,,,,,,,,,,,,,,,,,,,,,,,,,,,,,,,,,,,,,,,,,,,,,,,,,,,
NUM_GEN,150,50,75,int,Number of generations - reduced to prevent overfitting,,,,,,,,,,,,,,,,,,,,,,,,,,,,,,,,,,,,,,,,,,,,,,,,,,,,,,,,,,,,,,,,,,,,,,,,,,,,,,,,,,,,,,,,,,,,,,,,,,,,,,,,,,,,,,,,,,,,,,,,,,,,,,,,,,,,,,,,,,,,,,,,,,,,,,,,,,,,,,,,,,,,,,,,,,,,,,,,,,,,,,,,,,,,,,,,,,,,,,,,,,,,,,,,,,,,,,,,,,,,,,,,,,,,,,,,,,,,,,,,,,,,,,,,,,,,,,,,,,,,,,,,,,,,,,,,,,,,,,,,,,,,,,,,,,,,,,,,,,,,,,,,,,,,,,,,,,,,,,,,,,,,,,,,,,,,,,,,,,,,,,,,,,,,,,,,,,,,,,,,,,,,,,,,,,,,,,,,,,,,,,,,,,,,,,,,,,,,,,,,,,,,,,,,,,,,,,,,,,,,,,,,,,,,,,,,,,,,,,,,,,,,,,,,,,,,,,,,,,,,,,,,,,,,,,,,,,,,,,,,,,,,,,,,,,,,,,,,,,,,,,,,,,,,,,,,,,,,,,,,,,,,,,,,,,,,,,,,,,,,,,,,,,,,,,,,,,,,,,,,,,,,,,,,,,,,,,,,,,,,,,,,,,,,,,,,,,,,,,,,,,,,,,,,,,,,,,,,,,,,,,,,,,,,,,,,,,,,,,,,,,,,,,,,,,,,,,,,,,,,,,,,,,,,,,,,,,,,,,,,,,,,,,,,,,,,,,,,,,,,,,,,,,,,,,,,,,,,,,,,,,,,,,,,,,,,,,,,,,,,,,,,,,,,,,,,,,,,,,,,,,,,,,,,,,,,,,,,,,,,,,,,,,,,,,,,,,,,,,,,,,,,,,,,,,,,,,,,,,,,,,,,,,,,,,,,,,,,,,,,,,,,,,,,,,,,,,,,,,,,,,,,,,,,,,,,,,,,,,,,,,,,,,,,,,,,,,,,,,,,,,,,,,,,,,,,,,,,,,,,,,,,,,,,,,,,,,,,,,,,,,,,,,,,,,,,,,,,,,,,,,,,,,,,,,,,,,,,,,,,,,,,,,,,,,,,,,,,,,,,,,,,,,,,,,,,,,,,,,,,,,,,,,,,,,,,,,,,,,,,,,,,,,,,,,,,,
CX_PB,0.7,0.5,0.9,float,Crossover probability,,,,,,,,,,,,,,,,,,,,,,,,,,,,,,,,,,,,,,,,,,,,,,,,,,,,,,,,,,,,,,,,,,,,,,,,,,,,,,,,,,,,,,,,,,,,,,,,,,,,,,,,,,,,,,,,,,,,,,,,,,,,,,,,,,,,,,,,,,,,,,,,,,,,,,,,,,,,,,,,,,,,,,,,,,,,,,,,,,,,,,,,,,,,,,,,,,,,,,,,,,,,,,,,,,,,,,,,,,,,,,,,,,,,,,,,,,,,,,,,,,,,,,,,,,,,,,,,,,,,,,,,,,,,,,,,,,,,,,,,,,,,,,,,,,,,,,,,,,,,,,,,,,,,,,,,,,,,,,,,,,,,,,,,,,,,,,,,,,,,,,,,,,,,,,,,,,,,,,,,,,,,,,,,,,,,,,,,,,,,,,,,,,,,,,,,,,,,,,,,,,,,,,,,,,,,,,,,,,,,,,,,,,,,,,,,,,,,,,,,,,,,,,,,,,,,,,,,,,,,,,,,,,,,,,,,,,,,,,,,,,,,,,,,,,,,,,,,,,,,,,,,,,,,,,,,,,,,,,,,,,,,,,,,,,,,,,,,,,,,,,,,,,,,,,,,,,,,,,,,,,,,,,,,,,,,,,,,,,,,,,,,,,,,,,,,,,,,,,,,,,,,,,,,,,,,,,,,,,,,,,,,,,,,,,,,,,,,,,,,,,,,,,,,,,,,,,,,,,,,,,,,,,,,,,,,,,,,,,,,,,,,,,,,,,,,,,,,,,,,,,,,,,,,,,,,,,,,,,,,,,,,,,,,,,,,,,,,,,,,,,,,,,,,,,,,,,,,,,,,,,,,,,,,,,,,,,,,,,,,,,,,,,,,,,,,,,,,,,,,,,,,,,,,,,,,,,,,,,,,,,,,,,,,,,,,,,,,,,,,,,,,,,,,,,,,,,,,,,,,,,,,,,,,,,,,,,,,,,,,,,,,,,,,,,,,,,,,,,,,,,,,,,,,,,,,,,,,,,,,,,,,,,,,,,,,,,,,,,,,,,,,,,,,,,,,,,,,,,,,,,,,,,,,,,,,,,,,,,,,,,,,,,,,,,,,,,,,,,,,,,,,,,,,,,,,,,,,,,,,,,,,,,,,,,,,,,,,,,,,,,,,,,,,,,,,,
MUT_PB,0.4,0.2,0.5,float,Mutation probability (increased from 0.35 for more exploration),,,,,,,,,,,,,,,,,,,,,,,,,,,,,,,,,,,,,,,,,,,,,,,,,,,,,,,,,,,,,,,,,,,,,,,,,,,,,,,,,,,,,,,,,,,,,,,,,,,,,,,,,,,,,,,,,,,,,,,,,,,,,,,,,,,,,,,,,,,,,,,,,,,,,,,,,,,,,,,,,,,,,,,,,,,,,,,,,,,,,,,,,,,,,,,,,,,,,,,,,,,,,,,,,,,,,,,,,,,,,,,,,,,,,,,,,,,,,,,,,,,,,,,,,,,,,,,,,,,,,,,,,,,,,,,,,,,,,,,,,,,,,,,,,,,,,,,,,,,,,,,,,,,,,,,,,,,,,,,,,,,,,,,,,,,,,,,,,,,,,,,,,,,,,,,,,,,,,,,,,,,,,,,,,,,,,,,,,,,,,,,,,,,,,,,,,,,,,,,,,,,,,,,,,,,,,,,,,,,,,,,,,,,,,,,,,,,,,,,,,,,,,,,,,,,,,,,,,,,,,,,,,,,,,,,,,,,,,,,,,,,,,,,,,,,,,,,,,,,,,,,,,,,,,,,,,,,,,,,,,,,,,,,,,,,,,,,,,,,,,,,,,,,,,,,,,,,,,,,,,,,,,,,,,,,,,,,,,,,,,,,,,,,,,,,,,,,,,,,,,,,,,,,,,,,,,,,,,,,,,,,,,,,,,,,,,,,,,,,,,,,,,,,,,,,,,,,,,,,,,,,,,,,,,,,,,,,,,,,,,,,,,,,,,,,,,,,,,,,,,,,,,,,,,,,,,,,,,,,,,,,,,,,,,,,,,,,,,,,,,,,,,,,,,,,,,,,,,,,,,,,,,,,,,,,,,,,,,,,,,,,,,,,,,,,,,,,,,,,,,,,,,,,,,,,,,,,,,,,,,,,,,,,,,,,,,,,,,,,,,,,,,,,,,,,,,,,,,,,,,,,,,,,,,,,,,,,,,,,,,,,,,,,,,,,,,,,,,,,,,,,,,,,,,,,,,,,,,,,,,,,,,,,,,,,,,,,,,,,,,,,,,,,,,,,,,,,,,,,,,,,,,,,,,,,,,,,,,,,,,,,,,,,,,,,,,,,,,,,,,,,,,,,,,,,,,,,,,,,,,,,,,,,,,,,,,,,,,,,,,,,,,,,,,,,,,
MUT_MU,0.0,-1.0,1.0,float,Mutation mean,,,,,,,,,,,,,,,,,,,,,,,,,,,,,,,,,,,,,,,,,,,,,,,,,,,,,,,,,,,,,,,,,,,,,,,,,,,,,,,,,,,,,,,,,,,,,,,,,,,,,,,,,,,,,,,,,,,,,,,,,,,,,,,,,,,,,,,,,,,,,,,,,,,,,,,,,,,,,,,,,,,,,,,,,,,,,,,,,,,,,,,,,,,,,,,,,,,,,,,,,,,,,,,,,,,,,,,,,,,,,,,,,,,,,,,,,,,,,,,,,,,,,,,,,,,,,,,,,,,,,,,,,,,,,,,,,,,,,,,,,,,,,,,,,,,,,,,,,,,,,,,,,,,,,,,,,,,,,,,,,,,,,,,,,,,,,,,,,,,,,,,,,,,,,,,,,,,,,,,,,,,,,,,,,,,,,,,,,,,,,,,,,,,,,,,,,,,,,,,,,,,,,,,,,,,,,,,,,,,,,,,,,,,,,,,,,,,,,,,,,,,,,,,,,,,,,,,,,,,,,,,,,,,,,,,,,,,,,,,,,,,,,,,,,,,,,,,,,,,,,,,,,,,,,,,,,,,,,,,,,,,,,,,,,,,,,,,,,,,,,,,,,,,,,,,,,,,,,,,,,,,,,,,,,,,,,,,,,,,,,,,,,,,,,,,,,,,,,,,,,,,,,,,,,,,,,,,,,,,,,,,,,,,,,,,,,,,,,,,,,,,,,,,,,,,,,,,,,,,,,,,,,,,,,,,,,,,,,,,,,,,,,,,,,,,,,,,,,,,,,,,,,,,,,,,,,,,,,,,,,,,,,,,,,,,,,,,,,,,,,,,,,,,,,,,,,,,,,,,,,,,,,,,,,,,,,,,,,,,,,,,,,,,,,,,,,,,,,,,,,,,,,,,,,,,,,,,,,,,,,,,,,,,,,,,,,,,,,,,,,,,,,,,,,,,,,,,,,,,,,,,,,,,,,,,,,,,,,,,,,,,,,,,,,,,,,,,,,,,,,,,,,,,,,,,,,,,,,,,,,,,,,,,,,,,,,,,,,,,,,,,,,,,,,,,,,,,,,,,,,,,,,,,,,,,,,,,,,,,,,,,,,,,,,,,,,,,,,,,,,,,,,,,,,,,,,,,,,,,,,,,,,,,,,,,,,,,,,,,,,,,,,,,,,,,,,
MUT_SIGMA,0.25,0.1,0.4,float,Mutation std dev,,,,,,,,,,,,,,,,,,,,,,,,,,,,,,,,,,,,,,,,,,,,,,,,,,,,,,,,,,,,,,,,,,,,,,,,,,,,,,,,,,,,,,,,,,,,,,,,,,,,,,,,,,,,,,,,,,,,,,,,,,,,,,,,,,,,,,,,,,,,,,,,,,,,,,,,,,,,,,,,,,,,,,,,,,,,,,,,,,,,,,,,,,,,,,,,,,,,,,,,,,,,,,,,,,,,,,,,,,,,,,,,,,,,,,,,,,,,,,,,,,,,,,,,,,,,,,,,,,,,,,,,,,,,,,,,,,,,,,,,,,,,,,,,,,,,,,,,,,,,,,,,,,,,,,,,,,,,,,,,,,,,,,,,,,,,,,,,,,,,,,,,,,,,,,,,,,,,,,,,,,,,,,,,,,,,,,,,,,,,,,,,,,,,,,,,,,,,,,,,,,,,,,,,,,,,,,,,,,,,,,,,,,,,,,,,,,,,,,,,,,,,,,,,,,,,,,,,,,,,,,,,,,,,,,,,,,,,,,,,,,,,,,,,,,,,,,,,,,,,,,,,,,,,,,,,,,,,,,,,,,,,,,,,,,,,,,,,,,,,,,,,,,,,,,,,,,,,,,,,,,,,,,,,,,,,,,,,,,,,,,,,,,,,,,,,,,,,,,,,,,,,,,,,,,,,,,,,,,,,,,,,,,,,,,,,,,,,,,,,,,,,,,,,,,,,,,,,,,,,,,,,,,,,,,,,,,,,,,,,,,,,,,,,,,,,,,,,,,,,,,,,,,,,,,,,,,,,,,,,,,,,,,,,,,,,,,,,,,,,,,,,,,,,,,,,,,,,,,,,,,,,,,,,,,,,,,,,,,,,,,,,,,,,,,,,,,,,,,,,,,,,,,,,,,,,,,,,,,,,,,,,,,,,,,,,,,,,,,,,,,,,,,,,,,,,,,,,,,,,,,,,,,,,,,,,,,,,,,,,,,,,,,,,,,,,,,,,,,,,,,,,,,,,,,,,,,,,,,,,,,,,,,,,,,,,,,,,,,,,,,,,,,,,,,,,,,,,,,,,,,,,,,,,,,,,,,,,,,,,,,,,,,,,,,,,,,,,,,,,,,,,,,,,,,,,,,,,,,,,,,,,,,,,,,,,,,,,,,,,,,,,,,,,,,,,,
TARGET_TRADES_DAY,3,1,4,int,Ideal trades/day - reduced to be more realistic,,,,,,,,,,,,,,,,,,,,,,,,,,,,,,,,,,,,,,,,,,,,,,,,,,,,,,,,,,,,,,,,,,,,,,,,,,,,,,,,,,,,,,,,,,,,,,,,,,,,,,,,,,,,,,,,,,,,,,,,,,,,,,,,,,,,,,,,,,,,,,,,,,,,,,,,,,,,,,,,,,,,,,,,,,,,,,,,,,,,,,,,,,,,,,,,,,,,,,,,,,,,,,,,,,,,,,,,,,,,,,,,,,,,,,,,,,,,,,,,,,,,,,,,,,,,,,,,,,,,,,,,,,,,,,,,,,,,,,,,,,,,,,,,,,,,,,,,,,,,,,,,,,,,,,,,,,,,,,,,,,,,,,,,,,,,,,,,,,,,,,,,,,,,,,,,,,,,,,,,,,,,,,,,,,,,,,,,,,,,,,,,,,,,,,,,,,,,,,,,,,,,,,,,,,,,,,,,,,,,,,,,,,,,,,,,,,,,,,,,,,,,,,,,,,,,,,,,,,,,,,,,,,,,,,,,,,,,,,,,,,,,,,,,,,,,,,,,,,,,,,,,,,,,,,,,,,,,,,,,,,,,,,,,,,,,,,,,,,,,,,,,,,,,,,,,,,,,,,,,,,,,,,,,,,,,,,,,,,,,,,,,,,,,,,,,,,,,,,,,,,,,,,,,,,,,,,,,,,,,,,,,,,,,,,,,,,,,,,,,,,,,,,,,,,,,,,,,,,,,,,,,,,,,,,,,,,,,,,,,,,,,,,,,,,,,,,,,,,,,,,,,,,,,,,,,,,,,,,,,,,,,,,,,,,,,,,,,,,,,,,,,,,,,,,,,,,,,,,,,,,,,,,,,,,,,,,,,,,,,,,,,,,,,,,,,,,,,,,,,,,,,,,,,,,,,,,,,,,,,,,,,,,,,,,,,,,,,,,,,,,,,,,,,,,,,,,,,,,,,,,,,,,,,,,,,,,,,,,,,,,,,,,,,,,,,,,,,,,,,,,,,,,,,,,,,,,,,,,,,,,,,,,,,,,,,,,,,,,,,,,,,,,,,,,,,,,,,,,,,,,,,,,,,,,,,,,,,,,,,,,,,,,,,,,,,,,,,,,,,,,,,,,,,,,,,,,,,,,,,,,,,,,,,,,,,,,,,,,,,,,,,,,,,,,,,,
TRADES_PENALTY_WEIGHT,0.3,0.1,0.8,float,Penalty for excess trades - reduced to be less restrictive,,,,,,,,,,,,,,,,,,,,,,,,,,,,,,,,,,,,,,,,,,,,,,,,,,,,,,,,,,,,,,,,,,,,,,,,,,,,,,,,,,,,,,,,,,,,,,,,,,,,,,,,,,,,,,,,,,,,,,,,,,,,,,,,,,,,,,,,,,,,,,,,,,,,,,,,,,,,,,,,,,,,,,,,,,,,,,,,,,,,,,,,,,,,,,,,,,,,,,,,,,,,,,,,,,,,,,,,,,,,,,,,,,,,,,,,,,,,,,,,,,,,,,,,,,,,,,,,,,,,,,,,,,,,,,,,,,,,,,,,,,,,,,,,,,,,,,,,,,,,,,,,,,,,,,,,,,,,,,,,,,,,,,,,,,,,,,,,,,,,,,,,,,,,,,,,,,,,,,,,,,,,,,,,,,,,,,,,,,,,,,,,,,,,,,,,,,,,,,,,,,,,,,,,,,,,,,,,,,,,,,,,,,,,,,,,,,,,,,,,,,,,,,,,,,,,,,,,,,,,,,,,,,,,,,,,,,,,,,,,,,,,,,,,,,,,,,,,,,,,,,,,,,,,,,,,,,,,,,,,,,,,,,,,,,,,,,,,,,,,,,,,,,,,,,,,,,,,,,,,,,,,,,,,,,,,,,,,,,,,,,,,,,,,,,,,,,,,,,,,,,,,,,,,,,,,,,,,,,,,,,,,,,,,,,,,,,,,,,,,,,,,,,,,,,,,,,,,,,,,,,,,,,,,,,,,,,,,,,,,,,,,,,,,,,,,,,,,,,,,,,,,,,,,,,,,,,,,,,,,,,,,,,,,,,,,,,,,,,,,,,,,,,,,,,,,,,,,,,,,,,,,,,,,,,,,,,,,,,,,,,,,,,,,,,,,,,,,,,,,,,,,,,,,,,,,,,,,,,,,,,,,,,,,,,,,,,,,,,,,,,,,,,,,,,,,,,,,,,,,,,,,,,,,,,,,,,,,,,,,,,,,,,,,,,,,,,,,,,,,,,,,,,,,,,,,,,,,,,,,,,,,,,,,,,,,,,,,,,,,,,,,,,,,,,,,,,,,,,,,,,,,,,,,,,,,,,,,,,,,,,,,,,,,,,,,,,,,,,,,,,,,,,,,,,,,,,,,,,,,,,,,,,,,,,,,,,,,,,,,,,,,,,,,,,,,,
DD_WEIGHT,0.5,0.2,0.8,float,Drawdown penalty weight - increased to prioritize risk management,,,,,,,,,,,,,,,,,,,,,,,,,,,,,,,,,,,,,,,,,,,,,,,,,,,,,,,,,,,,,,,,,,,,,,,,,,,,,,,,,,,,,,,,,,,,,,,,,,,,,,,,,,,,,,,,,,,,,,,,,,,,,,,,,,,,,,,,,,,,,,,,,,,,,,,,,,,,,,,,,,,,,,,,,,,,,,,,,,,,,,,,,,,,,,,,,,,,,,,,,,,,,,,,,,,,,,,,,,,,,,,,,,,,,,,,,,,,,,,,,,,,,,,,,,,,,,,,,,,,,,,,,,,,,,,,,,,,,,,,,,,,,,,,,,,,,,,,,,,,,,,,,,,,,,,,,,,,,,,,,,,,,,,,,,,,,,,,,,,,,,,,,,,,,,,,,,,,,,,,,,,,,,,,,,,,,,,,,,,,,,,,,,,,,,,,,,,,,,,,,,,,,,,,,,,,,,,,,,,,,,,,,,,,,,,,,,,,,,,,,,,,,,,,,,,,,,,,,,,,,,,,,,,,,,,,,,,,,,,,,,,,,,,,,,,,,,,,,,,,,,,,,,,,,,,,,,,,,,,,,,,,,,,,,,,,,,,,,,,,,,,,,,,,,,,,,,,,,,,,,,,,,,,,,,,,,,,,,,,,,,,,,,,,,,,,,,,,,,,,,,,,,,,,,,,,,,,,,,,,,,,,,,,,,,,,,,,,,,,,,,,,,,,,,,,,,,,,,,,,,,,,,,,,,,,,,,,,,,,,,,,,,,,,,,,,,,,,,,,,,,,,,,,,,,,,,,,,,,,,,,,,,,,,,,,,,,,,,,,,,,,,,,,,,,,,,,,,,,,,,,,,,,,,,,,,,,,,,,,,,,,,,,,,,,,,,,,,,,,,,,,,,,,,,,,,,,,,,,,,,,,,,,,,,,,,,,,,,,,,,,,,,,,,,,,,,,,,,,,,,,,,,,,,,,,,,,,,,,,,,,,,,,,,,,,,,,,,,,,,,,,,,,,,,,,,,,,,,,,,,,,,,,,,,,,,,,,,,,,,,,,,,,,,,,,,,,,,,,,,,,,,,,,,,,,,,,,,,,,,,,,,,,,,,,,,,,,,,,,,,,,,,,,,,,,,,,,,,,,,,,,,,,,,,,,,,,,,,,,,,,,,,,,,,,,,,
DATA_SPLITS,0.65,0.60,0.70,float,In-sample fraction per period - 60-70% for better generalization (30-40% OOS),,,,,,,,,,,,,,,,,,,,,,,,,,,,,,,,,,,,,,,,,,,,,,,,,,,,,,,,,,,,,,,,,,,,,,,,,,,,,,,,,,,,,,,,,,,,,,,,,,,,,,,,,,,,,,,,,,,,,,,,,,,,,,,,,,,,,,,,,,,,,,,,,,,,,,,,,,,,,,,,,,,,,,,,,,,,,,,,,,,,,,,,,,,,,,,,,,,,,,,,,,,,,,,,,,,,,,,,,,,,,,,,,,,,,,,,,,,,,,,,,,,,,,,,,,,,,,,,,,,,,,,,,,,,,,,,,,,,,,,,,,,,,,,,,,,,,,,,,,,,,,,,,,,,,,,,,,,,,,,,,,,,,,,,,,,,,,,,,,,,,,,,,,,,,,,,,,,,,,,,,,,,,,,,,,,,,,,,,,,,,,,,,,,,,,,,,,,,,,,,,,,,,,,,,,,,,,,,,,,,,,,,,,,,,,,,,,,,,,,,,,,,,,,,,,,,,,,,,,,,,,,,,,,,,,,,,,,,,,,,,,,,,,,,,,,,,,,,,,,,,,,,,,,,,,,,,,,,,,,,,,,,,,,,,,,,,,,,,,,,,,,,,,,,,,,,,,,,,,,,,,,,,,,,,,,,,,,,,,,,,,,,,,,,,,,,,,,,,,,,,,,,,,,,,,,,,,,,,,,,,,,,,,,,,,,,,,,,,,,,,,,,,,,,,,,,,,,,,,,,,,,,,,,,,,,,,,,,,,,,,,,,,,,,,,,,,,,,,,,,,,,,,,,,,,,,,,,,,,,,,,,,,,,,,,,,,,,,,,,,,,,,,,,,,,,,,,,,,,,,,,,,,,,,,,,,,,,,,,,,,,,,,,,,,,,,,,,,,,,,,,,,,,,,,,,,,,,,,,,,,,,,,,,,,,,,,,,,,,,,,,,,,,,,,,,,,,,,,,,,,,,,,,,,,,,,,,,,,,,,,,,,,,,,,,,,,,,,,,,,,,,,,,,,,,,,,,,,,,,,,,,,,,,,,,,,,,,,,,,,,,,,,,,,,,,,,,,,,,,,,,,,,,,,,,,,,,,,,,,,,,,,,,,,,,,,,,,,,,,,,,,,,,,,,,,,,,,,,,,,,,,,,,,,,,,,,,,,,,,,,,,,,,,,,,,,,
DATA_SIZE,0,0,10000000,int,Rows to subsample (0 = full dataset),,,,,,,,,,,,,,,,,,,,,,,,,,,,,,,,,,,,,,,,,,,,,,,,,,,,,,,,,,,,,,,,,,,,,,,,,,,,,,,,,,,,,,,,,,,,,,,,,,,,,,,,,,,,,,,,,,,,,,,,,,,,,,,,,,,,,,,,,,,,,,,,,,,,,,,,,,,,,,,,,,,,,,,,,,,,,,,,,,,,,,,,,,,,,,,,,,,,,,,,,,,,,,,,,,,,,,,,,,,,,,,,,,,,,,,,,,,,,,,,,,,,,,,,,,,,,,,,,,,,,,,,,,,,,,,,,,,,,,,,,,,,,,,,,,,,,,,,,,,,,,,,,,,,,,,,,,,,,,,,,,,,,,,,,,,,,,,,,,,,,,,,,,,,,,,,,,,,,,,,,,,,,,,,,,,,,,,,,,,,,,,,,,,,,,,,,,,,,,,,,,,,,,,,,,,,,,,,,,,,,,,,,,,,,,,,,,,,,,,,,,,,,,,,,,,,,,,,,,,,,,,,,,,,,,,,,,,,,,,,,,,,,,,,,,,,,,,,,,,,,,,,,,,,,,,,,,,,,,,,,,,,,,,,,,,,,,,,,,,,,,,,,,,,,,,,,,,,,,,,,,,,,,,,,,,,,,,,,,,,,,,,,,,,,,,,,,,,,,,,,,,,,,,,,,,,,,,,,,,,,,,,,,,,,,,,,,,,,,,,,,,,,,,,,,,,,,,,,,,,,,,,,,,,,,,,,,,,,,,,,,,,,,,,,,,,,,,,,,,,,,,,,,,,,,,,,,,,,,,,,,,,,,,,,,,,,,,,,,,,,,,,,,,,,,,,,,,,,,,,,,,,,,,,,,,,,,,,,,,,,,,,,,,,,,,,,,,,,,,,,,,,,,,,,,,,,,,,,,,,,,,,,,,,,,,,,,,,,,,,,,,,,,,,,,,,,,,,,,,,,,,,,,,,,,,,,,,,,,,,,,,,,,,,,,,,,,,,,,,,,,,,,,,,,,,,,,,,,,,,,,,,,,,,,,,,,,,,,,,,,,,,,,,,,,,,,,,,,,,,,,,,,,,,,,,,,,,,,,,,,,,,,,,,,,,,,,,,,,,,,,,,,,,,,,,,,,,,,,,,,,,,,,,,,,,,,,,,,,,,,,,,,,,,,,,,,
USE_INTERLEAVED_SPLIT,true,false,true,bool,Use interleaved IS/OOS periods instead of single split,,,,,,,,,,,,,,,,,,,,,,,,,,,,,,,,,,,,,,,,,,,,,,,,,,,,,,,,,,,,,,,,,,,,,,,,,,,,,,,,,,,,,,,,,,,,,,,,,,,,,,,,,,,,,,,,,,,,,,,,,,,,,,,,,,,,,,,,,,,,,,,,,,,,,,,,,,,,,,,,,,,,,,,,,,,,,,,,,,,,,,,,,,,,,,,,,,,,,,,,,,,,,,,,,,,,,,,,,,,,,,,,,,,,,,,,,,,,,,,,,,,,,,,,,,,,,,,,,,,,,,,,,,,,,,,,,,,,,,,,,,,,,,,,,,,,,,,,,,,,,,,,,,,,,,,,,,,,,,,,,,,,,,,,,,,,,,,,,,,,,,,,,,,,,,,,,,,,,,,,,,,,,,,,,,,,,,,,,,,,,,,,,,,,,,,,,,,,,,,,,,,,,,,,,,,,,,,,,,,,,,,,,,,,,,,,,,,,,,,,,,,,,,,,,,,,,,,,,,,,,,,,,,,,,,,,,,,,,,,,,,,,,,,,,,,,,,,,,,,,,,,,,,,,,,,,,,,,,,,,,,,,,,,,,,,,,,,,,,,,,,,,,,,,,,,,,,,,,,,,,,,,,,,,,,,,,,,,,,,,,,,,,,,,,,,,,,,,,,,,,,,,,,,,,,,,,,,,,,,,,,,,,,,,,,,,,,,,,,,,,,,,,,,,,,,,,,,,,,,,,,,,,,,,,,,,,,,,,,,,,,,,,,,,,,,,,,,,,,,,,,,,,,,,,,,,,,,,,,,,,,,,,,,,,,,,,,,,,,,,,,,,,,,,,,,,,,,,,,,,,,,,,,,,,,,,,,,,,,,,,,,,,,,,,,,,,,,,,,,,,,,,,,,,,,,,,,,,,,,,,,,,,,,,,,,,,,,,,,,,,,,,,,,,,,,,,,,,,,,,,,,,,,,,,,,,,,,,,,,,,,,,,,,,,,,,,,,,,,,,,,,,,,,,,,,,,,,,,,,,,,,,,,,,,,,,,,,,,,,,,,,,,,,,,,,,,,,,,,,,,,,,,,,,,,,,,,,,,,,,,,,,,,,,,,,,,,,,,,,,,,,,,,,,,,,,,,,,,,,,,,,,,,,,,,,,,,,,,,,,,,,,,,,,,,,,,
NUM_SPLIT_PERIODS,5,3,7,int,Number of alternating periods (IS-OOS-IS-OOS-IS) - odd number recommended,,,,,,,,,,,,,,,,,,,,,,,,,,,,,,,,,,,,,,,,,,,,,,,,,,,,,,,,,,,,,,,,,,,,,,,,,,,,,,,,,,,,,,,,,,,,,,,,,,,,,,,,,,,,,,,,,,,,,,,,,,,,,,,,,,,,,,,,,,,,,,,,,,,,,,,,,,,,,,,,,,,,,,,,,,,,,,,,,,,,,,,,,,,,,,,,,,,,,,,,,,,,,,,,,,,,,,,,,,,,,,,,,,,,,,,,,,,,,,,,,,,,,,,,,,,,,,,,,,,,,,,,,,,,,,,,,,,,,,,,,,,,,,,,,,,,,,,,,,,,,,,,,,,,,,,,,,,,,,,,,,,,,,,,,,,,,,,,,,,,,,,,,,,,,,,,,,,,,,,,,,,,,,,,,,,,,,,,,,,,,,,,,,,,,,,,,,,,,,,,,,,,,,,,,,,,,,,,,,,,,,,,,,,,,,,,,,,,,,,,,,,,,,,,,,,,,,,,,,,,,,,,,,,,,,,,,,,,,,,,,,,,,,,,,,,,,,,,,,,,,,,,,,,,,,,,,,,,,,,,,,,,,,,,,,,,,,,,,,,,,,,,,,,,,,,,,,,,,,,,,,,,,,,,,,,,,,,,,,,,,,,,,,,,,,,,,,,,,,,,,,,,,,,,,,,,,,,,,,,,,,,,,,,,,,,,,,,,,,,,,,,,,,,,,,,,,,,,,,,,,,,,,,,,,,,,,,,,,,,,,,,,,,,,,,,,,,,,,,,,,,,,,,,,,,,,,,,,,,,,,,,,,,,,,,,,,,,,,,,,,,,,,,,,,,,,,,,,,,,,,,,,,,,,,,,,,,,,,,,,,,,,,,,,,,,,,,,,,,,,,,,,,,,,,,,,,,,,,,,,,,,,,,,,,,,,,,,,,,,,,,,,,,,,,,,,,,,,,,,,,,,,,,,,,,,,,,,,,,,,,,,,,,,,,,,,,,,,,,,,,,,,,,,,,,,,,,,,,,,,,,,,,,,,,,,,,,,,,,,,,,,,,,,,,,,,,,,,,,,,,,,,,,,,,,,,,,,,,,,,,,,,,,,,,,,,,,,,,,,,,,,,,,,,,,,,,,,,,,,,,,,,,,,,,,,,,,,,,,,,,,,,,,,,,,,,,
MIN_TRADES_DAY,1,0.5,2.0,float,MUST have at least 0.3 trades/day - further relaxed due to interleaved split reducing effective trading days,,,,,,,,,,,,,,,,,,,,,,,,,,,,,,,,,,,,,,,,,,,,,,,,,,,,,,,,,,,,,,,,,,,,,,,,,,,,,,,,,,,,,,,,,,,,,,,,,,,,,,,,,,,,,,,,,,,,,,,,,,,,,,,,,,,,,,,,,,,,,,,,,,,,,,,,,,,,,,,,,,,,,,,,,,,,,,,,,,,,,,,,,,,,,,,,,,,,,,,,,,,,,,,,,,,,,,,,,,,,,,,,,,,,,,,,,,,,,,,,,,,,,,,,,,,,,,,,,,,,,,,,,,,,,,,,,,,,,,,,,,,,,,,,,,,,,,,,,,,,,,,,,,,,,,,,,,,,,,,,,,,,,,,,,,,,,,,,,,,,,,,,,,,,,,,,,,,,,,,,,,,,,,,,,,,,,,,,,,,,,,,,,,,,,,,,,,,,,,,,,,,,,,,,,,,,,,,,,,,,,,,,,,,,,,,,,,,,,,,,,,,,,,,,,,,,,,,,,,,,,,,,,,,,,,,,,,,,,,,,,,,,,,,,,,,,,,,,,,,,,,,,,,,,,,,,,,,,,,,,,,,,,,,,,,,,,,,,,,,,,,,,,,,,,,,,,,,,,,,,,,,,,,,,,,,,,,,,,,,,,,,,,,,,,,,,,,,,,,,,,,,,,,,,,,,,,,,,,,,,,,,,,,,,,,,,,,,,,,,,,,,,,,,,,,,,,,,,,,,,,,,,,,,,,,,,,,,,,,,,,,,,,,,,,,,,,,,,,,,,,,,,,,,,,,,,,,,,,,,,,,,,,,,,,,,,,,,,,,,,,,,,,,,,,,,,,,,,,,,,,,,,,,,,,,,,,,,,,,,,,,,,,,,,,,,,,,,,,,,,,,,,,,,,,,,,,,,,,,,,,,,,,,,,,,,,,,,,,,,,,,,,,,,,,,,,,,,,,,,,,,,,,,,,,,,,,,,,,,,,,,,,,,,,,,,,,,,,,,,,,,,,,,,,,,,,,,,,,,,,,,,,,,,,,,,,,,,,,,,,,,,,,,,,,,,,,,,,,,,,,,,,,,,,,,,,,,,,,,,,,,,,,,,,,,,,,,,,,,,,,,,,,,,,,,,,,,,,,,,,,,,,,,,,,,,,,,,,,,,,,,,,,,,,,,,,,
MIN_TRADES_PEN_WEIGHT,-100.0,-200.0,-50.0,float,Scalar penalty — zero trades = -100,,,,,,,,,,,,,,,,,,,,,,,,,,,,,,,,,,,,,,,,,,,,,,,,,,,,,,,,,,,,,,,,,,,,,,,,,,,,,,,,,,,,,,,,,,,,,,,,,,,,,,,,,,,,,,,,,,,,,,,,,,,,,,,,,,,,,,,,,,,,,,,,,,,,,,,,,,,,,,,,,,,,,,,,,,,,,,,,,,,,,,,,,,,,,,,,,,,,,,,,,,,,,,,,,,,,,,,,,,,,,,,,,,,,,,,,,,,,,,,,,,,,,,,,,,,,,,,,,,,,,,,,,,,,,,,,,,,,,,,,,,,,,,,,,,,,,,,,,,,,,,,,,,,,,,,,,,,,,,,,,,,,,,,,,,,,,,,,,,,,,,,,,,,,,,,,,,,,,,,,,,,,,,,,,,,,,,,,,,,,,,,,,,,,,,,,,,,,,,,,,,,,,,,,,,,,,,,,,,,,,,,,,,,,,,,,,,,,,,,,,,,,,,,,,,,,,,,,,,,,,,,,,,,,,,,,,,,,,,,,,,,,,,,,,,,,,,,,,,,,,,,,,,,,,,,,,,,,,,,,,,,,,,,,,,,,,,,,,,,,,,,,,,,,,,,,,,,,,,,,,,,,,,,,,,,,,,,,,,,,,,,,,,,,,,,,,,,,,,,,,,,,,,,,,,,,,,,,,,,,,,,,,,,,,,,,,,,,,,,,,,,,,,,,,,,,,,,,,,,,,,,,,,,,,,,,,,,,,,,,,,,,,,,,,,,,,,,,,,,,,,,,,,,,,,,,,,,,,,,,,,,,,,,,,,,,,,,,,,,,,,,,,,,,,,,,,,,,,,,,,,,,,,,,,,,,,,,,,,,,,,,,,,,,,,,,,,,,,,,,,,,,,,,,,,,,,,,,,,,,,,,,,,,,,,,,,,,,,,,,,,,,,,,,,,,,,,,,,,,,,,,,,,,,,,,,,,,,,,,,,,,,,,,,,,,,,,,,,,,,,,,,,,,,,,,,,,,,,,,,,,,,,,,,,,,,,,,,,,,,,,,,,,,,,,,,,,,,,,,,,,,,,,,,,,,,,,,,,,,,,,,,,,,,,,,,,,,,,,,,,,,,,,,,,,,,,,,,,,,,,,,,,,,,,,,,,,,,,,,,,,,,,,,,,,,,,
NORM_SORTINO_MAX,10.0,5.0,20.0,float,Normalization range for Sortino Ratio (used in fitness calculation),9.2244,9.1743,9.1743,9.1743,9.1743,9.1743,9.1743,9.1743,9.1743,5.6076,5.5713,8.1244,7.9183,6.8858,7.0193,12.4228,7.016,7.016,9.1743,8.293,7.7658,7.276,9.1337,8.7376,6.5147,8.1244,5.6076,7.2361,5.6076,8.0751,5.6076,6.9885,8.0585,8.9195,7.0547,8.8606,7.9486,8.1244,10.4304,8.2097,6.6992,6.7562,6.9926,5.479,8.14,6.6992,8.1283,6.9896,6.4073,8.0251,8.0251,7.8055,6.2566,7.0547,8.9537,7.9361,9.1966,8.2973,7.3279,8.2236,6.0521,8.2052,9.0042,8.2052,8.2052,8.1101,11.83,7.2495,5.6022,7.1395,5.5936,8.3586,6.8221,8.452,9.0908,6.9885,8.1831,8.1831,7.0002,6.2078,10.9582,10.9582,7.3805,5.9592,7.4175,7.396,5.7333,5.9301,5.4019,6.53,6.2078,7.0002,6.5911,5.9171,8.1831,7.1471,7.2204,6.7731,6.1872,5.7452,5.0,7.6952,6.7822,6.7623,7.8875,6.2078,6.2078,6.3329,7.6994,8.2546,8.004,5.8668,7.5418,5.6519,7.7622,12.741,5.8264,8.2829,6.1311,5.9277,5.9277,6.3329,5.9529,7.1337,5.8212,6.2078,6.2078,6.1159,6.616,8.2419,5.6519,12.741,9.0908,7.5445,7.9798,7.0481,7.1337,5.0,5.4424,7.1586,6.2078,6.8191,7.5445,6.5365,7.8015,5.4424,8.665,5.4874,7.0481,7.5686,5.8536,9.119,10.7724,8.257,6.146,6.146,6.146,7.5418,9.8651,6.1389,5.5,5.0,7.364,6.9962,7.5575,10.5917,7.5418,5.0,5.9008,9.0908,13.803,5.4119,6.0443,9.8739,5.6208,8.9436,8.3725,6.4246,8.257,8.0222,7.4972,5.1633,6.2584,6.2584,6.4338,5.5492,6.2403,6.2663,6.2403,5.6966,8.7519,7.1238,6.2403,8.3601,6.9647,6.7128,9.9165,7.4347,6.257,9.3934,6.8438,5.9692,5.0,5.7449,5.7248,7.0519,5.7203,5.0,6.628,6.2018,7.2342,7.2571,7.8252,8.1326,8.0377,7.2634,6.7675,8.0377,10.1902,12.3619,7.1337,5.5303,8.0739,6.0892,7.7553,11.8312,7.9778,7.8976,7.8385,8.6208,6.1983,6.6282,9.9336,7.7324,6.5811,5.0,6.5811,7.1062,6.2078,6.0137,5.1509,6.5811,5.1622,6.2872,6.5897,6.0085,6.6505,6.7395,5.8235,6.9896,7.8653,8.2032,6.9694,6.8078,6.5163,9.9248,6.3482,5.8221,5.5803,6.5811,7.8971,6.5811,7.3003,5.0,8.4509,6.1486,6.0735,12.4228,7.0688,7.1055,9.1654,7.4191,7.9894,6.7395,5.0,5.5207,7.8971,8.5815,7.3745,10.3514,6.7237,7.8971,7.8971,6.8139,7.728,7.9603,6.6461,7.8971,7.856,7.8385,9.4702,6.1929,6.1278,5.7998,9.3618,7.2213,6.279,5.0625,6.101,5.8562,5.2684,8.5524,8.157,8.2022,7.8971,8.416,8.416,8.1114,9.4702,9.6415,6.4235,6.0251,7.0231,7.1253,7.318,6.5799,5.0,6.598,8.5524,8.4235,9.9336,8.4308,6.0783,6.0783,9.4312,9.5882,9.5882,5.0,9.4514,9.4975,6.4701,7.6218,8.5815,7.9894,5.8937,6.577,7.7942,7.7465,6.7675,10.2139,7.2993,7.1483,5.0,7.084,9.4702,7.4744,7.177,9.9336,6.4235,8.7328,7.0228,7.3807,5.0,9.7323,7.4175,6.0106,7.0519,6.5501,8.6406,6.0038,7.9596,5.7203,7.1863,5.3836,5.7998,7.768,8.3874,8.9997,6.0531,11.5215,10.5503,9.1983,6.3147,5.8929,7.6722,6.9485,6.7846,7.6722,7.404,10.1882,8.494,7.4668,6.4872,14.8266,10.2139,7.4615,5.2518,7.709,8.0861,6.5996,6.5996,6.9485,6.7455,6.0674,8.12,6.8073,8.1105,5.0,5.6499,5.0,8.6423,7.8752,7.8247,6.5799,6.0531,6.773,7.3807,7.5289,5.3639,7.8083,8.6424,8.9373,6.409,9.3431,8.2286,5.7742,7.8787,8.7563,6.8454,7.7251,7.8083,7.7611,6.3622,8.141,6.2916,8.2917,6.7596,8.3968,8.7026,7.2563,7.4668,6.2104,7.8948,6.4425,8.9725,13.9977,7.5589,5.0869,8.6944,5.0,6.2104,5.0,7.3722,8.0408,13.6364,14.9527,6.192,5.0,10.9479,7.7614,6.9713,13.5415,8.3464,6.667,8.0211,7.8981,5.6674,8.0861,11.2699,6.3985,7.7614,5.0,11.4699,8.122,9.0202,7.5068,5.71,8.595,7.0167,5.0,7.1385,9.4882,6.9896,9.3065,6.4963,8.5951,5.0,8.4133,9.8092,7.3287,11.4699,6.4002,8.3138,7.6387,8.2102,8.5542,8.1163,6.4993,6.6357,9.0715,11.1591,8.0744,8.0744,8.6959,6.7326,7.5265,6.2993,6.2078,5.9856,5.0,8.2769,6.4877,6.7885,6.7088,5.0,5.0,7.2345,6.3261,5.0,6.4581,6.2602,7.7217,7.5572,5.0,12.2571,8.2634,7.8101,7.45,8.1291,6.3361,9.3078,8.7735,6.4025,9.7741,9.0799,9.8246,14.515,6.8329,16.0913,5.0,5.2089,8.3874,6.7952,9.5065,7.2877,7.2655,5.5478,5.8536,5.8143,6.5044,8.0467,7.8486,6.7175,5.2344,6.6554,6.105,8.9612,5.0,8.0487,6.3257,16.038,6.3229,7.8685,6.9713,7.6829,6.9713,5.0,6.1632,11.8502,5.0,7.3406,7.2931,6.8644,8.0251,6.3288,7.6769,7.7225,8.0745,6.9713,6.0349,6.9424,6.3025,9.5065,7.523,8.0744,6.2773,7.0047,10.7813,10.6295,7.0407,10.947,5.0,8.0983,10.3115,5.9192,7.6368,9.8226,11.4943,6.9677,6.4408,7.8486,12.0685,7.5952,8.8996,8.6192,6.2299,11.9859,10.1622,7.5781,9.7337,10.6295,8.7243,8.6704,7.1544,10.6295,7.8887,14.6654,7.4717,6.1891,9.7874,9.4129,6.2072,7.8905,6.0047,8.9,6.5811,7.8295,13.5693,7.1939,8.3902,7.3882,7.7497,6.3055,7.3882,8.0467,6.3011,8.4859,11.317,6.5267,6.3011,9.2102,8.6472,8.2312,9.8506,7.5524,6.8107,6.2362,8.6396,8.9475,7.4877,5.9859,7.9167,6.2362,6.2362,7.5285,7.9214,8.1731,9.6172,13.6116,8.6803,8.6623,5.4319,6.3328,6.8102,7.9063,8.4554,7.9828,5.9859,8.3937,9.7697,10.757,8.7945,8.9506,8.1261,9.2569,7.9945,8.6854,7.7003,8.6803,7.4667,8.3481,5.9859,9.4392,7.6209,5.687,6.1092,15.2616,7.6094,6.0999,11.0448,5.6081,7.8208,7.4848,7.7114,5.0,8.4438,6.9391,7.2843,8.6704,8.6704,9.5948,7.1413,6.9391,7.89,6.5799,8.572,5.0,5.0,8.8536,7.6618,8.9919,5.0,5.3415,8.3851,9.9708,10.127,7.9099,8.6407,8.5026,6.2942,6.2187,8.6331,13.0062,5.4033,7.9774,8.9189,8.9649,13.1653,8.294,8.727,7.4092,5.0,8.4232,8.294,6.9971,8.4991,7.9016,7.5802,5.1055,9.2354,8.4199,9.7695,9.1032,7.7221,6.367,8.1921,5.6215,9.1032,7.2343,8.2677,6.3328,6.7667,8.7036,12.3556,9.7695,7.0525,8.6425,14.0628,7.8213,12.4676,8.1482,6.0088,6.574,7.3829,8.5339,9.7695,7.1148,7.9079,6.1808,8.064,7.5113,14.8571,6.864,7.4535,9.7695,6.8869,6.0451,6.1697,6.2014,8.5137,12.7054,7.9135,7.3829,6.9242,7.1576,6.9422,6.5902,9.7695,5.0,7.9225,9.1294,7.7273,7.5528,8.3925,5.7883,7.2898,7.8258,7.9886,14.8571,5.3527,6.8907,7.9886,10.427,7.883,8.1053,7.6196,9.3845,8.529,14.8402,9.3488,8.6958,6.7106,6.8538,7.4223,7.9217,8.8318,12.7891,8.0925,8.3902,5.623,5.5589,5.349,10.0905,8.3435,9.7089,5.0,8.5813,7.9427,5.7782,5.5589,7.7291,7.9427,7.4449,7.9063,6.7615,7.3942,8.9941,5.0,6.6408,5.2996,6.5979,7.0058,7.3013,9.4584,7.1808,11.2699,11.6032,15.4893,8.6395,9.6683,7.9519,5.9564,5.0,6.7106,8.9203,6.5941,13.6091,7.9259,14.8571,8.4872,6.3926,6.2005,10.8844,6.1785,6.0602,7.883,7.5147,8.7323,8.1001,8.1001,7.883,5.7482,6.56,7.1709,7.4171,7.7769,9.1355,7.7496,7.9427,7.4848,5.6047,6.2829,7.0214,8.1267,7.4165,10.5769,11.1821,7.3692,11.0213,10.415,11.1821,8.0501,6.4888,7.4165,7.3197,8.6116,7.6869,6.359,5.4838,8.6331,7.3154,9.5635,7.8954,10.8365,9.6268,7.7618,7.259,5.3161,8.4055,5.0,7.1937,8.5468,9.1517,5.5471,10.6864,8.3586,8.6893,8.4767,8.3857,7.7958,5.5471,6.723,7.6533,9.2301,7.7531,7.9379,8.0968,5.1566,7.2318,8.3398,8.9771,12.7833,7.4454,7.8686,9.0898,8.0414,9.0387,6.9238,11.5069,8.7464,8.3032,6.9569,7.7192,10.1001,7.8056,9.3006,7.9427,10.0342,8.3978,8.6058,8.1097,12.117,8.1244,7.1562,8.2877,8.5008,8.3857,5.6657,9.0349,8.8613,9.8486,8.3187,8.3331,8.4553,7.3498,8.1538,8.4553,8.4868,8.0051,11.4319,11.2758,9.1866,8.3857,10.8896,11.8562,7.2369,7.9226,7.8341,9.2828,7.7966,9.0322,9.1643,12.0659,9.6052,8.9102,5.0,8.0334,5.6339,11.1994,8.6895,5.8466,7.4228,8.0534,7.7292,7.2639,9.2686,6.6788,9.1865,9.1865,9.1767,6.0204,11.6992,10.2121,9.9634,6.3538,6.5774,6.9476,7.1937,8.1838,6.3237,6.5129,7.6805,7.1334,6.3237,7.1334,7.1334,7.1334,16.8205,7.9698,9.3748,5.0,7.7843,6.3887,7.6386,8.4844,11.4319,11.4643,6.9422,5.4584,10.046,6.9476,7.7771,11.4319,11.4319,6.1688,6.9476,6.3279,7.9337,11.4974,5.0,8.7285,11.5704,11.5704,6.1688,11.8943,6.2488,5.0,13.4395,11.7051,13.4256,13.194,12.4228,12.4228,12.5537,11.5701,6.0624,6.1688,6.3647,9.8511,11.5704,13.2235,6.6521,14.8749
NORM_DD_MAX,100000.0,50000.0,200000.0,float,Normalization range for Max Drawdown in dollars (used in fitness calculation),190664.6276,198704.7479,198704.7479,198704.7479,198704.7479,198704.8832,198704.92,198704.92,198704.7479,173482.9031,173482.9031,190710.583,200000.0,186413.4935,195623.204,187786.5547,194680.7382,194680.7382,198704.5346,191058.5608,176453.6703,193733.844,190426.3091,190426.3091,179746.4244,190710.583,173482.9031,192540.5527,173482.9031,188834.6643,173482.9031,162256.1494,191021.5108,190438.8067,192540.5527,190438.7599,190710.583,190710.583,193705.7765,190665.8278,187565.3442,187565.3442,192140.0602,187329.1683,191021.5108,187565.3442,191094.5259,189875.6278,190151.2995,188993.4771,188993.7124,188993.7124,190785.168,192540.5527,190438.7599,188993.7124,183523.667,190970.4641,183348.1921,191037.0088,189257.7498,190340.8229,195618.9243,190340.7144,190340.7144,188589.2603,195159.6137,200000.0,191627.8416,192549.546,178529.3364,188994.2109,186754.6786,199695.7374,198767.1187,162256.611,196132.3307,196132.3307,183348.1709,186694.6027,199999.7137,200000.0,195649.8368,188445.8974,191043.8372,188508.0074,191203.0617,188445.8974,195689.4195,194003.43,186694.8748,183348.1709,195422.1309,165469.7223,196132.8461,183348.1921,181207.9854,186849.1641,165469.7223,165469.7223,188519.4015,188724.9735,182945.4307,186646.5665,199567.0597,186694.5859,186694.5859,186582.7124,190258.292,188096.0574,190529.6589,198998.6195,195710.7781,186615.6656,189062.3906,190778.5094,155706.552,196730.6648,190213.227,196832.4018,196832.4018,186582.7124,198051.9806,192557.8814,186656.1054,186694.6027,186694.6027,186623.2978,191271.9705,181263.4251,186615.6656,190778.5094,198767.1187,195649.7472,186937.3021,186551.1474,192557.8814,195260.6578,191634.2653,193736.9902,186694.6027,192998.2046,195649.8368,186624.5403,195649.979,191634.2653,195853.0907,165923.6971,186551.1474,192847.3377,189164.1856,188246.1425,200000.0,199558.0986,198998.6195,198998.6195,198998.6195,195710.7781,193824.7073,198998.6195,200000.0,190237.3461,192769.1659,192031.5775,191085.4699,197892.3095,195710.5066,190237.1823,200000.0,198767.1187,198040.2916,190192.2876,198998.6195,188189.5128,198799.8676,173939.4952,198485.256,198294.689,199558.0986,197234.8224,191425.2461,191248.3186,169554.5534,169554.5534,194393.8297,200000.0,198998.7328,194302.27,198998.6195,196768.795,200000.0,198556.3113,198998.7328,188957.8892,188696.4841,197417.4182,193513.8425,186589.6279,190664.4615,197935.1307,158377.8803,190450.0769,163049.0868,185347.5594,198998.6195,193915.4932,198998.6195,198844.559,186299.349,196956.8112,188242.464,188242.464,191322.703,189307.3774,191047.7619,190483.4423,199725.9931,191047.7619,200000.0,193109.025,192557.8814,177591.7565,189307.8334,186615.954,187551.2032,151037.8849,183515.9315,174675.4706,183628.791,186726.2279,167800.3944,191901.1053,193824.7073,186141.856,199725.8717,189826.3807,199725.9931,108626.8528,186694.6027,186239.2563,190824.5631,199725.2357,200000.0,192955.0378,199725.9931,198121.3487,200000.0,183348.1709,192362.3462,189875.5929,173896.7543,195781.0831,186165.4519,186165.418,186165.418,188931.823,193388.6144,186239.2563,199417.1655,199725.9931,187661.9799,199725.9931,184905.1953,163049.0868,154115.945,197702.9467,195650.8057,187786.6237,189240.3447,189017.5811,190741.3284,187375.2334,187661.9799,183348.1709,190573.5076,188161.3495,187661.9799,187734.7904,162589.3401,182569.9151,97454.3635,187662.0742,187661.9799,194049.5662,184001.923,191906.217,193844.2874,187661.9799,190262.3978,183628.791,141139.9462,179271.4024,193324.8313,188151.5251,200000.0,199716.6277,191734.8247,178429.3377,179431.7655,196642.2434,182825.2888,191033.8338,187661.9799,181576.0651,187661.9799,188103.1387,188103.1387,188177.9175,141139.9462,193902.1627,198957.7868,186807.3669,189538.3072,177063.0907,193137.4712,198047.6583,176275.2919,196727.2235,191033.8338,189560.8579,193824.8699,196145.2866,181821.7938,181821.6142,193904.5473,193904.5473,193904.5473,193022.5398,188426.8761,189568.4668,193843.2293,181662.7654,187734.7904,187661.9799,187059.908,166725.4278,187329.4937,186917.4348,199725.9931,200000.0,170134.6359,185435.0365,189336.8186,194925.3974,141140.1345,193678.1299,193241.4377,193824.7073,198957.8765,194970.6576,178405.3305,192933.4144,195713.3563,189580.7595,199631.9102,184246.9876,193915.4932,185772.2763,192104.5723,191360.8018,200000.0,198998.1839,185950.3272,189560.3233,188151.3591,189620.6296,195638.5804,112599.2588,192697.7383,183176.7348,191118.7715,193409.7259,200000.0,186543.3811,186626.0784,190154.7044,181274.3374,186626.0784,189203.5417,197934.4956,191668.8207,192806.8114,51431.5945,189452.251,200000.0,195007.6233,155036.999,189845.6887,184433.7348,188774.6696,188774.6696,190154.7044,190154.7044,183900.9883,200000.0,182481.5572,191961.9281,182852.6419,193943.7198,188430.4087,194593.4247,191807.469,183292.24,198047.6583,192697.9273,197087.9129,192933.4144,191942.1498,186030.4033,192059.0864,191186.2144,141269.4202,188397.7811,172382.3592,190923.4912,186239.2563,197604.6372,189258.1167,180688.4028,187213.8085,192058.9841,187954.1793,187476.0972,193387.1096,193888.6148,190543.656,197347.6611,180199.5525,186875.5682,179862.3922,192806.8468,178594.7018,184780.7559,200000.0,189091.9562,191713.9449,179530.0056,196374.748,190839.5491,200000.0,178594.7018,193329.986,200000.0,185631.2314,199779.1332,189237.1192,193857.2015,200000.0,192634.1077,192421.2708,199401.4565,198907.4847,200000.0,187674.1972,197419.5082,195521.174,188301.2336,184433.7348,193098.3171,189478.1834,192421.2708,195665.3367,101456.6764,199152.4563,191391.8787,193614.4572,200000.0,135385.1007,192376.4999,193330.0224,189599.0626,195225.3014,189875.3402,195225.3014,200000.0,200000.0,193330.1425,185018.2199,122149.1389,171624.965,101456.7536,191773.8383,195281.6912,181947.3853,186738.4481,139923.0911,190057.0833,198101.7637,200000.0,192273.6909,184862.7683,186413.5446,186413.5446,186854.0063,189448.2569,194043.3879,189298.0491,186694.6027,186492.1259,185381.6144,179214.5819,189747.7703,191556.4486,102842.6661,184437.7915,180885.0461,190430.9041,186624.9856,161818.5437,185748.2457,200000.0,181376.8165,194284.9005,182389.0231,197974.4588,186657.4432,195712.1247,186423.6016,190698.507,188299.816,195472.1935,195448.7144,163106.6802,200000.0,189190.7596,200000.0,192275.8558,196651.9596,189354.6714,186179.5471,196239.1463,195638.1716,192972.791,195225.1633,198243.9536,180946.4884,188739.5705,189164.1856,181829.958,188393.8589,184997.2306,187476.4725,174111.2848,179367.6785,194880.2327,190160.9007,191186.2144,193330.172,186413.5446,184456.2217,193055.2928,190506.0165,182796.4487,199401.4565,194166.3624,199401.4565,169871.4529,200000.0,199992.2986,172381.1075,190706.6045,105962.3484,196206.8901,182774.9998,200000.0,193678.5287,174277.2513,174277.1643,199401.4565,185503.0318,196141.6233,181345.0918,195225.1633,153652.8946,186413.5446,190208.5914,195443.1158,192500.0651,185487.3297,190276.7845,185487.4447,155335.8398,195349.7819,185487.3297,190853.6598,188253.2713,186770.3717,111894.4559,192926.4599,190029.0024,187476.4725,197773.6445,140369.6553,188635.468,195448.4249,196093.4064,155837.4728,194962.6013,184320.8816,193755.1198,185487.5289,187268.6415,193104.1649,169906.3721,185487.3297,187763.056,194891.1621,200000.0,157695.8897,200000.0,187603.5585,193805.2822,171936.9091,188159.116,200000.0,199725.9931,190608.5895,184572.097,184618.8508,178650.4143,190128.8955,171533.1461,185040.9163,190128.8955,184997.2306,184823.5499,192909.1656,192876.4235,193941.011,184823.5499,178267.8022,192237.0332,193311.6836,200000.0,185537.6707,188645.9808,181530.8045,195677.561,200000.0,198783.723,193340.2521,169471.9798,181530.8045,181530.8045,180099.3872,195833.1591,200000.0,194114.7544,192884.283,184100.5641,190897.6894,200000.0,190838.1456,194221.6902,183786.9763,191159.4018,195855.8104,193340.4506,197304.0705,192836.208,191175.262,200000.0,188659.2788,110878.7055,193428.0573,174315.0589,199548.731,194850.9929,184100.5641,184596.7678,184010.0968,193340.4506,198210.1073,188824.8976,192925.0433,172829.1269,191353.3173,200000.0,193340.4506,200000.0,189253.9318,189472.1276,53184.5346,193554.3017,196211.8335,197263.8351,184596.3793,184596.3793,193103.7351,193103.7351,183829.9971,191120.1676,184596.143,192761.3928,198047.6583,197780.9449,191612.9856,191612.9856,189256.3097,190719.3678,194791.4589,191733.6921,195712.9608,186566.1183,193456.8973,200000.0,200000.0,189729.0656,122672.5412,197103.1058,195579.5192,192818.6938,190360.6623,196108.8303,186774.1581,198074.1198,125961.6147,190360.6623,194919.4698,187620.2657,182987.5782,177891.6052,186689.7204,194919.4698,191844.7726,199999.8806,192364.4049,193688.9976,177891.6052,196177.3641,185873.9735,189085.9315,197725.5284,187558.1282,198201.7352,192456.3011,192848.8953,197725.3477,190157.7601,199100.3094,189001.2202,200000.0,198105.5009,195391.1316,189085.9315,193276.3601,196324.2041,184700.28,184454.6472,195261.7998,189226.2543,182962.8875,193005.7995,174374.2137,200000.0,189085.9315,196931.235,192363.0073,193241.8151,200000.0,196891.3171,192618.1794,184865.2672,200000.0,189085.9315,196815.3413,194126.9272,188485.5485,194529.6951,190116.6847,193965.0628,190040.2957,174374.2137,190526.2456,189492.7065,184865.2672,149236.4583,189085.9315,184375.0146,190056.8281,190763.3811,188301.1831,195577.6087,190616.7896,193069.6055,184700.1832,189298.1591,194881.1343,192618.1794,187985.5739,200000.0,194881.0454,188185.7646,182655.4443,193948.5095,200000.0,191944.0422,190331.1681,188878.4268,192059.5905,52878.1028,178610.6482,192479.1623,183882.6519,200000.0,200000.0,178449.8467,192101.806,186380.0044,179317.2883,187985.5739,196170.5897,190227.6291,193133.7787,194211.1374,196621.9861,200000.0,178803.5037,186467.5184,187985.5739,193080.0516,178803.5037,191964.727,183786.9763,191287.317,198781.2752,192477.2386,200000.0,153166.4159,193008.7141,176554.1082,171399.4282,190611.2944,200000.0,180075.5122,193098.4288,192847.8783,182759.674,196741.023,192881.6427,158943.5267,183960.3557,185491.4894,178610.1387,152342.7869,189585.6682,186779.0983,190392.903,192618.1794,190187.2835,191356.3936,196324.9732,167282.9786,200000.0,185125.4091,182654.9195,182654.9195,196300.9806,199999.7519,200000.0,182655.3298,200000.0,196345.6932,191766.3182,184948.0046,189203.3418,178886.9401,185680.3055,178803.5037,53184.7397,200000.0,188422.6645,185270.3491,194243.5843,187557.7543,200000.0,176724.4788,185921.1241,193828.7557,192379.675,176724.4788,195229.4171,196773.9535,187557.8525,178501.1955,193118.1118,189092.9435,196345.6932,184810.119,192818.9854,199774.8583,200000.0,187052.0479,200000.0,185486.359,187558.1282,178501.2752,196910.2329,193118.1115,176677.6221,175584.8569,200000.0,190412.8998,198138.9071,200000.0,193118.1118,193118.1118,193118.3096,193118.1118,186965.6218,198138.9071,188232.542,190517.4701,191188.5241,188556.3427,188883.6718,192670.3518,199695.977,191966.1569,200000.0,192988.8884,199422.9233,200000.0,187174.4087,191978.2086,187844.4487,193217.8842,198426.3208,185313.2276,185391.2984,193118.1118,197094.1677,189243.5422,50000.0,193880.1768,188272.7627,178803.5037,186814.9411,193118.1142,195304.0541,190321.2115,196546.202,190321.0918,200000.0,187263.9531,192896.4367,193118.1118,187181.2978,200000.0,186591.717,197377.3732,192896.4367,192896.4367,181569.028,193510.0051,194067.8436,181569.028,200000.0,190784.8018,193509.2953,186826.6976,192936.1098,193118.1118,187306.6216,192434.6424,191864.8136,189271.7498,193118.1118,174593.1718,200000.0,200000.0,199914.883,151359.8931,197078.8377,200000.0,200000.0,121702.8526,178351.8553,197296.7601,190830.5973,185375.5275,194357.6566,175772.0966,190321.2115,185502.1822,188716.0056,177741.4638,185953.6264,185953.6264,185283.5362,188404.101,190517.8766,193641.2438,193641.2438,156168.7032,194283.9356,199999.8781,193100.2703,183626.9305,190317.3413,187371.8701,191247.8143,193100.2368,190317.0698,193100.5996,193100.2368,193100.2368,171363.7728,191617.7061,200000.0,162320.072,184830.3206,197642.5097,184830.3206,193294.6159,193509.0098,193509.2953,200000.0,199429.6512,178320.2051,199999.69,193118.2315,193509.2953,193509.2953,185172.4571,199999.69,185654.9204,193343.8679,193508.7781,188685.8441,192710.437,199301.6061,199301.6061,185172.4571,178840.9248,196747.5373,200000.0,191442.572,185469.291,182829.9315,182639.969,187786.5547,187786.5547,187786.5547,185017.8759,185172.4571,185172.4571,184711.4712,195092.6884,199301.6061,200000.0,178665.7788,164322.3043
NORM_PF_MAX,5.0,3.0,10.0,float,Normalization range for Profit Factor (used in fitness calculation),6.3523,5.6256,5.6256,5.6256,5.6256,5.6256,5.6256,5.6485,5.6256,7.5142,7.5142,6.3305,7.1262,6.042,6.128,6.3762,6.0601,6.0432,5.6256,6.3554,6.9362,6.4015,6.3362,6.4212,6.1031,6.3305,7.5142,6.0802,7.5142,5.8529,7.5142,6.6819,6.1155,6.2917,6.0802,6.005,6.0501,6.2839,5.9755,6.3331,6.4947,6.4947,6.0851,6.4464,6.1155,6.4947,6.1164,6.0793,6.5938,5.9669,5.8871,5.8871,6.4007,6.0802,6.1852,5.8871,6.1179,6.0378,5.9913,6.0939,6.8475,6.2608,6.998,6.1605,6.1569,6.2742,6.377,6.0861,6.2522,6.3179,6.248,5.7977,6.071,7.1449,6.4222,6.8419,6.939,6.939,5.8106,6.283,6.2394,6.2394,6.3464,6.2189,6.0015,6.2646,5.6652,6.2189,6.2061,6.4852,6.1687,6.029,6.2399,5.8215,6.939,6.029,6.066,5.7309,5.8215,5.8215,6.2869,6.091,7.374,6.0578,6.9117,6.0301,6.0301,6.0517,6.5142,6.2528,6.1689,6.9985,6.2538,5.8926,5.8836,5.9067,6.4615,6.3832,6.0682,6.1235,5.9275,6.0592,7.0831,6.115,6.0097,6.283,6.283,6.0631,3.9661,7.3026,5.6443,5.9067,6.4222,6.2858,5.9003,6.1474,6.115,6.3271,6.2363,6.0899,6.283,6.2492,6.3464,6.1054,6.3464,6.2363,6.5206,6.6644,6.1474,6.1026,5.7089,6.6439,5.5007,6.2402,7.0641,7.1766,7.0641,6.1851,5.8348,7.1187,7.2872,5.8031,6.241,7.033,6.1419,6.3353,6.2538,5.8031,6.0238,6.4987,6.5557,6.441,7.1325,6.1815,6.7328,7.1404,7.6778,7.2629,6.2402,7.5127,6.7888,7.1045,4.8924,4.8924,6.3647,6.8783,7.1187,5.9336,7.1187,6.0946,6.8724,6.7085,7.1187,6.5794,6.1044,5.6946,5.9191,6.1678,7.0191,6.4158,7.5599,6.372,7.3005,8.0552,7.1325,6.0871,6.9559,7.3725,6.2291,7.1251,6.8767,6.8767,6.3407,6.5671,6.0346,6.8437,6.4488,6.0346,5.4677,6.821,6.115,6.3855,6.5671,6.1087,5.9943,6.5141,6.669,6.2133,6.6369,5.8888,7.487,6.2604,5.8735,6.4632,6.3674,5.9673,6.4488,6.3233,6.1976,6.1882,6.0248,6.3674,6.8783,6.1031,6.4046,5.3876,7.0313,6.029,6.8132,6.0793,6.1009,5.8234,6.1314,6.1314,6.1314,6.2309,5.9008,5.5447,5.7256,6.4488,5.6728,6.1704,5.5055,7.3005,7.9245,6.8597,6.2729,6.3077,6.3096,6.0195,6.2658,6.5201,5.6728,6.029,6.0939,6.0276,5.6728,6.7193,5.8277,6.0065,7.1851,5.6728,5.6728,6.4891,6.5459,6.1512,6.162,5.6728,6.0112,6.6369,6.9324,6.2302,6.5296,6.0952,5.6345,5.5819,6.4701,5.9556,6.1399,5.6914,6.4785,6.0604,5.6728,6.7116,5.523,5.4887,5.4887,5.5187,6.9618,6.093,6.3292,6.8863,6.8444,5.3503,6.0803,7.5401,6.5179,5.882,6.0604,6.4174,5.8735,5.9776,4.8574,5.0081,6.0756,6.0756,6.0756,6.5521,6.1851,6.8223,7.1534,5.8041,6.3898,5.6728,6.2524,6.2024,6.3603,6.9493,6.5151,5.8696,6.4991,6.147,7.052,4.1683,6.5835,6.0835,6.0776,5.8348,6.3292,6.5087,6.306,6.261,7.3965,6.0189,6.2088,6.2935,6.0871,6.0108,6.0114,6.7631,6.3953,6.9559,5.8069,5.8808,6.0952,6.8775,6.5586,5.72,5.5079,4.1493,6.4339,6.0104,6.5927,6.2758,6.6259,6.39,5.091,6.6259,7.0735,7.4512,6.6576,5.9889,6.7388,5.8042,5.8509,6.0382,6.2661,6.0283,6.8847,5.4996,5.4996,6.4777,6.4777,6.6071,7.3821,6.0654,4.9172,5.8856,5.9362,6.5499,6.0093,6.8247,6.5565,7.5401,5.5079,6.0881,6.261,6.7766,6.4177,6.9435,4.6348,6.2259,6.1054,5.5904,6.1097,6.1882,5.492,6.3067,5.9495,6.0571,7.0196,6.3622,6.5904,5.7358,6.9048,7.6104,7.8454,6.2473,6.0672,6.2381,5.9889,6.3214,6.9034,6.0232,6.5585,6.2103,6.3558,5.8933,6.4822,6.1697,6.3214,7.5789,4.9696,6.2007,5.9317,7.1312,6.0928,6.1697,6.1423,5.976,5.2223,5.7825,6.3987,6.0142,5.9687,6.8434,5.2895,6.8847,7.0465,6.6952,5.976,6.9398,5.8896,6.5228,6.1044,6.0608,7.172,6.9501,5.7403,7.6745,5.9979,6.3496,6.0793,6.3376,6.064,7.4889,7.6752,6.1019,7.2639,6.7096,5.8896,4.4784,6.931,6.5711,5.9443,6.299,6.1782,6.0206,6.1121,6.4559,6.4047,6.0046,6.0046,6.2934,6.6055,6.1824,5.783,6.283,6.5675,6.2016,5.3402,6.1494,6.206,6.9786,6.4388,8.5629,5.6283,6.2041,5.9338,6.1083,6.6957,5.6016,6.0314,5.899,6.2428,6.7542,6.4714,6.9104,6.571,6.6588,6.4594,6.2442,5.1431,5.5473,6.2878,4.2681,6.1224,5.853,6.4961,6.8935,8.7015,6.2874,6.813,6.0512,6.0745,6.7468,6.0014,5.7089,5.9557,5.74,6.1139,8.2459,6.0455,5.6451,5.4214,6.8913,4.6348,7.5789,6.0046,6.3694,6.0908,6.266,6.1396,5.2223,6.671,5.2223,5.7334,6.4836,5.6855,7.8765,6.5689,4.308,6.0262,6.8328,5.6675,6.2624,3.9708,3.8501,5.2223,6.4257,5.7302,6.7529,6.0512,6.4162,5.8081,6.9977,6.571,5.9899,3.9836,6.1701,3.8758,6.0311,6.2061,3.9836,6.2066,6.0146,6.2747,6.2339,5.9731,6.7606,8.2459,6.2115,6.4464,6.0091,6.2442,6.1741,4.5294,6.5831,6.374,7.2371,3.9836,6.1367,6.0994,6.0242,4.2638,6.2673,5.9563,6.3096,6.3225,7.4222,6.456,6.0808,5.9063,6.0735,8.5623,6.4488,6.0971,6.2309,8.004,5.1462,6.4072,5.91,6.1425,6.4072,6.0666,6.0276,5.7564,5.9484,6.0497,6.0276,5.423,6.7502,5.3297,6.7591,6.5956,5.1951,6.0869,6.3184,6.5151,8.3153,6.3273,5.8093,6.0869,6.0869,6.185,6.127,6.4297,6.6154,6.6534,6.7608,6.3488,5.9086,5.4706,6.2092,6.8205,5.9671,6.8129,6.3273,7.1275,7.2737,6.831,6.6032,6.3224,6.5183,6.1154,6.1595,6.5532,6.0863,6.7608,6.2949,5.05,6.3273,6.1166,4.8543,5.941,6.0238,6.463,5.3863,6.1315,6.4387,6.9448,5.6944,4.6444,5.9769,6.371,4.9699,6.2949,6.2949,6.0994,6.0994,6.8275,6.9501,6.1071,6.3375,7.5401,6.2635,6.8696,6.8897,6.3375,6.0575,5.7545,6.2713,7.7006,6.1787,5.8905,6.1834,5.6464,6.507,6.2649,6.4022,7.5792,6.2832,6.1006,6.0603,6.4807,5.5154,4.9705,6.1006,6.3268,6.7098,6.4522,6.3194,6.6534,6.3268,6.1107,6.1002,5.1898,5.7989,6.3194,6.6555,6.484,5.9597,5.7514,5.7553,6.299,6.0125,6.2816,5.7514,7.0532,6.3536,5.9392,5.9145,7.0238,6.0555,5.944,5.7609,6.3777,6.1295,6.1067,6.1441,5.6249,6.0893,6.5586,5.8945,5.6639,5.944,6.9041,5.7254,6.3474,6.5454,6.2164,6.5286,5.7441,6.6395,5.944,6.3772,6.4955,6.4989,6.1402,6.1164,6.087,5.5014,5.8945,6.3631,6.8888,5.7441,5.6085,5.9597,6.1971,7.0589,6.7388,5.6884,5.7583,6.4076,6.1173,5.7325,6.2812,6.4467,6.5286,6.4504,5.5362,6.4467,6.9285,6.8656,5.9702,6.607,6.4379,6.5777,6.9737,6.8094,6.6771,6.0783,6.6285,5.9695,5.9948,6.0008,5.5008,6.0754,6.2325,6.2193,6.4504,6.3817,4.6188,6.0954,6.1769,5.9053,6.2257,6.4975,3.7398,6.4504,6.1337,6.6253,6.0474,6.9558,6.8708,6.0191,6.7969,6.8687,6.0094,6.2355,5.4167,6.0689,6.0145,6.982,4.2507,7.0465,6.2794,6.4396,5.2147,6.2893,6.8855,6.2333,6.1732,6.483,5.8488,6.1763,5.6037,6.3124,6.5286,7.0431,6.2871,6.5348,6.2895,6.9732,6.2958,6.7143,6.7143,4.5439,7.5264,7.5264,6.7143,7.2881,5.9964,6.3686,5.9593,6.502,7.0729,5.9217,6.5789,4.6444,6.4486,6.4528,5.9928,6.7818,6.3757,4.5048,4.7708,6.3229,6.3731,6.6794,4.7708,5.9596,6.7226,6.3757,7.8197,6.2102,6.9956,5.9964,5.786,6.2832,6.1959,4.7239,6.1422,4.8747,6.5366,6.0915,7.8197,6.8518,6.3587,4.7182,6.6087,4.7116,6.3328,6.3458,4.7253,6.187,6.1782,6.1758,6.2102,6.6953,6.3458,6.4946,5.7047,6.1922,5.9838,6.268,7.5729,6.5721,5.584,6.3979,6.317,6.2005,6.0878,6.3653,7.1763,6.1654,6.5647,6.7473,6.2459,6.7263,6.1866,5.9023,5.9898,6.8639,6.8671,7.0297,6.6253,7.1272,6.3923,6.602,5.672,5.8977,5.672,5.7289,6.2124,6.2092,6.2366,6.2462,6.1062,6.5394,6.0892,6.2092,6.2092,6.0035,6.138,6.2212,6.0035,6.1119,6.1577,6.3574,5.6599,5.0808,6.2102,6.0875,6.1141,6.8102,6.0092,6.2052,5.7981,6.9252,4.7116,6.2205,6.4262,4.9591,5.2398,5.24,7.406,6.138,4.7948,6.2475,5.8513,6.6041,6.3658,5.672,5.4463,6.4294,4.4094,5.934,5.7302,6.5551,6.1465,5.6391,6.3633,6.3633,4.3766,6.0885,5.7285,6.0896,7.2647,6.4093,6.3605,6.06,6.0896,6.4093,6.0337,6.0896,6.0896,5.8338,6.1519,6.3108,10.0,6.8769,6.3103,6.8769,7.1438,6.3574,6.1186,4.0365,4.5688,5.7478,5.803,6.1988,6.1186,6.3574,6.538,5.803,6.3086,6.3428,6.4002,8.577,6.3713,6.1415,6.1415,6.3013,6.2689,6.1158,6.3298,7.5795,6.3307,5.5231,5.8668,6.3762,6.3762,6.3762,6.392,6.3013,6.3013,6.3471,6.1478,6.1415,6.0214,6.0424,6.0068
NORM_TRADES_MAX,3.0,1.0,5.0,float,Normalization range for Avg Trades/Day (used in fitness calculation) - reduced to 3.0 for realistic expectations,3.4817,2.9991,2.9991,2.69,2.6261,2.9991,2.9991,2.9991,2.9991,2.3919,2.3919,3.5965,4.5974,3.3102,3.0554,3.298,4.0569,4.0569,2.6261,3.5233,3.2677,3.0962,4.4056,4.2853,3.9476,3.5474,2.3919,3.9463,2.3919,3.742,2.3919,3.1254,3.9052,3.4578,3.9463,3.4578,3.5474,3.5474,2.9331,3.5237,3.9124,3.8712,3.2278,3.7535,3.4581,3.5599,3.4734,3.4105,3.613,3.311,3.3462,3.3462,4.2489,3.9463,3.4401,3.3462,2.9619,2.8114,2.5902,3.4427,3.3979,2.955,3.2232,2.3108,2.3108,2.7778,3.1245,3.221,3.2162,2.9537,3.5513,3.311,4.4434,3.8991,3.1987,3.1254,4.1568,3.4777,2.5902,3.2687,3.8717,3.8717,3.2617,3.5886,3.5919,3.8241,2.5197,3.5886,4.0075,3.8491,3.2687,2.5902,2.7965,3.1165,3.44,2.5902,2.4796,3.2804,2.7558,2.7558,3.9721,2.3041,3.7617,4.4819,3.2928,3.2687,3.2687,4.3322,3.2244,3.5303,2.9899,3.3994,3.7924,3.441,3.373,3.0198,3.1275,3.5163,3.9365,3.5737,3.5737,4.3322,3.101,2.3354,4.3895,3.2687,3.2687,4.5392,3.1398,3.5753,3.441,3.0198,3.1524,3.2617,3.1038,4.3961,2.3354,2.5988,3.0851,2.0226,3.2687,2.7101,3.2617,4.6427,3.2617,3.0851,3.1975,3.259,4.5854,3.9349,2.6458,2.952,2.9085,2.9902,3.3994,3.3994,3.3994,3.7033,2.6085,3.3994,3.3563,3.6283,3.2947,3.1967,3.4267,3.2213,3.7924,3.6283,3.5757,2.8079,3.1977,3.4435,3.3994,3.9625,3.3958,3.6317,2.0278,2.6473,2.9428,2.4363,3.6144,3.2253,3.2297,3.1716,4.3002,2.4161,3.3994,3.0143,3.3994,2.8479,3.3427,5.0,3.3994,3.2521,3.7233,2.5829,2.3987,3.4646,4.4175,3.0816,2.678,4.2647,2.6405,3.7772,3.3994,2.1603,3.3994,2.6366,4.4738,3.4127,3.4473,3.4473,3.0475,3.2791,3.7339,3.572,4.6225,3.7339,2.9316,3.0006,1.804,3.4002,3.2791,4.1947,3.7283,3.0521,3.2842,2.8722,2.8685,3.4658,1.7849,1.7142,2.8228,1.469,4.6225,2.6287,4.6225,2.9873,3.3442,3.2991,2.4659,4.6225,2.4161,2.9894,4.768,3.6257,2.8021,2.5902,2.0708,3.4105,2.8771,5.0,2.9474,2.9474,2.9474,3.4639,4.7144,3.2991,3.5175,4.768,2.2502,4.7423,2.9853,2.6405,3.5222,3.308,3.9658,3.0229,3.1896,3.011,3.3033,3.6209,2.7256,2.5902,3.7802,3.5431,2.0878,3.3744,2.8178,2.8559,3.4147,1.9168,2.2502,2.863,2.9682,2.8353,3.6251,2.2502,4.958,3.0305,3.1554,3.9046,3.3326,3.1305,2.6923,3.7214,3.3516,3.3425,2.9571,3.9277,2.8258,3.7134,2.204,3.1715,2.2769,3.2948,3.2948,2.7381,3.1554,3.8751,3.5317,3.6856,2.8346,3.2608,1.5753,2.2511,4.5514,3.0704,3.6551,2.982,2.9863,2.6038,4.0183,3.6865,3.4802,3.4802,3.5294,2.6754,2.8786,3.1448,2.8724,2.5115,3.3744,2.2502,3.2055,3.4763,3.2055,2.7214,4.6142,3.2073,3.5174,4.3375,3.6141,3.2949,3.1792,3.2442,3.6439,2.6085,3.6001,2.8559,3.5565,3.2835,3.4335,3.944,3.105,2.7397,1.8518,3.7327,5.0,2.8518,3.0378,2.9405,3.3301,3.6652,3.1305,3.1575,3.3204,3.2308,3.4034,4.035,2.7223,3.5928,3.1719,3.5162,3.2995,2.1049,3.6728,3.3184,3.0557,2.6647,3.0936,2.9885,3.5104,3.5028,3.2073,3.4243,2.5506,3.1148,2.9437,4.2988,3.6056,2.1049,2.4768,3.0882,3.0873,5.0,3.0774,2.8116,3.1605,3.4697,2.7347,3.2311,3.2474,2.2511,3.1807,2.7168,2.8872,3.5114,1.1493,3.6621,2.9115,3.4996,3.156,3.2321,3.0042,3.2991,3.1947,3.3762,3.2241,2.9135,3.6621,2.7037,2.4054,3.0461,2.7759,3.887,2.7025,3.5078,2.9151,4.2789,2.9885,2.9163,3.7533,1.5885,3.5176,4.4511,3.2659,3.3289,2.8589,3.8301,2.7302,4.9776,2.4658,1.9748,2.2246,3.2829,3.6322,3.8301,2.6211,3.6758,2.4131,3.2981,3.2219,3.4027,2.8643,3.0626,3.5639,2.9437,2.9261,3.3464,3.6758,5.0,3.4695,2.99,3.221,3.9034,3.401,3.5283,3.0701,4.9776,3.0614,4.9502,3.4105,4.9502,2.6163,3.0358,4.9776,3.2597,4.3728,5.0,3.4695,3.5922,2.8962,3.4569,3.1503,3.5904,3.9389,3.0405,3.4287,2.9009,3.2116,3.1598,3.1598,3.4282,2.861,3.0576,3.7343,3.2687,2.891,3.3073,2.9666,3.6415,3.5249,2.6581,3.4019,3.5348,2.1891,4.7479,2.8846,4.3268,3.4252,2.6607,3.1137,2.3096,3.469,2.9735,4.2713,2.9407,2.5625,2.805,3.1771,3.5818,2.6037,4.0411,3.3231,2.4462,3.2579,2.7546,2.7674,2.3208,2.6649,3.3204,3.7509,4.9502,3.0956,5.0,3.5324,2.6458,3.1992,2.7375,3.9758,1.3865,3.8014,3.0495,2.7963,4.0511,3.1663,4.9776,3.1598,2.6896,3.3821,4.2945,3.7861,2.5985,3.412,2.5985,2.8377,2.2634,3.2772,2.7835,3.1696,2.3285,2.8408,3.0103,4.3701,2.0234,2.2815,2.2815,2.0368,5.0,3.6314,3.6529,4.9502,4.714,3.0585,4.1572,3.316,4.209,2.2458,3.0545,2.2458,2.7764,4.2566,2.4274,3.3141,2.252,2.0879,2.7991,2.7947,4.0978,1.8065,3.2461,4.0856,3.0717,3.2074,4.2019,2.4537,3.6404,4.2691,5.0,2.2458,3.806,3.3026,5.0,2.2458,3.8047,3.2064,3.715,2.9347,2.4645,2.9672,3.7426,2.9607,2.9233,3.2849,5.0,4.0502,3.6416,5.0,2.3723,3.2568,3.508,2.7984,3.2568,4.0054,2.8786,1.6574,3.2134,2.3815,2.8786,2.5859,2.0964,2.982,2.4455,4.4853,2.6002,3.0927,2.748,3.1528,3.5811,3.2026,3.2733,3.0927,3.0927,3.3378,4.402,3.8851,3.4035,2.7717,2.6043,2.6139,2.8616,2.2145,3.2044,2.8671,3.3459,3.2549,3.2026,3.0179,4.0762,4.0236,4.8503,3.8324,3.3857,3.7075,4.1979,3.1892,3.1817,2.6043,2.9804,2.0105,3.2026,3.5002,2.2588,3.2207,2.7069,3.0208,1.3943,3.2026,3.0708,3.8049,3.1862,2.3673,3.1329,2.4698,3.7206,2.9804,2.9804,3.3026,3.3026,3.3282,1.9894,2.9804,5.0,2.3974,5.0,4.7448,4.5843,3.5507,2.5509,2.4357,4.4156,3.4335,2.6369,4.6086,3.2836,4.3633,3.8376,3.2095,3.5101,2.8888,3.2711,3.6439,2.607,3.3342,3.5825,2.8359,3.6439,2.5956,3.6394,4.0941,2.9861,4.3031,2.5956,2.8022,3.103,2.6972,3.0227,2.9843,3.4674,3.2725,2.9386,3.58,2.6863,2.901,3.7614,2.5305,3.5775,2.7533,2.867,3.0017,2.9272,3.3985,3.2878,2.9386,3.0554,3.2065,3.0674,2.9036,2.8415,3.6254,3.0183,3.2194,2.3759,3.1582,2.9386,2.4253,3.7524,2.2489,3.0324,3.5967,2.7087,2.9852,3.7614,2.9386,2.4164,4.3286,3.5988,3.7399,3.0876,3.1079,2.183,2.3759,4.6213,3.3126,2.9852,2.9414,2.6843,3.511,3.101,2.8441,2.6985,4.9061,2.8397,2.4361,2.8126,4.7583,2.8513,2.7235,3.0903,2.6341,2.8169,4.8793,3.1935,5.0,2.6836,1.5659,4.3658,2.7394,2.7663,3.7878,2.9807,3.7393,4.3504,4.0705,3.2316,3.516,4.6007,5.0,3.5853,3.0903,3.2842,3.8377,4.7835,2.8423,4.3387,3.1752,3.2958,4.6318,3.0903,4.2079,3.2958,3.0998,3.2349,3.0219,3.6927,3.0356,3.2582,4.8484,2.9968,2.8162,2.6453,3.0665,1.7915,2.9446,2.9261,4.4825,2.802,3.1176,1.0,2.8522,3.3298,3.3758,2.9807,3.3141,3.4806,2.0584,3.773,2.7235,3.2522,2.3708,3.1441,3.3313,3.9127,2.2806,3.1935,3.2052,5.0,4.6143,4.6143,3.1935,3.5428,4.7251,3.7883,3.4702,3.3153,3.1683,1.0,3.2958,2.3673,3.0318,3.219,4.165,3.2202,2.3389,2.2876,2.3517,2.9743,2.6996,3.1679,2.2696,2.8838,1.6144,2.3389,2.2351,3.4684,3.49,4.7251,3.0159,3.2711,3.5594,2.3465,3.6739,2.3529,3.0249,2.6863,2.1607,2.978,3.2591,1.8797,3.533,2.961,4.5074,2.2258,3.9114,3.189,3.1733,3.5482,3.2326,1.6699,2.2366,5.0,2.7007,2.7688,3.6311,5.0,3.5443,3.4414,3.1996,3.0557,3.2878,2.9581,4.2658,3.6392,4.2107,2.9637,3.4047,3.2747,3.0966,2.8347,3.3312,4.4611,3.2205,3.7792,2.5579,3.3085,3.2958,2.1722,3.3129,2.9478,2.7715,2.9444,2.7715,4.1914,3.1174,3.311,3.376,2.7295,3.4299,3.2061,3.647,3.311,3.311,2.7741,3.3106,3.601,2.7741,3.15,2.731,2.6602,2.3438,3.3464,3.376,3.0246,2.4473,3.363,2.4592,3.376,3.2743,3.5743,2.961,2.3697,3.0825,3.2379,4.9118,4.8091,5.0,3.4685,3.7174,2.6923,2.742,2.2121,3.3638,2.7715,2.4393,2.9838,1.2065,3.0865,3.0865,3.6368,2.6783,2.2021,1.0428,1.2838,4.4777,2.7494,2.9329,3.6175,3.4355,3.8622,4.1836,2.9355,3.6175,3.8622,3.5829,3.6175,3.3275,2.204,2.8843,2.7051,2.7528,3.5814,2.717,3.5814,3.0387,2.6602,2.6602,3.6087,2.5167,3.625,2.9329,3.4038,2.6602,2.6602,2.8148,2.9329,2.5473,2.716,2.6602,4.2169,2.532,3.0876,3.1118,2.8148,2.8618,2.9537,2.8112,2.6008,2.7755,2.2426,2.9373,3.298,2.9766,2.9766,3.6304,2.8148,2.8148,3.4005,2.3774,2.9319,2.7023,2.5475,2.6677
NORM_PNL_MAX,465000.0,100000.0,1000000.0,float,Normalization range for Total Profit in dollars (used in fitness calculation) - increased to prevent maxing out,164353.0171,244300.9458,244301.0461,244301.0461,244301.0461,244300.9003,244300.9003,244300.9895,244301.0461,100000.0,100000.0,555458.2711,260323.3596,230414.7687,113295.0341,432578.2178,165147.4763,165147.6956,244301.0461,160069.892,426920.3566,307928.2981,165692.4281,165692.4281,258976.9483,555458.2711,100000.0,177106.9881,100000.0,170085.4769,100000.0,436181.573,167286.485,165570.5697,177106.553,165570.5697,555458.2711,555458.2711,107635.7494,166387.806,150361.9836,150361.9258,366231.5709,100000.0,167286.485,150362.5593,166163.6123,558147.6635,282146.068,255944.3436,255944.3436,255944.4602,185730.1454,177106.553,165570.2176,255944.4602,306144.9241,312496.4181,217119.5239,159026.2891,121507.0015,515956.0133,701298.816,515956.2213,515956.1352,193621.0486,381568.0414,496960.7292,122119.0223,343770.7516,198296.2922,255944.3436,201508.3235,205537.3555,119793.3161,436181.3671,173512.8336,173512.8336,217119.7347,239559.7621,165688.2738,165688.2738,202002.4122,189138.0552,171973.3434,100000.0,103094.0243,189138.0552,432875.2604,146846.66,239559.7621,217119.7347,111233.8559,346958.071,173512.6822,217119.7347,229079.0272,259262.124,346958.071,346958.071,254482.9497,229550.3927,141032.9046,263127.2391,267514.1682,239559.7621,239559.7621,261569.1508,100000.0,136915.8994,100000.0,132866.1823,144651.7464,261452.3251,170507.5583,102001.1874,202168.2575,131667.1411,196153.0548,481305.1094,481305.1094,261569.1508,134585.0945,100000.0,261449.4001,239559.7621,239559.7621,261566.2258,245960.7326,386447.0926,261452.3251,102001.2395,119793.3161,202002.3249,235801.6751,257299.3585,100000.0,463396.729,186762.3298,361922.2837,239559.7621,169815.0235,202002.5325,257179.6077,202002.5713,186762.3298,222775.5033,204445.7104,257299.3585,164843.4609,331603.9295,100000.0,106648.9467,131749.2111,132866.1695,132866.1695,132866.1695,144651.7464,205999.8121,132866.1823,385950.7022,363882.5912,100000.0,218266.3126,359526.2249,183014.6565,144651.8336,363882.5065,430007.517,119793.3161,492555.2182,482746.8317,132866.4732,142367.9343,137744.7787,383096.175,184764.1331,113485.4612,131749.2111,117043.9075,335735.1787,100000.0,129425.5362,129425.5362,121093.6966,100000.0,132866.1823,100274.8729,132866.1823,100000.0,130632.7554,160312.2624,132866.1823,100000.0,296225.5139,117826.2608,204459.1365,235409.7205,247700.5424,139516.0297,330806.8081,220297.3376,349017.9848,137173.615,132866.4732,259919.4041,132866.1823,100000.0,229773.237,382599.7846,269054.8394,269054.5951,263553.8218,100000.0,169409.5206,209965.8132,171728.6513,169409.5206,112840.386,100000.0,100000.0,130107.6155,100000.0,261452.3251,270676.3742,488524.2925,100000.0,149573.4158,275849.7507,126429.5724,277333.4594,198038.1768,205999.8121,128016.5012,171728.6513,100000.0,171728.6513,100000.5879,239559.7621,267824.6755,241077.1128,171728.5542,100000.0,282058.5083,171728.6513,137206.9819,133666.2477,217119.9255,189078.5528,558147.7976,105819.4707,167916.682,266264.5502,266264.5502,266264.5502,129112.5584,417173.9122,267824.6755,137344.15,171728.6513,267057.5477,171728.6513,116698.7886,349017.9848,322968.3977,132729.0142,135790.118,432578.2448,232533.8291,194222.7818,100000.0,460436.763,267057.6585,217119.9255,236521.4792,108671.9765,267057.8807,242879.8744,214291.3933,242112.5837,257318.9979,267058.2561,267057.6585,120716.0719,290853.7616,100000.0,126806.4942,267057.6585,100000.0,275849.6394,130211.4943,440873.175,267287.014,129118.7578,230959.26,177323.8205,271614.8565,160281.0965,354396.5233,113886.0203,128592.0858,157216.2149,267057.8807,197734.7089,267057.6585,182325.805,182325.805,212876.8585,130211.6011,237155.7406,141270.1798,100000.0,278745.9469,176898.7473,100000.0,168096.3383,349373.6749,149311.1038,157216.2149,305846.0351,205999.8121,301672.2537,128937.8017,128937.8017,230426.8785,230426.8785,230426.7847,590040.3597,263514.5155,409724.7678,277150.3935,106363.6356,242879.8744,267057.6585,272318.8834,236648.7377,216992.6022,294033.3195,171728.6513,207081.1083,280384.9321,182351.4476,201524.7733,135563.1522,130211.6011,138772.9178,171870.6378,205999.8121,141270.1798,248759.6846,100000.0,100000.0,316397.3081,455117.1009,166281.8438,408609.2432,259919.4041,531913.1506,230356.6247,262266.2485,210058.8176,132866.0196,250465.3552,173454.5856,129118.7578,335584.4295,158214.834,320921.0548,279337.4526,116367.2688,394615.1262,112629.3585,100000.0,177675.775,162970.2602,100000.0,139870.294,162970.2602,170455.2169,146437.4816,164822.3821,100000.0,255486.5691,226912.1027,207081.1083,179260.5079,381670.3045,296898.8771,169784.4034,183259.8215,183259.8215,100000.0,100000.0,142979.6102,266120.1777,162038.7584,161741.0106,253404.8128,100000.0,204011.7625,594899.4858,298180.5518,263892.4801,168096.3383,279337.4526,230035.1751,100000.0,274874.7387,208747.0937,131459.3709,240557.2857,228874.1709,107657.3561,101754.2191,136997.9694,267824.2079,100000.0,140653.0381,208237.4776,143499.0626,131459.3709,100000.0,183117.7507,189332.0173,251516.6259,223852.0889,361331.7669,147036.1834,151876.4327,289320.2164,100000.0,256343.8356,266863.8181,127531.3666,422996.2587,275865.9641,179445.19,233718.7245,242538.4619,100000.3231,256343.8441,272485.6945,183556.3059,131378.6747,100000.0,234968.0682,206791.5984,100000.0,118707.3462,100000.0605,129665.0687,227326.6398,141040.3503,278937.281,100000.0,175851.4146,117635.0304,169784.4034,124275.9419,270876.4365,100000.0,100000.0,235923.1638,283132.6787,234278.488,255601.1363,145825.0106,410695.777,189573.5434,272485.2828,161568.3988,100000.0,558147.7976,100000.0,133359.1446,123749.5924,272485.2828,129049.8556,100000.0,100000.0,235923.0362,215864.8761,166370.6512,257619.1295,100000.0,329677.2612,299216.6529,198120.2043,120585.7471,273555.7564,210717.846,118904.9055,118904.4662,231432.0746,364052.7685,231579.9279,471003.5288,239559.7077,190679.9004,276908.5453,145358.7818,159207.7608,134931.7531,284342.0715,143066.4439,289648.8109,173581.5302,258859.5515,100000.0,163739.9977,520124.3994,100000.0,145424.1765,670811.9314,100000.0,143392.0597,133277.6246,114090.3985,100000.0,294060.8161,244121.02,143445.5948,100000.0,113590.4585,151110.2478,243306.2829,100000.0,129950.6193,239896.3536,112783.6494,197665.3718,158214.834,162938.1611,100000.1088,256335.8113,100000.0,100000.0,331603.9295,384584.5973,138362.2081,116963.318,183461.48,424271.8916,166960.5651,100000.0,225271.919,240557.2857,272485.4142,118904.4662,144421.8666,238862.758,147944.2082,393945.3169,129664.5817,279857.0385,129664.5817,358326.3349,185147.949,211507.2436,229494.0822,428591.325,112441.0827,130076.7834,190437.2094,212969.0693,328233.5159,251543.2934,251543.2934,129664.5817,174690.6649,164407.0132,154426.3635,100000.0,800310.7406,118904.4662,104897.7432,127563.4729,218014.0398,418243.2981,409332.4984,418243.2981,153059.3783,187104.7078,418243.2981,131840.3904,285466.796,234593.3921,298774.4175,202195.8341,306490.6066,183461.8849,465481.042,898484.7886,230034.3369,143445.5948,163833.6668,100000.147,209804.8463,293329.2396,203589.0017,418243.2981,100000.0,141845.349,291859.5428,418243.2993,242707.7408,411593.4446,161619.811,132591.3034,156836.8113,152510.3912,139735.0807,303100.7126,200501.9928,100000.0,171728.6513,100000.0,268482.9221,241288.3927,110220.558,148468.0509,208169.2788,172717.0669,148468.0509,116963.318,203405.2626,265320.5307,203574.9292,132244.9227,203405.3726,450657.3881,197049.6313,236789.8393,246417.6021,223824.0889,112974.3743,329712.4316,249770.1183,210924.8232,166076.0599,136128.9674,100000.0,329712.4316,329712.4096,109020.9877,116981.9064,637190.447,169539.0536,100000.0,238714.4,100000.0,196870.5735,147888.8019,147721.3375,130133.773,191291.0525,177362.9975,136129.4514,868806.3655,296659.7815,153040.7664,100000.0,195297.3086,100000.7614,108484.5803,131866.3681,135101.1572,171945.9051,238714.4,100000.0,100000.0009,136129.4609,344973.0234,100403.4689,380463.3451,138552.3667,474563.2372,100000.0,136129.4514,363833.3517,183663.2078,242092.6118,100000.0,243474.6422,749671.492,116986.7676,100000.0,100000.0,141845.0664,141845.349,101209.0096,102082.4446,100000.0,116819.615,168096.4307,171178.6453,338831.6649,338831.6649,183768.9896,613231.9808,281668.8884,276861.2679,316397.266,110891.1169,100000.0,100000.0,215734.6285,187817.7816,109064.0975,100000.0,215644.4267,143650.5984,146554.8847,358676.3542,183449.7286,300472.925,130898.498,146554.8847,331608.7037,131729.8296,213135.9652,122478.3872,246185.6507,331608.7037,344541.9545,113778.3667,122971.4611,182762.6871,122478.5105,160751.3245,144533.3949,159828.146,260517.4171,100000.0,180034.3928,182477.3451,177462.552,260518.14,162152.8027,158345.5845,100000.0,227339.3332,267203.1567,272753.3958,159828.146,192427.0932,145263.5341,100000.0,100441.5363,100000.0,197817.8424,214714.378,199236.7158,115286.1873,113778.6971,159828.146,352414.0096,277334.6083,136843.0021,218638.2755,490566.9113,417794.4644,200591.7751,185364.4808,159828.0718,103657.5465,129266.0418,183453.2913,197401.7439,140928.9658,250858.7073,206285.3633,115286.1873,100000.0,195339.0011,200591.7751,130725.4847,159828.146,209055.9787,204812.5394,204024.9724,203186.3798,100000.0,100000.0,100000.0,221917.7039,164268.2168,132448.7333,417794.4644,252298.8648,126962.9322,132448.7457,146838.6251,180686.4058,128219.0687,159786.1505,358928.7872,291457.0492,126068.5762,271827.6254,251978.5752,220114.5783,198775.5137,149806.5793,187827.5602,100000.0,183572.3703,397419.1694,268126.0351,233306.1269,252298.9056,294163.7185,142594.7002,139625.9916,169959.4922,193848.5796,162462.896,193631.4375,100000.0,252298.8648,100000.1929,193631.4375,264304.1309,130133.773,327891.8223,414423.2375,455765.1175,102411.8557,110130.3958,183245.5397,125675.3765,100000.0,122648.6665,232055.9968,100000.0,124275.9841,301618.4561,480217.0622,154793.6666,144469.518,262884.623,261206.4335,225441.5649,220114.5783,244463.182,129616.0751,176848.3596,134415.595,417794.4502,130547.509,209234.9821,143847.7869,236780.5769,190436.316,310038.7622,180686.4058,180686.4058,148750.5075,292309.0236,292308.5072,180686.4058,534081.0525,170767.4283,158830.507,280755.1489,166589.4345,241219.7525,100000.0,193631.4375,100000.0,260311.4115,173108.6652,608895.2735,158386.0353,100000.0672,105341.3808,100000.0064,185061.814,233178.6088,301587.1398,100000.0064,100000.0,187772.7028,100000.0,100427.6943,251267.2143,205701.2094,170767.4283,274523.6852,143650.5984,343608.7775,105104.5333,257484.5624,100000.0067,252294.6416,100000.0,100427.6943,307010.8482,251267.0677,100189.9077,133175.1236,137363.6488,165776.58,370103.5353,208904.5994,251267.0642,251267.1231,251267.2247,251267.1231,144765.188,370103.6628,100000.0633,179041.5779,130562.479,184925.2961,197475.4111,249652.493,139221.2667,222679.738,235909.3133,233736.2202,194025.4129,173555.1588,226571.1483,310333.8955,108189.5722,174409.5741,159654.8254,252257.3795,233197.5651,251266.746,208932.8133,180614.9737,100000.0,100000.0,134536.4605,193631.4375,307246.4698,251267.1297,100000.0,184335.7284,100000.0,184335.7284,252120.5578,133613.6811,252496.7602,251267.4465,307318.2346,185703.0695,189189.1473,100000.0,252496.8851,252496.7598,299770.0701,146273.8618,100000.0,299770.3261,175811.3839,160263.7426,391480.5936,390549.7464,224004.0724,251267.1231,259662.9161,256069.5629,230314.9858,179910.7474,251267.5386,207127.6507,140366.7123,137363.6488,116427.6959,249196.9865,107987.9168,243548.2189,100000.0,100000.0,507065.4298,125841.9818,120258.3131,100000.0,135695.7459,184385.5434,184335.7284,126029.6053,211074.5717,416347.9544,131226.5163,131226.5807,215790.7526,100000.0,100000.0,145955.191,145955.2255,1000000.0,639364.6838,162817.6535,157094.8917,100000.0129,133377.639,147288.3538,278251.9952,157094.5565,133377.9988,157094.5565,157094.5565,157094.5565,100000.0,214212.2883,155087.4184,270652.8105,164425.1126,402810.1095,164425.1126,478717.7653,391480.5936,391480.5936,220464.2431,118996.2858,227592.2719,162817.2033,251267.0991,391480.5936,391480.5936,400014.1308,162817.492,401480.9086,465111.5606,391480.4656,282865.5385,144810.7896,137810.3133,137810.3133,400014.1308,404490.3048,268556.0708,269944.8213,240896.6679,276665.0694,278605.9715,361663.1287,432578.2178,432578.0765,432578.0765,402030.4531,400014.1308,400014.1308,407370.7668,132177.2434,137810.3133,100000.0,409564.2868,409497.4854
MIN_WIN_RATE,0.40,0.30,0.50,float,Minimum win rate threshold (hard constraint - strategies below this are eliminated),0.5,0.3,0.3,0.3,0.3,0.3,0.3,0.3,0.3,0.3582,0.3582,0.322,0.308,0.4081,0.4185,0.3015,0.3,0.3,0.3,0.5,0.3,0.5,0.5,0.5,0.3188,0.322,0.3582,0.3,0.3582,0.5,0.3582,0.3,0.5,0.5,0.3,0.5,0.322,0.322,0.3,0.5,0.5,0.5,0.3028,0.3008,0.5,0.5,0.5,0.3018,0.3012,0.419,0.419,0.5,0.4781,0.3,0.3,0.3,0.4565,0.4495,0.5,0.5,0.4687,0.3457,0.3516,0.3457,0.3457,0.3222,0.3013,0.3679,0.3366,0.3,0.4703,0.419,0.342,0.3,0.3351,0.3,0.3,0.3,0.3,0.4168,0.3995,0.3995,0.4874,0.4472,0.3,0.4014,0.4459,0.4472,0.3,0.43,0.4168,0.3,0.4689,0.3,0.5,0.5,0.3,0.4084,0.3,0.3,0.3309,0.3,0.4553,0.356,0.3341,0.3,0.3356,0.358,0.4529,0.4293,0.5,0.3,0.4815,0.3583,0.4393,0.3,0.5,0.4121,0.384,0.3644,0.3,0.358,0.3,0.3,0.359,0.4168,0.3356,0.3587,0.3,0.3675,0.3583,0.3,0.3351,0.5,0.3359,0.3576,0.3,0.3261,0.345,0.3,0.4168,0.3084,0.5,0.3586,0.5,0.345,0.3,0.5,0.3576,0.4467,0.4787,0.3,0.3,0.3373,0.4992,0.4992,0.4992,0.4815,0.3,0.4992,0.4,0.4301,0.4114,0.4012,0.4401,0.5,0.3,0.4301,0.3,0.3351,0.3349,0.3,0.5,0.3615,0.3,0.3816,0.3209,0.4082,0.3373,0.4871,0.4543,0.3,0.3887,0.3887,0.5,0.3352,0.4081,0.3553,0.4992,0.3028,0.4269,0.3,0.4992,0.3985,0.3023,0.3,0.413,0.3342,0.4185,0.3479,0.5,0.4327,0.3148,0.5,0.4018,0.4278,0.5,0.3641,0.3646,0.4142,0.5,0.5,0.3116,0.3908,0.4336,0.3,0.3374,0.4336,0.5,0.3441,0.3,0.4313,0.3908,0.3583,0.3583,0.5,0.4868,0.5,0.496,0.5,0.5,0.4745,0.4549,0.3,0.3374,0.4553,0.3374,0.3,0.4168,0.3582,0.3988,0.3374,0.3352,0.3,0.3,0.3918,0.5,0.3539,0.5,0.3018,0.3924,0.3018,0.3576,0.3576,0.3576,0.3182,0.4937,0.3898,0.4643,0.3,0.3,0.3,0.3097,0.3148,0.3432,0.4274,0.3,0.3015,0.3,0.4754,0.3663,0.308,0.3,0.3,0.3,0.4537,0.3,0.3267,0.402,0.5,0.441,0.3073,0.3,0.4183,0.3,0.3769,0.4416,0.3,0.3,0.496,0.4148,0.5,0.331,0.4539,0.4175,0.3744,0.5,0.3967,0.318,0.3,0.3,0.3,0.3,0.4646,0.3,0.3828,0.39,0.3031,0.4148,0.3763,0.3462,0.3751,0.3,0.4987,0.5,0.303,0.4517,0.4693,0.3,0.5,0.4549,0.3,0.4872,0.4872,0.5,0.3227,0.4401,0.3577,0.4173,0.4294,0.4278,0.4092,0.3267,0.3,0.3219,0.3413,0.4941,0.3803,0.3374,0.5,0.4828,0.3691,0.3,0.5,0.4148,0.372,0.3076,0.3,0.3462,0.5,0.3123,0.3,0.4146,0.3,0.3,0.4037,0.4278,0.4317,0.4475,0.3148,0.4861,0.5,0.3,0.3,0.4539,0.4936,0.5,0.3377,0.5,0.361,0.4982,0.5,0.3104,0.5,0.4158,0.5,0.5,0.4158,0.5,0.3685,0.4629,0.4963,0.4203,0.5,0.5,0.355,0.3,0.3567,0.3263,0.3,0.3,0.5,0.5,0.5,0.3117,0.4855,0.33,0.3,0.5,0.5,0.3,0.4243,0.3,0.3,0.5,0.3273,0.3,0.4524,0.3118,0.3516,0.3399,0.3897,0.3593,0.4371,0.3545,0.4009,0.5,0.4148,0.5,0.5,0.3516,0.4515,0.438,0.437,0.477,0.5,0.3,0.3,0.481,0.3088,0.4963,0.3791,0.3326,0.3466,0.345,0.3,0.5,0.3522,0.374,0.3123,0.3791,0.421,0.3,0.3,0.3897,0.3,0.5,0.3123,0.3859,0.3301,0.5,0.3,0.3945,0.409,0.3481,0.5,0.465,0.3263,0.3502,0.3033,0.3301,0.3078,0.3,0.4202,0.3513,0.3229,0.4259,0.338,0.3,0.421,0.5,0.3,0.4093,0.3,0.5,0.4607,0.3476,0.4174,0.3996,0.5,0.3,0.3189,0.3663,0.3,0.5,0.3276,0.3476,0.3,0.4241,0.4161,0.4772,0.3,0.3,0.3411,0.3195,0.3,0.4324,0.4168,0.4399,0.3136,0.4764,0.3518,0.5,0.3,0.3581,0.3261,0.3346,0.3582,0.5,0.3468,0.4662,0.5,0.3471,0.3593,0.3,0.3768,0.3,0.4389,0.3,0.5,0.432,0.3963,0.3,0.3428,0.3,0.3115,0.4382,0.5,0.4432,0.3295,0.5,0.5,0.3966,0.5,0.3,0.4271,0.4903,0.466,0.4942,0.3212,0.4836,0.5,0.5,0.5,0.3091,0.3934,0.3399,0.421,0.3,0.4154,0.3144,0.4692,0.5,0.5,0.4546,0.5,0.4237,0.3713,0.3,0.4135,0.3586,0.5,0.5,0.363,0.3643,0.4357,0.3705,0.3705,0.5,0.3,0.3,0.4328,0.3,0.4841,0.3,0.5,0.5,0.413,0.3611,0.3026,0.3756,0.4155,0.3873,0.3611,0.344,0.4447,0.4564,0.3115,0.3,0.3,0.5,0.3,0.3,0.4362,0.5,0.3312,0.3,0.4906,0.5,0.3645,0.3611,0.3358,0.5,0.3,0.3,0.3133,0.4117,0.4583,0.5,0.5,0.4972,0.3178,0.3044,0.447,0.5,0.3,0.3028,0.5,0.3,0.3586,0.5,0.3266,0.3199,0.5,0.4836,0.5,0.3023,0.4228,0.3,0.5,0.3,0.4402,0.3,0.3796,0.3,0.5,0.445,0.4806,0.3,0.3,0.3,0.3498,0.4037,0.4037,0.3998,0.5,0.3121,0.4466,0.3121,0.5,0.3964,0.3697,0.3223,0.3,0.4315,0.5,0.3,0.3,0.4651,0.371,0.3868,0.4695,0.5,0.3458,0.5,0.5,0.5,0.3503,0.5,0.3,0.4451,0.3,0.3549,0.3195,0.5,0.3699,0.4231,0.3956,0.3,0.3995,0.3,0.5,0.3,0.3579,0.394,0.31,0.5,0.3,0.5,0.5,0.4018,0.3,0.5,0.3454,0.303,0.3,0.3,0.3,0.4945,0.3,0.4816,0.3596,0.4146,0.3924,0.4667,0.3909,0.3745,0.3591,0.4051,0.3524,0.3067,0.3729,0.3737,0.4204,0.5,0.5,0.471,0.3737,0.3961,0.3972,0.362,0.3943,0.4054,0.3961,0.3,0.5,0.3072,0.3,0.3943,0.41,0.4003,0.4559,0.45,0.4356,0.4605,0.4437,0.4484,0.5,0.4493,0.3875,0.3,0.3,0.3742,0.4438,0.4559,0.3,0.5,0.3278,0.3,0.3715,0.346,0.3177,0.3,0.5,0.3688,0.4559,0.3,0.3572,0.3783,0.4427,0.3635,0.5,0.4145,0.3817,0.4559,0.4968,0.4728,0.5,0.3573,0.4827,0.4532,0.4894,0.3,0.3456,0.3272,0.4012,0.3379,0.5,0.3082,0.3116,0.5,0.3149,0.3,0.3556,0.3,0.417,0.5,0.5,0.5,0.3,0.4988,0.5,0.3366,0.4828,0.3469,0.5,0.331,0.382,0.3492,0.3795,0.5,0.3958,0.3,0.4533,0.4528,0.4526,0.3585,0.3,0.3,0.3897,0.3,0.4383,0.3325,0.3275,0.4155,0.5,0.5,0.491,0.4502,0.3,0.3,0.491,0.3447,0.4315,0.4301,0.3,0.4971,0.3483,0.3991,0.4209,0.3612,0.3757,0.4146,0.368,0.3,0.3502,0.5,0.3999,0.311,0.4122,0.3166,0.4156,0.4019,0.3958,0.3404,0.3,0.4871,0.3979,0.5,0.3,0.3,0.4704,0.399,0.4951,0.3,0.4828,0.4828,0.3053,0.488,0.488,0.4828,0.4876,0.5,0.4209,0.3,0.5,0.3,0.3,0.491,0.3494,0.4923,0.3,0.3451,0.423,0.4356,0.3,0.3,0.3,0.4007,0.5,0.3,0.3849,0.3551,0.4356,0.4573,0.5,0.4974,0.5,0.3486,0.3729,0.3815,0.3159,0.3,0.3,0.364,0.4356,0.4573,0.3,0.3,0.312,0.3274,0.494,0.5,0.3661,0.3013,0.5,0.5,0.3741,0.5,0.3404,0.3661,0.4078,0.5,0.3084,0.4934,0.4975,0.3772,0.4209,0.4172,0.3,0.482,0.4326,0.5,0.3173,0.3,0.3,0.5,0.5,0.3,0.333,0.392,0.3,0.4949,0.3,0.4432,0.3,0.491,0.473,0.3,0.346,0.3,0.3,0.3498,0.4487,0.3557,0.4782,0.3727,0.3699,0.3066,0.4636,0.3782,0.4782,0.4782,0.3107,0.3587,0.4776,0.3107,0.4,0.3,0.3,0.3229,0.3682,0.5,0.4658,0.3001,0.4009,0.3162,0.5,0.4333,0.4035,0.3382,0.4656,0.5,0.3479,0.4989,0.4369,0.3486,0.5,0.323,0.3857,0.3,0.3905,0.4704,0.3,0.4941,0.458,0.3183,0.3309,0.3309,0.3,0.3681,0.3032,0.5,0.4686,0.3,0.3053,0.5,0.3,0.4597,0.5,0.5,0.4609,0.3184,0.4734,0.3184,0.3184,0.3184,0.4801,0.3,0.5,0.4465,0.4964,0.3,0.4964,0.3,0.3,0.3017,0.3138,0.3959,0.5,0.5,0.3981,0.3017,0.3,0.3,0.5,0.3,0.3,0.3017,0.5,0.3607,0.3018,0.3018,0.3,0.3014,0.4509,0.3026,0.5,0.3005,0.3,0.3,0.3015,0.3015,0.3,0.3126,0.3,0.3,0.3,0.3,0.3018,0.3,0.3,0.3
SORTINO_CAP,10.0,5.0,20.0,float,Maximum Sortino value before capping (prevents unrealistic values),14.8989,15.6846,15.6846,15.593,15.6592,15.6846,15.8427,15.9837,15.6846,14.1424,14.1424,16.4635,15.9786,14.3096,13.2456,15.8438,13.5954,13.9627,15.6592,15.2874,15.2393,18.7712,14.3156,14.3156,14.6411,16.4635,13.9651,14.4029,14.1424,15.2519,13.9651,15.1232,15.213,14.8219,14.4029,14.8325,16.4635,16.4635,14.3443,15.0955,15.3511,15.3511,14.2388,15.6627,15.213,15.3511,15.0174,14.1377,16.4369,14.3388,14.3388,14.5455,12.5204,14.4029,14.6504,14.7824,15.0295,15.2465,14.4482,14.8824,12.9148,16.2531,13.1393,15.6501,15.6501,20.0,14.1741,16.8474,15.8984,12.9767,6.0292,14.3388,14.9851,13.8234,17.9726,15.1232,11.3363,11.3363,14.1016,14.6713,15.8775,15.8775,18.1565,14.8983,14.4072,14.3769,14.8885,15.1677,11.8442,17.2054,14.6663,14.1016,13.2294,12.207,11.1886,14.4482,14.5418,15.0455,12.207,12.207,13.5859,13.3004,16.8097,14.8065,9.2434,14.9971,14.9971,15.0525,16.0174,15.6061,14.7747,17.086,14.8906,15.0948,14.592,14.7464,17.2026,17.0711,14.3938,13.6122,13.6122,15.0525,16.5395,13.0376,14.9921,14.6631,14.6631,15.05,11.2479,16.8914,15.0948,14.7464,17.7402,18.1565,15.4404,14.8566,13.0489,16.9472,18.2474,14.1969,14.6663,17.4413,18.1565,14.7962,18.1565,18.3514,15.8606,16.513,14.8566,14.4266,12.0119,18.3146,16.2568,16.2343,16.7624,16.7624,16.7624,14.8906,15.429,16.6253,16.6238,17.8012,17.5702,12.6442,19.8332,15.1989,14.8568,17.6312,15.308,17.7402,17.7166,16.0565,16.7624,17.8579,18.6949,16.5186,15.1825,16.9066,16.4726,15.8217,12.6341,16.2224,14.5021,14.5021,16.7878,15.6324,16.6253,15.684,16.6253,14.9114,14.2789,13.5095,16.6253,15.2592,12.9896,16.8345,15.2158,14.8617,10.6982,16.4921,14.5135,13.2619,12.5103,16.8555,16.3999,10.5169,16.6253,13.9265,14.5269,16.251,18.7819,18.7819,12.5538,15.363,15.1018,18.9338,15.7663,15.1018,12.8968,13.6228,13.0376,16.1505,15.363,15.0376,15.0158,15.9742,13.9699,13.0437,15.9012,16.4427,11.0152,8.3383,15.429,13.2674,15.5782,14.3314,15.5482,14.9791,14.5192,14.5388,20.0,15.5782,15.6324,14.1581,16.0928,16.5532,15.5725,14.1893,10.0546,14.1377,12.4158,13.9389,14.4852,14.4708,14.4708,17.859,12.7832,14.4868,16.6075,15.5482,15.2411,15.5482,15.6028,12.5103,14.7645,16.8939,12.0891,15.19,16.4096,14.1678,18.8716,20.0,15.2411,14.1016,14.1216,18.4138,15.2411,13.6302,11.5977,15.2494,13.3183,15.2411,15.2411,14.5228,16.3199,14.0738,17.8622,15.2411,13.9378,15.9012,16.1139,14.6029,14.8409,16.1745,16.3666,15.4323,17.9049,5.0,13.1177,13.153,17.021,14.3646,15.2599,9.0969,15.6528,15.9862,15.9862,15.2637,16.1139,10.2838,16.3515,16.6654,17.197,19.4989,11.1251,14.6195,11.4828,12.0733,15.0668,15.3989,15.429,14.5207,14.3226,14.1333,17.9286,17.9286,17.9286,15.8835,8.5417,14.6298,13.667,15.0938,13.6619,15.2411,14.9823,15.5425,13.7729,20.0,15.9608,14.0414,20.0,16.3989,17.1303,15.2273,16.1139,19.8331,9.7554,15.429,16.3515,15.3836,11.3059,13.2726,17.3266,15.335,16.3182,14.4235,10.5169,14.9187,18.1943,11.7467,15.2944,16.6253,14.8356,14.8149,16.1745,12.64,14.749,18.0718,13.5219,14.671,12.4429,11.3182,13.3934,13.4951,9.4008,12.6992,15.3203,9.3428,9.1509,12.0828,11.4228,16.7237,13.3209,14.715,14.0414,13.5852,13.7108,14.9347,9.8585,17.1642,16.9428,12.6992,12.6992,16.3607,17.2433,16.8068,10.9494,15.2081,14.6913,15.9832,15.7758,13.0791,13.8344,14.4205,13.5219,18.9723,13.2726,13.3592,13.2682,14.9904,8.6937,15.8842,15.8573,16.7295,14.7693,14.5388,14.3944,15.6985,15.3334,14.3546,14.9904,15.8801,10.551,14.866,11.9165,14.8065,13.4645,17.456,10.7525,14.7233,16.9827,16.1763,8.1207,16.2214,16.0602,14.9157,12.3884,14.3411,15.1736,15.4948,16.1506,12.3906,20.0,16.8618,14.4603,18.6416,17.9214,15.1491,13.2985,16.2108,11.9399,10.1189,16.0703,16.948,15.1203,6.9352,16.4757,9.8585,13.5109,15.0717,16.2108,16.781,16.6465,15.4757,14.6531,12.1123,16.7285,17.0978,12.6446,12.3906,15.8555,12.6283,14.1377,12.6283,15.285,16.9943,12.3906,14.5823,12.3353,10.7285,16.6465,12.4364,14.8606,10.4844,15.9746,14.2922,14.4685,14.4546,18.6052,14.3698,14.108,15.9168,15.9168,13.9432,14.3925,9.6178,14.929,14.7935,16.2794,13.749,12.8262,7.5016,14.0462,18.6961,16.2537,14.8643,16.0382,15.2953,13.4275,14.6568,15.0748,13.2374,15.2511,15.0228,17.8058,10.7443,15.057,10.951,15.1545,13.898,18.4524,18.4442,14.5729,13.2719,5.9252,12.8744,14.3647,6.3103,15.1421,14.4297,15.0686,14.749,14.3604,12.5958,16.5398,15.8246,11.0721,12.0119,15.4618,16.7199,18.1917,13.8537,16.9337,15.1439,15.7871,14.2229,8.6937,12.4703,16.1999,14.223,16.3897,17.4478,14.583,11.9399,14.2176,11.9399,13.2576,12.2591,17.3882,12.4998,16.406,11.5894,14.216,8.9832,14.6591,14.8829,13.9541,14.2391,11.9399,12.7989,14.6072,13.9248,12.5958,10.6463,15.9168,14.7447,9.5593,16.1909,12.1056,12.8883,12.1144,12.3001,14.9859,12.0093,16.1423,14.5532,19.1445,13.1423,19.0051,14.7642,13.8537,14.9628,10.3468,15.2918,18.4442,13.4178,8.954,15.9246,10.7307,12.4856,12.0306,16.1895,16.7879,13.2081,12.1056,14.4865,14.0683,13.5067,9.5259,20.0,13.9914,15.2353,8.8862,16.5425,14.1214,15.7327,7.1263,13.1527,13.1304,6.3039,15.2966,11.6701,15.4773,15.2966,17.9403,14.4784,12.1539,16.2364,13.8273,14.4784,12.7212,15.6213,14.8483,15.3795,14.6145,10.0429,15.2066,15.203,17.9303,10.2625,13.3483,9.5754,15.0953,15.0953,14.8678,13.9242,16.8484,15.7572,13.5177,15.8562,14.2234,9.6392,5.2239,16.0575,10.9508,14.444,15.4128,12.9617,15.872,14.282,15.8929,13.8316,17.3457,14.4405,13.3541,15.1601,16.3315,14.7331,15.8562,6.8293,8.0677,12.9617,15.3627,14.0185,17.0495,14.4859,13.1303,13.3926,12.9617,14.888,15.1692,15.0043,14.6177,14.5341,15.7382,13.2032,6.4743,6.796,16.8031,16.8031,15.4408,14.3336,6.4743,18.3775,14.6195,16.3868,16.2235,16.2235,17.9032,13.1625,14.8414,18.0458,16.7873,15.4633,15.2213,14.7814,14.6456,16.4516,15.7013,15.0764,9.5733,16.1418,14.789,14.0673,13.9504,13.9663,14.0706,14.789,14.5223,16.9081,12.6939,17.0523,17.179,14.4798,16.0295,15.0456,12.2644,15.5266,17.5126,16.2452,13.9682,12.3372,14.5115,14.779,14.2642,14.1547,14.1218,14.4408,14.4637,18.2785,15.8506,15.7036,17.4139,13.8079,12.3372,14.6539,17.2932,15.3587,13.7033,13.2695,11.0645,12.9368,18.4894,6.1354,14.5768,12.4306,15.402,12.2399,18.0351,15.4366,14.341,15.7851,11.5496,16.218,12.3372,17.0531,14.3835,11.1636,15.0983,16.6959,17.1874,16.1517,5.9809,16.9472,13.9614,11.3728,11.5609,12.3372,17.8318,17.2082,20.0,16.6936,14.1549,12.7619,16.9013,14.5716,10.4991,15.3639,15.7851,14.1722,7.5747,15.6909,15.0674,13.1657,15.6625,13.8981,15.875,12.2322,14.5185,10.0173,17.2237,14.7569,17.4168,18.5588,13.8669,15.6928,12.1608,17.5386,15.0495,15.3501,14.2851,13.2798,15.9935,11.3399,14.1896,15.215,14.9231,10.7035,19.0014,14.2851,14.9179,10.7035,15.1876,10.9508,9.9162,15.6859,16.0967,16.805,12.068,11.2675,12.6199,12.2675,16.2419,12.2937,5.0,13.6562,14.5577,14.3302,16.5371,16.7271,9.2562,14.6527,15.0587,14.7569,15.0467,13.3178,15.0251,13.2412,15.7851,20.0,20.0,16.2243,14.8273,12.3252,15.7039,13.1899,13.1899,15.5491,7.4323,7.3812,13.1657,17.659,12.4464,11.539,15.4447,17.0154,13.4458,12.8797,10.7035,14.6177,16.797,11.9495,15.6241,18.6257,14.779,15.1825,11.604,11.5151,14.9975,15.3856,11.604,16.2052,14.3618,14.779,13.2749,14.5903,14.4391,12.4464,14.8657,16.6637,16.0575,12.8628,15.047,11.5224,14.5773,14.6358,13.2502,15.1377,14.532,6.5924,15.9248,12.2567,13.4539,19.3509,9.3324,14.6748,14.5903,14.592,14.5903,14.9555,18.9807,16.5895,17.8298,14.8559,12.6687,17.8669,14.7605,15.4711,11.761,13.1941,15.3159,13.2155,15.9447,14.6963,16.1116,12.7554,16.6892,17.2786,15.3327,15.2103,14.7154,12.6964,17.1794,17.1214,14.6112,20.0,10.181,15.7554,14.55,15.5866,16.6524,18.1078,16.6524,15.1534,17.2731,15.2031,15.068,15.1519,5.0,16.5913,14.8291,15.2031,15.2031,15.2119,20.0,15.0624,15.2119,18.1931,10.1273,14.3635,16.7341,16.2401,14.5903,15.824,12.5135,14.7422,14.5466,15.2004,11.1196,7.3865,12.5704,13.4554,17.5036,14.6235,14.0501,16.3698,16.9358,8.4317,16.1619,13.9066,10.9463,12.9078,15.73,16.6524,13.5339,6.8252,10.067,12.6386,12.6298,18.0325,16.4475,14.6058,15.553,15.6032,9.1123,13.565,8.8019,9.1074,15.6644,13.9195,6.759,7.561,9.1074,13.9195,9.1074,9.1074,9.1074,15.3404,12.5473,14.7134,16.9045,14.0037,15.613,14.0037,15.5985,13.957,14.7357,8.0614,16.3513,7.3309,8.7692,14.6568,14.5613,14.3635,14.8944,8.7692,14.8822,15.1344,14.7244,15.022,15.2789,17.1799,16.6635,14.8944,15.7454,12.3889,15.5018,17.2773,17.6193,13.0482,13.2494,15.19,15.19,15.3849,15.131,14.6318,15.0684,14.5945,17.0549,16.5966,16.7492,16.1025,14.2141
=== SOLUTION STATISTICS ===,,,,,,,,,,,,,,,,,,,,,,,,,,,,,,,,,,,,,,,,,,,,,,,,,,,,,,,,,,,,,,,,,,,,,,,,,,,,,,,,,,,,,,,,,,,,,,,,,,,,,,,,,,,,,,,,,,,,,,,,,,,,,,,,,,,,,,,,,,,,,,,,,,,,,,,,,,,,,,,,,,,,,,,,,,,,,,,,,,,,,,,,,,,,,,,,,,,,,,,,,,,,,,,,,,,,,,,,,,,,,,,,,,,,,,,,,,,,,,,,,,,,,,,,,,,,,,,,,,,,,,,,,,,,,,,,,,,,,,,,,,,,,,,,,,,,,,,,,,,,,,,,,,,,,,,,,,,,,,,,,,,,,,,,,,,,,,,,,,,,,,,,,,,,,,,,,,,,,,,,,,,,,,,,,,,,,,,,,,,,,,,,,,,,,,,,,,,,,,,,,,,,,,,,,,,,,,,,,,,,,,,,,,,,,,,,,,,,,,,,,,,,,,,,,,,,,,,,,,,,,,,,,,,,,,,,,,,,,,,,,,,,,,,,,,,,,,,,,,,,,,,,,,,,,,,,,,,,,,,,,,,,,,,,,,,,,,,,,,,,,,,,,,,,,,,,,,,,,,,,,,,,,,,,,,,,,,,,,,,,,,,,,,,,,,,,,,,,,,,,,,,,,,,,,,,,,,,,,,,,,,,,,,,,,,,,,,,,,,,,,,,,,,,,,,,,,,,,,,,,,,,,,,,,,,,,,,,,,,,,,,,,,,,,,,,,,,,,,,,,,,,,,,,,,,,,,,,,,,,,,,,,,,,,,,,,,,,,,,,,,,,,,,,,,,,,,,,,,,,,,,,,,,,,,,,,,,,,,,,,,,,,,,,,,,,,,,,,,,,,,,,,,,,,,,,,,,,,,,,,,,,,,,,,,,,,,,,,,,,,,,,,,,,,,,,,,,,,,,,,,,,,,,,,,,,,,,,,,,,,,,,,,,,,,,,,,,,,,,,,,,,,,,,,,,,,,,,,,,,,,,,,,,,,,,,,,,,,,,,,,,,,,,,,,,,,,,,,,,,,,,,,,,,,,,,,,,,,,,,,,,,,,,,,,,,,,,,,,,,,,,,,,,,,,,,,,,,,,,,,,,,,,,,,,,,,,,,,,,,,,,,,,,,,,,,,,,,,,,
Sortino Ratio,,,,statistic,Sortino Ratio for each solution,1.0000,1.0000,1.0000,1.0000,1.0000,1.0000,1.0000,1.0000,1.0000,1.0000,1.0000,1.0000,1.0000,1.0000,1.0000,1.0000,1.0000,1.0000,0.9917,0.9899,0.9899,0.9886,0.9783,0.9781,0.9765,0.9758,0.9723,0.9614,0.9574,0.9354,0.9296,0.9070,0.8985,0.8964,0.8942,0.8861,0.8629,0.8618,0.8395,0.8297,0.8232,0.8213,0.8181,0.8142,0.8136,0.8035,0.8015,0.7866,0.7769,0.7714,0.7684,0.7652,0.7605,0.7590,0.7559,0.7462,0.7386,0.7298,0.7259,0.7186,0.7174,0.7113,0.7068,0.7039,0.7039,0.7017,0.7015,0.6989,0.6970,0.6961,0.6838,0.6797,0.6666,0.6636,0.6605,0.6565,0.6540,0.6540,0.6490,0.6437,0.6378,0.6378,0.6351,0.6322,0.6300,0.6260,0.6258,0.6257,0.6244,0.6224,0.6202,0.6198,0.6193,0.6177,0.6170,0.6147,0.6135,0.6105,0.6081,0.6081,0.6052,0.6045,0.6042,0.6022,0.5996,0.5918,0.5918,0.5918,0.5880,0.5851,0.5840,0.5824,0.5824,0.5807,0.5800,0.5786,0.5783,0.5777,0.5760,0.5723,0.5723,0.5709,0.5699,0.5675,0.5661,0.5655,0.5655,0.5646,0.5637,0.5578,0.5578,0.5560,0.5538,0.5529,0.5523,0.5517,0.5517,0.5501,0.5491,0.5491,0.5465,0.5434,0.5410,0.5396,0.5375,0.5360,0.5355,0.5353,0.5345,0.5324,0.5310,0.5307,0.5280,0.5279,0.5259,0.5259,0.5259,0.5257,0.5246,0.5244,0.5229,0.5189,0.5186,0.5185,0.5166,0.5162,0.5160,0.5134,0.5130,0.5112,0.5104,0.5088,0.5080,0.5059,0.5054,0.5050,0.5043,0.5036,0.5026,0.5020,0.5018,0.5017,0.5016,0.5016,0.4997,0.4991,0.4982,0.4976,0.4963,0.4959,0.4954,0.4925,0.4895,0.4892,0.4865,0.4853,0.4848,0.4848,0.4828,0.4808,0.4795,0.4790,0.4786,0.4786,0.4784,0.4784,0.4769,0.4760,0.4752,0.4744,0.4740,0.4740,0.4735,0.4733,0.4732,0.4715,0.4712,0.4712,0.4711,0.4697,0.4656,0.4649,0.4612,0.4612,0.4575,0.4571,0.4570,0.4568,0.4544,0.4541,0.4524,0.4520,0.4516,0.4468,0.4467,0.4452,0.4449,0.4448,0.4447,0.4446,0.4422,0.4407,0.4406,0.4402,0.4389,0.4380,0.4370,0.4366,0.4366,0.4364,0.4351,0.4329,0.4324,0.4324,0.4324,0.4320,0.4298,0.4292,0.4259,0.4257,0.4252,0.4242,0.4234,0.4232,0.4232,0.4223,0.4216,0.4211,0.4206,0.4197,0.4191,0.4187,0.4183,0.4178,0.4165,0.4154,0.4143,0.4120,0.4116,0.4109,0.4109,0.4102,0.4102,0.4095,0.4090,0.4083,0.4080,0.4077,0.4064,0.4063,0.4063,0.4060,0.4056,0.4053,0.4052,0.4041,0.4032,0.4023,0.4007,0.3998,0.3997,0.3990,0.3988,0.3981,0.3957,0.3956,0.3953,0.3953,0.3949,0.3947,0.3945,0.3902,0.3887,0.3881,0.3880,0.3879,0.3872,0.3868,0.3863,0.3855,0.3849,0.3829,0.3828,0.3828,0.3822,0.3822,0.3822,0.3818,0.3804,0.3796,0.3795,0.3792,0.3782,0.3762,0.3758,0.3740,0.3740,0.3708,0.3707,0.3701,0.3694,0.3686,0.3686,0.3676,0.3673,0.3670,0.3668,0.3644,0.3643,0.3634,0.3634,0.3631,0.3630,0.3629,0.3621,0.3615,0.3615,0.3589,0.3566,0.3545,0.3544,0.3534,0.3506,0.3505,0.3502,0.3499,0.3484,0.3482,0.3468,0.3467,0.3466,0.3460,0.3459,0.3432,0.3430,0.3415,0.3412,0.3401,0.3386,0.3385,0.3347,0.3346,0.3343,0.3338,0.3322,0.3316,0.3310,0.3307,0.3298,0.3289,0.3289,0.3276,0.3276,0.3272,0.3259,0.3253,0.3252,0.3250,0.3248,0.3245,0.3233,0.3229,0.3227,0.3216,0.3215,0.3203,0.3197,0.3190,0.3188,0.3181,0.3170,0.3168,0.3163,0.3134,0.3133,0.3132,0.3125,0.3086,0.3082,0.3076,0.3068,0.3063,0.3048,0.3043,0.3023,0.3013,0.3009,0.3003,0.3001,0.2982,0.2977,0.2976,0.2965,0.2955,0.2941,0.2939,0.2936,0.2935,0.2932,0.2931,0.2909,0.2902,0.2886,0.2876,0.2876,0.2875,0.2870,0.2864,0.2854,0.2833,0.2824,0.2814,0.2803,0.2792,0.2788,0.2782,0.2778,0.2770,0.2761,0.2757,0.2755,0.2749,0.2744,0.2741,0.2733,0.2722,0.2721,0.2692,0.2691,0.2690,0.2687,0.2676,0.2675,0.2667,0.2667,0.2664,0.2663,0.2659,0.2654,0.2644,0.2632,0.2621,0.2612,0.2609,0.2593,0.2587,0.2586,0.2580,0.2574,0.2570,0.2565,0.2564,0.2564,0.2554,0.2551,0.2547,0.2534,0.2532,0.2531,0.2522,0.2511,0.2510,0.2506,0.2506,0.2505,0.2500,0.2492,0.2491,0.2490,0.2480,0.2475,0.2461,0.2436,0.2423,0.2416,0.2411,0.2410,0.2407,0.2403,0.2392,0.2382,0.2375,0.2373,0.2370,0.2366,0.2363,0.2338,0.2325,0.2312,0.2307,0.2299,0.2289,0.2288,0.2285,0.2279,0.2275,0.2273,0.2261,0.2239,0.2231,0.2223,0.2207,0.2207,0.2204,0.2202,0.2195,0.2194,0.2192,0.2192,0.2186,0.2182,0.2173,0.2173,0.2172,0.2165,0.2142,0.2140,0.2134,0.2133,0.2132,0.2131,0.2117,0.2109,0.2092,0.2089,0.2082,0.2076,0.2076,0.2068,0.2041,0.2040,0.2037,0.2029,0.2024,0.2018,0.2015,0.2014,0.2000,0.1998,0.1996,0.1991,0.1989,0.1973,0.1971,0.1968,0.1953,0.1938,0.1936,0.1933,0.1931,0.1928,0.1928,0.1922,0.1920,0.1918,0.1911,0.1893,0.1893,0.1887,0.1887,0.1878,0.1877,0.1868,0.1867,0.1864,0.1859,0.1839,0.1838,0.1829,0.1824,0.1819,0.1781,0.1775,0.1775,0.1774,0.1766,0.1761,0.1747,0.1743,0.1742,0.1736,0.1733,0.1729,0.1721,0.1712,0.1710,0.1703,0.1697,0.1693,0.1692,0.1677,0.1664,0.1663,0.1653,0.1649,0.1631,0.1631,0.1620,0.1615,0.1610,0.1599,0.1596,0.1594,0.1594,0.1594,0.1588,0.1582,0.1576,0.1573,0.1561,0.1556,0.1552,0.1551,0.1550,0.1543,0.1539,0.1537,0.1537,0.1531,0.1528,0.1527,0.1516,0.1504,0.1502,0.1500,0.1495,0.1477,0.1471,0.1469,0.1460,0.1458,0.1447,0.1444,0.1439,0.1437,0.1431,0.1422,0.1420,0.1413,0.1411,0.1408,0.1402,0.1397,0.1386,0.1382,0.1378,0.1369,0.1369,0.1368,0.1367,0.1364,0.1360,0.1352,0.1350,0.1349,0.1346,0.1343,0.1343,0.1332,0.1307,0.1303,0.1288,0.1274,0.1274,0.1272,0.1272,0.1269,0.1265,0.1249,0.1233,0.1233,0.1217,0.1216,0.1198,0.1191,0.1188,0.1182,0.1182,0.1179,0.1179,0.1176,0.1174,0.1173,0.1165,0.1163,0.1159,0.1159,0.1152,0.1141,0.1135,0.1130,0.1128,0.1127,0.1120,0.1115,0.1111,0.1107,0.1105,0.1099,0.1097,0.1095,0.1085,0.1085,0.1083,0.1082,0.1069,0.1058,0.1044,0.1043,0.1032,0.1031,0.1023,0.1022,0.1021,0.1015,0.1008,0.1008,0.0998,0.0995,0.0994,0.0993,0.0989,0.0985,0.0983,0.0979,0.0978,0.0977,0.0976,0.0969,0.0966,0.0964,0.0954,0.0949,0.0949,0.0945,0.0943,0.0940,0.0939,0.0938,0.0927,0.0926,0.0924,0.0923,0.0922,0.0922,0.0918,0.0918,0.0917,0.0911,0.0908,0.0899,0.0893,0.0893,0.0891,0.0890,0.0886,0.0882,0.0876,0.0865,0.0864,0.0863,0.0858,0.0853,0.0852,0.0850,0.0850,0.0841,0.0837,0.0831,0.0829,0.0827,0.0826,0.0824,0.0823,0.0819,0.0817,0.0809,0.0803,0.0799,0.0792,0.0790,0.0788,0.0787,0.0786,0.0784,0.0775,0.0773,0.0772,0.0764,0.0764,0.0764,0.0759,0.0749,0.0746,0.0746,0.0740,0.0739,0.0738,0.0737,0.0736,0.0733,0.0732,0.0732,0.0731,0.0731,0.0729,0.0729,0.0729,0.0725,0.0717,0.0713,0.0703,0.0701,0.0695,0.0688,0.0687,0.0687,0.0673,0.0670,0.0670,0.0670,0.0670,0.0652,0.0649,0.0644,0.0641,0.0640,0.0635,0.0630,0.0626,0.0619,0.0613,0.0612,0.0606,0.0606,0.0600,0.0595,0.0594,0.0594,0.0592,0.0589,0.0588,0.0586,0.0580,0.0573,0.0564,0.0560,0.0552,0.0550,0.0549,0.0549,0.0543,0.0530,0.0529,0.0528,0.0527,0.0520,0.0518,0.0506,0.0506,0.0503,0.0503,0.0495,0.0494,0.0488,0.0487,0.0474,0.0472,0.0466,0.0463,0.0463,0.0461,0.0456,0.0451,0.0450,0.0442,0.0439,0.0433,0.0432,0.0431,0.0419,0.0416,0.0413,0.0408,0.0404,0.0392,0.0391,0.0390,0.0389,0.0367,0.0366,0.0362,0.0357,0.0351,0.0351,0.0344,0.0340,0.0339,0.0339,0.0334,0.0328,0.0328,0.0327,0.0325,0.0317,0.0312,0.0310,0.0309,0.0308,0.0307,0.0307,0.0304,0.0304,0.0300,0.0299,0.0295,0.0292,0.0289,0.0286,0.0285,0.0283,0.0277,0.0276,0.0275,0.0273,0.0268,0.0268,0.0265,0.0264,0.0262,0.0260,0.0259,0.0251,0.0250,0.0246,0.0238,0.0234,0.0229,0.0228,0.0223,0.0214,0.0212,0.0197,0.0197,0.0193,0.0192,0.0187,0.0179,0.0179,0.0174,0.0163,0.0162,0.0153,0.0153,0.0149,0.0133,0.0126,0.0120,0.0119,0.0119,0.0118,0.0116,0.0116,0.0116,0.0115,0.0114,0.0114,0.0107,0.0102,0.0097,0.0095,0.0090,0.0088,0.0086,0.0086,0.0084,0.0084,0.0078,0.0075,0.0073,0.0059,0.0058,0.0056,0.0055,0.0053,0.0048,0.0044,0.0044,0.0042,0.0035,0.0033,0.0030,0.0030,0.0029,0.0025,0.0024,0.0021,0.0021,0.0010,0.0009,0.0004,0.0001,0.0001,0.0001,0.0001,0.0001,0.0001,0.0001,0.0001,0.0001,0.0001,0.0001,0.0001
Max Drawdown ($),,,,statistic,Max Drawdown ($) for each solution,$0.82,$0.85,$0.85,$0.86,$0.86,$0.86,$0.86,$0.86,$0.88,$0.88,$0.88,$0.89,$0.90,$0.92,$0.94,$0.98,$0.99,$0.99,$0.86,$0.79,$0.90,$0.90,$0.79,$0.79,$0.96,$0.86,$0.84,$0.97,$0.86,$0.96,$0.84,$0.83,$0.83,$0.88,$0.98,$0.85,$0.83,$0.83,$0.79,$0.82,$0.95,$0.95,$0.81,$0.98,$0.81,$0.95,$0.81,$0.98,$0.92,$0.97,$0.97,$0.96,$0.96,$0.97,$0.87,$0.96,$0.85,$0.96,$0.96,$0.72,$0.73,$0.92,$0.81,$0.93,$0.93,$0.89,$0.95,$0.92,$0.87,$0.95,$0.83,$0.95,$0.98,$0.84,$0.80,$0.79,$0.82,$0.82,$0.95,$0.97,$0.78,$0.78,$0.81,$0.73,$0.76,$0.96,$0.71,$0.71,$0.97,$0.75,$0.97,$0.91,$0.74,$0.74,$0.80,$0.92,$0.93,$0.97,$0.74,$0.74,$0.96,$0.95,$0.75,$0.96,$0.79,$0.97,$0.97,$0.96,$0.71,$0.70,$0.74,$0.75,$0.66,$0.96,$0.85,$0.95,$0.80,$0.75,$0.97,$0.79,$0.79,$0.96,$0.79,$0.90,$0.96,$0.97,$0.97,$0.96,$0.85,$0.84,$0.96,$0.95,$0.77,$0.77,$0.68,$0.96,$0.90,$0.75,$0.72,$0.92,$0.97,$0.74,$0.80,$0.96,$0.81,$0.72,$0.76,$0.73,$0.96,$0.89,$0.73,$0.85,$0.89,$0.65,$0.95,$0.95,$0.76,$0.66,$0.64,$0.94,$0.75,$0.74,$0.72,$0.95,$0.62,$0.72,$0.64,$0.74,$0.76,$0.83,$0.84,$0.70,$0.94,$0.70,$0.71,$0.82,$0.87,$0.68,$0.64,$0.94,$0.93,$0.73,$0.68,$0.68,$0.82,$0.69,$0.94,$0.85,$0.94,$0.62,$0.83,$0.61,$0.93,$0.91,$0.97,$0.70,$0.65,$0.97,$0.95,$0.76,$0.63,$0.80,$0.65,$0.93,$0.93,$0.97,$0.70,$0.74,$0.95,$0.73,$0.82,$0.82,$0.91,$0.95,$0.60,$0.74,$0.63,$0.59,$0.69,$0.94,$0.91,$0.94,$0.71,$0.95,$0.95,$0.70,$0.61,$0.62,$0.95,$0.58,$0.95,$0.96,$0.68,$0.93,$0.63,$0.91,$0.63,$0.87,$0.96,$0.93,$0.72,$0.64,$0.65,$0.53,$0.61,$0.67,$0.95,$0.90,$0.57,$0.98,$0.60,$0.89,$0.94,$0.94,$0.94,$0.90,$0.52,$0.92,$0.65,$0.62,$0.94,$0.61,$0.59,$0.64,$0.91,$0.95,$0.67,$0.81,$0.95,$0.92,$0.93,$0.76,$0.91,$0.89,$0.95,$0.56,$0.91,$0.78,$0.72,$0.85,$0.67,$0.91,$0.91,$0.52,$0.53,$0.66,$0.93,$0.91,$0.92,$0.93,$0.88,$0.42,$0.94,$0.53,$0.94,$0.63,$0.78,$0.49,$0.62,$0.95,$0.94,$0.56,$0.91,$0.85,$0.91,$0.89,$0.88,$0.52,$0.87,$0.93,$0.59,$0.65,$0.52,$0.89,$0.91,$0.82,$0.51,$0.50,$0.54,$0.70,$0.61,$0.94,$0.90,$0.90,$0.89,$0.89,$0.89,$0.88,$0.91,$0.92,$0.56,$0.95,$0.75,$0.91,$0.94,$0.95,$0.90,$0.94,$0.58,$0.87,$0.93,$0.95,$0.92,$0.96,$0.89,$0.90,$0.83,$0.56,$0.53,$0.52,$0.90,$0.78,$0.68,$0.98,$0.95,$0.95,$0.94,$0.51,$0.90,$0.94,$0.79,$0.59,$0.73,$0.95,$0.48,$0.94,$0.69,$0.67,$0.91,$0.82,$0.89,$0.36,$0.62,$0.56,$0.96,$0.88,$0.96,$0.96,$0.93,$0.87,$0.90,$0.83,$0.48,$0.94,$0.87,$0.51,$0.56,$0.38,$0.43,$0.91,$0.91,$0.88,$0.88,$0.61,$0.94,$0.56,$0.54,$0.47,$0.76,$0.91,$0.44,$0.86,$0.92,$0.94,$0.92,$0.88,$0.73,$0.71,$0.36,$0.65,$0.89,$0.53,$0.45,$0.81,$0.44,$0.92,$0.82,$0.46,$0.90,$0.76,$0.58,$0.53,$0.96,$0.49,$0.88,$0.83,$0.86,$0.39,$0.92,$0.90,$0.87,$0.74,$0.92,$0.64,$0.47,$0.93,$0.95,$0.39,$0.94,$0.42,$0.72,$0.80,$0.94,$0.53,$0.49,$0.93,$0.93,$0.41,$0.30,$0.80,$0.85,$0.92,$0.44,$0.41,$0.28,$0.77,$0.59,$0.40,$0.70,$0.92,$0.79,$0.71,$0.40,$0.90,$0.88,$0.94,$0.43,$0.91,$0.85,$0.80,$0.37,$0.86,$0.93,$0.87,$0.92,$0.40,$0.81,$0.32,$0.76,$0.87,$0.41,$0.79,$0.86,$0.90,$0.37,$0.80,$0.88,$0.90,$0.90,$0.90,$0.75,$0.48,$0.48,$0.94,$0.36,$0.84,$0.31,$0.95,$0.97,$0.92,$0.22,$0.92,$0.24,$0.86,$0.40,$0.81,$0.90,$0.95,$0.29,$0.95,$0.34,$0.22,$0.85,$0.40,$0.65,$0.26,$0.36,$0.92,$0.30,$0.90,$0.34,$0.36,$0.91,$0.90,$0.34,$0.84,$0.31,$0.86,$0.96,$0.36,$0.92,$0.51,$0.38,$0.32,$0.55,$0.89,$0.27,$0.31,$0.81,$0.93,$0.54,$0.84,$0.32,$0.28,$0.89,$0.31,$0.90,$0.80,$0.34,$0.38,$0.27,$0.25,$0.91,$0.79,$0.39,$0.79,$0.31,$0.20,$0.90,$0.82,$0.36,$0.83,$0.86,$0.34,$0.90,$0.39,$0.83,$0.83,$0.80,$0.90,$0.32,$0.37,$0.27,$0.83,$0.23,$0.40,$0.73,$0.61,$0.87,$0.92,$0.87,$0.32,$0.30,$0.85,$0.29,$0.73,$0.91,$0.84,$0.89,$0.84,$0.87,$0.90,$0.85,$0.36,$0.33,$0.24,$0.88,$0.27,$0.89,$0.90,$0.86,$0.27,$0.90,$0.21,$0.89,$0.32,$0.17,$0.33,$0.23,$0.74,$0.30,$0.12,$0.84,$0.21,$0.88,$0.28,$0.71,$0.88,$0.73,$0.75,$0.15,$0.19,$0.25,$0.15,$0.23,$0.22,$0.88,$0.45,$0.78,$0.21,$0.89,$0.91,$0.62,$0.82,$0.96,$0.92,$0.12,$0.83,$0.27,$0.27,$0.16,$0.78,$0.11,$0.11,$0.26,$0.84,$0.20,$0.22,$0.22,$0.87,$0.87,$0.17,$0.83,$0.11,$0.57,$0.22,$0.12,$0.14,$0.91,$0.84,$0.19,$0.23,$0.09,$0.91,$0.92,$0.25,$0.22,$0.24,$0.88,$0.69,$0.85,$0.08,$0.58,$0.75,$0.53,$0.51,$0.26,$0.85,$0.15,$0.10,$0.10,$0.90,$0.81,$0.20,$0.43,$0.78,$0.66,$0.66,$0.28,$0.28,$0.60,$0.76,$0.66,$0.14,$0.28,$0.07,$0.88,$0.88,$0.42,$0.85,$0.83,$0.88,$0.35,$0.40,$0.14,$0.87,$0.94,$0.18,$0.83,$0.11,$0.76,$0.20,$0.03,$0.86,$0.59,$0.42,$0.83,$0.02,$0.60,$0.12,$0.49,$0.10,$0.68,$0.60,$0.11,$0.79,$0.79,$0.72,$0.06,$0.21,$0.79,$0.05,$0.39,$0.55,$0.04,$0.67,$0.89,$0.39,$0.13,$0.61,$0.14,$0.90,$0.92,$0.08,$0.02,$0.91,$0.02,$0.94,$0.00,$0.05,$0.25,$0.90,$0.72,$0.72,$0.79,$0.00,$0.09,$0.95,$0.77,$0.91,$0.08,$0.01,$0.64,$0.71,$0.01,$0.88,$0.67,$0.91,$0.39,$0.09,$0.95,$0.52,$0.72,$0.02,$0.89,$0.62,$0.00,$0.00,$0.89,$0.89,$0.94,$0.92,$0.87,$0.76,$0.83,$0.83,$0.07,$0.00,$0.00,$0.19,$0.93,$0.00,$0.29,$0.46,$0.87,$0.94,$0.03,$0.91,$0.62,$0.81,$0.00,$0.14,$0.85,$0.13,$0.22,$0.91,$0.00,$0.75,$0.84,$0.91,$0.01,$0.89,$0.77,$0.00,$0.96,$0.86,$0.79,$0.15,$0.85,$0.01,$0.09,$0.15,$0.83,$0.50,$0.00,$0.96,$0.92,$0.85,$0.00,$0.37,$0.82,$0.81,$0.00,$0.85,$0.68,$0.08,$0.85,$0.01,$0.64,$0.59,$0.86,$0.40,$0.78,$0.09,$0.03,$0.67,$0.01,$0.00,$0.00,$0.09,$0.28,$0.24,$0.01,$0.00,$0.40,$0.53,$0.53,$0.80,$0.54,$0.54,$0.57,$0.08,$0.79,$0.10,$0.75,$0.00,$0.93,$0.60,$0.03,$0.84,$0.78,$0.00,$0.02,$0.00,$0.23,$0.73,$0.70,$0.79,$0.80,$0.00,$0.72,$0.16,$0.83,$0.17,$0.65,$0.22,$0.00,$0.78,$0.96,$0.12,$0.93,$0.57,$0.87,$0.63,$0.00,$0.05,$0.54,$0.00,$0.15,$0.60,$0.50,$0.70,$0.00,$0.16,$0.62,$0.15,$0.14,$0.19,$0.18,$0.95,$0.12,$0.00,$0.54,$0.47,$0.10,$0.07,$0.20,$0.31,$0.80,$0.35,$0.09,$0.70,$0.65,$0.71,$0.92,$0.05,$0.47,$0.84,$0.47,$0.58,$0.07,$0.04,$0.78,$0.10,$0.70,$0.27,$0.03,$0.23,$0.03,$0.67,$0.02,$0.00,$0.02,$0.03,$0.43,$0.04,$0.03,$0.80,$0.49,$0.00,$0.61,$0.04,$0.04,$0.27,$0.05,$0.00,$0.33,$0.26,$0.06,$0.00,$0.00,$0.00,$0.00,$0.26,$0.00,$0.45,$0.34,$0.00,$0.00,$0.77,$0.68,$0.07,$0.00,$0.60,$0.11,$0.09,$0.26,$0.00,$0.67,$0.00,$0.63,$0.29,$0.00,$0.00,$0.42,$0.71,$0.00,$0.00,$0.00,$0.14,$0.00,$0.06,$0.08,$0.08,$0.75,$0.69,$0.42,$0.40,$0.04,$0.43,$0.39,$0.34,$0.19,$0.40,$0.19,$0.19,$0.19,$0.04,$0.00,$0.00,$0.00,$0.00,$0.00,$0.00,$0.00,$0.00,$0.00,$0.00,$0.00,$0.00,$0.00,$0.00,$0.00,$0.00,$0.00,$0.00,$0.00,$0.00,$0.00,$0.00,$0.00,$0.00,$0.00,$0.00,$0.00,$0.00,$0.00,$0.00,$0.00,$0.00,$0.00,$0.00,$0.00,$0.00,$0.00,$0.00,$0.00,$0.00,$0.00,$0.00,$0.00,$0.00,$0.00
Profit Factor,,,,statistic,Profit Factor for each solution,0.3250,0.3441,0.3441,0.3514,0.3517,0.3457,0.3457,0.3457,0.3588,0.4593,0.4593,0.4374,0.3841,0.4942,0.5447,0.3667,0.5635,0.5635,0.3392,0.3231,0.4400,0.4978,0.3223,0.3222,0.6091,0.4052,0.4159,0.5528,0.4174,0.3374,0.4092,0.4069,0.3234,0.3246,0.6757,0.3206,0.3833,0.3831,0.4005,0.3126,0.3149,0.3148,0.3741,0.6427,0.3133,0.3097,0.3129,0.4863,0.5407,0.5392,0.5375,0.4386,0.6482,0.5520,0.3109,0.4665,0.3133,0.4723,0.5553,0.2819,0.2955,0.4826,0.3431,0.4855,0.4855,0.3927,0.2976,0.4981,0.3608,0.6083,0.3166,0.4065,0.5390,0.4622,0.4585,0.3513,0.4424,0.4424,0.6483,0.4897,0.4507,0.4507,0.4767,0.4026,0.4568,0.5078,0.2832,0.4021,0.6182,0.2968,0.5782,0.6380,0.4385,0.4384,0.4272,0.6313,0.6709,0.5360,0.4351,0.4351,0.6103,0.5878,0.4256,0.5678,0.4233,0.5311,0.5311,0.5649,0.4249,0.4217,0.4382,0.4287,0.4115,0.5600,0.4913,0.4669,0.4368,0.4416,0.5449,0.4449,0.4449,0.5429,0.4186,0.6895,0.5552,0.5083,0.5083,0.5525,0.4351,0.4187,0.5572,0.4640,0.4208,0.4118,0.4355,0.5396,0.6694,0.3886,0.4313,0.5037,0.5005,0.4321,0.4307,0.5344,0.4281,0.4252,0.4318,0.4348,0.5384,0.4811,0.3991,0.3845,0.4921,0.4115,0.5341,0.5341,0.4041,0.3858,0.4139,0.5337,0.4026,0.3909,0.4004,0.5309,0.3791,0.3812,0.3830,0.3896,0.4287,0.4324,0.4070,0.3979,0.5412,0.3992,0.3983,0.3981,0.4707,0.3999,0.4068,0.5342,0.5530,0.3976,0.3951,0.3951,0.4543,0.3864,0.5147,0.4675,0.5153,0.4033,0.3671,0.3831,0.5100,0.4747,0.4555,0.3895,0.4259,0.4600,0.5229,0.3782,0.3512,0.4702,0.3845,0.5109,0.5238,0.5590,0.3789,0.3607,0.5525,0.3800,0.4225,0.4225,0.5436,0.5255,0.3538,0.4152,0.4034,0.3532,0.3751,0.4219,0.5480,0.5011,0.3799,0.5374,0.4221,0.4022,0.3904,0.3833,0.5768,0.2704,0.5158,0.5257,0.4122,0.4744,0.3961,0.5573,0.3955,0.3702,0.4857,0.6218,0.4270,0.3934,0.3647,0.4076,0.3787,0.3568,0.4756,0.4713,0.3715,0.2327,0.3835,0.4315,0.5747,0.5747,0.5747,0.4273,0.3828,0.6185,0.3448,0.3898,0.6057,0.3895,0.3833,0.3613,0.4336,0.4786,0.3459,0.2996,0.4789,0.4146,0.4408,0.3960,0.6114,0.4668,0.4458,0.3716,0.6039,0.4034,0.3470,0.4088,0.3800,0.5981,0.5981,0.3650,0.3598,0.3573,0.5053,0.5932,0.4502,0.5831,0.4037,0.3570,0.4750,0.3697,0.4446,0.3830,0.4311,0.3710,0.3323,0.4842,0.4605,0.3279,0.5924,0.3884,0.5825,0.1926,0.1919,0.3653,0.3980,0.4689,0.3551,0.3198,0.3633,0.5491,0.5018,0.3904,0.3527,0.3582,0.3256,0.3631,0.3757,0.5291,0.5336,0.5336,0.5499,0.5499,0.5499,0.4003,0.5078,0.3692,0.3581,0.4540,0.3793,0.5814,0.4367,0.4527,0.3778,0.5062,0.3764,0.5470,0.4190,0.4174,0.3965,0.4936,0.3889,0.3987,0.4702,0.3643,0.3424,0.3498,0.5789,0.3860,0.3575,0.2241,0.4877,0.4452,0.4278,0.3281,0.4907,0.4552,0.3490,0.3248,0.3448,0.4706,0.3424,0.3822,0.3255,0.3035,0.4724,0.4120,0.4201,0.3467,0.3576,0.3193,0.2587,0.5168,0.4548,0.2587,0.4126,0.3148,0.3585,0.4222,0.3657,0.3843,0.4944,0.2975,0.3314,0.3397,0.3269,0.4112,0.4112,0.5061,0.5061,0.3011,0.3979,0.3217,0.2863,0.3339,0.3498,0.4432,0.3198,0.3634,0.5064,0.3635,0.4199,0.4996,0.3559,0.3281,0.3405,0.3321,0.4529,0.3301,0.3294,0.2967,0.3216,0.4969,0.4079,0.3234,0.4637,0.3321,0.3178,0.3283,0.3505,0.3248,0.4654,0.3699,0.3440,0.3305,0.3627,0.4625,0.3915,0.4183,0.4913,0.3261,0.3276,0.3741,0.3911,0.3566,0.3974,0.3201,0.4176,0.4263,0.3902,0.2989,0.3280,0.3337,0.3784,0.3174,0.3421,0.3736,0.3529,0.3364,0.3205,0.3140,0.3570,0.4058,0.3234,0.3093,0.2945,0.3452,0.3631,0.3197,0.3058,0.3841,0.4535,0.3854,0.3109,0.3202,0.4239,0.4028,0.3136,0.3330,0.1671,0.3356,0.3735,0.2949,0.4013,0.3140,0.3497,0.4205,0.2999,0.3604,0.4272,0.4283,0.3059,0.3080,0.3081,0.3842,0.4134,0.3775,0.3385,0.3639,0.3639,0.1848,0.3341,0.4125,0.2897,0.1869,0.2074,0.3489,0.3437,0.3713,0.3256,0.3144,0.2921,0.4044,0.4444,0.1855,0.3280,0.1866,0.2696,0.3503,0.3423,0.2942,0.2575,0.3278,0.2998,0.2125,0.3382,0.3786,0.2587,0.3330,0.3838,0.3881,0.2767,0.4226,0.3059,0.3687,0.2903,0.2578,0.3402,0.2610,0.2654,0.2696,0.2692,0.3302,0.2646,0.2682,0.3678,0.3258,0.3496,0.3235,0.2948,0.2455,0.3758,0.2883,0.3340,0.3647,0.3478,0.2620,0.2800,0.2837,0.3409,0.2972,0.2663,0.2948,0.2593,0.3265,0.2473,0.3968,0.2721,0.3997,0.2771,0.2675,0.3070,0.3091,0.3606,0.3606,0.2860,0.2880,0.2474,0.2508,0.2546,0.3977,0.3286,0.3133,0.2783,0.1783,0.3614,0.1944,0.3644,0.2558,0.2710,0.3624,0.2485,0.2607,0.2784,0.3229,0.3425,0.4019,0.3331,0.1870,0.3896,0.2384,0.3011,0.3070,0.3538,0.2754,0.3252,0.2907,0.3435,0.2701,0.1916,0.3197,0.3459,0.2613,0.3114,0.2951,0.2594,0.2567,0.2862,0.2650,0.3593,0.2414,0.2827,0.2441,0.2747,0.2819,0.2794,0.3676,0.2384,0.2407,0.2607,0.2366,0.3058,0.2382,0.3278,0.1593,0.2860,0.2373,0.3518,0.1976,0.2296,0.3247,0.1910,0.1690,0.2288,0.1643,0.2435,0.2739,0.2814,0.3018,0.2271,0.2271,0.2459,0.2930,0.2618,0.2987,0.2389,0.1689,0.2344,0.3042,0.2831,0.2822,0.1598,0.3014,0.2817,0.2807,0.2390,0.2663,0.2914,0.2613,0.2679,0.2370,0.1722,0.2386,0.2783,0.2448,0.1640,0.3682,0.2884,0.2906,0.1551,0.2738,0.1534,0.1480,0.2421,0.2557,0.2583,0.2575,0.2382,0.3024,0.2928,0.2287,0.3075,0.3343,0.3603,0.3603,0.1464,0.1463,0.1436,0.2692,0.3580,0.2538,0.1449,0.2834,0.1703,0.1703,0.3039,0.1548,0.1431,0.1701,0.1412,0.1481,0.2298,0.1586,0.1538,0.2597,0.1700,0.2693,0.2579,0.1409,0.2663,0.1641,0.1454,0.1276,0.1600,0.2710,0.1364,0.2843,0.2146,0.3186,0.0744,0.1366,0.2391,0.1850,0.2710,0.1430,0.3199,0.2783,0.1433,0.2333,0.1261,0.1420,0.2599,0.1419,0.1977,0.1256,0.1349,0.2393,0.1359,0.1661,0.1474,0.3300,0.2270,0.1644,0.2560,0.0883,0.2542,0.2248,0.2948,0.1653,0.1405,0.2501,0.1598,0.2231,0.1225,0.0955,0.1397,0.1685,0.1084,0.2456,0.1352,0.1436,0.2144,0.1453,0.1376,0.1505,0.1319,0.1297,0.0922,0.1348,0.2411,0.2496,0.1447,0.1335,0.2164,0.2205,0.1623,0.1522,0.1020,0.0924,0.1336,0.1439,0.0879,0.0899,0.2539,0.2467,0.2445,0.2878,0.1452,0.2450,0.1238,0.1316,0.1244,0.1013,0.1265,0.1372,0.0786,0.1326,0.2631,0.2692,0.0896,0.2349,0.2273,0.0955,0.2373,0.1368,0.0876,0.1405,0.2810,0.1412,0.1223,0.2089,0.0904,0.1361,0.0844,0.1249,0.1323,0.2612,0.1172,0.1246,0.1280,0.0793,0.2320,0.0395,0.1420,0.1306,0.2121,0.1190,0.1434,0.0841,0.2373,0.1350,0.2360,0.1107,0.1266,0.1159,0.1294,0.0781,0.1418,0.0655,0.0792,0.2616,0.1179,0.0801,0.1292,0.2615,0.2328,0.1204,0.1169,0.0739,0.1175,0.2233,0.0735,0.0749,0.0749,0.1332,0.0841,0.0841,0.0769,0.1069,0.1234,0.1849,0.0717,0.2226,0.1306,0.0761,0.1182,0.1350,0.1273,0.2133,0.1157,0.2668,0.0723,0.1283,0.1285,0.1334,0.0773,0.1158,0.1276,0.1175,0.0745,0.0710,0.1246,0.2169,0.2685,0.1030,0.0429,0.0682,0.0388,0.1192,0.0780,0.1252,0.3066,0.0674,0.1223,0.2854,0.2149,0.1235,0.1117,0.1254,0.2902,0.1135,0.1229,0.2179,0.2145,0.2156,0.2194,0.0437,0.1124,0.2168,0.1201,0.0301,0.1804,0.1148,0.2174,0.0638,0.1051,0.0814,0.0633,0.0654,0.0655,0.0661,0.0380,0.2720,0.0315,0.0692,0.0320,0.0324,0.2257,0.0606,0.0362,0.0589,0.0339,0.0599,0.0605,0.0593,0.2240,0.0326,0.0276,0.2696,0.0276,0.0553,0.0306,0.2186,0.2184,0.0335,0.0618,0.0586,0.0325,0.2184,0.2184,0.0286,0.0586,0.0435,0.0292,0.0610,0.0569,0.0193,0.0790,0.0563,0.2176,0.0277,0.0266,0.0595,0.0296,0.2168,0.0562,0.0630,0.0634,0.0569,0.0524,0.0589,0.0280,0.0559,0.0593,0.0474,0.0589,0.0498,0.0628,0.0591,0.0333,0.0236,0.0570,0.0407,0.0544,0.0535,0.0535,0.0561,0.0533,0.1057,0.1066,0.1066,0.0550,0.0254,0.0255,0.0253,0.2358,0.0237,0.0239,0.0250,0.0250,0.0235,0.0246,0.0246,0.0246,0.1031,0.0521,0.0216,0.0227,0.0235,0.0187,0.0221,0.0217,0.0151,0.0151,0.0236,0.0219,0.0230,0.0224,0.2020,0.0146,0.0146,0.0195,0.0219,0.0201,0.0202,0.0161,0.0195,0.0214,0.0205,0.0205,0.0188,0.0165,0.0209,0.0204,0.0192,0.0192,0.0192,0.0195,0.0004,0.0004,0.0004,0.0004,0.0002,0.0002,0.0001,0.0001,0.0001,0.0001,0.0001,0.0001
Avg Trades/Day,,,,statistic,Avg Trades/Day for each solution,1.257,1.230,1.230,1.171,1.169,1.193,1.193,1.193,1.091,1.021,1.021,1.370,1.122,1.528,1.381,1.835,1.862,1.862,1.473,1.286,1.029,1.122,1.293,1.293,1.336,1.612,1.216,1.570,1.213,1.991,1.228,1.213,1.507,1.622,3.366,1.625,1.766,1.768,1.997,1.662,1.779,1.766,1.446,3.973,1.676,1.804,1.680,5.701,1.158,1.551,1.560,1.483,3.868,4.498,1.832,1.336,1.893,2.189,2.082,1.657,1.187,1.223,1.064,1.226,1.226,1.986,2.802,1.671,1.687,1.797,1.693,2.309,5.369,3.088,3.133,1.635,3.474,3.474,3.953,5.787,3.130,3.130,3.036,3.165,3.060,4.461,2.114,3.143,4.353,1.920,4.646,3.892,3.062,3.093,3.655,3.924,3.425,5.123,3.114,3.114,4.353,4.490,3.425,4.779,3.649,5.407,5.407,4.792,3.236,3.221,3.300,3.596,3.384,4.763,3.259,4.936,3.411,3.109,4.882,3.273,3.273,5.018,3.688,3.531,4.845,5.573,5.573,4.872,3.262,3.666,4.763,5.102,3.645,3.675,3.583,5.052,3.591,3.838,3.071,4.650,5.573,3.199,3.586,5.096,3.613,3.209,3.478,3.258,5.052,4.242,3.618,4.107,3.455,3.296,3.025,3.025,3.882,3.704,3.134,3.055,3.850,3.724,3.408,3.296,3.626,3.904,3.753,3.726,3.551,3.648,3.714,3.720,3.010,3.690,3.863,3.937,3.741,3.610,3.241,3.179,3.043,3.920,3.781,3.781,3.133,3.839,3.249,4.268,3.233,3.064,3.997,3.702,3.232,3.623,5.814,3.785,3.515,5.864,4.814,3.991,3.624,4.031,3.953,3.310,3.065,3.494,4.239,4.578,3.254,4.228,4.014,4.014,4.628,3.386,3.856,3.781,3.075,3.867,4.092,5.798,4.307,3.323,3.998,3.975,5.259,3.607,3.171,3.588,3.308,1.052,3.406,3.499,3.840,3.380,3.167,3.046,3.170,4.412,5.031,3.060,3.276,3.212,4.075,3.395,3.227,4.514,3.636,4.895,3.999,7.092,3.234,3.782,3.122,3.122,3.122,3.977,3.378,3.135,4.779,3.217,3.180,3.215,3.179,4.262,3.821,3.644,4.572,5.261,4.294,4.168,3.819,4.024,3.160,4.895,5.489,3.456,3.232,3.945,4.373,4.442,4.013,3.233,3.233,3.313,3.763,4.427,3.724,3.288,3.917,3.295,3.359,3.774,3.869,3.698,4.352,3.296,3.594,3.025,4.406,3.797,3.842,4.152,3.322,4.423,3.397,6.388,6.450,3.163,3.475,4.021,4.024,5.201,3.928,3.078,3.604,4.951,3.892,3.290,4.126,4.209,4.275,3.411,3.293,3.293,3.002,3.002,3.002,4.853,3.611,5.962,3.869,4.293,4.414,3.382,4.814,4.096,5.985,3.846,3.245,3.186,4.341,5.420,4.139,4.096,3.564,4.750,3.263,4.531,4.175,3.913,3.094,4.474,4.797,8.072,3.996,5.211,4.566,4.112,3.428,4.127,4.707,5.011,5.253,4.060,4.129,3.743,4.859,5.202,4.005,3.395,3.758,4.284,4.329,4.605,7.984,3.502,4.558,8.041,4.460,5.688,4.987,3.263,3.109,5.864,3.808,4.960,4.409,3.857,4.019,4.106,4.106,3.597,3.597,5.049,4.379,4.624,5.606,4.026,5.620,4.054,5.811,5.056,3.882,5.736,4.734,3.490,4.849,5.901,4.353,5.285,3.848,4.299,4.132,5.222,4.295,3.920,3.529,5.672,4.601,5.666,5.914,4.646,5.956,5.056,4.022,3.848,4.969,3.719,5.186,4.187,4.024,3.660,3.972,4.952,4.275,5.946,5.774,3.221,4.771,4.190,3.596,3.040,5.220,5.584,4.222,5.281,5.255,4.222,3.462,3.090,4.118,5.310,4.362,4.277,3.056,4.138,4.787,4.260,5.915,5.796,3.326,5.338,4.300,4.822,4.129,5.160,5.326,5.727,4.347,3.074,4.059,5.396,7.069,5.389,4.819,4.925,3.087,3.622,3.917,3.398,4.422,4.764,3.290,4.251,5.298,5.904,5.739,5.111,4.510,4.387,5.072,3.429,3.429,8.521,3.521,4.056,4.742,6.315,8.308,5.758,3.268,5.582,4.093,5.416,5.841,3.254,4.526,7.366,3.718,6.972,4.770,3.053,4.577,5.129,5.997,3.937,4.428,8.779,3.365,5.372,5.786,3.782,4.814,4.508,5.198,3.389,4.269,3.707,5.993,5.902,5.247,5.911,5.327,5.436,5.948,4.593,5.597,5.305,3.867,5.977,3.940,4.539,4.511,5.591,4.564,4.876,5.774,3.986,3.186,5.729,4.797,4.790,5.794,5.317,5.474,5.360,5.727,3.350,5.902,3.477,5.267,3.034,5.746,5.471,5.717,4.042,3.952,3.952,5.540,5.966,5.961,5.931,5.725,3.723,3.532,4.098,5.930,8.020,3.947,7.790,3.968,5.750,5.030,3.938,5.861,5.948,5.829,4.686,5.277,4.424,4.594,8.427,3.881,5.969,4.388,4.228,4.110,4.817,5.242,5.512,4.276,4.895,7.044,3.780,4.303,5.687,3.503,4.419,5.327,5.963,4.459,4.912,4.288,5.839,5.689,5.870,2.411,5.984,2.649,3.569,5.733,5.756,5.153,5.785,4.087,5.928,4.839,6.881,5.254,5.945,4.588,6.574,5.979,5.008,8.934,8.413,5.789,8.117,5.880,4.894,4.568,4.756,5.817,5.817,5.548,5.364,5.174,4.028,5.856,8.252,5.472,3.869,5.987,4.379,6.925,4.098,4.482,4.563,5.861,5.966,4.395,4.710,4.344,5.948,8.692,5.922,4.605,5.504,8.598,3.282,5.629,4.171,8.682,2.747,6.586,8.558,5.763,5.958,4.641,5.304,5.688,5.954,5.537,5.921,4.496,4.197,3.388,3.388,6.938,6.926,6.930,5.951,3.426,5.496,7.154,4.347,8.137,8.137,4.312,6.382,6.444,8.362,6.656,8.161,5.782,8.175,8.809,5.097,4.619,4.710,5.972,8.750,4.751,8.794,8.585,8.435,4.759,4.584,7.213,4.266,5.933,3.572,11.342,7.438,5.642,3.992,5.550,8.505,3.494,4.717,8.030,5.207,8.780,8.046,4.908,8.743,5.997,8.887,8.015,5.994,8.188,6.172,8.652,3.201,5.388,6.296,5.005,10.078,5.030,5.810,4.162,6.105,8.860,5.764,4.691,5.463,8.069,10.585,8.425,7.135,8.642,5.232,8.423,8.078,5.725,8.553,8.133,8.054,8.033,6.593,11.182,8.911,5.946,5.167,8.400,8.778,5.897,5.497,6.787,8.323,9.472,10.315,7.372,8.998,10.255,10.264,5.291,5.207,5.225,4.383,8.840,5.225,8.614,8.882,6.236,10.762,7.041,8.646,10.845,8.480,4.614,4.721,10.624,5.826,5.979,11.701,5.398,8.956,11.418,8.858,4.175,8.765,8.302,5.872,11.852,6.966,9.512,8.300,8.398,4.742,7.177,8.331,6.041,9.334,5.536,23.638,8.784,8.610,5.954,8.925,6.430,9.817,5.238,7.289,5.997,8.208,7.318,7.781,8.915,11.427,6.685,10.926,11.209,4.835,8.388,11.307,5.771,4.596,5.458,8.404,8.798,10.739,6.488,5.632,11.477,10.926,10.926,8.264,8.846,8.846,10.926,8.593,8.604,5.998,11.550,5.698,8.936,10.151,8.806,7.339,8.815,5.982,8.615,4.376,10.648,7.665,7.700,7.088,11.698,8.844,7.722,8.515,11.965,10.909,8.331,5.988,4.254,8.903,17.156,10.297,25.064,8.595,11.899,8.350,3.255,9.455,8.956,3.865,5.990,7.066,8.970,8.250,3.516,8.854,7.364,5.882,5.977,5.951,5.827,12.413,8.954,5.780,8.914,18.744,4.726,8.400,5.934,11.628,8.668,8.811,11.765,11.584,11.756,11.664,19.203,4.289,23.175,11.804,40.538,24.375,5.541,10.626,13.473,11.784,21.173,10.981,9.455,11.088,5.567,12.242,58.883,4.164,59.362,9.003,23.629,5.705,5.715,28.007,11.804,11.289,16.210,5.702,5.702,43.657,9.253,9.752,41.120,11.418,10.664,58.851,8.886,11.192,5.704,28.865,55.530,11.895,12.963,5.717,10.768,11.523,11.959,11.705,11.899,11.821,14.110,10.811,11.875,11.382,11.743,11.909,11.857,11.143,9.592,58.931,11.957,11.752,11.332,11.745,11.745,11.982,11.986,8.917,8.894,8.894,11.974,63.353,78.372,72.360,2.271,82.938,81.057,77.753,77.428,83.505,77.629,77.639,77.586,8.909,11.908,74.685,59.430,96.651,266.158,97.248,113.665,271.374,271.947,60.140,114.371,105.437,114.674,5.983,283.169,283.240,174.203,119.113,156.053,161.773,280.813,166.826,123.258,142.899,142.899,202.415,269.752,134.964,152.229,183.865,190.953,193.465,177.397,284.564,284.564,291.286,302.073,310.729,310.729,331.956,336.483,336.602,351.819,361.289,598.875
Total Profit (norm),,,,statistic,Total Profit (norm) for each solution,0.2723,0.4535,0.4535,0.4404,0.4409,0.4500,0.4500,0.4500,0.4411,0.2890,0.2890,0.4098,0.4328,0.2931,0.3027,0.1555,0.4202,0.4202,0.4784,0.2817,0.3413,0.1912,0.2752,0.2751,0.3702,0.3923,0.2749,0.3693,0.2823,0.4271,0.2727,0.3012,0.2843,0.3003,0.5795,0.3059,0.3910,0.3909,0.2341,0.2954,0.4670,0.4632,0.3133,0.6935,0.2886,0.4711,0.2962,0.8896,0.3249,0.4490,0.4485,0.3646,0.6828,0.5939,0.3211,0.3828,0.3185,0.4720,0.5192,0.2570,0.2421,0.3780,0.2592,0.3878,0.3878,0.3188,0.2105,0.4131,0.4492,0.5572,0.3386,0.4042,0.9364,0.5153,0.5083,0.3109,0.5908,0.5908,0.7440,0.9425,0.5070,0.5070,0.5561,0.2861,0.4219,0.6213,0.2686,0.2841,0.8221,0.3255,0.8277,0.7055,0.4575,0.4626,0.5981,0.7026,0.6306,0.8410,0.4600,0.4600,0.7948,0.6463,0.5228,0.8460,0.5733,0.9771,0.9771,0.8511,0.4302,0.4355,0.4675,0.5180,0.4541,0.8244,0.4038,0.6517,0.5185,0.4054,0.8333,0.5519,0.5519,0.9266,0.5368,0.7151,0.8488,0.9725,0.9725,0.8568,0.6114,0.6109,0.8212,0.7002,0.5222,0.5447,0.3043,0.8901,0.7060,0.5250,0.4088,0.5841,0.9638,0.4942,0.5940,0.8911,0.5946,0.4408,0.5484,0.4768,0.8886,0.6402,0.4835,0.5650,0.5923,0.3843,0.7263,0.7263,0.5343,0.4634,0.3766,0.7453,0.5800,0.5351,0.4203,0.8045,0.4038,0.5171,0.4618,0.5294,0.5342,0.5683,0.4996,0.4864,0.7413,0.4617,0.5028,0.6113,0.6447,0.3887,0.3515,0.7263,0.7667,0.4981,0.4890,0.4890,0.4198,0.4874,0.7531,0.5589,0.7525,0.3109,0.4879,0.3751,0.7244,0.6702,0.9336,0.4052,0.4415,0.9685,0.7380,0.4425,0.4189,0.4901,0.5018,0.7604,0.7341,0.8816,0.5340,0.6352,0.7751,0.5983,0.6457,0.6457,0.7020,0.8674,0.2982,0.5291,0.3930,0.2983,0.5218,0.7059,0.6206,0.7360,0.4588,0.7406,0.6013,0.4235,0.3111,0.3662,0.9075,0.1626,0.8368,0.9813,0.4929,0.8629,0.3887,0.7727,0.3877,0.6262,0.9230,0.8579,0.3716,0.3908,0.4650,0.2391,0.3249,0.5417,0.7926,0.6069,0.4264,0.9399,0.3140,0.5834,0.9050,0.9050,0.9050,0.6678,0.3046,0.8808,0.5764,0.3807,0.8555,0.3768,0.2848,0.4938,0.7233,0.7137,0.5572,0.2290,0.8965,0.7420,0.7399,0.5806,0.8848,0.6010,0.8224,0.3198,0.8854,0.5638,0.6002,0.6416,0.4778,0.8778,0.8778,0.3113,0.3129,0.5024,0.8866,0.8909,0.7270,0.9188,0.7207,0.2847,0.7765,0.3490,0.7816,0.3828,0.5286,0.2613,0.5152,0.8838,0.7679,0.2763,0.8982,0.6486,0.9200,0.6228,0.6263,0.2801,0.7318,0.9100,0.3730,0.6240,0.3622,0.8111,0.8242,0.6801,0.3600,0.2849,0.2616,0.4981,0.4740,0.8697,0.8799,0.8799,0.7887,0.7887,0.7887,0.6250,0.9371,0.6808,0.3700,0.9886,0.5824,0.9187,0.9369,0.8146,0.7735,0.9117,0.3348,0.9120,0.8496,0.9467,0.7501,0.9523,0.7357,0.8552,0.3117,0.4710,0.3616,0.3312,0.9014,0.5580,0.5745,1.0000,0.8851,0.8258,0.9972,0.3381,0.7877,0.7594,0.6131,0.5033,0.5305,0.9811,0.3489,0.9634,0.4847,0.4194,1.0000,0.7809,0.7728,0.2504,0.4749,0.3618,1.0000,0.7932,0.9888,1.0000,0.7204,0.6637,0.7519,0.7887,0.2616,0.9817,1.0000,0.3408,0.3984,0.2514,0.3439,0.7527,0.7527,0.7951,0.7951,0.4378,1.0000,0.3799,0.6005,0.2922,0.6321,0.7042,0.5698,0.5494,0.9670,0.7883,1.0000,0.7136,0.5415,0.6253,0.2138,0.5785,0.9460,0.3405,0.2921,0.7664,0.3202,0.7297,0.8143,0.5429,1.0000,0.5724,0.6497,0.4016,0.8632,0.4572,0.8704,0.7209,0.6900,0.2692,0.8361,1.0000,0.8864,0.2796,0.8197,0.4791,0.3035,0.8198,0.8701,0.2022,0.9147,0.2748,0.2665,0.6791,0.9794,0.6172,0.2758,0.8433,0.8934,0.2712,0.1961,0.7583,0.8276,0.8585,0.2918,0.2627,0.1897,0.4814,0.4827,0.3069,0.6650,0.8972,0.8106,0.6295,0.2948,0.7778,0.8640,0.9381,0.4099,0.7852,0.8424,0.7166,0.2610,0.7174,0.5895,0.7289,0.9345,0.3373,0.7138,0.2210,1.0000,0.9868,0.2954,0.5564,0.6059,0.9154,0.3274,0.7450,0.6558,0.9218,1.0000,0.7957,0.5341,0.2117,0.2117,0.8387,0.1330,0.7812,0.2729,0.6415,1.0000,0.8788,0.1842,1.0000,0.2392,0.9988,0.4888,0.5992,0.8660,0.7456,0.2230,0.7318,0.3536,0.1616,0.8404,0.3500,0.5053,0.2186,0.2439,1.0000,0.1817,0.9255,0.4278,0.2507,0.9769,1.0000,0.3222,0.7816,0.2279,0.9443,0.7871,0.4141,0.9704,0.4260,0.3312,0.3537,0.5177,0.7607,0.3672,0.2893,0.7745,0.8547,0.2921,0.6971,0.2622,0.4133,0.9272,0.2639,1.0000,0.6707,0.1433,0.3701,0.2338,0.2172,0.8345,0.9280,0.3261,0.9256,0.3705,0.1740,0.9634,0.6984,0.3119,0.8496,0.9302,0.3072,0.9517,0.3241,0.9289,0.9289,0.9503,0.7634,0.3640,0.3847,0.3440,0.8623,0.1367,0.2667,0.5143,0.8084,0.9220,0.8381,0.9596,0.3409,0.2483,0.9250,0.3444,0.6138,0.8705,1.0000,0.7746,0.7530,0.8359,0.9454,0.9068,0.2991,0.2565,0.2391,0.8867,0.1996,0.9132,0.9623,0.9735,0.2021,0.7843,0.1981,0.9707,0.3076,0.1105,0.1617,0.2565,0.6222,0.1957,0.1741,0.8531,0.2691,0.9108,0.3165,0.7265,0.6794,0.7743,0.7194,0.2932,0.2897,0.2383,0.2995,0.1602,0.2890,0.8250,0.5825,0.7021,0.2874,0.7551,0.8365,0.4042,0.9132,1.0000,0.9590,0.1883,0.7946,0.2785,0.2589,0.1954,0.6775,0.1856,0.1856,0.2694,0.8187,0.2167,0.1676,0.2890,0.9369,0.9813,0.1169,0.6193,0.1817,0.6948,0.1882,0.1722,0.1907,0.9705,0.6289,0.1698,0.2195,0.1548,0.8577,0.7863,0.2553,0.1976,0.2285,0.8958,0.5998,1.0000,0.1570,0.6347,0.7604,0.6340,0.5390,0.2476,0.6561,0.1942,0.2029,0.2036,0.7281,0.8649,0.2559,0.1938,0.7744,0.5845,0.5845,0.5039,0.5018,0.7216,0.4591,0.5819,0.2283,0.4992,0.1467,0.7989,0.7989,0.3445,0.8312,0.8641,0.8704,0.5214,0.6596,0.1949,0.7880,0.6762,0.1688,1.0000,0.1658,0.8612,0.5431,0.1485,0.8075,0.6459,0.6962,0.9552,0.1314,0.6666,0.0816,0.4386,0.1989,0.6354,0.7099,0.1974,1.0000,0.8396,0.7944,0.1905,0.2417,0.8143,0.1902,0.6974,0.6762,0.1651,0.5305,0.7908,0.7015,0.4887,0.3621,0.5286,1.0000,0.9252,0.1656,0.1934,1.0000,0.1557,0.8377,0.1460,0.1648,0.2480,1.0000,0.7240,0.8548,0.8779,0.1845,0.4950,1.0000,0.8280,1.0000,0.1150,0.1504,0.6533,0.6766,0.1965,0.9055,0.7416,1.0000,0.5664,0.3381,1.0000,0.4086,0.8315,0.1510,0.9201,0.6404,0.1352,0.1729,1.0000,1.0000,1.0000,1.0000,0.9338,0.6932,0.8379,1.0000,0.2221,0.1488,0.1409,0.2043,1.0000,0.1407,0.5738,0.3974,0.9753,1.0000,0.4175,0.8457,0.9489,0.8258,0.1063,0.2052,0.9279,0.2465,0.2273,1.0000,0.1233,0.7391,1.0000,0.9957,0.1111,0.8711,0.9598,0.1726,1.0000,1.0000,0.9631,0.3357,1.0000,0.1279,0.3367,0.3344,0.9062,0.7596,0.1261,1.0000,1.0000,0.7492,0.1136,0.6022,1.0000,1.0000,0.0993,1.0000,0.6176,0.3352,0.8355,0.3428,0.6554,0.8431,1.0000,0.4262,0.7923,0.1796,0.3603,0.9939,0.4063,0.0919,0.1215,0.3731,0.3958,0.7411,0.2770,0.1253,1.0000,0.6638,0.6638,1.0000,0.7297,0.7297,0.6969,0.4339,0.8929,0.1589,0.6446,0.1037,0.8291,0.8651,0.2712,0.9381,0.7956,0.1244,0.3466,0.0684,0.7893,0.9711,1.0000,0.9386,0.9278,0.3506,0.9820,0.3782,0.9837,0.7665,0.8567,0.1723,0.0538,1.0000,1.0000,0.5728,1.0000,0.7180,1.0000,0.9449,0.0730,0.5613,0.8037,0.0447,0.1559,0.7909,0.3077,0.7637,0.0421,0.2828,0.8218,0.1424,0.1450,0.1492,0.1419,1.0000,0.2598,0.0794,0.6374,0.9595,0.2388,0.3669,0.1523,0.7270,0.9404,0.3867,0.4568,0.9145,0.8415,0.6768,1.0000,0.1159,1.0000,1.0000,1.0000,1.0000,0.1001,0.3481,1.0000,0.5589,1.0000,0.4943,0.3261,0.4744,0.0922,0.9647,1.0000,0.0515,1.0000,0.4091,1.0000,0.0927,0.0906,1.0000,0.6433,0.3140,1.0000,0.0900,0.0900,1.0000,0.3893,0.4437,1.0000,0.5740,0.3935,1.0000,0.2529,0.3468,0.0781,1.0000,1.0000,0.4985,1.0000,0.0748,0.3570,0.9315,0.9298,0.3844,0.3945,0.6525,0.7572,0.5491,0.7270,0.4028,0.9262,0.3726,0.4870,0.7351,0.4769,1.0000,0.6506,1.0000,0.3165,0.3414,0.3414,0.4386,0.2094,0.1943,0.0951,0.0951,0.5081,1.0000,1.0000,1.0000,0.2026,1.0000,1.0000,1.0000,1.0000,1.0000,1.0000,1.0000,1.0000,0.1323,0.2188,1.0000,1.0000,1.0000,1.0000,1.0000,1.0000,1.0000,1.0000,1.0000,1.0000,1.0000,1.0000,0.0170,1.0000,1.0000,1.0000,1.0000,1.0000,1.0000,1.0000,1.0000,1.0000,1.0000,1.0000,1.0000,0.5658,1.0000,0.8437,0.3679,0.4462,0.3966,0.1780,0.0001,0.0001,0.0001,0.0001,0.0001,0.0001,0.0001,0.0001,0.0001,0.0001,0.0001,0.0001
Solution Rank,,,,statistic,Rank by Sortino (0 = highest),#0 (SELECTED),#1,#2,#3,#4,#5,#6,#7,#8,#9,#10,#11,#12,#13,#14,#15,#16,#17,#18,#19,#20,#21,#22,#23,#24,#25,#26,#27,#28,#29,#30,#31,#32,#33,#34,#35,#36,#37,#38,#39,#40,#41,#42,#43,#44,#45,#46,#47,#48,#49,#50,#51,#52,#53,#54,#55,#56,#57,#58,#59,#60,#61,#62,#63,#64,#65,#66,#67,#68,#69,#70,#71,#72,#73,#74,#75,#76,#77,#78,#79,#80,#81,#82,#83,#84,#85,#86,#87,#88,#89,#90,#91,#92,#93,#94,#95,#96,#97,#98,#99,#100,#101,#102,#103,#104,#105,#106,#107,#108,#109,#110,#111,#112,#113,#114,#115,#116,#117,#118,#119,#120,#121,#122,#123,#124,#125,#126,#127,#128,#129,#130,#131,#132,#133,#134,#135,#136,#137,#138,#139,#140,#141,#142,#143,#144,#145,#146,#147,#148,#149,#150,#151,#152,#153,#154,#155,#156,#157,#158,#159,#160,#161,#162,#163,#164,#165,#166,#167,#168,#169,#170,#171,#172,#173,#174,#175,#176,#177,#178,#179,#180,#181,#182,#183,#184,#185,#186,#187,#188,#189,#190,#191,#192,#193,#194,#195,#196,#197,#198,#199,#200,#201,#202,#203,#204,#205,#206,#207,#208,#209,#210,#211,#212,#213,#214,#215,#216,#217,#218,#219,#220,#221,#222,#223,#224,#225,#226,#227,#228,#229,#230,#231,#232,#233,#234,#235,#236,#237,#238,#239,#240,#241,#242,#243,#244,#245,#246,#247,#248,#249,#250,#251,#252,#253,#254,#255,#256,#257,#258,#259,#260,#261,#262,#263,#264,#265,#266,#267,#268,#269,#270,#271,#272,#273,#274,#275,#276,#277,#278,#279,#280,#281,#282,#283,#284,#285,#286,#287,#288,#289,#290,#291,#292,#293,#294,#295,#296,#297,#298,#299,#300,#301,#302,#303,#304,#305,#306,#307,#308,#309,#310,#311,#312,#313,#314,#315,#316,#317,#318,#319,#320,#321,#322,#323,#324,#325,#326,#327,#328,#329,#330,#331,#332,#333,#334,#335,#336,#337,#338,#339,#340,#341,#342,#343,#344,#345,#346,#347,#348,#349,#350,#351,#352,#353,#354,#355,#356,#357,#358,#359,#360,#361,#362,#363,#364,#365,#366,#367,#368,#369,#370,#371,#372,#373,#374,#375,#376,#377,#378,#379,#380,#381,#382,#383,#384,#385,#386,#387,#388,#389,#390,#391,#392,#393,#394,#395,#396,#397,#398,#399,#400,#401,#402,#403,#404,#405,#406,#407,#408,#409,#410,#411,#412,#413,#414,#415,#416,#417,#418,#419,#420,#421,#422,#423,#424,#425,#426,#427,#428,#429,#430,#431,#432,#433,#434,#435,#436,#437,#438,#439,#440,#441,#442,#443,#444,#445,#446,#447,#448,#449,#450,#451,#452,#453,#454,#455,#456,#457,#458,#459,#460,#461,#462,#463,#464,#465,#466,#467,#468,#469,#470,#471,#472,#473,#474,#475,#476,#477,#478,#479,#480,#481,#482,#483,#484,#485,#486,#487,#488,#489,#490,#491,#492,#493,#494,#495,#496,#497,#498,#499,#500,#501,#502,#503,#504,#505,#506,#507,#508,#509,#510,#511,#512,#513,#514,#515,#516,#517,#518,#519,#520,#521,#522,#523,#524,#525,#526,#527,#528,#529,#530,#531,#532,#533,#534,#535,#536,#537,#538,#539,#540,#541,#542,#543,#544,#545,#546,#547,#548,#549,#550,#551,#552,#553,#554,#555,#556,#557,#558,#559,#560,#561,#562,#563,#564,#565,#566,#567,#568,#569,#570,#571,#572,#573,#574,#575,#576,#577,#578,#579,#580,#581,#582,#583,#584,#585,#586,#587,#588,#589,#590,#591,#592,#593,#594,#595,#596,#597,#598,#599,#600,#601,#602,#603,#604,#605,#606,#607,#608,#609,#610,#611,#612,#613,#614,#615,#616,#617,#618,#619,#620,#621,#622,#623,#624,#625,#626,#627,#628,#629,#630,#631,#632,#633,#634,#635,#636,#637,#638,#639,#640,#641,#642,#643,#644,#645,#646,#647,#648,#649,#650,#651,#652,#653,#654,#655,#656,#657,#658,#659,#660,#661,#662,#663,#664,#665,#666,#667,#668,#669,#670,#671,#672,#673,#674,#675,#676,#677,#678,#679,#680,#681,#682,#683,#684,#685,#686,#687,#688,#689,#690,#691,#692,#693,#694,#695,#696,#697,#698,#699,#700,#701,#702,#703,#704,#705,#706,#707,#708,#709,#710,#711,#712,#713,#714,#715,#716,#717,#718,#719,#720,#721,#722,#723,#724,#725,#726,#727,#728,#729,#730,#731,#732,#733,#734,#735,#736,#737,#738,#739,#740,#741,#742,#743,#744,#745,#746,#747,#748,#749,#750,#751,#752,#753,#754,#755,#756,#757,#758,#759,#760,#761,#762,#763,#764,#765,#766,#767,#768,#769,#770,#771,#772,#773,#774,#775,#776,#777,#778,#779,#780,#781,#782,#783,#784,#785,#786,#787,#788,#789,#790,#791,#792,#793,#794,#795,#796,#797,#798,#799,#800,#801,#802,#803,#804,#805,#806,#807,#808,#809,#810,#811,#812,#813,#814,#815,#816,#817,#818,#819,#820,#821,#822,#823,#824,#825,#826,#827,#828,#829,#830,#831,#832,#833,#834,#835,#836,#837,#838,#839,#840,#841,#842,#843,#844,#845,#846,#847,#848,#849,#850,#851,#852,#853,#854,#855,#856,#857,#858,#859,#860,#861,#862,#863,#864,#865,#866,#867,#868,#869,#870,#871,#872,#873,#874,#875,#876,#877,#878,#879,#880,#881,#882,#883,#884,#885,#886,#887,#888,#889,#890,#891,#892,#893,#894,#895,#896,#897,#898,#899,#900,#901,#902,#903,#904,#905,#906,#907,#908,#909,#910,#911,#912,#913,#914,#915,#916,#917,#918,#919,#920,#921,#922,#923,#924,#925,#926,#927,#928,#929,#930,#931,#932,#933,#934,#935,#936,#937,#938,#939,#940,#941,#942,#943,#944,#945,#946,#947,#948,#949,#950,#951,#952,#953,#954,#955,#956,#957,#958,#959,#960,#961,#962,#963,#964,#965,#966,#967,#968,#969,#970,#971,#972,#973,#974,#975,#976,#977,#978,#979,#980,#981,#982,#983,#984,#985,#986,#987,#988,#989,#990,#991,#992,#993,#994,#995,#996,#997,#998,#999,#1000,#1001,#1002,#1003,#1004,#1005,#1006,#1007,#1008,#1009,#1010,#1011,#1012,#1013,#1014,#1015,#1016,#1017,#1018,#1019,#1020,#1021,#1022,#1023,#1024,#1025,#1026,#1027,#1028,#1029,#1030,#1031,#1032,#1033,#1034,#1035,#1036,#1037,#1038,#1039,#1040,#1041,#1042,#1043,#1044,#1045,#1046,#1047,#1048,#1049,#1050,#1051,#1052
