Name,Value,Min,Max,Type,Description,Solution_0_SELECTED,Solution_1,Solution_2,Solution_3,Solution_4,Solution_5,Solution_6,Solution_7,Solution_8,Solution_9,Solution_10,Solution_11,Solution_12,Solution_13,Solution_14,Solution_15,Solution_16,Solution_17,Solution_18,Solution_19,Solution_20,Solution_21,Solution_22,Solution_23,Solution_24,Solution_25,Solution_26,Solution_27,Solution_28,Solution_29,Solution_30,Solution_31,Solution_32,Solution_33,Solution_34,Solution_35,Solution_36,Solution_37,Solution_38,Solution_39,Solution_40,Solution_41,Solution_42,Solution_43,Solution_44,Solution_45,Solution_46,Solution_47,Solution_48,Solution_49,Solution_50,Solution_51,Solution_52,Solution_53,Solution_54,Solution_55,Solution_56,Solution_57,Solution_58,Solution_59,Solution_60,Solution_61,Solution_62,Solution_63,Solution_64,Solution_65,Solution_66,Solution_67,Solution_68,Solution_69,Solution_70,Solution_71,Solution_72,Solution_73,Solution_74,Solution_75,Solution_76,Solution_77,Solution_78
=== Strategy Config ===,,,,,,,,,,,,,,,,,,,,,,,,,,,,,,,,,,,,,,,,,,,,,,,,,,,,,,,,,,,,,,,,,,,,,,,,,,,,,,,,,,,,
Enable Long Trades,1,0,1,int,Allow longs (optimizable),1,1,1,1,1,1,1,1,1,1,1,1,1,1,1,1,1,1,1,1,1,1,1,1,1,1,1,1,1,1,1,1,1,1,1,1,1,1,1,1,1,1,1,1,1,1,1,1,1,1,1,1,1,1,1,1,1,1,1,1,1,1,1,1,1,1,1,1,1,1,1,1,1,1,1,1,1,1,1
Enable Short Trades,1,0,1,int,Allow shorts (two-sided),1,1,1,1,1,0,1,1,1,1,1,0,0,0,0,0,0,0,0,1,0,1,1,1,0,0,0,1,1,1,1,1,1,1,1,1,1,1,1,1,1,1,1,1,1,1,1,1,1,1,1,1,1,1,1,1,1,1,1,1,1,1,1,1,1,1,1,1,1,1,1,1,1,1,1,1,1,1,1
Max Open Trades,1,1,1,int,LOCKED one position,1,1,1,1,1,1,1,1,1,1,1,1,1,1,1,1,1,1,1,1,1,1,1,1,1,1,1,1,1,1,1,1,1,1,1,1,1,1,1,1,1,1,1,1,1,1,1,1,1,1,1,1,1,1,1,1,1,1,1,1,1,1,1,1,1,1,1,1,1,1,1,1,1,1,1,1,1,1,1
Transaction Cost (Per Trade),15,15,15,float,Friction per round-trip,15.0,15.0,15.0,15.0,15.0,15.0,15.0,15.0,15.0,15.0,15.0,15.0,15.0,15.0,15.0,15.0,15.0,15.0,15.0,15.0,15.0,15.0,15.0,15.0,15.0,15.0,15.0,15.0,15.0,15.0,15.0,15.0,15.0,15.0,15.0,15.0,15.0,15.0,15.0,15.0,15.0,15.0,15.0,15.0,15.0,15.0,15.0,15.0,15.0,15.0,15.0,15.0,15.0,15.0,15.0,15.0,15.0,15.0,15.0,15.0,15.0,15.0,15.0,15.0,15.0,15.0,15.0,15.0,15.0,15.0,15.0,15.0,15.0,15.0,15.0,15.0,15.0,15.0,15.0
Timeframe (minutes),5,3,15,int,Bar size (optimized),12,12,12,12,14,7,12,12,12,12,12,7,7,7,7,7,7,7,7,12,10,12,12,12,10,10,10,12,12,12,14,12,12,12,12,14,12,12,12,12,12,12,12,12,12,12,12,12,12,12,12,12,12,12,12,12,12,12,12,12,12,12,12,12,12,12,12,12,12,12,12,12,12,12,12,12,12,12,12
=== Entry: Multi-zone S/R Breakout ===,,,,,,,,,,,,,,,,,,,,,,,,,,,,,,,,,,,,,,,,,,,,,,,,,,,,,,,,,,,,,,,,,,,,,,,,,,,,,,,,,,,,
Zone Width ATR Mult,0.35,0.15,0.80,float,Half-width k of zone around wick extreme,0.6283,0.6283,0.6283,0.5784,0.7577,0.6242,0.6283,0.6283,0.6283,0.6397,0.6397,0.6242,0.6242,0.6242,0.6242,0.6242,0.6242,0.6242,0.6242,0.5784,0.7419,0.6106,0.6136,0.6283,0.7419,0.7419,0.7419,0.6106,0.6106,0.6106,0.7577,0.6152,0.6152,0.6106,0.6106,0.7577,0.6099,0.5872,0.6139,0.5919,0.6147,0.615,0.6259,0.5566,0.6306,0.6306,0.6381,0.6381,0.6152,0.5672,0.57,0.5723,0.6268,0.6268,0.6152,0.5476,0.6152,0.6152,0.6383,0.6383,0.6382,0.6383,0.581,0.581,0.5894,0.5388,0.5388,0.5388,0.6149,0.4194,0.4016,0.5235,0.6462,0.6143,0.5213,0.6143,0.6143,0.6259,0.6139
Strength Threshold,2.0,1.0,6.0,float,Min zone strength for breakout entry,4.1703,4.1703,4.1703,3.6193,3.7498,4.8449,4.1703,4.1703,4.1703,4.1775,4.1775,5.2692,5.2692,5.2692,5.2692,5.2692,5.2692,5.2692,5.2692,3.6193,5.3753,3.5213,3.5499,4.1703,6.0,5.3753,5.3753,3.4885,3.7282,3.7282,3.7498,3.9744,3.9744,3.7114,3.7114,3.7498,3.2357,3.8344,4.7727,3.4384,3.6863,3.7275,3.5665,4.0532,4.7864,4.7864,3.7317,3.7317,3.6254,3.4106,4.2296,4.5759,3.5552,3.5552,3.6254,3.7869,3.6254,3.6254,3.8909,3.8909,3.7046,4.1516,3.7196,3.7196,5.2396,4.6943,4.6943,4.6943,3.3183,4.0345,3.2798,3.8978,3.6093,3.4909,4.0617,3.0655,2.3333,3.1825,3.6685
Volume Mult,1.25,1.0,2.5,float,Entry volume >= mult x volume MA,1.0926,1.0926,1.0926,1.0,1.0,1.0078,1.0926,1.0926,1.0926,1.1331,1.2352,1.0078,1.0078,1.0078,1.0078,1.0078,1.0078,1.0078,1.0078,1.0,1.0,1.2112,1.2082,1.0,1.0,1.0,1.0,1.2112,1.2112,1.2112,1.1676,1.0,1.0,1.2074,1.2074,1.1676,1.2063,1.0,1.0,1.189,1.1701,1.1494,1.0,1.0,1.0,1.0,1.1151,1.1151,1.1403,1.3492,1.1674,1.0063,1.0,1.0,1.1403,1.2247,1.1403,1.1403,1.0,1.0,1.0,1.0,1.0,1.4359,1.0729,1.2249,1.2249,1.2249,1.1865,1.0,1.03,1.0,1.0,1.1816,1.0,1.1816,1.1816,1.0,1.1702
Dissipation (per bar),0.25,0.05,2.0,float,Linear strength loss per bar (max(0 strength - d)),0.8039,0.8039,0.8039,0.5694,0.05,0.6616,0.8039,0.8039,0.8039,0.7785,0.7785,0.6616,0.6616,0.6616,0.6616,0.6616,0.6616,0.6616,0.6616,0.5694,0.05,0.8208,0.6685,0.8039,0.05,0.05,0.05,0.6685,0.6685,0.6685,0.05,0.5122,0.5122,0.6685,0.6685,0.05,0.6566,0.5271,0.4085,0.5616,0.5233,0.5373,0.4962,0.4423,0.4799,0.4799,0.4831,0.4831,0.5122,0.05,0.4708,0.05,0.4194,0.4194,0.5122,0.4619,0.5122,0.5122,0.3269,0.3269,0.3313,0.3269,0.05,0.4762,0.05,0.05,0.05,0.05,0.0619,0.4389,0.5549,0.4168,0.2854,0.05,0.3556,0.05,0.05,0.2874,0.1765
Stop Pad ATR,0.15,0.0,0.50,float,Stop beyond origin zone edge in ATR,0.24,0.5,0.5,0.0,0.3181,0.4897,0.0,0.0,0.0,0.4831,0.5,0.5,0.5,0.5,0.5,0.5,0.5,0.5,0.5,0.495,0.038,0.5,0.5,0.5,0.2363,0.1611,0.1611,0.2876,0.0953,0.0953,0.3199,0.334,0.334,0.2876,0.2876,0.2609,0.2955,0.1388,0.4212,0.467,0.0,0.2602,0.1305,0.5,0.5,0.5,0.4805,0.4805,0.3954,0.5,0.2511,0.3828,0.4967,0.4495,0.0,0.4719,0.334,0.334,0.4564,0.4564,0.0,0.2169,0.4162,0.4162,0.3212,0.3843,0.3843,0.3843,0.2918,0.2091,0.0,0.3412,0.0,0.5,0.0,0.2996,0.2996,0.0773,0.3753
Max Hold (bars),24,6,60,int,Time exit,43,43,43,36,28,54,43,44,43,43,43,54,54,54,54,54,54,54,54,36,32,43,43,43,33,33,33,43,43,43,27,42,42,43,43,27,42,43,45,42,42,42,43,32,38,38,44,43,42,42,39,38,46,46,42,42,42,42,43,43,43,43,43,43,42,41,41,41,43,38,38,38,38,42,40,42,42,43,43
Min Opposite Zone Dist (ATR),0.5,0.5,0.5,float,LOCKED min room entry→opposite zone (ATR); blocks micro post-entry TP,0.5,0.5,0.5,0.5,0.5,0.5,0.5,0.5,0.5,0.5,0.5,0.5,0.5,0.5,0.5,0.5,0.5,0.5,0.5,0.5,0.5,0.5,0.5,0.5,0.5,0.5,0.5,0.5,0.5,0.5,0.5,0.5,0.5,0.5,0.5,0.5,0.5,0.5,0.5,0.5,0.5,0.5,0.5,0.5,0.5,0.5,0.5,0.5,0.5,0.5,0.5,0.5,0.5,0.5,0.5,0.5,0.5,0.5,0.5,0.5,0.5,0.5,0.5,0.5,0.5,0.5,0.5,0.5,0.5,0.5,0.5,0.5,0.5,0.5,0.5,0.5,0.5,0.5,0.5
Entry Headroom (ATR),0.5,0.0,2.5,float,Min clearance entry→next strong opposite zone (ATR); 0=off; overlap-aware,1.9255,1.9255,1.9255,2.0487,2.0136,0.6858,1.9255,1.9255,1.9255,1.6333,1.6838,0.6858,0.6858,0.6858,0.6157,0.6858,0.6858,0.6858,0.6858,2.0487,2.3432,2.0111,1.8986,1.305,1.6116,1.6688,1.6688,1.7942,2.0224,1.7942,2.0136,2.3581,2.3581,1.8999,1.8999,2.0136,1.3886,2.1359,1.3334,2.5,2.5,1.4344,1.9574,1.746,2.0633,2.0633,1.6251,1.6251,2.4237,2.282,2.1413,1.4932,2.0749,2.0749,2.4237,2.5,2.4237,2.4237,1.522,1.522,1.6915,1.522,1.7786,1.7786,1.833,1.7819,1.7819,1.7033,0.9911,2.1513,1.2536,1.2732,1.6862,0.6202,1.6945,0.5855,0.5855,1.9574,0.7109
=== Filters ===,,,,,,,,,,,,,,,,,,,,,,,,,,,,,,,,,,,,,,,,,,,,,,,,,,,,,,,,,,,,,,,,,,,,,,,,,,,,,,,,,,,,
Enable RTH Filter,1,1,1,int,LOCKED RTH only,1,1,1,1,1,1,1,1,1,1,1,1,1,1,1,1,1,1,1,1,1,1,1,1,1,1,1,1,1,1,1,1,1,1,1,1,1,1,1,1,1,1,1,1,1,1,1,1,1,1,1,1,1,1,1,1,1,1,1,1,1,1,1,1,1,1,1,1,1,1,1,1,1,1,1,1,1,1,1
RTH Start (HH:MM),09:30,,,str,RTH open Eastern,09:30,09:30,09:30,09:30,09:30,09:30,09:30,09:30,09:30,09:30,09:30,09:30,09:30,09:30,09:30,09:30,09:30,09:30,09:30,09:30,09:30,09:30,09:30,09:30,09:30,09:30,09:30,09:30,09:30,09:30,09:30,09:30,09:30,09:30,09:30,09:30,09:30,09:30,09:30,09:30,09:30,09:30,09:30,09:30,09:30,09:30,09:30,09:30,09:30,09:30,09:30,09:30,09:30,09:30,09:30,09:30,09:30,09:30,09:30,09:30,09:30,09:30,09:30,09:30,09:30,09:30,09:30,09:30,09:30,09:30,09:30,09:30,09:30,09:30,09:30,09:30,09:30,09:30,09:30
RTH End (HH:MM),16:00,,,str,RTH close Eastern,16:00,16:00,16:00,16:00,16:00,16:00,16:00,16:00,16:00,16:00,16:00,16:00,16:00,16:00,16:00,16:00,16:00,16:00,16:00,16:00,16:00,16:00,16:00,16:00,16:00,16:00,16:00,16:00,16:00,16:00,16:00,16:00,16:00,16:00,16:00,16:00,16:00,16:00,16:00,16:00,16:00,16:00,16:00,16:00,16:00,16:00,16:00,16:00,16:00,16:00,16:00,16:00,16:00,16:00,16:00,16:00,16:00,16:00,16:00,16:00,16:00,16:00,16:00,16:00,16:00,16:00,16:00,16:00,16:00,16:00,16:00,16:00,16:00,16:00,16:00,16:00,16:00,16:00,16:00
RTH Exit Buffer (minutes),5,5,5,int,LOCKED flatten before close,5,5,5,5,5,5,5,5,5,5,5,5,5,5,5,5,5,5,5,5,5,5,5,5,5,5,5,5,5,5,5,5,5,5,5,5,5,5,5,5,5,5,5,5,5,5,5,5,5,5,5,5,5,5,5,5,5,5,5,5,5,5,5,5,5,5,5,5,5,5,5,5,5,5,5,5,5,5,5
Enable Maintenance Filter,1,1,1,int,LOCKED,1,1,1,1,1,1,1,1,1,1,1,1,1,1,1,1,1,1,1,1,1,1,1,1,1,1,1,1,1,1,1,1,1,1,1,1,1,1,1,1,1,1,1,1,1,1,1,1,1,1,1,1,1,1,1,1,1,1,1,1,1,1,1,1,1,1,1,1,1,1,1,1,1,1,1,1,1,1,1
Daily Maintenance Start (HH:MM),17:00,,,str,Daily maintenance start,17:00,17:00,17:00,17:00,17:00,17:00,17:00,17:00,17:00,17:00,17:00,17:00,17:00,17:00,17:00,17:00,17:00,17:00,17:00,17:00,17:00,17:00,17:00,17:00,17:00,17:00,17:00,17:00,17:00,17:00,17:00,17:00,17:00,17:00,17:00,17:00,17:00,17:00,17:00,17:00,17:00,17:00,17:00,17:00,17:00,17:00,17:00,17:00,17:00,17:00,17:00,17:00,17:00,17:00,17:00,17:00,17:00,17:00,17:00,17:00,17:00,17:00,17:00,17:00,17:00,17:00,17:00,17:00,17:00,17:00,17:00,17:00,17:00,17:00,17:00,17:00,17:00,17:00,17:00
Daily Maintenance End (HH:MM),17:30,,,str,Daily maintenance end,17:30,17:30,17:30,17:30,17:30,17:30,17:30,17:30,17:30,17:30,17:30,17:30,17:30,17:30,17:30,17:30,17:30,17:30,17:30,17:30,17:30,17:30,17:30,17:30,17:30,17:30,17:30,17:30,17:30,17:30,17:30,17:30,17:30,17:30,17:30,17:30,17:30,17:30,17:30,17:30,17:30,17:30,17:30,17:30,17:30,17:30,17:30,17:30,17:30,17:30,17:30,17:30,17:30,17:30,17:30,17:30,17:30,17:30,17:30,17:30,17:30,17:30,17:30,17:30,17:30,17:30,17:30,17:30,17:30,17:30,17:30,17:30,17:30,17:30,17:30,17:30,17:30,17:30,17:30
Weekend Maintenance Start Day,4,4,4,int,Friday,4,4,4,4,4,4,4,4,4,4,4,4,4,4,4,4,4,4,4,4,4,4,4,4,4,4,4,4,4,4,4,4,4,4,4,4,4,4,4,4,4,4,4,4,4,4,4,4,4,4,4,4,4,4,4,4,4,4,4,4,4,4,4,4,4,4,4,4,4,4,4,4,4,4,4,4,4,4,4
Weekend Maintenance Start Time (HH:MM),17:00,,,str,Friday maintenance start,17:00,17:00,17:00,17:00,17:00,17:00,17:00,17:00,17:00,17:00,17:00,17:00,17:00,17:00,17:00,17:00,17:00,17:00,17:00,17:00,17:00,17:00,17:00,17:00,17:00,17:00,17:00,17:00,17:00,17:00,17:00,17:00,17:00,17:00,17:00,17:00,17:00,17:00,17:00,17:00,17:00,17:00,17:00,17:00,17:00,17:00,17:00,17:00,17:00,17:00,17:00,17:00,17:00,17:00,17:00,17:00,17:00,17:00,17:00,17:00,17:00,17:00,17:00,17:00,17:00,17:00,17:00,17:00,17:00,17:00,17:00,17:00,17:00,17:00,17:00,17:00,17:00,17:00,17:00
Weekend Maintenance End Day,6,6,6,int,Sunday,6,6,6,6,6,6,6,6,6,6,6,6,6,6,6,6,6,6,6,6,6,6,6,6,6,6,6,6,6,6,6,6,6,6,6,6,6,6,6,6,6,6,6,6,6,6,6,6,6,6,6,6,6,6,6,6,6,6,6,6,6,6,6,6,6,6,6,6,6,6,6,6,6,6,6,6,6,6,6
Weekend Maintenance End Time (HH:MM),18:00,,,str,Sunday maintenance end,18:00,18:00,18:00,18:00,18:00,18:00,18:00,18:00,18:00,18:00,18:00,18:00,18:00,18:00,18:00,18:00,18:00,18:00,18:00,18:00,18:00,18:00,18:00,18:00,18:00,18:00,18:00,18:00,18:00,18:00,18:00,18:00,18:00,18:00,18:00,18:00,18:00,18:00,18:00,18:00,18:00,18:00,18:00,18:00,18:00,18:00,18:00,18:00,18:00,18:00,18:00,18:00,18:00,18:00,18:00,18:00,18:00,18:00,18:00,18:00,18:00,18:00,18:00,18:00,18:00,18:00,18:00,18:00,18:00,18:00,18:00,18:00,18:00,18:00,18:00,18:00,18:00,18:00,18:00
Maintenance Buffer Minutes,22,22,22,int,LOCKED buffer around maintenance,22,22,22,22,22,22,22,22,22,22,22,22,22,22,22,22,22,22,22,22,22,22,22,22,22,22,22,22,22,22,22,22,22,22,22,22,22,22,22,22,22,22,22,22,22,22,22,22,22,22,22,22,22,22,22,22,22,22,22,22,22,22,22,22,22,22,22,22,22,22,22,22,22,22,22,22,22,22,22
=== Exit Logic ===,,,,,,,,,,,,,,,,,,,,,,,,,,,,,,,,,,,,,,,,,,,,,,,,,,,,,,,,,,,,,,,,,,,,,,,,,,,,,,,,,,,,
Enable Stop Loss,1,1,1,int,LOCKED origin-zone stop on,1,1,1,1,1,1,1,1,1,1,1,1,1,1,1,1,1,1,1,1,1,1,1,1,1,1,1,1,1,1,1,1,1,1,1,1,1,1,1,1,1,1,1,1,1,1,1,1,1,1,1,1,1,1,1,1,1,1,1,1,1,1,1,1,1,1,1,1,1,1,1,1,1,1,1,1,1,1,1
Stop ATR Multiplier,1.0,1.0,1.0,float,Unused (stop from zone edge + pad),1.0,1.0,1.0,1.0,1.0,1.0,1.0,1.0,1.0,1.0,1.0,1.0,1.0,1.0,1.0,1.0,1.0,1.0,1.0,1.0,1.0,1.0,1.0,1.0,1.0,1.0,1.0,1.0,1.0,1.0,1.0,1.0,1.0,1.0,1.0,1.0,1.0,1.0,1.0,1.0,1.0,1.0,1.0,1.0,1.0,1.0,1.0,1.0,1.0,1.0,1.0,1.0,1.0,1.0,1.0,1.0,1.0,1.0,1.0,1.0,1.0,1.0,1.0,1.0,1.0,1.0,1.0,1.0,1.0,1.0,1.0,1.0,1.0,1.0,1.0,1.0,1.0,1.0,1.0
Enable Take Profit,0,0,0,int,LOCKED off (opposite-zone exit),0,0,0,0,0,0,0,0,0,0,0,0,0,0,0,0,0,0,0,0,0,0,0,0,0,0,0,0,0,0,0,0,0,0,0,0,0,0,0,0,0,0,0,0,0,0,0,0,0,0,0,0,0,0,0,0,0,0,0,0,0,0,0,0,0,0,0,0,0,0,0,0,0,0,0,0,0,0,0
Take Profit ATR Multiplier,2.0,2.0,2.0,float,Unused,2.0,2.0,2.0,2.0,2.0,2.0,2.0,2.0,2.0,2.0,2.0,2.0,2.0,2.0,2.0,2.0,2.0,2.0,2.0,2.0,2.0,2.0,2.0,2.0,2.0,2.0,2.0,2.0,2.0,2.0,2.0,2.0,2.0,2.0,2.0,2.0,2.0,2.0,2.0,2.0,2.0,2.0,2.0,2.0,2.0,2.0,2.0,2.0,2.0,2.0,2.0,2.0,2.0,2.0,2.0,2.0,2.0,2.0,2.0,2.0,2.0,2.0,2.0,2.0,2.0,2.0,2.0,2.0,2.0,2.0,2.0,2.0,2.0,2.0,2.0,2.0,2.0,2.0,2.0
Enable Trailing Stop,0,0,0,int,LOCKED off,0,0,0,0,0,0,0,0,0,0,0,0,0,0,0,0,0,0,0,0,0,0,0,0,0,0,0,0,0,0,0,0,0,0,0,0,0,0,0,0,0,0,0,0,0,0,0,0,0,0,0,0,0,0,0,0,0,0,0,0,0,0,0,0,0,0,0,0,0,0,0,0,0,0,0,0,0,0,0
Trailing Delay (bars),1,1,1,int,Unused,1,1,1,1,1,1,1,1,1,1,1,1,1,1,1,1,1,1,1,1,1,1,1,1,1,1,1,1,1,1,1,1,1,1,1,1,1,1,1,1,1,1,1,1,1,1,1,1,1,1,1,1,1,1,1,1,1,1,1,1,1,1,1,1,1,1,1,1,1,1,1,1,1,1,1,1,1,1,1
ATR Multiplier for Trailing Stop,2.0,2.0,2.0,float,Unused,2.0,2.0,2.0,2.0,2.0,2.0,2.0,2.0,2.0,2.0,2.0,2.0,2.0,2.0,2.0,2.0,2.0,2.0,2.0,2.0,2.0,2.0,2.0,2.0,2.0,2.0,2.0,2.0,2.0,2.0,2.0,2.0,2.0,2.0,2.0,2.0,2.0,2.0,2.0,2.0,2.0,2.0,2.0,2.0,2.0,2.0,2.0,2.0,2.0,2.0,2.0,2.0,2.0,2.0,2.0,2.0,2.0,2.0,2.0,2.0,2.0,2.0,2.0,2.0,2.0,2.0,2.0,2.0,2.0,2.0,2.0,2.0,2.0,2.0,2.0,2.0,2.0,2.0,2.0
=== GA Criteria ===,,,,,,,,,,,,,,,,,,,,,,,,,,,,,,,,,,,,,,,,,,,,,,,,,,,,,,,,,,,,,,,,,,,,,,,,,,,,,,,,,,,,
POP_SIZE,150,150,150,int,Short diagnostic pop,150,150,150,150,150,150,150,150,150,150,150,150,150,150,150,150,150,150,150,150,150,150,150,150,150,150,150,150,150,150,150,150,150,150,150,150,150,150,150,150,150,150,150,150,150,150,150,150,150,150,150,150,150,150,150,150,150,150,150,150,150,150,150,150,150,150,150,150,150,150,150,150,150,150,150,150,150,150,150
NUM_GEN,25,25,25,int,Short diagnostic gens,25,25,25,25,25,25,25,25,25,25,25,25,25,25,25,25,25,25,25,25,25,25,25,25,25,25,25,25,25,25,25,25,25,25,25,25,25,25,25,25,25,25,25,25,25,25,25,25,25,25,25,25,25,25,25,25,25,25,25,25,25,25,25,25,25,25,25,25,25,25,25,25,25,25,25,25,25,25,25
CX_PB,0.5,0.5,0.5,float,Crossover,0.5,0.5,0.5,0.5,0.5,0.5,0.5,0.5,0.5,0.5,0.5,0.5,0.5,0.5,0.5,0.5,0.5,0.5,0.5,0.5,0.5,0.5,0.5,0.5,0.5,0.5,0.5,0.5,0.5,0.5,0.5,0.5,0.5,0.5,0.5,0.5,0.5,0.5,0.5,0.5,0.5,0.5,0.5,0.5,0.5,0.5,0.5,0.5,0.5,0.5,0.5,0.5,0.5,0.5,0.5,0.5,0.5,0.5,0.5,0.5,0.5,0.5,0.5,0.5,0.5,0.5,0.5,0.5,0.5,0.5,0.5,0.5,0.5,0.5,0.5,0.5,0.5,0.5,0.5
MUT_PB,0.4,0.4,0.4,float,Mutation,0.4,0.4,0.4,0.4,0.4,0.4,0.4,0.4,0.4,0.4,0.4,0.4,0.4,0.4,0.4,0.4,0.4,0.4,0.4,0.4,0.4,0.4,0.4,0.4,0.4,0.4,0.4,0.4,0.4,0.4,0.4,0.4,0.4,0.4,0.4,0.4,0.4,0.4,0.4,0.4,0.4,0.4,0.4,0.4,0.4,0.4,0.4,0.4,0.4,0.4,0.4,0.4,0.4,0.4,0.4,0.4,0.4,0.4,0.4,0.4,0.4,0.4,0.4,0.4,0.4,0.4,0.4,0.4,0.4,0.4,0.4,0.4,0.4,0.4,0.4,0.4,0.4,0.4,0.4
MUT_MU,0,0,0,float,Mutation mean,0.0,0.0,0.0,0.0,0.0,0.0,0.0,0.0,0.0,0.0,0.0,0.0,0.0,0.0,0.0,0.0,0.0,0.0,0.0,0.0,0.0,0.0,0.0,0.0,0.0,0.0,0.0,0.0,0.0,0.0,0.0,0.0,0.0,0.0,0.0,0.0,0.0,0.0,0.0,0.0,0.0,0.0,0.0,0.0,0.0,0.0,0.0,0.0,0.0,0.0,0.0,0.0,0.0,0.0,0.0,0.0,0.0,0.0,0.0,0.0,0.0,0.0,0.0,0.0,0.0,0.0,0.0,0.0,0.0,0.0,0.0,0.0,0.0,0.0,0.0,0.0,0.0,0.0,0.0
MUT_SIGMA,0.3,0.3,0.3,float,Mutation sigma,0.3,0.3,0.3,0.3,0.3,0.3,0.3,0.3,0.3,0.3,0.3,0.3,0.3,0.3,0.3,0.3,0.3,0.3,0.3,0.3,0.3,0.3,0.3,0.3,0.3,0.3,0.3,0.3,0.3,0.3,0.3,0.3,0.3,0.3,0.3,0.3,0.3,0.3,0.3,0.3,0.3,0.3,0.3,0.3,0.3,0.3,0.3,0.3,0.3,0.3,0.3,0.3,0.3,0.3,0.3,0.3,0.3,0.3,0.3,0.3,0.3,0.3,0.3,0.3,0.3,0.3,0.3,0.3,0.3,0.3,0.3,0.3,0.3,0.3,0.3,0.3,0.3,0.3,0.3
TARGET_TRADES_DAY,1.5,1.5,1.5,float,Activity target,1.5,1.5,1.5,1.5,1.5,1.5,1.5,1.5,1.5,1.5,1.5,1.5,1.5,1.5,1.5,1.5,1.5,1.5,1.5,1.5,1.5,1.5,1.5,1.5,1.5,1.5,1.5,1.5,1.5,1.5,1.5,1.5,1.5,1.5,1.5,1.5,1.5,1.5,1.5,1.5,1.5,1.5,1.5,1.5,1.5,1.5,1.5,1.5,1.5,1.5,1.5,1.5,1.5,1.5,1.5,1.5,1.5,1.5,1.5,1.5,1.5,1.5,1.5,1.5,1.5,1.5,1.5,1.5,1.5,1.5,1.5,1.5,1.5,1.5,1.5,1.5,1.5,1.5,1.5
TRADES_PENALTY_WEIGHT,0.25,0.25,0.25,float,Excess trade penalty,0.25,0.25,0.25,0.25,0.25,0.25,0.25,0.25,0.25,0.25,0.25,0.25,0.25,0.25,0.25,0.25,0.25,0.25,0.25,0.25,0.25,0.25,0.25,0.25,0.25,0.25,0.25,0.25,0.25,0.25,0.25,0.25,0.25,0.25,0.25,0.25,0.25,0.25,0.25,0.25,0.25,0.25,0.25,0.25,0.25,0.25,0.25,0.25,0.25,0.25,0.25,0.25,0.25,0.25,0.25,0.25,0.25,0.25,0.25,0.25,0.25,0.25,0.25,0.25,0.25,0.25,0.25,0.25,0.25,0.25,0.25,0.25,0.25,0.25,0.25,0.25,0.25,0.25,0.25
DD_WEIGHT,0.5,0.5,0.5,float,Drawdown weight,0.5,0.5,0.5,0.5,0.5,0.5,0.5,0.5,0.5,0.5,0.5,0.5,0.5,0.5,0.5,0.5,0.5,0.5,0.5,0.5,0.5,0.5,0.5,0.5,0.5,0.5,0.5,0.5,0.5,0.5,0.5,0.5,0.5,0.5,0.5,0.5,0.5,0.5,0.5,0.5,0.5,0.5,0.5,0.5,0.5,0.5,0.5,0.5,0.5,0.5,0.5,0.5,0.5,0.5,0.5,0.5,0.5,0.5,0.5,0.5,0.5,0.5,0.5,0.5,0.5,0.5,0.5,0.5,0.5,0.5,0.5,0.5,0.5,0.5,0.5,0.5,0.5,0.5,0.5
DATA_SPLITS,0.65,0.65,0.65,float,IS fraction,0.65,0.65,0.65,0.65,0.65,0.65,0.65,0.65,0.65,0.65,0.65,0.65,0.65,0.65,0.65,0.65,0.65,0.65,0.65,0.65,0.65,0.65,0.65,0.65,0.65,0.65,0.65,0.65,0.65,0.65,0.65,0.65,0.65,0.65,0.65,0.65,0.65,0.65,0.65,0.65,0.65,0.65,0.65,0.65,0.65,0.65,0.65,0.65,0.65,0.65,0.65,0.65,0.65,0.65,0.65,0.65,0.65,0.65,0.65,0.65,0.65,0.65,0.65,0.65,0.65,0.65,0.65,0.65,0.65,0.65,0.65,0.65,0.65,0.65,0.65,0.65,0.65,0.65,0.65
DATA_SIZE,0,0,0,int,0 = full history,0,0,0,0,0,0,0,0,0,0,0,0,0,0,0,0,0,0,0,0,0,0,0,0,0,0,0,0,0,0,0,0,0,0,0,0,0,0,0,0,0,0,0,0,0,0,0,0,0,0,0,0,0,0,0,0,0,0,0,0,0,0,0,0,0,0,0,0,0,0,0,0,0,0,0,0,0,0,0
USE_INTERLEAVED_SPLIT,TRUE,TRUE,TRUE,bool,Interleaved IS/OOS,True,True,True,True,True,True,True,True,True,True,True,True,True,True,True,True,True,True,True,True,True,True,True,True,True,True,True,True,True,True,True,True,True,True,True,True,True,True,True,True,True,True,True,True,True,True,True,True,True,True,True,True,True,True,True,True,True,True,True,True,True,True,True,True,True,True,True,True,True,True,True,True,True,True,True,True,True,True,True
NUM_SPLIT_PERIODS,11,11,11,int,OOS slices,11,11,11,11,11,11,11,11,11,11,11,11,11,11,11,11,11,11,11,11,11,11,11,11,11,11,11,11,11,11,11,11,11,11,11,11,11,11,11,11,11,11,11,11,11,11,11,11,11,11,11,11,11,11,11,11,11,11,11,11,11,11,11,11,11,11,11,11,11,11,11,11,11,11,11,11,11,11,11
MIN_TRADES_DAY,0.3,0.3,0.3,float,Activity floor,0.3,0.3,0.3,0.3,0.3,0.3,0.3,0.3,0.3,0.3,0.3,0.3,0.3,0.3,0.3,0.3,0.3,0.3,0.3,0.3,0.3,0.3,0.3,0.3,0.3,0.3,0.3,0.3,0.3,0.3,0.3,0.3,0.3,0.3,0.3,0.3,0.3,0.3,0.3,0.3,0.3,0.3,0.3,0.3,0.3,0.3,0.3,0.3,0.3,0.3,0.3,0.3,0.3,0.3,0.3,0.3,0.3,0.3,0.3,0.3,0.3,0.3,0.3,0.3,0.3,0.3,0.3,0.3,0.3,0.3,0.3,0.3,0.3,0.3,0.3,0.3,0.3,0.3,0.3
MIN_PROFIT_PER_TRADE,15,15,15,float,Min profit/trade norm,15.0,15.0,15.0,15.0,15.0,15.0,15.0,15.0,15.0,15.0,15.0,15.0,15.0,15.0,15.0,15.0,15.0,15.0,15.0,15.0,15.0,15.0,15.0,15.0,15.0,15.0,15.0,15.0,15.0,15.0,15.0,15.0,15.0,15.0,15.0,15.0,15.0,15.0,15.0,15.0,15.0,15.0,15.0,15.0,15.0,15.0,15.0,15.0,15.0,15.0,15.0,15.0,15.0,15.0,15.0,15.0,15.0,15.0,15.0,15.0,15.0,15.0,15.0,15.0,15.0,15.0,15.0,15.0,15.0,15.0,15.0,15.0,15.0,15.0,15.0,15.0,15.0,15.0,15.0
MIN_TRADES_PEN_WEIGHT,-120,-120,-120,float,Low-trade penalty,-120.0,-120.0,-120.0,-120.0,-120.0,-120.0,-120.0,-120.0,-120.0,-120.0,-120.0,-120.0,-120.0,-120.0,-120.0,-120.0,-120.0,-120.0,-120.0,-120.0,-120.0,-120.0,-120.0,-120.0,-120.0,-120.0,-120.0,-120.0,-120.0,-120.0,-120.0,-120.0,-120.0,-120.0,-120.0,-120.0,-120.0,-120.0,-120.0,-120.0,-120.0,-120.0,-120.0,-120.0,-120.0,-120.0,-120.0,-120.0,-120.0,-120.0,-120.0,-120.0,-120.0,-120.0,-120.0,-120.0,-120.0,-120.0,-120.0,-120.0,-120.0,-120.0,-120.0,-120.0,-120.0,-120.0,-120.0,-120.0,-120.0,-120.0,-120.0,-120.0,-120.0,-120.0,-120.0,-120.0,-120.0,-120.0,-120.0
NORM_SORTINO_MAX,8,8,8,float,Sortino cap,8.0,8.0,8.0,8.0,8.0,8.0,8.0,8.0,8.0,8.0,8.0,8.0,8.0,8.0,8.0,8.0,8.0,8.0,8.0,8.0,8.0,8.0,8.0,8.0,8.0,8.0,8.0,8.0,8.0,8.0,8.0,8.0,8.0,8.0,8.0,8.0,8.0,8.0,8.0,8.0,8.0,8.0,8.0,8.0,8.0,8.0,8.0,8.0,8.0,8.0,8.0,8.0,8.0,8.0,8.0,8.0,8.0,8.0,8.0,8.0,8.0,8.0,8.0,8.0,8.0,8.0,8.0,8.0,8.0,8.0,8.0,8.0,8.0,8.0,8.0,8.0,8.0,8.0,8.0
NORM_DD_MAX,80000,80000,80000,float,DD norm cap,80000.0,80000.0,80000.0,80000.0,80000.0,80000.0,80000.0,80000.0,80000.0,80000.0,80000.0,80000.0,80000.0,80000.0,80000.0,80000.0,80000.0,80000.0,80000.0,80000.0,80000.0,80000.0,80000.0,80000.0,80000.0,80000.0,80000.0,80000.0,80000.0,80000.0,80000.0,80000.0,80000.0,80000.0,80000.0,80000.0,80000.0,80000.0,80000.0,80000.0,80000.0,80000.0,80000.0,80000.0,80000.0,80000.0,80000.0,80000.0,80000.0,80000.0,80000.0,80000.0,80000.0,80000.0,80000.0,80000.0,80000.0,80000.0,80000.0,80000.0,80000.0,80000.0,80000.0,80000.0,80000.0,80000.0,80000.0,80000.0,80000.0,80000.0,80000.0,80000.0,80000.0,80000.0,80000.0,80000.0,80000.0,80000.0,80000.0
NORM_PF_MAX,2.5,2.5,2.5,float,PF norm cap,2.5,2.5,2.5,2.5,2.5,2.5,2.5,2.5,2.5,2.5,2.5,2.5,2.5,2.5,2.5,2.5,2.5,2.5,2.5,2.5,2.5,2.5,2.5,2.5,2.5,2.5,2.5,2.5,2.5,2.5,2.5,2.5,2.5,2.5,2.5,2.5,2.5,2.5,2.5,2.5,2.5,2.5,2.5,2.5,2.5,2.5,2.5,2.5,2.5,2.5,2.5,2.5,2.5,2.5,2.5,2.5,2.5,2.5,2.5,2.5,2.5,2.5,2.5,2.5,2.5,2.5,2.5,2.5,2.5,2.5,2.5,2.5,2.5,2.5,2.5,2.5,2.5,2.5,2.5
NORM_TRADES_MAX,3.0,3.0,3.0,float,Trades/day norm,3.0,3.0,3.0,3.0,3.0,3.0,3.0,3.0,3.0,3.0,3.0,3.0,3.0,3.0,3.0,3.0,3.0,3.0,3.0,3.0,3.0,3.0,3.0,3.0,3.0,3.0,3.0,3.0,3.0,3.0,3.0,3.0,3.0,3.0,3.0,3.0,3.0,3.0,3.0,3.0,3.0,3.0,3.0,3.0,3.0,3.0,3.0,3.0,3.0,3.0,3.0,3.0,3.0,3.0,3.0,3.0,3.0,3.0,3.0,3.0,3.0,3.0,3.0,3.0,3.0,3.0,3.0,3.0,3.0,3.0,3.0,3.0,3.0,3.0,3.0,3.0,3.0,3.0,3.0
NORM_PNL_MAX,150000,150000,150000,float,PnL norm cap,150000.0,150000.0,150000.0,150000.0,150000.0,150000.0,150000.0,150000.0,150000.0,150000.0,150000.0,150000.0,150000.0,150000.0,150000.0,150000.0,150000.0,150000.0,150000.0,150000.0,150000.0,150000.0,150000.0,150000.0,150000.0,150000.0,150000.0,150000.0,150000.0,150000.0,150000.0,150000.0,150000.0,150000.0,150000.0,150000.0,150000.0,150000.0,150000.0,150000.0,150000.0,150000.0,150000.0,150000.0,150000.0,150000.0,150000.0,150000.0,150000.0,150000.0,150000.0,150000.0,150000.0,150000.0,150000.0,150000.0,150000.0,150000.0,150000.0,150000.0,150000.0,150000.0,150000.0,150000.0,150000.0,150000.0,150000.0,150000.0,150000.0,150000.0,150000.0,150000.0,150000.0,150000.0,150000.0,150000.0,150000.0,150000.0,150000.0
NORM_PROFIT_TRADE_MAX,100,100,100,float,PPT norm cap,100.0,100.0,100.0,100.0,100.0,100.0,100.0,100.0,100.0,100.0,100.0,100.0,100.0,100.0,100.0,100.0,100.0,100.0,100.0,100.0,100.0,100.0,100.0,100.0,100.0,100.0,100.0,100.0,100.0,100.0,100.0,100.0,100.0,100.0,100.0,100.0,100.0,100.0,100.0,100.0,100.0,100.0,100.0,100.0,100.0,100.0,100.0,100.0,100.0,100.0,100.0,100.0,100.0,100.0,100.0,100.0,100.0,100.0,100.0,100.0,100.0,100.0,100.0,100.0,100.0,100.0,100.0,100.0,100.0,100.0,100.0,100.0,100.0,100.0,100.0,100.0,100.0,100.0,100.0
MIN_WIN_RATE,0.35,0.35,0.35,float,Min win rate,0.35,0.35,0.35,0.35,0.35,0.35,0.35,0.35,0.35,0.35,0.35,0.35,0.35,0.35,0.35,0.35,0.35,0.35,0.35,0.35,0.35,0.35,0.35,0.35,0.35,0.35,0.35,0.35,0.35,0.35,0.35,0.35,0.35,0.35,0.35,0.35,0.35,0.35,0.35,0.35,0.35,0.35,0.35,0.35,0.35,0.35,0.35,0.35,0.35,0.35,0.35,0.35,0.35,0.35,0.35,0.35,0.35,0.35,0.35,0.35,0.35,0.35,0.35,0.35,0.35,0.35,0.35,0.35,0.35,0.35,0.35,0.35,0.35,0.35,0.35,0.35,0.35,0.35,0.35
SORTINO_CAP,8,8,8,float,Sortino cap,8.0,8.0,8.0,8.0,8.0,8.0,8.0,8.0,8.0,8.0,8.0,8.0,8.0,8.0,8.0,8.0,8.0,8.0,8.0,8.0,8.0,8.0,8.0,8.0,8.0,8.0,8.0,8.0,8.0,8.0,8.0,8.0,8.0,8.0,8.0,8.0,8.0,8.0,8.0,8.0,8.0,8.0,8.0,8.0,8.0,8.0,8.0,8.0,8.0,8.0,8.0,8.0,8.0,8.0,8.0,8.0,8.0,8.0,8.0,8.0,8.0,8.0,8.0,8.0,8.0,8.0,8.0,8.0,8.0,8.0,8.0,8.0,8.0,8.0,8.0,8.0,8.0,8.0,8.0
GA_START_DATE,2020-01-02,2020-01-02,2020-01-02,str,Backtest start,2020-01-02,2020-01-02,2020-01-02,2020-01-02,2020-01-02,2020-01-02,2020-01-02,2020-01-02,2020-01-02,2020-01-02,2020-01-02,2020-01-02,2020-01-02,2020-01-02,2020-01-02,2020-01-02,2020-01-02,2020-01-02,2020-01-02,2020-01-02,2020-01-02,2020-01-02,2020-01-02,2020-01-02,2020-01-02,2020-01-02,2020-01-02,2020-01-02,2020-01-02,2020-01-02,2020-01-02,2020-01-02,2020-01-02,2020-01-02,2020-01-02,2020-01-02,2020-01-02,2020-01-02,2020-01-02,2020-01-02,2020-01-02,2020-01-02,2020-01-02,2020-01-02,2020-01-02,2020-01-02,2020-01-02,2020-01-02,2020-01-02,2020-01-02,2020-01-02,2020-01-02,2020-01-02,2020-01-02,2020-01-02,2020-01-02,2020-01-02,2020-01-02,2020-01-02,2020-01-02,2020-01-02,2020-01-02,2020-01-02,2020-01-02,2020-01-02,2020-01-02,2020-01-02,2020-01-02,2020-01-02,2020-01-02,2020-01-02,2020-01-02,2020-01-02,2020-01-02,2020-01-02,2020-01-02,2020-01-02,2020-01-02,2020-01-02
GA_END_DATE,2025-10-10,2025-10-10,2025-10-10,str,Backtest end,2025-10-10,2025-10-10,2025-10-10,2025-10-10,2025-10-10,2025-10-10,2025-10-10,2025-10-10,2025-10-10,2025-10-10,2025-10-10,2025-10-10,2025-10-10,2025-10-10,2025-10-10,2025-10-10,2025-10-10,2025-10-10,2025-10-10,2025-10-10,2025-10-10,2025-10-10,2025-10-10,2025-10-10,2025-10-10,2025-10-10,2025-10-10,2025-10-10,2025-10-10,2025-10-10,2025-10-10,2025-10-10,2025-10-10,2025-10-10,2025-10-10,2025-10-10,2025-10-10,2025-10-10,2025-10-10,2025-10-10,2025-10-10,2025-10-10,2025-10-10,2025-10-10,2025-10-10,2025-10-10,2025-10-10,2025-10-10,2025-10-10,2025-10-10,2025-10-10,2025-10-10,2025-10-10,2025-10-10,2025-10-10,2025-10-10,2025-10-10,2025-10-10,2025-10-10,2025-10-10,2025-10-10,2025-10-10,2025-10-10,2025-10-10,2025-10-10,2025-10-10,2025-10-10,2025-10-10,2025-10-10,2025-10-10,2025-10-10,2025-10-10,2025-10-10,2025-10-10,2025-10-10,2025-10-10,2025-10-10,2025-10-10,2025-10-10
GA_LIVE_STYLE_ENTRY,1,1,1,int,LOCKED enter signal-bar close,1,1,1,1,1,1,1,1,1,1,1,1,1,1,1,1,1,1,1,1,1,1,1,1,1,1,1,1,1,1,1,1,1,1,1,1,1,1,1,1,1,1,1,1,1,1,1,1,1,1,1,1,1,1,1,1,1,1,1,1,1,1,1,1,1,1,1,1,1,1,1,1,1,1,1,1,1,1,1
GA_CONSERVATIVE_STOP_SLIPPAGE,1,1,1,float,LOCKED,1.0,1.0,1.0,1.0,1.0,1.0,1.0,1.0,1.0,1.0,1.0,1.0,1.0,1.0,1.0,1.0,1.0,1.0,1.0,1.0,1.0,1.0,1.0,1.0,1.0,1.0,1.0,1.0,1.0,1.0,1.0,1.0,1.0,1.0,1.0,1.0,1.0,1.0,1.0,1.0,1.0,1.0,1.0,1.0,1.0,1.0,1.0,1.0,1.0,1.0,1.0,1.0,1.0,1.0,1.0,1.0,1.0,1.0,1.0,1.0,1.0,1.0,1.0,1.0,1.0,1.0,1.0,1.0,1.0,1.0,1.0,1.0,1.0,1.0,1.0,1.0,1.0,1.0,1.0
GA_CONSERVATIVE_ENTRY_SLIPPAGE,1,1,1,float,LOCKED,1.0,1.0,1.0,1.0,1.0,1.0,1.0,1.0,1.0,1.0,1.0,1.0,1.0,1.0,1.0,1.0,1.0,1.0,1.0,1.0,1.0,1.0,1.0,1.0,1.0,1.0,1.0,1.0,1.0,1.0,1.0,1.0,1.0,1.0,1.0,1.0,1.0,1.0,1.0,1.0,1.0,1.0,1.0,1.0,1.0,1.0,1.0,1.0,1.0,1.0,1.0,1.0,1.0,1.0,1.0,1.0,1.0,1.0,1.0,1.0,1.0,1.0,1.0,1.0,1.0,1.0,1.0,1.0,1.0,1.0,1.0,1.0,1.0,1.0,1.0,1.0,1.0,1.0,1.0
GA_CONSERVATIVE_CHANNEL_SLIPPAGE,0.25,0.25,0.25,float,LOCKED,0.25,0.25,0.25,0.25,0.25,0.25,0.25,0.25,0.25,0.25,0.25,0.25,0.25,0.25,0.25,0.25,0.25,0.25,0.25,0.25,0.25,0.25,0.25,0.25,0.25,0.25,0.25,0.25,0.25,0.25,0.25,0.25,0.25,0.25,0.25,0.25,0.25,0.25,0.25,0.25,0.25,0.25,0.25,0.25,0.25,0.25,0.25,0.25,0.25,0.25,0.25,0.25,0.25,0.25,0.25,0.25,0.25,0.25,0.25,0.25,0.25,0.25,0.25,0.25,0.25,0.25,0.25,0.25,0.25,0.25,0.25,0.25,0.25,0.25,0.25,0.25,0.25,0.25,0.25
GA_PESSIMISTIC_STOPS,1,1,1,int,LOCKED,1,1,1,1,1,1,1,1,1,1,1,1,1,1,1,1,1,1,1,1,1,1,1,1,1,1,1,1,1,1,1,1,1,1,1,1,1,1,1,1,1,1,1,1,1,1,1,1,1,1,1,1,1,1,1,1,1,1,1,1,1,1,1,1,1,1,1,1,1,1,1,1,1,1,1,1,1,1,1
GA_DIVERSE_SEED,0,0,0,int,Off,0,0,0,0,0,0,0,0,0,0,0,0,0,0,0,0,0,0,0,0,0,0,0,0,0,0,0,0,0,0,0,0,0,0,0,0,0,0,0,0,0,0,0,0,0,0,0,0,0,0,0,0,0,0,0,0,0,0,0,0,0,0,0,0,0,0,0,0,0,0,0,0,0,0,0,0,0,0,0
WEIGHT_SORTINO,1,,,float,Fitness: Sortino,1.0,1.0,1.0,1.0,1.0,1.0,1.0,1.0,1.0,1.0,1.0,1.0,1.0,1.0,1.0,1.0,1.0,1.0,1.0,1.0,1.0,1.0,1.0,1.0,1.0,1.0,1.0,1.0,1.0,1.0,1.0,1.0,1.0,1.0,1.0,1.0,1.0,1.0,1.0,1.0,1.0,1.0,1.0,1.0,1.0,1.0,1.0,1.0,1.0,1.0,1.0,1.0,1.0,1.0,1.0,1.0,1.0,1.0,1.0,1.0,1.0,1.0,1.0,1.0,1.0,1.0,1.0,1.0,1.0,1.0,1.0,1.0,1.0,1.0,1.0,1.0,1.0,1.0,1.0
WEIGHT_DRAWDOWN,-1.0,,,float,Fitness: drawdown,-1.0,-1.0,-1.0,-1.0,-1.0,-1.0,-1.0,-1.0,-1.0,-1.0,-1.0,-1.0,-1.0,-1.0,-1.0,-1.0,-1.0,-1.0,-1.0,-1.0,-1.0,-1.0,-1.0,-1.0,-1.0,-1.0,-1.0,-1.0,-1.0,-1.0,-1.0,-1.0,-1.0,-1.0,-1.0,-1.0,-1.0,-1.0,-1.0,-1.0,-1.0,-1.0,-1.0,-1.0,-1.0,-1.0,-1.0,-1.0,-1.0,-1.0,-1.0,-1.0,-1.0,-1.0,-1.0,-1.0,-1.0,-1.0,-1.0,-1.0,-1.0,-1.0,-1.0,-1.0,-1.0,-1.0,-1.0,-1.0,-1.0,-1.0,-1.0,-1.0,-1.0,-1.0,-1.0,-1.0,-1.0,-1.0,-1.0
WEIGHT_PF,2,,,float,Fitness: profit factor,2.0,2.0,2.0,2.0,2.0,2.0,2.0,2.0,2.0,2.0,2.0,2.0,2.0,2.0,2.0,2.0,2.0,2.0,2.0,2.0,2.0,2.0,2.0,2.0,2.0,2.0,2.0,2.0,2.0,2.0,2.0,2.0,2.0,2.0,2.0,2.0,2.0,2.0,2.0,2.0,2.0,2.0,2.0,2.0,2.0,2.0,2.0,2.0,2.0,2.0,2.0,2.0,2.0,2.0,2.0,2.0,2.0,2.0,2.0,2.0,2.0,2.0,2.0,2.0,2.0,2.0,2.0,2.0,2.0,2.0,2.0,2.0,2.0,2.0,2.0,2.0,2.0,2.0,2.0
WEIGHT_TRADES,0.5,,,float,Fitness: trades/day,0.5,0.5,0.5,0.5,0.5,0.5,0.5,0.5,0.5,0.5,0.5,0.5,0.5,0.5,0.5,0.5,0.5,0.5,0.5,0.5,0.5,0.5,0.5,0.5,0.5,0.5,0.5,0.5,0.5,0.5,0.5,0.5,0.5,0.5,0.5,0.5,0.5,0.5,0.5,0.5,0.5,0.5,0.5,0.5,0.5,0.5,0.5,0.5,0.5,0.5,0.5,0.5,0.5,0.5,0.5,0.5,0.5,0.5,0.5,0.5,0.5,0.5,0.5,0.5,0.5,0.5,0.5,0.5,0.5,0.5,0.5,0.5,0.5,0.5,0.5,0.5,0.5,0.5,0.5
WEIGHT_PNL,1.2,,,float,Fitness: total PnL,1.2,1.2,1.2,1.2,1.2,1.2,1.2,1.2,1.2,1.2,1.2,1.2,1.2,1.2,1.2,1.2,1.2,1.2,1.2,1.2,1.2,1.2,1.2,1.2,1.2,1.2,1.2,1.2,1.2,1.2,1.2,1.2,1.2,1.2,1.2,1.2,1.2,1.2,1.2,1.2,1.2,1.2,1.2,1.2,1.2,1.2,1.2,1.2,1.2,1.2,1.2,1.2,1.2,1.2,1.2,1.2,1.2,1.2,1.2,1.2,1.2,1.2,1.2,1.2,1.2,1.2,1.2,1.2,1.2,1.2,1.2,1.2,1.2,1.2,1.2,1.2,1.2,1.2,1.2
WEIGHT_PPT,1.0,,,float,Fitness: profit/trade,1.0,1.0,1.0,1.0,1.0,1.0,1.0,1.0,1.0,1.0,1.0,1.0,1.0,1.0,1.0,1.0,1.0,1.0,1.0,1.0,1.0,1.0,1.0,1.0,1.0,1.0,1.0,1.0,1.0,1.0,1.0,1.0,1.0,1.0,1.0,1.0,1.0,1.0,1.0,1.0,1.0,1.0,1.0,1.0,1.0,1.0,1.0,1.0,1.0,1.0,1.0,1.0,1.0,1.0,1.0,1.0,1.0,1.0,1.0,1.0,1.0,1.0,1.0,1.0,1.0,1.0,1.0,1.0,1.0,1.0,1.0,1.0,1.0,1.0,1.0,1.0,1.0,1.0,1.0
MIN_TRADE_DURATION,3,3,3,float,Min avg hold minutes,3.0,3.0,3.0,3.0,3.0,3.0,3.0,3.0,3.0,3.0,3.0,3.0,3.0,3.0,3.0,3.0,3.0,3.0,3.0,3.0,3.0,3.0,3.0,3.0,3.0,3.0,3.0,3.0,3.0,3.0,3.0,3.0,3.0,3.0,3.0,3.0,3.0,3.0,3.0,3.0,3.0,3.0,3.0,3.0,3.0,3.0,3.0,3.0,3.0,3.0,3.0,3.0,3.0,3.0,3.0,3.0,3.0,3.0,3.0,3.0,3.0,3.0,3.0,3.0,3.0,3.0,3.0,3.0,3.0,3.0,3.0,3.0,3.0,3.0,3.0,3.0,3.0,3.0,3.0
MAX_WIN_RATE_CAP,0.85,0.85,0.85,float,Suspicious win-rate cap,0.85,0.85,0.85,0.85,0.85,0.85,0.85,0.85,0.85,0.85,0.85,0.85,0.85,0.85,0.85,0.85,0.85,0.85,0.85,0.85,0.85,0.85,0.85,0.85,0.85,0.85,0.85,0.85,0.85,0.85,0.85,0.85,0.85,0.85,0.85,0.85,0.85,0.85,0.85,0.85,0.85,0.85,0.85,0.85,0.85,0.85,0.85,0.85,0.85,0.85,0.85,0.85,0.85,0.85,0.85,0.85,0.85,0.85,0.85,0.85,0.85,0.85,0.85,0.85,0.85,0.85,0.85,0.85,0.85,0.85,0.85,0.85,0.85,0.85,0.85,0.85,0.85,0.85,0.85
LIMIT_MAX_LOSS,50000,50000,50000,float,Loss soft-gate,50000.0,50000.0,50000.0,50000.0,50000.0,50000.0,50000.0,50000.0,50000.0,50000.0,50000.0,50000.0,50000.0,50000.0,50000.0,50000.0,50000.0,50000.0,50000.0,50000.0,50000.0,50000.0,50000.0,50000.0,50000.0,50000.0,50000.0,50000.0,50000.0,50000.0,50000.0,50000.0,50000.0,50000.0,50000.0,50000.0,50000.0,50000.0,50000.0,50000.0,50000.0,50000.0,50000.0,50000.0,50000.0,50000.0,50000.0,50000.0,50000.0,50000.0,50000.0,50000.0,50000.0,50000.0,50000.0,50000.0,50000.0,50000.0,50000.0,50000.0,50000.0,50000.0,50000.0,50000.0,50000.0,50000.0,50000.0,50000.0,50000.0,50000.0,50000.0,50000.0,50000.0,50000.0,50000.0,50000.0,50000.0,50000.0,50000.0
LIMIT_MIN_SORTINO,0.4,0.4,0.4,float,Sortino soft-gate,0.4,0.4,0.4,0.4,0.4,0.4,0.4,0.4,0.4,0.4,0.4,0.4,0.4,0.4,0.4,0.4,0.4,0.4,0.4,0.4,0.4,0.4,0.4,0.4,0.4,0.4,0.4,0.4,0.4,0.4,0.4,0.4,0.4,0.4,0.4,0.4,0.4,0.4,0.4,0.4,0.4,0.4,0.4,0.4,0.4,0.4,0.4,0.4,0.4,0.4,0.4,0.4,0.4,0.4,0.4,0.4,0.4,0.4,0.4,0.4,0.4,0.4,0.4,0.4,0.4,0.4,0.4,0.4,0.4,0.4,0.4,0.4,0.4,0.4,0.4,0.4,0.4,0.4,0.4
=== SOLUTION STATISTICS ===,,,,,,,,,,,,,,,,,,,,,,,,,,,,,,,,,,,,,,,,,,,,,,,,,,,,,,,,,,,,,,,,,,,,,,,,,,,,,,,,,,,,
Sortino Ratio (IS aggregate),,,,statistic,Sortino Ratio (IS aggregate) for each solution,5.0548,5.0062,5.0062,4.9316,4.8961,4.8622,4.7757,4.7757,4.7757,4.7522,4.4235,4.3601,4.3601,4.3601,4.3601,4.3601,4.3601,4.3601,4.3601,4.3579,4.2898,4.1628,4.1221,4.0382,3.9978,3.9645,3.9645,3.8294,3.6649,3.6649,3.6200,3.5968,3.5968,3.5659,3.5659,3.5549,3.4960,3.4758,3.3592,3.3481,3.2577,3.2201,3.2189,3.0916,2.8186,2.8186,2.8116,2.8116,2.7647,2.6861,2.5648,2.5488,2.5394,2.5035,2.4862,2.4737,2.4479,2.4479,2.3796,2.3796,2.2371,2.1755,2.1142,1.9561,1.9288,1.8856,1.8856,1.8265,1.7430,1.3232,1.1291,1.0176,0.9748,0.8002,0.6773,0.6039,0.5992,0.5662,0.5170
Max Drawdown ($) (IS aggregate),,,,statistic,Max Drawdown ($) (IS aggregate) for each solution,"$13,979.00","$12,657.50","$12,657.50","$20,809.00","$14,980.50","$12,446.00","$14,976.00","$14,976.00","$14,976.00","$10,803.50","$9,986.00","$11,364.50","$11,364.50","$11,364.50","$11,364.50","$11,364.50","$11,364.50","$11,364.50","$11,364.50","$26,650.00","$12,607.00","$10,672.50","$11,668.00","$11,348.50","$13,105.50","$11,835.50","$11,835.50","$14,202.50","$14,057.00","$14,057.00","$11,040.50","$20,128.00","$20,128.00","$13,725.00","$13,725.00","$11,104.00","$14,400.00","$20,952.00","$20,618.50","$12,544.00","$14,376.00","$13,980.50","$33,013.50","$19,594.50","$18,955.00","$18,955.00","$19,491.50","$19,491.50","$15,192.50","$15,393.00","$19,034.00","$19,252.00","$29,942.00","$33,168.00","$15,787.50","$18,606.00","$15,485.50","$15,485.50","$30,258.00","$30,258.00","$32,957.00","$37,872.50","$19,244.00","$12,213.50","$17,501.00","$19,172.00","$19,172.00","$19,172.00","$23,544.00","$53,455.00","$45,320.00","$43,134.00","$49,928.50","$28,494.50","$43,122.50","$27,085.00","$27,930.50","$44,111.50","$39,100.00"
Profit Factor (IS aggregate),,,,statistic,Profit Factor (IS aggregate) for each solution,1.3860,1.4081,1.4081,1.3641,1.5086,1.4171,1.3359,1.3359,1.3359,1.3717,1.3410,1.3763,1.3763,1.3763,1.3763,1.3763,1.3763,1.3763,1.3763,1.3679,1.4304,1.3327,1.3433,1.3536,1.4297,1.4287,1.4287,1.2977,1.2687,1.2687,1.3953,1.2979,1.2979,1.2792,1.2792,1.3903,1.2718,1.2734,1.2919,1.2865,1.2414,1.2496,1.2574,1.2607,1.2523,1.2523,1.2361,1.2361,1.2255,1.2599,1.2060,1.2235,1.2183,1.2121,1.1869,1.2015,1.1967,1.1967,1.2035,1.2035,1.1703,1.1743,1.1903,1.1559,1.1690,1.1836,1.1836,1.1770,1.1529,1.0970,1.0799,1.0802,1.0894,1.0817,1.0516,1.0577,1.0571,1.0496,1.0445
Avg Trades/Day (IS aggregate),,,,statistic,Avg Trades/Day (IS aggregate) for each solution,0.359,0.352,0.352,0.610,0.474,0.320,0.365,0.365,0.365,0.350,0.327,0.304,0.304,0.304,0.304,0.304,0.304,0.304,0.304,0.584,0.305,0.359,0.425,0.371,0.325,0.328,0.328,0.441,0.434,0.434,0.421,0.577,0.577,0.426,0.426,0.422,0.465,0.611,0.601,0.516,0.518,0.518,0.631,0.650,0.537,0.537,0.549,0.549,0.532,0.529,0.544,0.686,0.670,0.674,0.545,0.548,0.534,0.534,0.716,0.716,0.745,0.721,0.695,0.464,0.635,0.605,0.605,0.608,0.709,0.749,0.756,0.749,0.790,0.725,0.809,0.765,0.777,0.835,0.778
Total Profit ($) (IS aggregate),,,,statistic,Total Profit ($) (IS aggregate) for each solution,"$56,465.50","$59,850.50","$59,850.50","$85,385.00","$98,269.50","$50,108.00","$47,930.50","$47,930.50","$47,930.50","$55,216.00","$49,016.00","$43,030.00","$43,030.00","$43,030.00","$43,030.00","$43,030.00","$43,030.00","$43,030.00","$43,030.00","$90,805.50","$47,238.00","$49,700.50","$59,525.00","$55,117.00","$52,767.00","$51,463.00","$51,463.00","$54,035.00","$46,089.00","$46,089.00","$66,320.00","$72,269.00","$72,269.00","$48,982.00","$48,982.00","$65,415.00","$52,759.50","$67,878.00","$74,763.00","$59,886.00","$47,890.00","$52,084.50","$69,053.00","$72,714.50","$57,592.50","$57,592.50","$54,888.00","$54,888.00","$49,802.00","$54,858.00","$44,546.50","$61,502.00","$65,275.50","$62,947.00","$40,201.00","$45,414.00","$44,195.00","$44,195.00","$64,297.00","$64,297.00","$52,530.00","$54,470.00","$53,506.50","$29,192.00","$44,036.50","$45,947.00","$45,947.00","$44,604.00","$45,322.00","$29,673.50","$22,904.50","$26,509.50","$29,475.00","$26,166.50","$17,091.00","$19,108.50","$19,275.00","$17,907.00","$15,517.50"
Avg Profit/Trade ($) (IS aggregate),,,,statistic,Avg Profit/Trade ($) (IS aggregate) for each solution,$159.51,$172.48,$172.48,$142.07,$210.43,$159.07,$133.14,$133.14,$133.14,$160.05,$152.22,$143.91,$143.91,$143.91,$143.91,$143.91,$143.91,$143.91,$143.91,$157.92,$157.46,$140.40,$142.06,$151.01,$164.90,$159.33,$159.33,$124.50,$107.94,$107.94,$159.81,$127.23,$127.23,$116.62,$116.62,$157.25,$115.20,$112.75,$126.29,$117.89,$93.90,$102.13,$111.02,$113.62,$108.87,$108.87,$101.46,$101.46,$95.04,$105.29,$83.11,$90.98,$98.90,$94.80,$74.86,$84.10,$84.02,$84.02,$91.20,$91.20,$71.57,$76.72,$78.11,$63.88,$70.46,$77.09,$77.09,$74.46,$64.93,$40.21,$30.74,$35.92,$37.89,$36.65,$21.44,$25.34,$25.20,$21.78,$20.26
"Avg Trade Span (min, bar grid) (IS aggregate)",,,,statistic,"Avg Trade Span (min, bar grid) (IS aggregate) for each solution",170.58,185.57,185.57,609.30,771.38,1013.31,156.10,156.10,156.10,184.66,184.99,1056.91,1056.91,1056.91,1056.91,1056.91,1056.91,1056.91,1056.91,651.26,1060.73,185.02,178.57,184.77,1006.28,996.44,996.44,166.42,153.89,153.89,172.55,655.04,655.04,167.91,167.91,170.29,164.86,614.89,634.52,163.77,144.35,161.46,596.84,594.71,172.99,172.99,173.28,173.28,164.70,682.04,157.86,557.09,584.89,578.86,143.44,160.53,161.41,161.41,555.85,555.85,517.10,540.61,549.44,159.23,588.63,611.34,611.34,608.73,533.86,513.72,489.42,530.49,494.08,530.44,479.97,499.69,494.18,474.95,504.77
Max Drawdown ($) (OOS aggregate),,,,statistic,Max Drawdown ($) (OOS aggregate) for each solution,"$26,762.00","$30,671.00","$30,671.00","$78,392.00","$23,358.50","$12,585.00","$27,692.00","$27,692.00","$27,692.00","$32,163.50","$33,523.50","$11,993.50","$11,993.50","$11,993.50","$11,993.50","$11,993.50","$11,993.50","$11,993.50","$11,993.50","$68,474.00","$19,697.50","$42,871.50","$54,611.00","$35,634.50","$13,559.00","$13,757.00","$13,757.00","$52,702.50","$49,885.50","$49,885.50","$25,591.50","$33,933.50","$33,933.50","$47,809.50","$47,809.50","$26,161.00","$44,143.50","$45,829.00","$24,577.50","$44,597.50","$48,746.50","$37,931.50","$33,505.50","$52,237.00","$27,455.50","$27,455.50","$46,794.00","$46,794.00","$36,728.50","$22,169.50","$38,551.50","$27,794.00","$25,867.00","$25,910.50","$49,481.00","$49,092.50","$38,234.00","$38,234.00","$60,257.50","$60,257.50","$62,564.50","$46,304.00","$24,911.00","$42,246.00","$18,827.00","$28,945.00","$28,945.00","$28,954.50","$36,944.00","$62,008.00","$46,241.00","$57,002.00","$59,699.00","$39,832.50","$61,378.50","$38,479.00","$42,643.50","$47,785.00","$43,287.00"
Profit Factor (OOS aggregate),,,,statistic,Profit Factor (OOS aggregate) for each solution,0.8910,0.8744,0.8744,0.6595,0.9276,0.9492,0.8639,0.8639,0.8639,0.8168,0.8008,0.9835,0.9835,0.9835,0.9835,0.9835,0.9835,0.9835,0.9835,0.6926,0.9096,0.7652,0.7476,0.8467,1.0321,0.9862,0.9862,0.7489,0.7335,0.7335,0.9297,0.8752,0.8752,0.7381,0.7381,0.9208,0.7865,0.8505,0.8916,0.8185,0.7827,0.8284,0.8907,0.7733,0.9084,0.9084,0.8035,0.8035,0.8508,1.0367,0.8418,0.9939,0.9123,0.9086,0.7865,0.7818,0.8454,0.8454,0.7813,0.7813,0.7690,0.8283,1.0324,0.8440,1.0066,0.9649,0.9649,0.9642,0.9182,0.7995,0.8602,0.7797,0.7967,0.8782,0.7641,0.8793,0.8694,0.8384,0.8869
Avg Trades/Day (OOS aggregate),,,,statistic,Avg Trades/Day (OOS aggregate) for each solution,0.314,0.307,0.307,0.552,0.440,0.271,0.316,0.316,0.316,0.307,0.292,0.254,0.254,0.254,0.254,0.254,0.254,0.254,0.254,0.532,0.276,0.319,0.417,0.333,0.300,0.304,0.304,0.432,0.420,0.420,0.397,0.535,0.535,0.416,0.416,0.398,0.464,0.562,0.582,0.484,0.504,0.491,0.596,0.602,0.491,0.491,0.521,0.521,0.512,0.509,0.519,0.657,0.635,0.637,0.529,0.524,0.517,0.517,0.668,0.668,0.701,0.674,0.639,0.439,0.573,0.573,0.573,0.579,0.678,0.720,0.715,0.669,0.763,0.721,0.729,0.753,0.757,0.783,0.757
Total Profit ($) (OOS aggregate),,,,statistic,Total Profit ($) (OOS aggregate) for each solution,"$-12,863.50","$-15,086.50","$-15,086.50","$-65,074.00","$-12,256.00","$-4,132.50","$-15,548.00","$-15,548.00","$-15,548.00","$-21,829.50","$-22,846.00","$-1,258.50","$-1,258.50","$-1,258.50","$-1,258.50","$-1,258.50","$-1,258.50","$-1,258.50","$-1,258.50","$-62,403.50","$-7,777.50","$-29,713.00","$-39,504.00","$-20,859.00","$2,800.50","$-1,258.00","$-1,258.00","$-39,092.50","$-38,183.00","$-38,183.00","$-10,944.50","$-23,654.50","$-23,654.50","$-39,128.50","$-39,128.50","$-12,452.00","$-34,959.50","$-28,718.00","$-22,099.50","$-31,829.50","$-36,945.00","$-29,262.50","$-21,304.00","$-49,446.00","$-15,802.00","$-15,802.00","$-38,300.00","$-38,300.00","$-27,047.00","$6,538.50","$-28,069.50","$-1,423.50","$-19,722.50","$-20,482.50","$-37,673.00","$-42,399.00","$-28,024.50","$-28,024.50","$-55,113.50","$-55,113.50","$-57,351.00","$-41,160.00","$7,248.50","$-24,218.00","$1,349.50","$-6,997.50","$-6,997.50","$-7,234.00","$-19,572.50","$-46,450.50","$-29,576.00","$-53,560.50","$-55,211.50","$-32,232.00","$-56,637.00","$-32,150.00","$-34,937.00","$-44,300.50","$-31,617.00"
Avg Profit/Trade ($) (OOS aggregate),,,,statistic,Avg Profit/Trade ($) (OOS aggregate) for each solution,$-49.86,$-59.87,$-59.87,$-143.33,$-33.86,$-18.53,$-59.80,$-59.80,$-59.80,$-86.62,$-95.19,$-6.02,$-6.02,$-6.02,$-6.02,$-6.02,$-6.02,$-6.02,$-6.02,$-142.80,$-34.26,$-113.41,$-115.17,$-76.13,$11.34,$-5.03,$-5.03,$-110.12,$-110.68,$-110.68,$-33.57,$-53.76,$-53.76,$-114.41,$-114.41,$-38.08,$-91.76,$-62.16,$-46.23,$-79.97,$-89.24,$-72.43,$-43.48,$-99.89,$-39.11,$-39.11,$-89.49,$-89.49,$-64.24,$15.64,$-65.74,$-2.64,$-37.78,$-39.09,$-86.60,$-98.37,$-65.94,$-65.94,$-100.39,$-100.39,$-99.57,$-74.30,$13.81,$-67.09,$2.87,$-14.86,$-14.86,$-15.20,$-35.14,$-78.46,$-50.30,$-97.38,$-88.06,$-54.35,$-94.55,$-51.94,$-56.17,$-68.79,$-50.83
"Avg Trade Span (min, bar grid) (OOS aggregate)",,,,statistic,"Avg Trade Span (min, bar grid) (OOS aggregate) for each solution",189.81,204.48,204.48,146.70,185.98,148.85,172.48,172.48,172.48,201.10,203.05,151.02,151.02,151.02,151.02,151.02,151.02,151.02,151.02,173.30,149.16,197.54,180.28,202.12,155.63,152.72,152.72,169.01,159.97,159.97,185.99,171.60,171.60,169.19,169.19,183.76,168.82,157.79,169.05,176.08,152.43,166.10,159.36,165.07,177.48,177.48,172.32,172.32,173.36,162.14,152.80,162.13,167.01,164.70,149.96,161.99,169.44,169.44,166.21,166.21,143.02,157.28,164.21,147.39,157.35,158.90,158.90,158.04,143.53,144.24,125.20,158.55,147.02,159.42,136.79,146.81,146.43,146.35,144.17
Derived Trailing Delay (bars from minutes/timeframe),,,,statistic,"Effective trailing delay in bars using the active GA gene (minutes when optimizable, else bars).",1,1,1,1,1,1,1,1,1,1,1,1,1,1,1,1,1,1,1,1,1,1,1,1,1,1,1,1,1,1,1,1,1,1,1,1,1,1,1,1,1,1,1,1,1,1,1,1,1,1,1,1,1,1,1,1,1,1,1,1,1,1,1,1,1,1,1,1,1,1,1,1,1,1,1,1,1,1,1
Derived RSI filter (effective entry gates),,,,statistic,"Trend: long if RSI < Max Buy, short if RSI > Min Sell. Bollinger: mean-reversion long if RSI < Oversold, short if RSI > Overbought.",filter off (RSI not applied to entries),filter off (RSI not applied to entries),filter off (RSI not applied to entries),filter off (RSI not applied to entries),filter off (RSI not applied to entries),filter off (RSI not applied to entries),filter off (RSI not applied to entries),filter off (RSI not applied to entries),filter off (RSI not applied to entries),filter off (RSI not applied to entries),filter off (RSI not applied to entries),filter off (RSI not applied to entries),filter off (RSI not applied to entries),filter off (RSI not applied to entries),filter off (RSI not applied to entries),filter off (RSI not applied to entries),filter off (RSI not applied to entries),filter off (RSI not applied to entries),filter off (RSI not applied to entries),filter off (RSI not applied to entries),filter off (RSI not applied to entries),filter off (RSI not applied to entries),filter off (RSI not applied to entries),filter off (RSI not applied to entries),filter off (RSI not applied to entries),filter off (RSI not applied to entries),filter off (RSI not applied to entries),filter off (RSI not applied to entries),filter off (RSI not applied to entries),filter off (RSI not applied to entries),filter off (RSI not applied to entries),filter off (RSI not applied to entries),filter off (RSI not applied to entries),filter off (RSI not applied to entries),filter off (RSI not applied to entries),filter off (RSI not applied to entries),filter off (RSI not applied to entries),filter off (RSI not applied to entries),filter off (RSI not applied to entries),filter off (RSI not applied to entries),filter off (RSI not applied to entries),filter off (RSI not applied to entries),filter off (RSI not applied to entries),filter off (RSI not applied to entries),filter off (RSI not applied to entries),filter off (RSI not applied to entries),filter off (RSI not applied to entries),filter off (RSI not applied to entries),filter off (RSI not applied to entries),filter off (RSI not applied to entries),filter off (RSI not applied to entries),filter off (RSI not applied to entries),filter off (RSI not applied to entries),filter off (RSI not applied to entries),filter off (RSI not applied to entries),filter off (RSI not applied to entries),filter off (RSI not applied to entries),filter off (RSI not applied to entries),filter off (RSI not applied to entries),filter off (RSI not applied to entries),filter off (RSI not applied to entries),filter off (RSI not applied to entries),filter off (RSI not applied to entries),filter off (RSI not applied to entries),filter off (RSI not applied to entries),filter off (RSI not applied to entries),filter off (RSI not applied to entries),filter off (RSI not applied to entries),filter off (RSI not applied to entries),filter off (RSI not applied to entries),filter off (RSI not applied to entries),filter off (RSI not applied to entries),filter off (RSI not applied to entries),filter off (RSI not applied to entries),filter off (RSI not applied to entries),filter off (RSI not applied to entries),filter off (RSI not applied to entries),filter off (RSI not applied to entries),filter off (RSI not applied to entries)
Solution Rank,,,,statistic,Rank by Sortino (0 = highest),#0 (SELECTED),#1,#2,#3,#4,#5,#6,#7,#8,#9,#10,#11,#12,#13,#14,#15,#16,#17,#18,#19,#20,#21,#22,#23,#24,#25,#26,#27,#28,#29,#30,#31,#32,#33,#34,#35,#36,#37,#38,#39,#40,#41,#42,#43,#44,#45,#46,#47,#48,#49,#50,#51,#52,#53,#54,#55,#56,#57,#58,#59,#60,#61,#62,#63,#64,#65,#66,#67,#68,#69,#70,#71,#72,#73,#74,#75,#76,#77,#78
"--- GA FITNESS VECTOR (normalized, per DEAP) ---",,,,,,,,,,,,,,,,,,,,,,,,,,,,,,,,,,,,,,,,,,,,,,,,,,,,,,,,,,,,,,,,,,,,,,,,,,,,,,,,,,,,
Fitness[0] norm Sortino obj,,,,statistic,Normalized objective after penalties; see Sortino row for raw IS aggregate,0.189556,0.187731,0.187731,0.184934,0.183605,0.182332,0.179088,0.179088,0.179088,0.178206,0.165883,0.163502,0.163502,0.163502,0.163502,0.163502,0.163502,0.163502,0.163502,0.163421,0.160868,0.156106,0.154577,0.151432,0.149918,0.148669,0.148669,0.143602,0.137433,0.137433,0.135748,0.134879,0.134879,0.133720,0.133720,0.133308,0.131099,0.130344,0.125972,0.125555,0.122164,0.120754,0.120709,0.115934,0.105696,0.105696,0.105435,0.105435,0.103675,0.100728,0.096181,0.095581,0.095228,0.093879,0.093233,0.092763,0.091797,0.091797,0.089233,0.089233,0.083891,0.081583,0.079284,0.073353,0.072329,0.070712,0.070712,0.068495,0.065363,0.049620,0.041824,0.038161,0.036556,0.030009,0.025397,0.022645,0.022472,0.021231,0.019388
Fitness[1] norm DD obj,,,,statistic,Normalized objective after penalties; see Sortino row for raw IS aggregate,0.174738,0.158219,0.158219,0.260113,0.187256,0.155575,0.187200,0.187200,0.187200,0.135044,0.124825,0.142056,0.142056,0.142056,0.142056,0.142056,0.142056,0.142056,0.142056,0.333125,0.157588,0.133406,0.145850,0.141856,0.163819,0.147944,0.147944,0.177531,0.175713,0.175713,0.138006,0.251600,0.251600,0.171563,0.171563,0.138800,0.180000,0.261900,0.257731,0.156800,0.179700,0.174756,0.412669,0.244931,0.236938,0.236938,0.243644,0.243644,0.189906,0.192412,0.237925,0.240650,0.374275,0.414600,0.197344,0.232575,0.193569,0.193569,0.378225,0.378225,0.411963,0.473406,0.240550,0.152669,0.218763,0.239650,0.239650,0.239650,0.294300,0.668188,0.566995,0.539175,0.624106,0.356181,0.539031,0.338562,0.349131,0.551394,0.488750
Fitness[2] norm PF obj,,,,statistic,Normalized objective after penalties; see Sortino row for raw IS aggregate,0.166318,0.168974,0.168974,0.163688,0.181032,0.170046,0.160309,0.160309,0.160309,0.164610,0.160925,0.165156,0.165156,0.165156,0.165156,0.165156,0.165156,0.165156,0.165156,0.164146,0.171648,0.159924,0.161198,0.162435,0.171566,0.171438,0.171438,0.155727,0.152244,0.152244,0.167432,0.155748,0.155748,0.153500,0.153500,0.166837,0.152612,0.152805,0.155031,0.154380,0.148967,0.149957,0.150884,0.151283,0.150281,0.150281,0.148329,0.148329,0.147061,0.151183,0.144721,0.146818,0.146196,0.145449,0.142433,0.144182,0.143600,0.143600,0.144419,0.144419,0.140435,0.140919,0.142838,0.138711,0.140286,0.142034,0.142034,0.141236,0.138353,0.131646,0.129032,0.129621,0.130727,0.129800,0.126197,0.126923,0.126855,0.125955,0.125343
Fitness[3] norm Trades obj,,,,statistic,Normalized objective after penalties; see Sortino row for raw IS aggregate,0.119797,0.117428,0.117428,0.203384,0.158037,0.106599,0.121827,0.121827,0.121827,0.116751,0.108968,0.101184,0.101184,0.101184,0.101184,0.101184,0.101184,0.101184,0.101184,0.194585,0.101523,0.119797,0.141794,0.123519,0.108291,0.109306,0.109306,0.146870,0.144501,0.144501,0.140440,0.192217,0.192217,0.142132,0.142132,0.140778,0.154992,0.203723,0.200338,0.171912,0.172589,0.172589,0.210491,0.216582,0.179019,0.179019,0.183080,0.183080,0.177327,0.176311,0.181387,0.228765,0.223350,0.224704,0.181726,0.182741,0.178003,0.178003,0.238579,0.238579,0.248393,0.240271,0.231810,0.154653,0.211506,0.201692,0.201692,0.202707,0.236210,0.249746,0.251620,0.249746,0.263283,0.241624,0.269712,0.255161,0.258883,0.278173,0.259222
Fitness[4] norm PnL obj,,,,statistic,Normalized objective after penalties; see Sortino row for raw IS aggregate,0.376437,0.399003,0.399003,0.569233,0.655130,0.334053,0.319537,0.319537,0.319537,0.368107,0.326773,0.286867,0.286867,0.286867,0.286867,0.286867,0.286867,0.286867,0.286867,0.605370,0.314920,0.331337,0.396833,0.367447,0.351780,0.343087,0.343087,0.360233,0.307260,0.307260,0.442133,0.481793,0.481793,0.326547,0.326547,0.436100,0.351730,0.452520,0.498420,0.399240,0.319267,0.347230,0.460353,0.484763,0.383950,0.383950,0.365920,0.365920,0.332013,0.365720,0.296977,0.410013,0.435170,0.419647,0.268007,0.302760,0.294633,0.294633,0.428647,0.428647,0.350200,0.363133,0.356710,0.194613,0.293577,0.306313,0.306313,0.297360,0.302147,0.197823,0.152202,0.176730,0.196500,0.174443,0.113940,0.127390,0.128500,0.119380,0.103450
Fitness[5] norm PPT obj,,,,statistic,Normalized objective after penalties; see Sortino row for raw IS aggregate,1.000000,1.000000,1.000000,1.000000,1.000000,1.000000,1.000000,1.000000,1.000000,1.000000,1.000000,1.000000,1.000000,1.000000,1.000000,1.000000,1.000000,1.000000,1.000000,1.000000,1.000000,1.000000,1.000000,1.000000,1.000000,1.000000,1.000000,1.000000,1.000000,1.000000,1.000000,1.000000,1.000000,1.000000,1.000000,1.000000,1.000000,1.000000,1.000000,1.000000,0.939020,1.000000,1.000000,1.000000,1.000000,1.000000,1.000000,1.000000,0.950420,1.000000,0.831091,0.909793,0.989023,0.947997,0.748622,0.841000,0.840209,0.840209,0.912014,0.912014,0.715668,0.767183,0.781117,0.638775,0.704584,0.770923,0.770923,0.744641,0.649312,0.402080,0.306948,0.359207,0.378856,0.366478,0.214442,0.253428,0.251961,0.217847,0.202578
--- ROBUSTNESS EVALUATION ---,,,,,,,,,,,,,,,,,,,,,,,,,,,,,,,,,,,,,,,,,,,,,,,,,,,,,,,,,,,,,,,,,,,,,,,,,,,,,,,,,,,,
Aggregate IS Sortino,,,,robustness,,5.0548,5.0062,5.0062,4.9316,4.8961,4.8622,4.7757,4.7757,4.7757,4.7522,4.4235,4.3601,4.3601,4.3601,4.3601,4.3601,4.3601,4.3601,4.3601,4.3579,4.2898,4.1628,4.1221,4.0382,3.9978,3.9645,3.9645,3.8294,3.6649,3.6649,3.6200,3.5968,3.5968,3.5659,3.5659,3.5549,3.4960,3.4758,3.3592,3.3481,3.2577,3.2201,3.2189,3.0916,2.8186,2.8186,2.8116,2.8116,2.7647,2.6861,2.5648,2.5488,2.5394,2.5035,2.4862,2.4737,2.4479,2.4479,2.3796,2.3796,2.2371,2.1755,2.1142,1.9561,1.9288,1.8856,1.8856,1.8265,1.7430,1.3232,1.1291,1.0176,0.9748,0.8002,0.6773,0.6039,0.5992,0.5662,0.5170
Aggregate OOS Sortino,,,,robustness,,-1.7985,-1.9623,-1.9623,-4.9329,-0.9159,-0.6975,-2.1445,-2.1445,-2.1445,-2.8136,-3.0756,-0.2269,-0.2269,-0.2269,-0.2269,-0.2269,-0.2269,-0.2269,-0.2269,-4.3740,-1.1269,-3.7618,-3.6658,-1.8970,0.3486,-0.1607,-0.1607,-3.7275,-3.8506,-3.8506,-0.9773,-1.6827,-1.6827,-3.8546,-3.8546,-1.1179,-3.0659,-2.1226,-1.4347,-2.5197,-3.1960,-2.4334,-1.4975,-2.9809,-1.1933,-1.1933,-2.6974,-2.6974,-2.0260,0.4784,-2.1944,-0.0815,-1.1804,-1.2326,-3.1342,-2.9643,-2.1134,-2.1134,-3.0936,-3.0936,-3.3703,-2.4007,0.4130,-2.1006,0.0875,-0.4846,-0.4846,-0.4959,-1.0949,-2.8468,-2.0675,-2.9610,-3.0654,-1.5423,-3.1622,-1.5604,-1.7085,-2.3438,-1.5122
Sortino IS-to-OOS Degradation,,,,robustness,,135.58%,139.20%,139.20%,200.03%,118.71%,114.35%,144.90%,144.90%,144.90%,159.21%,169.53%,105.20%,105.20%,105.20%,105.20%,105.20%,105.20%,105.20%,105.20%,200.37%,126.27%,190.37%,188.93%,146.98%,91.28%,104.05%,104.05%,197.34%,205.07%,205.07%,127.00%,146.78%,146.78%,208.10%,208.10%,131.45%,187.70%,161.07%,142.71%,175.26%,198.11%,175.57%,146.52%,196.42%,142.34%,142.34%,195.94%,195.94%,173.28%,82.19%,185.56%,103.20%,146.48%,149.24%,226.06%,219.83%,186.33%,186.33%,230.01%,230.01%,250.65%,210.35%,80.47%,207.39%,95.47%,125.70%,125.70%,127.15%,162.82%,315.14%,283.11%,390.97%,414.46%,292.73%,566.91%,358.41%,385.10%,513.98%,392.49%
Positive OOS Splits,,,,robustness,,1/5,1/5,1/5,0/5,3/5,3/5,1/5,1/5,1/5,1/5,1/5,3/5,3/5,3/5,3/5,3/5,3/5,3/5,3/5,0/5,2/5,1/5,1/5,1/5,3/5,3/5,3/5,1/5,1/5,1/5,2/5,1/5,1/5,1/5,1/5,2/5,1/5,1/5,2/5,1/5,0/5,0/5,2/5,0/5,3/5,3/5,0/5,0/5,1/5,2/5,1/5,2/5,1/5,0/5,0/5,1/5,1/5,1/5,0/5,0/5,0/5,0/5,3/5,1/5,2/5,1/5,1/5,1/5,2/5,1/5,1/5,0/5,0/5,0/5,0/5,0/5,1/5,0/5,1/5
Live-Ready Robustness Score,,,,robustness,,8.0,8.0,8.0,0.0,24.0,24.0,8.0,8.0,8.0,8.0,8.0,24.0,24.0,24.0,24.0,24.0,24.0,24.0,24.0,0.0,16.0,8.0,8.0,8.0,28.5,24.0,24.0,8.0,8.0,8.0,16.0,8.0,8.0,8.0,8.0,16.0,8.0,8.0,16.0,8.0,0.0,0.0,16.0,0.0,24.0,24.0,0.0,0.0,8.0,23.4,8.0,16.0,8.0,0.0,0.0,8.0,8.0,8.0,0.0,0.0,0.0,0.0,31.2,8.0,17.6,8.0,8.0,8.0,16.0,8.0,8.0,0.0,0.0,0.0,0.0,0.0,8.0,0.0,8.0
--- PER-SPLIT DETAIL (In-Sample) ---,,,,,,,,,,,,,,,,,,,,,,,,,,,,,,,,,,,,,,,,,,,,,,,,,,,,,,,,,,,,,,,,,,,,,,,,,,,,,,,,,,,,
  Sortino (P1),,,,split_detail,,7.4127,7.2175,7.2175,21.4760,10.6485,16.1854,8.8156,8.8156,8.8156,6.8280,6.7192,12.7885,12.7885,12.7885,12.7885,12.7885,12.7885,12.7885,12.7885,14.2687,13.4407,3.7594,7.7407,4.0157,13.2240,13.2275,13.2275,6.3337,8.5135,8.5135,2.6703,13.4675,13.4675,7.5239,7.5239,2.6094,6.9333,11.4407,12.2049,7.5488,9.2407,6.7870,12.3479,11.0305,5.9300,5.9300,6.7753,6.7753,9.7620,6.0116,5.4952,6.5692,12.1279,11.3838,8.9574,8.0925,8.1902,8.1902,9.7371,9.7371,12.1832,10.0282,5.0486,4.8436,5.1967,4.2955,4.2955,4.2955,4.1321,10.1654,13.1417,7.1052,5.6586,1.6071,9.5312,2.0877,1.9294,4.1541,4.2606
  Trades/D (P1),,,,split_detail,,0.307,0.307,0.307,0.578,0.482,0.343,0.307,0.307,0.307,0.307,0.259,0.319,0.319,0.319,0.319,0.319,0.319,0.319,0.319,0.566,0.325,0.283,0.337,0.319,0.331,0.331,0.331,0.355,0.337,0.337,0.446,0.548,0.548,0.337,0.337,0.446,0.386,0.608,0.554,0.488,0.470,0.470,0.627,0.602,0.530,0.530,0.536,0.536,0.500,0.518,0.482,0.693,0.669,0.669,0.506,0.470,0.500,0.500,0.663,0.663,0.693,0.657,0.723,0.355,0.608,0.596,0.596,0.596,0.723,0.729,0.717,0.729,0.717,0.711,0.759,0.765,0.783,0.795,0.729
  Profit Fac (P1),,,,split_detail,,1.7270,1.8197,1.8197,2.9321,2.4621,2.4307,1.8939,1.8939,1.8939,1.7754,1.6881,2.1057,2.1057,2.1057,2.1057,2.1057,2.1057,2.1057,2.1057,2.9354,3.1917,1.3537,1.8739,1.5346,3.2188,3.2061,3.2061,1.6017,1.8303,1.8303,1.4079,2.6811,2.6811,1.7681,1.7681,1.3971,1.6768,2.3176,2.5208,1.8815,1.7975,1.6285,2.3860,2.4190,1.8173,1.8173,1.8227,1.8227,2.0236,2.0417,1.5732,1.9363,2.5430,2.4043,1.7850,1.9592,1.8333,1.8333,2.1672,2.1672,2.0603,2.0424,1.6778,1.5330,1.6880,1.6290,1.6290,1.6290,1.5092,2.0606,2.2386,1.7573,1.8264,1.2435,1.7958,1.3015,1.2729,1.5316,1.3963
  Max DD (P1),,,,split_detail,,"$8,555.00","$6,758.00","$6,758.00","$8,102.50","$5,523.00","$5,608.00","$8,173.50","$8,173.50","$8,173.50","$6,758.00","$6,758.00","$11,364.50","$11,364.50","$11,364.50","$11,364.50","$11,364.50","$11,364.50","$11,364.50","$11,364.50","$8,042.50","$7,286.50","$10,148.00","$6,045.50","$10,659.00","$5,567.50","$5,567.50","$5,567.50","$8,555.00","$8,173.50","$8,173.50","$4,895.00","$12,602.00","$12,602.00","$8,555.00","$8,555.00","$5,023.00","$8,388.50","$12,647.00","$12,892.50","$4,553.00","$7,336.00","$7,062.50","$17,075.50","$8,042.50","$10,254.50","$10,254.50","$9,322.50","$9,322.50","$3,964.50","$12,216.00","$7,062.50","$12,529.00","$10,088.00","$14,302.00","$7,336.00","$4,253.50","$6,952.50","$6,952.50","$17,020.50","$17,020.50","$20,533.00","$19,956.50","$16,263.50","$3,964.50","$16,448.50","$19,172.00","$19,172.00","$19,172.00","$15,763.50","$10,825.50","$9,894.50","$12,028.50","$28,097.50","$27,817.00","$8,903.00","$27,085.00","$27,930.50","$24,032.50","$21,588.00"
  Total PNL (P1),,,,split_detail,,"$14,039.50","$15,248.00","$15,248.00","$63,550.50","$46,649.00","$37,613.00","$15,741.50","$15,741.50","$15,741.50","$14,416.00","$12,344.50","$28,438.50","$28,438.50","$28,438.50","$28,438.50","$28,438.50","$28,438.50","$28,438.50","$28,438.50","$65,068.00","$42,211.00","$7,007.50","$17,647.50","$12,031.00","$43,009.50","$43,019.00","$43,019.00","$13,760.00","$16,297.00","$16,297.00","$11,499.00","$58,617.00","$58,617.00","$15,685.00","$15,685.00","$11,281.50","$15,938.50","$51,927.00","$56,246.50","$22,798.00","$21,859.50","$18,715.50","$58,609.50","$55,150.00","$27,503.50","$27,503.50","$26,036.50","$26,036.50","$27,129.50","$37,899.00","$15,880.00","$45,416.50","$67,654.00","$61,520.00","$22,425.00","$22,665.00","$23,827.00","$23,827.00","$54,744.50","$54,744.50","$51,437.50","$51,184.50","$36,781.00","$9,259.50","$33,083.50","$31,967.00","$31,967.00","$31,967.00","$29,979.50","$49,884.00","$50,454.50","$38,782.50","$45,682.50","$16,094.00","$39,321.00","$20,374.00","$19,188.50","$35,596.00","$24,788.50"
  Avg Profit/Tr (P1),,,,split_detail,,$275.28,$298.98,$298.98,$661.98,$583.11,$659.88,$308.66,$308.66,$308.66,$282.67,$287.08,$536.58,$536.58,$536.58,$536.58,$536.58,$536.58,$536.58,$536.58,$692.21,$781.69,$149.10,$315.13,$227.00,$781.99,$782.16,$782.16,$233.22,$291.02,$291.02,$155.39,$644.14,$644.14,$280.09,$280.09,$152.45,$249.04,$514.13,$611.37,$281.46,$280.25,$239.94,$563.55,$551.50,$312.54,$312.54,$292.54,$292.54,$326.86,$440.69,$198.50,$394.93,$609.50,$554.23,$266.96,$290.58,$287.07,$287.07,$497.68,$497.68,$447.28,$469.58,$306.51,$156.94,$327.56,$322.90,$322.90,$322.90,$249.83,$412.26,$423.99,$320.52,$383.89,$136.39,$312.07,$160.43,$147.60,$269.67,$204.86
  Span (min) (P1),,,,split_detail,,176.24,187.53,187.53,3063.88,3663.97,5027.47,171.06,171.06,171.06,193.88,190.33,5388.94,5388.94,5388.94,5388.94,5388.94,5388.94,5388.94,5388.94,3151.91,5323.70,176.17,173.14,184.98,5241.45,5233.82,5233.82,163.32,149.36,149.36,159.68,3234.73,3234.73,161.14,161.14,159.30,164.81,2913.39,3205.17,164.30,141.54,151.85,2833.62,2963.64,163.64,163.64,171.91,171.91,160.19,3406.47,154.35,2583.03,2675.89,2673.41,138.29,174.31,157.88,157.88,2705.45,2705.45,2575.72,2717.50,2475.90,149.29,2927.17,2988.85,2988.85,2988.85,2470.20,2442.15,2475.43,2464.26,2489.65,2510.44,2350.29,2339.81,2290.71,2252.27,2447.01
  Sortino (P3),,,,split_detail,,-1.0481,1.6852,1.6852,4.0230,-1.8219,9.9523,-1.0193,-1.0193,-1.0193,0.9404,-1.0513,8.8618,8.8618,8.8618,8.8618,8.8618,8.8618,8.8618,8.8618,3.1790,-3.4304,-1.8404,-0.2368,3.0904,-2.9397,-2.9094,-2.9094,-2.4247,-6.2275,-6.2275,-1.6893,-1.0875,-1.0875,-5.0668,-5.0668,-1.5974,-4.4850,-1.3419,-2.2855,-0.6061,-1.6926,-3.4379,-0.5607,0.1074,-0.7331,-0.7331,-0.6364,-0.6364,-1.9369,-4.9740,-3.1824,-4.2336,-1.6531,-1.4697,-2.0281,-2.5203,-2.6202,-2.6202,-0.2586,-0.2586,-1.5618,-2.4253,-5.3165,-5.9282,-4.0069,-2.7901,-2.7901,-2.7901,-5.1244,-0.5107,-3.0359,-1.8673,-1.2087,-4.5591,-1.2212,-5.0339,-5.0909,-2.6399,-3.1399
  Trades/D (P3),,,,split_detail,,0.372,0.354,0.354,0.530,0.512,0.317,0.378,0.378,0.378,0.348,0.323,0.293,0.293,0.293,0.293,0.293,0.293,0.293,0.293,0.500,0.354,0.335,0.390,0.378,0.378,0.378,0.378,0.402,0.409,0.409,0.451,0.561,0.561,0.396,0.396,0.451,0.421,0.555,0.634,0.445,0.524,0.494,0.640,0.604,0.537,0.537,0.524,0.524,0.555,0.598,0.512,0.677,0.646,0.652,0.579,0.470,0.555,0.555,0.720,0.720,0.787,0.738,0.720,0.427,0.628,0.591,0.591,0.591,0.817,0.640,0.659,0.671,0.805,0.768,0.756,0.841,0.841,0.860,0.774
  Profit Fac (P3),,,,split_detail,,0.9338,1.1191,1.1191,1.2171,0.8606,1.9424,0.9525,0.9525,0.9525,1.0638,0.9359,1.8233,1.8233,1.8233,1.8233,1.8233,1.8233,1.8233,1.8233,1.1870,0.6963,0.8884,0.9855,1.2209,0.7216,0.7317,0.7317,0.8621,0.7067,0.7067,0.8693,0.9268,0.9268,0.7161,0.7161,0.8755,0.7304,0.9183,0.8313,0.9556,0.9051,0.7789,0.9627,1.0078,0.9419,0.9419,0.9517,0.9517,0.8604,0.6290,0.7937,0.7175,0.8719,0.8876,0.8692,0.8289,0.8170,0.8170,0.9777,0.9777,0.8842,0.8023,0.6422,0.6425,0.7278,0.7839,0.7839,0.7839,0.6744,0.9581,0.7962,0.8565,0.9098,0.6827,0.9095,0.6839,0.6803,0.8150,0.7871
  Max DD (P3),,,,split_detail,,"$5,010.00","$4,179.50","$4,179.50","$3,784.00","$7,343.00","$1,954.50","$5,059.00","$5,059.00","$5,059.00","$4,975.00","$4,807.50","$1,954.50","$1,954.50","$1,954.50","$1,954.50","$1,954.50","$1,954.50","$1,954.50","$1,954.50","$4,959.00","$6,366.50","$5,568.50","$6,770.00","$4,121.50","$6,820.00","$6,410.50","$6,410.50","$6,547.00","$7,206.00","$7,206.00","$7,238.00","$5,327.00","$5,327.00","$7,064.00","$7,064.00","$7,140.00","$7,131.00","$6,107.50","$6,733.00","$4,520.50","$6,065.00","$6,414.00","$5,532.00","$5,580.50","$4,844.50","$4,844.50","$7,212.50","$7,212.50","$8,031.00","$15,393.00","$7,770.50","$13,001.00","$7,939.50","$7,814.50","$8,711.00","$7,639.50","$8,466.00","$8,466.00","$4,884.50","$4,884.50","$6,625.00","$10,992.50","$15,964.00","$9,827.50","$11,670.00","$13,490.50","$13,490.50","$13,490.50","$15,263.50","$5,913.50","$8,909.00","$8,873.00","$6,986.00","$15,125.00","$7,108.00","$17,713.00","$17,880.00","$11,844.50","$9,328.00"
  Total PNL (P3),,,,split_detail,,"$-1,351.50","$2,145.00","$2,145.00","$5,208.00","$-3,641.50","$9,661.50",$-941.50,$-941.50,$-941.50,"$1,157.50","$-1,143.50","$8,104.50","$8,104.50","$8,104.50","$8,104.50","$8,104.50","$8,104.50","$8,104.50","$8,104.50","$4,862.50","$-5,062.50","$-2,103.00",$-303.00,"$4,138.50","$-4,916.00","$-4,673.50","$-4,673.50","$-3,111.50","$-6,545.50","$-6,545.50","$-3,105.00","$-2,198.50","$-2,198.50","$-6,403.50","$-6,403.50","$-2,936.50","$-7,176.50","$-2,334.00","$-5,928.00","$-1,089.00","$-2,566.50","$-6,158.00","$-1,217.50",$243.00,"$-1,707.00","$-1,707.00","$-1,470.50","$-1,470.50","$-4,531.50","$-12,944.00","$-5,913.00","$-9,849.50","$-5,045.50","$-4,359.50","$-4,026.00","$-4,141.00","$-6,062.50","$-6,062.50",$-812.00,$-812.00,"$-4,369.00","$-7,381.00","$-14,345.50","$-9,734.50","$-8,782.00","$-6,386.50","$-6,386.50","$-6,386.50","$-14,967.50","$-1,211.50","$-6,671.00","$-4,912.00","$-3,465.00","$-13,758.50","$-3,263.00","$-14,748.50","$-14,915.50","$-7,800.00","$-9,359.50"
  Avg Profit/Tr (P3),,,,split_detail,,$-22.16,$36.98,$36.98,$59.86,$-43.35,$185.80,$-15.19,$-15.19,$-15.19,$20.31,$-21.58,$168.84,$168.84,$168.84,$168.84,$168.84,$168.84,$168.84,$168.84,$59.30,$-87.28,$-38.24,$-4.73,$66.75,$-79.29,$-75.38,$-75.38,$-47.14,$-97.69,$-97.69,$-41.96,$-23.90,$-23.90,$-98.52,$-98.52,$-39.68,$-104.01,$-25.65,$-57.00,$-14.92,$-29.84,$-76.02,$-11.60,$2.45,$-19.40,$-19.40,$-17.10,$-17.10,$-49.80,$-132.08,$-70.39,$-88.73,$-47.60,$-40.74,$-42.38,$-53.78,$-66.62,$-66.62,$-6.88,$-6.88,$-33.87,$-61.00,$-121.57,$-139.06,$-85.26,$-65.84,$-65.84,$-65.84,$-111.70,$-11.54,$-61.77,$-44.65,$-26.25,$-109.19,$-26.31,$-106.87,$-108.08,$-55.32,$-73.70
  Span (min) (P3),,,,split_detail,,179.41,208.14,208.14,134.48,167.83,129.77,164.13,164.13,164.13,202.74,198.57,125.42,125.42,125.42,125.42,125.42,125.42,125.42,125.42,165.80,109.14,198.98,185.44,202.65,111.61,109.68,109.68,167.45,145.25,145.25,166.68,159.52,159.52,164.12,164.12,162.32,167.48,133.05,160.73,167.18,138.28,159.85,138.86,148.00,168.95,168.95,173.58,173.58,165.23,133.10,142.57,144.11,161.32,157.91,139.20,151.01,158.77,158.77,153.15,153.15,123.26,135.67,135.76,158.57,129.32,127.92,127.92,127.92,123.40,128.34,119.67,140.40,131.09,120.19,118.55,111.74,110.43,126.98,133.13
  Sortino (P5),,,,split_detail,,13.8312,13.4312,13.4312,3.4370,2.1319,2.0859,15.9243,15.9243,15.9243,11.9128,10.1670,1.6316,1.6316,1.6316,1.6316,1.6316,1.6316,1.6316,1.6316,2.1598,7.9649,11.7252,11.2779,10.3701,8.2965,9.1137,9.1137,12.8804,14.5423,14.5423,2.9971,4.3367,4.3367,11.6146,11.6146,2.9841,8.4257,5.8540,4.1583,5.5086,9.5069,8.9483,5.2301,3.0272,6.6180,6.6180,7.8012,7.8012,5.3986,8.6355,8.2710,5.4351,-0.1847,0.6038,6.9421,3.8752,5.4150,5.4150,1.5717,1.5717,1.8340,3.7366,6.8581,6.3932,8.4871,2.7098,2.7098,2.7098,6.1275,1.2516,-0.7511,2.0958,-0.4869,3.1082,-0.4209,2.2050,1.8867,-0.4505,1.0713
  Trades/D (P5),,,,split_detail,,0.372,0.360,0.360,0.677,0.537,0.354,0.378,0.378,0.378,0.390,0.378,0.341,0.341,0.341,0.341,0.341,0.341,0.341,0.341,0.634,0.268,0.348,0.445,0.366,0.293,0.293,0.293,0.463,0.463,0.463,0.482,0.585,0.585,0.451,0.451,0.482,0.506,0.628,0.671,0.555,0.543,0.567,0.652,0.683,0.561,0.561,0.579,0.579,0.549,0.427,0.573,0.598,0.738,0.750,0.567,0.579,0.549,0.549,0.799,0.799,0.817,0.799,0.604,0.512,0.518,0.488,0.488,0.488,0.616,0.854,0.835,0.848,0.835,0.689,0.927,0.720,0.744,0.872,0.756
  Profit Fac (P5),,,,split_detail,,2.0042,1.9799,1.9799,1.2215,1.2290,1.1393,1.9481,1.9481,1.9481,1.9204,1.7535,1.1008,1.1008,1.1008,1.1008,1.1008,1.1008,1.1008,1.1008,1.1598,1.8400,1.9361,1.9191,1.7384,1.8649,2.0323,2.0323,1.9849,1.9284,1.9284,1.3434,1.2964,1.2964,1.8648,1.8648,1.3395,1.5854,1.3738,1.2905,1.4188,1.5287,1.6015,1.3227,1.2026,1.4606,1.4606,1.5843,1.5843,1.3771,1.8422,1.6041,1.3990,0.9877,1.0415,1.4145,1.2781,1.3796,1.3796,1.1024,1.1024,1.1112,1.2154,1.6951,1.4719,1.6527,1.1753,1.1753,1.1753,1.5542,1.0695,0.9609,1.1345,0.9696,1.2948,0.9733,1.1876,1.1577,0.9713,1.0765
  Max DD (P5),,,,split_detail,,"$9,175.00","$9,559.00","$9,559.00","$14,878.00","$10,654.00","$5,395.50","$5,362.00","$5,362.00","$5,362.00","$9,411.50","$9,616.50","$5,395.50","$5,395.50","$5,395.50","$5,395.50","$5,395.50","$5,395.50","$5,395.50","$5,395.50","$20,749.50","$4,068.00","$10,672.50","$10,462.50","$9,806.50","$4,414.00","$4,470.50","$4,470.50","$9,621.00","$10,495.50","$10,495.50","$10,369.00","$13,462.00","$13,462.00","$9,621.00","$9,621.00","$10,369.00","$13,606.00","$13,924.00","$17,160.00","$12,544.00","$8,116.00","$10,030.50","$18,084.00","$17,832.50","$11,500.50","$11,500.50","$10,063.50","$10,063.50","$13,098.50","$5,854.50","$9,473.00","$11,617.00","$27,210.00","$28,323.00","$10,803.50","$15,164.50","$12,846.00","$12,846.00","$23,924.00","$23,924.00","$21,701.00","$23,752.50","$9,813.00","$11,566.50","$5,338.50","$10,152.50","$10,152.50","$10,152.50","$5,276.50","$21,255.50","$18,806.50","$20,499.50","$32,098.00","$10,298.50","$19,832.50","$10,300.50","$10,300.50","$27,826.50","$24,031.50"
  Total PNL (P5),,,,split_detail,,"$33,092.50","$32,808.50","$32,808.50","$12,382.00","$12,064.00","$4,133.00","$29,705.50","$29,705.50","$29,705.50","$31,962.00","$26,409.00","$2,956.50","$2,956.50","$2,956.50","$2,956.50","$2,956.50","$2,956.50","$2,956.50","$2,956.50","$9,866.00","$13,416.00","$30,302.50","$35,451.50","$26,321.50","$15,378.00","$16,995.50","$16,995.50","$38,822.00","$34,624.50","$34,624.50","$15,805.00","$17,409.50","$17,409.50","$34,085.50","$34,085.50","$15,670.00","$27,874.00","$21,596.00","$20,088.50","$21,911.50","$23,776.00","$28,877.50","$20,773.00","$13,890.00","$26,216.50","$26,216.50","$31,553.50","$31,553.50","$20,382.00","$23,954.50","$28,654.00","$19,903.50","$-1,014.00","$3,320.50","$20,700.00","$14,501.00","$20,480.00","$20,480.00","$8,664.00","$8,664.00","$8,745.00","$17,211.50","$29,558.00","$20,519.00","$24,994.50","$8,084.00","$8,084.00","$8,084.00","$24,059.50","$5,467.50","$-2,749.00","$11,260.50","$-2,413.00","$17,290.00","$-2,381.50","$11,655.50","$10,175.00","$-2,409.00","$5,700.00"
  Avg Profit/Tr (P5),,,,split_detail,,$542.50,$556.08,$556.08,$111.55,$137.09,$71.26,$479.12,$479.12,$479.12,$499.41,$425.95,$52.79,$52.79,$52.79,$52.79,$52.79,$52.79,$52.79,$52.79,$94.87,$304.91,$531.62,$485.64,$438.69,$320.37,$354.07,$354.07,$510.82,$455.59,$455.59,$200.06,$181.35,$181.35,$460.61,$460.61,$198.35,$335.83,$209.67,$182.62,$240.79,$267.15,$310.51,$194.14,$124.02,$284.96,$284.96,$332.14,$332.14,$226.47,$342.21,$304.83,$203.10,$-8.38,$27.00,$222.58,$152.64,$227.56,$227.56,$66.14,$66.14,$65.26,$131.39,$298.57,$244.27,$294.05,$101.05,$101.05,$101.05,$238.21,$39.05,$-20.07,$81.01,$-17.61,$153.01,$-15.67,$98.78,$83.40,$-16.85,$45.97
  Span (min) (P5),,,,split_detail,,195.15,209.90,209.90,127.24,174.84,119.97,172.65,172.65,172.65,203.81,201.68,112.00,112.00,112.00,112.00,112.00,112.00,112.00,112.00,154.96,131.59,216.00,196.93,206.60,129.17,126.46,126.46,187.58,169.89,169.89,178.63,174.00,174.00,187.46,187.46,177.57,179.71,154.60,175.96,166.68,150.34,170.71,164.97,163.29,195.91,195.91,195.66,195.66,175.07,181.20,161.87,161.76,168.60,164.59,150.71,167.49,174.40,174.40,163.88,163.88,144.00,157.65,163.27,173.29,166.87,162.90,162.90,162.90,148.75,134.83,114.39,152.37,139.53,154.19,124.42,142.78,137.11,142.49,143.13
  Sortino (P7),,,,split_detail,,0.6659,0.1553,0.1553,-4.3428,6.4931,3.6195,2.0925,2.0925,2.0925,-0.4867,1.5690,5.5829,5.5829,5.5829,5.5829,5.5829,5.5829,5.5829,5.5829,-4.0881,2.2347,2.7192,-1.8178,1.2228,3.0679,2.1241,2.1241,-1.9208,-1.0557,-1.0557,10.3999,-2.0524,-2.0524,-2.3601,-2.3601,10.7053,-0.7702,-4.4079,0.2606,-2.2512,0.0269,-1.4507,-2.7276,-1.0409,0.4626,0.4626,-2.7140,-2.7140,-1.8784,-1.7558,-0.2092,-0.9531,0.2422,-0.4772,-1.7784,1.4075,-1.9126,-1.9126,-2.5532,-2.5532,-2.1431,-3.0757,-0.7051,-0.4367,-3.1544,-2.7434,-2.7434,-2.5266,-1.9062,-5.0543,-4.7764,-3.5814,-3.6296,-0.3037,-4.0872,-0.9271,-0.6916,-2.1712,0.8395
  Trades/D (P7),,,,split_detail,,0.317,0.317,0.317,0.622,0.390,0.274,0.335,0.335,0.335,0.305,0.274,0.262,0.262,0.262,0.262,0.262,0.262,0.262,0.262,0.591,0.299,0.329,0.427,0.341,0.354,0.354,0.354,0.451,0.433,0.433,0.335,0.555,0.555,0.427,0.427,0.335,0.445,0.622,0.585,0.524,0.494,0.494,0.604,0.616,0.561,0.561,0.555,0.555,0.512,0.530,0.537,0.701,0.677,0.683,0.518,0.549,0.512,0.512,0.720,0.720,0.744,0.713,0.665,0.476,0.659,0.640,0.640,0.646,0.610,0.695,0.762,0.738,0.835,0.756,0.762,0.780,0.780,0.829,0.762
  Profit Fac (P7),,,,split_detail,,1.0390,1.0096,1.0096,0.7497,1.4836,1.3207,1.1143,1.1143,1.1143,0.9730,1.0943,1.5558,1.5558,1.5558,1.5558,1.5558,1.5558,1.5558,1.5558,0.7449,1.1566,1.1726,0.8878,1.0866,1.2402,1.1631,1.1631,0.8842,0.9373,0.9373,1.8249,0.8606,0.8606,0.8605,0.8605,1.8519,0.9524,0.7291,1.0199,0.8395,1.0017,0.9077,0.8059,0.9262,1.0342,1.0342,0.8113,0.8113,0.8568,0.8764,0.9860,0.9370,1.0187,0.9649,0.8719,1.0978,0.8564,0.8564,0.8260,0.8260,0.8577,0.7977,0.9457,0.9686,0.7677,0.8192,0.8192,0.8319,0.8662,0.7317,0.7282,0.7949,0.7277,0.9768,0.7529,0.9358,0.9521,0.8413,1.0777
  Max DD (P7),,,,split_detail,,"$6,537.00","$7,286.00","$7,286.00","$14,324.00","$7,028.00","$2,545.50","$5,672.00","$5,672.00","$5,672.00","$7,646.50","$6,030.50","$2,116.00","$2,116.00","$2,116.00","$2,116.00","$2,116.00","$2,116.00","$2,116.00","$2,116.00","$15,408.00","$5,067.00","$7,936.00","$10,724.00","$6,985.00","$4,851.50","$5,352.50","$5,352.50","$9,158.00","$7,598.00","$7,598.00","$5,867.00","$9,167.00","$9,167.00","$10,167.50","$10,167.50","$5,765.50","$8,265.00","$14,406.50","$7,076.50","$10,147.50","$5,891.50","$7,720.50","$11,177.00","$8,074.00","$6,374.00","$6,374.00","$10,682.00","$10,682.00","$10,619.50","$12,953.50","$10,470.50","$14,003.00","$9,334.00","$10,554.00","$9,471.50","$8,315.50","$10,646.50","$10,646.50","$12,012.00","$12,012.00","$11,581.00","$13,022.00","$13,638.50","$5,478.50","$15,522.50","$15,945.50","$15,945.50","$15,473.50","$12,878.00","$13,445.50","$13,462.00","$15,020.00","$19,631.00","$12,710.00","$16,027.50","$14,823.50","$14,074.00","$14,448.50","$8,940.50"
  Total PNL (P7),,,,split_detail,,$838.00,$211.50,$211.50,"$-10,086.50","$9,636.00","$4,236.00","$2,232.50","$2,232.50","$2,232.50",$-584.00,"$1,775.50","$6,352.00","$6,352.00","$6,352.00","$6,352.00","$6,352.00","$6,352.00","$6,352.00","$6,352.00","$-10,819.00","$2,216.50","$3,627.50","$-3,168.50","$1,862.50","$3,826.00","$2,605.00","$2,605.00","$-3,533.50","$-1,652.00","$-1,652.00","$12,755.50","$-4,643.00","$-4,643.00","$-4,062.50","$-4,062.50","$12,981.00","$-1,378.00","$-10,618.00",$666.50,"$-5,623.50",$45.00,"$-2,856.00","$-7,088.00","$-2,845.50","$1,088.50","$1,088.50","$-6,627.00","$-6,627.00","$-4,618.50","$-4,069.00",$-460.00,"$-2,394.50",$732.00,"$-1,436.00","$-3,790.00","$3,270.00","$-4,632.50","$-4,632.50","$-7,948.00","$-7,948.00","$-6,156.50","$-8,958.00","$-2,115.50",$-871.00,"$-9,716.00","$-6,720.00","$-6,720.00","$-6,248.00","$-5,251.50","$-10,680.50","$-11,151.00","$-10,296.00","$-13,751.50","$-1,036.50","$-11,575.50","$-2,922.50","$-2,173.00","$-7,824.00","$3,443.00"
  Avg Profit/Tr (P7),,,,split_detail,,$16.12,$4.07,$4.07,$-98.89,$150.56,$94.13,$40.59,$40.59,$40.59,$-11.68,$39.46,$147.72,$147.72,$147.72,$147.72,$147.72,$147.72,$147.72,$147.72,$-111.54,$45.23,$67.18,$-45.26,$33.26,$65.97,$44.91,$44.91,$-47.75,$-23.27,$-23.27,$231.92,$-51.02,$-51.02,$-58.04,$-58.04,$236.02,$-18.88,$-104.10,$6.94,$-65.39,$0.56,$-35.26,$-71.60,$-28.17,$11.83,$11.83,$-72.82,$-72.82,$-54.98,$-46.77,$-5.23,$-20.82,$6.59,$-12.82,$-44.59,$36.33,$-55.15,$-55.15,$-67.36,$-67.36,$-50.46,$-76.56,$-19.41,$-11.17,$-89.96,$-64.00,$-64.00,$-58.94,$-52.51,$-93.69,$-89.21,$-85.09,$-100.38,$-8.36,$-92.60,$-22.83,$-16.98,$-57.53,$27.54
  Span (min) (P7),,,,split_detail,,167.77,176.31,176.31,128.00,166.25,129.89,148.80,148.80,148.80,180.72,186.67,129.42,129.42,129.42,129.42,129.42,129.42,129.42,129.42,154.89,123.06,188.67,159.43,179.14,118.62,119.14,119.14,151.30,146.37,146.37,167.75,148.88,148.88,157.71,157.71,166.98,147.29,130.59,145.75,148.74,135.26,147.85,130.06,149.70,155.48,155.48,141.49,141.49,147.00,129.93,141.27,130.02,144.65,139.18,132.28,151.20,145.86,145.86,145.12,145.12,122.26,132.51,135.85,146.31,115.44,129.14,129.14,129.40,131.16,118.00,102.34,137.16,118.34,140.81,112.90,128.06,130.31,120.44,135.17
  Sortino (P9),,,,split_detail,,10.9756,9.3036,9.3036,4.1327,7.0668,-5.5515,7.3375,7.3375,7.3375,6.3043,6.9459,-4.5492,-4.5492,-4.5492,-4.5492,-4.5492,-4.5492,-4.5492,-4.5492,6.4410,-5.0552,7.5654,5.5939,7.5322,-1.3328,-0.5528,-0.5528,7.0603,3.8222,3.8222,4.8203,2.0927,2.0927,8.1741,8.1741,4.1425,9.6977,4.7514,2.9915,7.9413,3.9267,6.7261,1.2686,2.0844,4.6887,4.6887,5.1451,5.1451,6.1934,1.5855,2.8226,1.4152,0.2912,0.5687,4.5646,4.0309,6.0941,6.0941,2.2784,2.2784,0.3137,1.1906,-1.5470,4.5877,0.1926,2.9505,2.9505,2.6832,-3.6960,-3.1509,-4.3150,0.1841,1.0367,2.5821,-0.5829,0.8085,1.1453,-1.3527,-1.4657
  Trades/D (P9),,,,split_detail,,0.378,0.378,0.378,0.628,0.433,0.311,0.378,0.378,0.378,0.378,0.372,0.299,0.299,0.299,0.299,0.299,0.299,0.299,0.299,0.622,0.274,0.445,0.494,0.402,0.287,0.293,0.293,0.494,0.494,0.494,0.372,0.628,0.628,0.482,0.482,0.378,0.524,0.628,0.604,0.555,0.537,0.530,0.640,0.707,0.518,0.518,0.537,0.537,0.549,0.555,0.573,0.720,0.665,0.665,0.549,0.634,0.549,0.549,0.713,0.713,0.750,0.744,0.780,0.524,0.750,0.713,0.713,0.720,0.774,0.823,0.780,0.793,0.799,0.713,0.890,0.762,0.787,0.902,0.835
  Profit Fac (P9),,,,split_detail,,1.8990,1.6986,1.6986,1.2984,1.5455,0.6010,1.5419,1.5419,1.5419,1.4428,1.4760,0.6771,0.6771,0.6771,0.6771,0.6771,0.6771,0.6771,0.6771,1.4715,0.7288,1.5491,1.3940,1.5695,0.9115,0.9677,0.9677,1.5157,1.2697,1.2697,1.3341,1.1458,1.1458,1.6258,1.6258,1.3020,1.7150,1.3398,1.2210,1.5980,1.2982,1.5163,1.0914,1.1556,1.3459,1.3459,1.3505,1.3505,1.4570,1.1096,1.2331,1.0882,1.0190,1.0383,1.3428,1.3021,1.4472,1.4472,1.1509,1.1509,1.0211,1.0801,0.9043,1.3305,1.0125,1.1944,1.1944,1.1743,0.7987,0.7976,0.7243,1.0134,1.0717,1.1743,0.9596,1.0475,1.0667,0.9156,0.8949
  Max DD (P9),,,,split_detail,,"$4,832.00","$6,369.50","$6,369.50","$8,072.00","$3,584.00","$8,054.00","$5,565.00","$5,565.00","$5,565.00","$8,954.50","$8,124.00","$5,857.50","$5,857.50","$5,857.50","$5,857.50","$5,857.50","$5,857.50","$5,857.50","$5,857.50","$8,877.50","$7,871.00","$7,874.00","$9,918.00","$6,234.00","$9,156.00","$7,748.00","$7,748.00","$6,958.50","$8,044.50","$8,044.50","$5,501.00","$10,706.50","$10,706.50","$5,985.00","$5,985.00","$7,031.00","$6,231.00","$8,859.00","$10,286.00","$8,531.00","$7,880.00","$7,954.00","$9,204.00","$11,418.50","$5,908.00","$5,908.00","$7,315.50","$7,315.50","$10,547.00","$9,041.00","$9,927.00","$12,383.50","$10,464.00","$10,187.50","$8,126.00","$9,157.00","$10,245.50","$10,245.50","$13,145.50","$13,145.50","$12,064.50","$13,903.50","$19,244.00","$8,370.00","$9,530.00","$10,971.50","$10,971.50","$11,802.00","$21,371.50","$20,590.00","$21,086.50","$13,242.50","$13,404.50","$11,949.50","$10,362.50","$14,571.50","$13,984.00","$18,091.00","$15,424.50"
  Total PNL (P9),,,,split_detail,,"$15,639.00","$13,586.00","$13,586.00","$10,794.00","$14,574.50","$-7,794.00","$9,866.50","$9,866.50","$9,866.50","$10,022.00","$10,530.50","$-5,597.50","$-5,597.50","$-5,597.50","$-5,597.50","$-5,597.50","$-5,597.50","$-5,597.50","$-5,597.50","$17,304.50","$-5,983.50","$12,081.50","$10,664.50","$12,465.50","$-2,047.00",$-705.00,$-705.00,"$13,037.50","$7,274.00","$7,274.00","$8,507.50","$5,673.00","$5,673.00","$14,750.50","$14,750.50","$7,624.50","$18,986.50","$12,470.50","$8,292.00","$18,557.00","$9,041.50","$15,185.50","$3,829.00","$7,218.00","$11,372.50","$11,372.50","$12,282.50","$12,282.50","$14,664.00","$4,307.50","$7,616.50","$4,488.50",$878.00,"$1,736.50","$10,774.00","$12,306.50","$14,446.00","$14,446.00","$7,137.00","$7,137.00","$1,008.50","$3,838.50","$-5,381.50","$10,641.00",$655.50,"$9,401.50","$9,401.50","$8,571.00","$-12,538.50","$-11,103.50","$-13,715.50",$711.50,"$3,676.00","$8,486.50","$-2,293.00","$2,562.00","$3,676.50","$-5,368.50","$-6,332.50"
  Avg Profit/Tr (P9),,,,split_detail,,$252.24,$219.13,$219.13,$104.80,$205.27,$-152.82,$159.14,$159.14,$159.14,$161.65,$172.63,$-114.23,$-114.23,$-114.23,$-114.23,$-114.23,$-114.23,$-114.23,$-114.23,$169.65,$-132.97,$165.50,$131.66,$188.87,$-43.55,$-14.69,$-14.69,$160.96,$89.80,$89.80,$139.47,$55.08,$55.08,$186.72,$186.72,$122.98,$220.77,$121.07,$83.76,$203.92,$102.74,$174.55,$36.47,$62.22,$133.79,$133.79,$139.57,$139.57,$162.93,$47.34,$81.03,$38.04,$8.06,$15.93,$119.71,$118.33,$160.51,$160.51,$61.00,$61.00,$8.20,$31.46,$-42.04,$123.73,$5.33,$80.35,$80.35,$72.64,$-98.73,$-82.25,$-107.15,$5.47,$28.06,$72.53,$-15.71,$20.50,$28.50,$-36.27,$-46.22
  Span (min) (P9),,,,split_detail,,144.39,156.00,156.00,140.97,181.61,119.14,126.39,126.39,126.39,146.90,149.31,115.00,115.00,115.00,115.00,115.00,115.00,115.00,115.00,169.18,134.00,152.71,173.19,159.27,149.57,146.67,146.67,163.11,144.74,144.74,185.67,167.18,167.18,162.84,162.84,180.65,167.02,152.27,162.55,166.68,147.00,170.90,154.17,150.83,179.44,179.44,192.55,192.55,174.67,134.11,148.47,136.17,173.28,170.53,149.20,156.81,170.80,170.80,165.74,165.74,136.49,150.10,127.12,163.53,136.68,122.46,122.46,121.93,131.15,119.47,101.62,140.77,137.77,139.08,118.11,124.32,124.93,135.49,134.80
  Sortino (P11),,,,split_detail,,-2.7161,-1.7545,-1.7545,0.9736,8.3855,1.4018,-4.0041,-4.0041,-4.0041,-0.8110,-0.4112,1.7887,1.7887,1.7887,1.7887,1.7887,1.7887,1.7887,1.7887,1.2315,0.2113,-0.5068,-0.2471,-0.6943,-0.9349,-2.0914,-2.0914,-1.6590,-1.3660,-1.3660,10.8289,-0.7482,-0.7482,-1.7377,-1.7377,10.7408,-0.4769,-1.5023,-1.3212,1.0057,-1.2894,-0.4938,-1.6381,-0.2205,-2.0555,-2.0555,-1.9090,-1.9090,-0.9878,1.9909,-0.3399,1.0602,0.5284,0.5636,-1.7939,-0.8304,-1.1802,-1.1802,0.5502,0.5502,0.4679,-0.3311,2.7470,-0.1921,1.1238,2.8066,2.8066,2.5147,5.5762,-0.6803,1.5241,-2.0291,-0.0575,-0.2348,-0.5898,0.5433,0.8253,1.3363,-0.4624
  Trades/D (P11),,,,split_detail,,0.411,0.399,0.399,0.626,0.491,0.319,0.417,0.417,0.417,0.374,0.356,0.307,0.307,0.307,0.307,0.307,0.307,0.307,0.307,0.589,0.307,0.417,0.460,0.417,0.307,0.319,0.319,0.479,0.466,0.466,0.442,0.583,0.583,0.466,0.466,0.442,0.509,0.626,0.558,0.528,0.540,0.552,0.626,0.687,0.515,0.515,0.564,0.564,0.528,0.546,0.589,0.730,0.626,0.626,0.552,0.589,0.540,0.540,0.681,0.681,0.681,0.675,0.681,0.491,0.644,0.601,0.601,0.607,0.712,0.755,0.785,0.718,0.748,0.712,0.761,0.724,0.724,0.748,0.810
  Profit Fac (P11),,,,split_detail,,0.8333,0.8815,0.8815,1.0781,1.5295,1.1065,0.7604,0.7604,0.7604,0.9464,0.9718,1.1342,1.1342,1.1342,1.1342,1.1342,1.1342,1.1342,1.1342,1.0976,1.0204,0.9656,0.9800,0.9522,0.9141,0.8001,0.8001,0.8791,0.8997,0.8997,1.7218,0.9446,0.9446,0.8744,0.8744,1.7180,0.9636,0.8893,0.8948,1.0828,0.9006,0.9606,0.8844,0.9830,0.8422,0.8422,0.8511,0.8511,0.9259,1.1457,0.9738,1.0743,1.0431,1.0452,0.8686,0.9378,0.9132,0.9132,1.0457,1.0457,1.0355,0.9736,1.1838,0.9841,1.0795,1.2512,1.2512,1.2198,1.5164,0.9526,1.1293,0.8449,0.9954,0.9846,0.9483,1.0395,1.0599,1.1042,0.9567
  Max DD (P11),,,,split_detail,,"$10,758.00","$8,900.00","$8,900.00","$14,302.00","$14,980.50","$10,555.50","$11,767.50","$11,767.50","$11,767.50","$7,969.50","$7,112.00","$10,038.00","$10,038.00","$10,038.00","$10,038.00","$10,038.00","$10,038.00","$10,038.00","$10,038.00","$12,131.00","$6,817.50","$8,399.50","$9,947.00","$11,348.50","$13,105.50","$11,748.00","$11,748.00","$14,202.50","$12,714.00","$12,714.00","$11,040.50","$12,612.00","$12,612.00","$13,725.00","$13,725.00","$11,104.00","$12,647.50","$13,908.00","$15,955.00","$8,669.00","$11,316.50","$11,449.00","$15,086.00","$13,432.00","$15,822.00","$15,822.00","$14,776.00","$14,776.00","$10,920.50","$15,087.00","$15,068.50","$19,252.00","$15,426.50","$13,908.50","$11,948.00","$11,626.00","$11,899.50","$11,899.50","$22,690.50","$22,690.50","$20,845.50","$23,312.50","$14,342.00","$10,718.50","$17,501.00","$14,286.00","$14,286.00","$15,270.50","$10,165.50","$18,704.00","$15,902.50","$22,069.00","$19,503.50","$28,494.50","$17,170.00","$25,222.50","$25,222.50","$19,376.50","$21,759.50"
  Total PNL (P11),,,,split_detail,,"$-5,792.00","$-4,148.50","$-4,148.50","$3,537.00","$18,987.50","$2,258.50","$-8,674.00","$-8,674.00","$-8,674.00","$-1,757.50",$-900.00,"$2,776.00","$2,776.00","$2,776.00","$2,776.00","$2,776.00","$2,776.00","$2,776.00","$2,776.00","$4,523.50",$440.50,"$-1,215.50",$-767.00,"$-1,702.00","$-2,483.50","$-5,778.00","$-5,778.00","$-4,939.50","$-3,909.00","$-3,909.00","$20,858.00","$-2,589.00","$-2,589.00","$-5,073.00","$-5,073.00","$20,794.50","$-1,485.00","$-5,163.50","$-4,602.50","$3,332.00","$-4,265.50","$-1,680.00","$-5,853.00",$-941.00,"$-6,881.50","$-6,881.50","$-6,887.00","$-6,887.00","$-3,223.50","$5,710.00","$-1,231.00","$3,937.50","$2,071.00","$2,165.50","$-5,882.00","$-3,187.50","$-3,863.00","$-3,863.00","$2,511.50","$2,511.50","$1,864.50","$-1,425.50","$9,010.00",$-622.00,"$3,801.00","$9,601.00","$9,601.00","$8,616.50","$24,040.50","$-2,682.50","$6,736.50","$-9,037.00",$-254.00,$-909.00,"$-2,717.00","$2,188.00","$3,323.50","$5,712.50","$-2,722.00"
  Avg Profit/Tr (P11),,,,split_detail,,$-86.45,$-63.82,$-63.82,$34.68,$237.34,$43.43,$-127.56,$-127.56,$-127.56,$-28.81,$-15.52,$55.52,$55.52,$55.52,$55.52,$55.52,$55.52,$55.52,$55.52,$47.12,$8.81,$-17.87,$-10.23,$-25.03,$-49.67,$-111.12,$-111.12,$-63.33,$-51.43,$-51.43,$289.69,$-27.25,$-27.25,$-66.75,$-66.75,$288.81,$-17.89,$-50.62,$-50.58,$38.74,$-48.47,$-18.67,$-57.38,$-8.40,$-81.92,$-81.92,$-74.86,$-74.86,$-37.48,$64.16,$-12.82,$33.09,$20.30,$21.23,$-65.36,$-33.20,$-43.90,$-43.90,$22.63,$22.63,$16.80,$-12.96,$81.17,$-7.77,$36.20,$97.97,$97.97,$87.04,$207.25,$-21.81,$52.63,$-77.24,$-2.08,$-7.84,$-21.91,$18.54,$28.17,$46.82,$-20.62
  Span (min) (P11),,,,split_detail,,162.27,177.42,177.42,182.94,176.22,134.62,155.47,155.47,155.47,181.57,187.03,138.18,138.18,138.18,138.18,138.18,138.18,138.18,138.18,168.75,131.20,185.65,182.56,178.41,134.00,137.88,137.88,165.08,165.63,165.63,177.72,163.71,163.71,171.79,171.79,175.39,161.06,185.06,160.48,169.26,152.45,164.80,149.41,166.93,174.57,174.57,164.22,164.22,164.51,147.78,194.62,140.17,162.35,159.76,150.00,162.88,159.41,159.41,164.11,164.11,148.11,152.18,144.11,160.35,147.31,154.41,154.41,153.45,128.28,176.39,122.25,186.36,143.02,139.66,172.84,130.58,131.29,150.79,155.64
--- PER-SPLIT DETAIL (Out-of-Sample) ---,,,,,,,,,,,,,,,,,,,,,,,,,,,,,,,,,,,,,,,,,,,,,,,,,,,,,,,,,,,,,,,,,,,,,,,,,,,,,,,,,,,,
  Sortino (P2),,,,split_detail,,8.6528,6.6007,6.6007,-0.8350,-4.0179,-3.7819,6.3862,6.3862,6.3862,4.6552,5.4373,-5.4845,-5.4845,-5.4845,-5.4845,-5.4845,-5.4845,-5.4845,-5.4845,-1.0347,-6.7780,3.8687,4.2328,4.7812,-4.3014,-5.7094,-5.7094,3.5722,1.4428,1.4428,-3.9065,-1.2681,-1.2681,0.2468,0.2468,-3.8302,1.7557,2.0417,-3.6243,1.6375,-1.0563,-0.4685,1.4468,-1.1588,-5.0459,-5.0459,-1.1785,-1.1785,1.5706,2.4477,2.3943,1.8556,-1.0192,-0.8992,-0.5462,0.8748,2.0270,2.0270,-3.8462,-3.8462,-3.8301,-3.3140,-1.0175,3.7521,-4.0851,-2.7135,-2.7135,-2.8398,-2.8312,-1.5063,-1.8556,-3.2628,-3.3817,-0.6868,-4.5043,-1.4450,-1.7986,-2.7369,-2.6612
  Trades/D (P2),,,,split_detail,,0.319,0.319,0.319,0.669,0.434,0.331,0.319,0.319,0.319,0.331,0.313,0.307,0.307,0.307,0.307,0.307,0.307,0.307,0.307,0.645,0.373,0.343,0.482,0.337,0.392,0.392,0.392,0.500,0.470,0.470,0.416,0.572,0.572,0.470,0.470,0.416,0.536,0.608,0.681,0.566,0.554,0.566,0.645,0.693,0.542,0.542,0.596,0.596,0.578,0.554,0.614,0.639,0.705,0.705,0.584,0.614,0.578,0.578,0.747,0.747,0.783,0.747,0.681,0.512,0.596,0.584,0.584,0.590,0.729,0.765,0.729,0.771,0.783,0.735,0.873,0.753,0.747,0.819,0.789
  Profit Fac (P2),,,,split_detail,,1.3929,1.3466,1.3466,0.9512,0.7361,0.8044,1.2718,1.2718,1.2718,1.2257,1.2708,0.7173,0.7173,0.7173,0.7173,0.7173,0.7173,0.7173,0.7173,0.9332,0.5573,1.2391,1.2698,1.2744,0.6461,0.5890,0.5890,1.2405,1.0941,1.0941,0.7506,0.9284,0.9284,1.0157,1.0157,0.7683,1.1185,1.1329,0.7465,1.1043,0.9500,0.9742,1.0832,0.9161,0.7174,0.7174,0.9299,0.9299,1.0878,1.1651,1.1509,1.1462,0.9344,0.9413,0.9745,1.0520,1.1128,1.1128,0.7542,0.7542,0.7743,0.7940,0.9244,1.2189,0.7628,0.8107,0.8107,0.8028,0.8059,0.9186,0.9001,0.7839,0.8014,0.9473,0.6887,0.8972,0.8730,0.8365,0.8274
  Max DD (P2),,,,split_detail,,"$4,786.00","$4,193.50","$4,193.50","$6,976.00","$11,969.50","$5,685.50","$6,832.00","$6,832.00","$6,832.00","$5,309.50","$5,087.50","$5,820.00","$5,820.00","$5,820.00","$5,820.00","$5,820.00","$5,820.00","$5,820.00","$5,820.00","$9,363.50","$12,056.50","$4,869.00","$5,802.00","$4,193.50","$10,198.00","$11,931.50","$11,931.50","$5,126.00","$4,948.00","$4,948.00","$11,753.00","$7,244.00","$7,244.00","$5,407.00","$5,407.00","$11,126.00","$5,629.00","$5,505.50","$11,475.50","$5,534.50","$6,673.00","$5,615.00","$5,628.00","$9,352.50","$10,599.00","$10,599.00","$6,551.50","$6,551.50","$5,000.50","$4,996.00","$5,831.00","$4,456.50","$6,491.50","$6,159.50","$7,446.50","$9,156.00","$4,792.50","$4,792.50","$13,501.00","$13,501.00","$12,239.50","$11,111.00","$11,027.00","$5,659.50","$13,294.00","$13,554.00","$13,554.00","$13,904.50","$15,473.50","$9,765.00","$7,660.50","$10,645.50","$11,261.00","$11,288.50","$16,726.50","$13,002.50","$14,074.00","$8,210.00","$14,301.50"
  Total PNL (P2),,,,split_detail,,"$6,275.00","$5,824.00","$5,824.00","$-1,585.00","$-7,935.00","$-3,116.50","$4,396.00","$4,396.00","$4,396.00","$4,108.50","$4,674.00","$-4,201.50","$-4,201.50","$-4,201.50","$-4,201.50","$-4,201.50","$-4,201.50","$-4,201.50","$-4,201.50","$-2,355.50","$-10,459.00","$4,534.50","$6,244.00","$4,960.00","$-7,876.50","$-9,610.00","$-9,610.00","$5,705.50","$2,063.50","$2,063.50","$-7,356.50","$-2,243.00","$-2,243.00",$370.00,$370.00,"$-6,674.00","$3,181.50","$3,901.50","$-10,972.00","$3,068.50","$-1,404.00",$-740.50,"$2,527.00","$-3,453.50","$-9,057.50","$-9,057.50","$-2,332.00","$-2,332.00","$2,600.50","$5,144.00","$4,630.00","$5,388.50","$-2,648.50","$-2,352.50",$-749.50,"$1,777.00","$3,267.50","$3,267.50","$-11,234.00","$-11,234.00","$-9,903.00","$-8,844.00","$-3,109.50","$5,787.00","$-9,590.00","$-6,718.00","$-6,718.00","$-7,068.50","$-9,030.50","$-3,214.00","$-3,559.50","$-10,277.00","$-9,150.50","$-2,360.00","$-15,667.50","$-4,565.00","$-5,636.50","$-7,755.50","$-8,899.00"
  Avg Profit/Tr (P2),,,,split_detail,,$118.40,$109.89,$109.89,$-14.28,$-110.21,$-56.66,$82.94,$82.94,$82.94,$74.70,$89.88,$-82.38,$-82.38,$-82.38,$-82.38,$-82.38,$-82.38,$-82.38,$-82.38,$-22.01,$-168.69,$79.55,$78.05,$88.57,$-121.18,$-147.85,$-147.85,$68.74,$26.46,$26.46,$-106.62,$-23.61,$-23.61,$4.74,$4.74,$-96.72,$35.75,$38.63,$-97.10,$32.64,$-15.26,$-7.88,$23.62,$-30.03,$-100.64,$-100.64,$-23.56,$-23.56,$27.09,$55.91,$45.39,$50.83,$-22.64,$-20.11,$-7.73,$17.42,$34.04,$34.04,$-90.60,$-90.60,$-76.18,$-71.32,$-27.52,$68.08,$-96.87,$-69.26,$-69.26,$-72.13,$-74.63,$-25.31,$-29.42,$-80.29,$-70.39,$-19.34,$-108.05,$-36.52,$-45.46,$-57.03,$-67.93
  Span (min) (P2),,,,split_detail,,292.53,312.91,312.91,201.73,161.39,209.49,279.85,279.85,279.85,304.15,312.00,211.78,211.78,211.78,211.78,211.78,211.78,211.78,211.78,229.79,123.06,282.53,243.75,305.14,134.62,130.77,130.77,233.06,221.85,221.85,158.67,232.17,232.17,229.54,229.54,158.26,223.96,220.75,213.98,237.19,211.96,221.36,209.05,178.12,233.87,233.87,230.06,230.06,231.75,150.52,179.88,182.83,196.21,194.77,206.85,181.88,230.62,230.62,195.97,195.97,170.77,184.35,170.97,145.41,151.15,158.10,158.10,156.73,132.69,185.39,138.35,190.12,169.57,173.70,144.58,165.31,163.65,160.94,133.56
  Sortino (P4),,,,split_detail,,-1.2516,-1.9109,-1.9109,-7.4725,0.1701,2.8941,-4.3902,-4.3902,-4.3902,-4.4819,-7.3689,1.0728,1.0728,1.0728,1.0728,1.0728,1.0728,1.0728,1.0728,-4.0027,-1.6061,-7.8712,-9.1865,-0.3507,0.0454,0.8957,0.8957,-8.6545,-11.3196,-11.3196,-0.5334,1.3095,1.3095,-8.3861,-8.3861,-0.3976,-5.4527,-0.1929,0.4134,-3.3542,-7.7730,-3.5403,0.3047,-1.2783,1.7758,1.7758,-3.4042,-3.4042,-2.4690,4.1661,-0.9834,1.8827,-1.2050,-1.0448,-7.2087,-1.1473,-1.9426,-1.9426,-3.1355,-3.1355,-4.1787,-2.9258,0.7800,-1.3927,-0.2394,-0.6451,-0.6451,-0.6451,0.3131,3.0291,2.2741,-0.1591,-2.0999,-1.1544,-0.5204,-1.1867,-1.3841,-1.7422,0.2418
  Trades/D (P4),,,,split_detail,,0.288,0.282,0.282,0.509,0.423,0.239,0.294,0.294,0.294,0.294,0.288,0.227,0.227,0.227,0.227,0.227,0.227,0.227,0.227,0.503,0.288,0.301,0.393,0.331,0.319,0.325,0.325,0.399,0.387,0.387,0.387,0.534,0.534,0.387,0.387,0.387,0.454,0.589,0.620,0.479,0.479,0.436,0.595,0.644,0.485,0.485,0.479,0.479,0.472,0.521,0.546,0.626,0.644,0.656,0.485,0.540,0.472,0.472,0.681,0.681,0.730,0.699,0.632,0.454,0.595,0.644,0.644,0.644,0.706,0.663,0.650,0.669,0.804,0.730,0.736,0.755,0.755,0.840,0.730
  Profit Fac (P4),,,,split_detail,,0.9221,0.8850,0.8850,0.5409,1.0146,1.1925,0.7317,0.7317,0.7317,0.7458,0.5878,1.0681,1.0681,1.0681,1.0681,1.0681,1.0681,1.0681,1.0681,0.7448,0.8236,0.5527,0.4872,0.9779,1.0060,1.1079,1.1079,0.5096,0.4110,0.4110,0.9560,1.0917,1.0917,0.5232,0.5232,0.9675,0.6448,0.9872,1.0301,0.7817,0.5703,0.7734,1.0201,0.9024,1.1254,1.1254,0.7755,0.7755,0.8440,1.3319,0.9350,1.1772,0.9124,0.9242,0.5964,0.9188,0.8704,0.8704,0.7842,0.7842,0.7215,0.7994,1.0733,0.9071,0.9794,0.9508,0.9508,0.9508,1.0316,1.2767,1.1833,0.9882,0.8528,0.8877,0.9595,0.8912,0.8765,0.8826,1.0208
  Max DD (P4),,,,split_detail,,"$9,089.00","$9,479.00","$9,479.00","$20,368.00","$9,257.00","$5,152.00","$11,298.00","$11,298.00","$11,298.00","$11,899.00","$12,067.00","$5,152.00","$5,152.00","$5,152.00","$5,152.00","$5,152.00","$5,152.00","$5,152.00","$5,152.00","$16,424.00","$6,340.50","$14,812.00","$19,956.50","$9,339.50","$3,670.50","$3,921.00","$3,921.00","$18,421.00","$20,858.50","$20,858.50","$8,673.50","$11,199.00","$11,199.00","$17,865.50","$17,865.50","$8,337.00","$14,983.00","$13,236.50","$10,640.50","$12,467.50","$19,117.00","$14,337.50","$12,462.50","$11,475.00","$11,879.50","$11,879.50","$17,892.00","$17,892.00","$12,609.50","$4,347.00","$8,889.00","$8,791.00","$14,759.00","$14,121.00","$18,201.50","$10,120.00","$11,300.00","$11,300.00","$18,739.50","$18,739.50","$21,659.00","$14,367.00","$11,355.00","$9,562.00","$11,476.50","$7,372.50","$7,372.50","$7,372.50","$12,835.50","$5,383.00","$7,149.00","$11,729.50","$21,595.50","$8,274.50","$10,272.00","$8,337.50","$9,172.00","$21,238.50","$8,558.50"
  Total PNL (P4),,,,split_detail,,"$-1,785.00","$-2,746.00","$-2,746.00","$-18,328.00",$429.50,"$2,674.00","$-6,086.50","$-6,086.50","$-6,086.50","$-6,084.50","$-9,935.00",$944.00,$944.00,$944.00,$944.00,$944.00,$944.00,$944.00,$944.00,"$-10,323.50","$-2,623.50","$-12,390.50","$-17,888.50",$-611.00,$81.50,"$1,617.00","$1,617.00","$-16,353.00","$-18,268.50","$-18,268.50","$-1,238.00","$3,678.50","$3,678.50","$-15,275.50","$-15,275.50",$-901.50,"$-11,965.00",$-541.50,"$1,240.50","$-7,936.00","$-15,081.00","$-7,501.00",$861.50,"$-4,400.50","$4,487.00","$4,487.00","$-9,108.00","$-9,108.00","$-5,445.50","$10,202.00","$-2,315.00","$7,015.00","$-4,358.50","$-3,720.50","$-14,165.50","$-3,095.50","$-4,388.50","$-4,388.50","$-11,587.50","$-11,587.50","$-16,250.00","$-11,240.50","$2,981.50","$-2,888.00",$-845.50,"$-1,924.50","$-1,924.50","$-1,924.50","$1,368.50","$9,369.50","$5,920.00",$-561.00,"$-8,259.50","$-5,593.00","$-1,827.50","$-5,403.00","$-6,237.50","$-6,837.50",$997.00
  Avg Profit/Tr (P4),,,,split_detail,,$-37.98,$-59.70,$-59.70,$-220.82,$6.22,$68.56,$-126.80,$-126.80,$-126.80,$-126.76,$-211.38,$25.51,$25.51,$25.51,$25.51,$25.51,$25.51,$25.51,$25.51,$-125.90,$-55.82,$-252.87,$-279.51,$-11.31,$1.57,$30.51,$30.51,$-251.58,$-289.98,$-289.98,$-19.65,$42.28,$42.28,$-242.47,$-242.47,$-14.31,$-161.69,$-5.64,$12.28,$-101.74,$-193.35,$-105.65,$8.88,$-41.91,$56.80,$56.80,$-116.77,$-116.77,$-70.72,$120.02,$-26.01,$68.77,$-41.51,$-34.77,$-179.31,$-35.18,$-56.99,$-56.99,$-104.39,$-104.39,$-136.55,$-98.60,$28.95,$-39.03,$-8.72,$-18.33,$-18.33,$-18.33,$11.90,$86.75,$55.85,$-5.15,$-63.05,$-47.00,$-15.23,$-43.93,$-50.71,$-49.91,$8.38
  Span (min) (P4),,,,split_detail,,164.17,182.87,182.87,121.45,194.58,146.10,127.50,127.50,127.50,183.25,181.53,140.00,140.00,140.00,140.00,140.00,140.00,140.00,140.00,150.88,144.04,185.14,165.19,179.78,148.46,144.15,144.15,149.72,139.43,139.43,199.11,151.03,151.03,152.95,152.95,197.11,150.16,141.25,151.96,158.62,116.77,143.32,141.40,157.94,165.57,165.57,159.69,159.69,153.35,141.18,144.67,130.35,160.11,153.08,115.75,158.32,149.92,149.92,158.16,158.16,135.13,148.63,145.17,147.41,140.91,136.11,136.11,136.11,128.97,132.11,124.64,146.31,131.36,151.46,124.50,131.51,130.44,128.76,138.35
  Sortino (P6),,,,split_detail,,-0.5017,-1.6242,-1.6242,-8.7378,-4.0516,-3.9036,-0.6450,-0.6450,-0.6450,-1.9477,-0.9873,-2.7852,-2.7852,-2.7852,-2.7852,-2.7852,-2.7852,-2.7852,-2.7852,-6.7955,-3.6169,-1.1337,-1.8925,-2.1119,-0.4398,-2.4461,-2.4461,-3.4589,-3.6720,-3.6720,-5.3256,-1.4440,-1.4440,-2.3084,-2.3084,-6.7406,-3.0439,-3.9013,1.4919,-1.6734,-2.5542,-1.6591,-3.1653,-5.5048,0.8773,0.8773,-3.4612,-3.4612,-1.0843,-0.8816,-5.4077,-0.7902,-1.5912,-1.4790,-2.1771,-4.5760,-2.1720,-2.1720,-4.6926,-4.6926,-4.8936,-2.5849,2.5669,-5.6661,1.9142,-2.1638,-2.1638,-1.7511,-2.6280,-5.8583,-3.8387,-3.8898,-5.7587,-1.3994,-3.5980,-1.7197,-1.8818,-4.4505,-0.9286
  Trades/D (P6),,,,split_detail,,0.293,0.280,0.280,0.530,0.439,0.305,0.299,0.299,0.299,0.287,0.268,0.287,0.287,0.287,0.287,0.287,0.287,0.287,0.287,0.500,0.280,0.299,0.396,0.293,0.329,0.329,0.329,0.415,0.396,0.396,0.402,0.506,0.506,0.390,0.390,0.409,0.439,0.530,0.543,0.457,0.488,0.482,0.579,0.500,0.457,0.457,0.524,0.524,0.500,0.451,0.457,0.659,0.616,0.616,0.518,0.482,0.512,0.512,0.677,0.677,0.707,0.713,0.640,0.390,0.573,0.482,0.482,0.500,0.665,0.713,0.768,0.610,0.774,0.701,0.628,0.744,0.744,0.780,0.768
  Profit Fac (P6),,,,split_detail,,0.9774,0.9132,0.9132,0.4924,0.7826,0.7641,0.9647,0.9647,0.9647,0.8913,0.9428,0.8254,0.8254,0.8254,0.8254,0.8254,0.8254,0.8254,0.8254,0.5872,0.7971,0.9328,0.8625,0.8883,0.9741,0.8570,0.8570,0.7801,0.7439,0.7439,0.7246,0.8991,0.8991,0.8468,0.8468,0.6782,0.8095,0.7667,1.1107,0.8886,0.8319,0.8995,0.7897,0.6483,1.0732,1.0732,0.7792,0.7792,0.9246,0.9358,0.6794,0.9498,0.8970,0.9041,0.8533,0.7124,0.8585,0.8585,0.7301,0.7301,0.7087,0.8431,1.1713,0.6558,1.1294,0.8767,0.8767,0.8999,0.8568,0.6510,0.7803,0.7533,0.6720,0.8979,0.7847,0.8777,0.8662,0.7277,0.9376
  Max DD (P6),,,,split_detail,,"$14,111.50","$14,119.00","$14,119.00","$29,260.50","$14,479.50","$11,199.00","$15,303.00","$15,303.00","$15,303.00","$14,809.50","$13,185.00","$9,645.00","$9,645.00","$9,645.00","$9,645.00","$9,645.00","$9,645.00","$9,645.00","$9,645.00","$29,514.00","$5,248.50","$11,515.50","$14,215.50","$15,661.00","$5,392.50","$5,392.50","$5,392.50","$14,897.00","$16,705.00","$16,705.00","$15,623.50","$14,399.00","$14,399.00","$11,893.00","$11,893.00","$17,156.50","$13,678.50","$20,305.50","$9,754.00","$15,780.00","$17,588.50","$12,751.50","$19,147.50","$24,636.50","$11,047.50","$11,047.50","$22,817.00","$22,817.00","$16,108.00","$14,778.50","$19,605.00","$24,968.00","$15,644.00","$15,433.00","$17,863.50","$23,471.00","$16,375.50","$16,375.50","$29,085.00","$29,085.00","$25,798.00","$18,350.50","$12,305.00","$19,150.50","$9,288.50","$12,127.00","$12,127.00","$11,276.00","$17,507.50","$27,304.00","$21,443.50","$20,853.00","$28,452.00","$14,284.00","$16,301.50","$15,345.00","$16,007.50","$26,278.00","$15,741.00"
  Total PNL (P6),,,,split_detail,,$-639.00,"$-2,434.00","$-2,434.00","$-26,896.50","$-10,209.00","$-6,249.00","$-1,009.00","$-1,009.00","$-1,009.00","$-3,124.50","$-1,500.00","$-4,236.50","$-4,236.50","$-4,236.50","$-4,236.50","$-4,236.50","$-4,236.50","$-4,236.50","$-4,236.50","$-22,169.50","$-5,484.50","$-1,913.00","$-5,126.00","$-3,305.50",$-769.50,"$-4,317.00","$-4,317.00","$-8,840.50","$-9,669.50","$-9,669.50","$-12,481.50","$-4,884.50","$-4,884.50","$-5,674.00","$-5,674.00","$-15,581.50","$-8,131.00","$-12,264.00","$5,210.50","$-5,119.50","$-7,773.00","$-4,698.50","$-11,138.50","$-17,888.50","$2,770.50","$2,770.50","$-11,922.00","$-11,922.00","$-3,693.00","$-2,773.00","$-14,971.00","$-3,045.00","$-6,131.00","$-5,665.00","$-7,007.00","$-14,475.50","$-7,309.50","$-7,309.50","$-19,285.50","$-19,285.50","$-19,768.50","$-10,370.50","$9,269.50","$-14,696.00","$6,436.50","$-5,909.50","$-5,909.50","$-4,943.00","$-9,208.00","$-21,597.50","$-12,728.50","$-14,620.50","$-24,629.00","$-6,482.50","$-12,056.00","$-8,011.00","$-8,766.50","$-20,597.50","$-4,636.50"
  Avg Profit/Tr (P6),,,,split_detail,,$-13.31,$-52.91,$-52.91,$-309.16,$-141.79,$-124.98,$-20.59,$-20.59,$-20.59,$-66.48,$-34.09,$-90.14,$-90.14,$-90.14,$-90.14,$-90.14,$-90.14,$-90.14,$-90.14,$-270.36,$-119.23,$-39.04,$-78.86,$-68.86,$-14.25,$-79.94,$-79.94,$-130.01,$-148.76,$-148.76,$-189.11,$-58.85,$-58.85,$-88.66,$-88.66,$-232.56,$-112.93,$-140.97,$58.54,$-68.26,$-97.16,$-59.47,$-117.25,$-218.15,$36.94,$36.94,$-138.63,$-138.63,$-45.04,$-37.47,$-199.61,$-28.19,$-60.70,$-56.09,$-82.44,$-183.23,$-87.02,$-87.02,$-173.74,$-173.74,$-170.42,$-88.64,$88.28,$-229.62,$68.47,$-74.80,$-74.80,$-60.28,$-84.48,$-184.59,$-101.02,$-146.20,$-193.93,$-56.37,$-117.05,$-65.66,$-71.86,$-160.92,$-36.80
  Span (min) (P6),,,,split_detail,,149.50,165.91,165.91,112.97,183.17,113.68,142.04,142.04,142.04,164.17,170.18,113.49,113.49,113.49,113.49,113.49,113.49,113.49,113.49,146.49,121.30,166.53,158.77,167.75,135.74,134.26,134.26,143.47,136.62,136.62,184.33,150.94,150.94,142.50,142.50,176.15,147.83,128.55,152.90,160.32,136.65,147.49,137.68,138.44,159.04,159.04,145.26,145.26,152.34,161.51,128.16,154.33,146.97,145.31,133.98,137.47,146.86,146.86,143.78,143.78,120.83,138.67,152.91,139.88,158.55,147.34,147.34,145.76,143.12,117.95,105.52,127.92,130.58,140.45,116.27,130.03,129.93,137.34,142.29
  Sortino (P8),,,,split_detail,,-4.3308,-4.4907,-4.4907,-6.4256,0.5991,1.2101,-3.7883,-3.7883,-3.7883,-2.8804,-2.7593,1.5571,1.5571,1.5571,1.5571,1.5571,1.5571,1.5571,1.5571,-6.5878,9.7288,-5.7413,-7.0438,-4.0551,7.5620,7.1305,7.1305,-5.5823,-4.9303,-4.9303,2.5392,-5.1484,-5.1484,-5.4072,-5.4072,2.9057,-5.1867,-6.5098,-3.7954,-6.2075,-5.5292,-4.9804,-5.1647,-4.9851,-6.2369,-6.2369,-5.4879,-5.4879,-4.8837,-2.6226,-4.1545,-3.4939,-3.4179,-3.1747,-5.7319,-3.9718,-5.0167,-5.0167,-1.5486,-1.5486,-3.4966,-0.1357,-2.9302,-4.2320,-0.7096,-3.7711,-3.7711,-3.7711,-3.0804,-4.3775,-4.0391,-4.2454,-3.5099,-5.7913,-6.2022,-4.7324,-5.0998,-3.0320,-4.9470
  Trades/D (P8),,,,split_detail,,0.393,0.374,0.374,0.564,0.429,0.288,0.393,0.393,0.393,0.368,0.350,0.258,0.258,0.258,0.258,0.258,0.258,0.258,0.258,0.528,0.221,0.399,0.454,0.405,0.227,0.239,0.239,0.485,0.485,0.485,0.374,0.577,0.577,0.479,0.479,0.374,0.491,0.577,0.552,0.485,0.534,0.509,0.613,0.577,0.509,0.509,0.497,0.497,0.515,0.528,0.515,0.755,0.626,0.626,0.552,0.503,0.528,0.528,0.632,0.632,0.669,0.626,0.638,0.436,0.595,0.607,0.607,0.607,0.626,0.785,0.785,0.675,0.742,0.706,0.724,0.736,0.755,0.755,0.724
  Profit Fac (P8),,,,split_detail,,0.7401,0.7227,0.7227,0.5847,1.0380,1.0938,0.7645,0.7645,0.7645,0.7877,0.7972,1.1140,1.1140,1.1140,1.1140,1.1140,1.1140,1.1140,1.1140,0.5920,1.9132,0.6545,0.6146,0.7423,1.8463,1.7402,1.7402,0.6683,0.6925,0.6925,1.1608,0.6788,0.6788,0.6718,0.6718,1.1852,0.6854,0.5942,0.7455,0.6111,0.6710,0.6853,0.7292,0.6799,0.6193,0.6193,0.6672,0.6672,0.6928,0.8362,0.7295,0.7996,0.7971,0.8074,0.6540,0.7294,0.6895,0.6895,0.8958,0.8958,0.7911,0.9905,0.8109,0.6940,0.9507,0.7864,0.7864,0.7864,0.8032,0.7341,0.7419,0.7009,0.8023,0.6572,0.5994,0.7104,0.6893,0.8210,0.6534
  Max DD (P8),,,,split_detail,,"$12,548.50","$13,089.50","$13,089.50","$16,557.50","$4,576.50","$5,614.50","$11,640.50","$11,640.50","$11,640.50","$10,815.50","$10,131.50","$4,660.00","$4,660.00","$4,660.00","$4,660.00","$4,660.00","$4,660.00","$4,660.00","$4,660.00","$18,793.00","$2,679.50","$13,977.50","$15,152.00","$13,563.50","$2,466.00","$2,679.50","$2,679.50","$13,173.00","$12,699.50","$12,699.50","$4,004.00","$16,571.00","$16,571.00","$13,563.50","$13,563.50","$4,004.00","$12,712.50","$18,378.00","$15,613.00","$16,744.50","$14,814.00","$15,713.50","$13,795.00","$16,041.50","$18,723.00","$18,723.00","$16,198.00","$16,198.00","$14,528.00","$17,323.50","$12,156.50","$19,196.50","$15,191.50","$15,124.00","$15,713.00","$12,825.50","$14,812.00","$14,812.00","$10,949.50","$10,949.50","$13,930.50","$9,451.00","$17,769.50","$11,025.50","$10,834.00","$18,586.00","$18,586.00","$18,586.00","$12,930.50","$13,349.50","$13,827.00","$16,043.00","$13,520.00","$20,088.50","$17,704.00","$19,289.50","$20,361.00","$14,129.00","$23,344.50"
  Total PNL (P8),,,,split_detail,,"$-7,090.50","$-7,708.00","$-7,708.00","$-13,993.00",$966.50,"$1,118.50","$-6,072.50","$-6,072.50","$-6,072.50","$-5,419.00","$-4,993.00","$1,225.50","$1,225.50","$1,225.50","$1,225.50","$1,225.50","$1,225.50","$1,225.50","$1,225.50","$-14,533.00","$8,474.50","$-9,789.50","$-13,193.50","$-7,562.00","$8,613.50","$8,237.00","$8,237.00","$-10,976.00","$-9,490.50","$-9,490.50","$3,485.50","$-12,020.50","$-12,020.50","$-10,611.00","$-10,611.00","$3,930.00","$-10,347.00","$-14,974.00","$-9,246.00","$-13,003.50","$-11,376.00","$-10,663.00","$-9,943.50","$-12,192.50","$-14,366.00","$-14,366.00","$-11,831.00","$-11,831.00","$-10,736.00","$-5,311.50","$-8,781.50","$-9,602.00","$-7,746.00","$-7,260.50","$-12,275.00","$-8,611.50","$-10,903.00","$-10,903.00","$-3,766.00","$-3,766.00","$-7,666.00",$-313.00,"$-7,689.50","$-8,637.50","$-1,738.00","$-7,548.50","$-7,548.50","$-7,548.50","$-7,140.00","$-12,561.50","$-11,340.00","$-12,052.00","$-8,691.50","$-16,925.00","$-17,044.00","$-14,076.50","$-15,579.50","$-7,785.50","$-16,695.50"
  Avg Profit/Tr (P8),,,,split_detail,,$-110.79,$-126.36,$-126.36,$-152.10,$13.81,$23.80,$-94.88,$-94.88,$-94.88,$-90.32,$-87.60,$29.18,$29.18,$29.18,$29.18,$29.18,$29.18,$29.18,$29.18,$-168.99,$235.40,$-150.61,$-178.29,$-114.58,$232.80,$211.21,$211.21,$-138.94,$-120.13,$-120.13,$57.14,$-127.88,$-127.88,$-136.04,$-136.04,$64.43,$-129.34,$-159.30,$-102.73,$-164.60,$-130.76,$-128.47,$-99.43,$-129.71,$-173.08,$-173.08,$-146.06,$-146.06,$-127.81,$-61.76,$-104.54,$-78.07,$-75.94,$-71.18,$-136.39,$-105.02,$-126.78,$-126.78,$-36.56,$-36.56,$-70.33,$-3.07,$-73.94,$-121.65,$-17.92,$-76.25,$-76.25,$-76.25,$-70.00,$-98.14,$-88.59,$-109.56,$-71.83,$-147.17,$-144.44,$-117.30,$-126.66,$-63.30,$-141.49
  Span (min) (P8),,,,split_detail,,157.31,162.30,162.30,132.39,169.20,119.00,143.62,143.62,143.62,162.00,163.37,120.83,120.83,120.83,120.83,120.83,120.83,120.83,120.83,158.79,153.33,163.94,152.43,162.18,155.14,151.28,151.28,142.63,133.22,133.22,164.79,157.79,157.79,144.31,144.31,164.56,147.60,136.98,148.67,154.48,137.93,152.53,148.92,146.81,152.67,152.67,157.33,157.33,158.86,145.67,144.57,148.88,161.88,161.53,136.67,141.51,154.33,154.33,162.29,162.29,142.57,154.94,147.46,143.83,151.55,141.82,141.82,141.82,134.24,121.78,106.22,141.82,132.20,136.80,124.47,125.40,126.54,136.68,127.73
  Sortino (P10),,,,split_detail,,-6.2884,-4.8117,-4.8117,-1.6146,1.1545,1.4899,-4.6485,-4.6485,-4.6485,-7.3848,-7.6202,5.0478,5.0478,5.0478,5.0478,5.0478,5.0478,5.0478,5.0478,-4.3903,2.9407,-7.4245,-4.6662,-4.1477,2.9468,3.0540,3.0540,-4.7824,-1.8240,-1.8240,2.4763,-2.8917,-2.8917,-4.4117,-4.4117,2.5259,-3.7110,-1.9598,-2.7626,-3.7612,-0.5952,-2.3371,-1.1966,-3.0401,0.1216,0.1216,-1.0291,-1.0291,-3.4740,-0.2444,-2.4988,-0.3368,0.3367,-0.4337,-1.4928,-5.6330,-3.2211,-3.2211,-2.5445,-2.5445,-1.1536,-3.0964,1.4949,-1.6239,2.1841,4.5385,4.5385,4.2830,1.2559,-4.9079,-2.4704,-3.9722,-1.2000,-0.1921,-2.3455,-0.0204,0.2842,-0.3443,-0.5560
  Trades/D (P10),,,,split_detail,,0.277,0.277,0.277,0.488,0.476,0.193,0.277,0.277,0.277,0.253,0.241,0.193,0.193,0.193,0.193,0.193,0.193,0.193,0.193,0.482,0.217,0.253,0.361,0.301,0.235,0.235,0.235,0.361,0.361,0.361,0.404,0.488,0.488,0.355,0.355,0.404,0.398,0.506,0.512,0.434,0.464,0.464,0.548,0.596,0.464,0.464,0.506,0.506,0.494,0.488,0.464,0.608,0.584,0.584,0.506,0.482,0.494,0.494,0.602,0.602,0.614,0.584,0.602,0.404,0.506,0.548,0.548,0.554,0.663,0.675,0.645,0.620,0.711,0.735,0.681,0.777,0.783,0.723,0.771
  Profit Fac (P10),,,,split_detail,,0.5931,0.6597,0.6597,0.8666,1.1196,1.1096,0.6769,0.6769,0.6769,0.5030,0.5065,1.3984,1.3984,1.3984,1.3984,1.3984,1.3984,1.3984,1.3984,0.6572,1.2070,0.5599,0.6470,0.5435,1.2375,1.2443,1.2443,0.6593,0.8703,0.8703,1.2135,0.7463,0.7463,0.6747,0.6747,1.2185,0.7219,0.8441,0.7683,0.7075,0.9496,0.7981,0.8869,0.7320,1.0125,1.0125,0.9014,0.9014,0.7015,0.9822,0.7930,0.9761,1.0314,0.9611,0.8788,0.5484,0.7255,0.7255,0.7947,0.7947,0.9092,0.7523,1.1234,0.8586,1.1821,1.3645,1.3645,1.3370,1.0906,0.6252,0.8118,0.6682,0.9109,0.9848,0.7819,0.9984,1.0225,0.9732,0.9587
  Max DD (P10),,,,split_detail,,"$9,742.00","$9,304.50","$9,304.50","$11,747.50","$6,239.50","$3,722.00","$8,258.00","$8,258.00","$8,258.00","$11,968.50","$11,750.50","$3,722.00","$3,722.00","$3,722.00","$3,722.00","$3,722.00","$3,722.00","$3,722.00","$3,722.00","$17,502.00","$2,541.50","$13,111.50","$13,154.00","$14,816.00","$1,800.50","$1,800.50","$1,800.50","$10,910.50","$6,711.00","$6,711.00","$5,257.50","$12,531.50","$12,531.50","$10,044.00","$10,044.00","$5,257.50","$8,149.00","$12,581.00","$10,405.00","$13,108.50","$9,647.50","$10,399.50","$11,200.00","$13,679.00","$9,940.00","$9,940.00","$10,593.50","$10,593.50","$14,158.00","$12,511.00","$8,482.00","$8,398.00","$5,659.50","$7,598.50","$10,654.00","$19,478.00","$13,076.00","$13,076.00","$13,951.00","$13,951.00","$8,577.50","$13,034.00","$8,882.00","$10,659.50","$7,144.50","$6,707.50","$6,707.50","$7,333.00","$9,576.50","$21,937.00","$14,326.00","$18,248.00","$8,345.50","$9,300.00","$14,511.00","$9,733.50","$7,570.00","$7,614.00","$12,913.50"
  Total PNL (P10),,,,split_detail,,"$-9,624.00","$-8,022.50","$-8,022.50","$-4,271.50","$4,492.00","$1,440.50","$-6,776.00","$-6,776.00","$-6,776.00","$-11,310.00","$-11,092.00","$5,010.00","$5,010.00","$5,010.00","$5,010.00","$5,010.00","$5,010.00","$5,010.00","$5,010.00","$-13,022.00","$2,315.00","$-10,154.50","$-9,540.00","$-14,340.50","$2,751.50","$2,815.00","$2,815.00","$-8,628.50","$-2,818.00","$-2,818.00","$6,646.00","$-8,185.00","$-8,185.00","$-7,938.00","$-7,938.00","$6,775.00","$-7,698.00","$-4,840.00","$-8,332.50","$-8,839.00","$-1,311.00","$-5,659.50","$-3,610.50","$-11,511.00",$364.00,$364.00,"$-3,107.00","$-3,107.00","$-9,773.00",$-723.00,"$-6,632.00","$-1,180.00","$1,161.50","$-1,484.00","$-3,476.00","$-17,993.50","$-8,691.00","$-8,691.00","$-9,240.50","$-9,240.50","$-3,763.50","$-10,392.00","$5,796.50","$-3,783.50","$7,086.50","$15,103.00","$15,103.00","$14,250.50","$4,437.50","$-18,447.00","$-7,868.00","$-16,050.00","$-4,481.00",$-871.50,"$-10,042.00",$-94.50,"$1,283.00","$-1,324.50","$-2,383.00"
  Avg Profit/Tr (P10),,,,split_detail,,$-209.22,$-174.40,$-174.40,$-52.73,$56.86,$45.02,$-147.30,$-147.30,$-147.30,$-269.29,$-277.30,$156.56,$156.56,$156.56,$156.56,$156.56,$156.56,$156.56,$156.56,$-162.78,$64.31,$-241.77,$-159.00,$-286.81,$70.55,$72.18,$72.18,$-143.81,$-46.97,$-46.97,$99.19,$-101.05,$-101.05,$-134.54,$-134.54,$101.12,$-116.64,$-57.62,$-98.03,$-122.76,$-17.03,$-73.50,$-39.68,$-116.27,$4.73,$4.73,$-36.99,$-36.99,$-119.18,$-8.93,$-86.13,$-11.68,$11.97,$-15.30,$-41.38,$-224.92,$-105.99,$-105.99,$-92.41,$-92.41,$-36.90,$-107.13,$57.96,$-56.47,$84.36,$165.97,$165.97,$154.90,$40.34,$-164.71,$-73.53,$-155.83,$-37.97,$-7.14,$-88.87,$-0.73,$9.87,$-11.04,$-18.62
  Span (min) (P10),,,,split_detail,,184.96,195.65,195.65,149.63,218.33,146.78,168.26,168.26,168.26,183.71,179.40,161.66,161.66,161.66,161.66,161.66,161.66,161.66,161.66,163.80,232.22,184.86,169.40,196.56,228.21,227.95,227.95,165.00,161.60,161.60,222.75,159.85,159.85,168.61,168.61,222.54,164.00,154.57,168.14,155.33,150.23,153.35,154.15,196.85,168.47,168.47,158.14,158.14,159.66,215.41,159.27,196.99,165.53,164.78,146.86,185.85,155.12,155.12,167.16,167.16,142.59,157.73,205.44,160.84,189.00,214.68,214.68,212.87,179.67,162.43,156.79,179.88,172.47,192.10,171.40,179.26,179.45,169.40,177.47
