Name,Value,Min,Max,Type,Description,Solution_0_SELECTED,Solution_1,Solution_2,Solution_3,Solution_4,Solution_5,Solution_6,Solution_7,Solution_8,Solution_9,Solution_10,Solution_11,Solution_12,Solution_13,Solution_14,Solution_15,Solution_16,Solution_17,Solution_18,Solution_19,Solution_20,Solution_21,Solution_22,Solution_23,Solution_24,Solution_25,Solution_26,Solution_27,Solution_28,Solution_29,Solution_30,Solution_31,Solution_32,Solution_33,Solution_34,Solution_35,Solution_36,Solution_37,Solution_38,Solution_39,Solution_40,Solution_41,Solution_42,Solution_43,Solution_44,Solution_45,Solution_46,Solution_47,Solution_48,Solution_49,Solution_50,Solution_51,Solution_52,Solution_53,Solution_54,Solution_55,Solution_56,Solution_57,Solution_58,Solution_59,Solution_60,Solution_61,Solution_62,Solution_63,Solution_64,Solution_65,Solution_66,Solution_67,Solution_68,Solution_69,Solution_70,Solution_71,Solution_72,Solution_73,Solution_74,Solution_75,Solution_76,Solution_77,Solution_78,Solution_79,Solution_80,Solution_81,Solution_82,Solution_83,Solution_84,Solution_85,Solution_86,Solution_87,Solution_88,Solution_89,Solution_90,Solution_91,Solution_92,Solution_93,Solution_94,Solution_95,Solution_96,Solution_97,Solution_98,Solution_99,Solution_100,Solution_101,Solution_102,Solution_103,Solution_104,Solution_105,Solution_106,Solution_107,Solution_108,Solution_109,Solution_110,Solution_111,Solution_112,Solution_113,Solution_114,Solution_115,Solution_116,Solution_117,Solution_118,Solution_119,Solution_120,Solution_121,Solution_122,Solution_123,Solution_124,Solution_125,Solution_126,Solution_127,Solution_128,Solution_129,Solution_130,Solution_131,Solution_132,Solution_133,Solution_134,Solution_135,Solution_136,Solution_137,Solution_138,Solution_139,Solution_140,Solution_141,Solution_142,Solution_143,Solution_144,Solution_145,Solution_146,Solution_147,Solution_148,Solution_149,Solution_150,Solution_151,Solution_152,Solution_153,Solution_154,Solution_155,Solution_156,Solution_157,Solution_158,Solution_159,Solution_160,Solution_161,Solution_162,Solution_163,Solution_164,Solution_165,Solution_166,Solution_167,Solution_168,Solution_169,Solution_170,Solution_171,Solution_172,Solution_173,Solution_174,Solution_175,Solution_176,Solution_177,Solution_178,Solution_179,Solution_180,Solution_181,Solution_182,Solution_183,Solution_184,Solution_185,Solution_186,Solution_187,Solution_188,Solution_189,Solution_190,Solution_191,Solution_192,Solution_193,Solution_194,Solution_195,Solution_196,Solution_197,Solution_198,Solution_199,Solution_200,Solution_201,Solution_202,Solution_203,Solution_204,Solution_205,Solution_206,Solution_207,Solution_208,Solution_209,Solution_210,Solution_211,Solution_212,Solution_213,Solution_214,Solution_215,Solution_216,Solution_217,Solution_218,Solution_219,Solution_220,Solution_221,Solution_222,Solution_223,Solution_224,Solution_225,Solution_226,Solution_227,Solution_228,Solution_229,Solution_230,Solution_231,Solution_232,Solution_233,Solution_234,Solution_235,Solution_236,Solution_237,Solution_238,Solution_239,Solution_240,Solution_241,Solution_242,Solution_243,Solution_244,Solution_245,Solution_246,Solution_247,Solution_248,Solution_249,Solution_250,Solution_251,Solution_252,Solution_253,Solution_254,Solution_255,Solution_256,Solution_257,Solution_258,Solution_259,Solution_260,Solution_261,Solution_262,Solution_263,Solution_264,Solution_265,Solution_266,Solution_267,Solution_268,Solution_269,Solution_270,Solution_271,Solution_272,Solution_273,Solution_274,Solution_275,Solution_276,Solution_277,Solution_278,Solution_279,Solution_280,Solution_281,Solution_282,Solution_283,Solution_284,Solution_285,Solution_286,Solution_287,Solution_288,Solution_289,Solution_290,Solution_291,Solution_292,Solution_293,Solution_294,Solution_295,Solution_296,Solution_297,Solution_298,Solution_299,Solution_300,Solution_301,Solution_302,Solution_303,Solution_304,Solution_305,Solution_306,Solution_307,Solution_308,Solution_309,Solution_310,Solution_311,Solution_312
=== Strategy Config ===,,,,,,,,,,,,,,,,,,,,,,,,,,,,,,,,,,,,,,,,,,,,,,,,,,,,,,,,,,,,,,,,,,,,,,,,,,,,,,,,,,,,,,,,,,,,,,,,,,,,,,,,,,,,,,,,,,,,,,,,,,,,,,,,,,,,,,,,,,,,,,,,,,,,,,,,,,,,,,,,,,,,,,,,,,,,,,,,,,,,,,,,,,,,,,,,,,,,,,,,,,,,,,,,,,,,,,,,,,,,,,,,,,,,,,,,,,,,,,,,,,,,,,,,,,,,,,,,,,,,,,,,,,,,,,,,,,,,,,,,,,,,,,,,,,,,,,,,,,,,,,,,,,,,,,,,,,,,,,
Enable Long Trades,1,0,1,int,Allow longs (optimizable),1,1,1,1,1,1,1,1,1,1,1,1,1,1,1,1,1,1,1,1,1,1,1,1,1,1,1,1,1,1,1,1,1,1,1,1,1,1,1,1,1,1,1,1,1,1,1,1,1,1,1,1,1,1,1,1,1,1,1,1,1,1,1,1,1,1,1,1,1,1,1,1,1,1,1,1,1,1,1,1,1,1,1,1,1,1,1,1,1,1,1,1,1,1,1,1,1,1,1,1,1,1,1,1,1,1,1,1,1,1,1,1,1,1,1,1,1,1,1,1,1,1,1,1,1,1,1,1,1,1,1,1,1,1,1,1,1,1,1,1,1,1,1,1,1,1,1,1,1,1,1,1,1,1,1,1,1,1,1,1,1,1,1,1,1,1,1,1,1,1,1,1,1,1,1,1,1,1,1,1,1,1,1,1,1,1,1,1,1,1,1,1,1,1,1,1,1,1,1,1,1,1,1,1,1,1,1,1,1,1,1,1,1,1,1,1,1,1,1,1,1,1,1,1,1,1,1,1,1,1,1,1,1,1,1,1,1,1,1,1,1,1,1,1,1,1,1,1,1,1,1,1,1,1,1,1,1,1,1,1,1,1,1,1,1,1,1,1,1,1,1,1,1,1,1,1,1,1,1,1,1,1,1,1,1,1,1,1,1,1,1,1,1,1,1,1,1,1,1,1,1,1,1,1,1,1,1,1,1,1,1,1,1
Enable Short Trades,1,0,1,int,Allow shorts (two-sided),1,1,1,1,1,1,1,1,1,1,1,1,1,1,1,1,1,1,1,1,1,1,1,1,1,1,1,1,1,1,1,1,1,1,1,1,1,1,1,1,1,1,1,1,1,1,1,1,1,1,1,1,1,1,1,1,1,1,1,1,1,1,1,1,1,1,1,1,1,1,1,1,1,1,1,1,1,1,1,1,1,1,1,1,1,1,1,1,1,1,1,1,1,1,1,1,1,1,1,1,1,1,1,1,1,1,1,1,1,1,1,1,1,1,1,1,1,1,1,1,1,1,1,1,1,1,1,1,1,1,1,1,1,1,1,1,1,1,1,1,1,1,1,1,1,1,1,1,1,1,1,1,1,1,1,1,1,1,1,1,1,1,1,1,1,1,1,1,1,1,1,1,1,1,1,1,1,1,1,1,1,1,1,1,1,1,1,1,1,1,1,1,1,1,1,1,1,1,1,1,1,1,1,1,1,1,1,1,1,1,1,1,1,1,1,1,1,1,1,1,1,1,1,1,1,1,1,1,1,1,1,1,1,1,1,1,1,1,1,1,1,1,1,1,1,1,1,1,1,1,1,1,1,1,1,1,1,1,1,1,1,1,1,1,1,1,1,1,1,1,1,1,1,1,1,1,1,1,1,1,1,1,1,1,1,1,1,1,1,1,1,1,1,1,1,1,1,1,1,1,1,1,1,1,1,1,1,1,1,1,1,1,1
Max Open Trades,1,1,1,int,LOCKED one position,1,1,1,1,1,1,1,1,1,1,1,1,1,1,1,1,1,1,1,1,1,1,1,1,1,1,1,1,1,1,1,1,1,1,1,1,1,1,1,1,1,1,1,1,1,1,1,1,1,1,1,1,1,1,1,1,1,1,1,1,1,1,1,1,1,1,1,1,1,1,1,1,1,1,1,1,1,1,1,1,1,1,1,1,1,1,1,1,1,1,1,1,1,1,1,1,1,1,1,1,1,1,1,1,1,1,1,1,1,1,1,1,1,1,1,1,1,1,1,1,1,1,1,1,1,1,1,1,1,1,1,1,1,1,1,1,1,1,1,1,1,1,1,1,1,1,1,1,1,1,1,1,1,1,1,1,1,1,1,1,1,1,1,1,1,1,1,1,1,1,1,1,1,1,1,1,1,1,1,1,1,1,1,1,1,1,1,1,1,1,1,1,1,1,1,1,1,1,1,1,1,1,1,1,1,1,1,1,1,1,1,1,1,1,1,1,1,1,1,1,1,1,1,1,1,1,1,1,1,1,1,1,1,1,1,1,1,1,1,1,1,1,1,1,1,1,1,1,1,1,1,1,1,1,1,1,1,1,1,1,1,1,1,1,1,1,1,1,1,1,1,1,1,1,1,1,1,1,1,1,1,1,1,1,1,1,1,1,1,1,1,1,1,1,1,1,1,1,1,1,1,1,1,1,1,1,1,1,1,1,1,1,1
Transaction Cost (Per Trade),15,15,15,float,Friction per round-trip,15.0,15.0,15.0,15.0,15.0,15.0,15.0,15.0,15.0,15.0,15.0,15.0,15.0,15.0,15.0,15.0,15.0,15.0,15.0,15.0,15.0,15.0,15.0,15.0,15.0,15.0,15.0,15.0,15.0,15.0,15.0,15.0,15.0,15.0,15.0,15.0,15.0,15.0,15.0,15.0,15.0,15.0,15.0,15.0,15.0,15.0,15.0,15.0,15.0,15.0,15.0,15.0,15.0,15.0,15.0,15.0,15.0,15.0,15.0,15.0,15.0,15.0,15.0,15.0,15.0,15.0,15.0,15.0,15.0,15.0,15.0,15.0,15.0,15.0,15.0,15.0,15.0,15.0,15.0,15.0,15.0,15.0,15.0,15.0,15.0,15.0,15.0,15.0,15.0,15.0,15.0,15.0,15.0,15.0,15.0,15.0,15.0,15.0,15.0,15.0,15.0,15.0,15.0,15.0,15.0,15.0,15.0,15.0,15.0,15.0,15.0,15.0,15.0,15.0,15.0,15.0,15.0,15.0,15.0,15.0,15.0,15.0,15.0,15.0,15.0,15.0,15.0,15.0,15.0,15.0,15.0,15.0,15.0,15.0,15.0,15.0,15.0,15.0,15.0,15.0,15.0,15.0,15.0,15.0,15.0,15.0,15.0,15.0,15.0,15.0,15.0,15.0,15.0,15.0,15.0,15.0,15.0,15.0,15.0,15.0,15.0,15.0,15.0,15.0,15.0,15.0,15.0,15.0,15.0,15.0,15.0,15.0,15.0,15.0,15.0,15.0,15.0,15.0,15.0,15.0,15.0,15.0,15.0,15.0,15.0,15.0,15.0,15.0,15.0,15.0,15.0,15.0,15.0,15.0,15.0,15.0,15.0,15.0,15.0,15.0,15.0,15.0,15.0,15.0,15.0,15.0,15.0,15.0,15.0,15.0,15.0,15.0,15.0,15.0,15.0,15.0,15.0,15.0,15.0,15.0,15.0,15.0,15.0,15.0,15.0,15.0,15.0,15.0,15.0,15.0,15.0,15.0,15.0,15.0,15.0,15.0,15.0,15.0,15.0,15.0,15.0,15.0,15.0,15.0,15.0,15.0,15.0,15.0,15.0,15.0,15.0,15.0,15.0,15.0,15.0,15.0,15.0,15.0,15.0,15.0,15.0,15.0,15.0,15.0,15.0,15.0,15.0,15.0,15.0,15.0,15.0,15.0,15.0,15.0,15.0,15.0,15.0,15.0,15.0,15.0,15.0,15.0,15.0,15.0,15.0,15.0,15.0,15.0,15.0,15.0,15.0,15.0,15.0,15.0,15.0,15.0,15.0,15.0,15.0,15.0,15.0,15.0,15.0,15.0,15.0,15.0,15.0,15.0,15.0,15.0,15.0,15.0,15.0
Timeframe (minutes),5,3,15,int,Bar size (optimized),15,15,15,15,12,15,15,12,15,12,12,12,15,13,12,15,15,15,12,12,13,15,15,15,12,12,15,13,15,15,13,15,15,15,15,12,12,15,12,13,13,13,12,14,13,15,12,13,14,12,12,15,12,12,14,13,14,14,15,12,14,14,15,12,15,12,12,12,12,15,15,14,14,15,13,15,15,14,14,14,14,14,15,15,15,12,15,12,12,15,15,15,15,15,12,15,14,15,15,13,15,15,15,12,15,12,13,15,12,14,14,15,13,12,14,13,14,14,14,15,15,15,15,15,15,15,15,12,15,12,13,14,14,15,15,12,15,12,15,15,15,15,13,14,12,14,15,15,15,14,14,14,14,14,14,14,14,14,14,15,12,12,12,12,15,15,15,15,15,13,14,15,15,12,15,12,13,12,15,12,12,12,13,12,12,15,13,12,13,12,12,14,12,12,12,12,13,12,12,13,14,12,15,14,12,12,12,13,12,12,12,12,12,12,12,15,12,12,12,12,12,12,12,15,12,13,12,13,12,14,15,13,14,14,14,14,12,12,14,14,14,15,14,12,14,12,14,14,14,14,15,12,14,14,14,15,14,15,12,14,13,14,12,14,14,12,12,12,12,12,12,14,12,12,12,12,14,14,12,12,14,12,12,12,12,12,12,14,12,14,12,14,12,12,12,12,12,12,14,14,12,12,12,12,12,14,12,12,12,12,12,12,12
=== Entry: Multi-zone S/R Breakout ===,,,,,,,,,,,,,,,,,,,,,,,,,,,,,,,,,,,,,,,,,,,,,,,,,,,,,,,,,,,,,,,,,,,,,,,,,,,,,,,,,,,,,,,,,,,,,,,,,,,,,,,,,,,,,,,,,,,,,,,,,,,,,,,,,,,,,,,,,,,,,,,,,,,,,,,,,,,,,,,,,,,,,,,,,,,,,,,,,,,,,,,,,,,,,,,,,,,,,,,,,,,,,,,,,,,,,,,,,,,,,,,,,,,,,,,,,,,,,,,,,,,,,,,,,,,,,,,,,,,,,,,,,,,,,,,,,,,,,,,,,,,,,,,,,,,,,,,,,,,,,,,,,,,,,,,,,,,,,,
Zone Width ATR Mult,0.35,0.15,0.80,float,Half-width k of zone around wick extreme,0.79,0.79,0.79,0.79,0.544,0.7092,0.7096,0.5763,0.79,0.5763,0.544,0.544,0.7471,0.7171,0.6084,0.7533,0.7461,0.7533,0.544,0.6084,0.7171,0.7461,0.7461,0.7461,0.6,0.6067,0.7461,0.7171,0.7532,0.7481,0.7171,0.7461,0.7461,0.7461,0.7461,0.6189,0.5763,0.7527,0.5862,0.7171,0.7171,0.7171,0.5945,0.7134,0.7159,0.7533,0.5763,0.7171,0.7134,0.5763,0.6,0.7532,0.5763,0.5763,0.7134,0.7171,0.7134,0.7134,0.7532,0.5763,0.7134,0.7134,0.7532,0.6084,0.7532,0.5845,0.5908,0.5763,0.5908,0.7102,0.7102,0.7116,0.7134,0.7529,0.7171,0.7102,0.7533,0.7116,0.7116,0.7116,0.7134,0.7134,0.7533,0.7102,0.7102,0.5786,0.7529,0.5908,0.5908,0.753,0.7102,0.7102,0.7532,0.7533,0.5378,0.7527,0.8,0.7533,0.7102,0.7159,0.7102,0.7102,0.7532,0.5862,0.7532,0.5862,0.7171,0.7101,0.5862,0.8,0.7134,0.753,0.7171,0.5763,0.7134,0.7171,0.8,0.8,0.7134,0.7102,0.7529,0.7102,0.7096,0.7096,0.7533,0.7533,0.7099,0.5371,0.7527,0.6221,0.7171,0.8,0.8,0.7532,0.7532,0.5862,0.7529,0.5862,0.7529,0.7102,0.7101,0.7102,0.7171,0.8,0.6101,0.7199,0.7102,0.7102,0.7101,0.8,0.8,0.8,0.8,0.8,0.8,0.8,0.8,0.8,0.8,0.7099,0.611,0.5908,0.6011,0.5945,0.7102,0.7101,0.7102,0.753,0.753,0.7171,0.7088,0.7102,0.7102,0.5796,0.7101,0.5825,0.7171,0.611,0.7708,0.5827,0.5762,0.5827,0.7171,0.5762,0.5811,0.7708,0.7171,0.5916,0.7171,0.5822,0.5822,0.7097,0.5822,0.5822,0.59,0.5822,0.7171,0.5822,0.5822,0.7171,0.7097,0.5822,0.7708,0.8,0.5823,0.5818,0.5822,0.2944,0.6,0.5822,0.5822,0.5822,0.5822,0.5823,0.5818,0.6893,0.5822,0.5815,0.5822,0.5823,0.5815,0.5822,0.5822,0.6893,0.5827,0.2944,0.5829,0.2944,0.5822,0.1789,0.6893,0.2944,0.179,0.179,0.1789,0.1789,0.5821,0.5829,0.179,0.1789,0.179,0.6893,0.3322,0.5826,0.3322,0.5822,0.1789,0.1792,0.3322,0.1792,0.6893,0.5821,0.1789,0.3322,0.3301,0.6893,0.1793,0.6893,0.5802,0.1789,0.2944,0.1793,0.5796,0.179,0.1792,0.5774,0.5774,0.5774,0.5822,0.5796,0.5822,0.1789,0.5822,0.5823,0.5823,0.5822,0.1789,0.1789,0.5822,0.5822,0.1789,0.5822,0.5822,0.5822,0.5822,0.5823,0.5822,0.1789,0.5822,0.1789,0.5822,0.1789,0.5822,0.5822,0.5822,0.5822,0.5822,0.5822,0.1789,0.1789,0.5822,0.5822,0.5822,0.5822,0.5822,0.1789,0.5822,0.5823,0.5822,0.5823,0.5823,0.5822,0.5823
Strength Threshold,2.0,1.0,6.0,float,Min zone strength for breakout entry,4.51,4.51,4.51,4.51,3.5482,4.5413,4.4607,3.1367,4.51,3.1707,3.5482,3.5482,5.8455,4.1231,4.8101,4.8481,5.7948,4.8481,3.5482,4.8101,4.0014,5.7948,5.7948,5.6593,3.5325,4.1944,5.7948,4.2863,5.0712,5.561,4.4021,5.6191,5.6593,5.6643,5.5616,4.6859,3.1367,5.6235,3.1367,4.2542,4.0452,4.037,4.1284,4.8264,4.8563,4.8481,3.1707,4.4319,4.9665,3.1367,3.3949,4.8709,2.9688,3.1367,4.9512,4.5085,4.9512,4.9512,5.0777,3.1367,4.523,4.523,5.4167,4.416,5.0586,3.1598,4.8205,3.1305,4.9841,4.9654,4.9654,4.6813,4.4314,4.8081,3.5379,4.9148,4.8481,4.6813,4.6813,4.6813,4.8811,4.8884,4.8003,4.9654,4.9866,2.8714,4.8081,5.1562,5.1562,4.3382,4.9654,4.9654,4.4657,4.4687,3.1367,5.1056,4.6341,4.7437,4.9654,4.6583,4.9531,4.9654,4.4657,3.1447,4.4657,2.8679,4.2481,5.0217,3.3031,4.368,4.9728,4.7042,4.2244,3.1367,4.8264,3.3748,4.4637,4.8617,4.8884,5.2793,4.8081,4.9654,4.4239,4.4239,4.4687,4.4687,4.9669,3.8314,4.734,4.0885,4.2264,4.3527,4.1686,4.7131,4.7131,3.0314,4.8931,3.0314,4.8931,4.9566,4.884,4.9792,4.0,3.9227,3.8089,4.7683,4.6145,4.7022,4.806,4.1668,3.979,4.0807,4.3316,4.0482,4.0482,3.9816,3.9572,3.9009,4.195,4.7749,2.9921,4.7304,4.1529,4.0112,4.4291,4.3076,4.9654,4.3946,4.9047,3.7179,5.0169,4.9654,5.4006,5.6625,4.7385,4.4738,3.8792,2.6606,4.9932,5.9085,4.9308,5.9085,4.2244,4.9308,2.3274,4.8437,4.0452,4.0948,4.038,2.5338,2.5338,4.99,2.3273,2.3096,4.0706,2.4812,4.1231,2.3276,2.3267,4.5047,4.99,2.3219,4.8437,3.8008,2.3223,3.0474,2.3154,5.3748,3.3949,2.9658,2.3324,2.3237,2.6904,2.2255,2.9872,5.5383,2.8232,2.4163,2.3117,2.3147,2.3481,2.316,2.4929,5.5383,2.2046,5.4062,2.1774,5.3748,2.0435,2.1179,5.4229,5.0318,2.1878,2.1878,2.1179,2.1448,2.0749,2.1302,2.1154,2.1171,2.0213,5.3116,5.6235,1.9297,5.6235,1.9603,2.1373,2.1975,5.5803,2.1975,5.3116,1.6901,2.1171,5.4588,4.8894,5.3116,2.1252,5.3116,2.0686,2.1894,4.8208,2.0998,2.1628,2.0213,2.0941,2.3282,2.3282,2.3282,2.9658,1.9473,2.9658,1.8816,2.3274,2.3285,2.3223,2.3237,2.1294,2.1294,2.9658,2.3281,1.6911,2.3449,2.3206,2.3296,2.8415,2.3285,2.7505,2.1348,2.075,2.0724,2.4324,2.1179,2.3319,2.328,2.3147,2.3231,2.8232,2.3241,2.0724,2.2165,2.051,2.0996,2.0549,2.386,2.2505,2.0724,2.4337,1.4514,2.328,2.3147,1.4004,2.3268,2.2062
Volume Mult,1.25,1.0,2.5,float,Entry volume >= mult x volume MA,1.4961,1.4961,1.4961,1.394,1.0,1.7798,1.6274,1.0,1.4961,1.0,1.0,1.0,1.2359,1.4521,1.0,1.1103,1.2142,1.0927,1.0,1.0,1.4214,1.2142,1.2142,1.2142,1.0122,1.0369,1.2142,1.4782,1.0844,1.0975,1.4406,1.2142,1.2142,1.2142,1.2142,1.0,1.0,1.0,1.0,1.3268,1.3268,1.3535,1.0,1.5767,1.3905,1.0927,1.0,1.3642,1.5767,1.0133,1.0,1.1111,1.0,1.0,1.618,1.3535,1.5767,1.5767,1.0212,1.0,1.5767,1.5767,1.0,1.0,1.0,1.0,1.1651,1.0,1.1651,1.0,1.0,1.5796,1.5767,1.0502,1.3268,1.0,1.0,1.5796,1.5796,1.5796,1.5767,1.4892,1.0,1.0272,1.0,1.0092,1.032,1.1651,1.1651,1.1342,1.0,1.0,1.1001,1.0269,1.0,1.0,1.5767,1.0,1.0,1.2867,1.0853,1.0,1.1001,1.0,1.1001,1.0,1.2358,1.0479,1.0,1.5767,1.5767,1.057,1.1804,1.0,1.5767,1.3006,1.4526,1.5569,1.4892,1.0,1.0,1.0,1.0,1.0084,1.0269,1.0269,1.0896,1.015,1.0,1.0,1.1959,1.4974,1.563,1.0,1.0,1.0,1.0,1.0,1.0,1.0,1.0095,1.0003,1.1798,1.5577,1.0,1.6359,1.0065,1.0,1.0,1.4974,1.5642,1.5642,1.5439,1.4526,1.4526,1.4828,1.4828,1.4763,1.5642,1.0896,1.0148,1.1651,1.1714,1.1782,1.0,1.0785,1.0,1.0,1.0,1.2182,1.5253,1.0,1.0,1.1916,1.0,1.1938,1.1508,1.0148,1.1982,1.2548,1.2306,1.2548,1.0173,1.2005,1.2601,1.1982,1.0,1.1584,1.0,1.2926,1.2412,1.4693,1.2001,1.228,1.0942,1.2217,1.0,1.1936,1.1953,1.0,1.4693,1.1493,1.0,1.563,1.1314,1.0708,1.127,1.3121,1.1164,1.0367,1.0391,1.0629,1.0629,1.0387,1.0,1.0595,1.0,1.0,1.0229,1.0,1.0,1.0,1.0314,1.0595,1.0,1.0116,1.0,1.0,1.0,1.0778,1.0595,1.0,1.1221,1.1221,1.0778,1.0164,1.0,1.0,1.1221,1.0,1.1221,1.0149,1.0333,1.0,1.0738,1.0,1.0,1.0048,1.0333,1.0,1.0595,1.0,1.0,1.0333,1.0,1.0149,1.0,1.0149,1.0,1.0037,1.0,1.0,1.0,1.0,1.0,1.0023,1.0,1.0023,1.2259,1.0,1.2259,1.0,1.1641,1.1279,1.1314,1.0629,1.2572,1.2572,1.0367,1.1459,1.0,1.1497,1.1388,1.1388,1.0,1.1279,1.0263,1.544,1.0601,1.2852,1.0383,1.497,1.02,1.0409,1.0729,1.0608,1.0,1.0424,1.4919,1.4919,1.0409,1.0729,1.0328,1.0182,1.0136,1.4875,1.0194,1.0271,1.0,1.0,1.0271,1.0,1.022
Dissipation (per bar),0.25,0.05,2.0,float,Linear strength loss per bar (max(0 strength - d)),0.05,0.05,0.05,0.05,0.5771,0.05,0.05,0.5771,0.05,0.5771,0.5771,0.5771,0.05,0.05,0.4398,0.05,0.05,0.05,0.5771,0.4398,0.05,0.05,0.05,0.05,0.5832,0.4667,0.05,0.05,0.05,0.05,0.05,0.05,0.05,0.05,0.05,0.4376,0.5771,0.05,0.5771,0.05,0.05,0.05,0.4869,0.05,0.05,0.05,0.5446,0.05,0.05,0.5771,0.5956,0.05,0.5771,0.5771,0.05,0.05,0.05,0.05,0.05,0.537,0.05,0.05,0.05,0.4398,0.05,0.5417,0.4803,0.5446,0.5562,0.05,0.05,0.05,0.05,0.05,0.05,0.05,0.05,0.05,0.05,0.05,0.05,0.05,0.05,0.05,0.05,0.57,0.05,0.5562,0.5562,0.05,0.05,0.05,0.05,0.05,0.5771,0.05,0.05,0.05,0.05,0.05,0.05,0.05,0.05,0.5771,0.05,0.5771,0.05,0.05,0.5771,0.05,0.05,0.05,0.05,0.537,0.05,0.05,0.05,0.05,0.05,0.05,0.05,0.05,0.05,0.05,0.05,0.05,0.05,0.5093,0.05,0.4026,0.05,0.05,0.05,0.05,0.05,0.5771,0.05,0.5771,0.05,0.05,0.05,0.05,0.05,0.05,0.4093,0.0512,0.05,0.05,0.05,0.05,0.05,0.05,0.05,0.05,0.05,0.05,0.05,0.05,0.05,0.05,0.4506,0.4803,0.4608,0.4869,0.05,0.05,0.05,0.05,0.05,0.05,0.05,0.05,0.05,0.05,0.05,0.05,0.05,0.4506,0.0511,0.05,0.05,0.05,0.05,0.05,0.05,0.0511,0.05,0.4655,0.05,0.05,0.05,0.05,0.05,0.05,0.5033,0.05,0.05,0.05,0.05,0.05,0.05,0.05,0.0511,0.05,0.05,0.05,0.05,0.05,0.5832,0.05,0.05,0.05,0.05,0.05,0.05,0.0544,0.05,0.0514,0.05,0.05,0.0514,0.05,0.05,0.0544,0.05,0.05,0.05,0.05,0.05,0.05,0.0544,0.05,0.05,0.05,0.05,0.05,0.05,0.05,0.05,0.05,0.05,0.0544,0.05,0.05,0.05,0.05,0.05,0.05,0.05,0.05,0.0544,0.05,0.05,0.05,0.05,0.0544,0.05,0.0544,0.05,0.05,0.05,0.05,0.05,0.05,0.05,0.05,0.05,0.05,0.05,0.05,0.05,0.05,0.05,0.05,0.05,0.05,0.05,0.05,0.05,0.05,0.05,0.05,0.05,0.05,0.05,0.05,0.05,0.05,0.05,0.05,0.05,0.05,0.05,0.05,0.05,0.05,0.05,0.05,0.05,0.05,0.05,0.05,0.05,0.05,0.05,0.05,0.05,0.05,0.05,0.05,0.05,0.05,0.05
Stop Pad ATR,0.15,0.0,0.50,float,Stop beyond origin zone edge in ATR,0.3181,0.3181,0.2488,0.3,0.4558,0.0,0.3463,0.4558,0.3,0.4558,0.3498,0.3498,0.0,0.4318,0.488,0.0,0.3123,0.0,0.1049,0.488,0.4118,0.3123,0.3123,0.3123,0.0,0.5,0.3123,0.3857,0.3109,0.0,0.38,0.3123,0.3123,0.3123,0.3123,0.4934,0.3039,0.0,0.4893,0.4118,0.4118,0.4779,0.5,0.0,0.3083,0.3248,0.4158,0.4182,0.0,0.1965,0.0,0.176,0.5,0.1438,0.0,0.4779,0.0,0.0,0.0,0.4296,0.0,0.0,0.2359,0.5,0.3425,0.4105,0.4161,0.5,0.3872,0.2561,0.2571,0.0,0.0,0.3083,0.4118,0.3402,0.3248,0.0,0.0,0.0,0.3761,0.0,0.3248,0.2594,0.317,0.3112,0.3083,0.3872,0.3872,0.1012,0.255,0.0,0.1435,0.3386,0.3039,0.0,0.05,0.3248,0.256,0.3083,0.1793,0.0741,0.2664,0.1427,0.2613,0.4893,0.3992,0.2206,0.1427,0.05,0.0553,0.1012,0.3737,0.0,0.05,0.4316,0.2311,0.0745,0.3211,0.0872,0.3083,0.0862,0.3463,0.3463,0.4045,0.4045,0.0,0.5,0.316,0.5,0.4779,0.0769,0.0525,0.1733,0.1733,0.0,0.3801,0.1427,0.0,0.3607,0.3455,0.3389,0.3706,0.0635,0.4184,0.3153,0.3707,0.032,0.5,0.0769,0.0671,0.0671,0.063,0.2311,0.2311,0.068,0.068,0.0643,0.0671,0.0894,0.4814,0.4876,0.5,0.5,0.0538,0.3823,0.1137,0.3693,0.5,0.5,0.3241,0.255,0.28,0.3825,0.337,0.3676,0.5,0.4814,0.1529,0.3996,0.357,0.3996,0.3995,0.357,0.3689,0.1529,0.4118,0.4817,0.4339,0.3651,0.3651,0.3093,0.3621,0.3958,0.4939,0.3793,0.4318,0.3624,0.3747,0.5,0.0947,0.3598,0.1529,0.0525,0.3954,0.3619,0.3818,0.4808,0.0,0.3589,0.3554,0.396,0.396,0.4747,0.3532,0.0404,0.3956,0.3612,0.3835,0.3585,0.3612,0.3814,0.3925,0.2765,0.4342,0.4808,0.461,0.4808,0.35,0.2944,0.2765,0.4808,0.2986,0.3699,0.2944,0.2963,0.4023,0.3625,0.2986,0.3285,0.2986,0.3972,0.216,0.3642,0.216,0.4227,0.2947,0.2715,0.216,0.2715,0.2765,0.4023,0.295,0.216,0.16,0.277,0.2576,0.0827,0.3814,0.311,0.4808,0.2576,0.4184,0.2986,0.253,0.4108,0.4108,0.4108,0.241,0.4184,0.2817,0.1838,0.2408,0.2952,0.3233,0.3018,0.2821,0.2821,0.2817,0.185,0.1838,0.1309,0.1674,0.1674,0.2923,0.1485,0.2714,0.3069,0.2392,0.3132,0.2824,0.2944,0.2945,0.204,0.2549,0.1366,0.232,0.1431,0.3132,0.3132,0.204,0.2549,0.2823,0.185,0.2838,0.3132,0.219,0.2876,0.204,0.1597,0.2876,0.1377,0.1822
Max Hold (bars),24,6,60,int,Time exit,47,47,47,47,41,39,24,41,47,41,41,41,39,39,47,42,39,42,41,47,39,38,39,39,38,48,39,39,42,38,39,39,39,39,39,42,41,30,41,39,39,39,47,41,40,42,41,39,41,41,38,42,41,41,41,39,41,41,43,41,41,41,43,47,43,54,49,41,49,25,25,33,41,34,39,25,42,34,33,33,41,41,42,25,25,50,34,49,49,40,25,25,38,44,41,30,41,42,25,40,25,25,38,41,38,41,39,25,41,41,41,40,39,41,41,39,40,42,41,25,35,25,24,24,44,45,49,47,31,39,39,40,40,42,43,41,41,41,41,51,25,25,39,40,49,36,25,37,41,40,40,40,40,40,40,40,40,40,40,49,44,49,43,47,27,25,25,42,38,39,29,25,25,51,29,52,39,44,39,50,48,50,39,48,50,39,39,45,39,51,51,23,51,51,47,51,39,51,51,39,23,51,39,40,51,47,51,20,38,51,51,51,51,51,47,17,51,51,51,51,51,51,51,17,51,21,51,20,51,27,17,21,27,27,27,27,51,52,27,27,27,18,22,50,22,51,27,26,22,26,17,51,27,22,24,18,26,17,48,28,21,26,49,27,26,49,49,49,51,49,51,28,51,51,51,51,28,28,51,51,28,51,51,51,51,51,51,28,51,28,51,27,51,51,51,51,51,51,28,28,51,51,51,51,51,28,51,51,51,51,51,51,51
Min Opposite Zone Dist (ATR),0.5,0.5,0.5,float,LOCKED min room entry→opposite zone (ATR); blocks micro post-entry TP,0.5,0.5,0.5,0.5,0.5,0.5,0.5,0.5,0.5,0.5,0.5,0.5,0.5,0.5,0.5,0.5,0.5,0.5,0.5,0.5,0.5,0.5,0.5,0.5,0.5,0.5,0.5,0.5,0.5,0.5,0.5,0.5,0.5,0.5,0.5,0.5,0.5,0.5,0.5,0.5,0.5,0.5,0.5,0.5,0.5,0.5,0.5,0.5,0.5,0.5,0.5,0.5,0.5,0.5,0.5,0.5,0.5,0.5,0.5,0.5,0.5,0.5,0.5,0.5,0.5,0.5,0.5,0.5,0.5,0.5,0.5,0.5,0.5,0.5,0.5,0.5,0.5,0.5,0.5,0.5,0.5,0.5,0.5,0.5,0.5,0.5,0.5,0.5,0.5,0.5,0.5,0.5,0.5,0.5,0.5,0.5,0.5,0.5,0.5,0.5,0.5,0.5,0.5,0.5,0.5,0.5,0.5,0.5,0.5,0.5,0.5,0.5,0.5,0.5,0.5,0.5,0.5,0.5,0.5,0.5,0.5,0.5,0.5,0.5,0.5,0.5,0.5,0.5,0.5,0.5,0.5,0.5,0.5,0.5,0.5,0.5,0.5,0.5,0.5,0.5,0.5,0.5,0.5,0.5,0.5,0.5,0.5,0.5,0.5,0.5,0.5,0.5,0.5,0.5,0.5,0.5,0.5,0.5,0.5,0.5,0.5,0.5,0.5,0.5,0.5,0.5,0.5,0.5,0.5,0.5,0.5,0.5,0.5,0.5,0.5,0.5,0.5,0.5,0.5,0.5,0.5,0.5,0.5,0.5,0.5,0.5,0.5,0.5,0.5,0.5,0.5,0.5,0.5,0.5,0.5,0.5,0.5,0.5,0.5,0.5,0.5,0.5,0.5,0.5,0.5,0.5,0.5,0.5,0.5,0.5,0.5,0.5,0.5,0.5,0.5,0.5,0.5,0.5,0.5,0.5,0.5,0.5,0.5,0.5,0.5,0.5,0.5,0.5,0.5,0.5,0.5,0.5,0.5,0.5,0.5,0.5,0.5,0.5,0.5,0.5,0.5,0.5,0.5,0.5,0.5,0.5,0.5,0.5,0.5,0.5,0.5,0.5,0.5,0.5,0.5,0.5,0.5,0.5,0.5,0.5,0.5,0.5,0.5,0.5,0.5,0.5,0.5,0.5,0.5,0.5,0.5,0.5,0.5,0.5,0.5,0.5,0.5,0.5,0.5,0.5,0.5,0.5,0.5,0.5,0.5,0.5,0.5,0.5,0.5,0.5,0.5,0.5,0.5,0.5,0.5,0.5,0.5,0.5,0.5,0.5,0.5,0.5,0.5,0.5,0.5,0.5,0.5,0.5,0.5,0.5,0.5,0.5,0.5
Entry Headroom (ATR),0.75,0.25,1.25,float,Min clearance entry→next strong opposite zone (ATR); narrowed after g75 (winners ~0.5-0.8; high headroom killed climate),1.0812,1.0812,1.0812,1.1798,0.7156,1.0029,0.6346,0.3055,0.6176,0.7156,0.8373,0.7156,0.2747,0.4007,0.4364,0.25,0.337,0.25,0.7156,0.2578,0.4421,0.25,0.25,0.4375,0.6998,0.2725,0.3005,0.4602,0.25,0.2508,0.4051,0.25,0.25,0.25,0.25,0.2551,0.852,0.4592,0.5856,0.4421,0.4421,0.3885,0.25,0.7406,0.2844,0.25,0.25,0.5076,0.6986,0.3055,0.6998,0.25,0.7156,0.4434,0.6522,0.3885,0.6522,0.6347,0.25,0.5471,0.733,0.7406,0.25,0.2578,0.25,0.3156,0.4898,0.25,0.4898,0.689,0.6729,0.7799,0.7356,0.4259,0.4421,0.6866,0.25,0.6836,0.6836,0.6816,0.7406,0.7402,0.25,0.5937,0.6193,0.25,0.25,0.4529,0.4898,0.2596,0.6354,0.6205,0.25,0.25,0.5774,0.25,0.6859,0.25,0.6193,0.25,0.5181,0.5956,0.25,0.5856,0.25,0.2558,0.3951,0.5409,0.5397,0.6859,0.738,0.2596,0.4346,0.3055,0.7406,0.3826,0.6727,0.5295,0.7402,0.5813,0.4259,0.5709,0.6762,0.6762,0.25,0.25,0.3405,0.6152,0.25,0.5115,0.3885,0.7032,0.6849,0.25,0.25,0.5856,0.25,0.5856,0.25,0.5457,0.3962,0.4427,0.4215,0.6541,0.25,0.753,0.5848,0.571,0.5585,0.7032,0.643,0.643,0.6954,0.6727,0.642,0.6699,0.6699,0.6809,0.5606,0.3405,0.4808,0.25,0.2663,0.567,0.4619,0.4603,0.4642,0.25,0.25,0.4051,0.6943,0.25,0.25,0.8588,0.3762,0.4213,0.4295,0.3139,0.25,0.3035,0.25,0.25,0.4346,0.25,0.25,0.25,0.4421,0.4939,0.4124,0.2699,0.2699,0.7548,0.25,0.265,0.25,0.2513,0.25,0.25,0.25,0.4157,0.7111,0.25,0.25,0.4159,0.25,0.25,0.25,0.25,0.6998,0.2643,0.3014,0.25,0.25,0.25,0.3205,0.7899,0.25,0.25,0.25,0.25,0.25,0.2652,0.255,0.6612,0.25,0.3391,0.25,0.25,0.25,0.3811,0.6612,0.3391,0.25,0.25,0.25,0.3478,0.25,0.25,0.25,0.25,0.25,0.6612,0.25,0.2583,0.25,0.25,0.37,0.2512,0.25,0.25,0.6612,0.25,0.25,0.25,0.25,0.6612,0.2742,0.6612,0.3224,0.25,0.3391,0.2742,0.25,0.25,0.2535,0.3052,0.25,0.25,0.25,0.25,0.2643,0.25,0.25,0.25,0.25,0.25,0.2567,0.252,0.2643,0.25,0.25,0.25,0.25,0.25,0.3209,0.25,0.2644,0.2533,0.2674,0.2511,0.2631,0.25,0.25,0.25,0.25,0.25,0.25,0.25,0.2511,0.2511,0.25,0.25,0.25,0.25,0.25,0.2511,0.2538,0.2506,0.25,0.25,0.2506,0.25,0.25
=== Filters ===,,,,,,,,,,,,,,,,,,,,,,,,,,,,,,,,,,,,,,,,,,,,,,,,,,,,,,,,,,,,,,,,,,,,,,,,,,,,,,,,,,,,,,,,,,,,,,,,,,,,,,,,,,,,,,,,,,,,,,,,,,,,,,,,,,,,,,,,,,,,,,,,,,,,,,,,,,,,,,,,,,,,,,,,,,,,,,,,,,,,,,,,,,,,,,,,,,,,,,,,,,,,,,,,,,,,,,,,,,,,,,,,,,,,,,,,,,,,,,,,,,,,,,,,,,,,,,,,,,,,,,,,,,,,,,,,,,,,,,,,,,,,,,,,,,,,,,,,,,,,,,,,,,,,,,,,,,,,,,
Enable RTH Filter,1,1,1,int,LOCKED RTH only,1,1,1,1,1,1,1,1,1,1,1,1,1,1,1,1,1,1,1,1,1,1,1,1,1,1,1,1,1,1,1,1,1,1,1,1,1,1,1,1,1,1,1,1,1,1,1,1,1,1,1,1,1,1,1,1,1,1,1,1,1,1,1,1,1,1,1,1,1,1,1,1,1,1,1,1,1,1,1,1,1,1,1,1,1,1,1,1,1,1,1,1,1,1,1,1,1,1,1,1,1,1,1,1,1,1,1,1,1,1,1,1,1,1,1,1,1,1,1,1,1,1,1,1,1,1,1,1,1,1,1,1,1,1,1,1,1,1,1,1,1,1,1,1,1,1,1,1,1,1,1,1,1,1,1,1,1,1,1,1,1,1,1,1,1,1,1,1,1,1,1,1,1,1,1,1,1,1,1,1,1,1,1,1,1,1,1,1,1,1,1,1,1,1,1,1,1,1,1,1,1,1,1,1,1,1,1,1,1,1,1,1,1,1,1,1,1,1,1,1,1,1,1,1,1,1,1,1,1,1,1,1,1,1,1,1,1,1,1,1,1,1,1,1,1,1,1,1,1,1,1,1,1,1,1,1,1,1,1,1,1,1,1,1,1,1,1,1,1,1,1,1,1,1,1,1,1,1,1,1,1,1,1,1,1,1,1,1,1,1,1,1,1,1,1,1,1,1,1,1,1,1,1,1,1,1,1,1,1,1,1,1,1
RTH Start (HH:MM),09:30,,,str,RTH open Eastern,09:30,09:30,09:30,09:30,09:30,09:30,09:30,09:30,09:30,09:30,09:30,09:30,09:30,09:30,09:30,09:30,09:30,09:30,09:30,09:30,09:30,09:30,09:30,09:30,09:30,09:30,09:30,09:30,09:30,09:30,09:30,09:30,09:30,09:30,09:30,09:30,09:30,09:30,09:30,09:30,09:30,09:30,09:30,09:30,09:30,09:30,09:30,09:30,09:30,09:30,09:30,09:30,09:30,09:30,09:30,09:30,09:30,09:30,09:30,09:30,09:30,09:30,09:30,09:30,09:30,09:30,09:30,09:30,09:30,09:30,09:30,09:30,09:30,09:30,09:30,09:30,09:30,09:30,09:30,09:30,09:30,09:30,09:30,09:30,09:30,09:30,09:30,09:30,09:30,09:30,09:30,09:30,09:30,09:30,09:30,09:30,09:30,09:30,09:30,09:30,09:30,09:30,09:30,09:30,09:30,09:30,09:30,09:30,09:30,09:30,09:30,09:30,09:30,09:30,09:30,09:30,09:30,09:30,09:30,09:30,09:30,09:30,09:30,09:30,09:30,09:30,09:30,09:30,09:30,09:30,09:30,09:30,09:30,09:30,09:30,09:30,09:30,09:30,09:30,09:30,09:30,09:30,09:30,09:30,09:30,09:30,09:30,09:30,09:30,09:30,09:30,09:30,09:30,09:30,09:30,09:30,09:30,09:30,09:30,09:30,09:30,09:30,09:30,09:30,09:30,09:30,09:30,09:30,09:30,09:30,09:30,09:30,09:30,09:30,09:30,09:30,09:30,09:30,09:30,09:30,09:30,09:30,09:30,09:30,09:30,09:30,09:30,09:30,09:30,09:30,09:30,09:30,09:30,09:30,09:30,09:30,09:30,09:30,09:30,09:30,09:30,09:30,09:30,09:30,09:30,09:30,09:30,09:30,09:30,09:30,09:30,09:30,09:30,09:30,09:30,09:30,09:30,09:30,09:30,09:30,09:30,09:30,09:30,09:30,09:30,09:30,09:30,09:30,09:30,09:30,09:30,09:30,09:30,09:30,09:30,09:30,09:30,09:30,09:30,09:30,09:30,09:30,09:30,09:30,09:30,09:30,09:30,09:30,09:30,09:30,09:30,09:30,09:30,09:30,09:30,09:30,09:30,09:30,09:30,09:30,09:30,09:30,09:30,09:30,09:30,09:30,09:30,09:30,09:30,09:30,09:30,09:30,09:30,09:30,09:30,09:30,09:30,09:30,09:30,09:30,09:30,09:30,09:30,09:30,09:30,09:30,09:30,09:30,09:30,09:30,09:30,09:30,09:30,09:30,09:30,09:30,09:30,09:30,09:30,09:30,09:30,09:30,09:30,09:30,09:30,09:30,09:30,09:30,09:30,09:30,09:30,09:30,09:30
RTH End (HH:MM),16:00,,,str,RTH close Eastern,16:00,16:00,16:00,16:00,16:00,16:00,16:00,16:00,16:00,16:00,16:00,16:00,16:00,16:00,16:00,16:00,16:00,16:00,16:00,16:00,16:00,16:00,16:00,16:00,16:00,16:00,16:00,16:00,16:00,16:00,16:00,16:00,16:00,16:00,16:00,16:00,16:00,16:00,16:00,16:00,16:00,16:00,16:00,16:00,16:00,16:00,16:00,16:00,16:00,16:00,16:00,16:00,16:00,16:00,16:00,16:00,16:00,16:00,16:00,16:00,16:00,16:00,16:00,16:00,16:00,16:00,16:00,16:00,16:00,16:00,16:00,16:00,16:00,16:00,16:00,16:00,16:00,16:00,16:00,16:00,16:00,16:00,16:00,16:00,16:00,16:00,16:00,16:00,16:00,16:00,16:00,16:00,16:00,16:00,16:00,16:00,16:00,16:00,16:00,16:00,16:00,16:00,16:00,16:00,16:00,16:00,16:00,16:00,16:00,16:00,16:00,16:00,16:00,16:00,16:00,16:00,16:00,16:00,16:00,16:00,16:00,16:00,16:00,16:00,16:00,16:00,16:00,16:00,16:00,16:00,16:00,16:00,16:00,16:00,16:00,16:00,16:00,16:00,16:00,16:00,16:00,16:00,16:00,16:00,16:00,16:00,16:00,16:00,16:00,16:00,16:00,16:00,16:00,16:00,16:00,16:00,16:00,16:00,16:00,16:00,16:00,16:00,16:00,16:00,16:00,16:00,16:00,16:00,16:00,16:00,16:00,16:00,16:00,16:00,16:00,16:00,16:00,16:00,16:00,16:00,16:00,16:00,16:00,16:00,16:00,16:00,16:00,16:00,16:00,16:00,16:00,16:00,16:00,16:00,16:00,16:00,16:00,16:00,16:00,16:00,16:00,16:00,16:00,16:00,16:00,16:00,16:00,16:00,16:00,16:00,16:00,16:00,16:00,16:00,16:00,16:00,16:00,16:00,16:00,16:00,16:00,16:00,16:00,16:00,16:00,16:00,16:00,16:00,16:00,16:00,16:00,16:00,16:00,16:00,16:00,16:00,16:00,16:00,16:00,16:00,16:00,16:00,16:00,16:00,16:00,16:00,16:00,16:00,16:00,16:00,16:00,16:00,16:00,16:00,16:00,16:00,16:00,16:00,16:00,16:00,16:00,16:00,16:00,16:00,16:00,16:00,16:00,16:00,16:00,16:00,16:00,16:00,16:00,16:00,16:00,16:00,16:00,16:00,16:00,16:00,16:00,16:00,16:00,16:00,16:00,16:00,16:00,16:00,16:00,16:00,16:00,16:00,16:00,16:00,16:00,16:00,16:00,16:00,16:00,16:00,16:00,16:00,16:00,16:00,16:00,16:00,16:00,16:00,16:00,16:00,16:00,16:00,16:00
RTH Exit Buffer (minutes),5,5,5,int,LOCKED flatten before close,5,5,5,5,5,5,5,5,5,5,5,5,5,5,5,5,5,5,5,5,5,5,5,5,5,5,5,5,5,5,5,5,5,5,5,5,5,5,5,5,5,5,5,5,5,5,5,5,5,5,5,5,5,5,5,5,5,5,5,5,5,5,5,5,5,5,5,5,5,5,5,5,5,5,5,5,5,5,5,5,5,5,5,5,5,5,5,5,5,5,5,5,5,5,5,5,5,5,5,5,5,5,5,5,5,5,5,5,5,5,5,5,5,5,5,5,5,5,5,5,5,5,5,5,5,5,5,5,5,5,5,5,5,5,5,5,5,5,5,5,5,5,5,5,5,5,5,5,5,5,5,5,5,5,5,5,5,5,5,5,5,5,5,5,5,5,5,5,5,5,5,5,5,5,5,5,5,5,5,5,5,5,5,5,5,5,5,5,5,5,5,5,5,5,5,5,5,5,5,5,5,5,5,5,5,5,5,5,5,5,5,5,5,5,5,5,5,5,5,5,5,5,5,5,5,5,5,5,5,5,5,5,5,5,5,5,5,5,5,5,5,5,5,5,5,5,5,5,5,5,5,5,5,5,5,5,5,5,5,5,5,5,5,5,5,5,5,5,5,5,5,5,5,5,5,5,5,5,5,5,5,5,5,5,5,5,5,5,5,5,5,5,5,5,5,5,5,5,5,5,5,5,5,5,5,5,5,5,5,5,5,5,5
Enable Maintenance Filter,1,1,1,int,LOCKED,1,1,1,1,1,1,1,1,1,1,1,1,1,1,1,1,1,1,1,1,1,1,1,1,1,1,1,1,1,1,1,1,1,1,1,1,1,1,1,1,1,1,1,1,1,1,1,1,1,1,1,1,1,1,1,1,1,1,1,1,1,1,1,1,1,1,1,1,1,1,1,1,1,1,1,1,1,1,1,1,1,1,1,1,1,1,1,1,1,1,1,1,1,1,1,1,1,1,1,1,1,1,1,1,1,1,1,1,1,1,1,1,1,1,1,1,1,1,1,1,1,1,1,1,1,1,1,1,1,1,1,1,1,1,1,1,1,1,1,1,1,1,1,1,1,1,1,1,1,1,1,1,1,1,1,1,1,1,1,1,1,1,1,1,1,1,1,1,1,1,1,1,1,1,1,1,1,1,1,1,1,1,1,1,1,1,1,1,1,1,1,1,1,1,1,1,1,1,1,1,1,1,1,1,1,1,1,1,1,1,1,1,1,1,1,1,1,1,1,1,1,1,1,1,1,1,1,1,1,1,1,1,1,1,1,1,1,1,1,1,1,1,1,1,1,1,1,1,1,1,1,1,1,1,1,1,1,1,1,1,1,1,1,1,1,1,1,1,1,1,1,1,1,1,1,1,1,1,1,1,1,1,1,1,1,1,1,1,1,1,1,1,1,1,1,1,1,1,1,1,1,1,1,1,1,1,1,1,1,1,1,1,1
Daily Maintenance Start (HH:MM),17:00,,,str,Daily maintenance start,17:00,17:00,17:00,17:00,17:00,17:00,17:00,17:00,17:00,17:00,17:00,17:00,17:00,17:00,17:00,17:00,17:00,17:00,17:00,17:00,17:00,17:00,17:00,17:00,17:00,17:00,17:00,17:00,17:00,17:00,17:00,17:00,17:00,17:00,17:00,17:00,17:00,17:00,17:00,17:00,17:00,17:00,17:00,17:00,17:00,17:00,17:00,17:00,17:00,17:00,17:00,17:00,17:00,17:00,17:00,17:00,17:00,17:00,17:00,17:00,17:00,17:00,17:00,17:00,17:00,17:00,17:00,17:00,17:00,17:00,17:00,17:00,17:00,17:00,17:00,17:00,17:00,17:00,17:00,17:00,17:00,17:00,17:00,17:00,17:00,17:00,17:00,17:00,17:00,17:00,17:00,17:00,17:00,17:00,17:00,17:00,17:00,17:00,17:00,17:00,17:00,17:00,17:00,17:00,17:00,17:00,17:00,17:00,17:00,17:00,17:00,17:00,17:00,17:00,17:00,17:00,17:00,17:00,17:00,17:00,17:00,17:00,17:00,17:00,17:00,17:00,17:00,17:00,17:00,17:00,17:00,17:00,17:00,17:00,17:00,17:00,17:00,17:00,17:00,17:00,17:00,17:00,17:00,17:00,17:00,17:00,17:00,17:00,17:00,17:00,17:00,17:00,17:00,17:00,17:00,17:00,17:00,17:00,17:00,17:00,17:00,17:00,17:00,17:00,17:00,17:00,17:00,17:00,17:00,17:00,17:00,17:00,17:00,17:00,17:00,17:00,17:00,17:00,17:00,17:00,17:00,17:00,17:00,17:00,17:00,17:00,17:00,17:00,17:00,17:00,17:00,17:00,17:00,17:00,17:00,17:00,17:00,17:00,17:00,17:00,17:00,17:00,17:00,17:00,17:00,17:00,17:00,17:00,17:00,17:00,17:00,17:00,17:00,17:00,17:00,17:00,17:00,17:00,17:00,17:00,17:00,17:00,17:00,17:00,17:00,17:00,17:00,17:00,17:00,17:00,17:00,17:00,17:00,17:00,17:00,17:00,17:00,17:00,17:00,17:00,17:00,17:00,17:00,17:00,17:00,17:00,17:00,17:00,17:00,17:00,17:00,17:00,17:00,17:00,17:00,17:00,17:00,17:00,17:00,17:00,17:00,17:00,17:00,17:00,17:00,17:00,17:00,17:00,17:00,17:00,17:00,17:00,17:00,17:00,17:00,17:00,17:00,17:00,17:00,17:00,17:00,17:00,17:00,17:00,17:00,17:00,17:00,17:00,17:00,17:00,17:00,17:00,17:00,17:00,17:00,17:00,17:00,17:00,17:00,17:00,17:00,17:00,17:00,17:00,17:00,17:00,17:00,17:00,17:00,17:00,17:00,17:00,17:00
Daily Maintenance End (HH:MM),17:30,,,str,Daily maintenance end,17:30,17:30,17:30,17:30,17:30,17:30,17:30,17:30,17:30,17:30,17:30,17:30,17:30,17:30,17:30,17:30,17:30,17:30,17:30,17:30,17:30,17:30,17:30,17:30,17:30,17:30,17:30,17:30,17:30,17:30,17:30,17:30,17:30,17:30,17:30,17:30,17:30,17:30,17:30,17:30,17:30,17:30,17:30,17:30,17:30,17:30,17:30,17:30,17:30,17:30,17:30,17:30,17:30,17:30,17:30,17:30,17:30,17:30,17:30,17:30,17:30,17:30,17:30,17:30,17:30,17:30,17:30,17:30,17:30,17:30,17:30,17:30,17:30,17:30,17:30,17:30,17:30,17:30,17:30,17:30,17:30,17:30,17:30,17:30,17:30,17:30,17:30,17:30,17:30,17:30,17:30,17:30,17:30,17:30,17:30,17:30,17:30,17:30,17:30,17:30,17:30,17:30,17:30,17:30,17:30,17:30,17:30,17:30,17:30,17:30,17:30,17:30,17:30,17:30,17:30,17:30,17:30,17:30,17:30,17:30,17:30,17:30,17:30,17:30,17:30,17:30,17:30,17:30,17:30,17:30,17:30,17:30,17:30,17:30,17:30,17:30,17:30,17:30,17:30,17:30,17:30,17:30,17:30,17:30,17:30,17:30,17:30,17:30,17:30,17:30,17:30,17:30,17:30,17:30,17:30,17:30,17:30,17:30,17:30,17:30,17:30,17:30,17:30,17:30,17:30,17:30,17:30,17:30,17:30,17:30,17:30,17:30,17:30,17:30,17:30,17:30,17:30,17:30,17:30,17:30,17:30,17:30,17:30,17:30,17:30,17:30,17:30,17:30,17:30,17:30,17:30,17:30,17:30,17:30,17:30,17:30,17:30,17:30,17:30,17:30,17:30,17:30,17:30,17:30,17:30,17:30,17:30,17:30,17:30,17:30,17:30,17:30,17:30,17:30,17:30,17:30,17:30,17:30,17:30,17:30,17:30,17:30,17:30,17:30,17:30,17:30,17:30,17:30,17:30,17:30,17:30,17:30,17:30,17:30,17:30,17:30,17:30,17:30,17:30,17:30,17:30,17:30,17:30,17:30,17:30,17:30,17:30,17:30,17:30,17:30,17:30,17:30,17:30,17:30,17:30,17:30,17:30,17:30,17:30,17:30,17:30,17:30,17:30,17:30,17:30,17:30,17:30,17:30,17:30,17:30,17:30,17:30,17:30,17:30,17:30,17:30,17:30,17:30,17:30,17:30,17:30,17:30,17:30,17:30,17:30,17:30,17:30,17:30,17:30,17:30,17:30,17:30,17:30,17:30,17:30,17:30,17:30,17:30,17:30,17:30,17:30,17:30,17:30,17:30,17:30,17:30,17:30,17:30,17:30,17:30,17:30,17:30,17:30
Weekend Maintenance Start Day,4,4,4,int,Friday,4,4,4,4,4,4,4,4,4,4,4,4,4,4,4,4,4,4,4,4,4,4,4,4,4,4,4,4,4,4,4,4,4,4,4,4,4,4,4,4,4,4,4,4,4,4,4,4,4,4,4,4,4,4,4,4,4,4,4,4,4,4,4,4,4,4,4,4,4,4,4,4,4,4,4,4,4,4,4,4,4,4,4,4,4,4,4,4,4,4,4,4,4,4,4,4,4,4,4,4,4,4,4,4,4,4,4,4,4,4,4,4,4,4,4,4,4,4,4,4,4,4,4,4,4,4,4,4,4,4,4,4,4,4,4,4,4,4,4,4,4,4,4,4,4,4,4,4,4,4,4,4,4,4,4,4,4,4,4,4,4,4,4,4,4,4,4,4,4,4,4,4,4,4,4,4,4,4,4,4,4,4,4,4,4,4,4,4,4,4,4,4,4,4,4,4,4,4,4,4,4,4,4,4,4,4,4,4,4,4,4,4,4,4,4,4,4,4,4,4,4,4,4,4,4,4,4,4,4,4,4,4,4,4,4,4,4,4,4,4,4,4,4,4,4,4,4,4,4,4,4,4,4,4,4,4,4,4,4,4,4,4,4,4,4,4,4,4,4,4,4,4,4,4,4,4,4,4,4,4,4,4,4,4,4,4,4,4,4,4,4,4,4,4,4,4,4,4,4,4,4,4,4,4,4,4,4,4,4,4,4,4,4
Weekend Maintenance Start Time (HH:MM),17:00,,,str,Friday maintenance start,17:00,17:00,17:00,17:00,17:00,17:00,17:00,17:00,17:00,17:00,17:00,17:00,17:00,17:00,17:00,17:00,17:00,17:00,17:00,17:00,17:00,17:00,17:00,17:00,17:00,17:00,17:00,17:00,17:00,17:00,17:00,17:00,17:00,17:00,17:00,17:00,17:00,17:00,17:00,17:00,17:00,17:00,17:00,17:00,17:00,17:00,17:00,17:00,17:00,17:00,17:00,17:00,17:00,17:00,17:00,17:00,17:00,17:00,17:00,17:00,17:00,17:00,17:00,17:00,17:00,17:00,17:00,17:00,17:00,17:00,17:00,17:00,17:00,17:00,17:00,17:00,17:00,17:00,17:00,17:00,17:00,17:00,17:00,17:00,17:00,17:00,17:00,17:00,17:00,17:00,17:00,17:00,17:00,17:00,17:00,17:00,17:00,17:00,17:00,17:00,17:00,17:00,17:00,17:00,17:00,17:00,17:00,17:00,17:00,17:00,17:00,17:00,17:00,17:00,17:00,17:00,17:00,17:00,17:00,17:00,17:00,17:00,17:00,17:00,17:00,17:00,17:00,17:00,17:00,17:00,17:00,17:00,17:00,17:00,17:00,17:00,17:00,17:00,17:00,17:00,17:00,17:00,17:00,17:00,17:00,17:00,17:00,17:00,17:00,17:00,17:00,17:00,17:00,17:00,17:00,17:00,17:00,17:00,17:00,17:00,17:00,17:00,17:00,17:00,17:00,17:00,17:00,17:00,17:00,17:00,17:00,17:00,17:00,17:00,17:00,17:00,17:00,17:00,17:00,17:00,17:00,17:00,17:00,17:00,17:00,17:00,17:00,17:00,17:00,17:00,17:00,17:00,17:00,17:00,17:00,17:00,17:00,17:00,17:00,17:00,17:00,17:00,17:00,17:00,17:00,17:00,17:00,17:00,17:00,17:00,17:00,17:00,17:00,17:00,17:00,17:00,17:00,17:00,17:00,17:00,17:00,17:00,17:00,17:00,17:00,17:00,17:00,17:00,17:00,17:00,17:00,17:00,17:00,17:00,17:00,17:00,17:00,17:00,17:00,17:00,17:00,17:00,17:00,17:00,17:00,17:00,17:00,17:00,17:00,17:00,17:00,17:00,17:00,17:00,17:00,17:00,17:00,17:00,17:00,17:00,17:00,17:00,17:00,17:00,17:00,17:00,17:00,17:00,17:00,17:00,17:00,17:00,17:00,17:00,17:00,17:00,17:00,17:00,17:00,17:00,17:00,17:00,17:00,17:00,17:00,17:00,17:00,17:00,17:00,17:00,17:00,17:00,17:00,17:00,17:00,17:00,17:00,17:00,17:00,17:00,17:00,17:00,17:00,17:00,17:00,17:00,17:00,17:00,17:00,17:00,17:00,17:00,17:00
Weekend Maintenance End Day,6,6,6,int,Sunday,6,6,6,6,6,6,6,6,6,6,6,6,6,6,6,6,6,6,6,6,6,6,6,6,6,6,6,6,6,6,6,6,6,6,6,6,6,6,6,6,6,6,6,6,6,6,6,6,6,6,6,6,6,6,6,6,6,6,6,6,6,6,6,6,6,6,6,6,6,6,6,6,6,6,6,6,6,6,6,6,6,6,6,6,6,6,6,6,6,6,6,6,6,6,6,6,6,6,6,6,6,6,6,6,6,6,6,6,6,6,6,6,6,6,6,6,6,6,6,6,6,6,6,6,6,6,6,6,6,6,6,6,6,6,6,6,6,6,6,6,6,6,6,6,6,6,6,6,6,6,6,6,6,6,6,6,6,6,6,6,6,6,6,6,6,6,6,6,6,6,6,6,6,6,6,6,6,6,6,6,6,6,6,6,6,6,6,6,6,6,6,6,6,6,6,6,6,6,6,6,6,6,6,6,6,6,6,6,6,6,6,6,6,6,6,6,6,6,6,6,6,6,6,6,6,6,6,6,6,6,6,6,6,6,6,6,6,6,6,6,6,6,6,6,6,6,6,6,6,6,6,6,6,6,6,6,6,6,6,6,6,6,6,6,6,6,6,6,6,6,6,6,6,6,6,6,6,6,6,6,6,6,6,6,6,6,6,6,6,6,6,6,6,6,6,6,6,6,6,6,6,6,6,6,6,6,6,6,6,6,6,6,6
Weekend Maintenance End Time (HH:MM),18:00,,,str,Sunday maintenance end,18:00,18:00,18:00,18:00,18:00,18:00,18:00,18:00,18:00,18:00,18:00,18:00,18:00,18:00,18:00,18:00,18:00,18:00,18:00,18:00,18:00,18:00,18:00,18:00,18:00,18:00,18:00,18:00,18:00,18:00,18:00,18:00,18:00,18:00,18:00,18:00,18:00,18:00,18:00,18:00,18:00,18:00,18:00,18:00,18:00,18:00,18:00,18:00,18:00,18:00,18:00,18:00,18:00,18:00,18:00,18:00,18:00,18:00,18:00,18:00,18:00,18:00,18:00,18:00,18:00,18:00,18:00,18:00,18:00,18:00,18:00,18:00,18:00,18:00,18:00,18:00,18:00,18:00,18:00,18:00,18:00,18:00,18:00,18:00,18:00,18:00,18:00,18:00,18:00,18:00,18:00,18:00,18:00,18:00,18:00,18:00,18:00,18:00,18:00,18:00,18:00,18:00,18:00,18:00,18:00,18:00,18:00,18:00,18:00,18:00,18:00,18:00,18:00,18:00,18:00,18:00,18:00,18:00,18:00,18:00,18:00,18:00,18:00,18:00,18:00,18:00,18:00,18:00,18:00,18:00,18:00,18:00,18:00,18:00,18:00,18:00,18:00,18:00,18:00,18:00,18:00,18:00,18:00,18:00,18:00,18:00,18:00,18:00,18:00,18:00,18:00,18:00,18:00,18:00,18:00,18:00,18:00,18:00,18:00,18:00,18:00,18:00,18:00,18:00,18:00,18:00,18:00,18:00,18:00,18:00,18:00,18:00,18:00,18:00,18:00,18:00,18:00,18:00,18:00,18:00,18:00,18:00,18:00,18:00,18:00,18:00,18:00,18:00,18:00,18:00,18:00,18:00,18:00,18:00,18:00,18:00,18:00,18:00,18:00,18:00,18:00,18:00,18:00,18:00,18:00,18:00,18:00,18:00,18:00,18:00,18:00,18:00,18:00,18:00,18:00,18:00,18:00,18:00,18:00,18:00,18:00,18:00,18:00,18:00,18:00,18:00,18:00,18:00,18:00,18:00,18:00,18:00,18:00,18:00,18:00,18:00,18:00,18:00,18:00,18:00,18:00,18:00,18:00,18:00,18:00,18:00,18:00,18:00,18:00,18:00,18:00,18:00,18:00,18:00,18:00,18:00,18:00,18:00,18:00,18:00,18:00,18:00,18:00,18:00,18:00,18:00,18:00,18:00,18:00,18:00,18:00,18:00,18:00,18:00,18:00,18:00,18:00,18:00,18:00,18:00,18:00,18:00,18:00,18:00,18:00,18:00,18:00,18:00,18:00,18:00,18:00,18:00,18:00,18:00,18:00,18:00,18:00,18:00,18:00,18:00,18:00,18:00,18:00,18:00,18:00,18:00,18:00,18:00,18:00,18:00,18:00,18:00,18:00
Maintenance Buffer Minutes,44,44,44,int,LOCKED exit force-flat buffer before maintenance (g75 mode 87%),44,44,44,44,44,44,44,44,44,44,44,44,44,44,44,44,44,44,44,44,44,44,44,44,44,44,44,44,44,44,44,44,44,44,44,44,44,44,44,44,44,44,44,44,44,44,44,44,44,44,44,44,44,44,44,44,44,44,44,44,44,44,44,44,44,44,44,44,44,44,44,44,44,44,44,44,44,44,44,44,44,44,44,44,44,44,44,44,44,44,44,44,44,44,44,44,44,44,44,44,44,44,44,44,44,44,44,44,44,44,44,44,44,44,44,44,44,44,44,44,44,44,44,44,44,44,44,44,44,44,44,44,44,44,44,44,44,44,44,44,44,44,44,44,44,44,44,44,44,44,44,44,44,44,44,44,44,44,44,44,44,44,44,44,44,44,44,44,44,44,44,44,44,44,44,44,44,44,44,44,44,44,44,44,44,44,44,44,44,44,44,44,44,44,44,44,44,44,44,44,44,44,44,44,44,44,44,44,44,44,44,44,44,44,44,44,44,44,44,44,44,44,44,44,44,44,44,44,44,44,44,44,44,44,44,44,44,44,44,44,44,44,44,44,44,44,44,44,44,44,44,44,44,44,44,44,44,44,44,44,44,44,44,44,44,44,44,44,44,44,44,44,44,44,44,44,44,44,44,44,44,44,44,44,44,44,44,44,44,44,44,44,44,44,44,44,44,44,44,44,44,44,44,44,44,44,44,44,44,44,44,44,44
Maintenance Entry Buffer (minutes),105,105,105,int,LOCKED block new entries within N min of maint/RTH force-flat (g75 HOF mode),105,105,105,105,105,105,105,105,105,105,105,105,105,105,105,105,105,105,105,105,105,105,105,105,105,105,105,105,105,105,105,105,105,105,105,105,105,105,105,105,105,105,105,105,105,105,105,105,105,105,105,105,105,105,105,105,105,105,105,105,105,105,105,105,105,105,105,105,105,105,105,105,105,105,105,105,105,105,105,105,105,105,105,105,105,105,105,105,105,105,105,105,105,105,105,105,105,105,105,105,105,105,105,105,105,105,105,105,105,105,105,105,105,105,105,105,105,105,105,105,105,105,105,105,105,105,105,105,105,105,105,105,105,105,105,105,105,105,105,105,105,105,105,105,105,105,105,105,105,105,105,105,105,105,105,105,105,105,105,105,105,105,105,105,105,105,105,105,105,105,105,105,105,105,105,105,105,105,105,105,105,105,105,105,105,105,105,105,105,105,105,105,105,105,105,105,105,105,105,105,105,105,105,105,105,105,105,105,105,105,105,105,105,105,105,105,105,105,105,105,105,105,105,105,105,105,105,105,105,105,105,105,105,105,105,105,105,105,105,105,105,105,105,105,105,105,105,105,105,105,105,105,105,105,105,105,105,105,105,105,105,105,105,105,105,105,105,105,105,105,105,105,105,105,105,105,105,105,105,105,105,105,105,105,105,105,105,105,105,105,105,105,105,105,105,105,105,105,105,105,105,105,105,105,105,105,105,105,105,105,105,105,105
=== Exit Logic ===,,,,,,,,,,,,,,,,,,,,,,,,,,,,,,,,,,,,,,,,,,,,,,,,,,,,,,,,,,,,,,,,,,,,,,,,,,,,,,,,,,,,,,,,,,,,,,,,,,,,,,,,,,,,,,,,,,,,,,,,,,,,,,,,,,,,,,,,,,,,,,,,,,,,,,,,,,,,,,,,,,,,,,,,,,,,,,,,,,,,,,,,,,,,,,,,,,,,,,,,,,,,,,,,,,,,,,,,,,,,,,,,,,,,,,,,,,,,,,,,,,,,,,,,,,,,,,,,,,,,,,,,,,,,,,,,,,,,,,,,,,,,,,,,,,,,,,,,,,,,,,,,,,,,,,,,,,,,,,
Enable Stop Loss,1,1,1,int,LOCKED origin-zone stop on,1,1,1,1,1,1,1,1,1,1,1,1,1,1,1,1,1,1,1,1,1,1,1,1,1,1,1,1,1,1,1,1,1,1,1,1,1,1,1,1,1,1,1,1,1,1,1,1,1,1,1,1,1,1,1,1,1,1,1,1,1,1,1,1,1,1,1,1,1,1,1,1,1,1,1,1,1,1,1,1,1,1,1,1,1,1,1,1,1,1,1,1,1,1,1,1,1,1,1,1,1,1,1,1,1,1,1,1,1,1,1,1,1,1,1,1,1,1,1,1,1,1,1,1,1,1,1,1,1,1,1,1,1,1,1,1,1,1,1,1,1,1,1,1,1,1,1,1,1,1,1,1,1,1,1,1,1,1,1,1,1,1,1,1,1,1,1,1,1,1,1,1,1,1,1,1,1,1,1,1,1,1,1,1,1,1,1,1,1,1,1,1,1,1,1,1,1,1,1,1,1,1,1,1,1,1,1,1,1,1,1,1,1,1,1,1,1,1,1,1,1,1,1,1,1,1,1,1,1,1,1,1,1,1,1,1,1,1,1,1,1,1,1,1,1,1,1,1,1,1,1,1,1,1,1,1,1,1,1,1,1,1,1,1,1,1,1,1,1,1,1,1,1,1,1,1,1,1,1,1,1,1,1,1,1,1,1,1,1,1,1,1,1,1,1,1,1,1,1,1,1,1,1,1,1,1,1,1,1,1,1,1,1
Stop ATR Multiplier,1.0,1.0,1.0,float,Unused (stop from zone edge + pad),1.0,1.0,1.0,1.0,1.0,1.0,1.0,1.0,1.0,1.0,1.0,1.0,1.0,1.0,1.0,1.0,1.0,1.0,1.0,1.0,1.0,1.0,1.0,1.0,1.0,1.0,1.0,1.0,1.0,1.0,1.0,1.0,1.0,1.0,1.0,1.0,1.0,1.0,1.0,1.0,1.0,1.0,1.0,1.0,1.0,1.0,1.0,1.0,1.0,1.0,1.0,1.0,1.0,1.0,1.0,1.0,1.0,1.0,1.0,1.0,1.0,1.0,1.0,1.0,1.0,1.0,1.0,1.0,1.0,1.0,1.0,1.0,1.0,1.0,1.0,1.0,1.0,1.0,1.0,1.0,1.0,1.0,1.0,1.0,1.0,1.0,1.0,1.0,1.0,1.0,1.0,1.0,1.0,1.0,1.0,1.0,1.0,1.0,1.0,1.0,1.0,1.0,1.0,1.0,1.0,1.0,1.0,1.0,1.0,1.0,1.0,1.0,1.0,1.0,1.0,1.0,1.0,1.0,1.0,1.0,1.0,1.0,1.0,1.0,1.0,1.0,1.0,1.0,1.0,1.0,1.0,1.0,1.0,1.0,1.0,1.0,1.0,1.0,1.0,1.0,1.0,1.0,1.0,1.0,1.0,1.0,1.0,1.0,1.0,1.0,1.0,1.0,1.0,1.0,1.0,1.0,1.0,1.0,1.0,1.0,1.0,1.0,1.0,1.0,1.0,1.0,1.0,1.0,1.0,1.0,1.0,1.0,1.0,1.0,1.0,1.0,1.0,1.0,1.0,1.0,1.0,1.0,1.0,1.0,1.0,1.0,1.0,1.0,1.0,1.0,1.0,1.0,1.0,1.0,1.0,1.0,1.0,1.0,1.0,1.0,1.0,1.0,1.0,1.0,1.0,1.0,1.0,1.0,1.0,1.0,1.0,1.0,1.0,1.0,1.0,1.0,1.0,1.0,1.0,1.0,1.0,1.0,1.0,1.0,1.0,1.0,1.0,1.0,1.0,1.0,1.0,1.0,1.0,1.0,1.0,1.0,1.0,1.0,1.0,1.0,1.0,1.0,1.0,1.0,1.0,1.0,1.0,1.0,1.0,1.0,1.0,1.0,1.0,1.0,1.0,1.0,1.0,1.0,1.0,1.0,1.0,1.0,1.0,1.0,1.0,1.0,1.0,1.0,1.0,1.0,1.0,1.0,1.0,1.0,1.0,1.0,1.0,1.0,1.0,1.0,1.0,1.0,1.0,1.0,1.0,1.0,1.0,1.0,1.0,1.0,1.0,1.0,1.0,1.0,1.0,1.0,1.0,1.0,1.0,1.0,1.0,1.0,1.0,1.0,1.0,1.0,1.0,1.0,1.0,1.0,1.0,1.0,1.0
Enable Take Profit,0,0,0,int,LOCKED off (opposite-zone exit),0,0,0,0,0,0,0,0,0,0,0,0,0,0,0,0,0,0,0,0,0,0,0,0,0,0,0,0,0,0,0,0,0,0,0,0,0,0,0,0,0,0,0,0,0,0,0,0,0,0,0,0,0,0,0,0,0,0,0,0,0,0,0,0,0,0,0,0,0,0,0,0,0,0,0,0,0,0,0,0,0,0,0,0,0,0,0,0,0,0,0,0,0,0,0,0,0,0,0,0,0,0,0,0,0,0,0,0,0,0,0,0,0,0,0,0,0,0,0,0,0,0,0,0,0,0,0,0,0,0,0,0,0,0,0,0,0,0,0,0,0,0,0,0,0,0,0,0,0,0,0,0,0,0,0,0,0,0,0,0,0,0,0,0,0,0,0,0,0,0,0,0,0,0,0,0,0,0,0,0,0,0,0,0,0,0,0,0,0,0,0,0,0,0,0,0,0,0,0,0,0,0,0,0,0,0,0,0,0,0,0,0,0,0,0,0,0,0,0,0,0,0,0,0,0,0,0,0,0,0,0,0,0,0,0,0,0,0,0,0,0,0,0,0,0,0,0,0,0,0,0,0,0,0,0,0,0,0,0,0,0,0,0,0,0,0,0,0,0,0,0,0,0,0,0,0,0,0,0,0,0,0,0,0,0,0,0,0,0,0,0,0,0,0,0,0,0,0,0,0,0,0,0,0,0,0,0,0,0,0,0,0,0
Take Profit ATR Multiplier,2.0,2.0,2.0,float,Unused,2.0,2.0,2.0,2.0,2.0,2.0,2.0,2.0,2.0,2.0,2.0,2.0,2.0,2.0,2.0,2.0,2.0,2.0,2.0,2.0,2.0,2.0,2.0,2.0,2.0,2.0,2.0,2.0,2.0,2.0,2.0,2.0,2.0,2.0,2.0,2.0,2.0,2.0,2.0,2.0,2.0,2.0,2.0,2.0,2.0,2.0,2.0,2.0,2.0,2.0,2.0,2.0,2.0,2.0,2.0,2.0,2.0,2.0,2.0,2.0,2.0,2.0,2.0,2.0,2.0,2.0,2.0,2.0,2.0,2.0,2.0,2.0,2.0,2.0,2.0,2.0,2.0,2.0,2.0,2.0,2.0,2.0,2.0,2.0,2.0,2.0,2.0,2.0,2.0,2.0,2.0,2.0,2.0,2.0,2.0,2.0,2.0,2.0,2.0,2.0,2.0,2.0,2.0,2.0,2.0,2.0,2.0,2.0,2.0,2.0,2.0,2.0,2.0,2.0,2.0,2.0,2.0,2.0,2.0,2.0,2.0,2.0,2.0,2.0,2.0,2.0,2.0,2.0,2.0,2.0,2.0,2.0,2.0,2.0,2.0,2.0,2.0,2.0,2.0,2.0,2.0,2.0,2.0,2.0,2.0,2.0,2.0,2.0,2.0,2.0,2.0,2.0,2.0,2.0,2.0,2.0,2.0,2.0,2.0,2.0,2.0,2.0,2.0,2.0,2.0,2.0,2.0,2.0,2.0,2.0,2.0,2.0,2.0,2.0,2.0,2.0,2.0,2.0,2.0,2.0,2.0,2.0,2.0,2.0,2.0,2.0,2.0,2.0,2.0,2.0,2.0,2.0,2.0,2.0,2.0,2.0,2.0,2.0,2.0,2.0,2.0,2.0,2.0,2.0,2.0,2.0,2.0,2.0,2.0,2.0,2.0,2.0,2.0,2.0,2.0,2.0,2.0,2.0,2.0,2.0,2.0,2.0,2.0,2.0,2.0,2.0,2.0,2.0,2.0,2.0,2.0,2.0,2.0,2.0,2.0,2.0,2.0,2.0,2.0,2.0,2.0,2.0,2.0,2.0,2.0,2.0,2.0,2.0,2.0,2.0,2.0,2.0,2.0,2.0,2.0,2.0,2.0,2.0,2.0,2.0,2.0,2.0,2.0,2.0,2.0,2.0,2.0,2.0,2.0,2.0,2.0,2.0,2.0,2.0,2.0,2.0,2.0,2.0,2.0,2.0,2.0,2.0,2.0,2.0,2.0,2.0,2.0,2.0,2.0,2.0,2.0,2.0,2.0,2.0,2.0,2.0,2.0,2.0,2.0,2.0,2.0,2.0,2.0,2.0,2.0,2.0,2.0,2.0,2.0,2.0,2.0,2.0,2.0
Enable Trailing Stop,0,0,0,int,LOCKED off (classic ATR trail),0,0,0,0,0,0,0,0,0,0,0,0,0,0,0,0,0,0,0,0,0,0,0,0,0,0,0,0,0,0,0,0,0,0,0,0,0,0,0,0,0,0,0,0,0,0,0,0,0,0,0,0,0,0,0,0,0,0,0,0,0,0,0,0,0,0,0,0,0,0,0,0,0,0,0,0,0,0,0,0,0,0,0,0,0,0,0,0,0,0,0,0,0,0,0,0,0,0,0,0,0,0,0,0,0,0,0,0,0,0,0,0,0,0,0,0,0,0,0,0,0,0,0,0,0,0,0,0,0,0,0,0,0,0,0,0,0,0,0,0,0,0,0,0,0,0,0,0,0,0,0,0,0,0,0,0,0,0,0,0,0,0,0,0,0,0,0,0,0,0,0,0,0,0,0,0,0,0,0,0,0,0,0,0,0,0,0,0,0,0,0,0,0,0,0,0,0,0,0,0,0,0,0,0,0,0,0,0,0,0,0,0,0,0,0,0,0,0,0,0,0,0,0,0,0,0,0,0,0,0,0,0,0,0,0,0,0,0,0,0,0,0,0,0,0,0,0,0,0,0,0,0,0,0,0,0,0,0,0,0,0,0,0,0,0,0,0,0,0,0,0,0,0,0,0,0,0,0,0,0,0,0,0,0,0,0,0,0,0,0,0,0,0,0,0,0,0,0,0,0,0,0,0,0,0,0,0,0,0,0,0,0,0
Trailing Delay (bars),1,1,1,int,Unused,1,1,1,1,1,1,1,1,1,1,1,1,1,1,1,1,1,1,1,1,1,1,1,1,1,1,1,1,1,1,1,1,1,1,1,1,1,1,1,1,1,1,1,1,1,1,1,1,1,1,1,1,1,1,1,1,1,1,1,1,1,1,1,1,1,1,1,1,1,1,1,1,1,1,1,1,1,1,1,1,1,1,1,1,1,1,1,1,1,1,1,1,1,1,1,1,1,1,1,1,1,1,1,1,1,1,1,1,1,1,1,1,1,1,1,1,1,1,1,1,1,1,1,1,1,1,1,1,1,1,1,1,1,1,1,1,1,1,1,1,1,1,1,1,1,1,1,1,1,1,1,1,1,1,1,1,1,1,1,1,1,1,1,1,1,1,1,1,1,1,1,1,1,1,1,1,1,1,1,1,1,1,1,1,1,1,1,1,1,1,1,1,1,1,1,1,1,1,1,1,1,1,1,1,1,1,1,1,1,1,1,1,1,1,1,1,1,1,1,1,1,1,1,1,1,1,1,1,1,1,1,1,1,1,1,1,1,1,1,1,1,1,1,1,1,1,1,1,1,1,1,1,1,1,1,1,1,1,1,1,1,1,1,1,1,1,1,1,1,1,1,1,1,1,1,1,1,1,1,1,1,1,1,1,1,1,1,1,1,1,1,1,1,1,1,1,1,1,1,1,1,1,1,1,1,1,1,1,1,1,1,1,1
ATR Multiplier for Trailing Stop,2.0,2.0,2.0,float,Unused,2.0,2.0,2.0,2.0,2.0,2.0,2.0,2.0,2.0,2.0,2.0,2.0,2.0,2.0,2.0,2.0,2.0,2.0,2.0,2.0,2.0,2.0,2.0,2.0,2.0,2.0,2.0,2.0,2.0,2.0,2.0,2.0,2.0,2.0,2.0,2.0,2.0,2.0,2.0,2.0,2.0,2.0,2.0,2.0,2.0,2.0,2.0,2.0,2.0,2.0,2.0,2.0,2.0,2.0,2.0,2.0,2.0,2.0,2.0,2.0,2.0,2.0,2.0,2.0,2.0,2.0,2.0,2.0,2.0,2.0,2.0,2.0,2.0,2.0,2.0,2.0,2.0,2.0,2.0,2.0,2.0,2.0,2.0,2.0,2.0,2.0,2.0,2.0,2.0,2.0,2.0,2.0,2.0,2.0,2.0,2.0,2.0,2.0,2.0,2.0,2.0,2.0,2.0,2.0,2.0,2.0,2.0,2.0,2.0,2.0,2.0,2.0,2.0,2.0,2.0,2.0,2.0,2.0,2.0,2.0,2.0,2.0,2.0,2.0,2.0,2.0,2.0,2.0,2.0,2.0,2.0,2.0,2.0,2.0,2.0,2.0,2.0,2.0,2.0,2.0,2.0,2.0,2.0,2.0,2.0,2.0,2.0,2.0,2.0,2.0,2.0,2.0,2.0,2.0,2.0,2.0,2.0,2.0,2.0,2.0,2.0,2.0,2.0,2.0,2.0,2.0,2.0,2.0,2.0,2.0,2.0,2.0,2.0,2.0,2.0,2.0,2.0,2.0,2.0,2.0,2.0,2.0,2.0,2.0,2.0,2.0,2.0,2.0,2.0,2.0,2.0,2.0,2.0,2.0,2.0,2.0,2.0,2.0,2.0,2.0,2.0,2.0,2.0,2.0,2.0,2.0,2.0,2.0,2.0,2.0,2.0,2.0,2.0,2.0,2.0,2.0,2.0,2.0,2.0,2.0,2.0,2.0,2.0,2.0,2.0,2.0,2.0,2.0,2.0,2.0,2.0,2.0,2.0,2.0,2.0,2.0,2.0,2.0,2.0,2.0,2.0,2.0,2.0,2.0,2.0,2.0,2.0,2.0,2.0,2.0,2.0,2.0,2.0,2.0,2.0,2.0,2.0,2.0,2.0,2.0,2.0,2.0,2.0,2.0,2.0,2.0,2.0,2.0,2.0,2.0,2.0,2.0,2.0,2.0,2.0,2.0,2.0,2.0,2.0,2.0,2.0,2.0,2.0,2.0,2.0,2.0,2.0,2.0,2.0,2.0,2.0,2.0,2.0,2.0,2.0,2.0,2.0,2.0,2.0,2.0,2.0,2.0,2.0,2.0,2.0,2.0,2.0,2.0,2.0,2.0,2.0,2.0,2.0
Enable Breakeven Stop,0,0,0,int,LOCKED OFF (g75: 0/78 OOS+ with BE ON),0,0,0,0,0,0,0,0,0,0,0,0,0,0,0,0,0,0,0,0,0,0,0,0,0,0,0,0,0,0,0,0,0,0,0,0,0,0,0,0,0,0,0,0,0,0,0,0,0,0,0,0,0,0,0,0,0,0,0,0,0,0,0,0,0,0,0,0,0,0,0,0,0,0,0,0,0,0,0,0,0,0,0,0,0,0,0,0,0,0,0,0,0,0,0,0,0,0,0,0,0,0,0,0,0,0,0,0,0,0,0,0,0,0,0,0,0,0,0,0,0,0,0,0,0,0,0,0,0,0,0,0,0,0,0,0,0,0,0,0,0,0,0,0,0,0,0,0,0,0,0,0,0,0,0,0,0,0,0,0,0,0,0,0,0,0,0,0,0,0,0,0,0,0,0,0,0,0,0,0,0,0,0,0,0,0,0,0,0,0,0,0,0,0,0,0,0,0,0,0,0,0,0,0,0,0,0,0,0,0,0,0,0,0,0,0,0,0,0,0,0,0,0,0,0,0,0,0,0,0,0,0,0,0,0,0,0,0,0,0,0,0,0,0,0,0,0,0,0,0,0,0,0,0,0,0,0,0,0,0,0,0,0,0,0,0,0,0,0,0,0,0,0,0,0,0,0,0,0,0,0,0,0,0,0,0,0,0,0,0,0,0,0,0,0,0,0,0,0,0,0,0,0,0,0,0,0,0,0,0,0,0,0
Breakeven Trigger (ATR),0.5,0.5,0.5,float,LOCKED unused while BE OFF,0.5,0.5,0.5,0.5,0.5,0.5,0.5,0.5,0.5,0.5,0.5,0.5,0.5,0.5,0.5,0.5,0.5,0.5,0.5,0.5,0.5,0.5,0.5,0.5,0.5,0.5,0.5,0.5,0.5,0.5,0.5,0.5,0.5,0.5,0.5,0.5,0.5,0.5,0.5,0.5,0.5,0.5,0.5,0.5,0.5,0.5,0.5,0.5,0.5,0.5,0.5,0.5,0.5,0.5,0.5,0.5,0.5,0.5,0.5,0.5,0.5,0.5,0.5,0.5,0.5,0.5,0.5,0.5,0.5,0.5,0.5,0.5,0.5,0.5,0.5,0.5,0.5,0.5,0.5,0.5,0.5,0.5,0.5,0.5,0.5,0.5,0.5,0.5,0.5,0.5,0.5,0.5,0.5,0.5,0.5,0.5,0.5,0.5,0.5,0.5,0.5,0.5,0.5,0.5,0.5,0.5,0.5,0.5,0.5,0.5,0.5,0.5,0.5,0.5,0.5,0.5,0.5,0.5,0.5,0.5,0.5,0.5,0.5,0.5,0.5,0.5,0.5,0.5,0.5,0.5,0.5,0.5,0.5,0.5,0.5,0.5,0.5,0.5,0.5,0.5,0.5,0.5,0.5,0.5,0.5,0.5,0.5,0.5,0.5,0.5,0.5,0.5,0.5,0.5,0.5,0.5,0.5,0.5,0.5,0.5,0.5,0.5,0.5,0.5,0.5,0.5,0.5,0.5,0.5,0.5,0.5,0.5,0.5,0.5,0.5,0.5,0.5,0.5,0.5,0.5,0.5,0.5,0.5,0.5,0.5,0.5,0.5,0.5,0.5,0.5,0.5,0.5,0.5,0.5,0.5,0.5,0.5,0.5,0.5,0.5,0.5,0.5,0.5,0.5,0.5,0.5,0.5,0.5,0.5,0.5,0.5,0.5,0.5,0.5,0.5,0.5,0.5,0.5,0.5,0.5,0.5,0.5,0.5,0.5,0.5,0.5,0.5,0.5,0.5,0.5,0.5,0.5,0.5,0.5,0.5,0.5,0.5,0.5,0.5,0.5,0.5,0.5,0.5,0.5,0.5,0.5,0.5,0.5,0.5,0.5,0.5,0.5,0.5,0.5,0.5,0.5,0.5,0.5,0.5,0.5,0.5,0.5,0.5,0.5,0.5,0.5,0.5,0.5,0.5,0.5,0.5,0.5,0.5,0.5,0.5,0.5,0.5,0.5,0.5,0.5,0.5,0.5,0.5,0.5,0.5,0.5,0.5,0.5,0.5,0.5,0.5,0.5,0.5,0.5,0.5,0.5,0.5,0.5,0.5,0.5,0.5,0.5,0.5,0.5,0.5,0.5,0.5,0.5,0.5,0.5,0.5,0.5,0.5
Breakeven Pad (ATR),0.0,0.0,0.0,float,LOCKED pad beyond entry when BE arms (0=exact entry),0.0,0.0,0.0,0.0,0.0,0.0,0.0,0.0,0.0,0.0,0.0,0.0,0.0,0.0,0.0,0.0,0.0,0.0,0.0,0.0,0.0,0.0,0.0,0.0,0.0,0.0,0.0,0.0,0.0,0.0,0.0,0.0,0.0,0.0,0.0,0.0,0.0,0.0,0.0,0.0,0.0,0.0,0.0,0.0,0.0,0.0,0.0,0.0,0.0,0.0,0.0,0.0,0.0,0.0,0.0,0.0,0.0,0.0,0.0,0.0,0.0,0.0,0.0,0.0,0.0,0.0,0.0,0.0,0.0,0.0,0.0,0.0,0.0,0.0,0.0,0.0,0.0,0.0,0.0,0.0,0.0,0.0,0.0,0.0,0.0,0.0,0.0,0.0,0.0,0.0,0.0,0.0,0.0,0.0,0.0,0.0,0.0,0.0,0.0,0.0,0.0,0.0,0.0,0.0,0.0,0.0,0.0,0.0,0.0,0.0,0.0,0.0,0.0,0.0,0.0,0.0,0.0,0.0,0.0,0.0,0.0,0.0,0.0,0.0,0.0,0.0,0.0,0.0,0.0,0.0,0.0,0.0,0.0,0.0,0.0,0.0,0.0,0.0,0.0,0.0,0.0,0.0,0.0,0.0,0.0,0.0,0.0,0.0,0.0,0.0,0.0,0.0,0.0,0.0,0.0,0.0,0.0,0.0,0.0,0.0,0.0,0.0,0.0,0.0,0.0,0.0,0.0,0.0,0.0,0.0,0.0,0.0,0.0,0.0,0.0,0.0,0.0,0.0,0.0,0.0,0.0,0.0,0.0,0.0,0.0,0.0,0.0,0.0,0.0,0.0,0.0,0.0,0.0,0.0,0.0,0.0,0.0,0.0,0.0,0.0,0.0,0.0,0.0,0.0,0.0,0.0,0.0,0.0,0.0,0.0,0.0,0.0,0.0,0.0,0.0,0.0,0.0,0.0,0.0,0.0,0.0,0.0,0.0,0.0,0.0,0.0,0.0,0.0,0.0,0.0,0.0,0.0,0.0,0.0,0.0,0.0,0.0,0.0,0.0,0.0,0.0,0.0,0.0,0.0,0.0,0.0,0.0,0.0,0.0,0.0,0.0,0.0,0.0,0.0,0.0,0.0,0.0,0.0,0.0,0.0,0.0,0.0,0.0,0.0,0.0,0.0,0.0,0.0,0.0,0.0,0.0,0.0,0.0,0.0,0.0,0.0,0.0,0.0,0.0,0.0,0.0,0.0,0.0,0.0,0.0,0.0,0.0,0.0,0.0,0.0,0.0,0.0,0.0,0.0,0.0,0.0,0.0,0.0,0.0,0.0,0.0,0.0,0.0,0.0,0.0,0.0,0.0,0.0,0.0,0.0,0.0,0.0,0.0
=== GA Criteria ===,,,,,,,,,,,,,,,,,,,,,,,,,,,,,,,,,,,,,,,,,,,,,,,,,,,,,,,,,,,,,,,,,,,,,,,,,,,,,,,,,,,,,,,,,,,,,,,,,,,,,,,,,,,,,,,,,,,,,,,,,,,,,,,,,,,,,,,,,,,,,,,,,,,,,,,,,,,,,,,,,,,,,,,,,,,,,,,,,,,,,,,,,,,,,,,,,,,,,,,,,,,,,,,,,,,,,,,,,,,,,,,,,,,,,,,,,,,,,,,,,,,,,,,,,,,,,,,,,,,,,,,,,,,,,,,,,,,,,,,,,,,,,,,,,,,,,,,,,,,,,,,,,,,,,,,,,,,,,,
POP_SIZE,150,150,150,int,Pop size (v3 locked-buffers overnight),150,150,150,150,150,150,150,150,150,150,150,150,150,150,150,150,150,150,150,150,150,150,150,150,150,150,150,150,150,150,150,150,150,150,150,150,150,150,150,150,150,150,150,150,150,150,150,150,150,150,150,150,150,150,150,150,150,150,150,150,150,150,150,150,150,150,150,150,150,150,150,150,150,150,150,150,150,150,150,150,150,150,150,150,150,150,150,150,150,150,150,150,150,150,150,150,150,150,150,150,150,150,150,150,150,150,150,150,150,150,150,150,150,150,150,150,150,150,150,150,150,150,150,150,150,150,150,150,150,150,150,150,150,150,150,150,150,150,150,150,150,150,150,150,150,150,150,150,150,150,150,150,150,150,150,150,150,150,150,150,150,150,150,150,150,150,150,150,150,150,150,150,150,150,150,150,150,150,150,150,150,150,150,150,150,150,150,150,150,150,150,150,150,150,150,150,150,150,150,150,150,150,150,150,150,150,150,150,150,150,150,150,150,150,150,150,150,150,150,150,150,150,150,150,150,150,150,150,150,150,150,150,150,150,150,150,150,150,150,150,150,150,150,150,150,150,150,150,150,150,150,150,150,150,150,150,150,150,150,150,150,150,150,150,150,150,150,150,150,150,150,150,150,150,150,150,150,150,150,150,150,150,150,150,150,150,150,150,150,150,150,150,150,150,150,150,150,150,150,150,150,150,150,150,150,150,150,150,150,150,150,150,150
NUM_GEN,100,100,100,int,Overnight gens (v3 locked-buffers),100,100,100,100,100,100,100,100,100,100,100,100,100,100,100,100,100,100,100,100,100,100,100,100,100,100,100,100,100,100,100,100,100,100,100,100,100,100,100,100,100,100,100,100,100,100,100,100,100,100,100,100,100,100,100,100,100,100,100,100,100,100,100,100,100,100,100,100,100,100,100,100,100,100,100,100,100,100,100,100,100,100,100,100,100,100,100,100,100,100,100,100,100,100,100,100,100,100,100,100,100,100,100,100,100,100,100,100,100,100,100,100,100,100,100,100,100,100,100,100,100,100,100,100,100,100,100,100,100,100,100,100,100,100,100,100,100,100,100,100,100,100,100,100,100,100,100,100,100,100,100,100,100,100,100,100,100,100,100,100,100,100,100,100,100,100,100,100,100,100,100,100,100,100,100,100,100,100,100,100,100,100,100,100,100,100,100,100,100,100,100,100,100,100,100,100,100,100,100,100,100,100,100,100,100,100,100,100,100,100,100,100,100,100,100,100,100,100,100,100,100,100,100,100,100,100,100,100,100,100,100,100,100,100,100,100,100,100,100,100,100,100,100,100,100,100,100,100,100,100,100,100,100,100,100,100,100,100,100,100,100,100,100,100,100,100,100,100,100,100,100,100,100,100,100,100,100,100,100,100,100,100,100,100,100,100,100,100,100,100,100,100,100,100,100,100,100,100,100,100,100,100,100,100,100,100,100,100,100,100,100,100,100
CX_PB,0.5,0.5,0.5,float,Crossover,0.5,0.5,0.5,0.5,0.5,0.5,0.5,0.5,0.5,0.5,0.5,0.5,0.5,0.5,0.5,0.5,0.5,0.5,0.5,0.5,0.5,0.5,0.5,0.5,0.5,0.5,0.5,0.5,0.5,0.5,0.5,0.5,0.5,0.5,0.5,0.5,0.5,0.5,0.5,0.5,0.5,0.5,0.5,0.5,0.5,0.5,0.5,0.5,0.5,0.5,0.5,0.5,0.5,0.5,0.5,0.5,0.5,0.5,0.5,0.5,0.5,0.5,0.5,0.5,0.5,0.5,0.5,0.5,0.5,0.5,0.5,0.5,0.5,0.5,0.5,0.5,0.5,0.5,0.5,0.5,0.5,0.5,0.5,0.5,0.5,0.5,0.5,0.5,0.5,0.5,0.5,0.5,0.5,0.5,0.5,0.5,0.5,0.5,0.5,0.5,0.5,0.5,0.5,0.5,0.5,0.5,0.5,0.5,0.5,0.5,0.5,0.5,0.5,0.5,0.5,0.5,0.5,0.5,0.5,0.5,0.5,0.5,0.5,0.5,0.5,0.5,0.5,0.5,0.5,0.5,0.5,0.5,0.5,0.5,0.5,0.5,0.5,0.5,0.5,0.5,0.5,0.5,0.5,0.5,0.5,0.5,0.5,0.5,0.5,0.5,0.5,0.5,0.5,0.5,0.5,0.5,0.5,0.5,0.5,0.5,0.5,0.5,0.5,0.5,0.5,0.5,0.5,0.5,0.5,0.5,0.5,0.5,0.5,0.5,0.5,0.5,0.5,0.5,0.5,0.5,0.5,0.5,0.5,0.5,0.5,0.5,0.5,0.5,0.5,0.5,0.5,0.5,0.5,0.5,0.5,0.5,0.5,0.5,0.5,0.5,0.5,0.5,0.5,0.5,0.5,0.5,0.5,0.5,0.5,0.5,0.5,0.5,0.5,0.5,0.5,0.5,0.5,0.5,0.5,0.5,0.5,0.5,0.5,0.5,0.5,0.5,0.5,0.5,0.5,0.5,0.5,0.5,0.5,0.5,0.5,0.5,0.5,0.5,0.5,0.5,0.5,0.5,0.5,0.5,0.5,0.5,0.5,0.5,0.5,0.5,0.5,0.5,0.5,0.5,0.5,0.5,0.5,0.5,0.5,0.5,0.5,0.5,0.5,0.5,0.5,0.5,0.5,0.5,0.5,0.5,0.5,0.5,0.5,0.5,0.5,0.5,0.5,0.5,0.5,0.5,0.5,0.5,0.5,0.5,0.5,0.5,0.5,0.5,0.5,0.5,0.5,0.5,0.5,0.5,0.5,0.5,0.5,0.5,0.5,0.5,0.5,0.5,0.5,0.5,0.5,0.5,0.5,0.5,0.5,0.5,0.5,0.5,0.5
MUT_PB,0.4,0.4,0.4,float,Mutation,0.4,0.4,0.4,0.4,0.4,0.4,0.4,0.4,0.4,0.4,0.4,0.4,0.4,0.4,0.4,0.4,0.4,0.4,0.4,0.4,0.4,0.4,0.4,0.4,0.4,0.4,0.4,0.4,0.4,0.4,0.4,0.4,0.4,0.4,0.4,0.4,0.4,0.4,0.4,0.4,0.4,0.4,0.4,0.4,0.4,0.4,0.4,0.4,0.4,0.4,0.4,0.4,0.4,0.4,0.4,0.4,0.4,0.4,0.4,0.4,0.4,0.4,0.4,0.4,0.4,0.4,0.4,0.4,0.4,0.4,0.4,0.4,0.4,0.4,0.4,0.4,0.4,0.4,0.4,0.4,0.4,0.4,0.4,0.4,0.4,0.4,0.4,0.4,0.4,0.4,0.4,0.4,0.4,0.4,0.4,0.4,0.4,0.4,0.4,0.4,0.4,0.4,0.4,0.4,0.4,0.4,0.4,0.4,0.4,0.4,0.4,0.4,0.4,0.4,0.4,0.4,0.4,0.4,0.4,0.4,0.4,0.4,0.4,0.4,0.4,0.4,0.4,0.4,0.4,0.4,0.4,0.4,0.4,0.4,0.4,0.4,0.4,0.4,0.4,0.4,0.4,0.4,0.4,0.4,0.4,0.4,0.4,0.4,0.4,0.4,0.4,0.4,0.4,0.4,0.4,0.4,0.4,0.4,0.4,0.4,0.4,0.4,0.4,0.4,0.4,0.4,0.4,0.4,0.4,0.4,0.4,0.4,0.4,0.4,0.4,0.4,0.4,0.4,0.4,0.4,0.4,0.4,0.4,0.4,0.4,0.4,0.4,0.4,0.4,0.4,0.4,0.4,0.4,0.4,0.4,0.4,0.4,0.4,0.4,0.4,0.4,0.4,0.4,0.4,0.4,0.4,0.4,0.4,0.4,0.4,0.4,0.4,0.4,0.4,0.4,0.4,0.4,0.4,0.4,0.4,0.4,0.4,0.4,0.4,0.4,0.4,0.4,0.4,0.4,0.4,0.4,0.4,0.4,0.4,0.4,0.4,0.4,0.4,0.4,0.4,0.4,0.4,0.4,0.4,0.4,0.4,0.4,0.4,0.4,0.4,0.4,0.4,0.4,0.4,0.4,0.4,0.4,0.4,0.4,0.4,0.4,0.4,0.4,0.4,0.4,0.4,0.4,0.4,0.4,0.4,0.4,0.4,0.4,0.4,0.4,0.4,0.4,0.4,0.4,0.4,0.4,0.4,0.4,0.4,0.4,0.4,0.4,0.4,0.4,0.4,0.4,0.4,0.4,0.4,0.4,0.4,0.4,0.4,0.4,0.4,0.4,0.4,0.4,0.4,0.4,0.4,0.4,0.4,0.4,0.4,0.4,0.4,0.4
MUT_MU,0,0,0,float,Mutation mean,0.0,0.0,0.0,0.0,0.0,0.0,0.0,0.0,0.0,0.0,0.0,0.0,0.0,0.0,0.0,0.0,0.0,0.0,0.0,0.0,0.0,0.0,0.0,0.0,0.0,0.0,0.0,0.0,0.0,0.0,0.0,0.0,0.0,0.0,0.0,0.0,0.0,0.0,0.0,0.0,0.0,0.0,0.0,0.0,0.0,0.0,0.0,0.0,0.0,0.0,0.0,0.0,0.0,0.0,0.0,0.0,0.0,0.0,0.0,0.0,0.0,0.0,0.0,0.0,0.0,0.0,0.0,0.0,0.0,0.0,0.0,0.0,0.0,0.0,0.0,0.0,0.0,0.0,0.0,0.0,0.0,0.0,0.0,0.0,0.0,0.0,0.0,0.0,0.0,0.0,0.0,0.0,0.0,0.0,0.0,0.0,0.0,0.0,0.0,0.0,0.0,0.0,0.0,0.0,0.0,0.0,0.0,0.0,0.0,0.0,0.0,0.0,0.0,0.0,0.0,0.0,0.0,0.0,0.0,0.0,0.0,0.0,0.0,0.0,0.0,0.0,0.0,0.0,0.0,0.0,0.0,0.0,0.0,0.0,0.0,0.0,0.0,0.0,0.0,0.0,0.0,0.0,0.0,0.0,0.0,0.0,0.0,0.0,0.0,0.0,0.0,0.0,0.0,0.0,0.0,0.0,0.0,0.0,0.0,0.0,0.0,0.0,0.0,0.0,0.0,0.0,0.0,0.0,0.0,0.0,0.0,0.0,0.0,0.0,0.0,0.0,0.0,0.0,0.0,0.0,0.0,0.0,0.0,0.0,0.0,0.0,0.0,0.0,0.0,0.0,0.0,0.0,0.0,0.0,0.0,0.0,0.0,0.0,0.0,0.0,0.0,0.0,0.0,0.0,0.0,0.0,0.0,0.0,0.0,0.0,0.0,0.0,0.0,0.0,0.0,0.0,0.0,0.0,0.0,0.0,0.0,0.0,0.0,0.0,0.0,0.0,0.0,0.0,0.0,0.0,0.0,0.0,0.0,0.0,0.0,0.0,0.0,0.0,0.0,0.0,0.0,0.0,0.0,0.0,0.0,0.0,0.0,0.0,0.0,0.0,0.0,0.0,0.0,0.0,0.0,0.0,0.0,0.0,0.0,0.0,0.0,0.0,0.0,0.0,0.0,0.0,0.0,0.0,0.0,0.0,0.0,0.0,0.0,0.0,0.0,0.0,0.0,0.0,0.0,0.0,0.0,0.0,0.0,0.0,0.0,0.0,0.0,0.0,0.0,0.0,0.0,0.0,0.0,0.0,0.0,0.0,0.0,0.0,0.0,0.0,0.0,0.0,0.0,0.0,0.0,0.0,0.0,0.0,0.0,0.0,0.0,0.0,0.0
MUT_SIGMA,0.3,0.3,0.3,float,Mutation sigma,0.3,0.3,0.3,0.3,0.3,0.3,0.3,0.3,0.3,0.3,0.3,0.3,0.3,0.3,0.3,0.3,0.3,0.3,0.3,0.3,0.3,0.3,0.3,0.3,0.3,0.3,0.3,0.3,0.3,0.3,0.3,0.3,0.3,0.3,0.3,0.3,0.3,0.3,0.3,0.3,0.3,0.3,0.3,0.3,0.3,0.3,0.3,0.3,0.3,0.3,0.3,0.3,0.3,0.3,0.3,0.3,0.3,0.3,0.3,0.3,0.3,0.3,0.3,0.3,0.3,0.3,0.3,0.3,0.3,0.3,0.3,0.3,0.3,0.3,0.3,0.3,0.3,0.3,0.3,0.3,0.3,0.3,0.3,0.3,0.3,0.3,0.3,0.3,0.3,0.3,0.3,0.3,0.3,0.3,0.3,0.3,0.3,0.3,0.3,0.3,0.3,0.3,0.3,0.3,0.3,0.3,0.3,0.3,0.3,0.3,0.3,0.3,0.3,0.3,0.3,0.3,0.3,0.3,0.3,0.3,0.3,0.3,0.3,0.3,0.3,0.3,0.3,0.3,0.3,0.3,0.3,0.3,0.3,0.3,0.3,0.3,0.3,0.3,0.3,0.3,0.3,0.3,0.3,0.3,0.3,0.3,0.3,0.3,0.3,0.3,0.3,0.3,0.3,0.3,0.3,0.3,0.3,0.3,0.3,0.3,0.3,0.3,0.3,0.3,0.3,0.3,0.3,0.3,0.3,0.3,0.3,0.3,0.3,0.3,0.3,0.3,0.3,0.3,0.3,0.3,0.3,0.3,0.3,0.3,0.3,0.3,0.3,0.3,0.3,0.3,0.3,0.3,0.3,0.3,0.3,0.3,0.3,0.3,0.3,0.3,0.3,0.3,0.3,0.3,0.3,0.3,0.3,0.3,0.3,0.3,0.3,0.3,0.3,0.3,0.3,0.3,0.3,0.3,0.3,0.3,0.3,0.3,0.3,0.3,0.3,0.3,0.3,0.3,0.3,0.3,0.3,0.3,0.3,0.3,0.3,0.3,0.3,0.3,0.3,0.3,0.3,0.3,0.3,0.3,0.3,0.3,0.3,0.3,0.3,0.3,0.3,0.3,0.3,0.3,0.3,0.3,0.3,0.3,0.3,0.3,0.3,0.3,0.3,0.3,0.3,0.3,0.3,0.3,0.3,0.3,0.3,0.3,0.3,0.3,0.3,0.3,0.3,0.3,0.3,0.3,0.3,0.3,0.3,0.3,0.3,0.3,0.3,0.3,0.3,0.3,0.3,0.3,0.3,0.3,0.3,0.3,0.3,0.3,0.3,0.3,0.3,0.3,0.3,0.3,0.3,0.3,0.3,0.3,0.3,0.3,0.3,0.3,0.3
TARGET_TRADES_DAY,1.5,1.5,1.5,float,Activity target,1.5,1.5,1.5,1.5,1.5,1.5,1.5,1.5,1.5,1.5,1.5,1.5,1.5,1.5,1.5,1.5,1.5,1.5,1.5,1.5,1.5,1.5,1.5,1.5,1.5,1.5,1.5,1.5,1.5,1.5,1.5,1.5,1.5,1.5,1.5,1.5,1.5,1.5,1.5,1.5,1.5,1.5,1.5,1.5,1.5,1.5,1.5,1.5,1.5,1.5,1.5,1.5,1.5,1.5,1.5,1.5,1.5,1.5,1.5,1.5,1.5,1.5,1.5,1.5,1.5,1.5,1.5,1.5,1.5,1.5,1.5,1.5,1.5,1.5,1.5,1.5,1.5,1.5,1.5,1.5,1.5,1.5,1.5,1.5,1.5,1.5,1.5,1.5,1.5,1.5,1.5,1.5,1.5,1.5,1.5,1.5,1.5,1.5,1.5,1.5,1.5,1.5,1.5,1.5,1.5,1.5,1.5,1.5,1.5,1.5,1.5,1.5,1.5,1.5,1.5,1.5,1.5,1.5,1.5,1.5,1.5,1.5,1.5,1.5,1.5,1.5,1.5,1.5,1.5,1.5,1.5,1.5,1.5,1.5,1.5,1.5,1.5,1.5,1.5,1.5,1.5,1.5,1.5,1.5,1.5,1.5,1.5,1.5,1.5,1.5,1.5,1.5,1.5,1.5,1.5,1.5,1.5,1.5,1.5,1.5,1.5,1.5,1.5,1.5,1.5,1.5,1.5,1.5,1.5,1.5,1.5,1.5,1.5,1.5,1.5,1.5,1.5,1.5,1.5,1.5,1.5,1.5,1.5,1.5,1.5,1.5,1.5,1.5,1.5,1.5,1.5,1.5,1.5,1.5,1.5,1.5,1.5,1.5,1.5,1.5,1.5,1.5,1.5,1.5,1.5,1.5,1.5,1.5,1.5,1.5,1.5,1.5,1.5,1.5,1.5,1.5,1.5,1.5,1.5,1.5,1.5,1.5,1.5,1.5,1.5,1.5,1.5,1.5,1.5,1.5,1.5,1.5,1.5,1.5,1.5,1.5,1.5,1.5,1.5,1.5,1.5,1.5,1.5,1.5,1.5,1.5,1.5,1.5,1.5,1.5,1.5,1.5,1.5,1.5,1.5,1.5,1.5,1.5,1.5,1.5,1.5,1.5,1.5,1.5,1.5,1.5,1.5,1.5,1.5,1.5,1.5,1.5,1.5,1.5,1.5,1.5,1.5,1.5,1.5,1.5,1.5,1.5,1.5,1.5,1.5,1.5,1.5,1.5,1.5,1.5,1.5,1.5,1.5,1.5,1.5,1.5,1.5,1.5,1.5,1.5,1.5,1.5,1.5,1.5,1.5,1.5,1.5,1.5,1.5,1.5,1.5,1.5,1.5
TRADES_PENALTY_WEIGHT,0.25,0.25,0.25,float,Excess trade penalty,0.25,0.25,0.25,0.25,0.25,0.25,0.25,0.25,0.25,0.25,0.25,0.25,0.25,0.25,0.25,0.25,0.25,0.25,0.25,0.25,0.25,0.25,0.25,0.25,0.25,0.25,0.25,0.25,0.25,0.25,0.25,0.25,0.25,0.25,0.25,0.25,0.25,0.25,0.25,0.25,0.25,0.25,0.25,0.25,0.25,0.25,0.25,0.25,0.25,0.25,0.25,0.25,0.25,0.25,0.25,0.25,0.25,0.25,0.25,0.25,0.25,0.25,0.25,0.25,0.25,0.25,0.25,0.25,0.25,0.25,0.25,0.25,0.25,0.25,0.25,0.25,0.25,0.25,0.25,0.25,0.25,0.25,0.25,0.25,0.25,0.25,0.25,0.25,0.25,0.25,0.25,0.25,0.25,0.25,0.25,0.25,0.25,0.25,0.25,0.25,0.25,0.25,0.25,0.25,0.25,0.25,0.25,0.25,0.25,0.25,0.25,0.25,0.25,0.25,0.25,0.25,0.25,0.25,0.25,0.25,0.25,0.25,0.25,0.25,0.25,0.25,0.25,0.25,0.25,0.25,0.25,0.25,0.25,0.25,0.25,0.25,0.25,0.25,0.25,0.25,0.25,0.25,0.25,0.25,0.25,0.25,0.25,0.25,0.25,0.25,0.25,0.25,0.25,0.25,0.25,0.25,0.25,0.25,0.25,0.25,0.25,0.25,0.25,0.25,0.25,0.25,0.25,0.25,0.25,0.25,0.25,0.25,0.25,0.25,0.25,0.25,0.25,0.25,0.25,0.25,0.25,0.25,0.25,0.25,0.25,0.25,0.25,0.25,0.25,0.25,0.25,0.25,0.25,0.25,0.25,0.25,0.25,0.25,0.25,0.25,0.25,0.25,0.25,0.25,0.25,0.25,0.25,0.25,0.25,0.25,0.25,0.25,0.25,0.25,0.25,0.25,0.25,0.25,0.25,0.25,0.25,0.25,0.25,0.25,0.25,0.25,0.25,0.25,0.25,0.25,0.25,0.25,0.25,0.25,0.25,0.25,0.25,0.25,0.25,0.25,0.25,0.25,0.25,0.25,0.25,0.25,0.25,0.25,0.25,0.25,0.25,0.25,0.25,0.25,0.25,0.25,0.25,0.25,0.25,0.25,0.25,0.25,0.25,0.25,0.25,0.25,0.25,0.25,0.25,0.25,0.25,0.25,0.25,0.25,0.25,0.25,0.25,0.25,0.25,0.25,0.25,0.25,0.25,0.25,0.25,0.25,0.25,0.25,0.25,0.25,0.25,0.25,0.25,0.25,0.25,0.25,0.25,0.25,0.25,0.25,0.25,0.25,0.25,0.25,0.25,0.25,0.25,0.25,0.25,0.25,0.25,0.25,0.25
DD_WEIGHT,0.5,0.5,0.5,float,Drawdown weight,0.5,0.5,0.5,0.5,0.5,0.5,0.5,0.5,0.5,0.5,0.5,0.5,0.5,0.5,0.5,0.5,0.5,0.5,0.5,0.5,0.5,0.5,0.5,0.5,0.5,0.5,0.5,0.5,0.5,0.5,0.5,0.5,0.5,0.5,0.5,0.5,0.5,0.5,0.5,0.5,0.5,0.5,0.5,0.5,0.5,0.5,0.5,0.5,0.5,0.5,0.5,0.5,0.5,0.5,0.5,0.5,0.5,0.5,0.5,0.5,0.5,0.5,0.5,0.5,0.5,0.5,0.5,0.5,0.5,0.5,0.5,0.5,0.5,0.5,0.5,0.5,0.5,0.5,0.5,0.5,0.5,0.5,0.5,0.5,0.5,0.5,0.5,0.5,0.5,0.5,0.5,0.5,0.5,0.5,0.5,0.5,0.5,0.5,0.5,0.5,0.5,0.5,0.5,0.5,0.5,0.5,0.5,0.5,0.5,0.5,0.5,0.5,0.5,0.5,0.5,0.5,0.5,0.5,0.5,0.5,0.5,0.5,0.5,0.5,0.5,0.5,0.5,0.5,0.5,0.5,0.5,0.5,0.5,0.5,0.5,0.5,0.5,0.5,0.5,0.5,0.5,0.5,0.5,0.5,0.5,0.5,0.5,0.5,0.5,0.5,0.5,0.5,0.5,0.5,0.5,0.5,0.5,0.5,0.5,0.5,0.5,0.5,0.5,0.5,0.5,0.5,0.5,0.5,0.5,0.5,0.5,0.5,0.5,0.5,0.5,0.5,0.5,0.5,0.5,0.5,0.5,0.5,0.5,0.5,0.5,0.5,0.5,0.5,0.5,0.5,0.5,0.5,0.5,0.5,0.5,0.5,0.5,0.5,0.5,0.5,0.5,0.5,0.5,0.5,0.5,0.5,0.5,0.5,0.5,0.5,0.5,0.5,0.5,0.5,0.5,0.5,0.5,0.5,0.5,0.5,0.5,0.5,0.5,0.5,0.5,0.5,0.5,0.5,0.5,0.5,0.5,0.5,0.5,0.5,0.5,0.5,0.5,0.5,0.5,0.5,0.5,0.5,0.5,0.5,0.5,0.5,0.5,0.5,0.5,0.5,0.5,0.5,0.5,0.5,0.5,0.5,0.5,0.5,0.5,0.5,0.5,0.5,0.5,0.5,0.5,0.5,0.5,0.5,0.5,0.5,0.5,0.5,0.5,0.5,0.5,0.5,0.5,0.5,0.5,0.5,0.5,0.5,0.5,0.5,0.5,0.5,0.5,0.5,0.5,0.5,0.5,0.5,0.5,0.5,0.5,0.5,0.5,0.5,0.5,0.5,0.5,0.5,0.5,0.5,0.5,0.5,0.5,0.5,0.5,0.5,0.5,0.5,0.5
DATA_SPLITS,0.65,0.65,0.65,float,IS fraction,0.65,0.65,0.65,0.65,0.65,0.65,0.65,0.65,0.65,0.65,0.65,0.65,0.65,0.65,0.65,0.65,0.65,0.65,0.65,0.65,0.65,0.65,0.65,0.65,0.65,0.65,0.65,0.65,0.65,0.65,0.65,0.65,0.65,0.65,0.65,0.65,0.65,0.65,0.65,0.65,0.65,0.65,0.65,0.65,0.65,0.65,0.65,0.65,0.65,0.65,0.65,0.65,0.65,0.65,0.65,0.65,0.65,0.65,0.65,0.65,0.65,0.65,0.65,0.65,0.65,0.65,0.65,0.65,0.65,0.65,0.65,0.65,0.65,0.65,0.65,0.65,0.65,0.65,0.65,0.65,0.65,0.65,0.65,0.65,0.65,0.65,0.65,0.65,0.65,0.65,0.65,0.65,0.65,0.65,0.65,0.65,0.65,0.65,0.65,0.65,0.65,0.65,0.65,0.65,0.65,0.65,0.65,0.65,0.65,0.65,0.65,0.65,0.65,0.65,0.65,0.65,0.65,0.65,0.65,0.65,0.65,0.65,0.65,0.65,0.65,0.65,0.65,0.65,0.65,0.65,0.65,0.65,0.65,0.65,0.65,0.65,0.65,0.65,0.65,0.65,0.65,0.65,0.65,0.65,0.65,0.65,0.65,0.65,0.65,0.65,0.65,0.65,0.65,0.65,0.65,0.65,0.65,0.65,0.65,0.65,0.65,0.65,0.65,0.65,0.65,0.65,0.65,0.65,0.65,0.65,0.65,0.65,0.65,0.65,0.65,0.65,0.65,0.65,0.65,0.65,0.65,0.65,0.65,0.65,0.65,0.65,0.65,0.65,0.65,0.65,0.65,0.65,0.65,0.65,0.65,0.65,0.65,0.65,0.65,0.65,0.65,0.65,0.65,0.65,0.65,0.65,0.65,0.65,0.65,0.65,0.65,0.65,0.65,0.65,0.65,0.65,0.65,0.65,0.65,0.65,0.65,0.65,0.65,0.65,0.65,0.65,0.65,0.65,0.65,0.65,0.65,0.65,0.65,0.65,0.65,0.65,0.65,0.65,0.65,0.65,0.65,0.65,0.65,0.65,0.65,0.65,0.65,0.65,0.65,0.65,0.65,0.65,0.65,0.65,0.65,0.65,0.65,0.65,0.65,0.65,0.65,0.65,0.65,0.65,0.65,0.65,0.65,0.65,0.65,0.65,0.65,0.65,0.65,0.65,0.65,0.65,0.65,0.65,0.65,0.65,0.65,0.65,0.65,0.65,0.65,0.65,0.65,0.65,0.65,0.65,0.65,0.65,0.65,0.65,0.65,0.65,0.65,0.65,0.65,0.65,0.65,0.65,0.65,0.65,0.65,0.65,0.65,0.65,0.65,0.65,0.65,0.65,0.65
DATA_SIZE,0,0,0,int,0 = full history,0,0,0,0,0,0,0,0,0,0,0,0,0,0,0,0,0,0,0,0,0,0,0,0,0,0,0,0,0,0,0,0,0,0,0,0,0,0,0,0,0,0,0,0,0,0,0,0,0,0,0,0,0,0,0,0,0,0,0,0,0,0,0,0,0,0,0,0,0,0,0,0,0,0,0,0,0,0,0,0,0,0,0,0,0,0,0,0,0,0,0,0,0,0,0,0,0,0,0,0,0,0,0,0,0,0,0,0,0,0,0,0,0,0,0,0,0,0,0,0,0,0,0,0,0,0,0,0,0,0,0,0,0,0,0,0,0,0,0,0,0,0,0,0,0,0,0,0,0,0,0,0,0,0,0,0,0,0,0,0,0,0,0,0,0,0,0,0,0,0,0,0,0,0,0,0,0,0,0,0,0,0,0,0,0,0,0,0,0,0,0,0,0,0,0,0,0,0,0,0,0,0,0,0,0,0,0,0,0,0,0,0,0,0,0,0,0,0,0,0,0,0,0,0,0,0,0,0,0,0,0,0,0,0,0,0,0,0,0,0,0,0,0,0,0,0,0,0,0,0,0,0,0,0,0,0,0,0,0,0,0,0,0,0,0,0,0,0,0,0,0,0,0,0,0,0,0,0,0,0,0,0,0,0,0,0,0,0,0,0,0,0,0,0,0,0,0,0,0,0,0,0,0,0,0,0,0,0,0,0,0,0,0
USE_INTERLEAVED_SPLIT,TRUE,TRUE,TRUE,bool,Interleaved IS/OOS,True,True,True,True,True,True,True,True,True,True,True,True,True,True,True,True,True,True,True,True,True,True,True,True,True,True,True,True,True,True,True,True,True,True,True,True,True,True,True,True,True,True,True,True,True,True,True,True,True,True,True,True,True,True,True,True,True,True,True,True,True,True,True,True,True,True,True,True,True,True,True,True,True,True,True,True,True,True,True,True,True,True,True,True,True,True,True,True,True,True,True,True,True,True,True,True,True,True,True,True,True,True,True,True,True,True,True,True,True,True,True,True,True,True,True,True,True,True,True,True,True,True,True,True,True,True,True,True,True,True,True,True,True,True,True,True,True,True,True,True,True,True,True,True,True,True,True,True,True,True,True,True,True,True,True,True,True,True,True,True,True,True,True,True,True,True,True,True,True,True,True,True,True,True,True,True,True,True,True,True,True,True,True,True,True,True,True,True,True,True,True,True,True,True,True,True,True,True,True,True,True,True,True,True,True,True,True,True,True,True,True,True,True,True,True,True,True,True,True,True,True,True,True,True,True,True,True,True,True,True,True,True,True,True,True,True,True,True,True,True,True,True,True,True,True,True,True,True,True,True,True,True,True,True,True,True,True,True,True,True,True,True,True,True,True,True,True,True,True,True,True,True,True,True,True,True,True,True,True,True,True,True,True,True,True,True,True,True,True,True,True,True,True,True,True,True,True,True,True,True,True,True,True,True,True,True,True,True,True,True,True,True,True
NUM_SPLIT_PERIODS,11,11,11,int,OOS slices,11,11,11,11,11,11,11,11,11,11,11,11,11,11,11,11,11,11,11,11,11,11,11,11,11,11,11,11,11,11,11,11,11,11,11,11,11,11,11,11,11,11,11,11,11,11,11,11,11,11,11,11,11,11,11,11,11,11,11,11,11,11,11,11,11,11,11,11,11,11,11,11,11,11,11,11,11,11,11,11,11,11,11,11,11,11,11,11,11,11,11,11,11,11,11,11,11,11,11,11,11,11,11,11,11,11,11,11,11,11,11,11,11,11,11,11,11,11,11,11,11,11,11,11,11,11,11,11,11,11,11,11,11,11,11,11,11,11,11,11,11,11,11,11,11,11,11,11,11,11,11,11,11,11,11,11,11,11,11,11,11,11,11,11,11,11,11,11,11,11,11,11,11,11,11,11,11,11,11,11,11,11,11,11,11,11,11,11,11,11,11,11,11,11,11,11,11,11,11,11,11,11,11,11,11,11,11,11,11,11,11,11,11,11,11,11,11,11,11,11,11,11,11,11,11,11,11,11,11,11,11,11,11,11,11,11,11,11,11,11,11,11,11,11,11,11,11,11,11,11,11,11,11,11,11,11,11,11,11,11,11,11,11,11,11,11,11,11,11,11,11,11,11,11,11,11,11,11,11,11,11,11,11,11,11,11,11,11,11,11,11,11,11,11,11,11,11,11,11,11,11,11,11,11,11,11,11,11,11,11,11,11,11
MIN_TRADES_DAY,0.3,0.3,0.3,float,Activity floor,0.3,0.3,0.3,0.3,0.3,0.3,0.3,0.3,0.3,0.3,0.3,0.3,0.3,0.3,0.3,0.3,0.3,0.3,0.3,0.3,0.3,0.3,0.3,0.3,0.3,0.3,0.3,0.3,0.3,0.3,0.3,0.3,0.3,0.3,0.3,0.3,0.3,0.3,0.3,0.3,0.3,0.3,0.3,0.3,0.3,0.3,0.3,0.3,0.3,0.3,0.3,0.3,0.3,0.3,0.3,0.3,0.3,0.3,0.3,0.3,0.3,0.3,0.3,0.3,0.3,0.3,0.3,0.3,0.3,0.3,0.3,0.3,0.3,0.3,0.3,0.3,0.3,0.3,0.3,0.3,0.3,0.3,0.3,0.3,0.3,0.3,0.3,0.3,0.3,0.3,0.3,0.3,0.3,0.3,0.3,0.3,0.3,0.3,0.3,0.3,0.3,0.3,0.3,0.3,0.3,0.3,0.3,0.3,0.3,0.3,0.3,0.3,0.3,0.3,0.3,0.3,0.3,0.3,0.3,0.3,0.3,0.3,0.3,0.3,0.3,0.3,0.3,0.3,0.3,0.3,0.3,0.3,0.3,0.3,0.3,0.3,0.3,0.3,0.3,0.3,0.3,0.3,0.3,0.3,0.3,0.3,0.3,0.3,0.3,0.3,0.3,0.3,0.3,0.3,0.3,0.3,0.3,0.3,0.3,0.3,0.3,0.3,0.3,0.3,0.3,0.3,0.3,0.3,0.3,0.3,0.3,0.3,0.3,0.3,0.3,0.3,0.3,0.3,0.3,0.3,0.3,0.3,0.3,0.3,0.3,0.3,0.3,0.3,0.3,0.3,0.3,0.3,0.3,0.3,0.3,0.3,0.3,0.3,0.3,0.3,0.3,0.3,0.3,0.3,0.3,0.3,0.3,0.3,0.3,0.3,0.3,0.3,0.3,0.3,0.3,0.3,0.3,0.3,0.3,0.3,0.3,0.3,0.3,0.3,0.3,0.3,0.3,0.3,0.3,0.3,0.3,0.3,0.3,0.3,0.3,0.3,0.3,0.3,0.3,0.3,0.3,0.3,0.3,0.3,0.3,0.3,0.3,0.3,0.3,0.3,0.3,0.3,0.3,0.3,0.3,0.3,0.3,0.3,0.3,0.3,0.3,0.3,0.3,0.3,0.3,0.3,0.3,0.3,0.3,0.3,0.3,0.3,0.3,0.3,0.3,0.3,0.3,0.3,0.3,0.3,0.3,0.3,0.3,0.3,0.3,0.3,0.3,0.3,0.3,0.3,0.3,0.3,0.3,0.3,0.3,0.3,0.3,0.3,0.3,0.3,0.3,0.3,0.3,0.3,0.3,0.3,0.3,0.3,0.3,0.3,0.3,0.3,0.3
MIN_PROFIT_PER_TRADE,15,15,15,float,Min profit/trade norm,15.0,15.0,15.0,15.0,15.0,15.0,15.0,15.0,15.0,15.0,15.0,15.0,15.0,15.0,15.0,15.0,15.0,15.0,15.0,15.0,15.0,15.0,15.0,15.0,15.0,15.0,15.0,15.0,15.0,15.0,15.0,15.0,15.0,15.0,15.0,15.0,15.0,15.0,15.0,15.0,15.0,15.0,15.0,15.0,15.0,15.0,15.0,15.0,15.0,15.0,15.0,15.0,15.0,15.0,15.0,15.0,15.0,15.0,15.0,15.0,15.0,15.0,15.0,15.0,15.0,15.0,15.0,15.0,15.0,15.0,15.0,15.0,15.0,15.0,15.0,15.0,15.0,15.0,15.0,15.0,15.0,15.0,15.0,15.0,15.0,15.0,15.0,15.0,15.0,15.0,15.0,15.0,15.0,15.0,15.0,15.0,15.0,15.0,15.0,15.0,15.0,15.0,15.0,15.0,15.0,15.0,15.0,15.0,15.0,15.0,15.0,15.0,15.0,15.0,15.0,15.0,15.0,15.0,15.0,15.0,15.0,15.0,15.0,15.0,15.0,15.0,15.0,15.0,15.0,15.0,15.0,15.0,15.0,15.0,15.0,15.0,15.0,15.0,15.0,15.0,15.0,15.0,15.0,15.0,15.0,15.0,15.0,15.0,15.0,15.0,15.0,15.0,15.0,15.0,15.0,15.0,15.0,15.0,15.0,15.0,15.0,15.0,15.0,15.0,15.0,15.0,15.0,15.0,15.0,15.0,15.0,15.0,15.0,15.0,15.0,15.0,15.0,15.0,15.0,15.0,15.0,15.0,15.0,15.0,15.0,15.0,15.0,15.0,15.0,15.0,15.0,15.0,15.0,15.0,15.0,15.0,15.0,15.0,15.0,15.0,15.0,15.0,15.0,15.0,15.0,15.0,15.0,15.0,15.0,15.0,15.0,15.0,15.0,15.0,15.0,15.0,15.0,15.0,15.0,15.0,15.0,15.0,15.0,15.0,15.0,15.0,15.0,15.0,15.0,15.0,15.0,15.0,15.0,15.0,15.0,15.0,15.0,15.0,15.0,15.0,15.0,15.0,15.0,15.0,15.0,15.0,15.0,15.0,15.0,15.0,15.0,15.0,15.0,15.0,15.0,15.0,15.0,15.0,15.0,15.0,15.0,15.0,15.0,15.0,15.0,15.0,15.0,15.0,15.0,15.0,15.0,15.0,15.0,15.0,15.0,15.0,15.0,15.0,15.0,15.0,15.0,15.0,15.0,15.0,15.0,15.0,15.0,15.0,15.0,15.0,15.0,15.0,15.0,15.0,15.0,15.0,15.0,15.0,15.0,15.0,15.0,15.0,15.0,15.0,15.0,15.0,15.0,15.0,15.0,15.0,15.0,15.0,15.0
MIN_TRADES_PEN_WEIGHT,-120,-120,-120,float,Low-trade penalty,-120.0,-120.0,-120.0,-120.0,-120.0,-120.0,-120.0,-120.0,-120.0,-120.0,-120.0,-120.0,-120.0,-120.0,-120.0,-120.0,-120.0,-120.0,-120.0,-120.0,-120.0,-120.0,-120.0,-120.0,-120.0,-120.0,-120.0,-120.0,-120.0,-120.0,-120.0,-120.0,-120.0,-120.0,-120.0,-120.0,-120.0,-120.0,-120.0,-120.0,-120.0,-120.0,-120.0,-120.0,-120.0,-120.0,-120.0,-120.0,-120.0,-120.0,-120.0,-120.0,-120.0,-120.0,-120.0,-120.0,-120.0,-120.0,-120.0,-120.0,-120.0,-120.0,-120.0,-120.0,-120.0,-120.0,-120.0,-120.0,-120.0,-120.0,-120.0,-120.0,-120.0,-120.0,-120.0,-120.0,-120.0,-120.0,-120.0,-120.0,-120.0,-120.0,-120.0,-120.0,-120.0,-120.0,-120.0,-120.0,-120.0,-120.0,-120.0,-120.0,-120.0,-120.0,-120.0,-120.0,-120.0,-120.0,-120.0,-120.0,-120.0,-120.0,-120.0,-120.0,-120.0,-120.0,-120.0,-120.0,-120.0,-120.0,-120.0,-120.0,-120.0,-120.0,-120.0,-120.0,-120.0,-120.0,-120.0,-120.0,-120.0,-120.0,-120.0,-120.0,-120.0,-120.0,-120.0,-120.0,-120.0,-120.0,-120.0,-120.0,-120.0,-120.0,-120.0,-120.0,-120.0,-120.0,-120.0,-120.0,-120.0,-120.0,-120.0,-120.0,-120.0,-120.0,-120.0,-120.0,-120.0,-120.0,-120.0,-120.0,-120.0,-120.0,-120.0,-120.0,-120.0,-120.0,-120.0,-120.0,-120.0,-120.0,-120.0,-120.0,-120.0,-120.0,-120.0,-120.0,-120.0,-120.0,-120.0,-120.0,-120.0,-120.0,-120.0,-120.0,-120.0,-120.0,-120.0,-120.0,-120.0,-120.0,-120.0,-120.0,-120.0,-120.0,-120.0,-120.0,-120.0,-120.0,-120.0,-120.0,-120.0,-120.0,-120.0,-120.0,-120.0,-120.0,-120.0,-120.0,-120.0,-120.0,-120.0,-120.0,-120.0,-120.0,-120.0,-120.0,-120.0,-120.0,-120.0,-120.0,-120.0,-120.0,-120.0,-120.0,-120.0,-120.0,-120.0,-120.0,-120.0,-120.0,-120.0,-120.0,-120.0,-120.0,-120.0,-120.0,-120.0,-120.0,-120.0,-120.0,-120.0,-120.0,-120.0,-120.0,-120.0,-120.0,-120.0,-120.0,-120.0,-120.0,-120.0,-120.0,-120.0,-120.0,-120.0,-120.0,-120.0,-120.0,-120.0,-120.0,-120.0,-120.0,-120.0,-120.0,-120.0,-120.0,-120.0,-120.0,-120.0,-120.0,-120.0,-120.0,-120.0,-120.0,-120.0,-120.0,-120.0,-120.0,-120.0,-120.0,-120.0,-120.0,-120.0,-120.0,-120.0,-120.0,-120.0,-120.0,-120.0,-120.0,-120.0,-120.0,-120.0,-120.0,-120.0,-120.0,-120.0,-120.0,-120.0,-120.0,-120.0,-120.0,-120.0,-120.0,-120.0,-120.0,-120.0,-120.0,-120.0,-120.0,-120.0,-120.0,-120.0,-120.0,-120.0,-120.0,-120.0,-120.0,-120.0,-120.0,-120.0
NORM_SORTINO_MAX,8,8,8,float,Sortino cap,8.0,8.0,8.0,8.0,8.0,8.0,8.0,8.0,8.0,8.0,8.0,8.0,8.0,8.0,8.0,8.0,8.0,8.0,8.0,8.0,8.0,8.0,8.0,8.0,8.0,8.0,8.0,8.0,8.0,8.0,8.0,8.0,8.0,8.0,8.0,8.0,8.0,8.0,8.0,8.0,8.0,8.0,8.0,8.0,8.0,8.0,8.0,8.0,8.0,8.0,8.0,8.0,8.0,8.0,8.0,8.0,8.0,8.0,8.0,8.0,8.0,8.0,8.0,8.0,8.0,8.0,8.0,8.0,8.0,8.0,8.0,8.0,8.0,8.0,8.0,8.0,8.0,8.0,8.0,8.0,8.0,8.0,8.0,8.0,8.0,8.0,8.0,8.0,8.0,8.0,8.0,8.0,8.0,8.0,8.0,8.0,8.0,8.0,8.0,8.0,8.0,8.0,8.0,8.0,8.0,8.0,8.0,8.0,8.0,8.0,8.0,8.0,8.0,8.0,8.0,8.0,8.0,8.0,8.0,8.0,8.0,8.0,8.0,8.0,8.0,8.0,8.0,8.0,8.0,8.0,8.0,8.0,8.0,8.0,8.0,8.0,8.0,8.0,8.0,8.0,8.0,8.0,8.0,8.0,8.0,8.0,8.0,8.0,8.0,8.0,8.0,8.0,8.0,8.0,8.0,8.0,8.0,8.0,8.0,8.0,8.0,8.0,8.0,8.0,8.0,8.0,8.0,8.0,8.0,8.0,8.0,8.0,8.0,8.0,8.0,8.0,8.0,8.0,8.0,8.0,8.0,8.0,8.0,8.0,8.0,8.0,8.0,8.0,8.0,8.0,8.0,8.0,8.0,8.0,8.0,8.0,8.0,8.0,8.0,8.0,8.0,8.0,8.0,8.0,8.0,8.0,8.0,8.0,8.0,8.0,8.0,8.0,8.0,8.0,8.0,8.0,8.0,8.0,8.0,8.0,8.0,8.0,8.0,8.0,8.0,8.0,8.0,8.0,8.0,8.0,8.0,8.0,8.0,8.0,8.0,8.0,8.0,8.0,8.0,8.0,8.0,8.0,8.0,8.0,8.0,8.0,8.0,8.0,8.0,8.0,8.0,8.0,8.0,8.0,8.0,8.0,8.0,8.0,8.0,8.0,8.0,8.0,8.0,8.0,8.0,8.0,8.0,8.0,8.0,8.0,8.0,8.0,8.0,8.0,8.0,8.0,8.0,8.0,8.0,8.0,8.0,8.0,8.0,8.0,8.0,8.0,8.0,8.0,8.0,8.0,8.0,8.0,8.0,8.0,8.0,8.0,8.0,8.0,8.0,8.0,8.0,8.0,8.0,8.0,8.0,8.0,8.0,8.0,8.0,8.0,8.0,8.0,8.0
NORM_DD_MAX,80000,80000,80000,float,DD norm cap,80000.0,80000.0,80000.0,80000.0,80000.0,80000.0,80000.0,80000.0,80000.0,80000.0,80000.0,80000.0,80000.0,80000.0,80000.0,80000.0,80000.0,80000.0,80000.0,80000.0,80000.0,80000.0,80000.0,80000.0,80000.0,80000.0,80000.0,80000.0,80000.0,80000.0,80000.0,80000.0,80000.0,80000.0,80000.0,80000.0,80000.0,80000.0,80000.0,80000.0,80000.0,80000.0,80000.0,80000.0,80000.0,80000.0,80000.0,80000.0,80000.0,80000.0,80000.0,80000.0,80000.0,80000.0,80000.0,80000.0,80000.0,80000.0,80000.0,80000.0,80000.0,80000.0,80000.0,80000.0,80000.0,80000.0,80000.0,80000.0,80000.0,80000.0,80000.0,80000.0,80000.0,80000.0,80000.0,80000.0,80000.0,80000.0,80000.0,80000.0,80000.0,80000.0,80000.0,80000.0,80000.0,80000.0,80000.0,80000.0,80000.0,80000.0,80000.0,80000.0,80000.0,80000.0,80000.0,80000.0,80000.0,80000.0,80000.0,80000.0,80000.0,80000.0,80000.0,80000.0,80000.0,80000.0,80000.0,80000.0,80000.0,80000.0,80000.0,80000.0,80000.0,80000.0,80000.0,80000.0,80000.0,80000.0,80000.0,80000.0,80000.0,80000.0,80000.0,80000.0,80000.0,80000.0,80000.0,80000.0,80000.0,80000.0,80000.0,80000.0,80000.0,80000.0,80000.0,80000.0,80000.0,80000.0,80000.0,80000.0,80000.0,80000.0,80000.0,80000.0,80000.0,80000.0,80000.0,80000.0,80000.0,80000.0,80000.0,80000.0,80000.0,80000.0,80000.0,80000.0,80000.0,80000.0,80000.0,80000.0,80000.0,80000.0,80000.0,80000.0,80000.0,80000.0,80000.0,80000.0,80000.0,80000.0,80000.0,80000.0,80000.0,80000.0,80000.0,80000.0,80000.0,80000.0,80000.0,80000.0,80000.0,80000.0,80000.0,80000.0,80000.0,80000.0,80000.0,80000.0,80000.0,80000.0,80000.0,80000.0,80000.0,80000.0,80000.0,80000.0,80000.0,80000.0,80000.0,80000.0,80000.0,80000.0,80000.0,80000.0,80000.0,80000.0,80000.0,80000.0,80000.0,80000.0,80000.0,80000.0,80000.0,80000.0,80000.0,80000.0,80000.0,80000.0,80000.0,80000.0,80000.0,80000.0,80000.0,80000.0,80000.0,80000.0,80000.0,80000.0,80000.0,80000.0,80000.0,80000.0,80000.0,80000.0,80000.0,80000.0,80000.0,80000.0,80000.0,80000.0,80000.0,80000.0,80000.0,80000.0,80000.0,80000.0,80000.0,80000.0,80000.0,80000.0,80000.0,80000.0,80000.0,80000.0,80000.0,80000.0,80000.0,80000.0,80000.0,80000.0,80000.0,80000.0,80000.0,80000.0,80000.0,80000.0,80000.0,80000.0,80000.0,80000.0,80000.0,80000.0,80000.0,80000.0,80000.0,80000.0,80000.0,80000.0,80000.0,80000.0,80000.0,80000.0,80000.0,80000.0,80000.0,80000.0,80000.0,80000.0,80000.0,80000.0,80000.0,80000.0,80000.0,80000.0,80000.0,80000.0,80000.0,80000.0,80000.0,80000.0,80000.0,80000.0,80000.0,80000.0,80000.0,80000.0,80000.0,80000.0,80000.0,80000.0,80000.0,80000.0,80000.0
NORM_PF_MAX,2.5,2.5,2.5,float,PF norm cap,2.5,2.5,2.5,2.5,2.5,2.5,2.5,2.5,2.5,2.5,2.5,2.5,2.5,2.5,2.5,2.5,2.5,2.5,2.5,2.5,2.5,2.5,2.5,2.5,2.5,2.5,2.5,2.5,2.5,2.5,2.5,2.5,2.5,2.5,2.5,2.5,2.5,2.5,2.5,2.5,2.5,2.5,2.5,2.5,2.5,2.5,2.5,2.5,2.5,2.5,2.5,2.5,2.5,2.5,2.5,2.5,2.5,2.5,2.5,2.5,2.5,2.5,2.5,2.5,2.5,2.5,2.5,2.5,2.5,2.5,2.5,2.5,2.5,2.5,2.5,2.5,2.5,2.5,2.5,2.5,2.5,2.5,2.5,2.5,2.5,2.5,2.5,2.5,2.5,2.5,2.5,2.5,2.5,2.5,2.5,2.5,2.5,2.5,2.5,2.5,2.5,2.5,2.5,2.5,2.5,2.5,2.5,2.5,2.5,2.5,2.5,2.5,2.5,2.5,2.5,2.5,2.5,2.5,2.5,2.5,2.5,2.5,2.5,2.5,2.5,2.5,2.5,2.5,2.5,2.5,2.5,2.5,2.5,2.5,2.5,2.5,2.5,2.5,2.5,2.5,2.5,2.5,2.5,2.5,2.5,2.5,2.5,2.5,2.5,2.5,2.5,2.5,2.5,2.5,2.5,2.5,2.5,2.5,2.5,2.5,2.5,2.5,2.5,2.5,2.5,2.5,2.5,2.5,2.5,2.5,2.5,2.5,2.5,2.5,2.5,2.5,2.5,2.5,2.5,2.5,2.5,2.5,2.5,2.5,2.5,2.5,2.5,2.5,2.5,2.5,2.5,2.5,2.5,2.5,2.5,2.5,2.5,2.5,2.5,2.5,2.5,2.5,2.5,2.5,2.5,2.5,2.5,2.5,2.5,2.5,2.5,2.5,2.5,2.5,2.5,2.5,2.5,2.5,2.5,2.5,2.5,2.5,2.5,2.5,2.5,2.5,2.5,2.5,2.5,2.5,2.5,2.5,2.5,2.5,2.5,2.5,2.5,2.5,2.5,2.5,2.5,2.5,2.5,2.5,2.5,2.5,2.5,2.5,2.5,2.5,2.5,2.5,2.5,2.5,2.5,2.5,2.5,2.5,2.5,2.5,2.5,2.5,2.5,2.5,2.5,2.5,2.5,2.5,2.5,2.5,2.5,2.5,2.5,2.5,2.5,2.5,2.5,2.5,2.5,2.5,2.5,2.5,2.5,2.5,2.5,2.5,2.5,2.5,2.5,2.5,2.5,2.5,2.5,2.5,2.5,2.5,2.5,2.5,2.5,2.5,2.5,2.5,2.5,2.5,2.5,2.5,2.5,2.5,2.5,2.5,2.5,2.5,2.5
NORM_TRADES_MAX,3.0,3.0,3.0,float,Trades/day norm,3.0,3.0,3.0,3.0,3.0,3.0,3.0,3.0,3.0,3.0,3.0,3.0,3.0,3.0,3.0,3.0,3.0,3.0,3.0,3.0,3.0,3.0,3.0,3.0,3.0,3.0,3.0,3.0,3.0,3.0,3.0,3.0,3.0,3.0,3.0,3.0,3.0,3.0,3.0,3.0,3.0,3.0,3.0,3.0,3.0,3.0,3.0,3.0,3.0,3.0,3.0,3.0,3.0,3.0,3.0,3.0,3.0,3.0,3.0,3.0,3.0,3.0,3.0,3.0,3.0,3.0,3.0,3.0,3.0,3.0,3.0,3.0,3.0,3.0,3.0,3.0,3.0,3.0,3.0,3.0,3.0,3.0,3.0,3.0,3.0,3.0,3.0,3.0,3.0,3.0,3.0,3.0,3.0,3.0,3.0,3.0,3.0,3.0,3.0,3.0,3.0,3.0,3.0,3.0,3.0,3.0,3.0,3.0,3.0,3.0,3.0,3.0,3.0,3.0,3.0,3.0,3.0,3.0,3.0,3.0,3.0,3.0,3.0,3.0,3.0,3.0,3.0,3.0,3.0,3.0,3.0,3.0,3.0,3.0,3.0,3.0,3.0,3.0,3.0,3.0,3.0,3.0,3.0,3.0,3.0,3.0,3.0,3.0,3.0,3.0,3.0,3.0,3.0,3.0,3.0,3.0,3.0,3.0,3.0,3.0,3.0,3.0,3.0,3.0,3.0,3.0,3.0,3.0,3.0,3.0,3.0,3.0,3.0,3.0,3.0,3.0,3.0,3.0,3.0,3.0,3.0,3.0,3.0,3.0,3.0,3.0,3.0,3.0,3.0,3.0,3.0,3.0,3.0,3.0,3.0,3.0,3.0,3.0,3.0,3.0,3.0,3.0,3.0,3.0,3.0,3.0,3.0,3.0,3.0,3.0,3.0,3.0,3.0,3.0,3.0,3.0,3.0,3.0,3.0,3.0,3.0,3.0,3.0,3.0,3.0,3.0,3.0,3.0,3.0,3.0,3.0,3.0,3.0,3.0,3.0,3.0,3.0,3.0,3.0,3.0,3.0,3.0,3.0,3.0,3.0,3.0,3.0,3.0,3.0,3.0,3.0,3.0,3.0,3.0,3.0,3.0,3.0,3.0,3.0,3.0,3.0,3.0,3.0,3.0,3.0,3.0,3.0,3.0,3.0,3.0,3.0,3.0,3.0,3.0,3.0,3.0,3.0,3.0,3.0,3.0,3.0,3.0,3.0,3.0,3.0,3.0,3.0,3.0,3.0,3.0,3.0,3.0,3.0,3.0,3.0,3.0,3.0,3.0,3.0,3.0,3.0,3.0,3.0,3.0,3.0,3.0,3.0,3.0,3.0,3.0,3.0,3.0,3.0
NORM_PNL_MAX,150000,150000,150000,float,PnL norm cap,150000.0,150000.0,150000.0,150000.0,150000.0,150000.0,150000.0,150000.0,150000.0,150000.0,150000.0,150000.0,150000.0,150000.0,150000.0,150000.0,150000.0,150000.0,150000.0,150000.0,150000.0,150000.0,150000.0,150000.0,150000.0,150000.0,150000.0,150000.0,150000.0,150000.0,150000.0,150000.0,150000.0,150000.0,150000.0,150000.0,150000.0,150000.0,150000.0,150000.0,150000.0,150000.0,150000.0,150000.0,150000.0,150000.0,150000.0,150000.0,150000.0,150000.0,150000.0,150000.0,150000.0,150000.0,150000.0,150000.0,150000.0,150000.0,150000.0,150000.0,150000.0,150000.0,150000.0,150000.0,150000.0,150000.0,150000.0,150000.0,150000.0,150000.0,150000.0,150000.0,150000.0,150000.0,150000.0,150000.0,150000.0,150000.0,150000.0,150000.0,150000.0,150000.0,150000.0,150000.0,150000.0,150000.0,150000.0,150000.0,150000.0,150000.0,150000.0,150000.0,150000.0,150000.0,150000.0,150000.0,150000.0,150000.0,150000.0,150000.0,150000.0,150000.0,150000.0,150000.0,150000.0,150000.0,150000.0,150000.0,150000.0,150000.0,150000.0,150000.0,150000.0,150000.0,150000.0,150000.0,150000.0,150000.0,150000.0,150000.0,150000.0,150000.0,150000.0,150000.0,150000.0,150000.0,150000.0,150000.0,150000.0,150000.0,150000.0,150000.0,150000.0,150000.0,150000.0,150000.0,150000.0,150000.0,150000.0,150000.0,150000.0,150000.0,150000.0,150000.0,150000.0,150000.0,150000.0,150000.0,150000.0,150000.0,150000.0,150000.0,150000.0,150000.0,150000.0,150000.0,150000.0,150000.0,150000.0,150000.0,150000.0,150000.0,150000.0,150000.0,150000.0,150000.0,150000.0,150000.0,150000.0,150000.0,150000.0,150000.0,150000.0,150000.0,150000.0,150000.0,150000.0,150000.0,150000.0,150000.0,150000.0,150000.0,150000.0,150000.0,150000.0,150000.0,150000.0,150000.0,150000.0,150000.0,150000.0,150000.0,150000.0,150000.0,150000.0,150000.0,150000.0,150000.0,150000.0,150000.0,150000.0,150000.0,150000.0,150000.0,150000.0,150000.0,150000.0,150000.0,150000.0,150000.0,150000.0,150000.0,150000.0,150000.0,150000.0,150000.0,150000.0,150000.0,150000.0,150000.0,150000.0,150000.0,150000.0,150000.0,150000.0,150000.0,150000.0,150000.0,150000.0,150000.0,150000.0,150000.0,150000.0,150000.0,150000.0,150000.0,150000.0,150000.0,150000.0,150000.0,150000.0,150000.0,150000.0,150000.0,150000.0,150000.0,150000.0,150000.0,150000.0,150000.0,150000.0,150000.0,150000.0,150000.0,150000.0,150000.0,150000.0,150000.0,150000.0,150000.0,150000.0,150000.0,150000.0,150000.0,150000.0,150000.0,150000.0,150000.0,150000.0,150000.0,150000.0,150000.0,150000.0,150000.0,150000.0,150000.0,150000.0,150000.0,150000.0,150000.0,150000.0,150000.0,150000.0,150000.0,150000.0,150000.0,150000.0,150000.0,150000.0,150000.0,150000.0,150000.0,150000.0,150000.0,150000.0,150000.0,150000.0,150000.0,150000.0,150000.0,150000.0,150000.0,150000.0,150000.0,150000.0,150000.0,150000.0,150000.0,150000.0,150000.0,150000.0,150000.0,150000.0
NORM_PROFIT_TRADE_MAX,100,100,100,float,PPT norm cap,100.0,100.0,100.0,100.0,100.0,100.0,100.0,100.0,100.0,100.0,100.0,100.0,100.0,100.0,100.0,100.0,100.0,100.0,100.0,100.0,100.0,100.0,100.0,100.0,100.0,100.0,100.0,100.0,100.0,100.0,100.0,100.0,100.0,100.0,100.0,100.0,100.0,100.0,100.0,100.0,100.0,100.0,100.0,100.0,100.0,100.0,100.0,100.0,100.0,100.0,100.0,100.0,100.0,100.0,100.0,100.0,100.0,100.0,100.0,100.0,100.0,100.0,100.0,100.0,100.0,100.0,100.0,100.0,100.0,100.0,100.0,100.0,100.0,100.0,100.0,100.0,100.0,100.0,100.0,100.0,100.0,100.0,100.0,100.0,100.0,100.0,100.0,100.0,100.0,100.0,100.0,100.0,100.0,100.0,100.0,100.0,100.0,100.0,100.0,100.0,100.0,100.0,100.0,100.0,100.0,100.0,100.0,100.0,100.0,100.0,100.0,100.0,100.0,100.0,100.0,100.0,100.0,100.0,100.0,100.0,100.0,100.0,100.0,100.0,100.0,100.0,100.0,100.0,100.0,100.0,100.0,100.0,100.0,100.0,100.0,100.0,100.0,100.0,100.0,100.0,100.0,100.0,100.0,100.0,100.0,100.0,100.0,100.0,100.0,100.0,100.0,100.0,100.0,100.0,100.0,100.0,100.0,100.0,100.0,100.0,100.0,100.0,100.0,100.0,100.0,100.0,100.0,100.0,100.0,100.0,100.0,100.0,100.0,100.0,100.0,100.0,100.0,100.0,100.0,100.0,100.0,100.0,100.0,100.0,100.0,100.0,100.0,100.0,100.0,100.0,100.0,100.0,100.0,100.0,100.0,100.0,100.0,100.0,100.0,100.0,100.0,100.0,100.0,100.0,100.0,100.0,100.0,100.0,100.0,100.0,100.0,100.0,100.0,100.0,100.0,100.0,100.0,100.0,100.0,100.0,100.0,100.0,100.0,100.0,100.0,100.0,100.0,100.0,100.0,100.0,100.0,100.0,100.0,100.0,100.0,100.0,100.0,100.0,100.0,100.0,100.0,100.0,100.0,100.0,100.0,100.0,100.0,100.0,100.0,100.0,100.0,100.0,100.0,100.0,100.0,100.0,100.0,100.0,100.0,100.0,100.0,100.0,100.0,100.0,100.0,100.0,100.0,100.0,100.0,100.0,100.0,100.0,100.0,100.0,100.0,100.0,100.0,100.0,100.0,100.0,100.0,100.0,100.0,100.0,100.0,100.0,100.0,100.0,100.0,100.0,100.0,100.0,100.0,100.0,100.0,100.0,100.0,100.0,100.0,100.0,100.0,100.0,100.0,100.0,100.0,100.0,100.0,100.0,100.0,100.0,100.0,100.0,100.0
MIN_WIN_RATE,0.35,0.35,0.35,float,Min win rate,0.35,0.35,0.35,0.35,0.35,0.35,0.35,0.35,0.35,0.35,0.35,0.35,0.35,0.35,0.35,0.35,0.35,0.35,0.35,0.35,0.35,0.35,0.35,0.35,0.35,0.35,0.35,0.35,0.35,0.35,0.35,0.35,0.35,0.35,0.35,0.35,0.35,0.35,0.35,0.35,0.35,0.35,0.35,0.35,0.35,0.35,0.35,0.35,0.35,0.35,0.35,0.35,0.35,0.35,0.35,0.35,0.35,0.35,0.35,0.35,0.35,0.35,0.35,0.35,0.35,0.35,0.35,0.35,0.35,0.35,0.35,0.35,0.35,0.35,0.35,0.35,0.35,0.35,0.35,0.35,0.35,0.35,0.35,0.35,0.35,0.35,0.35,0.35,0.35,0.35,0.35,0.35,0.35,0.35,0.35,0.35,0.35,0.35,0.35,0.35,0.35,0.35,0.35,0.35,0.35,0.35,0.35,0.35,0.35,0.35,0.35,0.35,0.35,0.35,0.35,0.35,0.35,0.35,0.35,0.35,0.35,0.35,0.35,0.35,0.35,0.35,0.35,0.35,0.35,0.35,0.35,0.35,0.35,0.35,0.35,0.35,0.35,0.35,0.35,0.35,0.35,0.35,0.35,0.35,0.35,0.35,0.35,0.35,0.35,0.35,0.35,0.35,0.35,0.35,0.35,0.35,0.35,0.35,0.35,0.35,0.35,0.35,0.35,0.35,0.35,0.35,0.35,0.35,0.35,0.35,0.35,0.35,0.35,0.35,0.35,0.35,0.35,0.35,0.35,0.35,0.35,0.35,0.35,0.35,0.35,0.35,0.35,0.35,0.35,0.35,0.35,0.35,0.35,0.35,0.35,0.35,0.35,0.35,0.35,0.35,0.35,0.35,0.35,0.35,0.35,0.35,0.35,0.35,0.35,0.35,0.35,0.35,0.35,0.35,0.35,0.35,0.35,0.35,0.35,0.35,0.35,0.35,0.35,0.35,0.35,0.35,0.35,0.35,0.35,0.35,0.35,0.35,0.35,0.35,0.35,0.35,0.35,0.35,0.35,0.35,0.35,0.35,0.35,0.35,0.35,0.35,0.35,0.35,0.35,0.35,0.35,0.35,0.35,0.35,0.35,0.35,0.35,0.35,0.35,0.35,0.35,0.35,0.35,0.35,0.35,0.35,0.35,0.35,0.35,0.35,0.35,0.35,0.35,0.35,0.35,0.35,0.35,0.35,0.35,0.35,0.35,0.35,0.35,0.35,0.35,0.35,0.35,0.35,0.35,0.35,0.35,0.35,0.35,0.35,0.35,0.35,0.35,0.35,0.35,0.35,0.35,0.35,0.35,0.35,0.35,0.35,0.35,0.35,0.35,0.35,0.35,0.35,0.35
SORTINO_CAP,8,8,8,float,Sortino cap,8.0,8.0,8.0,8.0,8.0,8.0,8.0,8.0,8.0,8.0,8.0,8.0,8.0,8.0,8.0,8.0,8.0,8.0,8.0,8.0,8.0,8.0,8.0,8.0,8.0,8.0,8.0,8.0,8.0,8.0,8.0,8.0,8.0,8.0,8.0,8.0,8.0,8.0,8.0,8.0,8.0,8.0,8.0,8.0,8.0,8.0,8.0,8.0,8.0,8.0,8.0,8.0,8.0,8.0,8.0,8.0,8.0,8.0,8.0,8.0,8.0,8.0,8.0,8.0,8.0,8.0,8.0,8.0,8.0,8.0,8.0,8.0,8.0,8.0,8.0,8.0,8.0,8.0,8.0,8.0,8.0,8.0,8.0,8.0,8.0,8.0,8.0,8.0,8.0,8.0,8.0,8.0,8.0,8.0,8.0,8.0,8.0,8.0,8.0,8.0,8.0,8.0,8.0,8.0,8.0,8.0,8.0,8.0,8.0,8.0,8.0,8.0,8.0,8.0,8.0,8.0,8.0,8.0,8.0,8.0,8.0,8.0,8.0,8.0,8.0,8.0,8.0,8.0,8.0,8.0,8.0,8.0,8.0,8.0,8.0,8.0,8.0,8.0,8.0,8.0,8.0,8.0,8.0,8.0,8.0,8.0,8.0,8.0,8.0,8.0,8.0,8.0,8.0,8.0,8.0,8.0,8.0,8.0,8.0,8.0,8.0,8.0,8.0,8.0,8.0,8.0,8.0,8.0,8.0,8.0,8.0,8.0,8.0,8.0,8.0,8.0,8.0,8.0,8.0,8.0,8.0,8.0,8.0,8.0,8.0,8.0,8.0,8.0,8.0,8.0,8.0,8.0,8.0,8.0,8.0,8.0,8.0,8.0,8.0,8.0,8.0,8.0,8.0,8.0,8.0,8.0,8.0,8.0,8.0,8.0,8.0,8.0,8.0,8.0,8.0,8.0,8.0,8.0,8.0,8.0,8.0,8.0,8.0,8.0,8.0,8.0,8.0,8.0,8.0,8.0,8.0,8.0,8.0,8.0,8.0,8.0,8.0,8.0,8.0,8.0,8.0,8.0,8.0,8.0,8.0,8.0,8.0,8.0,8.0,8.0,8.0,8.0,8.0,8.0,8.0,8.0,8.0,8.0,8.0,8.0,8.0,8.0,8.0,8.0,8.0,8.0,8.0,8.0,8.0,8.0,8.0,8.0,8.0,8.0,8.0,8.0,8.0,8.0,8.0,8.0,8.0,8.0,8.0,8.0,8.0,8.0,8.0,8.0,8.0,8.0,8.0,8.0,8.0,8.0,8.0,8.0,8.0,8.0,8.0,8.0,8.0,8.0,8.0,8.0,8.0,8.0,8.0,8.0,8.0,8.0,8.0,8.0,8.0
GA_START_DATE,2020-01-02,2020-01-02,2020-01-02,str,Backtest start,2020-01-02,2020-01-02,2020-01-02,2020-01-02,2020-01-02,2020-01-02,2020-01-02,2020-01-02,2020-01-02,2020-01-02,2020-01-02,2020-01-02,2020-01-02,2020-01-02,2020-01-02,2020-01-02,2020-01-02,2020-01-02,2020-01-02,2020-01-02,2020-01-02,2020-01-02,2020-01-02,2020-01-02,2020-01-02,2020-01-02,2020-01-02,2020-01-02,2020-01-02,2020-01-02,2020-01-02,2020-01-02,2020-01-02,2020-01-02,2020-01-02,2020-01-02,2020-01-02,2020-01-02,2020-01-02,2020-01-02,2020-01-02,2020-01-02,2020-01-02,2020-01-02,2020-01-02,2020-01-02,2020-01-02,2020-01-02,2020-01-02,2020-01-02,2020-01-02,2020-01-02,2020-01-02,2020-01-02,2020-01-02,2020-01-02,2020-01-02,2020-01-02,2020-01-02,2020-01-02,2020-01-02,2020-01-02,2020-01-02,2020-01-02,2020-01-02,2020-01-02,2020-01-02,2020-01-02,2020-01-02,2020-01-02,2020-01-02,2020-01-02,2020-01-02,2020-01-02,2020-01-02,2020-01-02,2020-01-02,2020-01-02,2020-01-02,2020-01-02,2020-01-02,2020-01-02,2020-01-02,2020-01-02,2020-01-02,2020-01-02,2020-01-02,2020-01-02,2020-01-02,2020-01-02,2020-01-02,2020-01-02,2020-01-02,2020-01-02,2020-01-02,2020-01-02,2020-01-02,2020-01-02,2020-01-02,2020-01-02,2020-01-02,2020-01-02,2020-01-02,2020-01-02,2020-01-02,2020-01-02,2020-01-02,2020-01-02,2020-01-02,2020-01-02,2020-01-02,2020-01-02,2020-01-02,2020-01-02,2020-01-02,2020-01-02,2020-01-02,2020-01-02,2020-01-02,2020-01-02,2020-01-02,2020-01-02,2020-01-02,2020-01-02,2020-01-02,2020-01-02,2020-01-02,2020-01-02,2020-01-02,2020-01-02,2020-01-02,2020-01-02,2020-01-02,2020-01-02,2020-01-02,2020-01-02,2020-01-02,2020-01-02,2020-01-02,2020-01-02,2020-01-02,2020-01-02,2020-01-02,2020-01-02,2020-01-02,2020-01-02,2020-01-02,2020-01-02,2020-01-02,2020-01-02,2020-01-02,2020-01-02,2020-01-02,2020-01-02,2020-01-02,2020-01-02,2020-01-02,2020-01-02,2020-01-02,2020-01-02,2020-01-02,2020-01-02,2020-01-02,2020-01-02,2020-01-02,2020-01-02,2020-01-02,2020-01-02,2020-01-02,2020-01-02,2020-01-02,2020-01-02,2020-01-02,2020-01-02,2020-01-02,2020-01-02,2020-01-02,2020-01-02,2020-01-02,2020-01-02,2020-01-02,2020-01-02,2020-01-02,2020-01-02,2020-01-02,2020-01-02,2020-01-02,2020-01-02,2020-01-02,2020-01-02,2020-01-02,2020-01-02,2020-01-02,2020-01-02,2020-01-02,2020-01-02,2020-01-02,2020-01-02,2020-01-02,2020-01-02,2020-01-02,2020-01-02,2020-01-02,2020-01-02,2020-01-02,2020-01-02,2020-01-02,2020-01-02,2020-01-02,2020-01-02,2020-01-02,2020-01-02,2020-01-02,2020-01-02,2020-01-02,2020-01-02,2020-01-02,2020-01-02,2020-01-02,2020-01-02,2020-01-02,2020-01-02,2020-01-02,2020-01-02,2020-01-02,2020-01-02,2020-01-02,2020-01-02,2020-01-02,2020-01-02,2020-01-02,2020-01-02,2020-01-02,2020-01-02,2020-01-02,2020-01-02,2020-01-02,2020-01-02,2020-01-02,2020-01-02,2020-01-02,2020-01-02,2020-01-02,2020-01-02,2020-01-02,2020-01-02,2020-01-02,2020-01-02,2020-01-02,2020-01-02,2020-01-02,2020-01-02,2020-01-02,2020-01-02,2020-01-02,2020-01-02,2020-01-02,2020-01-02,2020-01-02,2020-01-02,2020-01-02,2020-01-02,2020-01-02,2020-01-02,2020-01-02,2020-01-02,2020-01-02,2020-01-02,2020-01-02,2020-01-02,2020-01-02,2020-01-02,2020-01-02,2020-01-02,2020-01-02,2020-01-02,2020-01-02,2020-01-02,2020-01-02,2020-01-02,2020-01-02,2020-01-02,2020-01-02,2020-01-02,2020-01-02,2020-01-02,2020-01-02,2020-01-02,2020-01-02,2020-01-02,2020-01-02,2020-01-02,2020-01-02,2020-01-02,2020-01-02,2020-01-02,2020-01-02,2020-01-02,2020-01-02,2020-01-02,2020-01-02,2020-01-02,2020-01-02,2020-01-02,2020-01-02,2020-01-02,2020-01-02,2020-01-02,2020-01-02,2020-01-02,2020-01-02,2020-01-02,2020-01-02
GA_END_DATE,2025-10-10,2025-10-10,2025-10-10,str,Backtest end,2025-10-10,2025-10-10,2025-10-10,2025-10-10,2025-10-10,2025-10-10,2025-10-10,2025-10-10,2025-10-10,2025-10-10,2025-10-10,2025-10-10,2025-10-10,2025-10-10,2025-10-10,2025-10-10,2025-10-10,2025-10-10,2025-10-10,2025-10-10,2025-10-10,2025-10-10,2025-10-10,2025-10-10,2025-10-10,2025-10-10,2025-10-10,2025-10-10,2025-10-10,2025-10-10,2025-10-10,2025-10-10,2025-10-10,2025-10-10,2025-10-10,2025-10-10,2025-10-10,2025-10-10,2025-10-10,2025-10-10,2025-10-10,2025-10-10,2025-10-10,2025-10-10,2025-10-10,2025-10-10,2025-10-10,2025-10-10,2025-10-10,2025-10-10,2025-10-10,2025-10-10,2025-10-10,2025-10-10,2025-10-10,2025-10-10,2025-10-10,2025-10-10,2025-10-10,2025-10-10,2025-10-10,2025-10-10,2025-10-10,2025-10-10,2025-10-10,2025-10-10,2025-10-10,2025-10-10,2025-10-10,2025-10-10,2025-10-10,2025-10-10,2025-10-10,2025-10-10,2025-10-10,2025-10-10,2025-10-10,2025-10-10,2025-10-10,2025-10-10,2025-10-10,2025-10-10,2025-10-10,2025-10-10,2025-10-10,2025-10-10,2025-10-10,2025-10-10,2025-10-10,2025-10-10,2025-10-10,2025-10-10,2025-10-10,2025-10-10,2025-10-10,2025-10-10,2025-10-10,2025-10-10,2025-10-10,2025-10-10,2025-10-10,2025-10-10,2025-10-10,2025-10-10,2025-10-10,2025-10-10,2025-10-10,2025-10-10,2025-10-10,2025-10-10,2025-10-10,2025-10-10,2025-10-10,2025-10-10,2025-10-10,2025-10-10,2025-10-10,2025-10-10,2025-10-10,2025-10-10,2025-10-10,2025-10-10,2025-10-10,2025-10-10,2025-10-10,2025-10-10,2025-10-10,2025-10-10,2025-10-10,2025-10-10,2025-10-10,2025-10-10,2025-10-10,2025-10-10,2025-10-10,2025-10-10,2025-10-10,2025-10-10,2025-10-10,2025-10-10,2025-10-10,2025-10-10,2025-10-10,2025-10-10,2025-10-10,2025-10-10,2025-10-10,2025-10-10,2025-10-10,2025-10-10,2025-10-10,2025-10-10,2025-10-10,2025-10-10,2025-10-10,2025-10-10,2025-10-10,2025-10-10,2025-10-10,2025-10-10,2025-10-10,2025-10-10,2025-10-10,2025-10-10,2025-10-10,2025-10-10,2025-10-10,2025-10-10,2025-10-10,2025-10-10,2025-10-10,2025-10-10,2025-10-10,2025-10-10,2025-10-10,2025-10-10,2025-10-10,2025-10-10,2025-10-10,2025-10-10,2025-10-10,2025-10-10,2025-10-10,2025-10-10,2025-10-10,2025-10-10,2025-10-10,2025-10-10,2025-10-10,2025-10-10,2025-10-10,2025-10-10,2025-10-10,2025-10-10,2025-10-10,2025-10-10,2025-10-10,2025-10-10,2025-10-10,2025-10-10,2025-10-10,2025-10-10,2025-10-10,2025-10-10,2025-10-10,2025-10-10,2025-10-10,2025-10-10,2025-10-10,2025-10-10,2025-10-10,2025-10-10,2025-10-10,2025-10-10,2025-10-10,2025-10-10,2025-10-10,2025-10-10,2025-10-10,2025-10-10,2025-10-10,2025-10-10,2025-10-10,2025-10-10,2025-10-10,2025-10-10,2025-10-10,2025-10-10,2025-10-10,2025-10-10,2025-10-10,2025-10-10,2025-10-10,2025-10-10,2025-10-10,2025-10-10,2025-10-10,2025-10-10,2025-10-10,2025-10-10,2025-10-10,2025-10-10,2025-10-10,2025-10-10,2025-10-10,2025-10-10,2025-10-10,2025-10-10,2025-10-10,2025-10-10,2025-10-10,2025-10-10,2025-10-10,2025-10-10,2025-10-10,2025-10-10,2025-10-10,2025-10-10,2025-10-10,2025-10-10,2025-10-10,2025-10-10,2025-10-10,2025-10-10,2025-10-10,2025-10-10,2025-10-10,2025-10-10,2025-10-10,2025-10-10,2025-10-10,2025-10-10,2025-10-10,2025-10-10,2025-10-10,2025-10-10,2025-10-10,2025-10-10,2025-10-10,2025-10-10,2025-10-10,2025-10-10,2025-10-10,2025-10-10,2025-10-10,2025-10-10,2025-10-10,2025-10-10,2025-10-10,2025-10-10,2025-10-10,2025-10-10,2025-10-10,2025-10-10,2025-10-10,2025-10-10,2025-10-10,2025-10-10,2025-10-10,2025-10-10,2025-10-10,2025-10-10,2025-10-10,2025-10-10,2025-10-10,2025-10-10,2025-10-10,2025-10-10,2025-10-10,2025-10-10,2025-10-10,2025-10-10,2025-10-10
GA_LIVE_STYLE_ENTRY,1,1,1,int,LOCKED enter signal-bar close,1,1,1,1,1,1,1,1,1,1,1,1,1,1,1,1,1,1,1,1,1,1,1,1,1,1,1,1,1,1,1,1,1,1,1,1,1,1,1,1,1,1,1,1,1,1,1,1,1,1,1,1,1,1,1,1,1,1,1,1,1,1,1,1,1,1,1,1,1,1,1,1,1,1,1,1,1,1,1,1,1,1,1,1,1,1,1,1,1,1,1,1,1,1,1,1,1,1,1,1,1,1,1,1,1,1,1,1,1,1,1,1,1,1,1,1,1,1,1,1,1,1,1,1,1,1,1,1,1,1,1,1,1,1,1,1,1,1,1,1,1,1,1,1,1,1,1,1,1,1,1,1,1,1,1,1,1,1,1,1,1,1,1,1,1,1,1,1,1,1,1,1,1,1,1,1,1,1,1,1,1,1,1,1,1,1,1,1,1,1,1,1,1,1,1,1,1,1,1,1,1,1,1,1,1,1,1,1,1,1,1,1,1,1,1,1,1,1,1,1,1,1,1,1,1,1,1,1,1,1,1,1,1,1,1,1,1,1,1,1,1,1,1,1,1,1,1,1,1,1,1,1,1,1,1,1,1,1,1,1,1,1,1,1,1,1,1,1,1,1,1,1,1,1,1,1,1,1,1,1,1,1,1,1,1,1,1,1,1,1,1,1,1,1,1,1,1,1,1,1,1,1,1,1,1,1,1,1,1,1,1,1,1
GA_CONSERVATIVE_STOP_SLIPPAGE,1,1,1,float,LOCKED,1.0,1.0,1.0,1.0,1.0,1.0,1.0,1.0,1.0,1.0,1.0,1.0,1.0,1.0,1.0,1.0,1.0,1.0,1.0,1.0,1.0,1.0,1.0,1.0,1.0,1.0,1.0,1.0,1.0,1.0,1.0,1.0,1.0,1.0,1.0,1.0,1.0,1.0,1.0,1.0,1.0,1.0,1.0,1.0,1.0,1.0,1.0,1.0,1.0,1.0,1.0,1.0,1.0,1.0,1.0,1.0,1.0,1.0,1.0,1.0,1.0,1.0,1.0,1.0,1.0,1.0,1.0,1.0,1.0,1.0,1.0,1.0,1.0,1.0,1.0,1.0,1.0,1.0,1.0,1.0,1.0,1.0,1.0,1.0,1.0,1.0,1.0,1.0,1.0,1.0,1.0,1.0,1.0,1.0,1.0,1.0,1.0,1.0,1.0,1.0,1.0,1.0,1.0,1.0,1.0,1.0,1.0,1.0,1.0,1.0,1.0,1.0,1.0,1.0,1.0,1.0,1.0,1.0,1.0,1.0,1.0,1.0,1.0,1.0,1.0,1.0,1.0,1.0,1.0,1.0,1.0,1.0,1.0,1.0,1.0,1.0,1.0,1.0,1.0,1.0,1.0,1.0,1.0,1.0,1.0,1.0,1.0,1.0,1.0,1.0,1.0,1.0,1.0,1.0,1.0,1.0,1.0,1.0,1.0,1.0,1.0,1.0,1.0,1.0,1.0,1.0,1.0,1.0,1.0,1.0,1.0,1.0,1.0,1.0,1.0,1.0,1.0,1.0,1.0,1.0,1.0,1.0,1.0,1.0,1.0,1.0,1.0,1.0,1.0,1.0,1.0,1.0,1.0,1.0,1.0,1.0,1.0,1.0,1.0,1.0,1.0,1.0,1.0,1.0,1.0,1.0,1.0,1.0,1.0,1.0,1.0,1.0,1.0,1.0,1.0,1.0,1.0,1.0,1.0,1.0,1.0,1.0,1.0,1.0,1.0,1.0,1.0,1.0,1.0,1.0,1.0,1.0,1.0,1.0,1.0,1.0,1.0,1.0,1.0,1.0,1.0,1.0,1.0,1.0,1.0,1.0,1.0,1.0,1.0,1.0,1.0,1.0,1.0,1.0,1.0,1.0,1.0,1.0,1.0,1.0,1.0,1.0,1.0,1.0,1.0,1.0,1.0,1.0,1.0,1.0,1.0,1.0,1.0,1.0,1.0,1.0,1.0,1.0,1.0,1.0,1.0,1.0,1.0,1.0,1.0,1.0,1.0,1.0,1.0,1.0,1.0,1.0,1.0,1.0,1.0,1.0,1.0,1.0,1.0,1.0,1.0,1.0,1.0,1.0,1.0,1.0,1.0,1.0,1.0,1.0,1.0,1.0,1.0
GA_CONSERVATIVE_ENTRY_SLIPPAGE,1,1,1,float,LOCKED,1.0,1.0,1.0,1.0,1.0,1.0,1.0,1.0,1.0,1.0,1.0,1.0,1.0,1.0,1.0,1.0,1.0,1.0,1.0,1.0,1.0,1.0,1.0,1.0,1.0,1.0,1.0,1.0,1.0,1.0,1.0,1.0,1.0,1.0,1.0,1.0,1.0,1.0,1.0,1.0,1.0,1.0,1.0,1.0,1.0,1.0,1.0,1.0,1.0,1.0,1.0,1.0,1.0,1.0,1.0,1.0,1.0,1.0,1.0,1.0,1.0,1.0,1.0,1.0,1.0,1.0,1.0,1.0,1.0,1.0,1.0,1.0,1.0,1.0,1.0,1.0,1.0,1.0,1.0,1.0,1.0,1.0,1.0,1.0,1.0,1.0,1.0,1.0,1.0,1.0,1.0,1.0,1.0,1.0,1.0,1.0,1.0,1.0,1.0,1.0,1.0,1.0,1.0,1.0,1.0,1.0,1.0,1.0,1.0,1.0,1.0,1.0,1.0,1.0,1.0,1.0,1.0,1.0,1.0,1.0,1.0,1.0,1.0,1.0,1.0,1.0,1.0,1.0,1.0,1.0,1.0,1.0,1.0,1.0,1.0,1.0,1.0,1.0,1.0,1.0,1.0,1.0,1.0,1.0,1.0,1.0,1.0,1.0,1.0,1.0,1.0,1.0,1.0,1.0,1.0,1.0,1.0,1.0,1.0,1.0,1.0,1.0,1.0,1.0,1.0,1.0,1.0,1.0,1.0,1.0,1.0,1.0,1.0,1.0,1.0,1.0,1.0,1.0,1.0,1.0,1.0,1.0,1.0,1.0,1.0,1.0,1.0,1.0,1.0,1.0,1.0,1.0,1.0,1.0,1.0,1.0,1.0,1.0,1.0,1.0,1.0,1.0,1.0,1.0,1.0,1.0,1.0,1.0,1.0,1.0,1.0,1.0,1.0,1.0,1.0,1.0,1.0,1.0,1.0,1.0,1.0,1.0,1.0,1.0,1.0,1.0,1.0,1.0,1.0,1.0,1.0,1.0,1.0,1.0,1.0,1.0,1.0,1.0,1.0,1.0,1.0,1.0,1.0,1.0,1.0,1.0,1.0,1.0,1.0,1.0,1.0,1.0,1.0,1.0,1.0,1.0,1.0,1.0,1.0,1.0,1.0,1.0,1.0,1.0,1.0,1.0,1.0,1.0,1.0,1.0,1.0,1.0,1.0,1.0,1.0,1.0,1.0,1.0,1.0,1.0,1.0,1.0,1.0,1.0,1.0,1.0,1.0,1.0,1.0,1.0,1.0,1.0,1.0,1.0,1.0,1.0,1.0,1.0,1.0,1.0,1.0,1.0,1.0,1.0,1.0,1.0,1.0,1.0,1.0,1.0,1.0,1.0,1.0
GA_CONSERVATIVE_CHANNEL_SLIPPAGE,0.25,0.25,0.25,float,LOCKED,0.25,0.25,0.25,0.25,0.25,0.25,0.25,0.25,0.25,0.25,0.25,0.25,0.25,0.25,0.25,0.25,0.25,0.25,0.25,0.25,0.25,0.25,0.25,0.25,0.25,0.25,0.25,0.25,0.25,0.25,0.25,0.25,0.25,0.25,0.25,0.25,0.25,0.25,0.25,0.25,0.25,0.25,0.25,0.25,0.25,0.25,0.25,0.25,0.25,0.25,0.25,0.25,0.25,0.25,0.25,0.25,0.25,0.25,0.25,0.25,0.25,0.25,0.25,0.25,0.25,0.25,0.25,0.25,0.25,0.25,0.25,0.25,0.25,0.25,0.25,0.25,0.25,0.25,0.25,0.25,0.25,0.25,0.25,0.25,0.25,0.25,0.25,0.25,0.25,0.25,0.25,0.25,0.25,0.25,0.25,0.25,0.25,0.25,0.25,0.25,0.25,0.25,0.25,0.25,0.25,0.25,0.25,0.25,0.25,0.25,0.25,0.25,0.25,0.25,0.25,0.25,0.25,0.25,0.25,0.25,0.25,0.25,0.25,0.25,0.25,0.25,0.25,0.25,0.25,0.25,0.25,0.25,0.25,0.25,0.25,0.25,0.25,0.25,0.25,0.25,0.25,0.25,0.25,0.25,0.25,0.25,0.25,0.25,0.25,0.25,0.25,0.25,0.25,0.25,0.25,0.25,0.25,0.25,0.25,0.25,0.25,0.25,0.25,0.25,0.25,0.25,0.25,0.25,0.25,0.25,0.25,0.25,0.25,0.25,0.25,0.25,0.25,0.25,0.25,0.25,0.25,0.25,0.25,0.25,0.25,0.25,0.25,0.25,0.25,0.25,0.25,0.25,0.25,0.25,0.25,0.25,0.25,0.25,0.25,0.25,0.25,0.25,0.25,0.25,0.25,0.25,0.25,0.25,0.25,0.25,0.25,0.25,0.25,0.25,0.25,0.25,0.25,0.25,0.25,0.25,0.25,0.25,0.25,0.25,0.25,0.25,0.25,0.25,0.25,0.25,0.25,0.25,0.25,0.25,0.25,0.25,0.25,0.25,0.25,0.25,0.25,0.25,0.25,0.25,0.25,0.25,0.25,0.25,0.25,0.25,0.25,0.25,0.25,0.25,0.25,0.25,0.25,0.25,0.25,0.25,0.25,0.25,0.25,0.25,0.25,0.25,0.25,0.25,0.25,0.25,0.25,0.25,0.25,0.25,0.25,0.25,0.25,0.25,0.25,0.25,0.25,0.25,0.25,0.25,0.25,0.25,0.25,0.25,0.25,0.25,0.25,0.25,0.25,0.25,0.25,0.25,0.25,0.25,0.25,0.25,0.25,0.25,0.25,0.25,0.25,0.25,0.25,0.25,0.25,0.25,0.25,0.25,0.25
GA_PESSIMISTIC_STOPS,1,1,1,int,LOCKED,1,1,1,1,1,1,1,1,1,1,1,1,1,1,1,1,1,1,1,1,1,1,1,1,1,1,1,1,1,1,1,1,1,1,1,1,1,1,1,1,1,1,1,1,1,1,1,1,1,1,1,1,1,1,1,1,1,1,1,1,1,1,1,1,1,1,1,1,1,1,1,1,1,1,1,1,1,1,1,1,1,1,1,1,1,1,1,1,1,1,1,1,1,1,1,1,1,1,1,1,1,1,1,1,1,1,1,1,1,1,1,1,1,1,1,1,1,1,1,1,1,1,1,1,1,1,1,1,1,1,1,1,1,1,1,1,1,1,1,1,1,1,1,1,1,1,1,1,1,1,1,1,1,1,1,1,1,1,1,1,1,1,1,1,1,1,1,1,1,1,1,1,1,1,1,1,1,1,1,1,1,1,1,1,1,1,1,1,1,1,1,1,1,1,1,1,1,1,1,1,1,1,1,1,1,1,1,1,1,1,1,1,1,1,1,1,1,1,1,1,1,1,1,1,1,1,1,1,1,1,1,1,1,1,1,1,1,1,1,1,1,1,1,1,1,1,1,1,1,1,1,1,1,1,1,1,1,1,1,1,1,1,1,1,1,1,1,1,1,1,1,1,1,1,1,1,1,1,1,1,1,1,1,1,1,1,1,1,1,1,1,1,1,1,1,1,1,1,1,1,1,1,1,1,1,1,1,1,1,1,1,1,1
GA_DIVERSE_SEED,0,0,0,int,Off,0,0,0,0,0,0,0,0,0,0,0,0,0,0,0,0,0,0,0,0,0,0,0,0,0,0,0,0,0,0,0,0,0,0,0,0,0,0,0,0,0,0,0,0,0,0,0,0,0,0,0,0,0,0,0,0,0,0,0,0,0,0,0,0,0,0,0,0,0,0,0,0,0,0,0,0,0,0,0,0,0,0,0,0,0,0,0,0,0,0,0,0,0,0,0,0,0,0,0,0,0,0,0,0,0,0,0,0,0,0,0,0,0,0,0,0,0,0,0,0,0,0,0,0,0,0,0,0,0,0,0,0,0,0,0,0,0,0,0,0,0,0,0,0,0,0,0,0,0,0,0,0,0,0,0,0,0,0,0,0,0,0,0,0,0,0,0,0,0,0,0,0,0,0,0,0,0,0,0,0,0,0,0,0,0,0,0,0,0,0,0,0,0,0,0,0,0,0,0,0,0,0,0,0,0,0,0,0,0,0,0,0,0,0,0,0,0,0,0,0,0,0,0,0,0,0,0,0,0,0,0,0,0,0,0,0,0,0,0,0,0,0,0,0,0,0,0,0,0,0,0,0,0,0,0,0,0,0,0,0,0,0,0,0,0,0,0,0,0,0,0,0,0,0,0,0,0,0,0,0,0,0,0,0,0,0,0,0,0,0,0,0,0,0,0,0,0,0,0,0,0,0,0,0,0,0,0,0,0,0,0,0,0
WEIGHT_SORTINO,1,,,float,Fitness: Sortino,1.0,1.0,1.0,1.0,1.0,1.0,1.0,1.0,1.0,1.0,1.0,1.0,1.0,1.0,1.0,1.0,1.0,1.0,1.0,1.0,1.0,1.0,1.0,1.0,1.0,1.0,1.0,1.0,1.0,1.0,1.0,1.0,1.0,1.0,1.0,1.0,1.0,1.0,1.0,1.0,1.0,1.0,1.0,1.0,1.0,1.0,1.0,1.0,1.0,1.0,1.0,1.0,1.0,1.0,1.0,1.0,1.0,1.0,1.0,1.0,1.0,1.0,1.0,1.0,1.0,1.0,1.0,1.0,1.0,1.0,1.0,1.0,1.0,1.0,1.0,1.0,1.0,1.0,1.0,1.0,1.0,1.0,1.0,1.0,1.0,1.0,1.0,1.0,1.0,1.0,1.0,1.0,1.0,1.0,1.0,1.0,1.0,1.0,1.0,1.0,1.0,1.0,1.0,1.0,1.0,1.0,1.0,1.0,1.0,1.0,1.0,1.0,1.0,1.0,1.0,1.0,1.0,1.0,1.0,1.0,1.0,1.0,1.0,1.0,1.0,1.0,1.0,1.0,1.0,1.0,1.0,1.0,1.0,1.0,1.0,1.0,1.0,1.0,1.0,1.0,1.0,1.0,1.0,1.0,1.0,1.0,1.0,1.0,1.0,1.0,1.0,1.0,1.0,1.0,1.0,1.0,1.0,1.0,1.0,1.0,1.0,1.0,1.0,1.0,1.0,1.0,1.0,1.0,1.0,1.0,1.0,1.0,1.0,1.0,1.0,1.0,1.0,1.0,1.0,1.0,1.0,1.0,1.0,1.0,1.0,1.0,1.0,1.0,1.0,1.0,1.0,1.0,1.0,1.0,1.0,1.0,1.0,1.0,1.0,1.0,1.0,1.0,1.0,1.0,1.0,1.0,1.0,1.0,1.0,1.0,1.0,1.0,1.0,1.0,1.0,1.0,1.0,1.0,1.0,1.0,1.0,1.0,1.0,1.0,1.0,1.0,1.0,1.0,1.0,1.0,1.0,1.0,1.0,1.0,1.0,1.0,1.0,1.0,1.0,1.0,1.0,1.0,1.0,1.0,1.0,1.0,1.0,1.0,1.0,1.0,1.0,1.0,1.0,1.0,1.0,1.0,1.0,1.0,1.0,1.0,1.0,1.0,1.0,1.0,1.0,1.0,1.0,1.0,1.0,1.0,1.0,1.0,1.0,1.0,1.0,1.0,1.0,1.0,1.0,1.0,1.0,1.0,1.0,1.0,1.0,1.0,1.0,1.0,1.0,1.0,1.0,1.0,1.0,1.0,1.0,1.0,1.0,1.0,1.0,1.0,1.0,1.0,1.0,1.0,1.0,1.0,1.0,1.0,1.0,1.0,1.0,1.0,1.0
WEIGHT_DRAWDOWN,-1.0,,,float,Fitness: drawdown,-1.0,-1.0,-1.0,-1.0,-1.0,-1.0,-1.0,-1.0,-1.0,-1.0,-1.0,-1.0,-1.0,-1.0,-1.0,-1.0,-1.0,-1.0,-1.0,-1.0,-1.0,-1.0,-1.0,-1.0,-1.0,-1.0,-1.0,-1.0,-1.0,-1.0,-1.0,-1.0,-1.0,-1.0,-1.0,-1.0,-1.0,-1.0,-1.0,-1.0,-1.0,-1.0,-1.0,-1.0,-1.0,-1.0,-1.0,-1.0,-1.0,-1.0,-1.0,-1.0,-1.0,-1.0,-1.0,-1.0,-1.0,-1.0,-1.0,-1.0,-1.0,-1.0,-1.0,-1.0,-1.0,-1.0,-1.0,-1.0,-1.0,-1.0,-1.0,-1.0,-1.0,-1.0,-1.0,-1.0,-1.0,-1.0,-1.0,-1.0,-1.0,-1.0,-1.0,-1.0,-1.0,-1.0,-1.0,-1.0,-1.0,-1.0,-1.0,-1.0,-1.0,-1.0,-1.0,-1.0,-1.0,-1.0,-1.0,-1.0,-1.0,-1.0,-1.0,-1.0,-1.0,-1.0,-1.0,-1.0,-1.0,-1.0,-1.0,-1.0,-1.0,-1.0,-1.0,-1.0,-1.0,-1.0,-1.0,-1.0,-1.0,-1.0,-1.0,-1.0,-1.0,-1.0,-1.0,-1.0,-1.0,-1.0,-1.0,-1.0,-1.0,-1.0,-1.0,-1.0,-1.0,-1.0,-1.0,-1.0,-1.0,-1.0,-1.0,-1.0,-1.0,-1.0,-1.0,-1.0,-1.0,-1.0,-1.0,-1.0,-1.0,-1.0,-1.0,-1.0,-1.0,-1.0,-1.0,-1.0,-1.0,-1.0,-1.0,-1.0,-1.0,-1.0,-1.0,-1.0,-1.0,-1.0,-1.0,-1.0,-1.0,-1.0,-1.0,-1.0,-1.0,-1.0,-1.0,-1.0,-1.0,-1.0,-1.0,-1.0,-1.0,-1.0,-1.0,-1.0,-1.0,-1.0,-1.0,-1.0,-1.0,-1.0,-1.0,-1.0,-1.0,-1.0,-1.0,-1.0,-1.0,-1.0,-1.0,-1.0,-1.0,-1.0,-1.0,-1.0,-1.0,-1.0,-1.0,-1.0,-1.0,-1.0,-1.0,-1.0,-1.0,-1.0,-1.0,-1.0,-1.0,-1.0,-1.0,-1.0,-1.0,-1.0,-1.0,-1.0,-1.0,-1.0,-1.0,-1.0,-1.0,-1.0,-1.0,-1.0,-1.0,-1.0,-1.0,-1.0,-1.0,-1.0,-1.0,-1.0,-1.0,-1.0,-1.0,-1.0,-1.0,-1.0,-1.0,-1.0,-1.0,-1.0,-1.0,-1.0,-1.0,-1.0,-1.0,-1.0,-1.0,-1.0,-1.0,-1.0,-1.0,-1.0,-1.0,-1.0,-1.0,-1.0,-1.0,-1.0,-1.0,-1.0,-1.0,-1.0,-1.0,-1.0,-1.0,-1.0,-1.0,-1.0,-1.0,-1.0,-1.0,-1.0,-1.0,-1.0,-1.0,-1.0,-1.0,-1.0,-1.0,-1.0,-1.0,-1.0,-1.0,-1.0,-1.0,-1.0,-1.0,-1.0,-1.0,-1.0,-1.0,-1.0,-1.0,-1.0,-1.0,-1.0,-1.0,-1.0,-1.0
WEIGHT_PF,2,,,float,Fitness: profit factor,2.0,2.0,2.0,2.0,2.0,2.0,2.0,2.0,2.0,2.0,2.0,2.0,2.0,2.0,2.0,2.0,2.0,2.0,2.0,2.0,2.0,2.0,2.0,2.0,2.0,2.0,2.0,2.0,2.0,2.0,2.0,2.0,2.0,2.0,2.0,2.0,2.0,2.0,2.0,2.0,2.0,2.0,2.0,2.0,2.0,2.0,2.0,2.0,2.0,2.0,2.0,2.0,2.0,2.0,2.0,2.0,2.0,2.0,2.0,2.0,2.0,2.0,2.0,2.0,2.0,2.0,2.0,2.0,2.0,2.0,2.0,2.0,2.0,2.0,2.0,2.0,2.0,2.0,2.0,2.0,2.0,2.0,2.0,2.0,2.0,2.0,2.0,2.0,2.0,2.0,2.0,2.0,2.0,2.0,2.0,2.0,2.0,2.0,2.0,2.0,2.0,2.0,2.0,2.0,2.0,2.0,2.0,2.0,2.0,2.0,2.0,2.0,2.0,2.0,2.0,2.0,2.0,2.0,2.0,2.0,2.0,2.0,2.0,2.0,2.0,2.0,2.0,2.0,2.0,2.0,2.0,2.0,2.0,2.0,2.0,2.0,2.0,2.0,2.0,2.0,2.0,2.0,2.0,2.0,2.0,2.0,2.0,2.0,2.0,2.0,2.0,2.0,2.0,2.0,2.0,2.0,2.0,2.0,2.0,2.0,2.0,2.0,2.0,2.0,2.0,2.0,2.0,2.0,2.0,2.0,2.0,2.0,2.0,2.0,2.0,2.0,2.0,2.0,2.0,2.0,2.0,2.0,2.0,2.0,2.0,2.0,2.0,2.0,2.0,2.0,2.0,2.0,2.0,2.0,2.0,2.0,2.0,2.0,2.0,2.0,2.0,2.0,2.0,2.0,2.0,2.0,2.0,2.0,2.0,2.0,2.0,2.0,2.0,2.0,2.0,2.0,2.0,2.0,2.0,2.0,2.0,2.0,2.0,2.0,2.0,2.0,2.0,2.0,2.0,2.0,2.0,2.0,2.0,2.0,2.0,2.0,2.0,2.0,2.0,2.0,2.0,2.0,2.0,2.0,2.0,2.0,2.0,2.0,2.0,2.0,2.0,2.0,2.0,2.0,2.0,2.0,2.0,2.0,2.0,2.0,2.0,2.0,2.0,2.0,2.0,2.0,2.0,2.0,2.0,2.0,2.0,2.0,2.0,2.0,2.0,2.0,2.0,2.0,2.0,2.0,2.0,2.0,2.0,2.0,2.0,2.0,2.0,2.0,2.0,2.0,2.0,2.0,2.0,2.0,2.0,2.0,2.0,2.0,2.0,2.0,2.0,2.0,2.0,2.0,2.0,2.0,2.0,2.0,2.0,2.0,2.0,2.0,2.0
WEIGHT_TRADES,0.5,,,float,Fitness: trades/day,0.5,0.5,0.5,0.5,0.5,0.5,0.5,0.5,0.5,0.5,0.5,0.5,0.5,0.5,0.5,0.5,0.5,0.5,0.5,0.5,0.5,0.5,0.5,0.5,0.5,0.5,0.5,0.5,0.5,0.5,0.5,0.5,0.5,0.5,0.5,0.5,0.5,0.5,0.5,0.5,0.5,0.5,0.5,0.5,0.5,0.5,0.5,0.5,0.5,0.5,0.5,0.5,0.5,0.5,0.5,0.5,0.5,0.5,0.5,0.5,0.5,0.5,0.5,0.5,0.5,0.5,0.5,0.5,0.5,0.5,0.5,0.5,0.5,0.5,0.5,0.5,0.5,0.5,0.5,0.5,0.5,0.5,0.5,0.5,0.5,0.5,0.5,0.5,0.5,0.5,0.5,0.5,0.5,0.5,0.5,0.5,0.5,0.5,0.5,0.5,0.5,0.5,0.5,0.5,0.5,0.5,0.5,0.5,0.5,0.5,0.5,0.5,0.5,0.5,0.5,0.5,0.5,0.5,0.5,0.5,0.5,0.5,0.5,0.5,0.5,0.5,0.5,0.5,0.5,0.5,0.5,0.5,0.5,0.5,0.5,0.5,0.5,0.5,0.5,0.5,0.5,0.5,0.5,0.5,0.5,0.5,0.5,0.5,0.5,0.5,0.5,0.5,0.5,0.5,0.5,0.5,0.5,0.5,0.5,0.5,0.5,0.5,0.5,0.5,0.5,0.5,0.5,0.5,0.5,0.5,0.5,0.5,0.5,0.5,0.5,0.5,0.5,0.5,0.5,0.5,0.5,0.5,0.5,0.5,0.5,0.5,0.5,0.5,0.5,0.5,0.5,0.5,0.5,0.5,0.5,0.5,0.5,0.5,0.5,0.5,0.5,0.5,0.5,0.5,0.5,0.5,0.5,0.5,0.5,0.5,0.5,0.5,0.5,0.5,0.5,0.5,0.5,0.5,0.5,0.5,0.5,0.5,0.5,0.5,0.5,0.5,0.5,0.5,0.5,0.5,0.5,0.5,0.5,0.5,0.5,0.5,0.5,0.5,0.5,0.5,0.5,0.5,0.5,0.5,0.5,0.5,0.5,0.5,0.5,0.5,0.5,0.5,0.5,0.5,0.5,0.5,0.5,0.5,0.5,0.5,0.5,0.5,0.5,0.5,0.5,0.5,0.5,0.5,0.5,0.5,0.5,0.5,0.5,0.5,0.5,0.5,0.5,0.5,0.5,0.5,0.5,0.5,0.5,0.5,0.5,0.5,0.5,0.5,0.5,0.5,0.5,0.5,0.5,0.5,0.5,0.5,0.5,0.5,0.5,0.5,0.5,0.5,0.5,0.5,0.5,0.5,0.5,0.5,0.5,0.5,0.5,0.5,0.5
WEIGHT_PNL,1.2,,,float,Fitness: total PnL,1.2,1.2,1.2,1.2,1.2,1.2,1.2,1.2,1.2,1.2,1.2,1.2,1.2,1.2,1.2,1.2,1.2,1.2,1.2,1.2,1.2,1.2,1.2,1.2,1.2,1.2,1.2,1.2,1.2,1.2,1.2,1.2,1.2,1.2,1.2,1.2,1.2,1.2,1.2,1.2,1.2,1.2,1.2,1.2,1.2,1.2,1.2,1.2,1.2,1.2,1.2,1.2,1.2,1.2,1.2,1.2,1.2,1.2,1.2,1.2,1.2,1.2,1.2,1.2,1.2,1.2,1.2,1.2,1.2,1.2,1.2,1.2,1.2,1.2,1.2,1.2,1.2,1.2,1.2,1.2,1.2,1.2,1.2,1.2,1.2,1.2,1.2,1.2,1.2,1.2,1.2,1.2,1.2,1.2,1.2,1.2,1.2,1.2,1.2,1.2,1.2,1.2,1.2,1.2,1.2,1.2,1.2,1.2,1.2,1.2,1.2,1.2,1.2,1.2,1.2,1.2,1.2,1.2,1.2,1.2,1.2,1.2,1.2,1.2,1.2,1.2,1.2,1.2,1.2,1.2,1.2,1.2,1.2,1.2,1.2,1.2,1.2,1.2,1.2,1.2,1.2,1.2,1.2,1.2,1.2,1.2,1.2,1.2,1.2,1.2,1.2,1.2,1.2,1.2,1.2,1.2,1.2,1.2,1.2,1.2,1.2,1.2,1.2,1.2,1.2,1.2,1.2,1.2,1.2,1.2,1.2,1.2,1.2,1.2,1.2,1.2,1.2,1.2,1.2,1.2,1.2,1.2,1.2,1.2,1.2,1.2,1.2,1.2,1.2,1.2,1.2,1.2,1.2,1.2,1.2,1.2,1.2,1.2,1.2,1.2,1.2,1.2,1.2,1.2,1.2,1.2,1.2,1.2,1.2,1.2,1.2,1.2,1.2,1.2,1.2,1.2,1.2,1.2,1.2,1.2,1.2,1.2,1.2,1.2,1.2,1.2,1.2,1.2,1.2,1.2,1.2,1.2,1.2,1.2,1.2,1.2,1.2,1.2,1.2,1.2,1.2,1.2,1.2,1.2,1.2,1.2,1.2,1.2,1.2,1.2,1.2,1.2,1.2,1.2,1.2,1.2,1.2,1.2,1.2,1.2,1.2,1.2,1.2,1.2,1.2,1.2,1.2,1.2,1.2,1.2,1.2,1.2,1.2,1.2,1.2,1.2,1.2,1.2,1.2,1.2,1.2,1.2,1.2,1.2,1.2,1.2,1.2,1.2,1.2,1.2,1.2,1.2,1.2,1.2,1.2,1.2,1.2,1.2,1.2,1.2,1.2,1.2,1.2,1.2,1.2,1.2,1.2,1.2,1.2,1.2,1.2,1.2,1.2
WEIGHT_PPT,1.0,,,float,Fitness: profit/trade,1.0,1.0,1.0,1.0,1.0,1.0,1.0,1.0,1.0,1.0,1.0,1.0,1.0,1.0,1.0,1.0,1.0,1.0,1.0,1.0,1.0,1.0,1.0,1.0,1.0,1.0,1.0,1.0,1.0,1.0,1.0,1.0,1.0,1.0,1.0,1.0,1.0,1.0,1.0,1.0,1.0,1.0,1.0,1.0,1.0,1.0,1.0,1.0,1.0,1.0,1.0,1.0,1.0,1.0,1.0,1.0,1.0,1.0,1.0,1.0,1.0,1.0,1.0,1.0,1.0,1.0,1.0,1.0,1.0,1.0,1.0,1.0,1.0,1.0,1.0,1.0,1.0,1.0,1.0,1.0,1.0,1.0,1.0,1.0,1.0,1.0,1.0,1.0,1.0,1.0,1.0,1.0,1.0,1.0,1.0,1.0,1.0,1.0,1.0,1.0,1.0,1.0,1.0,1.0,1.0,1.0,1.0,1.0,1.0,1.0,1.0,1.0,1.0,1.0,1.0,1.0,1.0,1.0,1.0,1.0,1.0,1.0,1.0,1.0,1.0,1.0,1.0,1.0,1.0,1.0,1.0,1.0,1.0,1.0,1.0,1.0,1.0,1.0,1.0,1.0,1.0,1.0,1.0,1.0,1.0,1.0,1.0,1.0,1.0,1.0,1.0,1.0,1.0,1.0,1.0,1.0,1.0,1.0,1.0,1.0,1.0,1.0,1.0,1.0,1.0,1.0,1.0,1.0,1.0,1.0,1.0,1.0,1.0,1.0,1.0,1.0,1.0,1.0,1.0,1.0,1.0,1.0,1.0,1.0,1.0,1.0,1.0,1.0,1.0,1.0,1.0,1.0,1.0,1.0,1.0,1.0,1.0,1.0,1.0,1.0,1.0,1.0,1.0,1.0,1.0,1.0,1.0,1.0,1.0,1.0,1.0,1.0,1.0,1.0,1.0,1.0,1.0,1.0,1.0,1.0,1.0,1.0,1.0,1.0,1.0,1.0,1.0,1.0,1.0,1.0,1.0,1.0,1.0,1.0,1.0,1.0,1.0,1.0,1.0,1.0,1.0,1.0,1.0,1.0,1.0,1.0,1.0,1.0,1.0,1.0,1.0,1.0,1.0,1.0,1.0,1.0,1.0,1.0,1.0,1.0,1.0,1.0,1.0,1.0,1.0,1.0,1.0,1.0,1.0,1.0,1.0,1.0,1.0,1.0,1.0,1.0,1.0,1.0,1.0,1.0,1.0,1.0,1.0,1.0,1.0,1.0,1.0,1.0,1.0,1.0,1.0,1.0,1.0,1.0,1.0,1.0,1.0,1.0,1.0,1.0,1.0,1.0,1.0,1.0,1.0,1.0,1.0,1.0,1.0,1.0,1.0,1.0,1.0
MIN_TRADE_DURATION,3,3,3,float,Min avg hold minutes,3.0,3.0,3.0,3.0,3.0,3.0,3.0,3.0,3.0,3.0,3.0,3.0,3.0,3.0,3.0,3.0,3.0,3.0,3.0,3.0,3.0,3.0,3.0,3.0,3.0,3.0,3.0,3.0,3.0,3.0,3.0,3.0,3.0,3.0,3.0,3.0,3.0,3.0,3.0,3.0,3.0,3.0,3.0,3.0,3.0,3.0,3.0,3.0,3.0,3.0,3.0,3.0,3.0,3.0,3.0,3.0,3.0,3.0,3.0,3.0,3.0,3.0,3.0,3.0,3.0,3.0,3.0,3.0,3.0,3.0,3.0,3.0,3.0,3.0,3.0,3.0,3.0,3.0,3.0,3.0,3.0,3.0,3.0,3.0,3.0,3.0,3.0,3.0,3.0,3.0,3.0,3.0,3.0,3.0,3.0,3.0,3.0,3.0,3.0,3.0,3.0,3.0,3.0,3.0,3.0,3.0,3.0,3.0,3.0,3.0,3.0,3.0,3.0,3.0,3.0,3.0,3.0,3.0,3.0,3.0,3.0,3.0,3.0,3.0,3.0,3.0,3.0,3.0,3.0,3.0,3.0,3.0,3.0,3.0,3.0,3.0,3.0,3.0,3.0,3.0,3.0,3.0,3.0,3.0,3.0,3.0,3.0,3.0,3.0,3.0,3.0,3.0,3.0,3.0,3.0,3.0,3.0,3.0,3.0,3.0,3.0,3.0,3.0,3.0,3.0,3.0,3.0,3.0,3.0,3.0,3.0,3.0,3.0,3.0,3.0,3.0,3.0,3.0,3.0,3.0,3.0,3.0,3.0,3.0,3.0,3.0,3.0,3.0,3.0,3.0,3.0,3.0,3.0,3.0,3.0,3.0,3.0,3.0,3.0,3.0,3.0,3.0,3.0,3.0,3.0,3.0,3.0,3.0,3.0,3.0,3.0,3.0,3.0,3.0,3.0,3.0,3.0,3.0,3.0,3.0,3.0,3.0,3.0,3.0,3.0,3.0,3.0,3.0,3.0,3.0,3.0,3.0,3.0,3.0,3.0,3.0,3.0,3.0,3.0,3.0,3.0,3.0,3.0,3.0,3.0,3.0,3.0,3.0,3.0,3.0,3.0,3.0,3.0,3.0,3.0,3.0,3.0,3.0,3.0,3.0,3.0,3.0,3.0,3.0,3.0,3.0,3.0,3.0,3.0,3.0,3.0,3.0,3.0,3.0,3.0,3.0,3.0,3.0,3.0,3.0,3.0,3.0,3.0,3.0,3.0,3.0,3.0,3.0,3.0,3.0,3.0,3.0,3.0,3.0,3.0,3.0,3.0,3.0,3.0,3.0,3.0,3.0,3.0,3.0,3.0,3.0,3.0,3.0,3.0,3.0,3.0,3.0,3.0
MAX_WIN_RATE_CAP,0.85,0.85,0.85,float,Suspicious win-rate cap,0.85,0.85,0.85,0.85,0.85,0.85,0.85,0.85,0.85,0.85,0.85,0.85,0.85,0.85,0.85,0.85,0.85,0.85,0.85,0.85,0.85,0.85,0.85,0.85,0.85,0.85,0.85,0.85,0.85,0.85,0.85,0.85,0.85,0.85,0.85,0.85,0.85,0.85,0.85,0.85,0.85,0.85,0.85,0.85,0.85,0.85,0.85,0.85,0.85,0.85,0.85,0.85,0.85,0.85,0.85,0.85,0.85,0.85,0.85,0.85,0.85,0.85,0.85,0.85,0.85,0.85,0.85,0.85,0.85,0.85,0.85,0.85,0.85,0.85,0.85,0.85,0.85,0.85,0.85,0.85,0.85,0.85,0.85,0.85,0.85,0.85,0.85,0.85,0.85,0.85,0.85,0.85,0.85,0.85,0.85,0.85,0.85,0.85,0.85,0.85,0.85,0.85,0.85,0.85,0.85,0.85,0.85,0.85,0.85,0.85,0.85,0.85,0.85,0.85,0.85,0.85,0.85,0.85,0.85,0.85,0.85,0.85,0.85,0.85,0.85,0.85,0.85,0.85,0.85,0.85,0.85,0.85,0.85,0.85,0.85,0.85,0.85,0.85,0.85,0.85,0.85,0.85,0.85,0.85,0.85,0.85,0.85,0.85,0.85,0.85,0.85,0.85,0.85,0.85,0.85,0.85,0.85,0.85,0.85,0.85,0.85,0.85,0.85,0.85,0.85,0.85,0.85,0.85,0.85,0.85,0.85,0.85,0.85,0.85,0.85,0.85,0.85,0.85,0.85,0.85,0.85,0.85,0.85,0.85,0.85,0.85,0.85,0.85,0.85,0.85,0.85,0.85,0.85,0.85,0.85,0.85,0.85,0.85,0.85,0.85,0.85,0.85,0.85,0.85,0.85,0.85,0.85,0.85,0.85,0.85,0.85,0.85,0.85,0.85,0.85,0.85,0.85,0.85,0.85,0.85,0.85,0.85,0.85,0.85,0.85,0.85,0.85,0.85,0.85,0.85,0.85,0.85,0.85,0.85,0.85,0.85,0.85,0.85,0.85,0.85,0.85,0.85,0.85,0.85,0.85,0.85,0.85,0.85,0.85,0.85,0.85,0.85,0.85,0.85,0.85,0.85,0.85,0.85,0.85,0.85,0.85,0.85,0.85,0.85,0.85,0.85,0.85,0.85,0.85,0.85,0.85,0.85,0.85,0.85,0.85,0.85,0.85,0.85,0.85,0.85,0.85,0.85,0.85,0.85,0.85,0.85,0.85,0.85,0.85,0.85,0.85,0.85,0.85,0.85,0.85,0.85,0.85,0.85,0.85,0.85,0.85,0.85,0.85,0.85,0.85,0.85,0.85,0.85,0.85,0.85,0.85,0.85,0.85
LIMIT_MAX_LOSS,50000,50000,50000,float,Loss soft-gate,50000.0,50000.0,50000.0,50000.0,50000.0,50000.0,50000.0,50000.0,50000.0,50000.0,50000.0,50000.0,50000.0,50000.0,50000.0,50000.0,50000.0,50000.0,50000.0,50000.0,50000.0,50000.0,50000.0,50000.0,50000.0,50000.0,50000.0,50000.0,50000.0,50000.0,50000.0,50000.0,50000.0,50000.0,50000.0,50000.0,50000.0,50000.0,50000.0,50000.0,50000.0,50000.0,50000.0,50000.0,50000.0,50000.0,50000.0,50000.0,50000.0,50000.0,50000.0,50000.0,50000.0,50000.0,50000.0,50000.0,50000.0,50000.0,50000.0,50000.0,50000.0,50000.0,50000.0,50000.0,50000.0,50000.0,50000.0,50000.0,50000.0,50000.0,50000.0,50000.0,50000.0,50000.0,50000.0,50000.0,50000.0,50000.0,50000.0,50000.0,50000.0,50000.0,50000.0,50000.0,50000.0,50000.0,50000.0,50000.0,50000.0,50000.0,50000.0,50000.0,50000.0,50000.0,50000.0,50000.0,50000.0,50000.0,50000.0,50000.0,50000.0,50000.0,50000.0,50000.0,50000.0,50000.0,50000.0,50000.0,50000.0,50000.0,50000.0,50000.0,50000.0,50000.0,50000.0,50000.0,50000.0,50000.0,50000.0,50000.0,50000.0,50000.0,50000.0,50000.0,50000.0,50000.0,50000.0,50000.0,50000.0,50000.0,50000.0,50000.0,50000.0,50000.0,50000.0,50000.0,50000.0,50000.0,50000.0,50000.0,50000.0,50000.0,50000.0,50000.0,50000.0,50000.0,50000.0,50000.0,50000.0,50000.0,50000.0,50000.0,50000.0,50000.0,50000.0,50000.0,50000.0,50000.0,50000.0,50000.0,50000.0,50000.0,50000.0,50000.0,50000.0,50000.0,50000.0,50000.0,50000.0,50000.0,50000.0,50000.0,50000.0,50000.0,50000.0,50000.0,50000.0,50000.0,50000.0,50000.0,50000.0,50000.0,50000.0,50000.0,50000.0,50000.0,50000.0,50000.0,50000.0,50000.0,50000.0,50000.0,50000.0,50000.0,50000.0,50000.0,50000.0,50000.0,50000.0,50000.0,50000.0,50000.0,50000.0,50000.0,50000.0,50000.0,50000.0,50000.0,50000.0,50000.0,50000.0,50000.0,50000.0,50000.0,50000.0,50000.0,50000.0,50000.0,50000.0,50000.0,50000.0,50000.0,50000.0,50000.0,50000.0,50000.0,50000.0,50000.0,50000.0,50000.0,50000.0,50000.0,50000.0,50000.0,50000.0,50000.0,50000.0,50000.0,50000.0,50000.0,50000.0,50000.0,50000.0,50000.0,50000.0,50000.0,50000.0,50000.0,50000.0,50000.0,50000.0,50000.0,50000.0,50000.0,50000.0,50000.0,50000.0,50000.0,50000.0,50000.0,50000.0,50000.0,50000.0,50000.0,50000.0,50000.0,50000.0,50000.0,50000.0,50000.0,50000.0,50000.0,50000.0,50000.0,50000.0,50000.0,50000.0,50000.0,50000.0,50000.0,50000.0,50000.0,50000.0,50000.0,50000.0,50000.0,50000.0,50000.0,50000.0,50000.0,50000.0,50000.0,50000.0,50000.0,50000.0,50000.0,50000.0,50000.0,50000.0,50000.0,50000.0,50000.0,50000.0,50000.0,50000.0,50000.0,50000.0,50000.0,50000.0,50000.0,50000.0,50000.0,50000.0
LIMIT_MIN_SORTINO,0.4,0.4,0.4,float,Sortino soft-gate,0.4,0.4,0.4,0.4,0.4,0.4,0.4,0.4,0.4,0.4,0.4,0.4,0.4,0.4,0.4,0.4,0.4,0.4,0.4,0.4,0.4,0.4,0.4,0.4,0.4,0.4,0.4,0.4,0.4,0.4,0.4,0.4,0.4,0.4,0.4,0.4,0.4,0.4,0.4,0.4,0.4,0.4,0.4,0.4,0.4,0.4,0.4,0.4,0.4,0.4,0.4,0.4,0.4,0.4,0.4,0.4,0.4,0.4,0.4,0.4,0.4,0.4,0.4,0.4,0.4,0.4,0.4,0.4,0.4,0.4,0.4,0.4,0.4,0.4,0.4,0.4,0.4,0.4,0.4,0.4,0.4,0.4,0.4,0.4,0.4,0.4,0.4,0.4,0.4,0.4,0.4,0.4,0.4,0.4,0.4,0.4,0.4,0.4,0.4,0.4,0.4,0.4,0.4,0.4,0.4,0.4,0.4,0.4,0.4,0.4,0.4,0.4,0.4,0.4,0.4,0.4,0.4,0.4,0.4,0.4,0.4,0.4,0.4,0.4,0.4,0.4,0.4,0.4,0.4,0.4,0.4,0.4,0.4,0.4,0.4,0.4,0.4,0.4,0.4,0.4,0.4,0.4,0.4,0.4,0.4,0.4,0.4,0.4,0.4,0.4,0.4,0.4,0.4,0.4,0.4,0.4,0.4,0.4,0.4,0.4,0.4,0.4,0.4,0.4,0.4,0.4,0.4,0.4,0.4,0.4,0.4,0.4,0.4,0.4,0.4,0.4,0.4,0.4,0.4,0.4,0.4,0.4,0.4,0.4,0.4,0.4,0.4,0.4,0.4,0.4,0.4,0.4,0.4,0.4,0.4,0.4,0.4,0.4,0.4,0.4,0.4,0.4,0.4,0.4,0.4,0.4,0.4,0.4,0.4,0.4,0.4,0.4,0.4,0.4,0.4,0.4,0.4,0.4,0.4,0.4,0.4,0.4,0.4,0.4,0.4,0.4,0.4,0.4,0.4,0.4,0.4,0.4,0.4,0.4,0.4,0.4,0.4,0.4,0.4,0.4,0.4,0.4,0.4,0.4,0.4,0.4,0.4,0.4,0.4,0.4,0.4,0.4,0.4,0.4,0.4,0.4,0.4,0.4,0.4,0.4,0.4,0.4,0.4,0.4,0.4,0.4,0.4,0.4,0.4,0.4,0.4,0.4,0.4,0.4,0.4,0.4,0.4,0.4,0.4,0.4,0.4,0.4,0.4,0.4,0.4,0.4,0.4,0.4,0.4,0.4,0.4,0.4,0.4,0.4,0.4,0.4,0.4,0.4,0.4,0.4,0.4,0.4,0.4,0.4,0.4,0.4,0.4,0.4,0.4,0.4,0.4,0.4,0.4
=== SOLUTION STATISTICS ===,,,,,,,,,,,,,,,,,,,,,,,,,,,,,,,,,,,,,,,,,,,,,,,,,,,,,,,,,,,,,,,,,,,,,,,,,,,,,,,,,,,,,,,,,,,,,,,,,,,,,,,,,,,,,,,,,,,,,,,,,,,,,,,,,,,,,,,,,,,,,,,,,,,,,,,,,,,,,,,,,,,,,,,,,,,,,,,,,,,,,,,,,,,,,,,,,,,,,,,,,,,,,,,,,,,,,,,,,,,,,,,,,,,,,,,,,,,,,,,,,,,,,,,,,,,,,,,,,,,,,,,,,,,,,,,,,,,,,,,,,,,,,,,,,,,,,,,,,,,,,,,,,,,,,,,,,,,,,,
Sortino Ratio (IS aggregate),,,,statistic,Sortino Ratio (IS aggregate) for each solution,7.4798,7.4798,7.4588,7.3899,7.3717,7.3634,7.1498,7.0948,7.0912,7.0668,6.8579,6.8575,6.8141,6.6717,6.6160,6.6093,6.5815,6.5645,6.5597,6.5198,6.4938,6.4910,6.4910,6.4694,6.4257,6.4010,6.3946,6.3938,6.3849,6.3639,6.3577,6.3575,6.3575,6.3575,6.3517,6.3288,6.2739,6.2531,6.2269,6.2145,6.2056,6.1421,6.1418,6.1318,6.1092,6.0742,6.0582,6.0471,6.0465,6.0256,6.0248,6.0153,5.9950,5.9887,5.9723,5.9721,5.9617,5.8996,5.8980,5.8715,5.8715,5.8715,5.8626,5.8227,5.8019,5.7972,5.7743,5.7553,5.7532,5.7336,5.7336,5.6977,5.6755,5.6754,5.6706,5.6593,5.6590,5.6425,5.6425,5.6425,5.6123,5.6098,5.5913,5.5845,5.5641,5.5245,5.5000,5.4909,5.4909,5.4877,5.4842,5.4832,5.4707,5.4531,5.4303,5.4251,5.4208,5.3991,5.3891,5.3791,5.3688,5.3648,5.3584,5.3522,5.3502,5.3412,5.3398,5.3252,5.3169,5.3071,5.3066,5.3055,5.2910,5.2735,5.2691,5.2669,5.2517,5.2421,5.2361,5.2132,5.2065,5.1814,5.1592,5.1592,5.1563,5.1563,5.1510,5.1445,5.1404,5.1191,5.1027,5.1022,5.1021,5.0730,5.0730,5.0640,5.0536,5.0362,5.0304,5.0209,5.0081,5.0070,4.9757,4.9654,4.9575,4.9292,4.9029,4.8998,4.8889,4.8797,4.8607,4.8607,4.8542,4.8192,4.8192,4.8061,4.8061,4.8061,4.7959,4.7921,4.7663,4.7520,4.7313,4.7077,4.6902,4.6788,4.6699,4.6614,4.6522,4.6448,4.6262,4.6208,4.5914,4.5890,4.5703,4.5531,4.5388,4.4677,4.4482,4.4232,4.4228,4.4112,4.3900,4.3626,4.3554,4.3543,4.2959,4.2824,4.2614,4.2144,4.1952,4.1738,4.1176,4.0939,4.0911,4.0893,4.0626,4.0300,3.9282,3.9282,3.9206,3.9155,3.8848,3.8485,3.7967,3.7810,3.7710,3.7349,3.7309,3.7306,3.6459,3.6021,3.5992,3.5234,3.4613,3.4340,3.4303,3.4004,3.3656,3.3647,3.3634,3.3410,3.3312,3.3290,3.2830,3.2122,3.1836,3.1785,3.1073,3.1038,3.0984,3.0837,3.0464,3.0415,3.0263,3.0209,3.0158,3.0068,3.0010,2.9835,2.9612,2.9572,2.9451,2.9431,2.9423,2.9357,2.9293,2.9135,2.9085,2.9016,2.8503,2.8365,2.8332,2.8154,2.8139,2.8079,2.7898,2.7649,2.7599,2.7043,2.6731,2.6721,2.6633,2.6589,2.6467,2.5864,2.5041,2.5041,2.4446,2.4084,2.3987,2.1756,2.1453,2.1133,2.1073,1.9965,1.9795,1.9795,1.9491,1.9412,1.9085,1.9051,1.8874,1.8874,1.8709,1.8644,1.8263,1.7952,1.7891,1.7831,1.7811,1.7755,1.7691,1.7322,1.7291,1.6874,1.6573,1.6421,1.6319,1.6257,1.6040,1.5983,1.5907,1.5553,1.5257,1.5250,1.5039,1.4880,1.4701,1.4633,1.4449,1.4120,1.4077
Max Drawdown ($) (IS aggregate),,,,statistic,Max Drawdown ($) (IS aggregate) for each solution,"$15,334.00","$15,334.00","$15,969.50","$17,537.00","$13,396.00","$12,403.00","$14,126.50","$23,613.50","$19,478.50","$22,767.50","$12,552.00","$12,552.00","$19,812.00","$14,328.50","$12,826.50","$22,406.00","$22,034.00","$22,406.00","$15,214.50","$12,826.50","$14,735.50","$23,574.50","$23,574.50","$20,865.50","$12,408.50","$12,015.00","$22,734.50","$12,669.00","$21,470.50","$20,844.50","$13,388.00","$24,155.50","$24,155.50","$24,155.50","$24,155.50","$13,277.00","$21,990.50","$20,514.50","$19,671.00","$12,099.50","$12,099.50","$13,831.50","$15,336.50","$10,284.50","$18,337.50","$21,289.00","$25,367.50","$13,388.00","$10,284.50","$25,752.00","$12,408.50","$23,476.00","$22,448.00","$23,196.00","$10,284.50","$15,028.00","$10,284.50","$10,284.50","$23,404.50","$24,644.00","$11,854.50","$11,854.50","$24,872.00","$14,960.00","$21,973.00","$21,114.00","$9,571.50","$24,708.00","$10,040.50","$18,766.50","$18,766.50","$11,854.50","$11,854.50","$20,286.00","$12,996.00","$16,105.00","$22,427.00","$11,854.50","$11,854.50","$11,854.50","$12,016.00","$11,274.00","$22,427.00","$17,656.50","$18,067.50","$25,611.00","$21,966.00","$8,439.00","$8,439.00","$23,131.00","$19,498.50","$19,980.50","$24,037.50","$21,607.00","$19,501.00","$25,534.50","$8,781.50","$21,890.00","$20,296.50","$20,908.50","$14,884.00","$19,299.00","$23,720.50","$19,395.00","$24,029.00","$20,659.50","$17,224.50","$16,889.00","$18,730.50","$9,177.50","$10,064.00","$23,859.50","$15,526.50","$22,548.00","$9,874.50","$14,988.50","$11,470.50","$9,470.50","$9,994.50","$17,990.00","$20,602.50","$18,992.00","$16,527.00","$16,527.00","$21,983.00","$21,983.00","$18,062.50","$15,481.50","$26,744.00","$21,509.50","$18,065.50","$11,287.00","$8,922.00","$26,062.00","$26,062.00","$15,540.50","$21,786.00","$18,593.00","$25,451.00","$15,364.00","$17,133.50","$15,894.00","$19,837.50","$9,245.00","$22,279.00","$10,893.00","$16,308.00","$18,804.00","$15,228.00","$11,287.00","$9,245.00","$9,245.00","$9,965.50","$11,470.50","$11,470.50","$10,598.00","$10,598.00","$10,598.00","$9,199.50","$17,975.50","$20,369.50","$9,098.50","$10,129.50","$8,724.50","$20,104.50","$15,170.00","$18,704.00","$21,601.50","$19,587.50","$21,105.50","$11,082.50","$21,312.00","$18,613.00","$20,642.00","$17,713.00","$12,963.00","$21,581.00","$20,322.50","$11,773.50","$18,647.00","$14,010.50","$18,647.00","$19,087.50","$14,010.50","$15,082.00","$11,773.50","$18,776.00","$11,240.00","$20,506.50","$16,637.50","$14,023.50","$11,202.50","$12,468.00","$12,468.00","$10,626.00","$14,023.50","$25,296.50","$12,468.00","$12,468.00","$18,160.00","$11,295.00","$12,468.00","$12,420.00","$9,147.00","$12,468.00","$17,971.50","$12,468.00","$20,377.00","$10,343.50","$14,265.00","$14,635.00","$13,018.50","$14,023.50","$15,009.50","$21,414.00","$11,805.50","$14,397.00","$19,028.00","$14,504.00","$17,596.50","$20,206.00","$15,159.00","$14,023.50","$10,953.00","$14,515.00","$29,480.50","$17,553.50","$30,007.50","$17,846.00","$17,811.50","$11,056.50","$30,716.50","$16,713.50","$20,364.00","$19,229.00","$16,232.00","$22,112.00","$23,307.50","$17,442.00","$17,056.00","$17,109.00","$12,204.00","$24,392.50","$20,587.00","$23,300.50","$16,802.50","$15,782.50","$18,799.00","$24,392.50","$18,799.00","$11,056.50","$23,304.00","$17,355.00","$24,888.00","$22,610.00","$11,499.50","$18,528.00","$12,040.50","$20,173.00","$17,235.00","$32,536.50","$19,861.50","$20,574.50","$18,225.00","$21,511.00","$19,885.50","$19,885.50","$19,885.50","$11,078.50","$22,273.50","$12,445.00","$19,626.50","$12,057.00","$12,578.00","$12,578.00","$13,562.00","$14,789.00","$14,789.00","$12,649.00","$12,057.00","$23,449.00","$12,057.00","$12,057.00","$12,057.00","$14,133.50","$12,057.00","$13,999.00","$14,296.50","$13,006.00","$14,651.00","$14,133.50","$13,534.00","$13,768.00","$13,725.50","$12,256.50","$13,473.00","$14,064.00","$13,473.00","$13,547.50","$13,211.00","$13,725.50","$12,256.50","$14,491.00","$13,473.00","$15,524.00","$14,419.50","$13,242.50","$14,507.00","$14,251.00","$14,237.50","$14,507.00","$13,473.00","$13,473.00"
Profit Factor (IS aggregate),,,,statistic,Profit Factor (IS aggregate) for each solution,1.5868,1.5868,1.5848,1.5710,1.5246,1.5254,1.5298,1.4966,1.5447,1.4887,1.4752,1.4774,1.5354,1.6854,1.5075,1.4978,1.5657,1.4932,1.4382,1.4967,1.6541,1.5483,1.5483,1.5645,1.4348,1.4754,1.5413,1.6532,1.5168,1.4946,1.6741,1.5376,1.5376,1.5376,1.5384,1.4872,1.4148,1.4619,1.4496,1.6200,1.6238,1.6196,1.4299,1.6139,1.6499,1.4952,1.4174,1.6468,1.5981,1.4146,1.3974,1.4500,1.4176,1.4005,1.5860,1.6420,1.5869,1.5773,1.4507,1.4000,1.5829,1.5829,1.4800,1.4384,1.4861,1.4075,1.4103,1.4076,1.4349,1.4509,1.4509,1.5670,1.5544,1.4459,1.5624,1.4506,1.4677,1.5595,1.5595,1.5595,1.6088,1.5617,1.4597,1.4320,1.4378,1.3647,1.4273,1.4069,1.4069,1.3855,1.4290,1.4108,1.3972,1.4429,1.3671,1.4042,1.5138,1.4449,1.4185,1.5654,1.4072,1.4079,1.3999,1.3571,1.4055,1.3762,1.5120,1.4062,1.3565,1.4984,1.5633,1.3773,1.5087,1.3479,1.5619,1.5215,1.5242,1.4896,1.5858,1.3980,1.4156,1.3939,1.3956,1.3956,1.4484,1.4484,1.3818,1.3733,1.4047,1.3762,1.4932,1.4910,1.4758,1.4020,1.4020,1.3401,1.4205,1.3331,1.3720,1.4019,1.3972,1.3935,1.4746,1.4632,1.3602,1.4949,1.3896,1.3607,1.4048,1.4657,1.4509,1.4509,1.4611,1.4737,1.4737,1.4604,1.4604,1.4604,1.4376,1.3603,1.3406,1.3448,1.3415,1.3348,1.3445,1.3804,1.3580,1.3834,1.4041,1.4470,1.5428,1.3530,1.3507,1.4041,1.3571,1.4029,1.4333,1.3219,1.3646,1.4118,1.3806,1.4096,1.4143,1.3726,1.3699,1.3549,1.4069,1.3113,1.4076,1.3704,1.3669,1.4929,1.3592,1.3609,1.3014,1.3616,1.3818,1.3501,1.3428,1.3928,1.4486,1.3388,1.3181,1.3493,1.3317,1.3147,1.3278,1.3155,1.2511,1.3162,1.3061,1.3065,1.3069,1.3034,1.2828,1.3435,1.2909,1.2758,1.2837,1.2803,1.2723,1.2806,1.2809,1.3334,1.2746,1.2668,1.2627,1.2644,1.2639,1.2253,1.3064,1.2544,1.2217,1.2167,1.2192,1.2173,1.2490,1.2472,1.2189,1.2147,1.2161,1.2861,1.2246,1.2459,1.2244,1.2465,1.2097,1.2061,1.2217,1.2052,1.2775,1.2339,1.2027,1.2145,1.2256,1.2644,1.1973,1.2688,1.2282,1.1931,1.2226,1.1885,1.2130,1.1904,1.1872,1.2069,1.2001,1.2001,1.2053,1.1924,1.2105,1.1547,1.1762,1.1825,1.1820,1.1684,1.1461,1.1461,1.1647,1.1583,1.1379,1.1574,1.1545,1.1545,1.1574,1.1525,1.1457,1.1333,1.1466,1.1308,1.1488,1.1308,1.1480,1.1377,1.1383,1.1354,1.1311,1.1315,1.1201,1.1196,1.1307,1.1311,1.1358,1.1233,1.1292,1.1119,1.1181,1.1274,1.1157,1.1162,1.1234,1.1121,1.1139
Avg Trades/Day (IS aggregate),,,,statistic,Avg Trades/Day (IS aggregate) for each solution,0.301,0.301,0.302,0.311,0.422,0.302,0.341,0.441,0.319,0.436,0.428,0.430,0.392,0.386,0.407,0.439,0.395,0.440,0.441,0.412,0.390,0.400,0.400,0.392,0.431,0.428,0.398,0.373,0.429,0.423,0.386,0.403,0.403,0.403,0.404,0.417,0.439,0.438,0.435,0.407,0.410,0.409,0.438,0.311,0.391,0.429,0.453,0.394,0.312,0.455,0.434,0.450,0.445,0.454,0.313,0.400,0.314,0.315,0.451,0.452,0.315,0.315,0.444,0.439,0.441,0.454,0.350,0.452,0.311,0.436,0.436,0.317,0.318,0.441,0.418,0.432,0.446,0.321,0.321,0.321,0.307,0.324,0.447,0.440,0.440,0.464,0.454,0.302,0.302,0.460,0.441,0.450,0.462,0.451,0.462,0.461,0.307,0.448,0.443,0.422,0.437,0.451,0.455,0.456,0.455,0.454,0.438,0.443,0.448,0.309,0.311,0.463,0.444,0.476,0.311,0.430,0.329,0.314,0.322,0.448,0.448,0.454,0.445,0.445,0.447,0.447,0.451,0.443,0.456,0.458,0.446,0.326,0.314,0.457,0.457,0.467,0.455,0.463,0.471,0.440,0.453,0.446,0.447,0.316,0.484,0.325,0.447,0.461,0.440,0.328,0.315,0.315,0.317,0.333,0.333,0.332,0.332,0.332,0.318,0.455,0.492,0.356,0.394,0.386,0.467,0.441,0.454,0.467,0.450,0.448,0.328,0.463,0.456,0.453,0.458,0.513,0.450,0.518,0.397,0.479,0.514,0.484,0.491,0.519,0.569,0.400,0.494,0.399,0.497,0.551,0.565,0.334,0.579,0.573,0.399,0.573,0.499,0.583,0.581,0.483,0.335,0.597,0.440,0.331,0.599,0.614,0.601,0.609,0.408,0.624,0.635,0.629,0.622,0.631,0.643,0.436,0.641,0.654,0.644,0.651,0.656,0.647,0.636,0.440,0.653,0.705,0.654,0.712,0.658,0.981,0.443,0.718,0.954,0.938,0.995,1.021,0.663,0.664,0.962,1.035,0.964,0.449,0.701,0.659,0.688,0.654,1.031,1.040,0.702,1.041,0.446,0.671,1.047,0.705,0.744,0.454,1.050,0.458,0.660,1.036,0.726,1.054,0.664,1.051,1.057,0.659,0.668,0.668,0.572,0.669,0.565,1.089,0.601,0.605,0.603,0.636,0.889,0.889,0.630,0.609,1.108,0.610,0.612,0.612,0.638,0.615,0.638,0.760,0.644,0.878,0.641,0.782,0.652,0.652,0.631,0.645,0.653,0.652,0.786,0.779,0.658,0.636,0.653,0.656,0.655,0.789,0.652,0.663,0.664,0.664,0.665,0.664,0.658
Total Profit ($) (IS aggregate),,,,statistic,Total Profit ($) (IS aggregate) for each solution,"$78,673.00","$78,673.00","$78,225.50","$78,996.00","$98,655.00","$74,048.00","$85,501.00","$99,511.00","$77,410.00","$97,644.50","$91,333.50","$91,762.00","$86,650.00","$114,910.50","$95,352.00","$92,691.50","$97,933.50","$92,122.00","$82,221.00","$94,692.00","$110,614.50","$96,875.50","$96,875.50","$95,695.00","$81,163.00","$92,623.00","$95,195.00","$105,009.00","$98,155.50","$86,062.50","$113,889.00","$95,440.00","$95,440.00","$95,440.00","$95,592.50","$93,732.50","$84,944.00","$86,115.50","$90,997.00","$109,881.00","$110,546.00","$111,941.50","$86,764.00","$77,055.50","$109,947.00","$94,769.00","$88,000.00","$110,472.50","$75,801.00","$84,820.00","$73,964.50","$87,099.00","$87,552.50","$81,807.50","$74,793.00","$113,844.00","$74,903.00","$74,127.50","$87,898.00","$84,460.00","$74,553.50","$74,553.50","$94,139.00","$89,210.50","$96,429.00","$85,386.00","$65,052.00","$87,547.00","$59,575.00","$88,556.00","$88,556.00","$73,394.00","$72,203.50","$86,253.50","$102,679.00","$88,743.50","$93,541.50","$73,193.00","$73,193.00","$73,193.00","$80,314.00","$75,187.00","$92,443.00","$85,903.50","$87,693.50","$78,783.00","$85,893.50","$53,747.50","$53,747.50","$76,631.00","$85,642.00","$80,331.00","$79,616.50","$89,709.00","$77,205.50","$81,200.00","$69,644.50","$89,468.50","$84,171.50","$105,567.00","$80,513.00","$80,988.00","$80,210.50","$74,226.00","$81,014.00","$80,828.50","$100,916.00","$82,199.50","$72,523.50","$68,257.00","$73,542.50","$76,011.00","$100,712.50","$72,200.50","$73,013.50","$99,719.50","$76,762.50","$68,893.00","$81,038.50","$79,250.00","$82,569.50","$79,711.00","$82,560.50","$82,560.50","$90,573.00","$90,573.00","$76,188.50","$76,899.50","$83,075.00","$83,799.50","$100,723.00","$71,780.00","$66,727.50","$81,208.50","$81,208.50","$69,478.50","$86,924.50","$70,566.00","$76,262.50","$82,312.00","$83,190.50","$81,916.50","$95,795.50","$65,348.00","$81,041.00","$70,574.50","$81,267.50","$73,606.00","$83,193.50","$68,711.50","$63,740.00","$63,740.00","$66,286.00","$70,589.00","$70,589.00","$68,127.00","$68,127.00","$68,127.00","$63,006.00","$74,001.50","$79,426.00","$57,200.50","$61,864.50","$59,022.00","$73,068.50","$80,247.00","$74,541.00","$81,484.50","$84,599.50","$92,197.50","$78,267.50","$76,312.00","$75,094.50","$79,777.50","$76,538.00","$87,254.50","$90,264.00","$79,211.50","$65,631.00","$84,456.00","$85,481.50","$84,703.00","$92,046.00","$84,625.00","$90,681.00","$64,436.00","$91,128.50","$57,108.00","$92,601.00","$87,109.00","$88,098.50","$70,751.50","$88,168.50","$88,241.50","$53,820.00","$87,849.00","$88,517.50","$86,560.50","$85,170.00","$88,840.00","$64,955.00","$85,673.00","$63,671.00","$53,749.50","$84,647.00","$82,883.00","$83,895.00","$79,377.00","$44,274.50","$83,763.50","$82,232.00","$82,683.50","$81,898.00","$82,786.50","$78,304.50","$66,618.00","$79,975.00","$78,115.00","$78,422.00","$77,926.50","$77,525.50","$78,078.50","$77,026.00","$66,542.50","$77,951.50","$78,159.00","$75,832.00","$77,454.50","$74,972.50","$81,356.00","$62,105.00","$75,917.00","$78,921.00","$78,333.50","$80,199.00","$81,627.00","$72,136.50","$71,917.50","$78,308.50","$82,473.00","$77,430.50","$61,333.50","$64,683.00","$70,953.00","$63,849.00","$70,693.00","$79,567.50","$78,044.50","$63,934.50","$77,784.50","$57,204.00","$68,688.50","$77,765.50","$62,071.00","$66,572.00","$56,981.00","$74,608.50","$56,343.50","$66,579.00","$74,663.00","$67,713.00","$71,677.00","$63,284.00","$73,632.00","$71,334.00","$60,952.00","$59,907.00","$59,907.00","$48,354.50","$58,078.00","$49,980.00","$59,471.00","$43,884.00","$46,300.00","$46,188.00","$45,072.50","$47,397.50","$47,397.50","$43,681.00","$39,959.50","$54,087.00","$39,358.50","$39,058.00","$39,058.00","$42,243.00","$38,624.50","$39,283.00","$37,660.00","$39,652.50","$42,995.50","$40,278.50","$37,660.00","$40,775.00","$37,240.00","$36,680.50","$36,051.50","$35,781.50","$35,323.50","$35,344.50","$34,927.50","$35,914.50","$35,248.00","$37,912.00","$33,694.50","$36,177.50","$33,162.50","$32,358.00","$35,950.00","$32,124.00","$32,051.50","$34,947.50","$30,874.00","$31,552.50"
Avg Profit/Trade ($) (IS aggregate),,,,statistic,Avg Profit/Trade ($) (IS aggregate) for each solution,$265.79,$265.79,$263.39,$258.16,$237.15,$249.32,$254.47,$229.29,$246.53,$227.61,$216.43,$216.42,$224.48,$302.40,$237.79,$214.56,$251.76,$212.75,$189.45,$233.23,$288.06,$245.88,$245.88,$247.91,$190.97,$219.49,$242.84,$286.13,$232.05,$206.38,$299.71,$240.40,$240.40,$240.40,$240.18,$228.06,$196.63,$199.80,$212.61,$274.02,$273.63,$277.77,$201.31,$251.82,$285.58,$224.04,$197.31,$284.72,$246.91,$189.33,$173.22,$196.61,$199.89,$183.01,$242.83,$288.94,$242.40,$239.12,$197.97,$189.80,$240.50,$240.50,$215.42,$206.51,$222.19,$191.02,$188.56,$196.73,$194.69,$206.42,$206.42,$235.24,$230.68,$198.74,$249.22,$208.32,$213.08,$231.62,$231.62,$231.62,$265.94,$235.70,$210.10,$198.39,$202.53,$172.39,$192.16,$180.97,$180.97,$169.16,$197.33,$181.33,$174.98,$202.05,$169.68,$178.85,$230.61,$202.88,$193.05,$253.77,$187.24,$182.41,$179.04,$165.31,$180.83,$180.82,$234.14,$188.53,$164.45,$224.53,$240.33,$166.69,$230.46,$153.95,$238.61,$235.19,$236.92,$222.95,$255.64,$179.71,$187.23,$178.32,$188.49,$188.49,$205.85,$205.85,$171.60,$176.38,$185.02,$185.81,$229.44,$223.61,$215.95,$180.46,$180.46,$151.04,$194.03,$154.75,$164.36,$190.10,$186.53,$186.60,$217.72,$210.12,$169.90,$220.55,$184.70,$162.13,$192.13,$212.73,$205.61,$205.61,$212.46,$215.21,$215.21,$208.34,$208.34,$208.34,$201.30,$165.18,$163.76,$162.96,$159.44,$155.32,$158.84,$184.90,$166.76,$177.14,$190.97,$209.06,$242.31,$167.35,$167.25,$178.87,$169.71,$172.78,$203.76,$155.32,$167.85,$178.93,$168.94,$177.57,$190.18,$165.61,$161.93,$163.54,$187.12,$145.31,$188.98,$160.42,$158.17,$215.05,$154.68,$156.46,$136.95,$155.76,$179.91,$150.80,$148.90,$186.64,$196.83,$145.70,$147.05,$164.88,$143.47,$137.00,$141.71,$132.29,$110.14,$136.20,$131.57,$133.36,$133.60,$133.10,$123.70,$155.29,$126.74,$121.30,$123.69,$121.57,$120.01,$122.57,$123.04,$153.68,$121.23,$112.62,$117.75,$110.49,$115.70,$84.22,$142.44,$107.38,$83.96,$84.78,$81.84,$81.14,$110.47,$109.97,$82.60,$80.94,$81.51,$138.76,$93.74,$109.33,$94.17,$109.77,$78.31,$76.22,$92.52,$75.89,$130.31,$103.92,$75.43,$89.44,$90.82,$127.47,$72.16,$124.93,$102.43,$73.20,$94.70,$69.05,$96.76,$71.14,$68.52,$93.92,$91.04,$91.04,$85.89,$88.13,$89.73,$55.42,$74.13,$77.68,$77.76,$72.00,$54.11,$54.11,$70.34,$66.60,$49.58,$65.49,$64.77,$64.77,$67.27,$63.74,$62.55,$50.28,$62.54,$49.71,$63.83,$48.91,$63.51,$58.01,$58.97,$56.77,$55.65,$55.02,$45.66,$45.54,$55.42,$56.31,$58.96,$52.16,$56.09,$42.68,$50.40,$55.05,$49.12,$49.01,$53.35,$47.21,$48.69
"Avg Trade Span (min, bar grid) (IS aggregate)",,,,statistic,"Avg Trade Span (min, bar grid) (IS aggregate) for each solution",1150.49,1150.49,1145.51,1119.31,863.22,1123.84,1021.79,832.12,1092.42,839.50,851.52,848.04,906.80,918.31,893.90,824.58,917.20,822.75,812.21,884.48,907.12,906.85,906.85,924.02,818.77,855.92,911.29,942.69,854.33,854.64,916.91,901.62,901.62,901.62,900.15,877.02,831.97,830.53,842.55,879.92,873.25,876.61,840.75,1080.42,900.95,853.40,810.43,904.00,1076.86,799.50,812.82,812.30,824.08,797.26,1073.91,894.66,1070.52,1067.34,808.75,810.55,1067.52,1067.52,831.80,841.17,839.38,810.77,191.62,814.38,192.55,837.83,837.83,1058.03,1058.59,835.26,857.37,845.60,829.99,1045.75,1045.75,1045.75,1110.40,1042.80,828.58,830.51,833.83,792.74,816.38,191.31,191.31,792.62,829.35,801.57,791.37,820.61,792.16,794.93,1097.38,826.39,826.17,845.38,828.28,804.16,809.63,794.49,809.40,811.92,828.50,822.69,805.52,1091.31,1083.40,791.25,819.27,755.64,1082.35,837.83,1041.79,1077.37,1064.71,810.51,825.27,800.23,825.51,825.51,829.70,829.70,800.78,829.90,815.51,813.71,820.01,1042.50,1074.69,804.17,804.17,768.13,818.91,782.58,778.55,838.75,816.42,825.21,812.47,1067.06,767.52,1055.95,827.01,788.33,845.13,1035.13,1070.28,1070.50,1067.28,1028.27,1028.27,1023.20,1023.20,1023.20,1062.61,799.42,759.24,194.63,192.46,192.13,778.14,833.23,801.11,799.21,831.81,814.31,1040.51,796.91,809.40,789.04,810.76,711.99,811.43,728.80,902.11,755.21,709.49,748.91,756.34,703.61,648.09,896.35,752.72,188.37,749.78,665.88,651.53,1017.62,639.22,645.74,192.24,645.51,747.29,635.52,637.49,770.09,1005.24,623.86,832.00,1024.23,622.70,611.72,620.78,596.63,158.87,605.50,594.68,599.79,606.42,602.53,591.05,800.63,593.90,580.16,589.50,583.90,578.95,588.09,595.38,805.01,584.16,534.63,585.35,528.75,578.57,402.74,800.16,526.36,411.35,421.30,398.80,390.84,575.12,574.15,408.72,390.32,408.21,800.33,538.17,577.92,545.24,583.86,387.87,384.92,537.13,384.71,795.34,569.83,384.59,534.66,507.59,788.62,380.76,769.22,576.17,388.60,521.40,379.54,574.06,383.72,378.23,577.44,571.06,571.06,149.75,570.66,152.25,365.24,146.21,149.34,145.49,149.23,112.06,112.06,150.76,144.26,359.52,142.76,143.24,143.24,150.59,142.79,148.64,112.90,145.82,114.38,148.35,111.78,148.64,144.06,146.16,142.09,147.19,142.32,112.63,113.20,143.61,146.51,147.14,143.61,147.57,112.63,145.48,146.11,143.78,142.46,146.47,142.02,143.07
Max Drawdown ($) (OOS aggregate),,,,statistic,Max Drawdown ($) (OOS aggregate) for each solution,"$19,625.00","$19,625.00","$23,079.50","$24,224.50","$49,116.50","$26,326.50","$23,314.50","$43,552.00","$25,327.00","$43,045.50","$44,841.00","$44,036.00","$15,925.00","$27,761.00","$32,136.00","$17,284.50","$20,459.50","$17,234.50","$46,788.50","$26,663.50","$26,653.50","$21,860.00","$21,860.00","$17,584.50","$41,623.00","$33,114.50","$20,822.50","$24,212.00","$18,268.00","$15,039.00","$25,988.50","$21,146.50","$21,146.50","$20,645.00","$21,146.50","$15,284.00","$38,037.00","$17,738.00","$40,811.00","$26,226.50","$30,693.00","$30,145.00","$41,947.00","$15,005.00","$21,248.00","$18,787.50","$43,239.50","$27,934.50","$14,568.50","$40,149.00","$35,182.00","$19,084.00","$44,895.00","$40,053.50","$12,010.00","$29,154.00","$13,554.00","$13,554.00","$19,788.50","$41,646.00","$14,848.00","$15,005.00","$23,120.00","$23,811.00","$22,500.50","$34,032.00","$28,850.50","$42,590.00","$33,954.50","$46,170.50","$45,591.50","$16,301.50","$14,848.00","$16,502.00","$34,063.50","$44,006.00","$22,874.00","$15,865.00","$15,865.00","$15,865.00","$12,714.00","$13,107.50","$22,972.00","$43,411.00","$40,965.00","$46,779.50","$19,432.00","$32,300.50","$32,152.00","$16,450.00","$45,675.00","$48,594.00","$16,473.00","$18,475.50","$35,353.00","$20,759.00","$30,682.00","$22,972.00","$45,675.00","$32,352.00","$42,099.50","$46,942.00","$15,872.00","$33,316.00","$15,872.00","$40,282.00","$28,541.00","$48,094.00","$35,166.00","$30,523.00","$12,776.50","$19,640.00","$30,091.00","$41,340.50","$12,933.50","$42,137.00","$27,379.00","$24,777.50","$10,138.00","$45,918.00","$21,267.00","$48,323.00","$42,908.00","$41,838.50","$21,104.50","$21,104.50","$50,103.00","$52,197.00","$19,938.50","$28,431.00","$27,483.50","$32,243.00","$28,602.00","$20,366.00","$20,366.00","$37,127.50","$20,552.50","$32,884.00","$20,673.50","$41,048.00","$51,209.50","$46,947.00","$36,613.50","$31,514.00","$23,084.50","$9,638.00","$40,419.00","$47,485.00","$44,023.00","$28,329.00","$32,827.50","$31,710.50","$31,279.50","$29,287.50","$29,287.50","$32,597.50","$32,597.50","$34,198.00","$26,018.50","$50,777.50","$28,103.50","$28,366.50","$32,605.00","$44,408.00","$53,401.50","$42,583.00","$50,764.00","$18,431.00","$25,134.00","$37,752.00","$15,364.00","$53,454.50","$51,966.50","$23,043.50","$49,775.00","$32,175.50","$35,878.00","$32,329.00","$34,278.00","$22,842.50","$25,880.50","$22,147.00","$30,617.00","$24,579.00","$31,498.00","$34,278.00","$34,271.00","$37,745.00","$34,853.50","$44,721.50","$43,537.00","$15,988.00","$37,588.50","$39,812.50","$34,368.00","$38,872.50","$29,404.50","$38,025.00","$38,281.50","$36,923.00","$13,548.50","$33,381.00","$49,084.00","$31,072.00","$38,674.00","$33,384.50","$39,379.00","$57,748.00","$37,024.50","$44,465.50","$42,825.50","$42,692.50","$46,367.50","$48,706.50","$30,356.50","$34,342.00","$42,847.00","$43,498.50","$45,854.50","$41,055.00","$45,407.50","$42,432.00","$46,443.50","$40,780.50","$39,931.00","$58,360.50","$43,415.00","$56,231.00","$44,652.00","$37,488.50","$40,263.00","$60,296.50","$36,785.50","$39,630.00","$37,422.50","$36,322.00","$39,382.50","$41,041.00","$37,096.00","$39,434.00","$37,383.00","$45,861.00","$45,111.50","$41,712.50","$45,474.00","$46,401.00","$39,114.50","$41,145.50","$45,111.50","$41,597.50","$40,887.50","$42,703.00","$38,362.50","$46,339.50","$45,963.50","$47,320.00","$40,785.00","$51,054.00","$38,959.50","$38,107.50","$61,432.50","$42,415.00","$34,235.00","$39,391.00","$41,879.50","$55,799.50","$52,845.50","$54,310.50","$32,643.50","$34,914.00","$34,040.00","$47,175.00","$27,741.00","$32,779.50","$33,813.50","$37,997.00","$29,203.00","$28,938.50","$42,043.00","$33,780.50","$50,017.00","$31,837.50","$34,660.00","$34,660.00","$39,902.00","$39,238.00","$43,644.00","$25,601.00","$38,974.50","$32,373.00","$40,468.50","$27,856.00","$40,837.50","$44,743.00","$34,756.50","$47,897.50","$40,757.50","$47,115.00","$30,392.00","$29,113.00","$44,227.00","$34,870.50","$43,367.50","$47,138.50","$44,989.50","$31,067.00","$42,802.00","$49,319.50","$41,450.00","$43,326.00","$50,020.50","$45,230.50","$49,639.00"
Profit Factor (OOS aggregate),,,,statistic,Profit Factor (OOS aggregate) for each solution,0.8864,0.8864,0.8581,0.8607,0.7571,0.8736,0.9397,0.7836,0.8552,0.7741,0.7671,0.7725,1.0234,0.8736,0.9110,0.9896,0.9917,0.9964,0.7556,0.9365,0.8854,0.9877,0.9877,1.0138,0.7988,0.8297,0.9891,0.9059,0.9938,1.0444,0.8864,0.9859,1.0030,1.0065,0.9822,0.9875,0.8345,0.9627,0.8540,0.9318,0.8886,0.8956,0.7971,1.1275,0.9466,0.9929,0.7918,0.9299,1.1467,0.8374,0.8397,0.9929,0.7828,0.8448,1.1357,0.9187,1.1163,1.1078,0.9233,0.8030,1.0960,1.0946,0.9442,0.9182,0.9194,0.8604,0.8338,0.7956,0.7881,0.7991,0.8025,1.1300,1.0957,0.9767,0.8537,0.8076,0.9080,1.1436,1.1436,1.1436,1.1501,1.1230,0.9074,0.8178,0.8298,0.7856,0.9375,0.8002,0.8012,1.0291,0.8029,0.7860,1.0243,0.9414,0.8429,0.9199,0.8878,0.9074,0.8029,0.9507,0.8252,0.8003,1.0139,0.9169,1.0280,0.8332,0.9288,0.7961,0.8510,0.8878,1.1628,0.9897,0.9207,0.8216,1.1460,0.7953,0.9257,0.9549,1.1161,0.8000,0.9224,0.7943,0.8197,0.8248,0.9324,0.9324,0.7927,0.7448,0.9293,0.8823,0.9343,0.8802,0.9201,0.9219,0.9219,0.8715,0.9246,0.9001,0.9072,0.8400,0.7782,0.8134,0.8672,0.9104,0.9184,1.2373,0.8343,0.7907,0.7990,0.9130,0.8991,0.9079,0.8963,0.9137,0.9157,0.8931,0.8931,0.8761,0.9413,0.7823,0.8798,0.8336,0.8335,0.7607,0.7729,0.8337,0.7913,0.9456,0.8888,0.8479,1.1783,0.7859,0.7932,0.9802,0.7855,0.8888,0.8700,0.8776,0.8641,0.9466,0.9491,0.9393,0.9172,0.9622,0.8994,0.8532,0.8819,0.8165,0.8701,0.8154,0.8179,1.1347,0.8519,0.8361,0.8328,0.8420,0.9513,0.8502,0.8492,0.8679,1.1807,0.8831,0.7895,0.9118,0.8600,0.9550,0.8550,0.8079,0.8260,0.8516,0.8807,0.8561,0.8438,0.8280,0.9422,0.8155,0.8467,0.8818,0.8448,0.8584,0.8745,0.8536,0.8322,0.8069,0.8668,0.8403,0.8477,0.8451,0.8510,0.9419,0.8103,0.8347,0.9499,0.9231,0.9360,0.9476,0.8802,0.8606,0.9406,0.9167,0.9416,0.7847,0.9450,0.8578,0.9463,0.8375,0.9274,0.9067,0.9419,0.9029,0.8086,0.8644,0.9258,0.9219,0.9333,0.7711,0.9052,0.7459,0.8655,0.9315,0.8418,0.9001,0.8804,0.9250,0.8943,0.8119,0.8221,0.8182,0.8936,0.8780,0.8814,0.8832,0.9144,0.9005,0.8863,0.8882,0.9771,0.9780,0.8763,0.9055,0.8712,0.9010,0.9021,0.9021,0.8735,0.8738,0.8563,1.0110,0.8818,0.9708,0.8832,0.9958,0.8692,0.8642,0.9054,0.8468,0.8711,0.8540,0.9733,0.9840,0.8559,0.8956,0.8549,0.8481,0.8538,0.9706,0.8642,0.8353,0.8687,0.8610,0.8329,0.8547,0.8403
Avg Trades/Day (OOS aggregate),,,,statistic,Avg Trades/Day (OOS aggregate) for each solution,0.265,0.265,0.265,0.273,0.401,0.271,0.302,0.427,0.290,0.414,0.403,0.405,0.356,0.389,0.389,0.395,0.364,0.399,0.410,0.395,0.394,0.371,0.371,0.354,0.398,0.391,0.367,0.377,0.395,0.400,0.389,0.377,0.375,0.373,0.377,0.395,0.422,0.401,0.417,0.414,0.418,0.415,0.397,0.310,0.398,0.397,0.444,0.395,0.310,0.436,0.406,0.394,0.423,0.433,0.309,0.405,0.318,0.320,0.421,0.438,0.311,0.310,0.420,0.412,0.423,0.444,0.308,0.444,0.270,0.410,0.411,0.303,0.311,0.386,0.421,0.410,0.425,0.307,0.307,0.307,0.305,0.327,0.425,0.408,0.414,0.460,0.411,0.264,0.263,0.393,0.415,0.420,0.398,0.418,0.442,0.432,0.265,0.425,0.415,0.431,0.405,0.420,0.398,0.429,0.398,0.446,0.433,0.411,0.418,0.266,0.310,0.404,0.442,0.459,0.310,0.437,0.288,0.275,0.325,0.420,0.405,0.423,0.412,0.410,0.417,0.417,0.427,0.405,0.429,0.456,0.438,0.280,0.275,0.428,0.428,0.438,0.423,0.438,0.428,0.414,0.438,0.432,0.448,0.282,0.474,0.292,0.412,0.426,0.411,0.285,0.280,0.279,0.273,0.298,0.299,0.294,0.294,0.296,0.281,0.429,0.481,0.319,0.355,0.335,0.440,0.409,0.434,0.426,0.417,0.442,0.322,0.450,0.445,0.417,0.443,0.487,0.450,0.504,0.388,0.427,0.494,0.432,0.482,0.505,0.512,0.389,0.490,0.347,0.491,0.505,0.519,0.327,0.540,0.529,0.363,0.529,0.505,0.541,0.541,0.474,0.331,0.555,0.432,0.298,0.558,0.568,0.562,0.640,0.373,0.578,0.583,0.583,0.574,0.589,0.591,0.387,0.595,0.592,0.599,0.606,0.595,0.606,0.585,0.395,0.612,0.762,0.613,0.780,0.614,0.939,0.397,0.787,0.939,0.928,0.960,0.962,0.609,0.616,0.944,0.989,0.946,0.403,0.709,0.616,0.701,0.612,0.974,0.999,0.710,1.002,0.398,0.611,0.996,0.714,0.755,0.408,1.005,0.412,0.595,0.988,0.797,1.006,0.596,0.999,1.009,0.606,0.611,0.608,0.526,0.597,0.526,1.026,0.554,0.567,0.562,0.588,0.869,0.869,0.584,0.564,1.034,0.563,0.567,0.567,0.595,0.572,0.591,0.736,0.600,0.860,0.590,0.765,0.605,0.595,0.586,0.596,0.606,0.597,0.764,0.760,0.605,0.592,0.602,0.613,0.612,0.765,0.608,0.609,0.616,0.619,0.611,0.619,0.616
Total Profit ($) (OOS aggregate),,,,statistic,Total Profit ($) (OOS aggregate) for each solution,"$-12,400.00","$-12,400.00","$-15,854.50","$-16,129.50","$-40,939.50","$-14,054.50","$-7,672.00","$-38,436.00","$-17,461.00","$-39,036.50","$-38,507.50","$-37,702.50","$2,989.50","$-20,142.50","$-14,438.00","$-1,480.50","$-1,173.00",$-515.50,"$-38,476.50","$-10,297.50","$-18,226.50","$-1,743.50","$-1,743.50","$1,871.50","$-29,587.50","$-27,930.00","$-1,536.00","$-14,268.50",$-942.00,"$6,379.50","$-17,864.50","$-2,038.00",$420.50,$922.00,"$-2,567.00","$-1,954.00","$-27,781.50","$-5,562.00","$-25,346.00","$-11,174.50","$-18,809.50","$-17,530.00","$-34,595.00","$13,900.50","$-8,312.00","$-1,066.00","$-38,820.50","$-10,998.00","$15,788.00","$-27,236.00","$-23,817.50","$-1,031.00","$-38,872.00","$-25,467.50","$14,597.50","$-13,184.50","$13,013.00","$12,210.00","$-12,055.00","$-36,607.50","$10,472.50","$10,315.50","$-9,039.50","$-13,886.50","$-13,550.00","$-25,717.00","$-21,453.50","$-38,441.50","$-24,699.50","$-34,537.00","$-33,958.00","$13,863.00","$10,434.00","$-3,469.00","$-25,212.00","$-33,387.00","$-15,624.50","$15,310.50","$15,310.50","$15,310.50","$17,176.00","$14,234.00","$-15,722.50","$-30,748.00","$-29,154.50","$-39,629.00","$-10,109.00","$-22,857.00","$-22,708.50","$4,057.00","$-34,041.50","$-37,214.00","$3,464.50","$-9,639.00","$-27,851.50","$-13,025.50","$-12,455.00","$-15,722.50","$-34,041.50","$-8,502.50","$-29,185.00","$-34,978.00","$2,065.00","$-13,416.00","$4,114.00","$-30,981.50","$-12,285.00","$-35,199.00","$-23,632.00","$-12,515.00","$17,648.00","$-1,503.00","$-14,081.50","$-30,361.50","$16,040.00","$-37,992.00","$-9,062.00","$-5,141.50","$14,583.00","$-35,198.50","$-12,446.00","$-36,359.00","$-31,391.50","$-30,322.00","$-11,239.00","$-11,239.00","$-36,658.00","$-45,211.00","$-11,971.00","$-22,148.50","$-11,536.00","$-14,336.00","$-9,109.00","$-12,700.50","$-12,700.50","$-20,776.00","$-12,609.50","$-16,610.50","$-14,921.00","$-27,703.00","$-41,976.50","$-33,670.50","$-24,408.50","$-10,618.50","$-15,400.00","$26,010.00","$-29,107.50","$-37,107.50","$-36,588.00","$-10,498.50","$-11,932.00","$-10,815.00","$-11,929.00","$-11,047.00","$-10,790.00","$-13,360.50","$-13,360.50","$-15,690.50","$-6,873.50","$-39,759.00","$-24,227.50","$-22,074.50","$-25,201.50","$-35,585.50","$-42,183.50","$-28,857.50","$-37,609.50","$-9,028.00","$-19,062.00","$-28,100.50","$21,341.50","$-40,522.50","$-38,764.50","$-3,429.50","$-40,593.00","$-21,738.50","$-24,240.00","$-25,498.50","$-21,130.50","$-9,265.00","$-10,002.50","$-10,747.00","$-15,781.50","$-7,527.50","$-20,871.50","$-23,111.50","$-23,164.00","$-27,244.00","$-25,829.00","$-38,339.50","$-38,676.50","$16,367.50","$-32,136.00","$-35,459.00","$-25,725.50","$-33,925.00","$-9,803.50","$-32,572.50","$-32,829.00","$-25,757.50","$20,815.00","$-25,530.50","$-37,893.50","$-10,896.00","$-31,490.50","$-10,103.00","$-32,903.00","$-45,554.50","$-24,223.50","$-34,806.00","$-27,577.00","$-34,028.00","$-36,608.50","$-42,383.50","$-13,373.00","$-26,455.50","$-36,879.50","$-28,029.50","$-37,411.00","$-34,268.50","$-30,002.00","$-35,645.50","$-39,980.00","$-29,536.00","$-32,852.50","$-44,317.50","$-38,372.00","$-43,096.50","$-36,638.00","$-16,819.50","$-29,018.50","$-46,996.50","$-14,524.50","$-22,909.00","$-18,974.00","$-15,383.00","$-29,508.50","$-34,286.50","$-17,399.00","$-25,841.00","$-17,120.00","$-34,755.50","$-13,128.00","$-34,958.00","$-12,623.50","$-40,489.50","$-21,817.00","$-28,552.00","$-13,916.50","$-29,829.00","$-29,407.00","$-33,706.00","$-22,807.50","$-18,919.50","$-17,080.50","$-37,318.00","$-28,878.50","$-41,444.50","$-32,299.00","$-20,923.50","$-45,304.00","$-30,508.50","$-28,956.00","$-23,076.50","$-32,488.00","$-47,301.50","$-44,961.50","$-45,812.50","$-21,439.00","$-29,635.00","$-24,276.50","$-35,479.50","$-17,727.50","$-21,649.50","$-25,000.50","$-25,470.50","$-6,087.00","$-5,822.50","$-28,244.00","$-20,043.50","$-39,505.00","$-20,707.00","$-20,847.00","$-20,847.00","$-28,973.00","$-27,537.00","$-33,127.00","$2,487.50","$-27,259.50","$-7,758.00","$-26,717.50",$-978.00,"$-30,619.50","$-31,430.50","$-21,060.00","$-35,239.50","$-30,061.00","$-33,649.50","$-6,321.00","$-3,764.50","$-34,051.00","$-23,597.50","$-34,108.00","$-35,934.00","$-34,945.00","$-6,996.00","$-31,892.50","$-39,531.00","$-31,125.50","$-32,871.00","$-40,232.00","$-34,386.50","$-38,236.50"
Avg Profit/Trade ($) (OOS aggregate),,,,statistic,Avg Profit/Trade ($) (OOS aggregate) for each solution,$-56.88,$-56.88,$-72.73,$-72.01,$-124.06,$-63.02,$-30.94,$-109.50,$-73.37,$-114.81,$-116.34,$-113.22,$10.20,$-62.95,$-45.12,$-4.56,$-3.92,$-1.57,$-114.17,$-31.68,$-56.25,$-5.72,$-5.72,$6.43,$-90.48,$-87.01,$-5.09,$-46.03,$-2.90,$19.39,$-55.83,$-6.57,$1.37,$3.00,$-8.28,$-6.01,$-80.06,$-16.85,$-73.90,$-32.87,$-54.68,$-51.41,$-106.12,$54.51,$-25.42,$-3.27,$-106.36,$-33.84,$61.91,$-76.08,$-71.31,$-3.18,$-111.70,$-71.54,$57.47,$-39.59,$49.86,$46.43,$-34.84,$-101.69,$40.91,$40.45,$-26.20,$-40.96,$-38.94,$-70.46,$-84.80,$-105.32,$-111.26,$-102.48,$-100.47,$55.67,$40.76,$-10.94,$-72.87,$-99.07,$-44.77,$60.76,$60.76,$60.76,$68.43,$52.91,$-45.05,$-91.79,$-85.75,$-104.84,$-29.91,$-105.33,$-105.13,$12.56,$-99.83,$-107.87,$10.59,$-28.02,$-76.73,$-36.69,$-57.13,$-45.05,$-99.83,$-24.02,$-87.64,$-101.39,$6.31,$-38.01,$12.58,$-84.42,$-34.51,$-104.14,$-68.70,$-57.15,$69.21,$-4.53,$-38.79,$-80.53,$62.90,$-105.83,$-38.24,$-22.75,$54.62,$-102.02,$-37.38,$-104.48,$-92.60,$-89.98,$-32.77,$-32.77,$-104.44,$-135.77,$-33.91,$-59.06,$-32.04,$-62.33,$-40.31,$-36.08,$-36.08,$-57.71,$-36.23,$-46.14,$-42.39,$-81.48,$-116.60,$-94.85,$-66.33,$-45.77,$-39.49,$108.37,$-85.86,$-106.02,$-108.25,$-44.87,$-51.88,$-47.23,$-53.25,$-45.09,$-43.86,$-55.21,$-55.21,$-64.57,$-29.76,$-112.63,$-61.34,$-84.25,$-86.31,$-129.40,$-116.53,$-85.89,$-105.35,$-25.79,$-55.57,$-77.41,$80.53,$-109.52,$-105.91,$-10.00,$-111.52,$-54.35,$-65.51,$-61.59,$-66.24,$-26.40,$-24.64,$-30.27,$-39.85,$-18.14,$-49.58,$-72.22,$-57.48,$-95.59,$-63.93,$-92.38,$-90.58,$60.85,$-72.38,$-81.51,$-86.33,$-77.99,$-23.62,$-73.20,$-73.77,$-66.04,$76.53,$-55.99,$-106.74,$-44.47,$-68.61,$-21.63,$-71.22,$-86.61,$-78.90,$-73.28,$-57.57,$-71.04,$-77.56,$-87.57,$-27.52,$-83.19,$-75.42,$-57.56,$-76.04,$-68.81,$-61.35,$-71.58,$-83.12,$-90.88,$-65.31,$-70.79,$-76.13,$-67.23,$-72.55,$-21.79,$-89.01,$-72.64,$-18.81,$-30.02,$-24.05,$-19.45,$-58.90,$-67.76,$-22.42,$-31.78,$-22.01,$-105.00,$-22.52,$-69.09,$-21.92,$-80.50,$-27.24,$-34.78,$-23.83,$-36.20,$-89.93,$-67.14,$-27.85,$-32.23,$-27.50,$-111.40,$-34.96,$-122.26,$-66.05,$-25.77,$-69.17,$-36.89,$-59.09,$-28.11,$-39.19,$-94.98,$-89.56,$-91.62,$-49.63,$-60.36,$-56.20,$-42.09,$-38.96,$-46.46,$-54.11,$-52.73,$-8.53,$-8.15,$-58.84,$-43.20,$-46.48,$-44.72,$-44.74,$-44.74,$-59.25,$-58.59,$-68.16,$4.11,$-55.29,$-10.97,$-55.09,$-1.55,$-61.61,$-64.28,$-43.69,$-71.92,$-60.36,$-68.53,$-10.07,$-6.02,$-68.51,$-48.45,$-68.91,$-71.30,$-69.47,$-11.12,$-63.78,$-78.90,$-61.51,$-64.58,$-80.14,$-67.56,$-75.57
"Avg Trade Span (min, bar grid) (OOS aggregate)",,,,statistic,"Avg Trade Span (min, bar grid) (OOS aggregate) for each solution",220.39,220.39,215.09,220.18,204.11,181.48,189.56,197.13,210.50,198.04,198.31,197.48,199.76,194.92,207.26,198.60,212.56,198.43,181.74,208.32,193.40,212.02,212.02,211.03,174.28,207.66,213.08,198.69,216.00,209.68,196.30,211.31,212.05,211.91,210.39,209.06,189.99,199.73,199.63,196.34,192.58,195.72,207.24,190.84,193.61,214.79,194.50,197.60,191.77,184.93,174.11,207.04,198.79,181.96,188.83,200.35,188.60,187.54,196.99,193.67,189.60,189.63,211.22,206.37,214.22,194.83,200.11,197.46,214.65,184.09,183.64,188.18,189.11,212.41,189.06,190.06,212.36,186.78,186.78,186.78,210.06,189.08,212.23,183.76,187.90,186.54,213.86,214.23,213.67,204.43,182.68,170.04,204.82,212.66,191.27,195.85,194.01,212.23,182.68,190.45,182.34,176.78,211.19,182.86,211.74,197.13,195.37,184.57,182.48,192.61,194.19,204.31,192.13,168.54,193.15,187.94,200.43,197.80,205.54,179.17,210.77,178.02,187.61,187.48,216.08,216.08,172.52,201.84,211.49,190.82,197.02,194.36,192.04,204.20,204.20,170.50,215.56,181.40,195.77,195.93,190.83,191.49,187.79,191.23,196.58,204.28,191.99,173.70,198.77,193.31,190.89,191.84,193.69,197.37,197.82,191.14,191.14,188.86,193.33,178.39,193.34,203.91,202.32,211.07,173.66,193.26,180.76,214.84,220.15,191.99,201.12,184.34,186.93,189.69,190.76,178.83,192.75,191.68,197.54,193.13,178.02,192.41,190.21,176.53,173.62,197.06,187.26,195.92,187.41,172.05,171.79,195.90,170.70,173.49,212.13,172.69,188.23,170.78,171.07,193.63,185.91,171.29,195.04,190.46,172.55,175.35,170.70,144.41,177.19,170.07,170.81,171.36,171.94,174.45,172.54,169.48,171.19,171.43,169.05,168.58,170.75,168.99,171.39,178.48,171.58,145.37,174.10,143.10,168.31,122.12,178.71,143.98,122.32,127.87,122.19,122.30,171.64,168.71,122.01,124.55,122.13,188.34,155.87,168.21,156.24,171.44,121.74,120.94,155.73,120.77,178.17,168.88,122.09,154.93,149.51,182.15,119.46,167.52,168.47,123.78,143.06,119.38,169.27,122.37,119.23,168.14,168.50,168.34,167.83,168.81,169.83,112.91,166.92,168.10,169.40,167.75,122.88,122.90,167.18,163.06,112.10,158.83,161.90,161.90,166.90,160.21,166.20,111.77,163.98,124.63,166.86,117.94,166.14,162.06,165.68,157.42,163.66,158.08,119.18,119.68,160.95,165.14,165.70,159.07,165.16,119.03,162.19,162.11,160.98,157.96,162.26,156.02,158.61
Derived Trailing Delay (bars from minutes/timeframe),,,,statistic,"Effective trailing delay in bars using the active GA gene (minutes when optimizable, else bars).",1,1,1,1,1,1,1,1,1,1,1,1,1,1,1,1,1,1,1,1,1,1,1,1,1,1,1,1,1,1,1,1,1,1,1,1,1,1,1,1,1,1,1,1,1,1,1,1,1,1,1,1,1,1,1,1,1,1,1,1,1,1,1,1,1,1,1,1,1,1,1,1,1,1,1,1,1,1,1,1,1,1,1,1,1,1,1,1,1,1,1,1,1,1,1,1,1,1,1,1,1,1,1,1,1,1,1,1,1,1,1,1,1,1,1,1,1,1,1,1,1,1,1,1,1,1,1,1,1,1,1,1,1,1,1,1,1,1,1,1,1,1,1,1,1,1,1,1,1,1,1,1,1,1,1,1,1,1,1,1,1,1,1,1,1,1,1,1,1,1,1,1,1,1,1,1,1,1,1,1,1,1,1,1,1,1,1,1,1,1,1,1,1,1,1,1,1,1,1,1,1,1,1,1,1,1,1,1,1,1,1,1,1,1,1,1,1,1,1,1,1,1,1,1,1,1,1,1,1,1,1,1,1,1,1,1,1,1,1,1,1,1,1,1,1,1,1,1,1,1,1,1,1,1,1,1,1,1,1,1,1,1,1,1,1,1,1,1,1,1,1,1,1,1,1,1,1,1,1,1,1,1,1,1,1,1,1,1,1,1,1,1,1,1,1,1,1,1,1,1,1,1,1,1,1,1,1,1,1,1,1,1,1
Derived RSI filter (effective entry gates),,,,statistic,"Trend: long if RSI < Max Buy, short if RSI > Min Sell. Bollinger: mean-reversion long if RSI < Oversold, short if RSI > Overbought.",filter off (RSI not applied to entries),filter off (RSI not applied to entries),filter off (RSI not applied to entries),filter off (RSI not applied to entries),filter off (RSI not applied to entries),filter off (RSI not applied to entries),filter off (RSI not applied to entries),filter off (RSI not applied to entries),filter off (RSI not applied to entries),filter off (RSI not applied to entries),filter off (RSI not applied to entries),filter off (RSI not applied to entries),filter off (RSI not applied to entries),filter off (RSI not applied to entries),filter off (RSI not applied to entries),filter off (RSI not applied to entries),filter off (RSI not applied to entries),filter off (RSI not applied to entries),filter off (RSI not applied to entries),filter off (RSI not applied to entries),filter off (RSI not applied to entries),filter off (RSI not applied to entries),filter off (RSI not applied to entries),filter off (RSI not applied to entries),filter off (RSI not applied to entries),filter off (RSI not applied to entries),filter off (RSI not applied to entries),filter off (RSI not applied to entries),filter off (RSI not applied to entries),filter off (RSI not applied to entries),filter off (RSI not applied to entries),filter off (RSI not applied to entries),filter off (RSI not applied to entries),filter off (RSI not applied to entries),filter off (RSI not applied to entries),filter off (RSI not applied to entries),filter off (RSI not applied to entries),filter off (RSI not applied to entries),filter off (RSI not applied to entries),filter off (RSI not applied to entries),filter off (RSI not applied to entries),filter off (RSI not applied to entries),filter off (RSI not applied to entries),filter off (RSI not applied to entries),filter off (RSI not applied to entries),filter off (RSI not applied to entries),filter off (RSI not applied to entries),filter off (RSI not applied to entries),filter off (RSI not applied to entries),filter off (RSI not applied to entries),filter off (RSI not applied to entries),filter off (RSI not applied to entries),filter off (RSI not applied to entries),filter off (RSI not applied to entries),filter off (RSI not applied to entries),filter off (RSI not applied to entries),filter off (RSI not applied to entries),filter off (RSI not applied to entries),filter off (RSI not applied to entries),filter off (RSI not applied to entries),filter off (RSI not applied to entries),filter off (RSI not applied to entries),filter off (RSI not applied to entries),filter off (RSI not applied to entries),filter off (RSI not applied to entries),filter off (RSI not applied to entries),filter off (RSI not applied to entries),filter off (RSI not applied to entries),filter off (RSI not applied to entries),filter off (RSI not applied to entries),filter off (RSI not applied to entries),filter off (RSI not applied to entries),filter off (RSI not applied to entries),filter off (RSI not applied to entries),filter off (RSI not applied to entries),filter off (RSI not applied to entries),filter off (RSI not applied to entries),filter off (RSI not applied to entries),filter off (RSI not applied to entries),filter off (RSI not applied to entries),filter off (RSI not applied to entries),filter off (RSI not applied to entries),filter off (RSI not applied to entries),filter off (RSI not applied to entries),filter off (RSI not applied to entries),filter off (RSI not applied to entries),filter off (RSI not applied to entries),filter off (RSI not applied to entries),filter off (RSI not applied to entries),filter off (RSI not applied to entries),filter off (RSI not applied to entries),filter off (RSI not applied to entries),filter off (RSI not applied to entries),filter off (RSI not applied to entries),filter off (RSI not applied to entries),filter off (RSI not applied to entries),filter off (RSI not applied to entries),filter off (RSI not applied to entries),filter off (RSI not applied to entries),filter off (RSI not applied to entries),filter off (RSI not applied to entries),filter off (RSI not applied to entries),filter off (RSI not applied to entries),filter off (RSI not applied to entries),filter off (RSI not applied to entries),filter off (RSI not applied to entries),filter off (RSI not applied to entries),filter off (RSI not applied to entries),filter off (RSI not applied to entries),filter off (RSI not applied to entries),filter off (RSI not applied to entries),filter off (RSI not applied to entries),filter off (RSI not applied to entries),filter off (RSI not applied to entries),filter off (RSI not applied to entries),filter off (RSI not applied to entries),filter off (RSI not applied to entries),filter off (RSI not applied to entries),filter off (RSI not applied to entries),filter off (RSI not applied to entries),filter off (RSI not applied to entries),filter off (RSI not applied to entries),filter off (RSI not applied to entries),filter off (RSI not applied to entries),filter off (RSI not applied to entries),filter off (RSI not applied to entries),filter off (RSI not applied to entries),filter off (RSI not applied to entries),filter off (RSI not applied to entries),filter off (RSI not applied to entries),filter off (RSI not applied to entries),filter off (RSI not applied to entries),filter off (RSI not applied to entries),filter off (RSI not applied to entries),filter off (RSI not applied to entries),filter off (RSI not applied to entries),filter off (RSI not applied to entries),filter off (RSI not applied to entries),filter off (RSI not applied to entries),filter off (RSI not applied to entries),filter off (RSI not applied to entries),filter off (RSI not applied to entries),filter off (RSI not applied to entries),filter off (RSI not applied to entries),filter off (RSI not applied to entries),filter off (RSI not applied to entries),filter off (RSI not applied to entries),filter off (RSI not applied to entries),filter off (RSI not applied to entries),filter off (RSI not applied to entries),filter off (RSI not applied to entries),filter off (RSI not applied to entries),filter off (RSI not applied to entries),filter off (RSI not applied to entries),filter off (RSI not applied to entries),filter off (RSI not applied to entries),filter off (RSI not applied to entries),filter off (RSI not applied to entries),filter off (RSI not applied to entries),filter off (RSI not applied to entries),filter off (RSI not applied to entries),filter off (RSI not applied to entries),filter off (RSI not applied to entries),filter off (RSI not applied to entries),filter off (RSI not applied to entries),filter off (RSI not applied to entries),filter off (RSI not applied to entries),filter off (RSI not applied to entries),filter off (RSI not applied to entries),filter off (RSI not applied to entries),filter off (RSI not applied to entries),filter off (RSI not applied to entries),filter off (RSI not applied to entries),filter off (RSI not applied to entries),filter off (RSI not applied to entries),filter off (RSI not applied to entries),filter off (RSI not applied to entries),filter off (RSI not applied to entries),filter off (RSI not applied to entries),filter off (RSI not applied to entries),filter off (RSI not applied to entries),filter off (RSI not applied to entries),filter off (RSI not applied to entries),filter off (RSI not applied to entries),filter off (RSI not applied to entries),filter off (RSI not applied to entries),filter off (RSI not applied to entries),filter off (RSI not applied to entries),filter off (RSI not applied to entries),filter off (RSI not applied to entries),filter off (RSI not applied to entries),filter off (RSI not applied to entries),filter off (RSI not applied to entries),filter off (RSI not applied to entries),filter off (RSI not applied to entries),filter off (RSI not applied to entries),filter off (RSI not applied to entries),filter off (RSI not applied to entries),filter off (RSI not applied to entries),filter off (RSI not applied to entries),filter off (RSI not applied to entries),filter off (RSI not applied to entries),filter off (RSI not applied to entries),filter off (RSI not applied to entries),filter off (RSI not applied to entries),filter off (RSI not applied to entries),filter off (RSI not applied to entries),filter off (RSI not applied to entries),filter off (RSI not applied to entries),filter off (RSI not applied to entries),filter off (RSI not applied to entries),filter off (RSI not applied to entries),filter off (RSI not applied to entries),filter off (RSI not applied to entries),filter off (RSI not applied to entries),filter off (RSI not applied to entries),filter off (RSI not applied to entries),filter off (RSI not applied to entries),filter off (RSI not applied to entries),filter off (RSI not applied to entries),filter off (RSI not applied to entries),filter off (RSI not applied to entries),filter off (RSI not applied to entries),filter off (RSI not applied to entries),filter off (RSI not applied to entries),filter off (RSI not applied to entries),filter off (RSI not applied to entries),filter off (RSI not applied to entries),filter off (RSI not applied to entries),filter off (RSI not applied to entries),filter off (RSI not applied to entries),filter off (RSI not applied to entries),filter off (RSI not applied to entries),filter off (RSI not applied to entries),filter off (RSI not applied to entries),filter off (RSI not applied to entries),filter off (RSI not applied to entries),filter off (RSI not applied to entries),filter off (RSI not applied to entries),filter off (RSI not applied to entries),filter off (RSI not applied to entries),filter off (RSI not applied to entries),filter off (RSI not applied to entries),filter off (RSI not applied to entries),filter off (RSI not applied to entries),filter off (RSI not applied to entries),filter off (RSI not applied to entries),filter off (RSI not applied to entries),filter off (RSI not applied to entries),filter off (RSI not applied to entries),filter off (RSI not applied to entries),filter off (RSI not applied to entries),filter off (RSI not applied to entries),filter off (RSI not applied to entries),filter off (RSI not applied to entries),filter off (RSI not applied to entries),filter off (RSI not applied to entries),filter off (RSI not applied to entries),filter off (RSI not applied to entries),filter off (RSI not applied to entries),filter off (RSI not applied to entries),filter off (RSI not applied to entries),filter off (RSI not applied to entries),filter off (RSI not applied to entries),filter off (RSI not applied to entries),filter off (RSI not applied to entries),filter off (RSI not applied to entries),filter off (RSI not applied to entries),filter off (RSI not applied to entries),filter off (RSI not applied to entries),filter off (RSI not applied to entries),filter off (RSI not applied to entries),filter off (RSI not applied to entries),filter off (RSI not applied to entries),filter off (RSI not applied to entries),filter off (RSI not applied to entries),filter off (RSI not applied to entries),filter off (RSI not applied to entries),filter off (RSI not applied to entries),filter off (RSI not applied to entries),filter off (RSI not applied to entries),filter off (RSI not applied to entries),filter off (RSI not applied to entries),filter off (RSI not applied to entries),filter off (RSI not applied to entries),filter off (RSI not applied to entries),filter off (RSI not applied to entries),filter off (RSI not applied to entries),filter off (RSI not applied to entries),filter off (RSI not applied to entries),filter off (RSI not applied to entries),filter off (RSI not applied to entries),filter off (RSI not applied to entries),filter off (RSI not applied to entries),filter off (RSI not applied to entries),filter off (RSI not applied to entries),filter off (RSI not applied to entries),filter off (RSI not applied to entries),filter off (RSI not applied to entries),filter off (RSI not applied to entries),filter off (RSI not applied to entries),filter off (RSI not applied to entries),filter off (RSI not applied to entries),filter off (RSI not applied to entries),filter off (RSI not applied to entries),filter off (RSI not applied to entries),filter off (RSI not applied to entries),filter off (RSI not applied to entries),filter off (RSI not applied to entries),filter off (RSI not applied to entries),filter off (RSI not applied to entries),filter off (RSI not applied to entries),filter off (RSI not applied to entries)
Solution Rank,,,,statistic,Rank by Sortino (0 = highest),#0 (SELECTED),#1,#2,#3,#4,#5,#6,#7,#8,#9,#10,#11,#12,#13,#14,#15,#16,#17,#18,#19,#20,#21,#22,#23,#24,#25,#26,#27,#28,#29,#30,#31,#32,#33,#34,#35,#36,#37,#38,#39,#40,#41,#42,#43,#44,#45,#46,#47,#48,#49,#50,#51,#52,#53,#54,#55,#56,#57,#58,#59,#60,#61,#62,#63,#64,#65,#66,#67,#68,#69,#70,#71,#72,#73,#74,#75,#76,#77,#78,#79,#80,#81,#82,#83,#84,#85,#86,#87,#88,#89,#90,#91,#92,#93,#94,#95,#96,#97,#98,#99,#100,#101,#102,#103,#104,#105,#106,#107,#108,#109,#110,#111,#112,#113,#114,#115,#116,#117,#118,#119,#120,#121,#122,#123,#124,#125,#126,#127,#128,#129,#130,#131,#132,#133,#134,#135,#136,#137,#138,#139,#140,#141,#142,#143,#144,#145,#146,#147,#148,#149,#150,#151,#152,#153,#154,#155,#156,#157,#158,#159,#160,#161,#162,#163,#164,#165,#166,#167,#168,#169,#170,#171,#172,#173,#174,#175,#176,#177,#178,#179,#180,#181,#182,#183,#184,#185,#186,#187,#188,#189,#190,#191,#192,#193,#194,#195,#196,#197,#198,#199,#200,#201,#202,#203,#204,#205,#206,#207,#208,#209,#210,#211,#212,#213,#214,#215,#216,#217,#218,#219,#220,#221,#222,#223,#224,#225,#226,#227,#228,#229,#230,#231,#232,#233,#234,#235,#236,#237,#238,#239,#240,#241,#242,#243,#244,#245,#246,#247,#248,#249,#250,#251,#252,#253,#254,#255,#256,#257,#258,#259,#260,#261,#262,#263,#264,#265,#266,#267,#268,#269,#270,#271,#272,#273,#274,#275,#276,#277,#278,#279,#280,#281,#282,#283,#284,#285,#286,#287,#288,#289,#290,#291,#292,#293,#294,#295,#296,#297,#298,#299,#300,#301,#302,#303,#304,#305,#306,#307,#308,#309,#310,#311,#312
"--- GA FITNESS VECTOR (normalized, per DEAP) ---",,,,,,,,,,,,,,,,,,,,,,,,,,,,,,,,,,,,,,,,,,,,,,,,,,,,,,,,,,,,,,,,,,,,,,,,,,,,,,,,,,,,,,,,,,,,,,,,,,,,,,,,,,,,,,,,,,,,,,,,,,,,,,,,,,,,,,,,,,,,,,,,,,,,,,,,,,,,,,,,,,,,,,,,,,,,,,,,,,,,,,,,,,,,,,,,,,,,,,,,,,,,,,,,,,,,,,,,,,,,,,,,,,,,,,,,,,,,,,,,,,,,,,,,,,,,,,,,,,,,,,,,,,,,,,,,,,,,,,,,,,,,,,,,,,,,,,,,,,,,,,,,,,,,,,,,,,,,,,
Fitness[0] norm Sortino obj,,,,statistic,Normalized objective after penalties; see Sortino row for raw IS aggregate,0.280494,0.280494,0.279703,0.277121,0.276439,0.276129,0.268119,0.266056,0.265921,0.265003,0.257170,0.257157,0.255527,0.250189,0.248101,0.247848,0.246806,0.246168,0.245990,0.244491,0.243518,0.243414,0.243414,0.242602,0.240964,0.240036,0.239799,0.239766,0.239435,0.238648,0.238416,0.238408,0.238408,0.238408,0.238189,0.237329,0.235270,0.234490,0.233509,0.233042,0.232711,0.230329,0.230316,0.229943,0.229096,0.227784,0.227181,0.226765,0.226744,0.225960,0.225929,0.225575,0.224813,0.224576,0.223960,0.223955,0.223563,0.221235,0.221176,0.220182,0.220180,0.220180,0.219846,0.218351,0.217570,0.217394,0.216537,0.215825,0.215746,0.215010,0.215010,0.213663,0.212830,0.212827,0.212648,0.212225,0.212213,0.211594,0.211594,0.211594,0.210462,0.210367,0.209673,0.209419,0.208654,0.207170,0.206250,0.205909,0.205909,0.205788,0.205659,0.205619,0.205152,0.204490,0.203638,0.203443,0.203280,0.202467,0.202091,0.201714,0.201329,0.201179,0.200940,0.200706,0.200633,0.200295,0.200241,0.199695,0.199386,0.199017,0.198996,0.198958,0.198414,0.197756,0.197592,0.197508,0.196940,0.196579,0.196355,0.195496,0.195245,0.194302,0.193469,0.193469,0.193360,0.193360,0.193163,0.192920,0.192764,0.191967,0.191353,0.191332,0.191327,0.190239,0.190239,0.189899,0.189509,0.188858,0.188639,0.188284,0.187805,0.187761,0.186590,0.186203,0.185906,0.184844,0.183859,0.183741,0.183335,0.182989,0.182277,0.182277,0.182032,0.180721,0.180721,0.180228,0.180228,0.180228,0.179847,0.179704,0.178737,0.178200,0.177424,0.176540,0.175882,0.175455,0.175120,0.174804,0.174459,0.174181,0.173482,0.173281,0.172179,0.172089,0.171386,0.170739,0.170205,0.167538,0.166809,0.165870,0.165854,0.165421,0.164625,0.163597,0.163328,0.163285,0.161097,0.160592,0.159804,0.158041,0.157320,0.156516,0.154411,0.153520,0.153415,0.153351,0.152347,0.151125,0.147309,0.147309,0.147024,0.146831,0.145681,0.144320,0.142376,0.141788,0.141414,0.140059,0.139908,0.139898,0.136720,0.135077,0.134970,0.132129,0.129797,0.128776,0.128635,0.127514,0.126209,0.126176,0.126128,0.125289,0.124920,0.124837,0.123113,0.120459,0.119385,0.119192,0.116523,0.116392,0.116191,0.115638,0.114240,0.114057,0.113485,0.113282,0.113094,0.112753,0.112536,0.111880,0.111046,0.110894,0.110443,0.110367,0.110335,0.110090,0.109849,0.109256,0.109070,0.108809,0.106885,0.106367,0.106243,0.105576,0.105520,0.105297,0.104618,0.103685,0.103495,0.101409,0.100240,0.100204,0.099874,0.099708,0.099252,0.096991,0.093903,0.093903,0.091671,0.090314,0.089952,0.081585,0.080449,0.079247,0.079025,0.074868,0.074230,0.074230,0.073092,0.072795,0.071567,0.071440,0.070778,0.070778,0.070160,0.069915,0.068488,0.067319,0.067093,0.066866,0.066790,0.066582,0.066343,0.064956,0.064841,0.063276,0.062150,0.061578,0.061195,0.060962,0.060150,0.059938,0.059652,0.058325,0.057212,0.057187,0.056397,0.055801,0.055127,0.054876,0.054183,0.052949,0.052789
Fitness[1] norm DD obj,,,,statistic,Normalized objective after penalties; see Sortino row for raw IS aggregate,0.191675,0.191675,0.199619,0.219213,0.167450,0.155038,0.176581,0.295169,0.243481,0.284594,0.156900,0.156900,0.247650,0.179106,0.160331,0.280075,0.275425,0.280075,0.190181,0.160331,0.184194,0.294681,0.294681,0.260819,0.155106,0.150187,0.284181,0.158362,0.268381,0.260556,0.167350,0.301944,0.301944,0.301944,0.301944,0.165962,0.274881,0.256431,0.245888,0.151244,0.151244,0.172894,0.191706,0.128556,0.229219,0.266113,0.317094,0.167350,0.128556,0.321900,0.155106,0.293450,0.280600,0.289950,0.128556,0.187850,0.128556,0.128556,0.292556,0.308050,0.148181,0.148181,0.310900,0.187000,0.274663,0.263925,0.119644,0.308850,0.125506,0.234581,0.234581,0.148181,0.148181,0.253575,0.162450,0.201313,0.280338,0.148181,0.148181,0.148181,0.150200,0.140925,0.280338,0.220706,0.225844,0.320138,0.274575,0.105487,0.105487,0.289138,0.243731,0.249756,0.300469,0.270088,0.243762,0.319181,0.109769,0.273625,0.253706,0.261356,0.186050,0.241238,0.296506,0.242438,0.300363,0.258244,0.215306,0.211113,0.234131,0.114719,0.125800,0.298244,0.194081,0.281850,0.123431,0.187356,0.143381,0.118381,0.124931,0.224875,0.257531,0.237400,0.206588,0.206588,0.274788,0.274788,0.225781,0.193519,0.334300,0.268869,0.225819,0.141087,0.111525,0.325775,0.325775,0.194256,0.272325,0.232413,0.318138,0.192050,0.214169,0.198675,0.247969,0.115562,0.278487,0.136163,0.203850,0.235050,0.190350,0.141087,0.115562,0.115562,0.124569,0.143381,0.143381,0.132475,0.132475,0.132475,0.114994,0.224694,0.254619,0.113731,0.126619,0.109056,0.251306,0.189625,0.233800,0.270019,0.244844,0.263819,0.138531,0.266400,0.232663,0.258025,0.221413,0.162037,0.269762,0.254031,0.147169,0.233088,0.175131,0.233088,0.238594,0.175131,0.188525,0.147169,0.234700,0.140500,0.256331,0.207969,0.175294,0.140031,0.155850,0.155850,0.132825,0.175294,0.316206,0.155850,0.155850,0.227000,0.141188,0.155850,0.155250,0.114337,0.155850,0.224644,0.155850,0.254713,0.129294,0.178312,0.182938,0.162731,0.175294,0.187619,0.267675,0.147569,0.179962,0.237850,0.181300,0.219956,0.252575,0.189487,0.175294,0.136912,0.181438,0.368506,0.219419,0.375094,0.223075,0.222644,0.138206,0.383956,0.208919,0.254550,0.240362,0.202900,0.276400,0.291344,0.218025,0.213200,0.213862,0.152550,0.304906,0.257338,0.291256,0.210031,0.197281,0.234987,0.304906,0.234987,0.138206,0.291300,0.216937,0.311100,0.282625,0.143744,0.231600,0.150506,0.252163,0.215437,0.406706,0.248269,0.257181,0.227813,0.268887,0.248569,0.248569,0.248569,0.138481,0.278419,0.155563,0.245331,0.150713,0.157225,0.157225,0.169525,0.184863,0.184863,0.158112,0.150713,0.293112,0.150713,0.150713,0.150713,0.176669,0.150713,0.174987,0.178706,0.162575,0.183138,0.176669,0.169175,0.172100,0.171569,0.153206,0.168412,0.175800,0.168412,0.169344,0.165138,0.171569,0.153206,0.181138,0.168412,0.194050,0.180244,0.165531,0.181338,0.178137,0.177969,0.181338,0.168412,0.168412
Fitness[2] norm PF obj,,,,statistic,Normalized objective after penalties; see Sortino row for raw IS aggregate,0.190417,0.190417,0.190173,0.188514,0.182957,0.183049,0.183574,0.179588,0.185364,0.178646,0.177021,0.177288,0.184253,0.202243,0.180902,0.179731,0.187886,0.179183,0.172589,0.179601,0.198491,0.185793,0.185793,0.187738,0.172179,0.177051,0.184960,0.198387,0.182022,0.179349,0.200896,0.184506,0.184506,0.184506,0.184609,0.178461,0.169774,0.175430,0.173955,0.194403,0.194853,0.194358,0.171591,0.193665,0.197984,0.179421,0.170091,0.197617,0.191776,0.169757,0.167684,0.174001,0.170107,0.168059,0.190324,0.197036,0.190427,0.189277,0.174080,0.168004,0.189952,0.189952,0.177596,0.172603,0.178337,0.168903,0.169234,0.168916,0.172191,0.174104,0.174104,0.188041,0.186525,0.173508,0.187492,0.174067,0.176130,0.187139,0.187139,0.187139,0.193059,0.187406,0.175167,0.171834,0.172538,0.163761,0.171274,0.168830,0.168830,0.166254,0.171477,0.169299,0.167662,0.173149,0.164048,0.168503,0.181653,0.173392,0.170223,0.187844,0.168866,0.168945,0.167986,0.162850,0.168662,0.165141,0.181436,0.168745,0.162783,0.179812,0.187600,0.165279,0.181048,0.161747,0.187434,0.182575,0.182909,0.178751,0.190296,0.167761,0.169867,0.167269,0.167474,0.167474,0.173811,0.173811,0.165819,0.164801,0.168569,0.165138,0.179182,0.178915,0.177092,0.168234,0.168234,0.160808,0.170459,0.159971,0.164637,0.168228,0.167670,0.167223,0.176956,0.175580,0.163219,0.179391,0.166753,0.163280,0.168579,0.175881,0.174106,0.174106,0.175336,0.176849,0.176849,0.175249,0.175249,0.175249,0.172514,0.163238,0.160867,0.161376,0.160985,0.160175,0.161338,0.165653,0.162964,0.166009,0.168486,0.173643,0.185137,0.162360,0.162079,0.168491,0.162848,0.168348,0.171996,0.158626,0.163747,0.169419,0.165672,0.169158,0.169716,0.164710,0.164384,0.162587,0.168834,0.157355,0.168909,0.164449,0.164029,0.179153,0.163099,0.163302,0.156168,0.163391,0.165821,0.162007,0.161131,0.167130,0.173834,0.160656,0.158176,0.161916,0.159801,0.157765,0.159331,0.157856,0.150133,0.157938,0.156729,0.156775,0.156829,0.156407,0.153931,0.161215,0.154904,0.153091,0.154045,0.153637,0.152674,0.153673,0.153706,0.160010,0.152957,0.152017,0.151528,0.151724,0.151665,0.147042,0.156765,0.150529,0.146600,0.146002,0.146309,0.146075,0.149880,0.149670,0.146264,0.145759,0.145937,0.154329,0.146948,0.149511,0.146925,0.149575,0.145169,0.144729,0.146605,0.144630,0.153297,0.148074,0.144321,0.145745,0.147070,0.151727,0.143673,0.152261,0.147382,0.143173,0.146713,0.142623,0.145556,0.142844,0.142466,0.144825,0.144007,0.144007,0.144635,0.143087,0.145260,0.138562,0.141147,0.141899,0.141836,0.140214,0.137531,0.137531,0.139765,0.138994,0.136551,0.138884,0.138538,0.138538,0.138889,0.138301,0.137484,0.135991,0.137588,0.135701,0.137861,0.135694,0.137756,0.136529,0.136602,0.136252,0.135734,0.135780,0.134414,0.134358,0.135680,0.135729,0.136302,0.134796,0.135506,0.133425,0.134170,0.135286,0.133879,0.133945,0.134807,0.133456,0.133671
Fitness[3] norm Trades obj,,,,statistic,Normalized objective after penalties; see Sortino row for raw IS aggregate,0.100169,0.100169,0.100508,0.103553,0.140778,0.100508,0.113706,0.146870,0.106261,0.145178,0.142809,0.143486,0.130626,0.128596,0.135702,0.146193,0.131641,0.146531,0.146870,0.137394,0.129949,0.133333,0.133333,0.130626,0.143824,0.142809,0.132657,0.124196,0.143147,0.141117,0.128596,0.134349,0.134349,0.134349,0.134687,0.139086,0.146193,0.145854,0.144839,0.135702,0.136717,0.136379,0.145854,0.103553,0.130288,0.143147,0.150931,0.131303,0.103892,0.151607,0.144501,0.149915,0.148223,0.151269,0.104230,0.133333,0.104569,0.104907,0.150254,0.150592,0.104907,0.104907,0.147885,0.146193,0.146870,0.151269,0.116751,0.150592,0.103553,0.145178,0.145178,0.105584,0.105922,0.146870,0.139425,0.144162,0.148562,0.106937,0.106937,0.106937,0.102200,0.107953,0.148900,0.146531,0.146531,0.154653,0.151269,0.100508,0.100508,0.153299,0.146870,0.149915,0.153976,0.150254,0.153976,0.153638,0.102200,0.149239,0.147547,0.140778,0.145516,0.150254,0.151607,0.151946,0.151607,0.151269,0.145854,0.147547,0.149239,0.102876,0.103553,0.154315,0.147885,0.158714,0.103553,0.143486,0.109645,0.104569,0.107276,0.149239,0.149239,0.151269,0.148223,0.148223,0.148900,0.148900,0.150254,0.147547,0.151946,0.152623,0.148562,0.108629,0.104569,0.152284,0.152284,0.155668,0.151607,0.154315,0.157022,0.146531,0.150931,0.148562,0.148900,0.105245,0.161421,0.108291,0.148900,0.153638,0.146531,0.109306,0.104907,0.104907,0.105584,0.110998,0.110998,0.110660,0.110660,0.110660,0.105922,0.151607,0.164129,0.118782,0.131303,0.128596,0.155668,0.146870,0.151269,0.155668,0.149915,0.149239,0.109306,0.154315,0.151946,0.150931,0.152623,0.170897,0.149915,0.172589,0.132318,0.159729,0.171235,0.161421,0.163790,0.172927,0.189509,0.133333,0.164805,0.132995,0.165821,0.183756,0.188494,0.111337,0.192893,0.190863,0.132995,0.190863,0.166497,0.194247,0.193570,0.161083,0.111675,0.198985,0.146531,0.110321,0.199662,0.204738,0.200338,0.203046,0.136041,0.208122,0.211506,0.209814,0.207445,0.210491,0.214213,0.145178,0.213536,0.217936,0.214552,0.216920,0.218613,0.215567,0.211844,0.146531,0.217597,0.234856,0.217936,0.237225,0.219289,0.326904,0.147547,0.239255,0.318105,0.312690,0.331641,0.340440,0.220981,0.221320,0.320812,0.344839,0.321489,0.149577,0.233503,0.219628,0.229442,0.217936,0.343824,0.346531,0.233841,0.346870,0.148562,0.223689,0.348900,0.234856,0.248054,0.151269,0.349915,0.152623,0.219966,0.345178,0.241963,0.351269,0.221320,0.350254,0.352284,0.219628,0.222673,0.222673,0.190525,0.223012,0.188494,0.363113,0.200338,0.201692,0.201015,0.211844,0.296447,0.296447,0.210152,0.203046,0.369205,0.203384,0.204061,0.204061,0.212521,0.205076,0.212521,0.253469,0.214552,0.292724,0.213536,0.260575,0.217259,0.217259,0.210491,0.214890,0.217597,0.217259,0.261929,0.259560,0.219289,0.211844,0.217597,0.218613,0.218274,0.262944,0.217259,0.220981,0.221320,0.221320,0.221658,0.221320,0.219289
Fitness[4] norm PnL obj,,,,statistic,Normalized objective after penalties; see Sortino row for raw IS aggregate,0.524487,0.524487,0.521503,0.526640,0.657700,0.493653,0.570007,0.663407,0.516067,0.650963,0.608890,0.611747,0.577667,0.766070,0.635680,0.617943,0.652890,0.614147,0.548140,0.631280,0.737430,0.645837,0.645837,0.637967,0.541087,0.617487,0.634633,0.700060,0.654370,0.573750,0.759260,0.636267,0.636267,0.636267,0.637283,0.624883,0.566293,0.574103,0.606647,0.732540,0.736973,0.746277,0.578427,0.513703,0.732980,0.631793,0.586667,0.736483,0.505340,0.565467,0.493097,0.580660,0.583683,0.545383,0.498620,0.758960,0.499353,0.494183,0.585987,0.563067,0.497023,0.497023,0.627593,0.594737,0.642860,0.569240,0.433680,0.583647,0.397167,0.590373,0.590373,0.489293,0.481357,0.575023,0.684527,0.591623,0.623610,0.487953,0.487953,0.487953,0.535427,0.501247,0.616287,0.572690,0.584623,0.525220,0.572623,0.358317,0.358317,0.510873,0.570947,0.535540,0.530777,0.598060,0.514703,0.541333,0.464297,0.596457,0.561143,0.703780,0.536753,0.539920,0.534737,0.494840,0.540093,0.538857,0.672773,0.547997,0.483490,0.455047,0.490283,0.506740,0.671417,0.481337,0.486757,0.664797,0.511750,0.459287,0.540257,0.528333,0.550463,0.531407,0.550403,0.550403,0.603820,0.603820,0.507923,0.512663,0.553833,0.558663,0.671487,0.478533,0.444850,0.541390,0.541390,0.463190,0.579497,0.470440,0.508417,0.548747,0.554603,0.546110,0.638637,0.435653,0.540273,0.470497,0.541783,0.490707,0.554623,0.458077,0.424933,0.424933,0.441907,0.470593,0.470593,0.454180,0.454180,0.454180,0.420040,0.493343,0.529507,0.381337,0.412430,0.393480,0.487123,0.534980,0.496940,0.543230,0.563997,0.614650,0.521783,0.508747,0.500630,0.531850,0.510253,0.581697,0.601760,0.528077,0.437540,0.563040,0.569877,0.564687,0.613640,0.564167,0.604540,0.429573,0.607523,0.380720,0.617340,0.580727,0.587323,0.471677,0.587790,0.588277,0.358800,0.585660,0.590117,0.577070,0.567800,0.592267,0.433033,0.571153,0.424473,0.358330,0.564313,0.552553,0.559300,0.529180,0.295163,0.558423,0.548213,0.551223,0.545987,0.551910,0.522030,0.444120,0.533167,0.520767,0.522813,0.519510,0.516837,0.520523,0.513507,0.443617,0.519677,0.521060,0.505547,0.516363,0.499817,0.542373,0.414033,0.506113,0.526140,0.522223,0.534660,0.544180,0.480910,0.479450,0.522057,0.549820,0.516203,0.408890,0.431220,0.473020,0.425660,0.471287,0.530450,0.520297,0.426230,0.518563,0.381360,0.457923,0.518437,0.413807,0.443813,0.379873,0.497390,0.375623,0.443860,0.497753,0.451420,0.477847,0.421893,0.490880,0.475560,0.406347,0.399380,0.399380,0.322363,0.387187,0.333200,0.396473,0.292560,0.308667,0.307920,0.300483,0.315983,0.315983,0.291207,0.266397,0.360580,0.262390,0.260387,0.260387,0.281620,0.257497,0.261887,0.251067,0.264350,0.286637,0.268523,0.251067,0.271833,0.248267,0.244537,0.240343,0.238543,0.235490,0.235630,0.232850,0.239430,0.234987,0.252747,0.224630,0.241183,0.221083,0.215720,0.239667,0.214160,0.213677,0.232983,0.205827,0.210350
Fitness[5] norm PPT obj,,,,statistic,Normalized objective after penalties; see Sortino row for raw IS aggregate,1.000000,1.000000,1.000000,1.000000,1.000000,1.000000,1.000000,1.000000,1.000000,1.000000,1.000000,1.000000,1.000000,1.000000,1.000000,1.000000,1.000000,1.000000,1.000000,1.000000,1.000000,1.000000,1.000000,1.000000,1.000000,1.000000,1.000000,1.000000,1.000000,1.000000,1.000000,1.000000,1.000000,1.000000,1.000000,1.000000,1.000000,1.000000,1.000000,1.000000,1.000000,1.000000,1.000000,1.000000,1.000000,1.000000,1.000000,1.000000,1.000000,1.000000,1.000000,1.000000,1.000000,1.000000,1.000000,1.000000,1.000000,1.000000,1.000000,1.000000,1.000000,1.000000,1.000000,1.000000,1.000000,1.000000,1.000000,1.000000,1.000000,1.000000,1.000000,1.000000,1.000000,1.000000,1.000000,1.000000,1.000000,1.000000,1.000000,1.000000,1.000000,1.000000,1.000000,1.000000,1.000000,1.000000,1.000000,1.000000,1.000000,1.000000,1.000000,1.000000,1.000000,1.000000,1.000000,1.000000,1.000000,1.000000,1.000000,1.000000,1.000000,1.000000,1.000000,1.000000,1.000000,1.000000,1.000000,1.000000,1.000000,1.000000,1.000000,1.000000,1.000000,1.000000,1.000000,1.000000,1.000000,1.000000,1.000000,1.000000,1.000000,1.000000,1.000000,1.000000,1.000000,1.000000,1.000000,1.000000,1.000000,1.000000,1.000000,1.000000,1.000000,1.000000,1.000000,1.000000,1.000000,1.000000,1.000000,1.000000,1.000000,1.000000,1.000000,1.000000,1.000000,1.000000,1.000000,1.000000,1.000000,1.000000,1.000000,1.000000,1.000000,1.000000,1.000000,1.000000,1.000000,1.000000,1.000000,1.000000,1.000000,1.000000,1.000000,1.000000,1.000000,1.000000,1.000000,1.000000,1.000000,1.000000,1.000000,1.000000,1.000000,1.000000,1.000000,1.000000,1.000000,1.000000,1.000000,1.000000,1.000000,1.000000,1.000000,1.000000,1.000000,1.000000,1.000000,1.000000,1.000000,1.000000,1.000000,1.000000,1.000000,1.000000,1.000000,1.000000,1.000000,1.000000,1.000000,1.000000,1.000000,1.000000,1.000000,1.000000,1.000000,1.000000,1.000000,1.000000,1.000000,1.000000,1.000000,1.000000,1.000000,1.000000,1.000000,1.000000,1.000000,1.000000,1.000000,1.000000,1.000000,1.000000,1.000000,1.000000,1.000000,1.000000,1.000000,1.000000,1.000000,0.842195,1.000000,1.000000,0.839585,0.847765,0.818357,0.811402,1.000000,1.000000,0.826039,0.809352,0.815058,1.000000,0.937435,1.000000,0.941726,1.000000,0.783145,0.762153,0.925246,0.758873,1.000000,1.000000,0.754273,0.894395,0.908213,1.000000,0.721552,1.000000,1.000000,0.731990,0.947035,0.690530,0.967645,0.711420,0.685245,0.939168,0.910441,0.910441,0.858872,0.881305,0.897307,0.554250,0.741284,0.776846,0.777576,0.720008,0.541067,0.541067,0.703398,0.665992,0.495756,0.654884,0.647728,0.647728,0.672659,0.637368,0.625525,0.502804,0.625434,0.497058,0.638328,0.489091,0.635125,0.580062,0.589719,0.567740,0.556477,0.550210,0.456647,0.455378,0.554236,0.563067,0.589611,0.521587,0.560891,0.426802,0.504019,0.550536,0.491193,0.490084,0.533550,0.472080,0.486921
--- ROBUSTNESS EVALUATION ---,,,,,,,,,,,,,,,,,,,,,,,,,,,,,,,,,,,,,,,,,,,,,,,,,,,,,,,,,,,,,,,,,,,,,,,,,,,,,,,,,,,,,,,,,,,,,,,,,,,,,,,,,,,,,,,,,,,,,,,,,,,,,,,,,,,,,,,,,,,,,,,,,,,,,,,,,,,,,,,,,,,,,,,,,,,,,,,,,,,,,,,,,,,,,,,,,,,,,,,,,,,,,,,,,,,,,,,,,,,,,,,,,,,,,,,,,,,,,,,,,,,,,,,,,,,,,,,,,,,,,,,,,,,,,,,,,,,,,,,,,,,,,,,,,,,,,,,,,,,,,,,,,,,,,,,,,,,,,,
Aggregate IS Sortino,,,,robustness,,7.4798,7.4798,7.4588,7.3899,7.3717,7.3634,7.1498,7.0948,7.0912,7.0668,6.8579,6.8575,6.8141,6.6717,6.6160,6.6093,6.5815,6.5645,6.5597,6.5198,6.4938,6.4910,6.4910,6.4694,6.4257,6.4010,6.3946,6.3938,6.3849,6.3639,6.3577,6.3575,6.3575,6.3575,6.3517,6.3288,6.2739,6.2531,6.2269,6.2145,6.2056,6.1421,6.1418,6.1318,6.1092,6.0742,6.0582,6.0471,6.0465,6.0256,6.0248,6.0153,5.9950,5.9887,5.9723,5.9721,5.9617,5.8996,5.8980,5.8715,5.8715,5.8715,5.8626,5.8227,5.8019,5.7972,5.7743,5.7553,5.7532,5.7336,5.7336,5.6977,5.6755,5.6754,5.6706,5.6593,5.6590,5.6425,5.6425,5.6425,5.6123,5.6098,5.5913,5.5845,5.5641,5.5245,5.5000,5.4909,5.4909,5.4877,5.4842,5.4832,5.4707,5.4531,5.4303,5.4251,5.4208,5.3991,5.3891,5.3791,5.3688,5.3648,5.3584,5.3522,5.3502,5.3412,5.3398,5.3252,5.3169,5.3071,5.3066,5.3055,5.2910,5.2735,5.2691,5.2669,5.2517,5.2421,5.2361,5.2132,5.2065,5.1814,5.1592,5.1592,5.1563,5.1563,5.1510,5.1445,5.1404,5.1191,5.1027,5.1022,5.1021,5.0730,5.0730,5.0640,5.0536,5.0362,5.0304,5.0209,5.0081,5.0070,4.9757,4.9654,4.9575,4.9292,4.9029,4.8998,4.8889,4.8797,4.8607,4.8607,4.8542,4.8192,4.8192,4.8061,4.8061,4.8061,4.7959,4.7921,4.7663,4.7520,4.7313,4.7077,4.6902,4.6788,4.6699,4.6614,4.6522,4.6448,4.6262,4.6208,4.5914,4.5890,4.5703,4.5531,4.5388,4.4677,4.4482,4.4232,4.4228,4.4112,4.3900,4.3626,4.3554,4.3543,4.2959,4.2824,4.2614,4.2144,4.1952,4.1738,4.1176,4.0939,4.0911,4.0893,4.0626,4.0300,3.9282,3.9282,3.9206,3.9155,3.8848,3.8485,3.7967,3.7810,3.7710,3.7349,3.7309,3.7306,3.6459,3.6021,3.5992,3.5234,3.4613,3.4340,3.4303,3.4004,3.3656,3.3647,3.3634,3.3410,3.3312,3.3290,3.2830,3.2122,3.1836,3.1785,3.1073,3.1038,3.0984,3.0837,3.0464,3.0415,3.0263,3.0209,3.0158,3.0068,3.0010,2.9835,2.9612,2.9572,2.9451,2.9431,2.9423,2.9357,2.9293,2.9135,2.9085,2.9016,2.8503,2.8365,2.8332,2.8154,2.8139,2.8079,2.7898,2.7649,2.7599,2.7043,2.6731,2.6721,2.6633,2.6589,2.6467,2.5864,2.5041,2.5041,2.4446,2.4084,2.3987,2.1756,2.1453,2.1133,2.1073,1.9965,1.9795,1.9795,1.9491,1.9412,1.9085,1.9051,1.8874,1.8874,1.8709,1.8644,1.8263,1.7952,1.7891,1.7831,1.7811,1.7755,1.7691,1.7322,1.7291,1.6874,1.6573,1.6421,1.6319,1.6257,1.6040,1.5983,1.5907,1.5553,1.5257,1.5250,1.5039,1.4880,1.4701,1.4633,1.4449,1.4120,1.4077
Aggregate OOS Sortino,,,,robustness,,-1.7033,-1.7033,-2.1853,-2.0829,-3.9497,-2.0920,-0.9278,-3.7401,-2.2136,-3.9340,-3.7904,-3.6893,0.3449,-1.8332,-1.3258,-0.1478,-0.1200,-0.0510,-4.0338,-0.9647,-1.6527,-0.1755,-0.1755,0.1932,-3.5677,-2.8537,-0.1559,-1.3520,-0.0830,0.6183,-1.6508,-0.2015,0.0417,0.0916,-0.2538,-0.1996,-2.9253,-0.5167,-2.4660,-0.9678,-1.6061,-1.4556,-3.4185,1.9080,-0.7744,-0.0969,-3.5286,-0.9893,2.1752,-2.8942,-2.8263,-0.1023,-3.7782,-2.7464,2.0085,-1.1201,1.7602,1.6378,-1.0784,-3.2828,1.4319,1.4159,-0.7617,-1.2767,-1.1014,-2.3633,-2.8162,-3.4389,-3.6737,-3.0683,-3.0080,1.9469,1.4266,-0.3112,-2.1516,-2.8527,-1.2558,2.1246,2.1246,2.1246,2.0619,1.8596,-1.2637,-2.7138,-2.4964,-3.7967,-0.8416,-3.4387,-3.4468,0.4152,-2.9817,-3.3509,0.3517,-0.7951,-2.6313,-1.1357,-1.8200,-1.2637,-2.9817,-0.7429,-2.7230,-3.1397,0.1865,-1.4743,0.3826,-2.8249,-1.0225,-3.1252,-2.6692,-1.8316,2.4028,-0.1424,-1.1611,-3.0590,2.1769,-3.0187,-1.1704,-0.7132,1.6691,-3.1824,-1.0373,-3.2527,-2.6607,-2.5882,-0.8844,-0.8844,-3.2662,-4.2205,-0.9531,-1.9086,-0.9212,-2.0322,-1.3037,-1.0908,-1.0908,-2.2442,-1.0146,-1.7704,-1.2901,-2.3096,-3.3809,-2.7742,-1.9828,-1.4906,-1.3184,3.0257,-2.4333,-3.2536,-2.7276,-1.4689,-1.6901,-1.5331,-1.7180,-1.4008,-1.3626,-1.8164,-1.8164,-2.1396,-0.9535,-3.5065,-1.9710,-2.8599,-2.8405,-4.1777,-3.6711,-2.4517,-3.3850,-0.7210,-1.4426,-2.2354,2.6702,-3.3449,-3.2141,-0.3158,-3.2481,-1.6930,-1.8981,-2.0138,-2.1049,-0.8165,-0.7646,-0.9360,-1.2094,-0.5659,-1.5143,-2.2714,-1.7377,-3.1229,-1.9372,-2.8624,-2.7960,1.8114,-2.2390,-2.5301,-2.8238,-2.4072,-0.7206,-2.2648,-2.2895,-1.9585,2.6734,-1.7203,-3.2152,-1.4483,-2.1022,-0.6666,-2.1646,-2.8747,-3.1218,-2.2420,-1.7796,-2.1883,-2.3821,-2.6633,-0.8491,-2.4867,-2.3213,-1.7021,-2.3385,-2.1129,-1.8214,-2.2101,-2.5486,-2.5785,-2.0477,-2.3905,-2.3444,-2.3161,-2.2395,-0.8310,-2.5255,-2.4887,-0.7176,-1.0616,-0.9199,-0.7418,-1.8316,-2.1037,-0.8537,-1.2020,-0.8378,-2.8948,-0.8511,-2.1620,-0.8344,-2.4932,-1.0454,-1.3309,-0.9028,-1.3885,-2.5573,-2.0944,-1.0706,-1.2196,-1.0232,-3.0534,-1.3868,-3.5601,-2.0132,-0.9799,-2.3778,-1.4647,-1.8469,-1.0796,-1.5524,-2.9788,-2.8142,-2.8758,-1.5912,-1.8889,-1.7829,-1.7123,-1.2572,-1.4485,-1.6594,-1.6645,-0.3192,-0.3053,-1.8569,-1.4373,-1.9020,-1.5173,-1.4943,-1.4943,-1.8713,-1.9487,-2.1326,0.1543,-1.7616,-0.4135,-1.7387,-0.0592,-1.9502,-2.0875,-1.4048,-2.4065,-1.9324,-2.2990,-0.3782,-0.2261,-2.2203,-1.5496,-2.1664,-2.3775,-2.1895,-0.4184,-2.0614,-2.4963,-1.9960,-2.1510,-2.5396,-2.2641,-2.5193
Sortino IS-to-OOS Degradation,,,,robustness,,122.77%,122.77%,129.30%,128.19%,153.58%,128.41%,112.98%,152.72%,131.22%,155.67%,155.27%,153.80%,94.94%,127.48%,120.04%,102.24%,101.82%,100.78%,161.49%,114.80%,125.45%,102.70%,102.70%,97.01%,155.52%,144.58%,102.44%,121.15%,101.30%,90.29%,125.97%,103.17%,99.34%,98.56%,104.00%,103.15%,146.63%,108.26%,139.60%,115.57%,125.88%,123.70%,155.66%,68.88%,112.68%,101.60%,158.25%,116.36%,64.02%,148.03%,146.91%,101.70%,163.02%,145.86%,66.37%,118.75%,70.47%,72.24%,118.28%,155.91%,75.61%,75.88%,112.99%,121.93%,118.98%,140.77%,148.77%,159.75%,163.85%,153.51%,152.46%,65.83%,74.86%,105.48%,137.94%,150.41%,122.19%,62.35%,62.35%,62.35%,63.26%,66.85%,122.60%,148.59%,144.87%,168.72%,115.30%,162.63%,162.77%,92.43%,154.37%,161.11%,93.57%,114.58%,148.46%,120.93%,133.57%,123.41%,155.33%,113.81%,150.72%,158.52%,96.52%,127.55%,92.85%,152.89%,119.15%,158.69%,150.20%,134.51%,54.72%,102.68%,121.94%,158.01%,58.69%,157.32%,122.29%,113.60%,68.12%,161.04%,119.92%,162.78%,151.57%,150.17%,117.15%,117.15%,163.41%,182.04%,118.54%,137.28%,118.05%,139.83%,125.55%,121.50%,121.50%,144.32%,120.08%,135.15%,125.65%,146.00%,167.51%,155.41%,139.85%,130.02%,126.59%,38.62%,149.63%,166.40%,155.79%,130.10%,134.77%,131.54%,135.39%,129.07%,128.28%,137.79%,137.79%,144.52%,119.88%,173.17%,141.35%,160.18%,160.04%,188.74%,178.27%,152.40%,172.49%,115.47%,131.01%,148.13%,42.28%,172.39%,170.00%,106.88%,171.07%,137.18%,141.82%,145.07%,147.32%,118.46%,117.29%,121.22%,127.55%,112.97%,134.77%,152.16%,140.45%,172.92%,145.46%,167.92%,166.65%,56.60%,154.37%,161.80%,169.02%,158.87%,117.74%,156.20%,158.28%,149.86%,31.81%,143.94%,182.76%,137.63%,155.37%,117.63%,157.40%,176.97%,183.67%,160.10%,148.81%,160.75%,166.18%,175.59%,124.53%,172.41%,167.67%,150.06%,169.48%,162.79%,154.15%,166.15%,176.51%,177.46%,162.37%,174.42%,173.64%,172.87%,172.07%,126.78%,181.51%,180.71%,123.55%,134.90%,130.40%,124.56%,160.73%,169.97%,128.45%,140.29%,128.29%,197.89%,128.90%,173.46%,128.36%,184.92%,135.69%,145.68%,131.04%,147.85%,189.72%,173.84%,137.79%,143.32%,136.36%,208.74%,149.71%,228.76%,172.95%,136.23%,188.96%,154.81%,169.35%,140.60%,158.65%,215.17%,212.38%,214.84%,165.09%,178.43%,174.33%,178.71%,158.60%,168.55%,178.75%,183.37%,116.12%,115.42%,195.27%,174.04%,199.66%,179.64%,179.17%,179.17%,200.02%,204.52%,216.77%,91.40%,198.46%,123.19%,197.62%,103.34%,210.23%,220.51%,181.24%,242.62%,216.60%,240.00%,123.17%,113.91%,238.42%,196.95%,236.19%,252.86%,243.51%,127.44%,237.07%,267.76%,235.77%,246.99%,275.76%,260.35%,278.96%
Positive OOS Splits,,,,robustness,,1/5,1/5,0/5,1/5,1/5,2/5,3/5,0/5,1/5,1/5,1/5,1/5,2/5,1/5,1/5,1/5,2/5,1/5,0/5,2/5,1/5,2/5,2/5,2/5,2/5,0/5,2/5,1/5,2/5,3/5,1/5,2/5,2/5,2/5,2/5,2/5,2/5,1/5,2/5,1/5,1/5,1/5,0/5,3/5,2/5,1/5,0/5,2/5,3/5,2/5,2/5,1/5,1/5,2/5,3/5,2/5,3/5,3/5,1/5,0/5,3/5,3/5,2/5,2/5,1/5,1/5,1/5,0/5,1/5,1/5,1/5,3/5,3/5,2/5,1/5,0/5,1/5,3/5,3/5,3/5,3/5,3/5,1/5,1/5,1/5,1/5,1/5,1/5,1/5,1/5,1/5,1/5,1/5,1/5,1/5,1/5,1/5,1/5,1/5,1/5,1/5,1/5,1/5,3/5,1/5,0/5,1/5,1/5,1/5,1/5,3/5,1/5,1/5,2/5,3/5,1/5,1/5,1/5,3/5,1/5,1/5,1/5,1/5,1/5,1/5,1/5,1/5,1/5,1/5,0/5,2/5,1/5,1/5,1/5,1/5,2/5,1/5,2/5,1/5,1/5,0/5,1/5,1/5,1/5,2/5,4/5,1/5,1/5,0/5,1/5,1/5,1/5,1/5,1/5,1/5,1/5,1/5,1/5,1/5,1/5,0/5,1/5,1/5,1/5,1/5,1/5,1/5,1/5,1/5,1/5,4/5,1/5,1/5,2/5,0/5,1/5,1/5,0/5,2/5,2/5,2/5,2/5,2/5,2/5,2/5,1/5,1/5,1/5,1/5,1/5,0/5,3/5,0/5,0/5,1/5,0/5,1/5,0/5,0/5,2/5,3/5,1/5,0/5,1/5,1/5,2/5,0/5,1/5,2/5,2/5,2/5,1/5,1/5,0/5,2/5,0/5,0/5,2/5,1/5,1/5,2/5,0/5,0/5,0/5,0/5,1/5,0/5,1/5,1/5,2/5,0/5,1/5,2/5,1/5,2/5,2/5,1/5,1/5,2/5,1/5,2/5,0/5,2/5,1/5,2/5,0/5,2/5,2/5,2/5,2/5,0/5,1/5,2/5,2/5,2/5,0/5,2/5,0/5,0/5,2/5,1/5,2/5,0/5,2/5,2/5,1/5,0/5,1/5,2/5,0/5,2/5,1/5,2/5,2/5,1/5,2/5,2/5,2/5,2/5,2/5,1/5,2/5,2/5,2/5,1/5,2/5,1/5,3/5,2/5,2/5,2/5,2/5,1/5,2/5,2/5,2/5,1/5,2/5,2/5,2/5,2/5,2/5,1/5,1/5,1/5,2/5,1/5,1/5,1/5,1/5,1/5,1/5,1/5
Live-Ready Robustness Score,,,,robustness,,8.0,8.0,0.0,8.0,8.0,16.0,24.0,0.0,8.0,8.0,8.0,8.0,19.8,8.0,8.0,8.0,16.0,8.0,0.0,16.0,8.0,16.0,16.0,18.1,16.0,0.0,16.0,8.0,16.0,30.9,8.0,16.0,16.5,17.0,16.0,16.0,16.0,8.0,16.0,8.0,8.0,8.0,0.0,45.5,16.0,8.0,0.0,16.0,48.6,16.0,16.0,8.0,8.0,16.0,46.8,16.0,44.0,42.7,8.0,0.0,40.3,40.2,16.0,16.0,8.0,8.0,8.0,0.0,8.0,8.0,8.0,46.4,40.4,16.0,8.0,0.0,8.0,48.5,48.5,48.5,47.8,45.5,8.0,8.0,8.0,8.0,8.0,8.0,8.0,12.8,8.0,8.0,12.1,8.0,8.0,8.0,8.0,8.0,8.0,8.0,8.0,8.0,10.2,24.0,12.5,0.0,8.0,8.0,8.0,8.0,52.3,8.0,8.0,16.0,49.7,8.0,8.0,8.0,43.7,8.0,8.0,8.0,8.0,8.0,8.0,8.0,8.0,8.0,8.0,0.0,16.0,8.0,8.0,8.0,8.0,16.0,8.0,16.0,8.0,8.0,0.0,8.0,8.0,8.0,16.0,68.5,8.0,8.0,0.0,8.0,8.0,8.0,8.0,8.0,8.0,8.0,8.0,8.0,8.0,8.0,0.0,8.0,8.0,8.0,8.0,8.0,8.0,8.0,8.0,8.0,64.9,8.0,8.0,16.0,0.0,8.0,8.0,0.0,16.0,16.0,16.0,16.0,16.0,16.0,16.0,8.0,8.0,8.0,8.0,8.0,0.0,47.2,0.0,0.0,8.0,0.0,8.0,0.0,0.0,16.0,59.0,8.0,0.0,8.0,8.0,16.0,0.0,8.0,16.0,16.0,16.0,8.0,8.0,0.0,16.0,0.0,0.0,16.0,8.0,8.0,16.0,0.0,0.0,0.0,0.0,8.0,0.0,8.0,8.0,16.0,0.0,8.0,16.0,8.0,16.0,16.0,8.0,8.0,16.0,8.0,16.0,0.0,16.0,8.0,16.0,0.0,16.0,16.0,16.0,16.0,0.0,8.0,16.0,16.0,16.0,0.0,16.0,0.0,0.0,16.0,8.0,16.0,0.0,16.0,16.0,8.0,0.0,8.0,16.0,0.0,16.0,8.0,16.0,16.0,8.0,16.0,16.0,16.0,16.0,16.0,8.0,16.0,16.0,16.0,8.0,16.0,8.0,27.0,16.0,16.0,16.0,16.0,8.0,16.0,16.0,16.0,8.0,16.0,16.0,16.0,16.0,16.0,8.0,8.0,8.0,16.0,8.0,8.0,8.0,8.0,8.0,8.0,8.0
--- PER-SPLIT DETAIL (In-Sample) ---,,,,,,,,,,,,,,,,,,,,,,,,,,,,,,,,,,,,,,,,,,,,,,,,,,,,,,,,,,,,,,,,,,,,,,,,,,,,,,,,,,,,,,,,,,,,,,,,,,,,,,,,,,,,,,,,,,,,,,,,,,,,,,,,,,,,,,,,,,,,,,,,,,,,,,,,,,,,,,,,,,,,,,,,,,,,,,,,,,,,,,,,,,,,,,,,,,,,,,,,,,,,,,,,,,,,,,,,,,,,,,,,,,,,,,,,,,,,,,,,,,,,,,,,,,,,,,,,,,,,,,,,,,,,,,,,,,,,,,,,,,,,,,,,,,,,,,,,,,,,,,,,,,,,,,,,,,,,,,
  Sortino (P1),,,,split_detail,,40.8783,40.8783,40.7848,41.0971,25.8619,31.5390,27.0436,24.6767,40.3712,24.7489,23.4150,23.1385,63.9568,11.7923,20.4290,29.0703,37.6087,29.0703,24.3051,20.4290,11.6799,36.8178,36.8178,38.1431,23.7355,21.5077,36.8178,11.8834,20.2219,59.3993,9.4037,36.8178,36.8178,36.8178,36.2505,21.3926,23.9449,53.4216,23.2002,11.1533,11.4347,11.1290,22.5998,13.1889,7.0935,19.8106,22.6298,8.7976,13.1889,23.0963,22.1711,25.1871,21.0487,24.2321,13.4325,8.7778,13.1889,13.1889,27.6374,22.8079,12.3676,12.3676,21.1580,20.7069,19.1990,23.0713,4.4977,19.6449,3.0973,26.6167,26.6167,12.1187,12.3676,20.6377,10.5741,24.7643,19.1990,12.1187,12.1187,12.1187,13.4215,12.9033,19.1990,26.6167,25.2350,22.7860,20.0997,5.2445,5.2445,26.8036,26.4321,26.9427,23.8019,18.2128,18.6999,27.6374,23.0978,19.1990,26.6167,5.8587,26.3035,26.7584,20.5754,25.4849,20.5754,21.3209,10.5511,26.3582,25.5655,23.0978,12.8097,27.1558,10.3871,23.4082,12.8097,9.9414,21.5005,23.6977,13.0681,26.3791,20.4093,26.1402,22.8557,22.8557,18.5168,18.5168,25.2730,15.5643,20.2797,21.3498,10.3924,22.4555,22.6797,24.1439,24.1439,24.2357,19.5145,23.7034,27.6374,22.7358,24.1554,24.4099,10.1036,22.6797,24.0684,14.0161,23.0602,26.4289,22.3184,22.0641,22.6797,22.6797,23.0978,21.1350,21.1350,21.3545,21.3545,21.3545,22.1553,24.7430,18.3739,3.7116,8.5781,6.9968,24.8786,21.8967,25.9038,18.3698,18.7967,10.0688,10.0946,25.0082,25.4036,5.8254,23.9705,6.8051,10.1068,15.0513,14.0597,5.7292,7.1277,5.7292,10.2942,7.1277,6.2614,14.0597,10.7263,7.1698,10.6878,6.0160,6.2092,9.3178,6.4878,6.4878,6.9561,6.3183,10.0760,6.3561,6.4878,8.5859,9.2914,6.4431,13.1036,16.3011,6.3618,6.2505,6.3618,5.7284,7.2261,6.2935,6.2716,6.0579,5.8935,5.6406,6.2774,6.6314,5.8562,5.8531,5.9329,6.0179,5.8531,6.0930,5.9557,6.9982,5.6717,5.3413,5.6618,4.9883,5.7345,7.7186,6.7887,5.9162,7.6789,8.4118,7.8621,7.4727,5.6695,6.1537,7.7008,7.5017,7.4773,6.0644,12.8237,5.6069,12.5897,5.2535,6.9761,7.2962,12.8237,7.2962,6.7887,5.4947,7.0460,12.5104,12.3033,6.7897,7.1115,6.5356,5.3870,7.4971,5.1794,7.0449,5.2984,6.8187,6.9788,5.2496,5.1076,5.1076,0.8309,4.7624,0.2669,5.2869,0.7261,0.4952,0.5096,0.2853,1.7037,1.7037,0.3767,0.9944,5.1434,0.6953,1.0680,1.0680,0.2440,1.0886,0.0372,0.5961,0.7256,1.9912,0.1816,0.6720,0.4290,0.8356,0.7003,0.3272,0.4378,0.5187,1.3109,0.6770,0.8984,0.9010,0.2602,0.5646,0.3076,0.8596,0.4934,0.0490,0.7750,0.8727,-0.0359,0.4610,0.6510
  Trades/D (P1),,,,split_detail,,0.253,0.253,0.253,0.253,0.398,0.235,0.271,0.404,0.259,0.404,0.392,0.398,0.331,0.343,0.343,0.392,0.325,0.392,0.404,0.343,0.355,0.331,0.331,0.319,0.386,0.367,0.331,0.331,0.386,0.361,0.337,0.331,0.331,0.331,0.337,0.355,0.398,0.392,0.386,0.373,0.386,0.380,0.373,0.295,0.355,0.373,0.416,0.355,0.295,0.410,0.380,0.386,0.428,0.410,0.289,0.361,0.295,0.295,0.416,0.422,0.301,0.301,0.398,0.367,0.398,0.404,0.265,0.422,0.247,0.380,0.380,0.307,0.301,0.392,0.398,0.373,0.398,0.307,0.307,0.307,0.295,0.307,0.398,0.380,0.380,0.428,0.404,0.241,0.241,0.404,0.380,0.392,0.398,0.404,0.410,0.416,0.313,0.398,0.380,0.386,0.386,0.392,0.386,0.392,0.386,0.416,0.392,0.386,0.392,0.313,0.295,0.404,0.398,0.434,0.295,0.410,0.331,0.313,0.307,0.392,0.398,0.398,0.361,0.361,0.398,0.398,0.410,0.410,0.398,0.410,0.398,0.325,0.313,0.410,0.410,0.416,0.392,0.416,0.416,0.380,0.392,0.386,0.416,0.313,0.422,0.331,0.373,0.398,0.373,0.325,0.313,0.313,0.313,0.331,0.331,0.331,0.331,0.331,0.319,0.410,0.482,0.265,0.307,0.313,0.404,0.373,0.404,0.404,0.386,0.416,0.307,0.410,0.404,0.404,0.392,0.458,0.416,0.500,0.331,0.416,0.446,0.416,0.434,0.446,0.518,0.331,0.446,0.325,0.446,0.506,0.536,0.319,0.548,0.548,0.337,0.542,0.440,0.560,0.548,0.428,0.319,0.572,0.361,0.343,0.578,0.554,0.578,0.506,0.343,0.590,0.602,0.602,0.590,0.608,0.596,0.367,0.614,0.620,0.620,0.627,0.620,0.620,0.608,0.373,0.620,0.614,0.627,0.614,0.651,0.994,0.373,0.620,0.970,0.958,1.012,1.030,0.651,0.633,0.982,1.054,0.994,0.386,0.608,0.645,0.602,0.639,1.048,1.048,0.608,1.048,0.373,0.651,1.060,0.620,0.645,0.386,1.060,0.386,0.645,1.042,0.620,1.066,0.633,1.066,1.066,0.620,0.633,0.633,0.548,0.645,0.536,1.127,0.584,0.578,0.578,0.602,0.910,0.910,0.596,0.596,1.151,0.590,0.596,0.596,0.602,0.596,0.608,0.735,0.633,0.892,0.608,0.759,0.627,0.627,0.596,0.614,0.627,0.627,0.759,0.747,0.651,0.608,0.645,0.633,0.633,0.777,0.633,0.651,0.639,0.639,0.657,0.639,0.633
  Profit Fac (P1),,,,split_detail,,4.9729,4.9729,5.0069,5.5126,3.7728,4.4828,4.2136,3.6012,4.8156,3.6088,3.3876,3.3957,5.2192,2.7611,3.2355,3.9165,5.2427,3.9165,3.4090,3.2355,2.6745,4.9291,4.9291,5.5557,3.0199,3.4600,4.9291,2.7221,3.5498,5.1943,2.3498,4.9291,4.9291,4.9291,4.9389,3.3813,3.2619,4.7414,3.6259,2.5951,2.6881,2.6365,3.6773,3.4035,1.8658,3.7254,3.2284,2.2517,3.4035,3.1809,2.8573,3.7382,3.1407,3.1986,3.3979,2.2919,3.4035,3.4035,3.7600,3.1978,3.0894,3.0894,3.7260,3.2729,3.5901,3.2661,1.3903,3.0810,1.2608,4.3703,4.3703,2.9802,3.0894,3.8031,2.4276,4.3836,3.5901,2.9802,2.9802,2.9802,3.4052,3.3811,3.5901,4.3703,4.3613,2.8833,3.6142,1.4316,1.4316,3.6789,4.3283,4.0946,3.4940,3.4943,2.8335,3.7600,3.0866,3.5901,4.3703,1.7156,3.7634,3.9706,3.6803,3.2373,3.6803,3.0289,2.3862,4.0628,3.2443,3.0866,3.3005,3.5750,2.3740,2.9628,3.3005,2.3024,3.2868,3.2432,3.4376,3.9144,3.7701,3.8351,3.9614,3.9614,3.6150,3.6150,3.5639,2.6832,3.6761,3.3160,2.3943,3.1657,3.0489,3.5996,3.5996,2.9663,3.7141,2.8923,3.7600,4.1497,4.0240,4.1902,2.3110,3.0489,3.3233,2.9171,4.2636,3.9434,4.2524,3.1279,3.0489,3.0489,3.0866,3.2479,3.2479,3.1113,3.1113,3.1113,2.9933,3.4283,2.8178,1.3493,1.9385,1.7387,3.6845,3.9191,3.7564,3.6335,3.6973,2.2767,2.9145,3.8073,3.9183,1.7395,3.9976,1.8868,2.3296,2.5303,2.5875,1.7197,1.9160,1.7197,2.4097,1.9160,1.8119,2.5875,2.5131,1.7271,2.5564,1.7619,1.8111,2.7715,1.8665,1.8665,1.7551,1.8346,2.4400,1.8561,1.8665,2.2831,2.6605,1.8713,2.4281,2.5156,1.8601,1.8369,1.8601,1.6689,1.5635,1.8585,1.8452,1.8003,1.7630,1.7472,1.8412,2.0740,1.7611,1.7617,1.7786,1.7975,1.7617,1.8076,1.7946,2.1902,1.7498,1.6272,1.7370,1.5875,1.7581,1.6865,2.1546,1.7255,1.6903,1.7313,1.7185,1.6633,1.7483,1.8233,1.6952,1.6612,1.6697,1.9829,2.2722,1.7344,2.2366,1.6780,1.6021,1.6366,2.2722,1.6366,2.1546,1.7252,1.6205,2.2145,2.2542,2.1360,1.6235,2.0799,1.6951,1.6628,1.6388,1.6185,1.6738,1.6008,1.6118,1.6600,1.6429,1.6429,1.1047,1.5941,1.0353,1.4448,1.0906,1.0663,1.0684,1.0373,1.1523,1.1523,1.0502,1.1270,1.4399,1.0878,1.1389,1.1389,1.0316,1.1422,1.0043,1.0535,1.0899,1.1773,1.0237,1.0595,1.0567,1.1049,1.0870,1.0400,1.0525,1.0646,1.1175,1.0602,1.1144,1.1142,1.0342,1.0694,1.0399,1.0751,1.0598,1.0065,1.0957,1.1102,0.9953,1.0565,1.0800
  Max DD (P1),,,,split_detail,,"$4,151.00","$4,151.00","$4,151.00","$3,662.00","$6,838.50","$3,994.00","$3,924.50","$7,673.50","$4,151.00","$7,673.50","$10,360.00","$10,360.00","$5,775.00","$9,092.50","$6,694.00","$3,985.00","$4,440.00","$3,985.00","$10,618.50","$6,694.00","$9,953.00","$4,440.00","$4,440.00","$3,780.00","$12,408.50","$8,291.00","$4,440.00","$9,092.50","$4,205.00","$3,845.00","$13,388.00","$4,440.00","$4,440.00","$4,440.00","$4,440.00","$6,694.00","$10,360.00","$3,530.00","$5,360.00","$10,732.50","$8,727.50","$8,727.50","$4,755.00","$10,284.50","$18,337.50","$3,825.00","$7,618.50","$13,388.00","$10,284.50","$10,360.00","$12,408.50","$4,385.00","$7,850.50","$9,978.50","$10,284.50","$15,028.00","$10,284.50","$10,284.50","$3,985.00","$6,838.50","$11,854.50","$11,854.50","$3,960.00","$6,694.00","$3,825.00","$5,128.00","$7,552.00","$7,850.50","$10,040.50","$3,095.00","$3,095.00","$11,854.50","$11,854.50","$4,205.00","$10,102.50","$3,095.00","$3,825.00","$11,854.50","$11,854.50","$11,854.50","$9,944.50","$10,404.50","$3,825.00","$3,095.00","$3,095.00","$7,869.50","$4,205.00","$7,678.50","$7,678.50","$4,435.00","$3,095.00","$3,680.00","$4,435.00","$3,875.00","$10,360.00","$3,985.00","$5,914.50","$3,825.00","$3,095.00","$20,908.50","$3,765.00","$3,765.00","$4,555.00","$7,488.00","$4,555.00","$5,360.00","$10,367.50","$3,765.00","$7,488.00","$5,914.50","$9,874.50","$4,385.00","$10,537.50","$11,103.50","$9,874.50","$11,442.50","$5,852.00","$5,914.50","$9,994.50","$3,765.00","$4,205.00","$3,765.00","$3,924.50","$3,924.50","$3,555.00","$3,555.00","$3,680.00","$8,135.50","$3,825.00","$6,694.00","$10,224.00","$5,914.50","$5,914.50","$4,385.00","$4,385.00","$8,613.00","$3,545.00","$7,488.00","$3,985.00","$3,095.00","$3,095.00","$3,095.00","$11,463.00","$5,914.50","$6,655.00","$8,069.50","$3,095.00","$3,680.00","$3,095.00","$5,914.50","$5,914.50","$5,914.50","$5,914.50","$5,852.00","$5,852.00","$6,028.50","$6,028.50","$6,028.50","$5,914.50","$3,765.00","$4,755.00","$8,564.00","$6,202.00","$5,785.50","$3,765.00","$3,095.00","$3,765.00","$3,555.00","$3,545.00","$11,293.00","$11,082.50","$3,435.00","$3,095.00","$20,642.00","$3,095.00","$12,065.50","$11,463.00","$6,438.50","$7,456.00","$18,647.00","$14,010.50","$18,647.00","$10,537.50","$14,010.50","$15,082.00","$7,456.00","$9,918.00","$6,202.00","$9,918.00","$16,637.50","$14,023.50","$11,202.50","$12,468.00","$12,468.00","$6,226.00","$14,023.50","$10,054.00","$12,468.00","$12,468.00","$14,519.50","$11,202.50","$12,468.00","$7,251.00","$8,630.50","$12,468.00","$13,548.00","$12,468.00","$19,565.50","$10,343.50","$12,335.00","$12,468.00","$12,468.00","$14,023.50","$15,009.50","$12,335.00","$11,805.50","$14,023.50","$14,023.50","$12,468.00","$12,468.00","$14,023.50","$12,468.00","$14,023.50","$10,953.00","$14,515.00","$20,388.00","$15,350.00","$20,420.00","$14,381.00","$11,974.00","$10,953.00","$16,552.00","$12,549.00","$12,724.00","$11,974.00","$12,795.50","$14,690.50","$12,468.00","$12,549.00","$13,980.50","$12,854.00","$12,204.00","$10,881.50","$14,381.00","$10,881.50","$16,428.00","$14,025.50","$15,014.00","$10,881.50","$15,014.00","$10,953.00","$14,690.50","$14,025.50","$10,881.50","$10,881.50","$10,953.00","$15,239.00","$12,040.50","$17,316.50","$13,870.50","$19,306.50","$15,239.00","$17,800.50","$13,995.50","$15,014.00","$17,800.50","$17,800.50","$17,800.50","$10,368.50","$19,713.50","$12,445.00","$17,647.50","$12,057.00","$12,578.00","$12,578.00","$12,578.00","$12,700.50","$12,700.50","$12,445.00","$12,057.00","$18,247.50","$12,057.00","$12,057.00","$12,057.00","$14,133.50","$12,057.00","$12,057.00","$12,507.50","$12,057.00","$11,180.50","$14,133.50","$12,662.50","$12,578.00","$12,057.00","$12,057.00","$12,057.00","$12,057.00","$12,057.00","$12,507.50","$12,507.50","$12,057.00","$12,057.00","$14,491.00","$12,057.00","$12,578.00","$14,419.50","$12,057.00","$14,507.00","$12,057.00","$12,057.00","$14,507.00","$12,057.00","$12,057.00"
  Total PNL (P1),,,,split_detail,,"$49,848.50","$49,848.50","$49,933.50","$52,494.50","$60,462.50","$51,022.00","$51,447.50","$61,478.00","$49,438.50","$61,658.00","$56,992.00","$57,185.50","$61,039.50","$48,568.00","$56,219.50","$58,092.50","$62,141.00","$58,092.50","$56,675.50","$56,219.50","$48,971.00","$61,209.00","$61,209.00","$62,966.00","$53,301.00","$58,321.00","$61,209.00","$46,693.50","$56,987.00","$62,999.00","$42,398.00","$61,209.00","$61,209.00","$61,209.00","$61,361.50","$60,565.00","$57,856.00","$63,785.00","$61,304.50","$47,341.00","$50,101.00","$48,623.00","$62,708.00","$47,435.00","$30,599.00","$58,040.50","$58,004.50","$41,054.00","$47,435.00","$57,062.50","$49,010.00","$57,142.50","$58,012.50","$56,946.00","$47,325.00","$41,707.00","$47,435.00","$47,435.00","$58,817.50","$57,329.50","$44,516.50","$44,516.50","$59,059.00","$59,554.50","$58,765.50","$57,984.50","$8,267.50","$56,759.00","$5,163.50","$62,542.50","$62,542.50","$43,736.00","$44,516.50","$60,036.00","$46,818.00","$63,421.00","$58,765.50","$43,736.00","$43,736.00","$43,736.00","$49,590.50","$47,304.50","$58,765.50","$62,542.50","$63,325.00","$56,190.00","$58,916.50","$7,525.50","$7,525.50","$55,519.00","$62,362.50","$60,842.50","$54,132.00","$56,591.50","$49,314.00","$58,817.50","$46,654.00","$58,765.50","$62,542.50","$28,167.50","$58,090.00","$60,228.50","$55,665.00","$56,936.00","$55,665.00","$56,702.50","$45,916.00","$60,688.50","$57,116.00","$46,654.00","$47,073.50","$56,466.50","$45,746.00","$54,446.50","$47,073.50","$45,060.50","$49,676.50","$47,564.00","$49,785.00","$59,937.50","$59,848.50","$59,512.50","$57,515.50","$57,515.50","$57,349.00","$57,349.00","$56,727.00","$48,094.50","$59,296.50","$65,563.50","$46,028.00","$48,444.50","$45,809.50","$57,867.50","$57,867.50","$54,439.00","$59,523.00","$53,900.50","$58,817.50","$62,000.00","$61,746.00","$62,556.00","$46,441.00","$45,809.50","$60,698.50","$47,848.00","$62,855.00","$59,730.50","$62,663.00","$47,600.00","$45,809.50","$45,809.50","$46,654.00","$48,832.00","$48,832.00","$47,480.00","$47,480.00","$47,480.00","$45,394.50","$55,852.00","$61,568.50","$7,781.50","$19,103.50","$15,785.50","$56,361.00","$58,198.00","$59,072.50","$57,755.50","$59,602.00","$45,906.50","$47,192.50","$59,961.50","$60,566.50","$29,427.00","$61,251.00","$38,067.50","$46,723.00","$57,561.00","$41,278.50","$31,417.50","$39,430.50","$31,417.50","$48,373.00","$39,430.50","$38,963.00","$41,278.50","$51,446.50","$16,310.00","$52,572.50","$36,565.50","$39,537.50","$44,485.50","$42,240.00","$42,240.00","$16,492.00","$40,684.50","$48,782.50","$42,050.50","$42,240.00","$46,088.00","$43,342.00","$43,218.50","$40,510.50","$41,136.50","$42,918.50","$40,584.50","$42,918.50","$32,580.50","$13,496.50","$42,855.50","$43,382.50","$41,539.50","$39,604.00","$39,742.00","$42,887.00","$34,006.00","$40,528.50","$40,769.00","$41,461.50","$42,464.00","$40,769.00","$42,764.00","$41,247.00","$36,335.50","$40,252.00","$36,269.00","$40,439.00","$33,679.50","$41,837.00","$49,020.50","$35,247.50","$40,845.00","$48,745.00","$51,968.50","$51,211.00","$48,896.00","$41,527.50","$43,840.00","$49,341.50","$50,401.50","$48,159.00","$33,382.50","$55,142.50","$40,527.00","$53,600.50","$37,955.00","$45,893.00","$46,792.50","$55,142.50","$46,792.50","$35,247.50","$40,247.50","$47,216.00","$54,014.00","$54,591.00","$35,817.00","$45,425.00","$34,719.00","$39,126.50","$50,095.00","$36,664.50","$45,200.00","$37,722.50","$46,188.50","$44,883.50","$36,751.00","$36,171.00","$36,171.00","$4,852.00","$34,409.50","$1,693.50","$35,253.50","$4,426.50","$3,327.00","$3,423.50","$1,948.00","$9,896.50","$9,896.50","$2,556.00","$6,192.50","$35,459.50","$4,299.50","$6,702.50","$6,702.50","$1,667.00","$6,841.50",$228.50,"$2,899.50","$4,640.50","$11,489.50","$1,247.50","$3,290.00","$3,022.50","$5,334.50","$4,310.00","$2,049.00","$2,758.00","$3,312.00","$6,505.50","$3,315.00","$5,906.00","$5,661.00","$1,876.00","$3,611.00","$2,164.50","$4,323.50","$3,138.00",$357.50,"$4,996.00","$5,676.50",$-262.50,"$2,973.50","$4,164.00"
  Avg Profit/Tr (P1),,,,split_detail,,"$1,186.87","$1,186.87","$1,188.89","$1,249.87",$916.10,"$1,308.26","$1,143.28",$917.58,"$1,149.73",$920.27,$876.80,$866.45,"$1,109.81",$852.07,$986.31,$893.73,"$1,150.76",$893.73,$845.90,$986.31,$830.02,"$1,112.89","$1,112.89","$1,188.04",$832.83,$956.08,"$1,112.89",$848.97,$890.42,"$1,049.98",$757.11,"$1,112.89","$1,112.89","$1,112.89","$1,095.74","$1,026.53",$876.61,$981.31,$957.88,$763.56,$782.83,$771.79,"$1,011.42",$968.06,$518.63,$936.14,$840.64,$695.83,$968.06,$839.15,$777.94,$892.85,$817.08,$837.44,$985.94,$695.12,$968.06,$968.06,$852.43,$818.99,$890.33,$890.33,$894.83,$976.30,$890.39,$865.44,$187.90,$810.84,$125.94,$992.74,$992.74,$857.57,$890.33,$923.63,$709.36,"$1,022.92",$890.39,$857.57,$857.57,$857.57,"$1,012.05",$927.54,$890.39,$992.74,"$1,005.16",$791.41,$879.35,$188.14,$188.14,$828.64,$989.88,$936.04,$820.18,$844.65,$725.21,$852.43,$897.19,$890.39,$992.74,$440.12,$907.66,$926.59,$869.77,$875.94,$869.77,$821.78,$706.40,$948.26,$878.71,$897.19,$960.68,$842.78,$693.12,$756.20,$960.68,$662.65,$903.21,$914.69,$976.18,$922.12,$906.80,$901.70,$958.59,$958.59,$868.92,$868.92,$834.22,$707.27,$898.43,$964.17,$697.39,$897.12,$880.95,$850.99,$850.99,$788.97,$915.74,$781.17,$852.43,$984.13,$949.94,$977.44,$673.06,$880.95,$867.12,$869.96,"$1,013.79",$905.01,"$1,010.69",$881.48,$880.95,$880.95,$897.19,$887.85,$887.85,$863.27,$863.27,$863.27,$856.50,$821.35,$769.61,$176.85,$374.58,$303.57,$841.21,$938.68,$881.68,$862.02,$931.28,$665.31,$925.34,$881.79,$903.98,$439.21,$942.32,$500.89,$677.14,$693.51,$750.52,$455.33,$532.84,$455.33,$671.85,$532.84,$453.06,$750.52,$695.22,$302.04,$710.44,$435.30,$444.24,$839.35,$464.18,$464.18,$294.50,$452.05,$668.25,$452.16,$464.18,$649.13,$817.77,$454.93,$675.17,$721.69,$447.07,$441.14,$447.07,$387.86,$236.78,$437.30,$433.82,$415.39,$404.12,$393.49,$433.20,$557.48,$397.34,$395.82,$402.54,$408.31,$395.82,$415.18,$408.39,$586.06,$390.80,$355.58,$388.84,$330.19,$387.38,$297.09,$568.51,$396.55,$302.76,$326.85,$304.83,$285.94,$384.51,$417.52,$302.71,$288.01,$291.87,$521.60,$545.97,$378.76,$536.00,$358.07,$263.75,$268.92,$545.97,$268.92,$568.51,$372.66,$268.27,$524.41,$510.20,$559.64,$258.10,$542.48,$365.67,$289.57,$355.97,$255.37,$359.26,$260.95,$253.58,$356.81,$344.49,$344.49,$53.32,$321.58,$19.03,$188.52,$45.63,$34.66,$35.66,$19.48,$65.54,$65.54,$25.82,$62.55,$185.65,$43.87,$67.70,$67.70,$16.67,$69.11,$2.26,$23.77,$44.20,$77.63,$12.35,$26.11,$29.06,$51.29,$43.54,$20.09,$26.52,$31.85,$51.63,$26.73,$54.69,$56.05,$17.53,$34.39,$20.61,$33.52,$29.89,$3.31,$47.13,$53.55,$-2.41,$28.05,$39.66
  Span (min) (P1),,,,split_detail,,6891.43,6891.43,6890.36,6897.86,4451.27,7415.38,6450.67,4376.60,6731.86,4378.57,4511.26,4445.27,5302.09,5117.89,5108.42,4519.38,5411.67,4519.38,4362.09,5108.42,4941.54,5316.27,5316.27,5512.36,4545.00,4782.30,5316.27,5292.18,4605.47,4884.25,5198.61,5316.27,5316.27,5316.27,5226.96,4945.42,4430.73,4523.31,4578.00,4716.06,4572.95,4643.48,4713.48,5890.00,4921.93,4750.16,4251.65,4943.31,5890.00,4296.00,4614.10,4597.97,4140.00,4289.82,6012.12,4863.52,5890.00,5890.00,4272.17,4190.40,5769.96,5769.96,4474.77,4788.00,4477.73,4379.28,186.55,4193.83,183.22,4662.14,4662.14,5655.18,5769.96,4540.62,4435.76,4739.03,4477.73,5655.18,5655.18,5655.18,5908.57,5668.63,4477.73,4662.14,4664.52,4136.96,4411.34,183.60,183.60,4386.72,4661.90,4509.69,4454.55,4407.09,4304.12,4272.17,5572.27,4477.73,4662.14,4551.22,4578.98,4511.77,4595.86,4484.86,4595.86,4258.26,4502.00,4584.61,4486.89,5572.27,5897.43,4396.57,4435.76,4049.67,5897.43,4309.12,5287.93,5574.96,5685.92,4514.31,4475.68,4446.59,4887.25,4887.25,4475.68,4475.68,4313.60,4323.18,4477.50,4309.76,4438.12,5376.26,5569.85,4342.50,4342.50,4225.74,4548.46,4232.00,4272.17,4665.95,4523.54,4592.81,4244.78,5569.85,4185.77,5281.82,4738.79,4443.18,4748.95,5373.93,5569.85,5569.85,5572.27,5285.64,5285.64,5279.27,5279.27,5279.27,5467.40,4318.24,3682.50,189.55,190.59,189.69,4374.63,4727.90,4381.34,4409.33,4622.81,4248.36,5679.61,4329.26,4393.43,4359.40,4524.23,3855.16,4247.04,3554.46,5297.18,4239.65,3959.68,4239.65,4082.36,3959.68,3414.42,5297.18,3975.89,190.89,3978.70,3492.14,3300.27,5464.75,3231.69,3231.69,194.36,3266.40,4027.51,3164.77,3231.69,4136.93,5457.62,3102.19,4873.00,5096.74,3070.50,3202.96,3070.50,3490.96,164.42,3017.27,2955.24,2956.08,3014.94,2932.28,2987.03,4759.43,2903.18,2875.34,2873.36,2848.73,2875.34,2875.81,2928.95,4695.97,2877.44,2899.64,2854.62,2900.40,2750.11,1817.20,4695.48,2873.25,1860.17,1888.24,1788.33,1755.57,2750.22,2825.37,1839.15,1723.76,1818.64,4563.52,2912.00,2773.23,2938.60,2799.74,1727.31,1727.63,2912.00,1727.63,4695.48,2751.33,1712.06,2856.14,2751.98,4561.88,1706.89,4549.22,2771.21,1741.75,2873.25,1697.48,2824.91,1703.81,1697.80,2873.01,2822.17,2822.17,145.45,2772.79,146.43,1607.38,141.65,148.00,148.25,150.48,118.49,118.49,149.70,141.45,1576.14,140.08,141.09,141.09,151.56,140.85,146.14,120.72,147.09,123.07,147.45,119.56,150.92,143.08,143.15,140.24,146.88,140.65,122.22,120.81,144.56,147.09,147.59,143.66,146.51,121.98,145.83,151.56,143.55,142.98,154.13,141.17,141.71
  Sortino (P3),,,,split_detail,,-9.8176,-9.8176,-10.3682,-11.5845,1.6855,-7.0927,-6.1906,-2.2747,-11.7048,-2.0510,0.8422,0.8422,-10.2127,4.6429,-5.2141,-12.1563,-10.0065,-12.1563,0.9984,-5.2951,4.3644,-10.7410,-10.7410,-9.3091,1.6671,-3.6287,-10.3306,4.7248,-11.0121,-9.9634,4.3184,-10.8864,-10.8864,-10.8864,-10.8864,-4.7982,-4.3534,-8.9544,-0.4501,3.2124,3.2124,4.1811,-4.3491,-3.3322,7.1217,-10.9062,-2.1132,3.4172,-3.4894,-2.6502,-1.7590,-11.2804,-2.4847,-3.8230,-3.6944,4.1811,-3.6944,-3.6944,-12.2805,-3.0043,-3.3322,-3.3322,-11.0358,-5.0511,-10.5265,-2.1029,-4.2043,-2.1038,-3.4875,-6.7740,-6.7740,-2.0601,-3.3322,-9.8278,3.6510,-6.3682,-10.8658,-2.6018,-2.6018,-2.6018,-5.2072,-3.1655,-10.8658,-6.7202,-7.2684,-0.6250,-10.6763,-4.0000,-4.0000,-11.5330,-6.9498,-9.2796,-11.8428,-10.0131,-0.3723,-11.1462,-3.4181,-10.4051,-7.3078,5.8057,-6.2466,-7.9905,-11.1994,-2.0884,-11.1994,0.3365,3.1942,-6.3859,-2.9725,-3.4181,-4.0792,-11.9204,2.8982,-1.1311,-3.9237,3.4586,-0.1969,-2.2688,-2.9979,-7.4624,-9.8238,-7.5044,-5.7452,-5.7452,-10.1382,-10.1382,-9.1484,2.3658,-10.5129,-6.1897,4.1419,-0.8194,-0.9894,-10.8767,-10.8767,-1.1798,-10.3054,-2.4105,-11.9442,-5.6928,-6.5111,-6.0568,2.8982,-1.0150,-4.2994,-0.1180,-5.7100,-7.9509,-5.5095,-1.0150,-1.0150,-1.0150,-0.8194,-0.3874,-0.3874,-1.0150,-1.0150,-1.0150,-2.6482,-7.9430,-4.6613,-4.4185,-4.5131,-3.1271,-8.4611,-5.9116,-7.7387,-9.8964,-9.5418,4.3949,-1.3973,-7.5150,-6.9929,-5.2762,-6.2536,-4.3626,3.8263,-4.8341,-4.3414,-3.2170,-5.9532,-2.2771,3.5451,-6.3349,-3.2964,-4.3414,3.5638,-1.7055,3.6783,-2.7712,-2.7734,-0.6647,-2.6724,-2.9494,-3.5279,-2.5718,4.7653,-3.0353,-3.2571,4.2980,-1.8883,-1.8990,-4.1294,-3.2466,-2.2495,-2.5209,-2.2495,-0.9847,-0.2023,-2.1651,-3.9303,-2.0304,-1.9239,-1.4655,-4.1767,-1.1138,-1.9041,-2.1052,-2.1067,-1.6627,-2.1052,-2.3446,-2.5885,-0.8596,-2.1239,-1.6501,-1.7185,-1.4986,-1.7797,-3.0670,-1.6857,-1.6005,-3.2860,-3.0090,-3.4532,-3.2960,-1.9820,-2.0603,-3.2139,-3.3188,-2.9139,-1.4406,-4.4279,-2.2574,-4.4754,-2.2795,-2.9491,-3.5327,-4.7688,-3.6016,-1.6857,-2.0895,-3.2804,-4.5039,-4.0681,-1.5882,-4.0740,-1.8955,-4.8237,-3.4860,-1.2914,-4.0740,-3.7497,-3.2096,-4.0379,-5.6257,-4.7866,-4.7866,-3.9208,-3.9483,-3.3349,-4.1932,-3.8353,-1.8688,-2.0870,-1.6142,-2.9779,-2.9779,-2.8906,-3.9361,-4.2326,-3.9803,-4.7333,-4.7333,-4.1203,-4.7333,-2.9490,-3.0100,-3.8761,-3.2198,-3.1379,-2.6308,-2.9198,-4.0041,-3.9841,-4.2761,-3.1532,-4.6644,-2.8582,-2.6112,-4.0041,-3.9841,-2.6908,-3.7091,-2.5188,-2.8582,-3.9575,-4.2989,-3.7007,-4.3396,-4.2989,-4.3396,-3.7091
  Trades/D (P3),,,,split_detail,,0.323,0.323,0.323,0.335,0.323,0.293,0.329,0.354,0.372,0.348,0.329,0.329,0.421,0.433,0.409,0.488,0.415,0.488,0.341,0.415,0.445,0.427,0.427,0.409,0.348,0.384,0.421,0.433,0.470,0.470,0.445,0.433,0.433,0.433,0.433,0.415,0.360,0.457,0.348,0.470,0.470,0.470,0.384,0.384,0.470,0.470,0.384,0.470,0.390,0.366,0.360,0.488,0.348,0.372,0.396,0.470,0.396,0.396,0.506,0.384,0.384,0.384,0.494,0.421,0.488,0.378,0.323,0.372,0.280,0.439,0.439,0.372,0.384,0.476,0.476,0.433,0.488,0.378,0.378,0.378,0.360,0.384,0.488,0.463,0.451,0.384,0.488,0.274,0.274,0.494,0.451,0.470,0.494,0.500,0.348,0.500,0.354,0.494,0.457,0.494,0.445,0.476,0.482,0.378,0.482,0.360,0.506,0.457,0.372,0.354,0.384,0.500,0.512,0.402,0.384,0.488,0.360,0.372,0.372,0.470,0.482,0.476,0.445,0.445,0.500,0.500,0.457,0.317,0.500,0.427,0.506,0.360,0.360,0.512,0.512,0.384,0.494,0.384,0.512,0.457,0.470,0.457,0.512,0.360,0.457,0.378,0.470,0.482,0.457,0.360,0.360,0.360,0.360,0.360,0.360,0.360,0.360,0.360,0.372,0.457,0.445,0.317,0.341,0.335,0.488,0.445,0.476,0.506,0.488,0.506,0.360,0.482,0.470,0.476,0.476,0.512,0.506,0.470,0.451,0.494,0.512,0.500,0.524,0.518,0.628,0.451,0.524,0.335,0.524,0.561,0.573,0.372,0.585,0.573,0.329,0.579,0.524,0.591,0.591,0.518,0.378,0.610,0.506,0.378,0.610,0.659,0.610,0.604,0.335,0.628,0.646,0.634,0.628,0.622,0.671,0.482,0.646,0.701,0.646,0.652,0.701,0.646,0.634,0.470,0.640,0.683,0.634,0.683,0.659,0.976,0.482,0.701,0.939,0.921,0.988,1.018,0.677,0.646,0.951,1.030,0.951,0.476,0.640,0.652,0.628,0.659,1.030,1.018,0.646,1.024,0.482,0.695,1.043,0.646,0.695,0.482,1.043,0.500,0.677,1.024,0.707,1.043,0.695,1.043,1.049,0.634,0.659,0.659,0.585,0.701,0.573,1.098,0.616,0.616,0.616,0.640,0.902,0.902,0.634,0.622,1.116,0.628,0.628,0.628,0.640,0.628,0.634,0.762,0.640,0.890,0.640,0.780,0.671,0.671,0.640,0.652,0.659,0.659,0.780,0.774,0.671,0.640,0.646,0.659,0.652,0.780,0.652,0.677,0.683,0.671,0.677,0.671,0.659
  Profit Fac (P3),,,,split_detail,,0.4470,0.4470,0.4361,0.4232,1.1011,0.5662,0.5775,0.8804,0.4053,0.8932,1.0510,1.0510,0.4903,1.3489,0.6963,0.4689,0.4604,0.4689,1.0484,0.6893,1.3376,0.4413,0.4413,0.4670,1.0918,0.7916,0.4515,1.3527,0.4915,0.4994,1.3136,0.4256,0.4256,0.4256,0.4256,0.7039,0.7987,0.5150,0.9752,1.2349,1.2349,1.3241,0.7661,0.7827,1.5282,0.4964,0.8776,1.2524,0.7766,0.8671,0.9083,0.4563,0.8716,0.8126,0.7650,1.3241,0.7650,0.7650,0.4500,0.8338,0.7827,0.7827,0.4417,0.6981,0.4852,0.8777,0.7634,0.8833,0.7890,0.5462,0.5462,0.8547,0.7827,0.5121,1.2704,0.5755,0.4816,0.8222,0.8222,0.8222,0.6969,0.7936,0.4816,0.5532,0.5408,0.9679,0.4895,0.7799,0.7799,0.4588,0.5336,0.4767,0.4458,0.5014,0.9797,0.4448,0.8081,0.4974,0.5205,1.4198,0.6036,0.5105,0.4424,0.8926,0.4424,1.0191,1.2309,0.5615,0.8497,0.8081,0.7501,0.4500,1.2010,0.9281,0.7584,1.2525,0.9885,0.8753,0.8122,0.5195,0.5077,0.5199,0.6027,0.6027,0.4964,0.4964,0.5026,1.1296,0.4308,0.6374,1.3171,0.9533,0.9435,0.4585,0.4585,0.9341,0.4920,0.8773,0.4586,0.6129,0.5752,0.5977,1.2010,0.9422,0.7445,0.9932,0.6170,0.5458,0.6158,0.9422,0.9422,0.9422,0.9533,0.9774,0.9774,0.9422,0.9422,0.9422,0.8544,0.5098,0.7140,0.7472,0.7568,0.8257,0.5222,0.6116,0.5165,0.5033,0.5446,1.3354,0.9012,0.5200,0.5478,0.7345,0.5922,0.7711,1.2898,0.7113,0.7404,0.8252,0.7165,0.8748,1.2634,0.7033,0.8170,0.7404,1.2654,0.8999,1.2740,0.8390,0.8399,0.9520,0.8444,0.8157,0.8063,0.8352,1.3549,0.8269,0.8010,1.3334,0.8664,0.8868,0.7471,0.8261,0.8569,0.8558,0.8569,0.9371,0.9895,0.8728,0.7791,0.8697,0.8749,0.9074,0.7675,0.9167,0.8752,0.8819,0.8651,0.8994,0.8819,0.8519,0.8395,0.9259,0.8646,0.8927,0.8941,0.9002,0.8931,0.8087,0.8589,0.8959,0.7896,0.8150,0.7886,0.7930,0.8743,0.8799,0.7915,0.7982,0.8089,0.8909,0.7217,0.8701,0.7177,0.8546,0.8178,0.7918,0.7017,0.7879,0.8589,0.8678,0.8012,0.7142,0.7351,0.8761,0.7615,0.8693,0.7224,0.7862,0.9163,0.7615,0.7781,0.7976,0.7615,0.6905,0.7345,0.7345,0.7975,0.7686,0.8307,0.7522,0.8087,0.9032,0.8767,0.9157,0.8180,0.8180,0.8545,0.8051,0.7519,0.7974,0.7643,0.7643,0.7912,0.7643,0.8494,0.8127,0.8077,0.7974,0.8450,0.8389,0.8532,0.8008,0.8009,0.7825,0.8357,0.7685,0.8220,0.8386,0.8008,0.8009,0.8638,0.8151,0.8713,0.8220,0.8039,0.7883,0.8125,0.7806,0.7883,0.7806,0.8151
  Max DD (P3),,,,split_detail,,"$15,115.50","$15,115.50","$15,751.00","$17,318.50","$7,167.50","$12,403.00","$14,126.50","$9,338.50","$18,681.50","$8,994.50","$7,167.50","$7,167.50","$19,812.00","$4,379.50","$8,408.50","$22,215.50","$22,034.00","$22,215.50","$6,222.50","$8,408.50","$4,013.00","$23,574.50","$23,574.50","$20,865.50","$5,012.50","$5,367.00","$22,734.50","$4,379.50","$21,470.50","$20,844.50","$4,013.00","$24,155.50","$24,155.50","$24,155.50","$24,155.50","$8,400.00","$8,860.00","$19,210.00","$7,735.00","$4,013.00","$4,013.00","$4,013.00","$6,729.50","$8,976.50","$5,013.50","$21,289.00","$7,301.00","$4,013.00","$9,231.00","$7,513.50","$7,034.50","$23,285.50","$9,546.50","$6,977.00","$9,589.00","$4,013.00","$9,589.00","$9,589.00","$23,404.50","$7,588.00","$8,976.50","$8,976.50","$24,165.00","$8,138.50","$21,973.00","$6,656.00","$6,456.00","$7,571.00","$6,664.00","$17,190.50","$17,190.50","$8,776.50","$8,976.50","$20,286.00","$3,846.00","$16,105.00","$22,427.00","$9,616.50","$9,616.50","$9,616.50","$12,016.00","$8,725.50","$22,427.00","$17,656.50","$18,067.50","$6,066.00","$21,966.00","$6,998.50","$6,998.50","$22,940.50","$17,922.50","$18,657.50","$23,847.00","$21,607.00","$6,622.00","$23,992.50","$5,777.50","$21,890.00","$18,720.50","$4,897.50","$14,854.50","$17,976.00","$23,593.50","$5,573.00","$23,593.50","$6,701.50","$4,220.00","$16,889.00","$6,609.50","$5,777.50","$10,064.00","$23,669.00","$4,865.00","$5,533.50","$9,716.00","$3,846.00","$3,797.50","$4,370.50","$9,005.00","$17,497.50","$20,602.50","$17,669.00","$16,527.00","$16,527.00","$21,983.00","$21,983.00","$17,885.50","$4,694.50","$26,744.00","$10,804.50","$4,220.00","$3,801.50","$3,801.50","$23,689.50","$23,689.50","$5,743.00","$21,786.00","$5,994.50","$23,078.50","$15,364.00","$17,133.50","$15,894.00","$4,865.00","$3,801.50","$9,857.50","$8,179.50","$16,308.00","$17,551.00","$15,228.00","$3,801.50","$3,801.50","$3,801.50","$3,801.50","$3,797.50","$3,797.50","$3,801.50","$3,801.50","$3,801.50","$4,608.00","$17,975.50","$10,483.00","$5,427.50","$6,257.00","$5,343.00","$18,851.50","$15,170.00","$17,970.50","$21,601.50","$19,587.50","$4,220.00","$9,105.00","$19,736.00","$18,613.00","$12,340.00","$17,713.00","$11,329.00","$4,220.00","$10,834.00","$11,773.50","$9,156.50","$12,469.00","$8,661.00","$4,316.50","$13,086.00","$13,447.50","$11,773.50","$4,274.50","$5,190.00","$4,220.00","$10,251.50","$10,687.00","$8,496.50","$10,596.00","$10,533.50","$6,085.50","$9,825.50","$4,220.00","$10,943.50","$10,915.50","$4,220.00","$9,399.00","$10,390.00","$12,420.00","$5,365.00","$10,445.50","$13,024.00","$10,445.50","$9,221.50","$5,012.50","$11,722.00","$13,157.00","$10,817.50","$10,563.00","$13,060.50","$15,188.50","$9,749.50","$10,613.00","$14,493.50","$11,054.00","$10,812.00","$14,493.50","$11,575.50","$12,032.00","$9,593.50","$11,153.50","$10,779.00","$13,683.50","$10,981.50","$11,066.00","$14,595.00","$9,593.50","$11,321.50","$14,734.50","$13,147.50","$15,100.50","$14,443.50","$10,867.50","$11,450.50","$14,734.50","$13,449.00","$14,396.00","$10,088.00","$13,042.50","$11,984.50","$12,064.00","$11,749.50","$13,147.50","$14,927.00","$13,502.50","$15,187.00","$9,593.50","$10,914.00","$14,380.50","$13,302.50","$15,047.50","$10,132.00","$15,933.00","$9,163.50","$16,224.50","$14,069.00","$10,591.50","$15,933.00","$15,803.00","$14,042.00","$15,936.50","$17,706.00","$17,077.00","$17,077.00","$10,580.00","$16,337.00","$10,520.50","$16,378.50","$12,042.50","$10,783.50","$10,783.50","$11,155.50","$14,789.00","$14,789.00","$11,892.00","$11,730.50","$16,658.50","$11,354.00","$11,521.00","$11,521.00","$13,151.00","$11,521.00","$12,082.50","$14,296.50","$13,006.00","$14,651.00","$12,342.00","$13,534.00","$11,392.00","$12,776.50","$12,256.50","$12,134.00","$11,898.00","$12,807.50","$13,547.50","$13,211.00","$12,776.50","$12,256.50","$11,634.00","$12,339.00","$11,364.00","$13,547.50","$13,242.50","$13,595.50","$12,320.00","$12,351.00","$13,595.50","$12,351.00","$12,339.00"
  Total PNL (P3),,,,split_detail,,"$-14,593.50","$-14,593.50","$-15,229.00","$-16,056.00","$1,962.00","$-7,782.50","$-9,947.50","$-2,864.00","$-18,900.00","$-2,520.00","$1,015.00","$1,015.00","$-16,646.00","$7,584.50","$-8,587.50","$-19,491.00","$-19,202.50","$-19,491.00",$937.00,"$-8,876.00","$7,492.50","$-20,743.00","$-20,743.00","$-18,034.00","$1,690.50","$-5,201.00","$-19,903.00","$7,645.00","$-18,876.50","$-17,882.50","$7,088.00","$-21,324.00","$-21,324.00","$-21,324.00","$-21,324.00","$-8,230.00","$-5,089.00","$-16,378.50",$-572.50,"$5,740.50","$5,740.50","$7,605.00","$-6,006.00","$-5,018.00","$11,879.50","$-18,695.00","$-3,259.00","$6,084.00","$-5,272.50","$-3,078.50","$-1,886.50","$-20,561.00","$-3,086.00","$-4,597.00","$-5,630.50","$7,605.00","$-5,630.50","$-5,630.50","$-20,810.50","$-4,578.00","$-5,018.00","$-5,018.00","$-21,333.50","$-8,606.00","$-19,379.00","$-3,254.50","$-5,124.50","$-3,127.00","$-3,988.00","$-14,083.50","$-14,083.50","$-3,093.50","$-5,018.00","$-17,692.00","$6,609.00","$-12,998.00","$-19,833.00","$-3,933.50","$-3,933.50","$-3,933.50","$-7,670.50","$-4,767.00","$-19,833.00","$-14,549.50","$-14,960.50",$-789.50,"$-19,372.00","$-4,207.50","$-4,207.50","$-20,216.00","$-14,815.50","$-15,552.00","$-21,122.50","$-18,946.50",$-432.00,"$-21,398.50","$-3,836.00","$-19,229.50","$-15,613.50","$10,193.50","$-11,727.50","$-14,870.50","$-20,869.00","$-2,589.00","$-20,869.00",$447.00,"$5,974.00","$-13,782.00","$-3,625.50","$-3,836.00","$-6,105.50","$-20,944.50","$5,329.00","$-1,723.50","$-5,757.50","$6,283.00",$-230.50,"$-2,753.50","$-4,695.50","$-14,197.00","$-18,008.50","$-14,368.50","$-12,133.50","$-12,133.50","$-19,322.50","$-19,322.50","$-14,780.00","$2,122.00","$-24,083.50","$-11,656.00","$7,880.50",$-934.00,"$-1,129.50","$-21,095.50","$-21,095.50","$-1,519.00","$-19,192.00","$-3,010.50","$-20,484.50","$-12,131.50","$-14,026.50","$-12,787.00","$5,329.00","$-1,157.00","$-7,836.50",$-156.50,"$-12,332.50","$-13,577.00","$-11,995.50","$-1,157.00","$-1,157.00","$-1,157.00",$-934.00,$-453.50,$-453.50,"$-1,157.00","$-1,157.00","$-1,157.00","$-3,214.00","$-14,675.00","$-9,032.50","$-5,559.50","$-5,751.00","$-3,949.00","$-14,877.50","$-12,063.00","$-14,805.00","$-18,941.00","$-16,977.00","$8,340.00","$-2,240.00","$-16,629.00","$-15,268.50","$-7,824.50","$-13,612.00","$-6,846.00","$7,300.00","$-9,538.50","$-8,579.50","$-4,683.50","$-9,331.50","$-3,356.00","$6,900.00","$-9,948.50","$-7,028.50","$-8,579.50","$6,942.00","$-2,197.00","$7,118.00","$-5,278.00","$-5,345.00","$-1,095.50","$-5,254.00","$-6,333.50","$-4,392.50","$-5,625.50","$9,221.50","$-5,970.00","$-7,084.00","$8,397.50","$-3,047.00","$-3,880.00","$-9,224.00","$-3,971.00","$-5,077.50","$-5,607.50","$-5,077.50","$-1,878.50",$-203.50,"$-4,491.50","$-8,305.50","$-4,729.00","$-4,474.50","$-3,323.50","$-9,270.00","$-2,131.50","$-4,524.50","$-4,850.00","$-4,965.50","$-3,581.50","$-4,850.00","$-5,487.00","$-5,943.50","$-1,937.50","$-4,967.50","$-3,641.00","$-3,871.50","$-3,350.00","$-3,835.50","$-9,285.00","$-3,979.00","$-3,607.00","$-10,154.50","$-8,997.50","$-10,518.00","$-10,704.00","$-4,885.50","$-4,331.50","$-10,060.50","$-10,853.50","$-9,158.00","$-3,163.00","$-9,715.00","$-4,754.00","$-9,579.50","$-5,452.00","$-9,369.00","$-10,986.00","$-10,513.50","$-11,246.00","$-3,979.00","$-5,252.00","$-10,435.00","$-9,975.50","$-9,915.00","$-3,587.00","$-12,949.50","$-3,632.00","$-11,740.50","$-11,482.00","$-2,877.00","$-12,949.50","$-9,612.00","$-10,816.50","$-12,953.00","$-12,894.50","$-11,538.00","$-11,538.00","$-6,826.00","$-10,146.00","$-5,547.00","$-13,495.00","$-6,844.50","$-3,256.50","$-4,273.50","$-2,908.00","$-8,091.00","$-8,091.00","$-5,157.00","$-7,029.50","$-13,775.00","$-7,046.50","$-8,550.50","$-8,550.50","$-7,407.00","$-8,550.50","$-5,347.50","$-7,368.00","$-7,087.50","$-9,181.50","$-5,607.00","$-6,285.50","$-5,538.00","$-7,739.00","$-7,347.50","$-8,035.00","$-5,979.50","$-8,708.50","$-7,096.00","$-6,432.00","$-7,739.00","$-7,347.50","$-4,899.00","$-6,917.50","$-4,629.00","$-7,096.00","$-7,324.00","$-8,212.00","$-7,282.50","$-8,252.00","$-8,212.00","$-8,252.00","$-6,917.50"
  Avg Profit/Tr (P3),,,,split_detail,,$-275.35,$-275.35,$-287.34,$-291.93,$37.02,$-162.14,$-184.21,$-49.38,$-309.84,$-44.21,$18.80,$18.80,$-241.25,$106.82,$-128.17,$-243.64,$-282.39,$-243.64,$16.73,$-130.53,$102.64,$-296.33,$-296.33,$-269.16,$29.66,$-82.56,$-288.45,$107.68,$-245.15,$-232.24,$97.10,$-300.34,$-300.34,$-300.34,$-300.34,$-121.03,$-86.25,$-218.38,$-10.04,$74.55,$74.55,$98.77,$-95.33,$-79.65,$154.28,$-242.79,$-51.73,$79.01,$-82.38,$-51.31,$-31.97,$-257.01,$-54.14,$-75.36,$-86.62,$98.77,$-86.62,$-86.62,$-250.73,$-72.67,$-79.65,$-79.65,$-263.38,$-124.72,$-242.24,$-52.49,$-96.69,$-51.26,$-86.70,$-195.60,$-195.60,$-50.71,$-79.65,$-226.82,$84.73,$-183.07,$-247.91,$-63.44,$-63.44,$-63.44,$-130.01,$-75.67,$-247.91,$-191.44,$-202.17,$-12.53,$-242.15,$-93.50,$-93.50,$-249.58,$-200.21,$-201.97,$-260.77,$-231.05,$-7.58,$-260.96,$-66.14,$-237.40,$-208.18,$125.85,$-160.65,$-190.65,$-264.16,$-41.76,$-264.16,$7.58,$71.98,$-183.76,$-59.43,$-66.14,$-96.91,$-255.42,$63.44,$-26.11,$-91.39,$78.54,$-3.91,$-45.14,$-76.98,$-184.38,$-227.96,$-184.21,$-166.21,$-166.21,$-235.64,$-235.64,$-197.07,$40.81,$-293.70,$-166.51,$94.95,$-15.83,$-19.14,$-251.14,$-251.14,$-24.11,$-236.94,$-47.79,$-243.86,$-161.75,$-182.16,$-170.49,$63.44,$-19.61,$-104.49,$-2.52,$-160.16,$-171.86,$-159.94,$-19.61,$-19.61,$-19.61,$-15.83,$-7.69,$-7.69,$-19.61,$-19.61,$-19.61,$-52.69,$-195.67,$-123.73,$-106.91,$-102.70,$-71.80,$-185.97,$-165.25,$-189.81,$-228.20,$-212.21,$100.48,$-37.97,$-210.49,$-198.29,$-100.31,$-174.51,$-81.50,$87.95,$-123.88,$-115.94,$-57.82,$-111.09,$-40.93,$80.23,$-117.04,$-68.24,$-115.94,$80.72,$-39.95,$82.77,$-57.37,$-56.86,$-17.96,$-54.73,$-67.38,$-81.34,$-59.22,$107.23,$-61.55,$-73.03,$98.79,$-49.15,$-38.80,$-111.13,$-64.05,$-50.77,$-51.92,$-50.77,$-18.97,$-3.70,$-43.61,$-78.35,$-45.47,$-43.44,$-32.58,$-84.27,$-26.98,$-42.68,$-42.17,$-46.84,$-33.47,$-42.17,$-51.76,$-57.15,$-25.16,$-47.31,$-32.51,$-37.23,$-29.91,$-35.51,$-58.03,$-50.37,$-31.37,$-65.94,$-59.59,$-64.93,$-64.10,$-44.01,$-40.86,$-64.49,$-64.22,$-58.71,$-40.55,$-92.52,$-44.43,$-93.00,$-50.48,$-55.44,$-65.78,$-99.18,$-66.94,$-50.37,$-46.07,$-61.02,$-94.11,$-86.97,$-45.41,$-75.73,$-44.29,$-105.77,$-68.35,$-24.80,$-75.73,$-84.32,$-63.25,$-75.31,$-123.99,$-106.83,$-106.83,$-71.10,$-88.23,$-59.01,$-74.97,$-67.77,$-32.24,$-42.31,$-27.70,$-54.67,$-54.67,$-49.59,$-68.92,$-75.27,$-68.41,$-83.01,$-83.01,$-70.54,$-83.01,$-51.42,$-58.94,$-67.50,$-62.89,$-53.40,$-49.11,$-50.35,$-70.35,$-69.98,$-75.09,$-55.37,$-80.63,$-55.44,$-50.65,$-70.35,$-69.98,$-46.22,$-64.05,$-43.26,$-55.44,$-68.45,$-73.98,$-65.02,$-75.02,$-73.98,$-75.02,$-64.05
  Span (min) (P3),,,,split_detail,,179.43,179.43,178.02,177.55,199.47,131.56,176.67,201.10,175.33,202.11,188.44,188.44,156.30,176.69,199.34,141.75,172.72,141.75,159.43,198.53,175.77,173.36,173.36,173.51,164.00,202.48,173.04,174.31,161.69,158.96,175.05,172.18,172.18,172.18,172.18,203.65,182.03,160.80,200.84,177.10,177.10,181.49,196.00,147.33,164.95,161.10,195.81,177.44,147.88,172.60,160.07,148.12,196.63,161.70,147.75,181.49,147.75,147.75,144.22,190.67,147.33,147.33,165.00,200.35,163.88,197.03,193.13,199.87,202.17,180.62,180.62,145.51,147.33,160.00,175.33,184.01,162.38,144.74,144.74,144.74,177.49,148.89,162.38,178.82,184.66,185.33,160.12,197.60,197.60,143.33,177.36,141.23,145.56,162.99,177.68,154.39,139.52,162.78,177.60,164.35,164.79,153.65,158.73,162.58,158.73,197.69,176.20,171.00,159.15,139.52,152.22,142.50,174.26,156.00,148.67,177.12,153.76,144.82,176.49,154.09,160.63,154.62,183.08,183.08,165.91,165.91,139.80,196.85,171.59,192.51,180.43,141.90,139.76,150.36,150.36,155.43,162.59,160.38,142.32,188.20,187.60,186.60,174.26,140.47,184.00,170.03,187.01,146.39,191.40,140.47,140.47,140.47,141.90,152.34,152.34,140.47,140.47,140.47,139.54,152.80,190.85,198.92,202.71,206.62,148.50,185.55,159.42,162.29,170.25,181.06,177.73,180.19,182.73,165.85,189.42,160.14,180.12,183.12,174.12,170.52,163.71,171.80,175.65,162.49,149.01,174.12,175.80,197.02,176.41,156.00,154.34,171.67,152.25,155.11,203.33,153.98,176.86,152.04,152.66,181.54,148.81,150.84,178.01,137.74,151.68,153.33,151.68,135.65,165.82,155.77,148.42,152.42,156.00,160.24,151.64,141.84,155.77,147.86,153.17,151.51,147.86,153.28,153.00,165.97,154.17,133.25,159.69,131.74,151.00,99.14,165.57,132.71,102.09,106.34,100.42,101.10,152.86,151.92,101.05,103.22,101.68,172.12,123.20,152.41,124.64,153.33,100.65,102.19,121.11,102.58,165.57,151.47,101.93,122.04,117.89,170.32,100.95,141.04,147.46,103.00,133.14,100.95,147.47,102.67,99.87,151.38,149.56,149.56,148.25,147.76,155.23,90.77,143.05,149.70,150.06,150.51,101.69,101.69,153.12,140.82,89.74,135.73,136.31,136.31,152.11,136.31,150.00,97.78,144.57,103.18,149.49,97.78,147.60,140.84,144.80,137.50,147.22,137.33,98.33,100.65,140.84,144.80,148.53,142.89,149.72,98.33,145.46,144.32,141.32,137.89,144.32,137.89,142.89
  Sortino (P5),,,,split_detail,,9.1748,9.1748,8.7440,8.7251,4.7415,5.5459,4.9249,3.7952,8.6934,3.1632,5.2618,5.2618,7.8642,9.5099,8.1822,6.9832,6.6270,6.9832,3.7285,8.1822,8.4022,6.6270,6.6270,5.9366,4.3241,9.6731,6.6270,8.4022,7.8789,8.1365,9.4475,6.3471,6.3471,6.3471,6.3471,6.4165,3.6278,5.4036,2.4209,7.3922,7.3922,8.4802,7.5384,8.9926,12.2640,7.0631,3.0490,8.6526,8.7900,3.3134,4.5334,7.4941,2.6120,3.8111,8.7900,9.7769,8.7900,8.3737,6.9900,2.5027,8.5263,8.5263,6.8527,6.7556,6.8738,2.8258,12.8262,2.7681,12.5711,5.0917,5.0917,9.2222,8.0154,6.6259,6.6878,4.8282,6.1094,9.2222,9.2222,9.2222,5.2907,5.2453,6.1094,5.7670,5.7046,2.9582,7.0631,11.4003,11.4003,5.4919,5.0917,5.7797,5.8462,5.4486,2.8010,6.3003,4.0669,5.2079,5.0917,11.3555,5.3392,5.6086,5.9496,2.8276,5.7129,2.2124,4.3012,6.2519,2.6019,4.0669,4.9895,6.2320,4.7463,2.1007,5.1429,7.0999,1.6215,3.1120,3.2716,5.6832,5.6879,5.1264,3.5007,3.5007,4.1888,4.1888,7.5598,4.6739,5.2079,3.3255,5.5757,2.0527,3.3186,5.0685,5.0685,1.9867,4.9113,2.8276,5.5229,4.5899,5.6869,5.8130,3.9910,3.3186,5.3660,2.2895,3.7744,4.7197,4.3442,1.8744,3.3186,3.3186,2.5410,1.4566,1.4566,2.0466,2.0466,2.0466,3.0939,6.2551,6.0254,11.3578,11.2559,9.8645,4.3438,3.7664,5.6427,3.6135,3.8298,4.1401,3.2225,5.5234,5.4195,12.2922,4.9592,8.2451,4.5163,5.5731,8.5493,11.9989,9.5218,11.8857,2.6830,10.0904,8.0450,8.1741,2.6934,9.7698,3.3625,6.4198,6.9690,2.1205,7.2252,7.2779,8.7118,7.0887,3.3625,7.2252,7.2252,2.8898,2.2332,7.5290,7.1548,2.3133,7.7482,7.6803,7.4757,2.7352,4.7502,7.2422,7.7645,7.8355,8.3702,7.0658,7.6169,2.6327,7.2943,5.5875,7.2097,6.7334,5.3212,6.8046,6.9353,2.2894,6.5077,4.9236,5.1421,4.9784,7.0263,4.5737,2.2894,4.6701,5.5490,3.8673,5.3485,4.2471,7.6596,6.0444,5.5360,4.4274,5.4839,2.6967,3.7511,6.7242,4.0997,6.0715,4.2471,5.2426,3.7511,5.2426,2.2894,7.0845,4.9903,3.7511,4.5612,1.3237,5.1320,1.6609,7.6256,3.8912,3.5697,5.0786,6.8114,4.9458,5.1892,5.7091,5.6965,5.6965,6.1737,6.5379,7.4508,4.2317,6.3336,7.4372,7.7446,7.8369,5.4220,5.4220,7.2808,6.2324,3.7510,6.2324,6.4356,6.4356,7.2826,6.1144,7.6411,5.2807,6.9512,4.8121,7.6041,4.7949,7.1662,6.5532,5.8750,6.5716,6.4466,6.5532,4.1964,4.2509,6.8654,5.8750,7.4154,5.9078,7.1662,4.1964,5.6857,7.5254,5.4880,5.4880,7.2426,5.5511,5.9078
  Trades/D (P5),,,,split_detail,,0.323,0.323,0.323,0.329,0.427,0.311,0.354,0.445,0.329,0.451,0.427,0.427,0.378,0.360,0.457,0.457,0.384,0.457,0.451,0.457,0.348,0.384,0.384,0.390,0.463,0.463,0.384,0.348,0.445,0.415,0.354,0.390,0.390,0.390,0.390,0.463,0.445,0.457,0.470,0.354,0.354,0.366,0.451,0.299,0.348,0.457,0.451,0.341,0.293,0.463,0.451,0.457,0.445,0.463,0.293,0.354,0.293,0.299,0.451,0.457,0.299,0.299,0.457,0.482,0.445,0.488,0.421,0.445,0.360,0.445,0.445,0.299,0.305,0.457,0.372,0.439,0.463,0.299,0.299,0.299,0.293,0.311,0.463,0.439,0.433,0.451,0.457,0.335,0.335,0.457,0.445,0.445,0.470,0.463,0.482,0.457,0.293,0.463,0.445,0.354,0.439,0.445,0.470,0.500,0.470,0.476,0.384,0.439,0.476,0.293,0.293,0.457,0.390,0.476,0.299,0.384,0.317,0.305,0.311,0.439,0.463,0.451,0.457,0.457,0.457,0.457,0.433,0.463,0.463,0.506,0.402,0.311,0.305,0.470,0.470,0.512,0.457,0.500,0.470,0.445,0.445,0.439,0.396,0.305,0.524,0.293,0.457,0.463,0.445,0.317,0.305,0.305,0.305,0.323,0.323,0.317,0.317,0.317,0.311,0.445,0.524,0.415,0.433,0.427,0.463,0.451,0.445,0.470,0.451,0.415,0.305,0.445,0.439,0.329,0.451,0.402,0.409,0.543,0.348,0.396,0.421,0.402,0.451,0.427,0.476,0.360,0.451,0.439,0.463,0.488,0.488,0.311,0.494,0.488,0.415,0.488,0.463,0.494,0.494,0.445,0.311,0.500,0.415,0.329,0.500,0.500,0.512,0.604,0.451,0.530,0.549,0.537,0.518,0.543,0.549,0.409,0.543,0.537,0.561,0.567,0.549,0.567,0.543,0.421,0.598,0.677,0.610,0.683,0.567,0.933,0.421,0.695,0.902,0.896,0.939,0.988,0.567,0.616,0.909,0.988,0.915,0.427,0.622,0.573,0.604,0.567,0.988,0.994,0.622,0.994,0.421,0.579,1.000,0.622,0.659,0.439,1.000,0.439,0.561,0.988,0.707,1.012,0.555,1.006,1.012,0.579,0.585,0.585,0.470,0.561,0.470,1.037,0.500,0.512,0.506,0.543,0.805,0.805,0.530,0.500,1.055,0.500,0.506,0.506,0.549,0.512,0.537,0.695,0.543,0.805,0.543,0.707,0.561,0.549,0.524,0.543,0.549,0.549,0.713,0.707,0.549,0.524,0.555,0.561,0.561,0.713,0.555,0.573,0.567,0.567,0.579,0.567,0.561
  Profit Fac (P5),,,,split_detail,,1.7784,1.7784,1.7631,1.7191,1.2986,1.4281,1.3338,1.2225,1.7011,1.1821,1.3191,1.3191,1.6756,1.5704,1.4979,1.5449,1.6247,1.5449,1.2214,1.4979,1.5240,1.6247,1.6247,1.5717,1.2536,1.5919,1.6247,1.5240,1.6465,1.7644,1.5995,1.6112,1.6112,1.6112,1.6112,1.4414,1.2079,1.3878,1.1411,1.4402,1.4402,1.4736,1.4273,1.7854,1.9714,1.5762,1.1699,1.5645,1.7521,1.2102,1.2566,1.5881,1.1516,1.2336,1.7521,1.5959,1.7521,1.6976,1.5309,1.1402,1.7447,1.7447,1.5267,1.4164,1.5499,1.1589,1.7477,1.1569,1.8573,1.3574,1.3574,1.8032,1.6642,1.5405,1.4189,1.3596,1.4881,1.8032,1.8032,1.8032,1.6414,1.4259,1.4881,1.4184,1.4320,1.1704,1.5762,1.8078,1.8078,1.4082,1.3574,1.4493,1.4463,1.4331,1.1493,1.4637,1.5371,1.4161,1.3574,1.8527,1.3964,1.4171,1.4424,1.1702,1.4324,1.1236,1.2417,1.4538,1.1588,1.5371,1.5740,1.4730,1.2791,1.1147,1.6039,1.4312,1.1740,1.3633,1.3666,1.4283,1.4545,1.3688,1.2435,1.2435,1.3917,1.3917,1.6159,1.2875,1.4161,1.1972,1.3184,1.2213,1.4041,1.3737,1.3737,1.1173,1.4334,1.1702,1.4069,1.3352,1.4361,1.4397,1.2255,1.4041,1.3514,1.2598,1.2709,1.3351,1.3452,1.2021,1.4041,1.4041,1.2928,1.1562,1.1562,1.2263,1.2263,1.2263,1.3686,1.4980,1.3700,1.6797,1.6846,1.5915,1.3133,1.2833,1.4107,1.3106,1.3540,1.2436,1.3874,1.3931,1.3828,1.9920,1.3666,1.5705,1.2618,1.3480,1.7071,1.9143,1.7047,1.9196,1.1671,1.7576,1.5662,1.6752,1.1682,1.6164,1.2063,1.4541,1.4930,1.2427,1.5175,1.5312,1.5996,1.5017,1.2063,1.5175,1.5175,1.1787,1.2423,1.5459,1.5730,1.2528,1.5796,1.5709,1.5366,1.1671,1.2796,1.5172,1.5509,1.5600,1.6266,1.5569,1.5476,1.1983,1.5255,1.3766,1.5080,1.4573,1.3518,1.4623,1.4826,1.1712,1.4566,1.2929,1.3297,1.3183,1.4772,1.2780,1.1712,1.2765,1.3519,1.2294,1.3337,1.2559,1.5414,1.3706,1.3534,1.2755,1.3525,1.2017,1.2115,1.4474,1.2242,1.4135,1.2559,1.3290,1.2115,1.3290,1.1712,1.4913,1.3101,1.2115,1.3004,1.0924,1.3257,1.1227,1.5381,1.2378,1.2044,1.3262,1.4976,1.3092,1.3395,1.3965,1.3998,1.3998,1.4613,1.4637,1.5575,1.2748,1.4626,1.5376,1.5727,1.5537,1.3557,1.3557,1.5238,1.4306,1.2603,1.4306,1.4500,1.4500,1.5194,1.4180,1.5561,1.3494,1.4913,1.3124,1.5373,1.3083,1.5049,1.4438,1.4087,1.4401,1.4500,1.4438,1.2728,1.2740,1.4650,1.4087,1.5168,1.3962,1.5049,1.2728,1.3740,1.5244,1.3579,1.3579,1.5116,1.3608,1.3962
  Max DD (P5),,,,split_detail,,"$4,863.00","$4,863.00","$4,863.00","$4,863.00","$13,396.00","$6,599.00","$8,106.50","$19,880.50","$4,863.00","$20,558.00","$12,552.00","$12,552.00","$6,931.00","$13,412.00","$12,826.50","$7,721.00","$8,531.00","$7,721.00","$15,214.50","$12,826.50","$11,680.00","$8,531.00","$8,531.00","$8,849.00","$9,740.00","$9,780.50","$8,531.00","$11,680.00","$6,626.00","$8,024.50","$12,017.50","$8,849.00","$8,849.00","$8,849.00","$8,849.00","$13,277.00","$19,587.50","$10,695.00","$19,231.50","$12,099.50","$12,099.50","$13,831.50","$9,645.00","$7,238.00","$5,876.50","$7,345.50","$21,726.00","$10,705.00","$7,238.00","$20,820.00","$11,015.50","$6,791.00","$21,498.00","$19,948.00","$7,238.00","$12,437.00","$7,238.00","$7,238.00","$8,485.50","$22,403.50","$8,175.00","$8,175.00","$7,080.50","$11,789.00","$6,843.50","$18,785.00","$9,571.50","$22,666.00","$8,440.00","$8,062.00","$8,062.00","$7,139.50","$8,175.00","$7,345.50","$12,544.00","$10,296.00","$8,537.50","$7,139.50","$7,139.50","$7,139.50","$6,562.50","$11,274.00","$8,537.50","$8,062.00","$9,332.50","$21,402.50","$7,345.50","$7,172.50","$7,172.50","$8,199.50","$8,062.00","$8,488.50","$8,199.50","$8,641.50","$19,501.00","$8,485.50","$8,781.50","$8,537.50","$8,062.00","$5,876.50","$8,757.00","$8,652.50","$7,784.50","$17,074.00","$7,784.50","$19,930.00","$17,224.50","$9,616.50","$15,926.50","$8,781.50","$7,238.00","$7,326.00","$15,492.50","$18,805.50","$7,238.00","$14,276.00","$11,470.50","$9,470.50","$9,096.00","$9,707.50","$8,537.50","$10,258.50","$12,776.50","$12,776.50","$10,411.50","$10,411.50","$8,488.50","$11,148.50","$8,537.50","$19,105.50","$17,126.50","$11,287.00","$8,781.50","$8,508.50","$8,508.50","$14,202.50","$10,071.00","$17,074.00","$8,589.50","$13,589.50","$10,938.50","$10,938.50","$17,224.50","$8,781.50","$17,084.50","$10,893.00","$14,365.50","$12,800.00","$12,912.00","$11,287.00","$8,781.50","$8,781.50","$9,965.50","$11,470.50","$11,470.50","$10,598.00","$10,598.00","$10,598.00","$8,781.50","$10,460.50","$17,837.00","$8,621.50","$9,046.00","$7,873.00","$12,066.50","$11,993.50","$10,798.00","$11,479.50","$13,148.50","$17,571.00","$10,421.00","$9,616.50","$12,176.50","$4,939.00","$12,910.50","$6,250.00","$17,009.00","$18,057.00","$6,437.50","$4,618.50","$7,044.00","$4,618.50","$16,592.50","$7,044.00","$5,526.00","$6,437.50","$16,592.50","$7,873.00","$18,324.50","$6,355.50","$6,355.50","$10,472.00","$6,355.50","$6,355.50","$9,780.50","$6,355.50","$18,324.50","$6,355.50","$6,355.50","$16,832.00","$11,295.00","$6,355.50","$8,744.00","$8,781.50","$6,355.50","$6,307.00","$6,355.50","$12,906.00","$10,282.00","$6,477.50","$6,355.50","$6,355.50","$6,355.50","$6,355.50","$6,793.50","$8,744.50","$7,360.00","$7,238.00","$6,446.00","$7,713.50","$8,478.50","$7,713.50","$6,831.00","$9,485.00","$8,996.00","$13,150.50","$13,347.50","$12,906.00","$7,713.50","$7,783.50","$9,485.00","$13,150.50","$7,783.50","$9,582.00","$7,783.50","$8,629.00","$6,793.50","$11,435.00","$7,783.50","$9,256.50","$7,783.50","$10,694.00","$8,327.00","$8,658.00","$8,327.00","$10,134.50","$8,629.00","$8,432.00","$8,327.00","$8,432.00","$9,485.00","$8,441.00","$8,525.50","$8,327.00","$8,224.50","$10,553.50","$8,066.50","$10,143.00","$6,793.50","$9,022.50","$14,335.00","$7,963.00","$7,567.00","$8,525.50","$7,963.00","$12,063.00","$12,063.00","$12,063.00","$6,173.00","$9,214.50","$6,285.50","$8,166.00","$6,173.00","$6,285.50","$6,285.50","$6,285.50","$7,910.00","$7,910.00","$6,407.50","$6,574.50","$8,913.50","$6,574.50","$6,574.50","$6,574.50","$7,290.00","$6,574.50","$6,407.50","$7,159.50","$6,173.00","$7,989.50","$6,285.50","$7,159.50","$6,376.00","$6,574.50","$6,173.00","$6,574.50","$7,055.50","$6,574.50","$7,159.50","$7,159.50","$6,574.50","$6,173.00","$6,761.00","$6,271.00","$6,376.00","$7,159.50","$6,271.00","$7,244.00","$7,538.50","$7,538.50","$7,244.00","$7,457.00","$6,271.00"
  Total PNL (P5),,,,split_detail,,"$21,011.00","$21,011.00","$20,462.00","$20,080.50","$13,485.00","$13,923.50","$12,583.00","$10,313.50","$19,785.50","$8,707.50","$14,189.00","$14,189.00","$24,929.00","$18,213.50","$24,757.00","$23,594.00","$23,801.50","$23,594.00","$9,892.00","$24,757.00","$16,249.00","$23,801.50","$23,801.50","$21,964.50","$11,661.00","$27,784.00","$23,801.50","$16,249.00","$26,938.00","$28,737.50","$18,794.00","$23,483.50","$23,483.50","$23,483.50","$23,483.50","$21,454.00","$9,729.00","$18,419.50","$7,470.50","$14,446.00","$14,446.00","$16,115.50","$20,196.50","$18,998.50","$26,751.50","$24,538.00","$8,348.50","$17,052.50","$18,191.50","$10,047.00","$11,214.50","$24,917.50","$7,443.50","$10,961.00","$18,191.50","$18,722.00","$18,191.50","$17,416.00","$23,713.00","$7,051.50","$18,013.50","$18,013.50","$23,794.00","$21,880.00","$24,342.50","$8,572.00","$31,597.50","$7,795.00","$30,050.50","$17,053.50","$17,053.50","$19,350.00","$16,843.50","$23,019.00","$13,745.50","$16,566.00","$22,018.00","$19,350.00","$19,350.00","$19,350.00","$16,672.50","$12,659.00","$22,018.00","$19,105.00","$19,491.00","$8,250.00","$24,538.00","$26,356.00","$26,356.00","$17,506.00","$17,053.50","$20,004.50","$19,759.50","$19,304.50","$8,029.00","$21,661.50","$14,674.50","$18,769.00","$17,053.50","$24,934.50","$17,825.00","$18,992.50","$19,591.50","$8,958.00","$19,283.00","$6,772.00","$9,759.00","$20,690.50","$8,017.00","$14,674.50","$15,454.50","$20,487.00","$11,044.00","$5,337.50","$16,261.50","$14,896.00","$6,224.50","$11,198.50","$11,444.50","$19,147.50","$20,499.00","$17,386.50","$12,085.50","$12,085.50","$17,977.50","$17,977.50","$25,384.00","$14,108.50","$18,769.00","$11,439.00","$12,918.00","$7,611.00","$12,086.00","$17,420.50","$17,420.50","$6,001.00","$20,296.50","$8,958.00","$19,346.00","$16,211.00","$19,925.00","$20,088.00","$9,312.00","$12,086.00","$19,704.50","$7,868.00","$13,584.50","$16,277.00","$16,429.50","$7,060.00","$12,086.00","$12,086.00","$9,511.50","$5,673.50","$5,673.50","$7,749.00","$7,749.00","$7,749.00","$11,310.50","$21,646.00","$20,383.00","$28,626.00","$29,575.00","$25,554.00","$15,208.00","$13,641.50","$19,126.50","$15,138.50","$17,549.50","$9,882.50","$11,042.50","$18,607.50","$18,001.50","$24,423.50","$17,474.00","$18,743.50","$10,622.00","$19,743.00","$23,195.00","$26,170.50","$22,364.00","$26,322.50","$7,794.50","$24,043.00","$21,325.00","$22,707.00","$7,837.00","$26,617.00","$9,801.50","$18,048.00","$19,592.00","$7,292.50","$20,566.00","$20,920.50","$24,690.50","$19,859.00","$9,801.50","$20,566.00","$20,566.00","$8,253.00","$7,283.50","$21,695.50","$23,034.00","$8,694.00","$22,829.00","$21,445.50","$21,726.00","$9,168.00","$12,594.50","$21,826.00","$23,608.50","$23,803.50","$25,122.50","$23,775.50","$22,784.00","$8,506.00","$22,652.50","$16,673.00","$22,521.50","$20,979.00","$16,083.50","$21,133.50","$21,354.50","$7,630.50","$21,863.00","$17,726.00","$17,225.00","$19,035.00","$21,891.50","$19,652.50","$7,630.50","$17,260.50","$23,542.00","$16,423.50","$23,248.00","$18,992.50","$23,637.50","$18,783.00","$23,645.50","$20,454.00","$23,580.50","$9,211.50","$10,564.00","$20,947.00","$11,034.50","$19,825.00","$18,992.50","$23,809.50","$10,564.00","$23,809.50","$7,630.50","$22,262.50","$22,691.50","$10,564.00","$14,974.00","$4,570.00","$23,126.00","$5,847.50","$23,532.50","$17,866.00","$13,346.00","$23,164.50","$22,046.50","$22,626.50","$23,867.50","$18,338.00","$18,490.00","$18,490.00","$17,145.00","$21,311.50","$20,713.00","$19,235.50","$18,310.00","$21,754.00","$22,657.00","$23,631.50","$21,454.50","$21,454.50","$22,008.50","$17,239.00","$18,715.50","$17,239.00","$18,018.00","$18,018.00","$22,480.50","$17,115.00","$23,363.00","$18,177.50","$20,976.00","$19,259.50","$22,929.50","$16,542.50","$22,429.00","$19,152.00","$17,148.50","$18,992.50","$19,306.50","$19,152.00","$15,031.50","$15,096.50","$20,064.50","$17,148.50","$22,956.50","$17,790.00","$22,429.00","$15,031.50","$16,830.50","$23,699.00","$16,522.50","$16,522.50","$23,316.50","$16,621.00","$17,790.00"
  Avg Profit/Tr (P5),,,,split_detail,,$396.43,$396.43,$386.08,$371.86,$192.64,$273.01,$216.95,$141.28,$366.40,$117.67,$202.70,$202.70,$402.08,$308.70,$330.09,$314.59,$377.80,$314.59,$133.68,$330.09,$285.07,$377.80,$377.80,$343.20,$153.43,$365.58,$377.80,$285.07,$369.01,$422.61,$324.03,$366.93,$366.93,$366.93,$366.93,$282.29,$133.27,$245.59,$97.02,$249.07,$249.07,$268.59,$272.93,$387.72,$469.32,$327.17,$112.82,$304.51,$378.99,$132.20,$151.55,$332.23,$101.97,$144.22,$378.99,$322.79,$378.99,$355.43,$320.45,$94.02,$367.62,$367.62,$317.25,$276.96,$333.46,$107.15,$457.93,$106.78,$509.33,$233.61,$233.61,$394.90,$336.87,$306.92,$225.34,$230.08,$289.71,$394.90,$394.90,$394.90,$347.34,$248.22,$289.71,$265.35,$274.52,$111.49,$327.17,$479.20,$479.20,$233.41,$233.61,$274.03,$256.62,$254.01,$101.63,$288.82,$305.72,$246.96,$233.61,$429.91,$247.57,$260.17,$254.44,$109.24,$250.43,$86.82,$154.90,$287.37,$102.78,$305.72,$321.97,$273.16,$172.56,$68.43,$331.87,$236.44,$119.70,$223.97,$224.40,$265.94,$269.72,$234.95,$161.14,$161.14,$239.70,$239.70,$357.52,$185.64,$246.96,$137.82,$195.73,$149.24,$241.72,$226.24,$226.24,$71.44,$270.62,$109.24,$251.25,$222.07,$272.95,$279.00,$143.26,$241.72,$229.12,$163.92,$181.13,$214.17,$225.06,$135.77,$241.72,$241.72,$190.23,$107.05,$107.05,$149.02,$149.02,$149.02,$221.77,$296.52,$237.01,$420.97,$416.55,$365.06,$200.11,$184.34,$262.01,$196.60,$237.16,$145.33,$220.85,$254.90,$250.02,$452.29,$236.14,$283.99,$158.54,$221.83,$406.93,$402.62,$324.12,$398.83,$105.33,$343.47,$273.40,$384.86,$105.91,$369.68,$128.97,$225.60,$244.90,$142.99,$253.90,$261.51,$363.10,$248.24,$128.97,$253.90,$253.90,$113.05,$142.81,$264.58,$338.74,$161.00,$278.40,$261.53,$258.64,$92.61,$170.20,$250.87,$262.32,$270.49,$295.56,$267.14,$253.16,$126.96,$254.52,$189.47,$244.80,$225.58,$178.71,$227.24,$239.94,$110.59,$223.09,$159.69,$172.25,$169.96,$235.39,$128.45,$110.59,$151.41,$159.07,$111.72,$150.96,$117.24,$254.17,$185.97,$158.69,$126.26,$157.20,$131.59,$103.57,$222.84,$111.46,$213.17,$117.24,$146.07,$103.57,$146.07,$110.59,$234.34,$138.36,$103.57,$138.65,$63.47,$141.01,$81.22,$255.79,$110.28,$115.05,$139.55,$242.27,$137.13,$143.78,$193.03,$192.60,$192.60,$222.66,$231.65,$269.00,$113.15,$223.29,$258.98,$272.98,$265.52,$162.53,$162.53,$252.97,$210.23,$108.18,$210.23,$217.08,$217.08,$249.78,$203.75,$265.49,$159.45,$235.69,$145.91,$257.63,$142.61,$243.79,$212.80,$199.40,$213.40,$214.52,$212.80,$128.47,$130.14,$222.94,$199.40,$252.27,$193.37,$243.79,$128.47,$184.95,$252.12,$177.66,$177.66,$245.44,$178.72,$193.37
  Span (min) (P5),,,,split_detail,,216.23,216.23,215.66,215.83,184.97,217.94,206.64,186.08,213.61,182.76,183.77,183.77,227.90,189.27,207.52,214.40,235.48,214.40,156.81,207.52,188.16,235.48,235.48,236.25,155.21,204.32,235.48,188.16,228.90,221.91,190.07,237.42,237.42,237.42,237.42,206.84,182.30,217.00,184.83,187.16,187.16,189.15,194.76,178.00,180.63,225.60,185.03,190.59,174.71,172.74,155.51,217.80,187.07,172.42,174.71,192.53,174.71,172.86,217.09,181.92,175.43,175.43,225.00,201.11,227.26,185.70,200.70,190.68,205.63,193.77,193.77,176.57,173.04,224.60,182.85,197.50,225.00,176.57,176.57,176.57,180.25,172.67,225.00,193.54,199.23,182.59,225.60,206.18,206.18,215.20,193.77,189.86,216.43,223.03,177.11,217.00,173.54,222.24,193.77,178.41,190.21,190.68,223.25,166.83,223.05,188.00,183.65,192.50,164.00,173.54,175.00,214.80,185.25,157.23,178.29,183.86,181.46,173.04,182.27,196.46,224.01,189.53,194.40,194.40,227.40,227.40,196.69,188.21,222.24,197.78,187.71,175.69,172.48,214.29,214.29,152.00,225.20,166.83,213.70,199.52,199.52,201.88,183.20,172.48,193.53,187.25,198.40,189.47,203.22,173.38,172.48,172.48,176.12,179.09,179.09,173.12,173.12,173.12,170.75,193.97,196.05,206.29,205.01,197.66,189.28,198.45,193.15,223.64,230.07,184.10,174.16,195.41,204.17,203.11,202.09,199.27,187.82,193.89,231.58,194.77,189.22,192.73,184.11,188.74,174.62,230.34,184.28,203.00,185.25,175.80,177.30,165.25,174.96,174.30,203.65,176.10,185.25,174.96,174.96,186.63,159.22,175.32,222.79,171.37,173.12,173.71,172.57,121.33,157.14,176.83,169.33,167.59,174.92,170.97,169.47,155.37,174.34,164.32,168.91,168.00,164.93,168.13,168.40,160.87,162.24,126.72,159.84,125.01,165.16,117.95,160.87,123.96,118.62,122.95,118.18,116.49,157.55,160.04,119.99,121.07,119.28,169.71,150.16,165.83,149.47,165.42,116.49,116.29,150.16,116.29,160.87,159.66,117.98,150.16,140.52,165.21,113.71,157.08,164.09,117.19,122.27,114.36,166.29,117.35,113.94,160.04,159.00,159.00,181.25,164.22,184.68,108.13,171.80,172.14,173.49,168.00,119.74,119.74,176.55,167.27,105.28,167.27,165.83,165.83,174.67,164.57,175.09,118.51,162.07,123.45,169.89,117.19,167.74,162.00,167.58,160.85,171.60,162.00,117.98,118.88,159.07,167.58,165.10,160.83,167.74,117.98,163.25,163.28,160.90,160.90,162.57,160.77,160.83
  Sortino (P7),,,,split_detail,,0.4089,0.4089,0.6605,0.3619,2.7983,-3.5390,0.5554,-2.7086,0.8745,-1.9309,1.1251,1.1251,-1.2806,0.0137,3.4149,0.7705,2.7653,0.4810,0.9240,2.5197,-1.1892,1.9310,1.9310,1.9002,-2.1222,-2.7706,1.9310,-0.1200,1.6162,-1.7249,1.0055,1.9310,1.9310,1.9310,1.9310,1.5067,-3.3243,-2.8504,-1.5910,1.8096,1.1837,0.4774,-2.6385,1.4460,0.6588,1.2961,-1.9489,1.3979,1.4460,-4.2970,-2.4635,-4.0325,-2.6997,-3.4374,1.4460,1.5408,1.4460,1.4460,0.2138,-1.8099,3.9743,3.9743,-0.3882,0.0235,0.9674,-1.6206,4.7284,-2.7613,11.0648,-2.2836,-2.2836,0.3282,3.9743,-1.9884,-0.0198,-1.0146,0.6671,1.4460,1.4460,1.4460,10.4845,5.9071,0.6671,-2.4846,-1.2317,-4.6370,-2.0747,8.0475,8.0475,-4.0754,-2.4846,-2.0644,-3.9749,0.6671,2.1389,-3.5626,-0.1753,0.6671,-2.4846,1.3025,-3.0969,-2.2181,-3.4049,-2.7688,-3.4049,-2.6531,0.8431,-3.2912,-3.3432,-0.1753,1.2587,-4.6389,0.1166,-4.3817,1.4901,-0.1533,2.9311,-0.6959,13.9295,-2.2181,-1.9884,-2.2181,-1.5690,-1.5690,0.7731,0.7731,-1.9617,0.5304,-1.3949,0.3554,-0.6580,0.9756,-0.9008,-0.6107,-0.6107,-2.6681,-2.1265,-2.2577,-4.1401,-0.7499,0.1771,-2.1448,-1.2021,-0.9008,-2.8834,2.1326,0.2480,-3.6262,0.0892,0.2099,-1.0601,-1.0601,-0.5385,2.5899,2.5899,1.1863,1.1863,1.1863,-1.0601,-2.5229,-3.7528,2.9356,0.5117,-0.7789,-4.3977,0.5167,-3.2864,-2.4757,-3.4343,-1.6161,12.2315,-3.1845,-3.2111,2.7385,-1.6471,-1.3607,-2.6042,-3.4338,-0.7855,-2.6247,1.5256,-2.9473,-0.9869,1.1746,1.1871,-1.1461,-0.8602,-1.4810,-0.7675,0.0655,-0.3872,9.9910,-0.0257,-0.7601,-0.9638,0.0055,-0.8843,-0.0257,-0.0734,-0.7594,4.4068,-1.4439,-0.5354,-1.0993,-1.1317,-2.0838,-1.0154,-0.3345,-2.2645,-2.8589,-2.9401,-2.7140,-2.9305,-2.1121,-3.5877,-2.2191,-2.4705,-2.9426,-3.0986,-3.6208,-2.9426,-2.6259,-2.5929,-2.5950,-1.8250,-3.5127,-1.3877,-3.4041,-3.7024,-4.4124,-2.7026,-4.5238,-5.4271,-5.4729,-5.2903,-4.3129,-5.6051,-3.6717,-5.4271,-4.9092,-5.3773,-1.4059,-5.3904,-3.5928,-5.0891,-2.2363,-4.0974,-5.5305,-5.3904,-5.5305,-2.7026,-5.4113,-4.9964,-5.5717,-4.5134,-2.8343,-5.3995,-1.6595,-4.1283,-5.0202,-3.9147,-5.7714,-3.5488,-5.4579,-6.0394,-0.7056,-0.7056,-0.7056,-1.0105,-3.4140,-1.1830,-5.0728,-0.3025,-2.0363,-2.4965,-3.2243,-4.4140,-4.4140,-2.8726,-1.1520,-5.7466,-0.6111,-1.1685,-1.1685,-3.0211,-1.1305,-3.3750,-3.5980,-2.8229,-4.2220,-3.1469,-3.6523,-3.2243,-2.5496,-2.8234,-2.1144,-3.0044,-2.2136,-3.7276,-3.3452,-2.5558,-2.8229,-3.1397,-2.9420,-3.6606,-3.7276,-2.7744,-2.9651,-3.0001,-2.8499,-2.9651,-2.5906,-2.5558
  Trades/D (P7),,,,split_detail,,0.293,0.293,0.293,0.305,0.366,0.317,0.366,0.433,0.311,0.421,0.372,0.372,0.433,0.384,0.384,0.427,0.415,0.433,0.378,0.390,0.372,0.421,0.421,0.409,0.396,0.384,0.421,0.366,0.421,0.470,0.384,0.421,0.421,0.421,0.421,0.390,0.427,0.470,0.415,0.396,0.396,0.402,0.415,0.293,0.360,0.427,0.439,0.378,0.293,0.445,0.402,0.506,0.445,0.445,0.293,0.396,0.293,0.293,0.445,0.439,0.299,0.299,0.433,0.415,0.439,0.433,0.329,0.445,0.280,0.457,0.457,0.287,0.299,0.488,0.390,0.457,0.445,0.293,0.293,0.293,0.293,0.311,0.445,0.470,0.470,0.457,0.512,0.274,0.274,0.506,0.470,0.476,0.512,0.445,0.421,0.494,0.317,0.445,0.470,0.409,0.463,0.476,0.512,0.427,0.512,0.439,0.439,0.463,0.415,0.317,0.293,0.537,0.439,0.470,0.293,0.409,0.348,0.323,0.311,0.476,0.488,0.476,0.457,0.457,0.445,0.445,0.476,0.409,0.494,0.415,0.445,0.341,0.323,0.445,0.445,0.439,0.512,0.433,0.530,0.451,0.463,0.463,0.433,0.323,0.445,0.335,0.463,0.488,0.457,0.348,0.323,0.323,0.323,0.348,0.348,0.348,0.348,0.348,0.323,0.482,0.470,0.341,0.372,0.366,0.482,0.451,0.470,0.518,0.506,0.433,0.299,0.482,0.482,0.439,0.470,0.506,0.439,0.494,0.415,0.470,0.494,0.476,0.506,0.500,0.524,0.421,0.506,0.396,0.512,0.512,0.537,0.317,0.555,0.555,0.384,0.549,0.506,0.555,0.555,0.494,0.317,0.573,0.463,0.335,0.573,0.610,0.573,0.604,0.378,0.616,0.622,0.622,0.616,0.634,0.665,0.482,0.628,0.659,0.628,0.646,0.659,0.640,0.622,0.488,0.646,0.671,0.646,0.689,0.659,0.890,0.488,0.689,0.878,0.872,0.909,0.945,0.677,0.659,0.878,0.976,0.872,0.482,0.805,0.665,0.787,0.659,0.963,0.994,0.805,0.994,0.488,0.683,0.982,0.805,0.829,0.488,0.994,0.488,0.665,0.982,0.689,1.000,0.665,0.982,1.006,0.683,0.683,0.683,0.549,0.671,0.549,1.000,0.573,0.585,0.585,0.634,0.817,0.817,0.628,0.585,1.024,0.585,0.585,0.585,0.634,0.591,0.634,0.726,0.652,0.805,0.640,0.738,0.634,0.640,0.640,0.640,0.646,0.640,0.744,0.738,0.652,0.652,0.652,0.646,0.659,0.744,0.640,0.652,0.659,0.659,0.652,0.659,0.652
  Profit Fac (P7),,,,split_detail,,1.0234,1.0234,1.0385,1.0190,1.1544,0.8468,1.0293,0.8576,1.0503,0.8961,1.0549,1.0549,0.9353,1.0009,1.1642,1.0558,1.1466,1.0343,1.0384,1.1174,0.9213,1.0987,1.0987,1.0993,0.9090,0.8827,1.0987,0.9920,1.1296,0.9119,1.0693,1.0987,1.0987,1.0987,1.0987,1.0669,0.8333,0.8442,0.9137,1.1232,1.0806,1.0328,0.8770,1.0583,1.0484,1.1015,0.8929,1.0956,1.0583,0.7889,0.8963,0.7932,0.8599,0.8269,1.0583,1.1095,1.0583,1.0583,1.0158,0.9004,1.1637,1.1637,0.9702,1.0010,1.0785,0.9113,1.2235,0.8568,1.5868,0.8835,0.8835,1.0130,1.1637,0.8854,0.9987,0.9460,1.0529,1.0583,1.0583,1.0583,1.5793,1.2481,1.0529,0.8741,0.9349,0.7827,0.8831,1.4175,1.4175,0.7945,0.8741,0.8959,0.7981,1.0529,1.0944,0.8151,0.9859,1.0529,0.8741,1.0855,0.8377,0.8891,0.8234,0.8580,0.8234,0.8642,1.0559,0.8263,0.8300,0.9859,1.0566,0.7547,1.0074,0.7753,1.0655,0.9897,1.2420,0.9464,1.7949,0.8891,0.8854,0.8891,0.9196,0.9196,1.0616,1.0616,0.8975,1.0267,0.9249,1.0192,0.9576,1.0778,0.9294,0.9543,0.9543,0.8565,0.8927,0.8826,0.7764,0.9577,1.0107,0.8836,0.9243,0.9294,0.8633,1.1437,1.0139,0.8327,1.0045,1.0162,0.9184,0.9184,0.9578,1.2139,1.2139,1.0963,1.0963,1.0963,0.9184,0.8720,0.8302,1.1282,1.0219,0.9672,0.7887,1.0316,0.8325,0.8776,0.8331,0.8945,1.6411,0.8357,0.8344,1.1265,0.9085,0.9180,0.8384,0.8457,0.9440,0.8522,1.0722,0.8365,0.9355,1.0550,1.0503,0.9203,0.9417,0.9354,0.9489,1.0035,0.9788,1.5320,0.9986,0.9591,0.9564,1.0003,0.9427,0.9986,0.9960,0.9475,1.1961,0.9202,0.9612,0.9156,0.9379,0.9039,0.9435,0.9835,0.9079,0.8512,0.8473,0.8591,0.8493,0.8903,0.8259,0.8743,0.8708,0.8711,0.8391,0.8163,0.8711,0.8618,0.8636,0.8574,0.9079,0.8362,0.9303,0.8441,0.8142,0.7591,0.8515,0.7973,0.7108,0.7107,0.7222,0.7721,0.7277,0.8104,0.7108,0.7499,0.7131,0.9255,0.7275,0.8082,0.7395,0.8776,0.7829,0.7125,0.7275,0.7125,0.8515,0.7269,0.7444,0.7184,0.7610,0.8659,0.7190,0.9054,0.8162,0.7447,0.8256,0.7010,0.8410,0.7220,0.6884,0.9649,0.9649,0.9649,0.9491,0.8400,0.9422,0.7269,0.9846,0.8939,0.8745,0.8364,0.7601,0.7601,0.8572,0.9382,0.6818,0.9677,0.9374,0.9374,0.8492,0.9418,0.8341,0.8056,0.8583,0.7731,0.8438,0.8025,0.8364,0.8704,0.8588,0.8943,0.8530,0.8901,0.8017,0.8205,0.8697,0.8583,0.8438,0.8532,0.8210,0.8017,0.8615,0.8456,0.8510,0.8578,0.8456,0.8735,0.8697
  Max DD (P7),,,,split_detail,,"$3,927.00","$3,927.00","$3,809.00","$4,628.00","$7,714.00","$5,857.50","$5,439.00","$14,240.50","$4,081.50","$12,717.00","$7,507.00","$7,507.00","$5,446.00","$5,535.00","$6,849.00","$5,484.00","$3,810.50","$6,053.50","$6,993.00","$7,941.00","$7,618.50","$3,810.50","$3,810.50","$3,810.50","$6,963.50","$9,671.50","$3,810.50","$5,552.00","$5,917.50","$6,484.50","$4,363.50","$3,810.50","$3,810.50","$3,810.50","$3,810.50","$6,806.50","$13,116.00","$8,554.50","$12,056.50","$4,406.00","$5,577.50","$5,577.50","$12,397.50","$6,978.50","$6,256.50","$5,929.00","$13,438.50","$5,908.00","$6,978.50","$14,968.50","$7,375.50","$9,094.00","$12,567.00","$13,257.00","$6,978.50","$4,406.00","$6,978.50","$6,978.50","$5,709.50","$12,346.50","$6,978.50","$6,978.50","$6,839.50","$9,671.50","$5,917.50","$12,126.00","$5,328.00","$13,659.00","$5,001.50","$10,321.50","$10,321.50","$6,978.50","$6,978.50","$6,062.00","$5,981.50","$8,262.00","$6,292.00","$6,978.50","$6,978.50","$6,978.50","$4,081.00","$6,978.50","$6,292.00","$10,712.00","$8,652.50","$13,898.00","$5,790.50","$5,001.50","$5,001.50","$8,801.00","$10,712.00","$9,913.00","$8,823.00","$6,292.00","$9,215.50","$8,800.00","$8,575.00","$6,292.00","$10,712.00","$4,564.00","$10,705.00","$10,159.50","$8,241.50","$12,357.50","$8,241.50","$12,346.50","$5,181.50","$11,187.00","$11,348.00","$8,575.00","$6,937.00","$10,795.50","$6,558.50","$11,994.50","$6,799.50","$6,020.00","$5,616.50","$8,897.50","$4,081.00","$10,159.50","$6,062.00","$10,159.50","$7,407.50","$7,407.50","$5,948.00","$5,948.00","$8,798.00","$7,437.50","$6,358.50","$9,655.50","$6,018.00","$7,635.50","$8,922.00","$7,036.00","$7,036.00","$9,590.00","$7,333.00","$11,555.50","$9,717.00","$7,972.00","$7,179.50","$9,217.00","$9,137.50","$8,922.00","$12,217.00","$8,707.00","$6,432.50","$11,178.00","$8,484.50","$7,937.50","$9,199.50","$9,199.50","$8,620.00","$5,958.00","$5,958.00","$7,937.50","$7,937.50","$7,937.50","$9,199.50","$9,751.50","$12,177.00","$6,963.50","$8,083.00","$8,582.50","$11,596.00","$7,396.50","$11,013.00","$7,182.50","$8,617.00","$7,719.00","$4,081.00","$11,200.50","$11,255.50","$9,367.00","$9,316.50","$8,367.50","$10,120.00","$12,677.00","$4,468.00","$11,174.00","$12,918.00","$11,757.00","$8,650.50","$12,918.00","$13,084.50","$5,175.00","$8,381.50","$9,876.50","$7,444.50","$6,504.50","$7,272.50","$4,177.00","$6,456.50","$8,388.50","$10,626.00","$7,035.00","$7,651.00","$6,456.50","$6,539.50","$6,214.00","$6,942.00","$8,764.50","$4,178.00","$8,450.00","$9,053.50","$16,870.00","$8,847.50","$8,463.00","$7,080.00","$10,637.00","$10,734.00","$11,919.00","$12,303.50","$12,042.50","$20,154.00","$9,422.50","$11,447.00","$18,819.00","$12,860.50","$12,474.50","$18,819.00","$11,921.00","$11,713.00","$10,339.00","$12,455.00","$11,562.50","$11,521.00","$11,707.50","$12,654.50","$14,747.00","$10,557.00","$12,998.00","$15,468.50","$15,625.50","$16,712.50","$14,905.00","$21,231.50","$14,283.50","$15,468.50","$15,709.50","$14,317.50","$9,062.00","$23,897.00","$14,335.00","$23,300.50","$12,685.50","$14,455.50","$17,903.00","$23,897.00","$17,903.00","$10,557.00","$21,283.00","$16,003.50","$24,392.50","$22,610.00","$11,280.00","$17,507.00","$8,361.50","$19,071.50","$16,095.00","$11,993.50","$17,837.50","$19,483.00","$16,326.00","$18,903.00","$15,190.50","$15,190.50","$15,190.50","$8,073.50","$19,534.50","$8,307.50","$16,066.50","$7,401.00","$9,055.50","$9,847.50","$11,249.00","$11,822.50","$11,822.50","$10,708.50","$8,562.00","$19,261.50","$8,205.50","$8,589.50","$8,589.50","$11,143.50","$8,383.00","$11,773.00","$8,847.00","$10,880.00","$10,360.50","$11,388.50","$10,061.00","$11,249.00","$10,301.00","$10,700.00","$9,808.00","$10,971.00","$9,985.50","$9,386.00","$9,386.00","$10,481.00","$10,880.00","$11,568.50","$11,077.00","$12,633.50","$9,386.00","$10,700.00","$11,480.50","$11,252.00","$10,936.50","$11,480.50","$10,759.00","$10,481.00"
  Total PNL (P7),,,,split_detail,,$438.50,$438.50,$711.00,$379.50,"$3,854.00","$-3,509.50",$696.50,"$-5,051.50",$978.00,"$-3,528.00","$1,480.50","$1,480.50","$-1,857.00",$25.50,"$4,280.50","$1,530.00","$3,720.50",$960.50,$934.00,"$3,188.50","$-2,113.50","$2,614.50","$2,614.50","$2,519.00","$-2,452.50","$-3,367.50","$2,614.50",$-208.50,"$3,594.00","$-2,655.50","$1,832.00","$2,614.50","$2,614.50","$2,614.50","$2,614.50","$1,832.00","$-5,969.00","$-4,655.00","$-2,821.50","$3,387.00","$2,215.50",$972.00,"$-3,871.50",$967.50,"$1,168.50","$2,887.00","$-3,746.00","$2,533.00",$967.50,"$-7,648.00","$-2,864.50","$-7,237.00","$-5,086.00","$-5,983.50",$967.50,"$3,139.50",$967.50,$967.50,$450.00,"$-3,456.00","$2,714.50","$2,714.50",$-891.00,$30.50,"$2,280.00","$-2,998.00","$4,808.50","$-5,218.00","$9,833.50","$-3,745.50","$-3,745.50",$215.00,"$2,714.50","$-3,664.50",$-36.50,"$-1,686.00","$1,573.00",$967.50,$967.50,$967.50,"$7,846.50","$4,217.50","$1,573.00","$-4,136.00","$-2,076.50","$-8,453.50","$-3,950.00","$6,996.50","$6,996.50","$-6,985.50","$-4,136.00","$-3,337.00","$-7,024.00","$1,573.00","$2,855.50","$-5,991.50",$-315.50,"$1,573.00","$-4,136.00","$2,417.00","$-5,320.50","$-3,583.50","$-6,197.00","$-4,637.00","$-6,197.00","$-4,819.50","$1,704.50","$-5,802.50","$-5,470.00",$-315.50,$941.00,"$-8,996.50",$231.00,"$-7,958.00","$1,078.50",$-297.00,"$5,619.00","$-1,249.50","$11,096.50","$-3,583.50","$-3,664.50","$-3,583.50","$-2,571.00","$-2,571.00","$1,834.50","$1,834.50","$-3,342.50",$802.50,"$-2,427.50",$568.00,"$-1,425.50","$1,847.00","$-1,626.00","$-1,389.00","$-1,389.00","$-4,509.50","$-3,762.00","$-3,835.00","$-7,918.00","$-1,286.50",$328.50,"$-3,832.50","$-2,348.00","$-1,626.00","$-4,772.50","$3,085.50",$427.00,"$-5,674.00",$138.00,$397.00,"$-1,903.50","$-1,903.50",$-972.00,"$4,965.00","$4,965.00","$2,286.00","$2,286.00","$2,286.00","$-1,903.50","$-4,296.00","$-6,306.50","$2,996.00",$568.50,$-850.50,"$-7,375.50",$941.00,"$-5,628.50","$-4,364.50","$-5,942.00","$-3,453.50","$9,237.00","$-5,816.00","$-5,871.00","$3,544.00","$-2,959.00","$-2,532.50","$-5,527.50","$-5,996.50","$-1,538.00","$-4,610.00","$2,259.00","$-5,193.00","$-2,272.00","$1,749.00","$1,693.00","$-2,245.00","$-2,003.00","$-1,887.50","$-1,793.00",$105.00,$-663.00,"$8,190.00",$-45.00,"$-1,344.00","$-1,228.50",$9.50,"$-2,024.00",$-45.00,$-128.00,"$-1,856.50","$3,473.00","$-2,768.00","$-1,174.00","$-2,018.00","$-2,148.00","$-3,935.50","$-1,942.00",$-569.50,"$-2,365.00","$-5,764.00","$-6,010.50","$-5,559.00","$-5,943.50","$-4,379.50","$-8,160.50","$-4,338.50","$-5,087.00","$-5,733.50","$-6,500.50","$-7,601.50","$-5,733.50","$-5,561.00","$-5,353.00","$-5,255.50","$-3,755.50","$-6,554.00","$-2,821.50","$-6,386.00","$-7,931.00","$-12,239.50","$-5,473.50","$-8,507.00","$-14,787.50","$-14,944.50","$-14,708.50","$-12,397.50","$-13,166.00","$-8,374.00","$-14,787.50","$-14,278.00","$-14,626.50","$-2,653.50","$-14,736.00","$-8,481.00","$-13,755.50","$-5,022.50","$-11,948.00","$-16,471.50","$-14,736.00","$-16,471.50","$-5,473.50","$-13,217.50","$-14,572.00","$-15,231.50","$-12,783.00","$-4,922.50","$-16,075.50","$-3,277.50","$-8,431.50","$-14,663.50","$-7,284.50","$-17,409.00","$-7,213.00","$-15,897.50","$-18,474.50","$-1,533.00","$-1,533.00","$-1,533.00","$-1,610.50","$-7,264.50","$-1,844.50","$-15,638.00",$-499.00,"$-3,786.50","$-4,578.50","$-6,525.50","$-11,141.50","$-11,141.50","$-5,494.50","$-2,102.00","$-18,833.00","$-1,065.50","$-2,129.50","$-2,129.50","$-5,929.50","$-1,971.00","$-6,559.00","$-8,166.00","$-5,666.00","$-10,601.00","$-6,174.50","$-8,330.00","$-6,525.50","$-4,964.50","$-5,486.00","$-3,941.50","$-5,757.00","$-4,119.00","$-8,658.00","$-7,655.00","$-5,144.50","$-5,666.00","$-6,354.50","$-5,740.50","$-7,419.50","$-8,658.00","$-5,363.50","$-6,266.50","$-5,915.50","$-5,600.00","$-6,266.50","$-4,892.50","$-5,144.50"
  Avg Profit/Tr (P7),,,,split_detail,,$9.14,$9.14,$14.81,$7.59,$64.23,$-67.49,$11.61,$-71.15,$19.18,$-51.13,$24.27,$24.27,$-26.15,$0.40,$67.94,$21.86,$54.71,$13.53,$15.06,$49.82,$-34.65,$37.89,$37.89,$37.60,$-37.73,$-53.45,$37.89,$-3.47,$52.09,$-34.49,$29.08,$37.89,$37.89,$37.89,$37.89,$28.63,$-85.27,$-60.45,$-41.49,$52.11,$34.08,$14.73,$-56.93,$20.16,$19.81,$41.24,$-52.03,$40.85,$20.16,$-104.77,$-43.40,$-87.19,$-69.67,$-81.97,$20.16,$48.30,$20.16,$20.16,$6.16,$-48.00,$55.40,$55.40,$-12.55,$0.45,$31.67,$-42.23,$89.05,$-71.48,$213.77,$-49.94,$-49.94,$4.57,$55.40,$-45.81,$-0.57,$-22.48,$21.55,$20.16,$20.16,$20.16,$163.47,$82.70,$21.55,$-53.71,$-26.97,$-112.71,$-47.02,$155.48,$155.48,$-84.16,$-53.71,$-42.78,$-83.62,$21.55,$41.38,$-73.97,$-6.07,$21.55,$-53.71,$36.07,$-70.01,$-45.94,$-73.77,$-66.24,$-73.77,$-66.94,$23.67,$-76.35,$-80.44,$-6.07,$19.60,$-102.23,$3.21,$-103.35,$22.47,$-4.43,$98.58,$-23.58,$217.58,$-45.94,$-45.81,$-45.94,$-34.28,$-34.28,$25.13,$25.13,$-42.85,$11.98,$-29.97,$8.35,$-19.53,$32.98,$-30.68,$-19.03,$-19.03,$-62.63,$-44.79,$-54.01,$-91.01,$-17.39,$4.32,$-50.43,$-33.07,$-30.68,$-65.38,$56.10,$5.62,$-70.92,$1.84,$6.96,$-35.92,$-35.92,$-18.34,$87.11,$87.11,$40.11,$40.11,$40.11,$-35.92,$-54.38,$-81.90,$53.50,$9.32,$-14.18,$-93.36,$12.72,$-73.10,$-51.35,$-71.59,$-48.64,$188.51,$-73.62,$-74.32,$49.22,$-38.43,$-30.51,$-76.77,$-74.03,$-22.62,$-59.87,$27.89,$-66.58,$-27.37,$21.33,$19.69,$-32.54,$-24.13,$-29.04,$-21.35,$1.25,$-7.53,$157.50,$-0.49,$-14.77,$-19.50,$0.11,$-24.39,$-0.49,$-1.41,$-22.92,$66.79,$-29.45,$-15.45,$-36.69,$-22.85,$-39.36,$-20.66,$-5.75,$-38.15,$-57.07,$-58.93,$-54.50,$-58.85,$-42.11,$-74.87,$-54.92,$-49.39,$-53.09,$-63.11,$-71.71,$-53.09,$-52.96,$-52.48,$-65.69,$-35.43,$-59.58,$-26.62,$-56.51,$-73.44,$-83.83,$-68.42,$-75.28,$-102.69,$-104.51,$-98.71,$-79.98,$-118.61,$-77.54,$-102.69,$-89.24,$-102.28,$-33.59,$-111.64,$-77.81,$-106.63,$-46.50,$-75.62,$-101.05,$-111.64,$-101.05,$-68.42,$-118.01,$-90.51,$-115.39,$-93.99,$-61.53,$-98.62,$-40.97,$-77.35,$-91.08,$-64.46,$-106.15,$-66.17,$-98.74,$-111.97,$-13.69,$-13.69,$-13.69,$-17.89,$-66.04,$-20.49,$-95.35,$-5.31,$-39.44,$-47.69,$-62.75,$-83.15,$-83.15,$-53.34,$-21.90,$-112.10,$-11.10,$-22.18,$-22.18,$-57.01,$-20.32,$-63.07,$-68.62,$-52.95,$-80.31,$-58.80,$-68.84,$-62.75,$-47.28,$-52.25,$-37.54,$-54.31,$-39.23,$-70.97,$-63.26,$-48.08,$-52.95,$-59.39,$-54.16,$-68.70,$-70.97,$-51.08,$-58.57,$-54.77,$-51.85,$-58.57,$-45.30,$-48.08
  Span (min) (P7),,,,split_detail,,180.31,180.31,180.00,181.20,181.40,162.12,158.75,172.56,176.76,173.91,167.80,167.80,139.86,180.97,188.00,158.36,157.72,156.55,147.68,185.62,176.67,156.52,156.52,158.28,147.14,175.62,156.52,178.97,163.48,149.61,179.73,156.52,156.52,156.52,156.52,184.69,163.89,150.58,177.35,179.40,177.00,179.83,178.94,133.00,174.29,161.79,170.67,180.74,133.00,149.59,147.27,151.81,172.11,149.26,133.00,184.20,133.00,133.00,159.66,173.17,137.71,137.71,160.56,175.06,165.00,173.58,186.44,171.78,202.17,150.20,150.20,133.45,137.71,162.38,171.64,152.60,163.36,133.00,133.00,133.00,159.54,135.33,163.36,148.25,150.58,156.16,161.96,198.13,198.13,152.17,148.25,147.12,149.64,163.36,164.00,147.96,162.88,163.36,148.25,174.43,149.80,147.50,154.64,154.46,154.64,172.67,176.04,149.80,154.06,162.88,134.75,155.11,172.61,137.92,134.46,172.88,168.98,160.87,160.31,147.50,162.38,147.50,156.20,156.20,165.82,165.82,150.00,172.48,161.30,176.65,178.26,159.25,157.43,157.40,157.40,141.83,166.96,153.46,152.76,162.16,157.11,148.82,167.72,157.43,158.63,158.84,161.25,148.12,169.60,154.00,157.70,157.70,160.60,166.04,166.04,157.93,157.93,157.93,157.70,149.05,159.58,187.71,181.77,176.80,146.01,160.14,145.91,167.12,167.89,174.13,152.29,144.87,145.06,148.17,157.79,140.67,170.99,158.07,172.50,135.43,135.70,137.85,176.05,135.95,134.23,170.65,177.14,165.97,175.19,134.86,134.32,145.92,136.22,139.25,174.48,138.13,178.08,136.22,136.35,180.72,131.92,135.32,172.30,157.05,139.40,133.80,137.49,130.26,146.71,133.43,133.53,140.24,138.18,148.73,136.07,125.70,139.22,135.44,137.71,135.28,135.44,139.43,138.47,135.94,143.21,131.54,148.30,127.47,134.00,107.78,135.56,130.35,103.44,105.44,105.80,107.39,136.43,133.67,103.44,106.31,103.58,145.06,115.71,136.62,114.71,145.78,107.48,102.81,115.71,102.81,135.56,139.39,104.96,114.33,112.21,139.12,102.81,126.75,134.42,106.00,127.70,101.76,137.61,103.83,100.88,143.14,143.14,143.14,128.80,140.62,129.07,100.82,132.26,132.50,134.75,132.23,105.42,105.42,128.85,131.12,97.50,130.62,131.00,131.00,127.73,130.02,128.88,109.29,129.20,108.08,130.97,106.68,132.23,129.94,130.29,129.26,128.04,129.37,108.56,109.11,128.86,129.20,129.87,129.06,130.44,108.56,130.06,133.79,129.78,129.44,133.79,129.11,128.86
  Sortino (P9),,,,split_detail,,5.1066,5.1066,5.2829,5.7949,8.3073,-0.2661,0.4693,10.4175,5.9470,10.2200,9.1422,9.1422,2.2118,6.4239,11.2497,2.3410,4.2972,2.3410,5.5508,11.4768,5.2601,4.3820,4.3820,2.5520,7.7448,7.5711,4.2972,6.8019,2.6959,1.6654,6.0131,4.0638,4.0638,4.0638,4.0638,8.1882,10.2944,2.3773,9.4038,5.7202,5.2601,5.1406,4.2586,3.1191,5.4625,2.1903,9.3248,5.9746,2.9931,8.5491,8.1768,3.7206,8.8894,7.2865,2.9931,5.5998,2.9931,2.9931,2.3410,8.9540,3.1685,3.1685,3.5762,7.2492,2.6450,9.8405,16.2343,8.6583,13.1895,1.5388,1.5388,3.1685,2.8407,1.7897,4.4794,0.8646,2.7322,3.1685,3.1685,3.1685,4.4383,3.8829,2.7322,0.2440,0.1755,6.7608,2.6959,12.8053,12.8053,1.9328,0.7728,-1.7294,2.8255,1.3822,6.6658,3.7478,5.8462,2.5730,0.7728,5.6622,-1.3705,-0.0938,2.5101,6.5470,3.0684,6.9891,4.4282,-0.5765,7.3168,5.4228,4.1536,1.8335,4.5544,6.1313,3.0975,3.9167,5.9617,5.6561,3.8875,-1.2570,2.3874,-0.3282,0.0442,0.0442,1.6152,1.6152,-3.8053,5.7635,3.8764,8.3347,4.2359,6.8544,5.4024,4.1351,4.1351,5.5866,2.5327,5.5798,2.9478,-0.5528,-0.9387,-0.8479,4.0425,4.5969,7.1792,2.7957,-0.7307,-0.6595,-0.7531,6.8544,3.7471,3.7471,5.6070,4.5197,4.5197,4.8191,4.8191,4.8191,5.0815,-2.6089,4.0848,14.6518,8.0571,9.0705,-1.0585,-2.0840,-1.6754,1.6634,2.1708,3.6786,2.9171,-0.9048,-1.6625,0.8447,-1.5106,3.2619,3.4897,3.5218,3.9717,2.0753,1.8072,1.8201,3.3201,1.8072,1.0606,3.9717,2.7134,9.6528,2.7481,1.0627,0.4713,3.5819,0.0471,0.5618,8.0853,0.3932,3.5782,0.0471,0.4091,2.9570,4.5165,-0.4766,3.5154,4.2425,-0.3099,-0.4247,-0.2504,-0.0183,9.4099,-0.8422,-1.0887,-0.6023,-0.6177,-0.3190,-0.9988,0.4349,-1.3917,-1.1729,-0.8788,-1.6595,-1.1729,-1.1313,-0.9524,0.8548,-0.7874,-1.5881,-0.8766,-1.8800,-1.3952,0.0215,0.8548,-2.1036,0.6714,0.1718,0.2280,0.4302,-1.1503,-1.7862,0.4946,0.8071,0.5330,0.1626,-1.0214,-1.8623,-0.8581,-1.4626,0.4302,0.9043,-1.0214,0.9043,0.8548,-1.6143,0.6317,-1.0214,0.0308,0.7705,0.7171,0.3598,-1.0330,0.7309,-3.0657,0.7171,-2.6613,0.7415,0.5806,-2.4854,-2.6613,-2.6613,1.4810,-2.8417,1.2388,0.0577,0.6841,0.1166,-0.0306,-0.5666,0.4986,0.4986,-0.3479,0.6546,-0.0884,0.7642,0.3948,0.3948,-0.7033,0.4600,-0.5485,1.1652,0.4846,0.3247,-0.8371,1.1189,-0.7421,-0.1707,-0.0897,0.1862,-0.7239,-0.3101,0.5825,0.7854,0.0961,0.2056,-0.5479,-0.3365,-0.8218,0.5825,-0.2260,-0.0775,-0.5424,-0.8020,-0.0775,-0.5313,-0.3217
  Trades/D (P9),,,,split_detail,,0.274,0.274,0.274,0.280,0.518,0.329,0.372,0.494,0.293,0.488,0.518,0.518,0.390,0.433,0.396,0.421,0.390,0.421,0.518,0.402,0.457,0.396,0.396,0.390,0.518,0.470,0.390,0.409,0.415,0.421,0.439,0.402,0.402,0.402,0.402,0.427,0.488,0.409,0.500,0.451,0.457,0.457,0.500,0.293,0.439,0.415,0.494,0.445,0.299,0.500,0.512,0.415,0.500,0.494,0.299,0.451,0.299,0.299,0.421,0.488,0.299,0.299,0.421,0.470,0.421,0.506,0.360,0.500,0.299,0.421,0.421,0.299,0.305,0.402,0.470,0.421,0.421,0.299,0.299,0.299,0.299,0.323,0.421,0.421,0.427,0.518,0.415,0.299,0.299,0.427,0.427,0.433,0.427,0.427,0.549,0.421,0.280,0.421,0.427,0.463,0.415,0.433,0.421,0.512,0.421,0.524,0.482,0.439,0.506,0.287,0.299,0.421,0.500,0.500,0.293,0.482,0.311,0.287,0.323,0.427,0.409,0.433,0.445,0.445,0.427,0.427,0.433,0.530,0.415,0.482,0.500,0.311,0.287,0.421,0.421,0.518,0.421,0.518,0.427,0.427,0.445,0.433,0.500,0.293,0.512,0.287,0.433,0.433,0.439,0.311,0.287,0.287,0.299,0.317,0.317,0.317,0.317,0.317,0.287,0.433,0.512,0.378,0.451,0.439,0.445,0.433,0.439,0.433,0.421,0.494,0.348,0.439,0.433,0.524,0.445,0.555,0.506,0.543,0.396,0.524,0.567,0.530,0.549,0.567,0.598,0.396,0.549,0.439,0.549,0.579,0.591,0.341,0.604,0.598,0.451,0.604,0.555,0.604,0.604,0.543,0.341,0.616,0.415,0.293,0.622,0.634,0.622,0.665,0.463,0.652,0.659,0.646,0.646,0.665,0.652,0.421,0.671,0.671,0.665,0.671,0.671,0.665,0.665,0.421,0.683,0.774,0.683,0.799,0.665,1.018,0.421,0.780,0.982,0.939,1.024,1.037,0.665,0.683,0.982,1.030,0.988,0.421,0.787,0.671,0.780,0.671,1.037,1.043,0.787,1.043,0.421,0.677,1.043,0.787,0.817,0.421,1.043,0.427,0.671,1.037,0.799,1.043,0.695,1.049,1.043,0.689,0.695,0.695,0.604,0.695,0.591,1.043,0.622,0.622,0.622,0.652,0.896,0.896,0.659,0.622,1.055,0.628,0.628,0.628,0.665,0.634,0.665,0.774,0.646,0.884,0.671,0.799,0.671,0.677,0.646,0.665,0.683,0.683,0.805,0.805,0.671,0.640,0.665,0.677,0.671,0.805,0.677,0.677,0.683,0.689,0.677,0.689,0.677
  Profit Fac (P9),,,,split_detail,,1.3929,1.3929,1.4274,1.4703,1.4960,0.9862,1.0276,1.6897,1.4751,1.6800,1.5849,1.5849,1.1534,1.6096,1.7604,1.1475,1.3027,1.1475,1.3262,1.7719,1.4698,1.3135,1.3135,1.1737,1.5064,1.5010,1.3027,1.6824,1.1803,1.1061,1.5527,1.2853,1.2853,1.2853,1.2853,1.5048,1.7188,1.1462,1.5960,1.5041,1.4698,1.4531,1.2438,1.2558,1.4947,1.1534,1.6150,1.5490,1.2374,1.5689,1.5462,1.2523,1.5662,1.4673,1.2374,1.4870,1.2374,1.2374,1.1475,1.6026,1.2591,1.2591,1.2468,1.4686,1.1840,1.6544,2.1922,1.5659,1.9920,1.0984,1.0984,1.2591,1.2275,1.1209,1.3791,1.0538,1.1941,1.2591,1.2591,1.2591,1.3180,1.3133,1.1941,1.0151,1.0106,1.4286,1.1803,1.9631,1.9631,1.1187,1.0485,0.9100,1.1772,1.0918,1.4335,1.2309,1.3893,1.1828,1.0485,1.5259,0.9189,0.9950,1.1621,1.4070,1.2085,1.4290,1.3645,0.9666,1.4482,1.3552,1.3486,1.1122,1.3848,1.4153,1.2533,1.3292,1.4673,1.3770,1.3033,0.9316,1.1638,0.9819,1.0027,1.0027,1.1105,1.1105,0.7851,1.3298,1.2557,1.4839,1.3470,1.4990,1.3509,1.2846,1.2846,1.3602,1.1746,1.3404,1.1884,0.9659,0.9416,0.9467,1.3415,1.3142,1.5131,1.1998,0.9562,0.9627,0.9533,1.4990,1.2508,1.2508,1.3922,1.3479,1.3479,1.3370,1.3370,1.3370,1.3401,0.8466,1.2757,2.0531,1.5138,1.5806,0.9376,0.8510,0.8989,1.1111,1.1530,1.3060,1.2532,0.9425,0.8956,1.0448,0.9049,1.1675,1.2832,1.2251,1.3278,1.1083,1.0911,1.0944,1.2841,1.0911,1.0509,1.3278,1.2281,1.6426,1.2331,1.0521,1.0226,1.2779,1.0022,1.0284,1.5346,1.0199,1.3068,1.0022,1.0207,1.2436,1.3794,0.9778,1.2756,1.2810,0.9847,0.9798,0.9875,0.9990,1.6581,0.9601,0.9490,0.9703,0.9696,0.9837,0.9530,1.0275,0.9321,0.9451,0.9564,0.9234,0.9451,0.9442,0.9530,1.0619,0.9614,0.9154,0.9567,0.9038,0.9350,1.0014,1.0619,0.8895,1.0451,1.0112,1.0151,1.0286,0.9435,0.9195,1.0333,1.0547,1.0361,1.0115,0.9403,0.9138,0.9495,0.9278,1.0286,1.0599,0.9403,1.0599,1.0619,0.9197,1.0422,0.9403,1.0018,1.0550,1.0476,1.0227,0.9492,1.0493,0.8381,1.0476,0.8770,1.0502,1.0382,0.8848,0.8770,0.8770,1.0790,0.8683,1.0630,1.0040,1.0353,1.0058,0.9985,0.9729,1.0338,1.0338,0.9828,1.0340,0.9939,1.0399,1.0202,1.0202,0.9656,1.0239,0.9732,1.0848,1.0251,1.0223,0.9593,1.0797,0.9636,0.9912,0.9956,1.0097,0.9636,0.9840,1.0408,1.0550,1.0050,1.0102,0.9730,0.9827,0.9600,1.0408,0.9884,0.9960,0.9724,0.9593,0.9960,0.9727,0.9835
  Max DD (P9),,,,split_detail,,"$3,137.50","$3,137.50","$2,919.50","$2,919.50","$9,105.50","$5,912.00","$5,089.50","$5,938.00","$2,919.50","$5,537.00","$7,604.50","$7,604.50","$5,985.50","$4,909.50","$4,623.50","$7,528.50","$5,660.00","$7,528.50","$7,059.00","$4,623.50","$6,351.50","$5,660.00","$5,660.00","$5,876.00","$4,928.50","$4,623.50","$5,660.00","$4,909.50","$8,493.00","$8,679.00","$6,351.50","$5,876.00","$5,876.00","$5,876.00","$5,876.00","$4,415.50","$5,567.00","$7,448.00","$5,537.00","$6,351.50","$6,351.50","$6,351.50","$8,672.50","$4,902.00","$6,117.50","$8,961.50","$6,705.50","$4,649.00","$5,003.50","$6,509.00","$4,928.50","$7,818.00","$5,615.00","$6,092.00","$5,003.50","$6,351.50","$5,003.50","$5,003.50","$7,528.50","$5,870.50","$4,902.00","$4,902.00","$8,132.00","$4,623.50","$9,209.00","$4,459.00","$4,350.50","$6,705.50","$3,821.50","$7,481.00","$7,481.00","$4,902.00","$5,412.00","$7,746.00","$6,351.50","$7,481.00","$8,961.50","$4,902.00","$4,902.00","$4,902.00","$3,766.50","$4,200.00","$8,961.50","$9,092.50","$9,092.50","$5,879.00","$8,493.00","$3,821.50","$3,821.50","$7,996.50","$9,092.50","$8,694.00","$7,996.50","$9,597.50","$7,616.00","$7,528.50","$6,256.00","$8,961.50","$9,092.50","$6,117.50","$9,200.00","$9,094.00","$9,151.00","$6,092.00","$8,039.00","$6,016.00","$7,193.00","$10,053.50","$6,092.00","$6,766.00","$4,941.50","$7,660.00","$8,323.00","$5,647.00","$4,941.50","$6,351.50","$3,877.50","$5,558.00","$4,483.00","$9,588.50","$7,746.00","$9,588.50","$7,109.00","$7,109.00","$9,833.50","$9,833.50","$9,373.50","$8,521.50","$8,493.00","$4,415.50","$8,310.00","$4,264.00","$6,766.00","$7,818.00","$7,818.00","$5,244.00","$9,445.00","$6,170.00","$7,528.50","$9,092.50","$10,582.00","$10,582.00","$8,323.00","$5,435.50","$4,415.50","$5,088.50","$9,092.50","$8,459.50","$8,691.50","$4,264.00","$6,766.00","$6,766.00","$5,605.50","$4,387.50","$4,387.50","$4,264.00","$4,264.00","$4,264.00","$6,766.00","$9,792.00","$5,428.50","$4,350.50","$7,307.50","$4,285.00","$10,619.50","$11,387.50","$11,950.00","$9,833.50","$9,888.50","$7,193.00","$4,721.50","$12,193.00","$12,193.00","$8,770.00","$10,322.00","$8,986.00","$8,310.00","$5,145.50","$6,920.00","$8,843.50","$8,786.00","$8,843.50","$8,323.00","$8,786.00","$10,545.50","$6,920.00","$8,323.00","$6,185.00","$8,323.00","$10,545.50","$10,545.50","$4,063.00","$10,545.50","$10,096.00","$4,817.00","$9,951.00","$8,286.00","$10,545.50","$9,951.00","$8,310.00","$3,892.50","$11,776.50","$7,777.00","$7,368.00","$11,327.00","$10,448.50","$11,182.00","$15,125.50","$4,105.50","$11,713.00","$12,368.00","$11,282.50","$11,282.50","$12,234.00","$12,101.50","$4,051.00","$13,073.50","$16,726.00","$11,747.00","$13,325.50","$16,726.00","$12,928.50","$11,892.00","$5,291.50","$13,139.00","$18,134.00","$13,402.50","$18,774.00","$12,929.50","$10,361.00","$5,291.50","$18,378.00","$9,514.00","$9,776.50","$9,772.50","$9,471.00","$12,743.00","$13,325.50","$9,514.00","$9,163.00","$9,514.00","$5,591.00","$7,838.00","$12,903.00","$7,838.00","$12,743.00","$9,471.00","$9,007.00","$7,838.00","$9,007.00","$5,291.50","$12,743.00","$9,471.00","$7,838.00","$7,988.50","$5,591.00","$9,392.50","$4,321.00","$11,884.00","$9,163.00","$19,168.00","$9,392.50","$15,466.50","$9,163.00","$9,415.50","$15,466.50","$15,466.50","$15,466.50","$7,966.00","$15,044.00","$8,083.00","$9,256.00","$9,944.00","$9,911.00","$10,578.00","$10,780.00","$9,358.00","$9,358.00","$10,389.00","$9,615.00","$9,256.00","$9,956.50","$10,257.00","$10,257.00","$11,348.00","$9,917.00","$11,136.00","$7,167.50","$10,409.50","$9,514.00","$11,136.00","$8,882.50","$10,986.00","$10,584.50","$9,871.50","$10,171.50","$12,003.00","$10,781.00","$9,544.00","$9,544.00","$10,584.50","$9,871.50","$11,136.00","$10,584.50","$11,136.00","$9,544.00","$10,690.00","$10,986.00","$11,568.50","$11,870.50","$10,986.00","$11,765.00","$10,584.50"
  Total PNL (P9),,,,split_detail,,"$7,860.00","$7,860.00","$8,343.50","$9,293.00","$17,321.50",$-395.00,$917.50,"$21,750.00","$9,741.50","$21,172.00","$19,280.50","$19,280.50","$3,666.50","$15,009.00","$17,717.00","$4,272.50","$7,402.00","$4,272.50","$11,354.00","$18,295.00","$12,656.50","$7,666.00","$7,666.00","$4,341.50","$16,269.50","$14,323.50","$7,402.00","$15,505.00","$5,124.50","$2,924.50","$14,183.00","$7,129.50","$7,129.50","$7,129.50","$7,129.50","$14,195.50","$21,379.50","$4,014.00","$19,533.00","$13,580.00","$12,656.50","$12,346.00","$8,402.50","$4,988.00","$12,604.50","$4,461.00","$19,922.50","$13,775.00","$4,795.00","$17,757.00","$17,095.50","$6,704.00","$18,630.50","$15,058.50","$4,795.00","$13,269.50","$4,795.00","$4,795.00","$4,272.50","$19,148.00","$5,132.50","$5,132.50","$6,789.50","$13,714.00","$5,399.00","$20,792.50","$24,531.00","$18,907.50","$16,515.00","$3,332.50","$3,332.50","$5,132.50","$4,622.50","$3,347.50","$10,884.00","$1,897.00","$5,646.50","$5,132.50","$5,132.50","$5,132.50","$6,809.00","$6,641.00","$5,646.50",$535.50,$391.50,"$14,381.50","$5,124.50","$16,034.00","$16,034.00","$3,538.00","$1,721.00","$-3,407.50","$5,026.00","$2,831.50","$15,374.50","$6,457.50","$7,878.50","$5,317.50","$1,721.00","$13,891.50","$-3,014.00",$-184.00,"$4,695.50","$13,776.50","$5,807.50","$14,991.00","$10,823.50","$-1,256.00","$14,461.00","$7,368.50","$6,770.00","$3,308.50","$11,573.50","$13,450.50","$4,948.50","$9,806.00","$10,027.50","$7,937.00","$6,757.00","$-2,562.00","$4,533.00",$-678.50,$103.50,$103.50,"$3,349.00","$3,349.00","$-8,548.50","$12,085.00","$7,006.50","$16,248.00","$10,729.50","$10,482.50","$7,303.50","$7,560.50","$7,560.50","$12,013.00","$5,163.00","$11,896.50","$5,458.00","$-1,267.00","$-2,353.00","$-2,093.50","$10,272.50","$6,591.50","$17,223.00","$4,449.50","$-1,667.50","$-1,345.50","$-1,793.50","$10,482.50","$5,261.00","$5,261.00","$8,295.00","$7,644.00","$7,644.00","$7,464.00","$7,464.00","$7,464.00","$7,134.50","$-6,083.00","$9,693.00","$23,024.00","$15,105.50","$16,261.50","$-2,467.50","$-6,252.50","$-4,137.50","$3,452.00","$4,609.50","$9,280.50","$6,654.00","$-2,269.00","$-4,113.00","$1,834.00","$-3,813.00","$7,017.00","$8,905.00","$8,716.50","$8,159.00","$4,318.50","$4,054.50","$3,813.00","$9,992.50","$4,054.50","$2,426.00","$8,159.00","$8,145.00","$17,410.00","$8,290.00","$2,435.50","$1,086.50","$6,366.50",$110.00,"$1,361.00","$14,279.00",$961.50,"$10,914.00",$110.00,"$1,000.50","$8,771.00","$8,051.00","$-1,121.00","$7,396.50","$5,854.00",$-767.00,"$-1,028.00",$-622.00,$-43.00,"$17,899.00","$-2,086.50","$-2,702.50","$-1,527.00","$-1,566.00",$-839.00,"$-2,475.00",$868.50,"$-3,656.50","$-2,952.00","$-2,291.00","$-4,165.50","$-2,952.00","$-2,967.00","$-2,475.00","$1,912.50","$-2,080.50","$-4,240.00","$-2,344.00","$-5,053.00","$-3,491.50",$90.00,"$1,912.50","$-5,587.50","$2,766.00",$693.00,$961.50,"$1,827.50","$-3,009.00","$-4,502.00","$2,037.50","$3,461.50","$2,209.50",$374.50,"$-3,039.00","$-4,738.00","$-2,547.00","$-3,907.00","$1,827.50","$3,809.50","$-3,039.00","$3,809.50","$1,912.50","$-4,384.00","$2,699.00","$-3,039.00",$92.50,"$1,719.00","$3,029.50",$726.50,"$-2,733.50","$3,127.00","$-8,565.00","$3,029.50","$-7,099.50","$3,194.00","$2,445.50","$-6,594.00","$-7,099.50","$-7,099.50","$3,626.50","$-7,672.00","$2,921.00",$246.50,"$1,687.50",$282.50,$-72.00,"$-1,391.00","$1,901.00","$1,901.00",$-880.50,"$1,619.50",$-381.00,"$1,892.00",$977.50,$977.50,"$-1,792.00","$1,149.50","$-1,383.00","$4,070.50","$1,232.00","$1,245.50","$-2,133.00","$4,012.00","$-1,896.50",$-448.50,$-221.00,$481.00,"$-1,906.00",$-818.50,"$2,091.50","$2,820.00",$252.00,$505.50,"$-1,393.50",$-884.50,"$-2,094.00","$2,091.50",$-593.00,$-205.00,"$-1,432.50","$-2,131.50",$-205.00,"$-1,412.00",$-845.50
  Avg Profit/Tr (P9),,,,split_detail,,$174.67,$174.67,$185.41,$202.02,$203.78,$-7.31,$15.04,$268.52,$202.95,$264.65,$226.83,$226.83,$57.29,$211.39,$272.57,$61.92,$115.66,$61.92,$133.58,$277.20,$168.75,$117.94,$117.94,$67.84,$191.41,$186.02,$115.66,$231.42,$75.36,$42.38,$196.99,$108.02,$108.02,$108.02,$108.02,$202.79,$267.24,$59.91,$238.21,$183.51,$168.75,$164.61,$102.47,$103.92,$175.06,$65.60,$245.96,$188.70,$97.86,$216.55,$203.52,$98.59,$227.20,$185.91,$97.86,$179.32,$97.86,$97.86,$61.92,$239.35,$104.74,$104.74,$98.40,$178.10,$78.25,$250.51,$415.78,$230.58,$337.04,$48.30,$48.30,$104.74,$92.45,$50.72,$141.35,$27.49,$81.83,$104.74,$104.74,$104.74,$138.96,$125.30,$81.83,$7.76,$5.59,$169.19,$75.36,$327.22,$327.22,$50.54,$24.59,$-47.99,$71.80,$40.45,$170.83,$93.59,$171.27,$77.07,$24.59,$182.78,$-44.32,$-2.59,$68.05,$164.01,$84.17,$174.31,$137.01,$-17.44,$174.23,$156.78,$138.16,$47.95,$141.14,$164.03,$103.09,$124.13,$196.62,$168.87,$127.49,$-36.60,$67.66,$-9.56,$1.42,$1.42,$47.84,$47.84,$-120.40,$138.91,$103.04,$205.67,$130.85,$205.54,$155.39,$109.57,$109.57,$141.33,$74.83,$139.96,$77.97,$-18.10,$-32.23,$-29.49,$125.27,$137.32,$205.04,$94.67,$-23.49,$-18.95,$-24.91,$205.54,$111.94,$111.94,$169.29,$147.00,$147.00,$143.54,$143.54,$143.54,$151.80,$-85.68,$115.39,$371.35,$204.13,$225.85,$-33.80,$-88.06,$-57.47,$48.62,$66.80,$114.57,$116.74,$-31.51,$-57.93,$21.33,$-52.23,$77.11,$107.29,$97.94,$125.52,$50.22,$43.60,$43.83,$111.03,$43.60,$24.76,$125.52,$90.50,$241.81,$92.11,$25.64,$11.20,$113.69,$1.11,$13.89,$192.96,$9.71,$119.93,$1.11,$10.11,$98.55,$143.77,$-11.10,$108.77,$121.96,$-7.52,$-9.88,$-6.10,$-0.39,$235.51,$-19.50,$-25.02,$-14.41,$-14.77,$-7.70,$-23.13,$12.59,$-33.24,$-26.84,$-21.02,$-37.87,$-26.84,$-27.22,$-22.71,$27.72,$-18.58,$-33.39,$-20.93,$-38.57,$-32.03,$0.54,$27.72,$-43.65,$17.18,$4.50,$5.72,$10.75,$-27.61,$-40.20,$12.66,$20.48,$13.64,$5.43,$-23.56,$-43.07,$-19.90,$-35.52,$10.75,$22.28,$-23.56,$22.28,$27.72,$-39.50,$15.78,$-23.56,$0.69,$24.91,$17.72,$10.38,$-24.85,$18.39,$-65.38,$17.72,$-62.28,$18.57,$14.30,$-58.35,$-62.28,$-62.28,$36.63,$-67.30,$30.11,$1.44,$16.54,$2.77,$-0.71,$-13.00,$12.93,$12.93,$-8.15,$15.88,$-2.20,$18.37,$9.49,$9.49,$-16.44,$11.05,$-12.69,$32.05,$11.62,$8.59,$-19.39,$30.63,$-17.24,$-4.04,$-2.08,$4.41,$-17.02,$-7.31,$15.84,$21.36,$2.29,$4.81,$-12.78,$-7.97,$-19.04,$15.84,$-5.34,$-1.85,$-12.79,$-18.86,$-1.85,$-12.50,$-7.62
  Span (min) (P9),,,,split_detail,,219.33,219.33,218.00,217.83,183.67,192.50,207.05,188.74,222.19,188.70,177.04,177.04,189.61,168.08,195.69,173.04,210.00,173.04,152.89,195.64,164.49,210.46,210.46,210.70,159.25,199.64,210.00,170.94,193.24,185.22,166.83,210.23,210.23,210.23,210.23,196.11,179.55,179.55,189.51,169.00,164.49,165.53,193.02,186.08,172.43,195.00,181.48,169.89,185.14,170.78,156.71,182.21,181.46,163.70,185.14,170.05,185.14,185.14,173.04,183.60,181.71,181.71,190.43,199.32,196.52,183.18,191.19,181.17,181.71,206.52,206.52,181.71,182.00,192.95,167.65,210.87,196.30,181.71,181.71,181.71,207.43,183.58,196.30,206.09,208.71,168.85,193.24,182.94,182.94,170.57,207.21,187.82,171.86,189.21,162.27,176.09,179.26,194.57,207.21,166.26,195.88,195.21,185.22,163.57,183.91,180.42,164.56,198.12,165.69,179.62,191.43,173.48,167.89,150.88,186.67,166.20,187.49,181.70,196.53,196.07,194.33,195.63,201.58,201.58,193.29,193.29,185.70,186.90,193.68,211.90,169.95,180.35,179.91,181.96,181.96,148.09,198.04,158.68,174.64,215.14,207.74,209.37,165.51,170.04,192.86,210.60,210.63,194.15,221.04,180.35,171.87,173.36,177.71,181.46,181.46,169.35,169.35,169.35,180.21,193.73,187.29,188.71,190.05,191.33,186.99,207.89,194.38,190.35,207.61,165.79,187.40,205.21,205.99,137.72,208.56,144.66,167.90,187.55,194.08,147.07,138.32,145.66,165.39,138.32,139.22,194.08,163.80,185.00,163.94,141.47,139.92,179.75,138.79,140.08,189.73,139.03,166.00,138.79,138.79,168.71,173.50,137.82,193.01,161.88,138.12,138.35,138.00,114.50,161.37,139.63,139.33,138.68,138.91,140.92,139.29,158.04,138.33,132.65,138.50,137.78,132.65,139.05,138.83,162.39,139.71,118.02,139.82,114.72,137.83,111.08,162.39,117.30,112.43,116.55,111.00,111.34,138.50,137.36,111.48,112.91,111.74,171.30,130.88,137.24,131.69,138.65,111.34,111.59,130.88,111.59,162.39,136.65,111.26,130.88,121.72,166.09,110.44,155.57,138.33,112.66,116.60,110.44,134.32,111.84,109.79,135.29,134.32,134.32,131.76,133.79,133.86,105.78,130.59,132.71,136.35,133.57,105.24,105.24,134.00,128.35,105.61,126.64,128.50,128.50,134.64,128.08,133.76,106.93,133.02,105.72,132.87,105.91,133.53,131.46,131.77,128.59,131.36,128.89,105.00,106.17,131.78,132.23,132.88,129.84,132.65,105.00,131.78,130.27,130.82,128.60,130.27,128.18,129.62
  Sortino (P11),,,,split_detail,,6.5028,6.5028,6.3779,5.4297,0.5796,15.1773,16.2530,4.9956,7.2735,4.5501,-0.5904,-0.4992,8.0372,7.4298,0.3565,11.3857,6.9289,11.3857,0.8883,0.4024,8.5402,7.7079,7.7079,7.8087,0.2809,0.2452,6.9289,6.1061,9.9927,5.3611,9.1976,7.7079,7.7079,7.7079,7.7079,1.4456,2.6953,9.5248,2.3121,7.1078,7.1078,7.1360,1.8576,4.7044,7.9610,9.6240,3.1148,8.9626,4.7044,4.1277,0.5637,10.9803,4.1572,3.6557,4.4178,7.9706,4.4178,4.4178,8.3506,3.2604,4.4344,4.4344,10.1701,0.9430,9.1662,1.6329,0.4237,4.2302,0.9023,9.0056,9.0056,3.5054,4.1024,9.1961,6.8538,7.8766,9.3236,3.3768,3.3768,3.3768,2.8402,4.4135,8.9157,8.8977,7.9299,3.3129,8.0945,0.4835,0.4835,11.5557,9.0056,9.5171,11.7832,10.8175,0.7391,8.1553,2.5425,8.9157,8.6790,6.7559,10.1002,7.6653,11.4717,0.7226,11.4717,2.4495,7.1639,8.3716,0.8200,2.0509,4.5772,10.9278,7.1695,3.1302,4.5772,6.1999,2.8159,3.3710,2.6899,7.6165,7.5951,7.8642,9.9349,9.9349,11.3331,11.3331,8.6239,-0.1018,9.1251,0.5133,6.0218,2.2795,2.3180,7.1174,7.1174,1.1818,9.0519,1.0684,8.0285,6.6672,6.1038,6.3113,7.1695,1.9623,-1.2688,4.9023,6.5133,7.5722,5.7768,2.2795,1.9623,1.9623,2.0049,2.0193,2.0193,2.2135,2.2135,2.2135,2.3180,8.2104,1.0669,0.1360,1.1047,2.4007,10.7296,9.3977,7.5935,10.1894,9.3422,5.4965,2.6095,7.8305,7.5022,10.1316,6.2405,10.9601,5.4965,2.8147,1.3982,10.8639,7.9966,10.8040,5.2317,7.5573,10.0773,1.3982,4.4921,0.2837,3.7541,11.3325,10.9233,2.2358,9.2440,9.4494,1.5152,9.6863,2.6115,9.0326,8.2944,4.2902,2.3784,8.3779,1.2179,2.1394,7.5411,9.0009,7.5411,15.6784,1.1695,9.0009,9.6940,7.9248,7.9248,7.8626,9.8497,13.7915,8.1628,9.8021,7.6561,8.4610,9.8021,7.6561,7.6561,11.1766,7.5258,12.3187,7.7155,13.3300,6.1452,8.6117,10.6912,11.2094,7.3935,8.3660,7.3800,8.5821,7.7958,6.1452,7.0956,7.8849,6.9167,8.6875,4.7498,6.4127,4.5795,7.7221,8.3099,7.6667,4.7588,7.6667,8.5432,8.1905,7.1764,4.5856,3.1170,8.4881,7.7436,8.1132,6.2560,7.0285,11.3294,7.4198,7.5776,6.7430,7.5762,7.7237,6.9617,6.9617,10.0835,7.5776,9.8637,8.2391,8.4117,8.2657,8.6009,8.6050,9.3484,9.3484,8.7475,7.3958,7.9531,7.3958,7.3958,7.3958,10.0371,7.3958,8.1345,8.6450,6.1096,8.3793,8.4962,8.6496,8.3499,7.7238,7.9551,7.8784,8.0847,7.8784,8.0262,8.2622,5.4250,5.7610,5.9505,7.6748,5.9505,8.0262,7.6456,6.2438,7.5191,7.6748,6.2438,7.6748,5.3765
  Trades/D (P11),,,,split_detail,,0.337,0.337,0.344,0.362,0.503,0.325,0.356,0.515,0.350,0.503,0.534,0.540,0.399,0.362,0.454,0.448,0.442,0.448,0.552,0.466,0.362,0.442,0.442,0.436,0.479,0.503,0.442,0.350,0.442,0.405,0.356,0.442,0.442,0.442,0.442,0.454,0.515,0.442,0.491,0.399,0.399,0.380,0.503,0.301,0.374,0.436,0.534,0.374,0.301,0.546,0.497,0.448,0.503,0.540,0.307,0.368,0.307,0.307,0.466,0.521,0.307,0.307,0.460,0.479,0.454,0.515,0.405,0.528,0.399,0.472,0.472,0.337,0.313,0.429,0.405,0.472,0.460,0.350,0.350,0.350,0.301,0.307,0.466,0.466,0.479,0.546,0.448,0.387,0.387,0.472,0.472,0.485,0.472,0.466,0.564,0.479,0.282,0.466,0.479,0.429,0.472,0.485,0.460,0.528,0.460,0.509,0.423,0.472,0.528,0.288,0.301,0.460,0.423,0.577,0.301,0.411,0.307,0.282,0.307,0.485,0.448,0.491,0.503,0.503,0.454,0.454,0.497,0.528,0.466,0.509,0.423,0.307,0.294,0.485,0.485,0.534,0.454,0.528,0.472,0.479,0.503,0.497,0.423,0.301,0.546,0.325,0.485,0.503,0.466,0.307,0.301,0.301,0.301,0.319,0.319,0.319,0.319,0.319,0.294,0.503,0.521,0.423,0.460,0.436,0.521,0.491,0.491,0.472,0.448,0.423,0.350,0.521,0.509,0.546,0.515,0.644,0.423,0.558,0.442,0.577,0.644,0.583,0.485,0.656,0.669,0.442,0.491,0.460,0.491,0.663,0.669,0.344,0.687,0.675,0.479,0.675,0.509,0.693,0.693,0.472,0.344,0.712,0.479,0.307,0.712,0.730,0.712,0.675,0.479,0.730,0.730,0.736,0.736,0.718,0.724,0.454,0.742,0.736,0.742,0.742,0.736,0.742,0.742,0.466,0.730,0.810,0.724,0.804,0.748,1.074,0.472,0.822,1.055,1.043,1.098,1.110,0.742,0.748,1.074,1.129,1.067,0.503,0.742,0.748,0.730,0.730,1.123,1.141,0.742,1.141,0.491,0.742,1.153,0.748,0.822,0.509,1.160,0.509,0.742,1.141,0.834,1.160,0.742,1.160,1.166,0.748,0.755,0.755,0.675,0.742,0.675,1.233,0.712,0.718,0.712,0.742,1.006,1.006,0.736,0.730,1.245,0.730,0.730,0.730,0.736,0.730,0.748,0.871,0.748,0.994,0.742,0.908,0.748,0.748,0.742,0.755,0.755,0.755,0.914,0.902,0.755,0.748,0.755,0.761,0.755,0.914,0.755,0.748,0.755,0.761,0.748,0.761,0.767
  Profit Fac (P11),,,,split_detail,,1.4800,1.4800,1.4748,1.4103,1.0376,1.8549,2.1005,1.3519,1.5602,1.3066,0.9631,0.9685,1.6155,1.7349,1.0273,1.8258,1.5742,1.8258,1.0594,1.0305,1.8326,1.6388,1.6388,1.6631,1.0188,1.0182,1.5742,1.5940,1.7479,1.4268,1.9403,1.6388,1.6388,1.6388,1.6388,1.1116,1.1693,1.6798,1.1622,1.7078,1.7078,1.7195,1.1350,1.4320,1.7880,1.7165,1.2095,1.9334,1.4320,1.2669,1.0382,1.8449,1.2892,1.2348,1.3983,1.8588,1.3983,1.3983,1.6357,1.2201,1.4014,1.4014,1.7942,1.0706,1.7074,1.1135,1.0310,1.3021,1.0671,1.7083,1.7083,1.3148,1.3615,1.6328,1.6790,1.6150,1.7232,1.3040,1.3040,1.3040,1.2822,1.3976,1.6709,1.6633,1.6141,1.2259,1.5773,1.0354,1.0354,1.8012,1.7083,1.6872,1.8684,1.7725,1.0484,1.6380,1.1973,1.6709,1.6654,1.6633,1.7658,1.6170,1.8023,1.0455,1.8023,1.1759,1.7122,1.6286,1.0520,1.1538,1.4146,1.8035,1.7144,1.2086,1.4146,1.6217,1.2251,1.2787,1.2613,1.5944,1.5416,1.6215,1.7084,1.7084,1.8237,1.8237,1.6084,0.9931,1.6821,1.0397,1.5963,1.1753,1.1775,1.5602,1.5602,1.0811,1.7001,1.0689,1.6200,1.4958,1.4471,1.4625,1.7144,1.1471,0.9090,1.3648,1.4820,1.5143,1.4652,1.1753,1.1471,1.1471,1.1511,1.1528,1.1528,1.1700,1.1700,1.1700,1.1775,1.6028,1.0772,1.0097,1.0845,1.1772,1.7089,1.6440,1.5970,1.7686,1.7424,1.5325,1.2305,1.5909,1.5770,1.8199,1.4500,1.8606,1.5325,1.2122,1.0870,1.9118,1.6502,1.8922,1.4762,1.5955,1.8367,1.0870,1.3980,1.0216,1.3370,1.9304,1.8740,1.2025,1.7254,1.7608,1.1047,1.7851,1.2207,1.6971,1.6481,1.4035,1.2177,1.6456,1.0822,1.1636,1.5869,1.6756,1.5869,1.9899,1.0813,1.6756,1.7236,1.6055,1.6055,1.5588,1.7241,2.0712,1.6122,1.7405,1.5742,1.6284,1.7405,1.5742,1.5742,1.9107,1.5229,1.7643,1.5400,1.8101,1.5217,1.6084,1.8449,1.6768,1.4979,1.5866,1.5117,1.6077,1.5594,1.5217,1.4747,1.5585,1.4601,1.6432,1.4826,1.5408,1.4576,1.5428,1.5846,1.5254,1.4835,1.5254,1.6224,1.5798,1.4953,1.4680,1.3303,1.6217,1.5418,1.6220,1.5386,1.4839,1.6942,1.5113,1.5439,1.4539,1.5285,1.5368,1.4886,1.4886,1.7642,1.5439,1.7767,1.5493,1.6021,1.6254,1.6646,1.6452,1.6414,1.6414,1.6481,1.5236,1.5281,1.5236,1.5236,1.5236,1.7305,1.5236,1.5997,1.5963,1.5071,1.5683,1.6348,1.5981,1.6098,1.5374,1.5930,1.5518,1.5522,1.5518,1.5609,1.5796,1.4381,1.4891,1.4988,1.5304,1.4988,1.5609,1.5200,1.5157,1.5164,1.5304,1.5157,1.5304,1.4325
  Max DD (P11),,,,split_detail,,"$12,240.50","$12,240.50","$12,607.00","$13,807.00","$7,315.00","$9,695.00","$9,955.00","$6,162.50","$10,780.00","$7,198.00","$10,066.50","$9,831.50","$5,886.00","$13,879.50","$8,338.50","$6,192.00","$6,175.50","$6,192.00","$6,605.00","$8,196.00","$12,030.50","$6,175.50","$6,175.50","$4,308.50","$7,528.50","$9,764.50","$6,175.50","$11,365.50","$6,380.50","$7,249.50","$9,930.50","$6,175.50","$6,175.50","$6,175.50","$6,175.50","$6,508.50","$12,491.50","$6,463.50","$6,580.00","$11,732.00","$11,732.00","$12,075.50","$5,639.00","$6,822.50","$11,686.00","$6,380.50","$9,722.50","$9,550.50","$6,822.50","$8,685.00","$9,443.50","$5,318.50","$7,036.50","$9,922.50","$6,822.50","$9,164.50","$6,822.50","$6,822.50","$6,192.00","$8,748.00","$7,312.50","$7,312.50","$5,159.50","$9,161.50","$6,431.50","$6,645.50","$6,957.00","$6,416.50","$5,960.50","$5,903.50","$5,903.50","$9,810.50","$7,982.50","$7,046.50","$12,459.50","$7,816.50","$6,153.50","$9,384.00","$9,384.00","$9,384.00","$8,703.50","$6,822.50","$7,252.00","$7,145.00","$7,837.00","$10,203.50","$7,046.50","$5,960.50","$5,960.50","$7,037.50","$5,903.50","$7,779.00","$5,461.50","$7,728.00","$9,713.00","$6,192.00","$8,300.00","$7,252.00","$6,756.00","$11,782.50","$6,177.00","$8,121.00","$6,960.00","$10,024.00","$6,960.00","$6,057.50","$10,379.50","$7,132.50","$9,995.00","$9,177.50","$6,860.50","$5,134.00","$10,329.50","$9,550.00","$6,860.50","$13,147.50","$7,443.50","$6,692.50","$9,028.50","$7,071.00","$6,848.50","$7,008.50","$10,833.00","$10,833.00","$7,891.50","$7,891.50","$10,091.50","$11,720.50","$6,848.50","$12,779.00","$11,492.00","$8,560.00","$8,605.00","$5,263.50","$5,263.50","$8,589.00","$6,431.50","$9,149.00","$6,192.00","$8,554.00","$10,648.50","$10,233.50","$10,329.50","$9,245.00","$12,553.50","$6,537.00","$10,125.00","$10,022.00","$11,048.00","$8,560.00","$9,245.00","$9,245.00","$9,157.50","$8,961.00","$8,961.00","$8,584.00","$8,584.00","$8,584.00","$8,605.00","$9,364.50","$8,896.00","$6,957.00","$8,694.00","$5,701.00","$11,602.00","$12,954.00","$7,538.00","$7,441.50","$7,011.50","$13,843.00","$9,990.50","$9,353.00","$10,546.50","$3,930.50","$10,950.50","$5,046.50","$13,843.00","$7,778.50","$10,913.00","$4,055.50","$8,128.00","$4,055.50","$15,860.50","$8,128.00","$5,649.50","$10,913.00","$18,357.50","$10,076.50","$20,506.50","$5,626.50","$6,044.00","$9,949.50","$6,067.00","$6,067.00","$6,140.00","$6,067.00","$25,296.50","$6,067.00","$6,428.00","$17,032.50","$9,609.50","$6,245.50","$10,221.50","$8,835.00","$6,606.50","$8,442.00","$6,606.50","$6,114.50","$7,986.00","$8,442.00","$8,419.00","$8,803.00","$8,803.00","$10,694.50","$8,419.00","$8,883.00","$9,428.50","$5,925.00","$9,428.50","$8,442.00","$5,925.00","$9,428.50","$9,428.50","$9,930.50","$10,966.50","$8,259.00","$10,966.50","$7,755.00","$8,442.00","$6,350.00","$9,930.50","$9,080.00","$10,119.50","$8,165.00","$9,632.00","$6,350.00","$9,869.50","$8,442.00","$10,797.50","$6,179.00","$11,438.50","$9,012.50","$18,750.50","$8,442.00","$20,121.00","$10,449.50","$6,565.00","$8,886.00","$18,700.50","$8,886.00","$10,966.00","$9,869.50","$8,736.00","$18,700.50","$12,506.00","$8,717.00","$7,903.50","$10,176.00","$8,419.00","$9,093.50","$9,127.00","$9,315.00","$10,449.50","$10,412.50","$8,391.50","$6,819.50","$8,270.00","$8,270.00","$7,239.50","$10,449.50","$5,563.00","$6,056.50","$7,670.00","$5,741.50","$5,804.50","$8,001.00","$8,298.50","$8,298.50","$8,165.00","$11,478.50","$6,056.50","$11,478.50","$11,478.50","$11,478.50","$7,915.00","$11,478.50","$8,240.50","$8,549.50","$10,093.50","$10,530.00","$8,165.00","$8,690.00","$7,938.00","$13,725.50","$9,904.50","$13,473.00","$12,818.00","$13,473.00","$9,776.00","$9,463.00","$13,725.50","$9,904.50","$8,165.00","$13,473.00","$8,165.00","$9,776.00","$12,641.50","$8,314.50","$13,725.50","$13,473.00","$8,314.50","$13,473.00","$13,473.00"
  Total PNL (P11),,,,split_detail,,"$14,108.50","$14,108.50","$14,004.50","$12,804.50","$1,570.00","$20,789.50","$29,804.00","$13,885.00","$16,366.50","$12,155.00","$-1,623.50","$-1,388.50","$15,518.00","$25,510.00",$965.50,"$24,693.50","$20,071.00","$24,693.50","$2,428.50","$1,108.00","$27,359.00","$22,327.50","$22,327.50","$21,938.00",$693.50,$763.00,"$20,071.00","$19,125.00","$24,388.50","$11,939.50","$29,594.00","$22,327.50","$22,327.50","$22,327.50","$22,327.50","$3,916.00","$7,037.50","$20,930.50","$6,083.00","$25,386.50","$25,386.50","$26,280.00","$5,334.50","$9,684.50","$26,944.00","$23,537.50","$8,729.50","$29,974.00","$9,684.50","$10,680.00","$1,395.50","$26,133.00","$11,638.00","$9,422.50","$9,144.50","$29,401.00","$9,144.50","$9,144.50","$21,455.50","$8,965.00","$9,194.50","$9,194.50","$26,721.00","$2,637.50","$25,021.00","$4,289.50",$972.00,"$12,430.50","$2,000.50","$23,456.50","$23,456.50","$8,054.00","$8,524.50","$21,207.50","$24,659.00","$21,543.50","$25,371.50","$7,940.50","$7,940.50","$7,940.50","$7,066.00","$9,132.00","$24,273.00","$22,406.00","$21,523.00","$9,204.50","$20,636.50","$1,043.00","$1,043.00","$27,269.50","$23,456.50","$21,780.50","$28,845.50","$28,355.00","$2,064.50","$21,653.50","$4,589.00","$24,273.00","$22,604.00","$25,963.00","$24,660.00","$20,405.00","$27,324.50","$1,781.50","$27,324.50","$6,735.50","$26,739.00","$21,661.00","$2,025.00","$3,711.50","$9,409.00","$25,690.00","$26,789.00","$8,647.50","$9,409.00","$23,971.00","$5,445.50","$6,196.50","$6,651.00","$20,507.50","$19,362.00","$21,442.50","$27,560.50","$27,560.50","$29,385.50","$29,385.50","$20,748.50",$-313.00,"$24,514.00","$1,637.00","$24,592.50","$4,329.00","$4,284.00","$20,844.50","$20,844.50","$3,054.00","$24,896.00","$2,656.50","$21,043.50","$18,786.00","$17,570.50","$17,985.50","$26,789.00","$3,644.00","$-3,976.00","$7,480.00","$18,401.00","$18,195.00","$17,752.00","$4,329.00","$3,644.00","$3,644.00","$3,731.50","$3,928.00","$3,928.00","$4,305.00","$4,305.00","$4,305.00","$4,284.00","$21,557.50","$3,120.50",$332.50,"$3,263.00","$6,220.50","$26,220.00","$25,782.00","$20,913.00","$28,444.00","$25,757.50","$22,241.50","$6,381.50","$22,457.00","$21,779.00","$28,373.50","$18,197.00","$32,805.00","$22,241.50","$8,726.00","$3,116.00","$31,843.00","$26,705.00","$31,699.00","$21,258.00","$25,296.50","$33,302.50","$3,116.00","$18,761.00",$855.50,"$16,612.00","$35,233.00","$33,890.50","$5,512.50","$30,551.50","$31,397.50","$3,979.50","$31,960.00","$11,822.00","$29,849.00","$28,575.50","$19,187.00","$5,852.50","$28,528.00","$3,128.00","$4,054.00","$26,892.00","$31,424.00","$26,892.00","$40,119.50","$2,853.00","$31,424.00","$32,259.50","$29,155.50","$29,155.50","$27,811.00","$32,539.00","$29,707.50","$30,062.00","$34,208.50","$28,196.00","$29,832.00","$34,208.50","$28,196.00","$28,196.00","$27,857.00","$26,640.00","$38,599.00","$27,205.00","$39,529.00","$26,502.00","$34,117.50","$26,767.00","$35,513.00","$28,810.00","$33,190.50","$30,005.00","$35,012.50","$28,032.00","$26,502.00","$28,132.00","$33,287.50","$27,266.00","$24,181.50","$26,466.50","$27,452.00","$25,096.00","$27,294.50","$34,171.50","$31,090.50","$26,516.50","$31,090.50","$21,866.00","$29,032.00","$30,166.00","$25,739.00","$19,612.50","$23,384.50","$32,053.00","$21,960.00","$26,825.50","$29,720.50","$36,429.00","$30,641.50","$27,439.50","$28,337.00","$31,565.00","$26,884.50","$25,416.50","$25,416.50","$31,167.50","$27,439.50","$32,044.00","$33,868.50","$26,803.50","$27,979.50","$29,031.50","$30,317.50","$33,378.00","$33,378.00","$30,648.50","$24,040.00","$32,901.00","$24,040.00","$24,040.00","$24,040.00","$33,224.00","$24,040.00","$28,981.00","$28,046.50","$25,557.50","$30,783.50","$30,016.00","$28,431.00","$29,283.50","$25,905.50","$28,276.50","$26,505.50","$27,359.50","$26,505.50","$27,470.00","$27,783.00","$22,575.50","$24,946.50","$25,726.50","$25,836.00","$25,726.50","$27,470.00","$25,670.00","$26,577.00","$25,236.00","$25,836.00","$26,577.00","$25,836.00","$22,506.00"
  Avg Profit/Tr (P11),,,,split_detail,,$256.52,$256.52,$250.08,$217.03,$19.15,$392.25,$513.86,$165.30,$287.13,$148.23,$-18.66,$-15.78,$238.74,$432.37,$13.05,$338.27,$278.76,$338.27,$26.98,$14.58,$463.71,$310.10,$310.10,$308.99,$8.89,$9.30,$278.76,$335.53,$338.73,$180.90,$510.24,$310.10,$310.10,$310.10,$310.10,$52.92,$83.78,$290.70,$76.04,$390.56,$390.56,$423.87,$65.05,$197.64,$441.70,$331.51,$100.34,$491.38,$197.64,$120.00,$17.23,$357.99,$141.93,$107.07,$182.89,$490.02,$182.89,$182.89,$282.31,$105.47,$183.89,$183.89,$356.28,$33.81,$338.12,$51.07,$14.73,$144.54,$30.78,$304.63,$304.63,$146.44,$167.15,$302.96,$373.62,$279.79,$338.29,$139.31,$139.31,$139.31,$144.20,$182.64,$319.38,$294.82,$275.94,$103.42,$282.69,$16.56,$16.56,$354.15,$304.63,$275.70,$374.62,$373.09,$22.44,$277.61,$99.76,$319.38,$289.79,$370.90,$320.26,$258.29,$364.33,$20.72,$364.33,$81.15,$387.52,$281.31,$23.55,$78.97,$192.02,$342.53,$388.25,$91.99,$192.02,$357.78,$108.91,$134.71,$133.02,$259.59,$265.23,$268.03,$336.10,$336.10,$397.10,$397.10,$256.15,$-3.64,$322.55,$19.72,$356.41,$86.58,$89.25,$263.85,$263.85,$35.10,$336.43,$30.89,$273.29,$240.85,$214.27,$222.04,$388.25,$74.37,$-44.67,$141.13,$232.92,$221.89,$233.58,$86.58,$74.37,$74.37,$76.15,$75.54,$75.54,$82.79,$82.79,$82.79,$89.25,$262.90,$36.71,$4.82,$43.51,$87.61,$308.47,$322.28,$261.41,$369.40,$352.84,$322.34,$111.96,$264.20,$262.40,$318.80,$216.63,$312.43,$322.34,$95.89,$43.28,$338.76,$254.33,$333.67,$269.09,$236.42,$305.53,$43.28,$234.51,$11.41,$207.65,$326.23,$310.92,$98.44,$272.78,$285.43,$51.02,$290.55,$142.43,$264.15,$252.88,$249.18,$104.51,$245.93,$40.10,$81.08,$231.83,$264.07,$231.83,$364.72,$36.58,$264.07,$271.09,$242.96,$242.96,$237.70,$275.75,$401.45,$248.45,$285.07,$233.02,$246.55,$285.07,$233.02,$233.02,$366.54,$223.87,$292.42,$230.55,$301.75,$217.23,$194.96,$347.62,$265.02,$167.50,$195.24,$167.63,$193.44,$231.67,$217.23,$160.75,$180.91,$156.70,$294.90,$218.73,$225.02,$210.89,$229.37,$186.73,$167.15,$219.14,$167.15,$273.32,$239.93,$160.46,$210.98,$146.36,$281.74,$169.59,$264.58,$221.70,$159.79,$267.86,$162.12,$226.77,$149.93,$166.13,$220.36,$206.64,$206.64,$283.34,$226.77,$291.31,$168.50,$231.06,$239.14,$250.27,$250.56,$203.52,$203.52,$255.40,$202.02,$162.07,$202.02,$202.02,$202.02,$276.87,$202.02,$237.55,$197.51,$209.49,$190.02,$248.07,$192.10,$240.03,$212.34,$233.69,$215.49,$222.43,$215.49,$184.36,$189.00,$183.54,$204.48,$209.16,$208.35,$209.16,$184.36,$208.70,$217.84,$205.17,$208.35,$217.84,$208.35,$180.05
  Span (min) (P11),,,,split_detail,,211.09,211.09,205.45,208.47,186.59,157.08,161.38,180.00,204.21,178.54,204.41,202.91,175.85,172.75,186.32,164.59,191.88,164.59,195.07,185.05,171.42,186.88,186.88,192.68,164.77,180.00,191.88,168.54,181.25,177.27,175.28,186.88,186.88,186.88,186.88,183.24,203.57,166.46,179.25,181.40,181.40,179.48,187.46,177.14,176.67,177.04,173.24,182.85,177.14,198.20,154.96,169.93,179.27,199.36,174.72,183.08,174.72,174.72,166.78,171.25,178.08,178.08,178.40,184.00,184.05,171.43,188.91,178.19,181.11,169.48,169.48,163.42,177.61,175.93,178.06,170.45,177.00,160.14,160.14,160.14,181.14,174.72,177.43,167.57,168.85,194.43,176.51,180.38,180.38,166.56,169.48,157.22,169.09,178.82,192.52,167.31,185.04,177.43,168.08,177.36,164.61,158.35,174.40,196.47,174.40,178.70,182.38,168.12,196.05,184.38,177.71,171.00,182.19,183.70,177.71,175.40,180.04,183.83,177.52,161.58,175.68,159.38,170.30,170.30,180.81,180.81,159.07,180.28,177.04,184.05,184.83,177.52,182.88,169.75,169.75,188.55,182.03,193.95,162.86,172.88,170.49,168.15,182.19,179.71,167.19,174.34,172.03,159.15,180.00,177.52,179.71,179.71,180.29,176.62,176.62,175.54,175.54,175.54,182.88,162.80,174.35,194.09,185.28,190.99,157.59,170.62,159.75,179.22,188.01,183.13,159.40,168.00,171.14,150.74,172.32,144.00,183.13,173.80,152.08,152.94,145.94,152.21,176.08,144.79,138.83,152.08,176.96,188.80,178.10,139.33,138.50,153.75,137.04,138.11,189.85,138.00,174.48,136.35,136.57,183.52,152.75,138.10,150.38,183.68,138.52,141.58,138.52,126.57,158.77,141.58,138.76,138.80,138.80,138.67,141.97,144.53,140.83,139.80,138.25,137.85,139.80,138.25,138.25,150.79,137.14,127.44,136.58,126.92,137.21,120.08,149.61,127.28,121.52,128.80,120.13,119.66,137.75,137.21,121.12,124.63,121.01,159.70,138.96,134.85,138.82,136.94,118.73,116.59,138.26,116.59,147.56,134.68,119.60,136.44,129.97,151.99,115.04,142.95,137.65,121.18,128.85,114.74,136.86,120.15,114.28,135.84,135.51,135.51,165.93,136.86,166.91,109.35,159.72,162.05,136.14,161.75,120.88,120.88,164.80,157.92,107.93,157.92,157.92,157.92,164.70,157.92,160.62,123.34,159.64,122.02,161.45,122.41,160.82,158.16,160.96,156.98,160.49,156.98,122.71,122.86,157.37,160.13,159.90,156.19,159.90,122.71,157.56,154.92,157.37,156.19,154.92,156.19,155.42
--- PER-SPLIT DETAIL (Out-of-Sample) ---,,,,,,,,,,,,,,,,,,,,,,,,,,,,,,,,,,,,,,,,,,,,,,,,,,,,,,,,,,,,,,,,,,,,,,,,,,,,,,,,,,,,,,,,,,,,,,,,,,,,,,,,,,,,,,,,,,,,,,,,,,,,,,,,,,,,,,,,,,,,,,,,,,,,,,,,,,,,,,,,,,,,,,,,,,,,,,,,,,,,,,,,,,,,,,,,,,,,,,,,,,,,,,,,,,,,,,,,,,,,,,,,,,,,,,,,,,,,,,,,,,,,,,,,,,,,,,,,,,,,,,,,,,,,,,,,,,,,,,,,,,,,,,,,,,,,,,,,,,,,,,,,,,,,,,,,,,,,,,
  Sortino (P2),,,,split_detail,,-5.5723,-5.5723,-5.4763,-6.0480,-0.8277,3.0799,1.3424,-1.1728,-5.4655,-2.8985,-1.9279,-2.1558,-1.8780,-2.8359,-1.1435,-4.3975,-4.1960,-4.3975,-1.5294,-1.4635,-3.2696,-4.1960,-4.1960,-4.5722,3.1351,-1.1658,-4.1960,-2.6866,-5.0819,-6.2442,-3.2696,-4.1960,-4.1960,-4.1960,-4.5227,-2.2105,1.3547,-5.0671,0.7454,-0.3223,-1.1359,-0.2725,-1.8002,-7.3545,-1.8870,-4.6975,-1.5958,0.8835,-7.0701,2.3092,2.4272,-3.2220,0.1488,3.4385,-6.4179,0.5194,-7.0701,-7.0701,-5.4493,-1.2528,-7.0701,-7.3545,-4.0949,-3.3101,-5.3130,-1.3918,-1.4781,-1.0119,3.1749,-2.2683,-2.2683,-9.2354,-7.0701,-4.8892,-2.1896,-3.0182,-5.3130,-8.8995,-8.8995,-8.8995,-3.7523,-5.2971,-5.3130,-1.6130,-2.5016,0.0461,-5.1808,3.5845,3.5845,-3.4063,-2.2683,-2.9378,-3.4740,-4.9792,-0.6984,-5.3459,-4.0313,-5.3130,-2.2683,-0.5420,-1.0078,-3.4045,-3.6521,4.1264,-3.6521,-0.7615,-0.4513,-1.7441,0.4810,-2.9231,-7.3342,-4.0211,-0.2651,0.4645,-7.6242,-2.9188,-1.7593,-3.4184,-3.2362,-3.2087,-5.6297,-3.2198,-1.9789,-1.5757,-4.6112,-4.6112,-2.5374,-1.2044,-4.7232,-3.0582,0.1848,-1.8198,-2.9231,-3.8775,-3.8775,3.5473,-5.3563,4.1264,-5.0175,-3.0722,-3.0314,-3.0182,-1.0242,-3.5931,-2.1035,-7.4475,-2.3114,-2.2916,-2.3939,-1.8198,-3.5686,-3.5686,-4.1595,-1.7593,-1.7593,-1.8640,-1.8640,-2.4171,-2.8147,-3.1293,-2.2010,-0.7591,0.4440,0.4804,-2.1320,-1.3711,-2.2617,-5.1220,-4.7390,-1.5927,-7.3367,-3.1493,-3.0619,3.2533,-2.9632,2.0013,-1.0309,-0.3995,-0.1833,3.5912,3.3706,2.2384,-0.4688,3.5995,2.7097,-0.1833,-1.1796,2.1489,-1.5019,0.4589,-0.6075,-5.4898,-0.2059,-1.0185,1.8456,-0.5421,-1.2229,-0.2059,-0.2597,-0.8358,-5.7444,-0.2905,-2.4233,-1.8387,-0.7881,3.1854,-0.3424,-6.4542,1.4385,0.3614,2.9140,-0.3472,-0.3472,-0.4303,2.4409,-2.0827,-0.4211,0.2723,0.8184,0.2490,0.2723,-0.0169,-0.1838,-1.1707,-0.3873,-7.7770,-1.0464,-7.1139,0.3511,-2.8532,-1.1707,-8.1250,-2.0563,-0.9016,-2.3117,-2.8360,1.0868,0.2580,-2.0505,-2.3134,-2.0850,-0.8945,5.2765,0.0624,6.3858,-0.6272,-3.0792,-3.9251,5.1535,-3.9251,-1.0267,0.6080,-2.2741,5.1535,1.6285,-1.1776,-3.8428,-0.5199,-0.6523,-2.5317,-8.4048,-3.8373,-1.1814,-2.6099,-3.9415,0.1016,-0.2357,0.1016,1.5185,-1.3771,0.8558,-3.6774,0.9602,0.3704,-0.4170,0.9691,-1.2914,-1.1802,1.0493,0.6234,-4.6304,0.5991,0.3351,0.3351,2.0895,0.3272,1.4326,0.6763,1.4338,-1.6241,1.0493,0.8050,1.5736,0.7821,1.5134,1.1363,1.5126,0.9766,0.4430,0.4355,0.5292,1.2670,0.8151,1.9577,1.1698,0.4430,1.6595,1.1076,1.3542,1.4657,1.1076,1.6433,2.1175
  Trades/D (P2),,,,split_detail,,0.217,0.217,0.217,0.211,0.422,0.223,0.283,0.470,0.235,0.446,0.422,0.428,0.301,0.331,0.367,0.349,0.337,0.349,0.434,0.373,0.349,0.337,0.337,0.331,0.392,0.380,0.337,0.331,0.343,0.337,0.349,0.337,0.337,0.337,0.337,0.367,0.458,0.361,0.428,0.386,0.386,0.373,0.392,0.283,0.349,0.349,0.476,0.373,0.289,0.482,0.398,0.349,0.452,0.470,0.283,0.373,0.289,0.289,0.367,0.464,0.289,0.283,0.367,0.398,0.380,0.458,0.289,0.476,0.259,0.428,0.428,0.271,0.289,0.355,0.386,0.428,0.380,0.277,0.277,0.277,0.277,0.301,0.380,0.410,0.428,0.482,0.367,0.241,0.241,0.349,0.428,0.428,0.355,0.373,0.476,0.373,0.217,0.380,0.428,0.392,0.386,0.428,0.355,0.440,0.355,0.452,0.404,0.404,0.428,0.217,0.289,0.361,0.416,0.500,0.283,0.392,0.247,0.217,0.301,0.416,0.373,0.428,0.428,0.416,0.373,0.373,0.404,0.410,0.386,0.476,0.410,0.235,0.217,0.386,0.386,0.440,0.380,0.440,0.380,0.428,0.428,0.428,0.416,0.217,0.506,0.259,0.422,0.434,0.428,0.235,0.217,0.217,0.223,0.247,0.247,0.235,0.235,0.241,0.217,0.404,0.482,0.295,0.331,0.313,0.434,0.392,0.428,0.386,0.373,0.398,0.313,0.446,0.434,0.380,0.446,0.458,0.410,0.536,0.295,0.361,0.464,0.367,0.440,0.470,0.470,0.295,0.440,0.349,0.434,0.464,0.482,0.319,0.500,0.494,0.349,0.494,0.434,0.500,0.500,0.416,0.325,0.506,0.337,0.235,0.506,0.518,0.506,0.663,0.373,0.524,0.524,0.524,0.524,0.524,0.542,0.386,0.554,0.524,0.536,0.554,0.524,0.554,0.524,0.386,0.554,0.765,0.554,0.789,0.554,0.898,0.386,0.825,0.892,0.880,0.916,0.904,0.542,0.560,0.892,0.934,0.892,0.392,0.608,0.554,0.602,0.554,0.922,0.952,0.608,0.952,0.386,0.548,0.946,0.608,0.663,0.392,0.946,0.398,0.548,0.934,0.831,0.946,0.542,0.940,0.952,0.536,0.542,0.536,0.494,0.542,0.494,0.976,0.506,0.506,0.506,0.524,0.837,0.837,0.524,0.506,0.982,0.506,0.506,0.506,0.548,0.506,0.530,0.705,0.524,0.825,0.524,0.741,0.530,0.518,0.524,0.524,0.554,0.524,0.735,0.735,0.518,0.524,0.524,0.542,0.548,0.735,0.542,0.542,0.548,0.554,0.542,0.554,0.536
  Profit Fac (P2),,,,split_detail,,0.6470,0.6470,0.6592,0.6276,0.9572,1.2295,1.0932,0.9426,0.6547,0.8580,0.8982,0.8864,0.8775,0.8062,0.9326,0.7018,0.7300,0.7018,0.9248,0.9149,0.7796,0.7300,0.7300,0.7110,1.1544,0.9398,0.7300,0.8142,0.6845,0.5912,0.7796,0.7300,0.7300,0.7300,0.7089,0.8883,1.0680,0.6516,1.0402,0.9770,0.9188,0.9792,0.9095,0.5827,0.8914,0.7032,0.9232,1.0662,0.5903,1.1162,1.1165,0.7702,1.0079,1.1894,0.6144,1.0396,0.5903,0.5903,0.6380,0.9403,0.5903,0.5827,0.7028,0.8238,0.6509,0.9326,0.9263,0.9481,1.1724,0.8434,0.8434,0.4730,0.5903,0.7013,0.8509,0.7976,0.6509,0.4809,0.4809,0.4809,0.7683,0.6951,0.6509,0.8846,0.8253,1.0022,0.6662,1.1908,1.1908,0.7672,0.8434,0.8176,0.7592,0.6740,0.9627,0.6355,0.7384,0.6509,0.8434,0.9666,0.9450,0.7988,0.7484,1.2211,0.7484,0.9611,0.9675,0.8802,1.0242,0.8042,0.5813,0.7321,0.9805,1.0213,0.5738,0.8007,0.8827,0.7693,0.8165,0.8168,0.6359,0.8134,0.8627,0.8911,0.6899,0.6899,0.8498,0.9403,0.6776,0.8457,1.0142,0.8775,0.8042,0.7121,0.7121,1.1787,0.6470,1.2211,0.6524,0.7918,0.8000,0.7976,0.9246,0.7581,0.8915,0.6125,0.8458,0.8535,0.8148,0.8775,0.7538,0.7538,0.7290,0.8827,0.8827,0.8753,0.8753,0.8502,0.8058,0.8350,0.8841,0.9612,1.0228,1.0234,0.8643,0.9101,0.8614,0.6570,0.6782,0.8843,0.6136,0.7915,0.7931,1.2170,0.7960,1.1342,0.9222,0.9788,0.9838,1.2303,1.2294,1.1449,0.9662,1.2481,1.1497,0.9838,0.9149,1.1113,0.8941,1.0261,0.9665,0.7143,0.9882,0.9452,1.0900,0.9694,0.9138,0.9882,0.9852,0.9389,0.7005,0.9828,0.7990,0.8745,0.9555,1.1939,0.9798,0.7314,1.0728,1.0219,1.1767,0.9805,0.9805,0.9742,1.1476,0.8780,0.9762,1.0154,1.0488,1.0151,1.0154,0.9990,0.9894,0.9293,0.9781,0.6390,0.9369,0.6787,1.0212,0.8424,0.9293,0.6144,0.8893,0.9504,0.8758,0.8420,1.0590,1.0164,0.8896,0.8744,0.8877,0.9362,1.3559,1.0038,1.4212,0.9645,0.8311,0.7928,1.3391,0.7928,0.9380,1.0321,0.8776,1.3391,1.0955,0.9189,0.7968,0.9692,0.9634,0.8655,0.6051,0.7971,0.9386,0.8604,0.7917,1.0055,0.9875,1.0055,1.0832,0.9285,1.0481,0.8036,1.0531,1.0209,0.9763,1.0549,0.9306,0.9365,1.0606,1.0343,0.7573,1.0343,1.0186,1.0186,1.1140,1.0181,1.0837,1.0364,1.0807,0.9122,1.0606,1.0425,1.0914,1.0425,1.0851,1.0655,1.0872,1.0545,1.0232,1.0228,1.0288,1.0712,1.0471,1.1120,1.0696,1.0232,1.0952,1.0633,1.0771,1.0851,1.0633,1.0987,1.1195
  Max DD (P2),,,,split_detail,,"$9,001.50","$9,001.50","$8,668.00","$9,353.50","$6,137.50","$3,980.00","$7,153.00","$6,690.50","$9,236.00","$6,640.50","$6,824.50","$7,175.50","$9,045.00","$9,399.00","$4,740.00","$13,333.50","$10,361.50","$13,333.50","$7,920.50","$4,740.00","$9,828.50","$10,361.50","$10,361.50","$10,838.50","$5,083.00","$4,813.00","$10,361.50","$9,149.50","$14,110.50","$13,936.50","$9,828.50","$10,361.50","$10,361.50","$10,361.50","$10,361.50","$5,104.50","$5,043.50","$16,334.50","$5,542.50","$8,320.50","$8,320.50","$8,376.00","$6,002.50","$7,782.50","$10,701.00","$13,592.00","$7,415.50","$8,320.50","$7,625.50","$4,405.50","$5,083.00","$11,188.50","$5,976.00","$3,948.00","$6,814.00","$8,376.00","$7,625.50","$7,625.50","$16,462.50","$7,411.50","$7,625.50","$7,782.50","$14,017.50","$6,524.00","$16,531.50","$7,415.50","$4,214.50","$7,402.00","$4,615.00","$14,269.00","$14,269.00","$9,658.00","$7,625.50","$14,031.00","$10,064.00","$15,159.00","$16,531.50","$9,501.00","$9,501.00","$9,501.00","$6,710.00","$6,292.00","$16,531.50","$12,667.00","$14,839.00","$5,255.50","$15,795.50","$4,199.50","$4,199.50","$11,362.00","$14,269.00","$13,343.00","$11,630.50","$15,554.50","$6,378.50","$16,583.00","$6,865.50","$16,531.50","$14,269.00","$9,654.00","$9,289.00","$13,887.00","$12,004.50","$4,353.00","$12,004.50","$5,837.50","$9,152.00","$12,852.50","$4,991.50","$5,828.50","$7,944.00","$12,593.50","$8,510.50","$5,391.50","$8,101.00","$11,255.50","$5,128.00","$8,177.00","$6,624.00","$13,082.50","$17,008.50","$13,276.50","$14,612.00","$13,542.50","$15,014.50","$15,014.50","$11,894.50","$6,087.50","$15,512.50","$7,466.00","$8,566.00","$4,703.50","$5,828.50","$13,887.00","$13,887.00","$5,472.00","$16,825.50","$4,353.00","$16,064.50","$14,937.00","$15,173.00","$15,159.00","$8,510.50","$6,523.50","$5,714.00","$8,980.50","$13,765.50","$13,533.50","$14,053.50","$4,703.50","$7,038.00","$7,038.00","$7,085.00","$5,128.00","$5,128.00","$4,703.50","$4,703.50","$4,796.50","$7,038.00","$12,203.50","$7,539.50","$4,172.00","$5,122.00","$5,417.50","$13,118.00","$10,627.50","$13,350.00","$16,459.50","$15,906.50","$10,476.00","$11,686.50","$16,565.50","$16,301.50","$4,250.00","$15,473.50","$7,575.00","$8,918.00","$7,368.50","$8,258.50","$6,642.00","$3,950.00","$8,364.50","$8,510.50","$3,950.00","$4,254.00","$8,258.50","$9,296.00","$4,019.00","$9,296.00","$6,909.50","$7,509.50","$8,726.00","$7,422.50","$8,155.00","$5,718.50","$7,422.50","$9,296.00","$7,422.50","$7,422.50","$8,774.00","$9,566.00","$7,511.50","$13,056.50","$7,009.50","$8,330.50","$4,767.00","$7,511.50","$15,043.50","$5,171.00","$7,422.50","$4,927.50","$8,034.00","$8,034.00","$9,030.00","$4,652.00","$7,907.50","$6,901.50","$5,858.50","$6,670.00","$6,402.50","$5,858.50","$6,402.50","$7,729.00","$7,013.00","$6,777.00","$21,455.50","$8,000.50","$18,827.50","$6,402.50","$12,722.00","$7,013.00","$23,353.00","$11,027.00","$8,456.50","$11,902.50","$12,706.00","$5,386.50","$6,278.00","$11,027.00","$12,406.50","$11,110.50","$7,236.00","$5,832.50","$6,278.00","$5,832.50","$6,901.50","$13,444.00","$14,179.50","$5,832.50","$14,179.50","$7,013.00","$6,236.00","$12,443.50","$5,832.50","$5,860.50","$6,985.00","$13,759.50","$5,915.00","$5,428.00","$12,997.00","$24,191.00","$13,759.50","$5,428.00","$13,195.50","$14,084.00","$5,428.00","$5,428.00","$5,428.00","$7,104.00","$5,428.00","$7,104.00","$13,648.00","$7,104.00","$7,062.50","$7,511.50","$7,062.50","$9,888.50","$9,888.50","$7,104.00","$7,035.00","$15,483.00","$6,729.50","$7,035.00","$7,035.00","$4,791.50","$7,048.50","$7,104.00","$8,337.50","$7,104.00","$10,385.00","$7,104.00","$8,337.50","$6,157.50","$7,104.00","$7,104.00","$6,729.50","$6,084.00","$7,048.50","$8,337.50","$8,337.50","$7,104.00","$7,104.00","$7,104.00","$6,130.00","$6,084.00","$8,337.50","$6,199.00","$7,173.00","$6,084.00","$6,015.00","$7,173.00","$5,709.50","$6,130.00"
  Total PNL (P2),,,,split_detail,,"$-6,373.50","$-6,373.50","$-6,040.00","$-6,725.50","$-1,132.00","$2,854.50","$1,977.50","$-1,782.00","$-6,599.50","$-4,225.00","$-2,700.00","$-3,051.00","$-2,585.50","$-4,931.00","$-1,654.50","$-7,949.50","$-6,794.50","$-7,949.50","$-1,817.50","$-2,131.00","$-5,857.00","$-6,794.50","$-6,794.50","$-7,271.50","$3,048.00","$-1,536.00","$-6,794.50","$-4,681.50","$-8,726.50","$-10,898.50","$-5,857.00","$-6,794.50","$-6,794.50","$-6,794.50","$-7,323.50","$-2,724.50","$1,917.50","$-10,421.50","$1,128.00",$-628.00,"$-2,213.00",$-564.50,"$-2,477.00","$-8,618.00","$-2,712.50","$-8,208.00","$-2,437.50","$1,657.50","$-8,461.00","$3,159.50","$2,377.00","$-5,804.50",$233.50,"$4,832.50","$-7,649.50","$1,076.00","$-8,461.00","$-8,461.00","$-11,078.50","$-1,859.50","$-8,461.00","$-8,618.00","$-8,633.50","$-4,897.50","$-11,147.50","$-2,060.00","$-1,493.00","$-1,641.00","$2,677.00","$-5,175.50","$-5,175.50","$-10,493.50","$-8,461.00","$-8,647.00","$-4,247.50","$-6,951.50","$-11,147.50","$-10,336.50","$-10,336.50","$-10,336.50","$-4,675.00","$-6,549.50","$-11,147.50","$-3,573.50","$-5,800.50",$67.50,"$-10,411.50","$2,865.50","$2,865.50","$-5,978.00","$-5,175.50","$-6,053.50","$-6,246.50","$-10,170.50","$-1,124.50","$-11,199.00","$-3,816.50","$-11,147.50","$-5,175.50",$-931.50,"$-1,531.00","$-6,834.00","$-6,620.50","$5,329.00","$-6,620.50","$-1,181.50",$-913.00,"$-3,759.00",$597.00,"$-2,779.50","$-8,779.50","$-7,209.50",$-553.50,$599.00,"$-8,936.50","$-5,838.50","$-2,036.00","$-3,612.00","$-4,135.50","$-6,029.50","$-11,624.50","$-6,223.50","$-4,609.00","$-3,539.50","$-9,533.00","$-9,533.00","$-4,605.00","$-1,603.00","$-10,128.50","$-4,837.50",$411.50,"$-2,010.50","$-2,779.50","$-8,503.00","$-8,503.00","$4,208.00","$-11,441.50","$5,329.00","$-10,680.50","$-7,217.00","$-6,965.50","$-6,951.50","$-2,138.50","$-3,642.00","$-3,629.00","$-7,970.00","$-5,223.50","$-4,884.50","$-6,236.00","$-2,010.50","$-3,758.00","$-3,758.00","$-4,243.50","$-2,036.00","$-2,036.00","$-2,052.00","$-2,052.00","$-2,549.00","$-2,964.00","$-5,150.50","$-3,955.00",$-783.50,$517.00,$525.00,"$-4,469.00","$-2,673.00","$-4,487.00","$-11,075.50","$-10,361.50","$-3,443.50","$-9,820.50","$-7,472.00","$-7,208.00","$5,276.00","$-7,266.00","$3,732.50","$-2,342.00",$-779.00,$-311.50,"$5,317.00","$6,175.00","$3,594.50","$-1,045.50","$6,680.00","$4,331.00",$-311.50,"$-2,630.50","$2,601.50","$-3,300.00",$787.50,"$-1,072.00","$-7,374.00",$-378.00,"$-1,799.50","$2,028.00",$-980.50,"$-2,687.00",$-378.00,$-475.50,"$-1,900.00","$-7,504.00",$-553.50,"$-5,085.50","$-1,964.00","$-1,470.00","$5,775.50",$-651.00,"$-10,653.50","$1,518.50",$712.50,"$5,341.00",$-663.00,$-663.00,$-888.50,"$4,679.50","$-3,316.00",$-854.00,$504.50,"$1,622.00",$521.50,$504.50,$-35.00,$-358.00,"$-1,918.50",$-785.50,"$-18,027.00","$-2,353.00","$-15,681.00",$716.50,"$-7,224.50","$-1,918.50","$-21,033.50","$-4,971.00","$-2,231.00","$-5,759.50","$-7,222.50","$1,989.50",$566.50,"$-4,957.00","$-6,040.50","$-5,040.50","$-1,795.00","$11,442.00",$130.50,"$12,919.50","$-1,272.00","$-7,960.50","$-10,030.00","$11,039.00","$-10,030.00","$-1,682.50","$1,112.50","$-5,809.50","$11,039.00","$3,500.50","$-2,317.50","$-9,775.50",$-825.00,"$-1,265.50","$-6,394.50","$-21,871.50","$-9,761.50","$-2,184.50","$-6,634.50","$-10,086.00",$184.50,$-429.50,$184.50,"$2,384.00","$-2,546.50","$1,425.00","$-9,539.50","$1,565.50",$635.00,$-754.50,"$1,706.00","$-2,911.50","$-2,647.00","$1,872.50","$1,019.00","$-11,988.50","$1,019.00",$560.50,$560.50,"$3,529.50",$547.00,"$2,586.00","$1,220.00","$2,413.50","$-3,695.50","$1,872.50","$1,514.50","$2,818.50","$1,292.50","$2,567.50","$1,993.00","$2,765.50","$1,674.00",$828.50,$814.50,$874.50,"$2,149.50","$1,454.50","$3,427.00","$2,239.50",$828.50,"$2,978.50","$2,015.50","$2,393.50","$2,677.50","$2,015.50","$3,066.50","$3,625.00"
  Avg Profit/Tr (P2),,,,split_detail,,$-177.04,$-177.04,$-167.78,$-192.16,$-16.17,$77.15,$42.07,$-22.85,$-169.22,$-57.09,$-38.57,$-42.97,$-51.71,$-89.65,$-27.12,$-137.06,$-121.33,$-137.06,$-25.24,$-34.37,$-100.98,$-121.33,$-121.33,$-132.21,$46.89,$-24.38,$-121.33,$-85.12,$-153.10,$-194.62,$-100.98,$-121.33,$-121.33,$-121.33,$-130.78,$-44.66,$25.23,$-173.69,$15.89,$-9.81,$-34.58,$-9.10,$-38.11,$-183.36,$-46.77,$-141.52,$-30.85,$26.73,$-176.27,$39.49,$36.02,$-100.08,$3.11,$61.96,$-162.76,$17.35,$-176.27,$-176.27,$-181.61,$-24.15,$-176.27,$-183.36,$-141.53,$-74.20,$-176.94,$-27.11,$-31.10,$-20.77,$62.26,$-72.89,$-72.89,$-233.19,$-176.27,$-146.56,$-66.37,$-97.91,$-176.94,$-224.71,$-224.71,$-224.71,$-101.63,$-130.99,$-176.94,$-52.55,$-81.70,$0.84,$-170.68,$71.64,$71.64,$-103.07,$-72.89,$-85.26,$-105.87,$-164.04,$-14.23,$-180.63,$-106.01,$-176.94,$-72.89,$-14.33,$-23.92,$-96.25,$-112.21,$73.00,$-112.21,$-15.75,$-13.63,$-56.10,$8.41,$-77.21,$-182.91,$-120.16,$-8.02,$7.22,$-190.14,$-89.82,$-49.66,$-100.33,$-82.71,$-87.38,$-187.49,$-87.65,$-64.92,$-51.30,$-153.76,$-153.76,$-68.73,$-23.57,$-158.26,$-61.23,$6.05,$-51.55,$-77.21,$-132.86,$-132.86,$57.64,$-181.61,$73.00,$-169.53,$-101.65,$-98.11,$-97.91,$-30.99,$-101.17,$-43.20,$-185.35,$-74.62,$-67.84,$-87.83,$-51.55,$-104.39,$-104.39,$-114.69,$-49.66,$-49.66,$-52.62,$-52.62,$-63.72,$-82.33,$-76.87,$-49.44,$-15.99,$9.40,$10.10,$-62.07,$-41.12,$-63.20,$-173.05,$-167.12,$-52.17,$-188.86,$-100.97,$-100.11,$83.75,$-98.19,$49.11,$-34.44,$-8.75,$-6.36,$88.62,$80.19,$58.93,$-14.32,$85.64,$55.53,$-6.36,$-36.03,$44.85,$-45.83,$10.23,$-13.40,$-139.13,$-4.55,$-21.95,$34.97,$-11.96,$-37.32,$-4.55,$-5.73,$-27.54,$-138.96,$-6.59,$-90.81,$-50.36,$-17.50,$67.16,$-7.75,$-96.85,$24.49,$8.19,$61.39,$-7.62,$-7.62,$-10.21,$51.99,$-51.81,$-9.28,$5.80,$18.22,$5.67,$5.80,$-0.38,$-4.11,$-29.98,$-8.54,$-141.94,$-25.58,$-119.70,$7.79,$-48.49,$-29.98,$-153.53,$-33.59,$-15.28,$-37.89,$-48.15,$22.11,$6.09,$-33.49,$-38.97,$-34.06,$-27.62,$113.29,$1.42,$129.19,$-13.83,$-52.03,$-63.48,$109.30,$-63.48,$-26.29,$12.23,$-37.00,$109.30,$31.82,$-35.65,$-62.26,$-12.50,$-13.91,$-41.25,$-158.49,$-62.18,$-24.27,$-42.53,$-63.84,$2.07,$-4.77,$2.07,$29.07,$-28.29,$17.38,$-58.89,$18.64,$7.56,$-8.98,$19.61,$-20.95,$-19.04,$21.52,$12.13,$-73.55,$12.13,$6.67,$6.67,$38.79,$6.51,$29.39,$10.43,$27.74,$-26.97,$21.52,$12.31,$32.03,$15.03,$29.51,$22.91,$30.06,$19.24,$6.79,$6.68,$10.17,$24.71,$16.72,$38.08,$24.61,$6.79,$33.09,$22.39,$26.30,$29.10,$22.39,$33.33,$40.73
  Span (min) (P2),,,,split_detail,,216.25,216.25,210.00,219.43,293.49,181.22,190.21,281.69,216.15,288.32,285.09,281.92,195.90,202.33,308.46,185.69,203.57,185.69,262.67,306.97,200.83,203.57,203.57,201.00,277.48,306.86,203.57,202.09,201.05,189.91,200.83,203.57,203.57,203.57,198.48,306.69,275.68,194.00,293.07,202.92,201.50,208.63,302.22,160.26,199.71,200.95,281.32,201.50,163.33,263.25,273.82,195.00,289.76,261.85,164.72,211.15,163.33,163.33,182.95,281.14,160.71,160.26,198.20,296.36,201.43,281.05,278.00,287.39,377.02,183.59,183.59,158.98,160.71,198.81,196.62,185.70,201.43,159.48,159.48,159.48,188.39,157.92,201.43,182.21,184.44,269.40,200.16,393.30,393.30,196.55,183.59,164.58,195.25,201.29,260.51,185.08,197.17,201.43,183.59,195.20,180.47,169.44,199.83,270.74,199.83,282.88,199.46,182.69,277.52,194.83,166.54,193.00,195.94,243.90,163.53,198.00,202.15,203.78,183.68,174.13,199.11,171.34,184.23,183.48,202.26,202.26,167.69,295.59,200.39,246.53,202.84,199.59,194.83,197.11,197.11,256.77,202.38,270.74,185.24,186.97,188.03,185.70,194.62,197.17,278.57,184.93,183.64,167.08,189.72,199.59,199.89,199.89,193.73,202.15,202.15,199.23,199.23,191.10,200.28,174.63,268.95,282.12,266.18,331.15,168.54,183.46,177.89,203.20,208.31,196.58,189.81,185.88,187.50,224.76,190.54,205.74,199.01,264.00,204.49,223.80,203.06,220.52,194.47,201.69,199.23,204.49,193.22,261.52,193.19,192.62,188.10,184.91,187.66,190.24,330.21,189.66,193.38,187.66,188.53,200.84,168.78,190.43,203.04,197.79,191.86,199.53,191.29,181.53,279.10,191.03,198.21,192.55,192.55,193.66,198.53,147.89,190.30,204.41,189.44,188.87,204.41,189.78,192.41,161.02,190.43,182.10,191.22,180.21,188.22,136.99,161.02,179.34,139.34,147.38,138.89,139.35,199.73,190.32,139.05,142.53,138.86,164.54,219.01,189.65,220.92,189.78,136.52,136.37,219.43,136.37,157.03,198.20,139.46,219.43,208.47,162.46,135.81,145.23,198.33,141.17,178.33,135.54,200.53,139.82,134.86,200.22,200.53,200.22,183.80,200.40,185.41,130.49,184.86,187.14,188.14,188.00,139.29,139.40,187.17,182.14,128.83,178.71,182.00,182.00,187.52,181.86,186.14,105.78,185.10,140.61,187.17,140.68,186.95,184.74,186.62,179.72,183.65,182.48,141.49,141.84,184.19,186.07,186.62,178.93,184.35,141.49,179.73,184.27,180.53,178.57,184.27,175.70,180.00
  Sortino (P4),,,,split_detail,,-3.4676,-3.4676,-3.2695,-3.4676,0.8252,-7.6996,-2.3397,-1.4807,-2.7529,0.3727,1.0565,1.0565,-0.4372,-1.5349,3.9513,-1.8623,1.2791,-1.6858,-3.6457,3.3832,-2.0812,1.5671,1.5671,1.7538,-6.6695,-2.5513,1.2791,-0.6480,0.0498,1.0637,-1.0227,1.1455,2.0239,2.0239,1.1455,2.0476,-0.2863,-0.4034,1.6545,-2.7926,-4.0497,-3.2118,-0.2370,-3.2257,-1.1646,-0.8949,-1.2947,-0.8206,-3.0121,-2.8166,-4.4231,-2.3682,-1.4956,-2.3069,-2.4545,-1.1206,-3.0121,-3.0121,-1.7732,-1.0059,-3.2257,-3.2257,0.5612,1.8913,-1.0572,0.4888,-4.0650,-1.4978,-8.2273,-3.3510,-3.3510,-3.1197,-3.2257,0.0779,-4.3794,-3.3793,-1.6489,-2.8803,-2.8803,-2.8803,-2.8748,-2.8046,-1.6802,-2.8165,-2.2006,-2.6227,-0.4624,-7.4389,-7.4389,-1.9098,-3.2820,-4.6850,-1.9237,-1.2024,2.2632,-1.5191,-2.4655,-1.6802,-3.2820,-3.0331,-3.1149,-3.1016,-0.9252,1.0500,-0.2706,-0.1723,-1.7172,-3.2063,-0.4002,-2.4655,-0.6905,-1.1952,-1.1179,-5.0257,-0.6905,-4.5597,-3.5131,-2.2058,-2.0356,-3.0763,-1.1239,-3.2152,-3.5099,-3.5099,-0.1211,-0.1211,-5.9521,0.0614,-1.1780,-0.3384,-0.7243,-3.2283,-1.5813,-3.3261,-3.3261,-3.4148,-0.1602,-0.6215,-2.4581,-2.1420,-4.7178,-4.1192,-2.3963,-2.7533,0.0212,1.3544,-2.9210,-4.2747,-2.5927,-2.0502,-2.4596,-2.2597,-2.8289,-4.2005,-4.2005,-3.6094,-3.6094,-3.6094,-1.4850,-4.2792,-2.4011,-5.1341,-8.0650,-5.8975,-5.3049,-3.8370,-4.4878,-0.1914,-0.9016,-2.7624,0.9803,-3.9711,-3.9310,-3.4068,-4.4092,-2.6858,-1.4125,-2.9035,-5.7329,-2.7411,0.0665,-2.7411,0.4651,0.3508,-4.6108,-5.7329,-1.0640,-4.4042,-1.0640,-3.4089,-4.1153,-2.6153,-4.1052,-4.4920,-2.9986,-4.0463,-0.8143,-4.2354,-4.1755,0.4560,-1.7976,-3.4288,-5.7685,-2.4547,-3.9496,-2.4119,-3.9109,-5.2829,-8.0565,-2.1653,-1.9205,-2.4138,-2.3072,-2.7763,-1.8105,-4.1569,-2.0040,-2.8833,-2.2858,-2.1028,-3.1222,-2.0180,-2.0069,-4.0616,-2.4239,-2.3017,-2.7224,-3.0920,-1.8993,-2.8560,-4.0616,-2.4239,-3.0323,-3.6995,-3.0792,-2.5608,-2.3674,-2.3552,-3.0323,-3.1497,-3.0344,-4.4001,-2.1164,-2.6466,-1.9798,-2.6845,-2.6130,-2.9533,-2.1164,-3.0465,-4.0616,-2.9378,-2.8334,-3.0307,-2.0158,-4.4811,-2.7154,-5.7042,-2.5880,-3.0077,-2.6594,-3.0836,-2.6055,-2.8383,-3.1585,-1.8834,-1.4442,-1.8834,-2.9420,-2.6509,-3.4301,-3.5443,-2.7197,-3.3074,-3.0818,-2.4721,-2.3900,-2.3900,-2.2050,-2.5751,-3.5868,-2.8314,-2.6511,-2.6511,-2.1652,-3.5444,-2.1961,-2.2025,-2.4249,-2.9621,-2.0422,-2.2349,-2.7204,-2.7001,-1.8710,-3.8084,-2.2468,-3.5125,-2.7000,-2.4512,-2.9590,-2.1409,-2.5587,-3.3663,-2.5900,-2.7000,-2.5395,-3.5107,-2.3942,-3.1859,-3.5107,-3.1369,-3.3198
  Trades/D (P4),,,,split_detail,,0.301,0.301,0.301,0.301,0.368,0.319,0.331,0.411,0.325,0.387,0.368,0.368,0.423,0.350,0.387,0.466,0.423,0.472,0.374,0.405,0.356,0.429,0.429,0.429,0.393,0.387,0.423,0.344,0.460,0.472,0.344,0.448,0.436,0.436,0.448,0.405,0.399,0.491,0.405,0.368,0.380,0.374,0.417,0.313,0.337,0.472,0.436,0.344,0.313,0.411,0.411,0.466,0.417,0.411,0.307,0.350,0.313,0.313,0.503,0.429,0.313,0.313,0.509,0.429,0.503,0.442,0.301,0.436,0.264,0.429,0.429,0.288,0.313,0.472,0.380,0.436,0.509,0.288,0.288,0.288,0.313,0.325,0.509,0.429,0.436,0.436,0.491,0.258,0.258,0.460,0.436,0.442,0.472,0.503,0.423,0.503,0.264,0.509,0.436,0.368,0.442,0.442,0.472,0.405,0.472,0.448,0.393,0.442,0.405,0.264,0.313,0.472,0.411,0.442,0.313,0.393,0.282,0.270,0.325,0.454,0.503,0.454,0.429,0.429,0.503,0.503,0.460,0.393,0.503,0.460,0.411,0.282,0.282,0.515,0.515,0.429,0.503,0.429,0.509,0.442,0.466,0.460,0.423,0.288,0.497,0.288,0.442,0.448,0.442,0.294,0.282,0.282,0.270,0.307,0.307,0.307,0.307,0.307,0.276,0.460,0.485,0.313,0.350,0.337,0.466,0.442,0.472,0.503,0.491,0.405,0.294,0.466,0.466,0.405,0.466,0.466,0.417,0.491,0.423,0.393,0.460,0.393,0.423,0.472,0.515,0.423,0.442,0.350,0.442,0.491,0.503,0.307,0.521,0.509,0.362,0.503,0.442,0.528,0.528,0.417,0.307,0.534,0.466,0.294,0.540,0.564,0.552,0.589,0.362,0.577,0.583,0.577,0.571,0.577,0.595,0.448,0.589,0.620,0.583,0.595,0.626,0.595,0.577,0.448,0.595,0.712,0.601,0.712,0.607,0.914,0.448,0.718,0.926,0.914,0.933,0.939,0.601,0.601,0.926,0.957,0.945,0.460,0.724,0.601,0.718,0.601,0.945,0.975,0.724,0.982,0.448,0.595,0.963,0.736,0.736,0.460,0.969,0.472,0.613,0.963,0.730,0.975,0.620,0.982,0.982,0.620,0.626,0.620,0.509,0.620,0.509,1.006,0.540,0.571,0.552,0.589,0.859,0.859,0.595,0.546,1.012,0.546,0.552,0.552,0.607,0.571,0.595,0.755,0.613,0.865,0.595,0.791,0.607,0.607,0.595,0.607,0.620,0.607,0.785,0.785,0.613,0.601,0.607,0.620,0.607,0.785,0.613,0.607,0.626,0.626,0.607,0.626,0.620
  Profit Fac (P4),,,,split_detail,,0.7578,0.7578,0.7662,0.7578,1.0539,0.5980,0.8283,0.9129,0.8041,1.0226,1.0724,1.0724,0.9717,0.8660,1.2318,0.8778,1.1072,0.8879,0.7783,1.1935,0.8250,1.1333,1.1333,1.1549,0.6637,0.8585,1.1072,0.9428,1.0042,1.0749,0.9127,1.0956,1.1813,1.1813,1.0956,1.1172,0.9816,0.9723,1.1057,0.7871,0.7021,0.7525,0.9868,0.7926,0.9072,0.9283,0.9225,0.9287,0.8064,0.8423,0.7692,0.8436,0.9082,0.8699,0.8365,0.9049,0.8064,0.8064,0.8850,0.9392,0.7926,0.7926,1.0429,1.1051,0.9175,1.0292,0.8163,0.9102,0.6385,0.7482,0.7482,0.8135,0.7926,1.0065,0.6779,0.7265,0.8750,0.8278,0.8278,0.8278,0.7636,0.8126,0.8726,0.7760,0.8127,0.8365,0.9624,0.6636,0.6636,0.8695,0.7469,0.6792,0.8724,0.9062,1.1466,0.9013,0.8220,0.8726,0.7469,0.7806,0.7600,0.7696,0.9255,1.0610,0.9790,0.9893,0.8698,0.7521,0.9772,0.8220,0.9521,0.9161,0.9178,0.7052,0.9521,0.6646,0.7551,0.8433,0.8260,0.7720,0.9123,0.7617,0.7230,0.7230,0.9899,0.9899,0.6185,1.0036,0.9081,0.9782,0.9451,0.7754,0.8899,0.7925,0.7925,0.7999,0.9865,0.9631,0.8442,0.8188,0.6526,0.6833,0.8287,0.8165,1.0013,1.1538,0.7636,0.7046,0.7812,0.8606,0.8348,0.8482,0.7990,0.7358,0.7358,0.7702,0.7702,0.7702,0.8959,0.6972,0.8567,0.7634,0.6022,0.6951,0.6664,0.7003,0.6961,0.9839,0.9271,0.7958,1.0603,0.7170,0.7226,0.7420,0.6699,0.8076,0.8924,0.8251,0.6656,0.7924,1.0053,0.7924,1.0379,1.0289,0.6834,0.6656,0.9171,0.7706,0.9171,0.7567,0.7100,0.7678,0.7051,0.6882,0.8404,0.7124,0.9357,0.6972,0.7041,1.0374,0.8807,0.7520,0.6664,0.8322,0.7137,0.8119,0.7121,0.6515,0.5916,0.8275,0.8496,0.8150,0.8196,0.7949,0.8555,0.6221,0.8435,0.7577,0.8230,0.8377,0.7424,0.8450,0.8414,0.6486,0.8204,0.8358,0.8026,0.7853,0.8544,0.7928,0.6486,0.8271,0.7822,0.7404,0.7787,0.8110,0.8221,0.8216,0.7822,0.7701,0.7813,0.6450,0.8549,0.8020,0.8633,0.8035,0.8073,0.7828,0.8549,0.7771,0.6486,0.7815,0.7931,0.7975,0.8521,0.6113,0.8022,0.5355,0.8083,0.7773,0.8123,0.7776,0.8079,0.7921,0.7730,0.8554,0.8881,0.8554,0.7813,0.8046,0.7465,0.7474,0.7958,0.7494,0.7677,0.8103,0.8199,0.8199,0.8236,0.8129,0.7440,0.7929,0.8086,0.8086,0.8311,0.7410,0.8219,0.8323,0.8169,0.7762,0.8366,0.8349,0.7939,0.8003,0.8575,0.7228,0.8293,0.7452,0.7972,0.8159,0.7851,0.8402,0.8030,0.7601,0.8010,0.7972,0.8090,0.7382,0.8230,0.7688,0.7382,0.7716,0.7631
  Max DD (P4),,,,split_detail,,"$9,243.50","$9,243.50","$9,448.00","$9,243.50","$7,170.00","$12,607.50","$11,177.00","$12,021.50","$8,632.50","$9,389.50","$7,351.00","$7,351.00","$8,090.50","$12,801.00","$12,965.50","$10,565.00","$12,048.00","$10,565.00","$9,959.00","$12,795.50","$13,730.00","$12,048.00","$12,048.00","$12,127.00","$15,508.00","$17,465.00","$12,048.00","$10,833.50","$11,577.50","$7,373.50","$12,183.50","$13,224.00","$12,127.00","$12,127.00","$13,224.00","$12,251.00","$11,004.00","$7,303.50","$10,481.00","$13,295.00","$16,191.50","$15,251.00","$15,192.50","$7,453.50","$12,198.50","$13,503.00","$12,824.00","$11,762.50","$7,453.50","$14,708.50","$15,406.50","$12,769.00","$13,400.50","$13,849.00","$6,890.50","$12,354.50","$7,453.50","$7,453.50","$11,680.50","$12,936.00","$7,453.50","$7,453.50","$13,118.50","$13,582.50","$14,632.50","$12,795.00","$11,974.50","$12,656.00","$13,015.00","$15,706.50","$15,706.50","$5,759.00","$7,453.50","$13,503.00","$16,385.00","$18,313.50","$16,558.00","$5,759.00","$5,759.00","$5,759.00","$10,297.00","$7,294.50","$16,656.00","$14,412.50","$16,435.00","$16,777.00","$14,419.00","$12,143.50","$12,143.50","$10,960.50","$15,706.50","$15,104.00","$12,207.50","$15,123.50","$7,814.00","$12,190.50","$6,397.50","$16,656.00","$15,706.50","$15,084.00","$13,494.00","$15,037.50","$13,861.50","$8,599.50","$11,812.50","$13,578.50","$13,887.00","$14,437.50","$9,144.00","$6,397.50","$7,557.50","$10,960.50","$13,960.50","$15,338.50","$7,557.50","$16,977.00","$8,535.00","$5,834.00","$10,138.00","$15,092.00","$16,558.00","$15,499.00","$16,469.00","$16,469.00","$12,379.00","$12,379.00","$15,446.50","$7,914.50","$16,656.00","$12,419.50","$13,040.00","$7,778.50","$5,834.00","$15,683.50","$15,683.50","$13,350.00","$14,318.50","$11,835.50","$12,597.50","$16,846.00","$19,855.00","$18,042.50","$16,857.00","$6,871.00","$12,911.00","$5,664.50","$17,662.50","$15,147.50","$18,348.50","$6,701.00","$6,357.00","$6,187.00","$6,911.50","$9,996.50","$9,996.50","$8,649.00","$8,649.00","$8,649.00","$5,788.50","$15,377.50","$19,096.50","$12,455.00","$18,859.00","$16,150.00","$15,262.50","$15,157.00","$16,975.50","$14,416.50","$14,745.00","$15,229.50","$6,142.50","$17,644.50","$17,447.50","$10,023.50","$19,645.00","$9,978.00","$15,229.50","$20,451.00","$15,623.50","$10,191.50","$9,063.00","$10,191.50","$11,601.00","$9,063.00","$13,885.50","$15,623.50","$14,497.50","$13,935.00","$14,497.50","$11,159.00","$13,457.00","$8,038.00","$13,968.50","$14,735.00","$15,117.50","$13,457.00","$14,362.00","$13,968.50","$13,716.00","$12,415.00","$6,699.50","$12,282.00","$18,088.00","$6,801.00","$14,488.00","$12,585.00","$15,035.50","$16,629.50","$15,380.50","$12,272.00","$12,639.00","$12,737.00","$12,384.00","$13,542.00","$11,776.50","$16,404.00","$11,874.50","$15,194.00","$12,737.00","$12,143.50","$16,121.50","$11,891.00","$11,809.50","$17,756.50","$13,195.00","$14,578.00","$13,904.00","$15,350.00","$13,001.00","$14,376.50","$17,756.50","$14,578.00","$15,232.50","$18,270.50","$15,466.50","$14,142.50","$13,099.00","$13,001.00","$15,232.50","$18,157.00","$15,401.50","$18,003.50","$14,232.50","$13,674.50","$14,232.50","$13,940.50","$14,142.50","$14,517.50","$14,232.50","$14,969.50","$17,756.50","$14,759.00","$15,232.50","$14,811.00","$19,068.00","$19,066.00","$13,012.50","$22,042.00","$12,748.50","$16,776.50","$15,142.00","$14,656.50","$12,912.50","$15,283.50","$15,024.50","$13,113.00","$11,648.00","$13,113.00","$12,822.00","$12,912.50","$13,844.00","$17,313.50","$12,225.50","$14,990.00","$13,693.00","$14,448.00","$13,201.50","$13,201.50","$14,480.00","$12,014.00","$17,582.50","$11,621.00","$12,212.00","$12,212.00","$13,984.50","$15,645.00","$14,690.50","$11,709.50","$15,284.00","$16,174.00","$13,919.50","$12,070.00","$15,816.50","$16,050.00","$13,095.50","$18,309.00","$15,116.00","$18,477.00","$13,679.50","$12,725.00","$16,907.50","$13,953.00","$15,704.50","$18,417.00","$15,816.50","$13,679.50","$16,020.50","$18,766.50","$15,554.50","$17,981.50","$18,766.50","$17,813.50","$18,220.00"
  Total PNL (P4),,,,split_detail,,"$-6,300.50","$-6,300.50","$-6,015.00","$-6,300.50","$1,525.50","$-11,586.00","$-4,650.00","$-2,969.00","$-5,306.50",$688.50,"$2,014.00","$2,014.00",$-855.50,"$-3,237.00","$7,090.00","$-4,108.00","$3,418.00","$-3,767.50","$-6,392.00","$6,234.50","$-4,390.50","$4,248.00","$4,248.00","$4,868.50","$-11,403.00","$-5,143.00","$3,418.00","$-1,269.50",$148.50,"$2,367.00","$-2,001.50","$3,240.00","$5,698.50","$5,698.50","$3,240.00","$3,876.50",$-583.00,$-937.50,"$3,459.50","$-5,660.00","$-8,781.00","$-6,809.00",$-496.00,"$-4,220.50","$-2,061.50","$-2,688.50","$-2,801.00","$-1,606.50","$-3,941.00","$-5,106.50","$-7,899.50","$-5,647.50","$-3,164.00","$-4,196.00","$-3,208.50","$-2,198.50","$-3,941.00","$-3,941.00","$-4,098.00","$-2,167.50","$-4,220.50","$-4,220.50","$1,627.00","$3,795.50","$-3,283.50","$1,090.50","$-4,734.50","$-3,291.50","$-8,320.00","$-8,682.00","$-8,682.00","$-3,641.50","$-4,220.50",$234.50,"$-9,496.00","$-9,829.50","$-5,167.00","$-3,362.00","$-3,362.00","$-3,362.00","$-5,805.50","$-3,813.50","$-5,265.00","$-7,447.00","$-6,361.50","$-5,944.50","$-1,412.00","$-7,448.50","$-7,448.50","$-4,414.50","$-8,741.00","$-11,554.00","$-4,493.50","$-3,732.50","$4,553.00","$-3,553.00","$-3,622.00","$-5,265.00","$-8,741.00","$-5,736.00","$-8,138.00","$-8,015.50","$-2,795.00","$1,905.00",$-746.00,$-395.50,"$-3,617.50","$-8,551.50",$-722.50,"$-3,622.00",$-948.00,"$-2,836.50","$-2,422.50","$-10,536.50",$-948.00,"$-10,374.50","$-5,515.00","$-3,279.50","$-4,272.00","$-8,084.00","$-3,481.50","$-8,449.00","$-9,951.50","$-9,951.50",$-377.00,$-377.00,"$-14,584.50",$116.50,"$-3,649.00",$-844.00,"$-1,572.00","$-4,927.00","$-2,407.00","$-8,390.50","$-8,390.50","$-7,005.50",$-504.50,"$-1,270.50","$-5,754.00","$-6,287.00","$-14,021.50","$-12,209.00","$-5,543.50","$-4,303.50",$52.50,"$3,083.00","$-8,509.50","$-10,613.50","$-7,929.50","$-3,198.00","$-3,789.50","$-3,481.50","$-4,206.00","$-6,976.50","$-6,976.50","$-5,797.50","$-5,797.50","$-5,797.50","$-2,229.50","$-11,229.00","$-5,996.50","$-6,521.00","$-13,881.00","$-9,774.00","$-12,887.00","$-10,927.50","$-11,790.00",$-602.50,"$-2,739.00","$-6,306.50","$1,138.00","$-10,788.50","$-10,633.50","$-6,870.50","$-13,223.00","$-6,073.50","$-3,322.50","$-7,680.00","$-13,068.00","$-5,332.50",$151.50,"$-5,332.50","$1,053.50",$820.00,"$-12,201.00","$-13,068.00","$-2,588.50","$-7,279.50","$-2,588.50","$-8,490.50","$-10,788.50","$-5,264.50","$-11,300.00","$-11,940.50","$-5,514.50","$-10,662.50","$-1,986.00","$-11,736.50","$-11,358.00","$1,040.00","$-2,353.50","$-9,612.00","$-14,048.50","$-3,922.00","$-11,692.00","$-7,902.00","$-12,239.50","$-15,823.00","$-13,093.00","$-7,248.50","$-6,441.50","$-7,928.00","$-7,575.00","$-9,013.50","$-6,203.00","$-13,214.00","$-6,725.00","$-11,120.00","$-7,587.50","$-7,120.00","$-12,047.50","$-6,741.50","$-6,660.00","$-12,446.00","$-8,045.50","$-8,248.50","$-9,035.00","$-10,814.50","$-6,505.00","$-12,463.00","$-12,446.00","$-8,946.50","$-13,284.50","$-16,440.50","$-13,553.00","$-11,450.50","$-7,949.50","$-7,977.50","$-13,284.50","$-14,666.00","$-13,488.00","$-12,739.50","$-6,521.00","$-8,805.50","$-6,083.00","$-8,945.50","$-11,733.50","$-13,474.00","$-6,521.00","$-13,926.00","$-12,446.00","$-9,764.00","$-12,823.50","$-9,385.00","$-7,128.00","$-14,383.00","$-11,969.00","$-18,869.00","$-8,709.00","$-14,079.00","$-9,892.00","$-13,613.00","$-8,873.00","$-13,027.00","$-13,981.00","$-6,494.50","$-5,029.50","$-6,494.50","$-7,756.50","$-9,027.50","$-9,409.50","$-16,037.00","$-7,494.50","$-10,857.50","$-9,480.50","$-8,334.50","$-9,835.50","$-9,835.50","$-7,588.50","$-6,998.50","$-16,306.00","$-7,648.00","$-7,196.50","$-7,196.50","$-7,498.50","$-10,629.50","$-7,673.00","$-8,253.00","$-8,102.00","$-12,672.00","$-7,028.00","$-8,241.00","$-9,330.50","$-8,868.00","$-5,913.50","$-12,407.00","$-7,593.50","$-11,448.50","$-10,357.50","$-9,403.00","$-9,725.50","$-6,771.00","$-8,813.00","$-11,048.00","$-8,925.00","$-10,357.50","$-8,498.00","$-12,061.50","$-8,032.00","$-10,612.50","$-12,061.50","$-10,444.50","$-10,851.00"
  Avg Profit/Tr (P4),,,,split_detail,,$-128.58,$-128.58,$-122.76,$-128.58,$25.42,$-222.81,$-86.11,$-44.31,$-100.12,$10.93,$33.57,$33.57,$-12.40,$-56.79,$112.54,$-54.05,$49.54,$-48.93,$-104.79,$94.46,$-75.70,$60.69,$60.69,$69.55,$-178.17,$-81.63,$49.54,$-22.67,$1.98,$30.74,$-35.74,$44.38,$80.26,$80.26,$44.38,$58.73,$-8.97,$-11.72,$52.42,$-94.33,$-141.63,$-111.62,$-7.29,$-82.75,$-37.48,$-34.92,$-39.45,$-28.69,$-77.27,$-76.22,$-117.90,$-74.31,$-46.53,$-62.63,$-64.17,$-38.57,$-77.27,$-77.27,$-49.98,$-30.96,$-82.75,$-82.75,$19.60,$54.22,$-40.04,$15.15,$-96.62,$-46.36,$-193.49,$-124.03,$-124.03,$-77.48,$-82.75,$3.05,$-153.16,$-138.44,$-62.25,$-71.53,$-71.53,$-71.53,$-113.83,$-71.95,$-63.43,$-106.39,$-89.60,$-83.73,$-17.65,$-177.35,$-177.35,$-58.86,$-123.11,$-160.47,$-58.36,$-45.52,$65.99,$-43.33,$-84.23,$-63.43,$-123.11,$-95.60,$-113.03,$-111.33,$-36.30,$28.86,$-9.69,$-5.42,$-56.52,$-118.77,$-10.95,$-84.23,$-18.59,$-36.84,$-36.16,$-146.34,$-18.59,$-162.10,$-119.89,$-74.53,$-80.60,$-109.24,$-42.46,$-114.18,$-142.16,$-142.16,$-4.60,$-4.60,$-194.46,$1.82,$-44.50,$-11.25,$-23.46,$-107.11,$-52.33,$-99.89,$-99.89,$-100.08,$-6.15,$-18.15,$-69.33,$-87.32,$-184.49,$-162.79,$-80.34,$-91.56,$0.65,$65.60,$-118.19,$-145.39,$-110.13,$-66.63,$-82.38,$-75.68,$-95.59,$-139.53,$-139.53,$-115.95,$-115.95,$-115.95,$-49.54,$-149.72,$-75.91,$-127.86,$-243.53,$-177.71,$-169.57,$-151.77,$-153.12,$-7.35,$-34.24,$-95.55,$23.71,$-141.95,$-139.91,$-104.10,$-173.99,$-79.91,$-48.86,$-96.00,$-189.39,$-83.32,$2.02,$-83.32,$15.27,$10.65,$-145.25,$-189.39,$-35.95,$-127.71,$-35.95,$-106.13,$-131.57,$-105.29,$-132.94,$-143.86,$-93.47,$-130.03,$-27.58,$-136.47,$-132.07,$15.29,$-47.07,$-110.48,$-184.85,$-81.71,$-132.86,$-85.89,$-135.99,$-164.82,$-221.92,$-77.11,$-67.81,$-84.34,$-81.45,$-95.89,$-63.95,$-181.01,$-70.05,$-110.10,$-79.87,$-73.40,$-118.11,$-69.50,$-70.85,$-170.49,$-82.94,$-71.11,$-92.19,$-93.23,$-65.71,$-83.64,$-170.49,$-76.47,$-87.98,$-110.34,$-89.16,$-74.84,$-81.12,$-81.40,$-87.98,$-94.01,$-87.58,$-169.86,$-55.26,$-89.85,$-51.99,$-91.28,$-76.19,$-84.74,$-55.26,$-87.04,$-170.49,$-100.66,$-81.68,$-78.21,$-59.40,$-191.77,$-75.75,$-245.05,$-87.09,$-89.68,$-83.13,$-85.62,$-87.85,$-81.42,$-87.38,$-64.30,$-49.31,$-64.30,$-93.45,$-89.38,$-113.37,$-97.79,$-85.16,$-116.75,$-105.34,$-86.82,$-70.25,$-70.25,$-78.23,$-78.63,$-98.82,$-85.93,$-79.96,$-79.96,$-75.74,$-114.30,$-79.10,$-67.10,$-81.02,$-89.87,$-72.45,$-63.88,$-94.25,$-89.58,$-60.96,$-125.32,$-75.18,$-115.64,$-80.92,$-73.46,$-97.26,$-69.09,$-89.02,$-109.39,$-90.15,$-80.92,$-84.98,$-121.83,$-78.75,$-104.04,$-121.83,$-102.40,$-107.44
  Span (min) (P4),,,,split_detail,,212.76,212.76,205.71,212.76,185.00,169.62,185.83,179.64,207.74,183.43,182.00,182.00,188.04,199.33,192.19,174.08,209.13,175.13,158.36,192.91,193.43,204.86,204.86,210.21,140.06,190.86,209.13,202.20,198.00,188.38,200.11,203.01,205.99,205.99,203.01,197.27,177.78,183.94,177.45,199.12,191.02,193.30,188.29,196.55,189.56,192.27,177.80,201.27,196.00,168.18,143.10,178.82,180.00,168.00,195.72,203.21,196.00,196.00,177.44,175.20,196.55,196.55,194.10,195.94,195.37,176.83,187.35,179.15,176.93,181.71,181.71,192.13,196.55,194.81,186.82,188.03,189.76,191.53,191.53,191.53,213.02,198.64,189.22,180.43,191.41,167.32,192.00,178.29,178.29,177.20,179.58,163.75,178.64,189.88,179.30,180.55,199.58,189.22,179.58,183.73,178.75,173.75,187.21,164.18,189.55,172.44,200.89,183.96,158.18,199.58,201.76,177.86,189.18,143.67,201.76,184.03,206.65,198.86,216.08,181.01,192.62,175.74,189.00,189.00,196.10,196.10,169.20,190.69,189.33,181.60,196.94,206.35,197.52,176.25,176.25,144.17,196.10,161.83,173.67,198.33,192.63,191.20,182.19,193.62,173.19,204.34,193.33,173.42,201.67,201.54,190.83,192.35,202.68,197.12,197.12,194.32,194.32,194.32,190.40,179.40,171.65,185.88,187.58,190.91,172.30,194.58,178.64,195.55,197.06,190.67,212.62,179.80,185.33,142.18,191.05,143.84,191.37,170.40,180.43,141.94,144.64,141.94,195.00,144.31,135.14,180.43,187.24,184.63,187.24,140.10,141.37,203.00,139.34,140.10,185.49,141.51,193.01,140.09,140.37,195.96,197.12,139.17,181.78,193.08,138.68,141.78,137.47,124.99,137.90,144.00,140.97,140.04,142.97,144.38,144.62,153.49,144.25,136.87,141.35,140.66,135.53,140.91,142.85,163.97,143.13,128.54,146.69,126.41,143.27,111.53,163.97,127.67,110.98,118.67,110.71,111.54,142.53,142.04,110.98,115.68,111.55,176.60,143.68,141.18,144.07,143.76,112.45,111.12,143.68,110.86,163.97,138.80,111.64,142.57,137.90,167.20,111.20,154.09,139.68,113.34,126.18,111.12,139.72,112.17,110.42,136.16,136.71,136.16,140.39,139.25,141.11,105.34,138.41,135.23,139.07,138.88,111.90,111.90,140.41,134.43,105.64,132.40,132.80,132.80,140.36,129.94,139.92,109.38,137.64,114.78,138.80,110.59,136.85,133.94,135.46,129.33,138.89,130.67,112.22,112.77,135.36,136.90,138.79,133.31,136.73,112.22,136.80,133.45,135.18,132.00,133.45,131.53,132.48
  Sortino (P6),,,,split_detail,,-0.1747,-0.1747,-0.6061,-2.6355,-5.4533,-5.9425,-5.8849,-8.7385,-1.8691,-10.8994,-7.3774,-6.7220,6.5117,-1.6229,-0.2088,7.8038,5.3923,7.7476,-5.6699,1.2068,-0.9933,5.3923,5.3923,5.1512,-4.7379,-2.8320,5.3923,-2.4600,4.0320,8.4106,-1.3778,5.3923,5.3923,5.3923,5.3923,2.0687,-10.7330,3.6754,-6.6983,-1.6779,-1.6779,-1.1213,-2.9661,2.2120,0.6034,6.4624,-6.7285,-2.6456,2.2120,-8.9497,-2.7073,7.3932,-10.9850,-8.8918,2.6853,-2.0556,2.9189,2.9189,3.6959,-7.3692,1.5724,1.5724,1.9457,0.6942,2.7393,-5.1831,0.1499,-6.9768,-0.6130,-7.2210,-7.2210,2.2120,1.5724,3.6615,-2.3153,-6.2680,2.8923,2.2120,2.2120,2.2120,3.4378,3.7173,2.8923,-7.6494,-5.7072,-9.5277,3.1876,-0.1587,-0.0801,9.1049,-6.8222,-7.3587,8.8109,3.5212,-6.9643,3.3822,-11.3841,2.8923,-6.8222,-1.6032,-8.5696,-7.9468,6.6460,-5.3601,6.6460,-5.9453,-2.4578,-9.2688,-4.8496,-11.7702,2.1892,5.9972,-3.6643,-4.9433,2.1892,-4.5871,-7.4271,-7.2002,3.6752,-7.9468,2.6860,-8.5746,-6.7677,-6.7677,3.5218,3.5218,-8.2139,-5.4008,2.6941,-1.8408,-3.1327,-11.7889,-11.6049,4.2782,4.2782,-4.5906,2.7625,-5.4877,3.3822,-6.5349,-6.2386,-5.9388,-3.6643,-10.4435,1.1405,1.4878,-5.4602,-7.7654,-5.5404,-10.7541,-11.7930,-11.5151,-10.8333,-7.3988,-7.3988,-11.0358,-11.0358,-11.9957,-9.2504,-8.8398,-1.9321,1.2041,-0.7964,-3.6026,-8.0523,-5.9730,-7.8285,3.1676,2.4949,-4.6522,3.6334,-7.1463,-7.2311,5.0651,-5.8012,-1.7467,-4.4630,-2.9566,0.5960,2.0111,-3.4277,1.7782,-3.9481,-2.6357,1.0711,0.5960,-3.7283,-2.6971,-3.5649,-2.7706,-2.7706,2.9094,-3.1394,-2.7563,-0.7388,-2.7563,-1.2130,-3.1394,-3.1394,-4.7239,4.2246,-3.2082,-1.5370,-10.5215,-4.0342,-1.8295,-4.0342,-2.6994,-0.8784,-5.2788,-5.4133,-5.0008,-5.5027,-6.1182,-2.0550,-0.3738,-4.8675,-5.0674,-4.5863,-4.5863,-5.0674,-4.5863,-5.9180,-4.1324,-4.8248,-2.6049,-5.1808,-1.5753,-4.5790,0.9015,-3.7897,-2.3957,0.3178,-0.5465,0.4768,0.8163,-2.7911,-4.7912,0.2491,-0.0814,0.2491,-4.4728,-4.1617,-4.7912,-4.5622,-4.9796,0.4650,0.2678,-4.1617,0.2678,-4.0209,-2.8291,0.0656,-4.3784,-3.8214,-3.8430,0.5955,-4.3291,-2.0467,0.2951,-2.2548,0.5955,-2.7446,0.1186,0.5169,-9.0466,-8.5563,-8.5563,-2.0584,-2.5837,-2.2167,-0.6530,-2.5766,-3.3326,-3.5826,-4.3873,0.6341,0.6341,-4.9527,-3.7122,-0.7525,-3.3285,-3.6004,-3.6004,-5.0063,-3.6965,-4.7861,0.4372,-4.2532,0.5087,-5.1242,-0.3165,-3.9946,-5.5732,-4.1420,-5.1556,-4.4144,-4.8149,-0.5721,-0.4965,-4.8309,-3.8645,-4.8442,-4.3390,-4.4794,-0.7371,-3.7891,-4.8442,-4.6846,-4.1712,-4.8442,-4.4372,-4.5649
  Trades/D (P6),,,,split_detail,,0.238,0.238,0.238,0.250,0.390,0.274,0.299,0.396,0.262,0.378,0.384,0.390,0.311,0.390,0.390,0.372,0.299,0.378,0.390,0.396,0.396,0.299,0.299,0.280,0.390,0.390,0.299,0.384,0.378,0.323,0.396,0.299,0.299,0.299,0.299,0.390,0.384,0.384,0.402,0.421,0.421,0.415,0.390,0.335,0.415,0.366,0.439,0.409,0.335,0.402,0.396,0.366,0.378,0.396,0.335,0.409,0.348,0.348,0.415,0.421,0.335,0.335,0.402,0.402,0.409,0.451,0.317,0.439,0.274,0.384,0.384,0.335,0.335,0.354,0.421,0.378,0.402,0.335,0.335,0.335,0.335,0.354,0.402,0.378,0.384,0.451,0.384,0.274,0.268,0.360,0.390,0.396,0.360,0.384,0.409,0.427,0.299,0.402,0.390,0.445,0.390,0.396,0.360,0.415,0.360,0.439,0.433,0.390,0.415,0.305,0.335,0.384,0.445,0.451,0.335,0.439,0.335,0.311,0.354,0.396,0.384,0.402,0.378,0.378,0.384,0.384,0.402,0.396,0.402,0.433,0.433,0.323,0.317,0.409,0.409,0.415,0.409,0.415,0.427,0.390,0.402,0.402,0.445,0.329,0.451,0.323,0.384,0.402,0.384,0.329,0.323,0.317,0.317,0.348,0.348,0.335,0.335,0.341,0.323,0.402,0.445,0.335,0.366,0.341,0.421,0.384,0.415,0.402,0.402,0.445,0.378,0.421,0.421,0.409,0.402,0.488,0.470,0.463,0.427,0.451,0.494,0.470,0.512,0.512,0.530,0.427,0.518,0.348,0.518,0.555,0.555,0.354,0.573,0.567,0.378,0.567,0.537,0.573,0.573,0.512,0.354,0.579,0.494,0.348,0.591,0.573,0.591,0.616,0.378,0.610,0.610,0.616,0.610,0.634,0.616,0.268,0.634,0.585,0.646,0.646,0.585,0.646,0.622,0.287,0.652,0.744,0.652,0.756,0.652,0.994,0.293,0.780,0.994,0.976,1.006,1.024,0.652,0.652,1.000,1.037,1.000,0.311,0.762,0.652,0.738,0.652,1.037,1.043,0.762,1.043,0.299,0.652,1.049,0.762,0.793,0.311,1.061,0.317,0.591,1.043,0.774,1.061,0.604,1.049,1.055,0.610,0.622,0.622,0.561,0.604,0.561,1.067,0.585,0.598,0.591,0.622,0.927,0.927,0.616,0.598,1.073,0.591,0.604,0.604,0.616,0.604,0.634,0.780,0.628,0.915,0.634,0.805,0.652,0.640,0.616,0.628,0.640,0.634,0.805,0.799,0.652,0.622,0.640,0.659,0.659,0.811,0.652,0.640,0.659,0.659,0.640,0.659,0.665
  Profit Fac (P6),,,,split_detail,,0.9904,0.9904,0.9671,0.8466,0.7325,0.7143,0.7379,0.6270,0.8952,0.5719,0.6606,0.6858,1.4214,0.9293,0.9883,1.6081,1.3688,1.6136,0.7359,1.0641,0.9560,1.3688,1.3688,1.3588,0.8166,0.8554,1.3688,0.8939,1.3263,1.5833,0.9387,1.3688,1.3688,1.3688,1.3688,1.1067,0.6274,1.3033,0.7148,0.9166,0.9166,0.9430,0.8505,1.1314,1.0306,1.5155,0.7042,0.8770,1.1314,0.6734,0.8935,1.6178,0.5556,0.6679,1.1689,0.8971,1.1797,1.1797,1.2995,0.6662,1.0934,1.0934,1.1534,1.0354,1.2163,0.7695,1.0091,0.6856,0.9665,0.6507,0.6507,1.1314,1.0934,1.3153,0.8888,0.6990,1.2311,1.1314,1.1314,1.1314,1.2046,1.2327,1.2311,0.6362,0.7225,0.6424,1.2481,0.9907,0.9955,1.7637,0.6647,0.6353,1.7263,1.2848,0.7016,1.2685,0.5992,1.2311,0.6647,0.9206,0.6067,0.6252,1.5405,0.8034,1.5405,0.7266,0.8782,0.5749,0.8221,0.5860,1.1215,1.5427,0.8298,0.7904,1.1215,0.7854,0.7101,0.7346,1.2025,0.6252,1.2246,0.6050,0.6807,0.6807,1.2709,1.2709,0.6110,0.7282,1.2095,0.9141,0.8537,0.5938,0.5898,1.3750,1.3750,0.8221,1.2123,0.7987,1.2685,0.6840,0.6913,0.7059,0.8298,0.6204,1.0561,1.0793,0.7346,0.6185,0.7030,0.6224,0.5793,0.5908,0.6150,0.7108,0.7108,0.6108,0.6108,0.5847,0.6650,0.6021,0.8980,1.0724,0.9577,0.8132,0.6056,0.7116,0.6269,1.2517,1.2011,0.8086,1.1975,0.6550,0.6510,1.2655,0.7094,0.9124,0.8105,0.8551,1.0345,1.1148,0.8411,1.1009,0.8030,0.8773,1.0557,1.0345,0.8122,0.8543,0.8230,0.8566,0.8566,1.1619,0.8421,0.8587,0.9598,0.8587,0.9380,0.8421,0.8421,0.7820,1.2621,0.8362,0.9065,0.6239,0.8007,0.9152,0.8007,0.8225,0.9633,0.7509,0.7403,0.7577,0.7360,0.7252,0.9021,0.9753,0.7611,0.7627,0.7739,0.7739,0.7627,0.7739,0.7193,0.7550,0.7738,0.8336,0.7590,0.8945,0.7703,1.0605,0.7705,0.8488,1.0206,0.9623,1.0315,1.0559,0.8695,0.7652,1.0162,0.9947,1.0162,0.7518,0.7850,0.7652,0.7685,0.7589,1.0311,1.0176,0.7850,1.0176,0.7563,0.8677,1.0043,0.7738,0.8115,0.7784,1.0375,0.7310,0.9035,1.0195,0.8572,1.0375,0.8718,1.0078,1.0324,0.6284,0.6414,0.6414,0.9000,0.8793,0.8927,0.9594,0.8729,0.8366,0.8164,0.7898,1.0428,1.0428,0.7747,0.8219,0.9534,0.8323,0.8224,0.8224,0.7648,0.8169,0.7759,1.0285,0.7992,1.0337,0.7637,0.9796,0.8059,0.7470,0.8030,0.7535,0.7909,0.7682,0.9638,0.9687,0.7769,0.8147,0.7748,0.7913,0.7889,0.9537,0.8154,0.7748,0.7813,0.7912,0.7748,0.7813,0.7821
  Max DD (P6),,,,split_detail,,"$10,758.50","$10,758.50","$10,425.50","$11,471.00","$21,495.50","$12,715.50","$12,350.00","$23,601.00","$10,758.50","$26,111.50","$22,719.00","$21,563.00","$6,232.50","$9,643.50","$17,233.50","$5,432.50","$8,495.00","$5,432.50","$20,160.00","$15,578.00","$9,643.50","$8,495.00","$8,495.00","$8,628.50","$18,687.50","$18,205.00","$8,495.00","$9,643.50","$7,463.50","$6,131.50","$9,643.50","$8,495.00","$8,495.00","$8,495.00","$8,495.00","$15,284.00","$23,927.50","$5,908.50","$23,116.00","$10,864.50","$10,864.50","$10,864.50","$18,721.00","$5,455.50","$9,042.00","$7,463.50","$22,249.50","$10,864.50","$5,455.50","$20,979.50","$15,605.00","$6,297.50","$26,822.50","$21,612.00","$6,423.50","$10,864.50","$5,455.50","$5,455.50","$5,432.50","$24,501.50","$5,455.50","$5,455.50","$8,273.00","$15,662.00","$7,463.50","$19,222.00","$13,596.00","$23,452.50","$12,588.50","$20,817.50","$20,817.50","$5,455.50","$5,455.50","$7,597.00","$12,100.50","$18,280.50","$7,463.50","$5,455.50","$5,455.50","$5,455.50","$5,455.50","$4,772.00","$7,463.50","$21,609.00","$17,041.50","$24,335.00","$7,463.50","$11,825.00","$11,676.50","$5,812.00","$20,161.00","$21,313.50","$6,270.00","$7,463.50","$20,402.50","$5,432.50","$15,689.00","$7,463.50","$20,161.00","$10,514.00","$23,478.00","$22,046.00","$7,130.50","$19,252.00","$7,130.50","$22,902.50","$12,336.50","$25,510.50","$18,419.50","$15,689.00","$5,455.50","$5,812.00","$11,973.00","$16,442.50","$5,455.50","$16,913.00","$14,025.50","$11,691.50","$6,635.50","$22,046.00","$7,597.00","$23,604.00","$19,489.50","$19,489.50","$7,463.50","$7,463.50","$23,795.50","$22,536.00","$7,463.50","$16,518.50","$12,216.50","$16,273.00","$16,710.00","$6,297.50","$6,297.50","$16,541.00","$7,463.50","$19,252.00","$5,432.50","$19,629.50","$19,463.50","$18,464.50","$11,973.00","$14,898.50","$12,522.00","$7,205.00","$16,768.50","$22,620.00","$18,086.50","$15,061.00","$16,639.50","$16,639.50","$14,812.00","$15,046.50","$15,046.50","$15,870.00","$15,870.00","$17,446.00","$13,612.50","$24,528.00","$16,338.00","$11,997.00","$13,722.00","$19,433.00","$23,829.50","$18,527.50","$22,598.50","$7,463.50","$7,102.50","$12,216.50","$6,310.00","$22,460.50","$22,768.50","$12,450.50","$18,268.50","$19,375.00","$12,216.50","$17,636.50","$11,918.50","$15,210.00","$23,809.00","$13,962.00","$13,957.00","$23,442.00","$16,493.00","$11,918.50","$13,364.50","$17,663.50","$13,650.00","$17,966.50","$17,966.50","$6,419.00","$17,676.50","$16,493.00","$15,807.00","$16,493.00","$10,595.00","$17,676.50","$17,676.50","$13,594.00","$4,730.00","$17,676.50","$13,883.00","$15,550.00","$18,729.00","$22,475.00","$18,729.00","$27,683.00","$13,668.00","$22,475.00","$22,363.00","$21,236.50","$22,710.00","$23,915.00","$22,712.50","$9,441.00","$21,364.50","$25,695.50","$20,491.50","$20,491.50","$25,695.50","$20,491.50","$24,291.50","$11,476.50","$21,336.50","$23,602.00","$22,065.00","$21,012.00","$20,029.50","$18,896.00","$11,476.50","$24,438.00","$19,625.00","$21,393.00","$19,205.00","$18,744.00","$19,891.00","$20,491.50","$19,949.50","$19,482.50","$19,949.50","$13,275.00","$20,487.00","$20,491.50","$21,287.50","$21,076.50","$20,021.00","$20,075.50","$20,487.00","$20,075.50","$11,476.50","$19,891.00","$20,330.00","$21,270.00","$23,497.50","$11,693.50","$21,474.50","$11,736.00","$21,239.00","$18,234.50","$24,697.50","$21,474.50","$20,576.50","$20,330.00","$20,246.50","$38,328.50","$37,535.00","$37,535.00","$18,486.50","$20,576.50","$18,641.00","$24,201.50","$18,196.50","$19,403.50","$18,729.00","$21,676.00","$18,017.50","$18,017.50","$23,149.50","$18,196.50","$24,201.50","$19,639.50","$19,249.00","$19,249.00","$23,387.00","$19,249.00","$22,052.50","$16,656.00","$19,988.50","$17,567.00","$21,676.00","$18,987.50","$20,565.50","$21,947.00","$20,273.50","$22,754.50","$21,884.50","$20,989.50","$19,477.00","$19,152.50","$19,136.00","$18,740.50","$20,143.00","$19,459.50","$20,565.50","$20,152.00","$19,459.50","$20,143.00","$19,620.50","$19,459.50","$20,143.00","$19,879.00","$19,459.50"
  Total PNL (P6),,,,split_detail,,$-219.50,$-219.50,$-766.50,"$-4,082.50","$-11,845.50","$-9,155.00","$-9,641.00","$-17,429.50","$-2,816.00","$-19,940.00","$-15,543.00","$-14,387.00","$10,973.50","$-2,910.00",$-503.50,"$16,584.50","$10,003.50","$16,735.00","$-11,182.00","$2,650.50","$-1,809.00","$10,003.50","$10,003.50","$9,103.00","$-7,345.50","$-6,161.50","$10,003.50","$-4,353.00","$11,018.00","$14,781.50","$-2,515.50","$10,003.50","$10,003.50","$10,003.50","$10,003.50","$4,261.50","$-16,733.00","$9,543.00","$-13,612.50","$-3,685.00","$-3,685.00","$-2,445.50","$-6,475.50","$4,160.00","$1,274.50","$15,234.50","$-15,005.00","$-5,403.00","$4,160.00","$-14,834.00","$-4,263.00","$16,935.00","$-20,887.00","$-14,460.50","$5,102.50","$-4,417.00","$5,689.00","$5,689.00","$10,420.50","$-17,257.00","$2,957.00","$2,957.00","$5,754.00","$1,526.50","$8,168.50","$-11,683.50",$305.50,"$-16,236.00","$-1,048.00","$-16,318.00","$-16,318.00","$4,160.00","$2,957.00","$9,564.50","$-5,026.00","$-13,781.00","$8,620.50","$4,160.00","$4,160.00","$4,160.00","$6,352.00","$7,456.50","$8,620.50","$-17,109.50","$-12,542.00","$-17,774.00","$8,902.50",$-284.50,$-136.00,"$19,268.50","$-15,661.50","$-16,675.00","$18,658.00","$9,928.50","$-13,832.50","$9,737.00","$-15,629.00","$8,620.50","$-15,661.50","$-3,702.00","$-18,978.50","$-17,546.50","$15,559.00","$-8,740.50","$15,559.00","$-13,607.00","$-5,617.50","$-21,011.00","$-7,908.00","$-16,507.00","$3,905.00","$16,056.00","$-8,307.00","$-9,364.50","$3,905.00","$-10,971.00","$-11,864.00","$-10,330.50","$6,917.00","$-17,546.50","$7,723.50","$-19,104.50","$-14,990.00","$-14,990.00","$9,545.00","$9,545.00","$-19,157.00","$-12,834.50","$7,955.00","$-4,309.00","$-6,941.00","$-17,175.50","$-16,774.00","$12,759.50","$12,759.50","$-7,488.00","$8,042.50","$-8,948.50","$9,737.00","$-15,130.00","$-14,964.00","$-13,965.00","$-8,307.00","$-15,801.00","$2,672.50","$2,646.50","$-12,269.00","$-17,981.50","$-14,388.00","$-15,963.50","$-17,512.50","$-16,703.50","$-15,714.50","$-12,131.00","$-12,131.00","$-16,772.50","$-16,772.50","$-18,348.50","$-13,676.50","$-20,028.50","$-5,072.50","$2,399.00","$-1,669.50","$-7,630.00","$-19,542.50","$-13,648.50","$-18,099.00","$9,234.50","$7,688.00","$-9,603.00","$7,249.50","$-17,620.50","$-17,928.50","$11,157.50","$-13,769.00","$-4,683.00","$-9,803.50","$-7,357.00","$1,424.00","$5,246.50","$-9,011.50","$4,791.50","$-10,687.00","$-7,107.50","$3,039.00","$1,424.00","$-10,207.00","$-5,860.50","$-9,596.00","$-8,376.50","$-8,376.50","$5,537.50","$-9,656.50","$-8,473.00","$-1,617.50","$-8,473.00","$-3,336.50","$-9,656.50","$-9,656.50","$-11,919.50","$8,250.50","$-10,085.50","$-4,703.00","$-16,452.50","$-12,821.00","$-5,411.50","$-12,821.00","$-10,836.50","$-1,365.00","$-17,133.50","$-17,595.50","$-16,469.00","$-17,942.50","$-19,923.00","$-6,522.00",$-629.50,"$-16,430.50","$-15,705.00","$-15,724.00","$-15,724.00","$-15,705.00","$-15,724.00","$-19,524.00","$-8,159.50","$-16,049.50","$-11,996.00","$-17,430.00","$-7,395.50","$-16,051.50","$4,364.00","$-7,642.00","$-11,042.00","$1,540.00","$-2,975.00","$2,353.50","$4,119.50","$-9,178.00","$-16,513.50","$1,215.50",$-413.00,"$1,215.50","$-9,230.00","$-15,038.50","$-16,513.50","$-15,839.00","$-17,098.50","$2,348.00","$1,364.00","$-15,038.50","$1,364.00","$-8,266.50","$-9,303.00",$337.50,"$-15,821.50","$-13,769.00","$-7,960.50","$2,823.50","$-9,436.50","$-6,214.00","$1,514.00","$-10,333.00","$2,823.50","$-8,521.00",$607.00,"$2,451.50","$-28,324.00","$-27,530.50","$-27,530.50","$-5,737.50","$-8,021.50","$-6,211.50","$-3,063.50","$-7,500.00","$-10,058.00","$-11,581.50","$-13,706.00","$2,953.00","$2,953.00","$-15,022.00","$-10,988.50","$-3,539.50","$-9,999.00","$-10,953.50","$-10,953.50","$-15,256.50","$-11,350.50","$-14,947.50","$1,706.00","$-13,140.00","$2,330.50","$-15,939.00","$-1,290.50","$-12,961.00","$-17,179.50","$-12,635.50","$-16,231.50","$-13,845.00","$-15,281.00","$-2,321.50","$-1,997.00","$-15,158.00","$-11,892.00","$-15,195.50","$-13,992.50","$-14,402.00","$-2,996.50","$-12,187.00","$-15,195.50","$-14,853.00","$-13,843.00","$-15,195.50","$-14,659.50","$-14,782.00"
  Avg Profit/Tr (P6),,,,split_detail,,$-5.63,$-5.63,$-19.65,$-99.57,$-185.09,$-203.44,$-196.76,$-268.15,$-65.49,$-321.61,$-246.71,$-224.80,$215.17,$-45.47,$-7.87,$271.88,$204.15,$269.92,$-174.72,$40.78,$-27.83,$204.15,$204.15,$197.89,$-114.77,$-96.27,$204.15,$-69.10,$177.71,$278.90,$-38.70,$204.15,$204.15,$204.15,$204.15,$66.59,$-265.60,$151.48,$-206.25,$-53.41,$-53.41,$-35.96,$-101.18,$75.64,$18.74,$253.91,$-208.40,$-80.64,$75.64,$-224.76,$-65.58,$282.25,$-336.89,$-222.47,$92.77,$-65.93,$99.81,$99.81,$153.24,$-250.10,$53.76,$53.76,$87.18,$23.13,$121.92,$-157.89,$5.87,$-225.50,$-23.29,$-259.02,$-259.02,$75.64,$53.76,$164.91,$-72.84,$-222.27,$130.61,$75.64,$75.64,$75.64,$115.49,$128.56,$130.61,$-275.96,$-199.08,$-240.19,$141.31,$-6.32,$-3.09,$326.58,$-244.71,$-256.54,$316.24,$157.60,$-206.46,$139.10,$-318.96,$130.61,$-244.71,$-50.71,$-296.54,$-269.95,$263.71,$-128.54,$263.71,$-188.99,$-79.12,$-328.30,$-116.29,$-330.14,$71.00,$254.86,$-113.79,$-126.55,$71.00,$-152.37,$-215.71,$-202.56,$119.26,$-269.95,$122.60,$-289.46,$-241.77,$-241.77,$151.51,$151.51,$-290.26,$-197.45,$120.53,$-60.69,$-97.76,$-324.07,$-322.58,$190.44,$190.44,$-110.12,$120.04,$-131.60,$139.10,$-236.41,$-226.73,$-211.59,$-113.79,$-292.61,$36.11,$49.93,$-194.75,$-272.45,$-228.38,$-295.62,$-330.42,$-321.22,$-302.20,$-212.82,$-212.82,$-304.95,$-304.95,$-327.65,$-258.05,$-303.46,$-69.49,$43.62,$-27.83,$-136.25,$-283.22,$-216.64,$-266.16,$139.92,$116.48,$-131.55,$116.93,$-255.37,$-259.83,$166.53,$-208.62,$-58.54,$-127.32,$-96.80,$20.34,$70.90,$-111.25,$62.23,$-127.23,$-84.61,$34.93,$20.34,$-120.08,$-102.82,$-112.89,$-92.05,$-92.05,$95.47,$-102.73,$-91.11,$-26.09,$-91.11,$-37.91,$-102.73,$-102.73,$-141.90,$142.25,$-106.16,$-58.06,$-288.64,$-132.18,$-57.57,$-132.18,$-107.29,$-22.02,$-171.33,$-175.95,$-163.06,$-179.42,$-191.57,$-64.57,$-14.31,$-157.99,$-163.59,$-148.34,$-148.34,$-163.59,$-148.34,$-191.41,$-173.61,$-150.00,$-98.33,$-162.90,$-59.64,$-150.01,$26.77,$-159.21,$-86.27,$9.45,$-18.59,$14.26,$24.52,$-85.78,$-154.33,$7.41,$-2.43,$7.41,$-180.98,$-120.31,$-154.33,$-130.90,$-159.80,$13.81,$7.98,$-120.31,$7.98,$-168.70,$-86.94,$1.96,$-126.57,$-105.92,$-156.09,$16.23,$-181.47,$-64.06,$8.85,$-81.36,$16.23,$-86.07,$3.53,$14.17,$-283.24,$-269.91,$-269.91,$-62.36,$-81.03,$-67.52,$-17.51,$-78.12,$-102.63,$-119.40,$-134.37,$19.43,$19.43,$-148.73,$-112.13,$-20.11,$-103.08,$-110.64,$-110.64,$-151.05,$-114.65,$-143.73,$13.33,$-127.57,$15.54,$-153.26,$-9.78,$-121.13,$-163.61,$-125.10,$-157.59,$-131.86,$-146.93,$-17.59,$-15.24,$-141.66,$-116.59,$-144.72,$-129.56,$-133.35,$-22.53,$-113.90,$-144.72,$-137.53,$-128.18,$-144.72,$-135.74,$-135.61
  Span (min) (P6),,,,split_detail,,187.69,187.69,186.15,189.51,152.25,174.67,184.29,157.66,176.16,154.26,147.24,145.88,201.76,178.34,175.31,198.93,228.67,199.35,139.12,177.78,178.80,228.67,228.67,218.15,141.75,175.50,228.67,181.59,220.65,211.13,179.60,228.67,228.67,228.67,228.67,180.94,144.95,187.86,163.27,178.04,178.04,177.99,178.31,179.71,172.25,224.25,153.00,180.25,179.71,144.55,145.66,215.00,158.13,140.49,173.35,178.51,174.88,174.88,193.24,152.35,176.15,176.15,213.64,173.27,215.60,160.38,173.08,157.00,165.87,170.00,170.00,179.71,176.15,210.78,174.09,178.55,217.27,179.71,179.71,179.71,201.35,179.34,217.27,170.81,176.67,148.70,220.00,167.47,163.64,212.54,168.75,154.38,216.36,222.62,142.21,189.21,184.86,217.27,168.75,173.63,167.11,162.23,222.46,144.35,222.46,165.33,177.06,169.22,145.59,182.00,182.25,211.43,175.41,131.03,182.25,171.71,198.55,185.02,194.31,162.23,206.19,164.77,177.82,177.82,227.62,227.62,153.18,148.06,215.00,170.03,178.15,183.32,182.27,207.31,207.31,133.94,216.04,144.00,189.21,181.17,182.27,182.05,175.41,180.96,165.24,197.06,180.48,155.45,187.62,184.85,179.89,182.54,183.88,198.21,198.21,182.25,182.25,180.25,179.62,163.18,169.64,181.31,185.20,177.00,155.87,187.86,168.09,218.18,225.23,178.62,184.48,170.65,170.87,196.12,183.41,155.70,179.13,169.42,187.50,178.22,170.67,177.35,172.10,168.00,156.83,187.50,172.67,172.42,176.04,147.16,147.16,188.03,146.68,147.87,173.23,147.87,175.06,146.68,146.68,178.75,178.14,146.78,181.48,173.65,146.47,154.34,146.47,130.26,150.77,142.92,141.36,143.29,143.16,145.27,143.29,184.77,143.31,146.88,143.09,143.09,146.88,143.09,141.65,190.53,145.35,129.15,146.24,127.59,142.32,115.26,191.88,127.87,115.18,120.92,115.14,116.25,141.42,142.65,114.73,117.85,114.73,197.06,126.67,142.65,124.84,143.66,115.13,115.44,126.67,115.44,193.16,141.20,115.01,124.99,124.82,194.41,112.97,175.67,150.19,117.32,127.13,112.97,152.73,115.42,113.78,149.76,150.82,150.82,148.17,152.24,148.57,105.20,146.12,146.82,145.86,143.65,114.58,114.58,142.69,140.82,104.76,135.46,139.52,139.52,142.10,138.06,142.73,112.98,140.62,114.99,141.58,111.26,143.44,135.77,143.05,133.63,142.74,133.38,112.21,112.75,133.46,140.94,139.54,136.67,142.44,111.58,141.87,139.54,137.22,134.22,139.54,132.78,136.29
  Sortino (P8),,,,split_detail,,-0.5505,-0.5505,-2.1316,-1.3252,-10.0978,-0.8684,1.4375,-8.2440,-2.7090,-7.5624,-7.6106,-7.6106,-5.4934,-5.0228,-4.6582,-0.8620,-4.3936,-0.4968,-8.7587,-3.6287,-5.0670,-5.0113,-5.0113,-3.7797,-8.9006,-5.6726,-4.4992,-4.3680,-1.0589,-1.3206,-5.3674,-4.3257,-4.3257,-3.9754,-4.3257,-3.6318,-7.2345,-1.1030,-7.9801,-4.1647,-4.6547,-4.9160,-8.0963,18.3630,-4.3998,-1.0775,-7.1254,-5.3179,18.3630,-7.3060,-8.6822,-2.7013,-6.5599,-8.3113,18.5024,-5.1579,17.0520,17.0520,-2.5232,-6.0234,18.3630,18.3630,-3.8667,-3.3357,-2.3129,-5.8920,-9.9783,-5.9787,-10.1306,-3.4447,-3.4447,15.0641,18.3630,-0.8974,-5.5026,-1.9972,-2.0889,15.3885,15.3885,15.3885,8.9651,11.0079,-2.0889,-3.3498,-3.9477,-6.1380,-1.7075,-10.3151,-10.3151,-2.1033,-3.9477,-3.8183,-2.8974,-2.1798,-7.2878,-2.7217,-3.4806,-2.0889,-3.9477,-5.9961,-3.0684,-3.7816,-1.9553,-8.8697,-1.9553,-5.9982,-5.4523,-3.0143,-8.4219,-3.4806,14.2500,-2.3113,-5.9971,-7.2190,14.2500,-5.9081,-1.9311,-0.7957,6.4689,-3.6485,-1.1532,-3.7816,-1.7664,-1.7664,-2.5804,-2.5804,-2.1024,-10.2007,-0.9806,-5.3672,-5.6167,-2.9369,-0.4920,-3.3464,-3.3464,-7.9860,-1.9175,-8.2311,-1.7983,-2.0756,-3.4370,-2.5300,-7.3990,-1.7271,-4.6319,14.4884,-3.2945,-3.5421,-3.7676,-1.7753,-1.7271,-1.7271,-1.0315,-2.0232,-2.0232,-2.7073,-2.7073,-2.7073,-0.9866,-3.6617,-2.5508,-9.4039,-3.6109,-9.1192,-5.0212,-3.6389,-4.3471,-2.0372,-2.7508,-6.7314,7.1419,-4.1010,-3.1681,-4.3929,-3.6977,-7.2095,-7.0330,-2.6793,-6.7424,-5.8896,-4.0308,-5.8896,-5.4442,-4.3006,-5.2839,-6.7424,-5.7015,-9.5393,-6.1646,-5.9728,-4.7887,7.2373,-3.2986,-4.4010,-8.4249,-4.3115,-5.8854,-3.2986,-3.4203,-6.7511,9.3182,-2.5970,-7.0102,-2.5827,-2.5919,-5.0771,-2.7124,-6.1449,-10.0765,-5.0673,-3.8023,-3.7831,-5.0077,-4.1453,-3.4642,-4.0774,-3.6035,-4.1287,-3.6494,-2.4797,-4.5208,-2.5892,-3.7178,-4.0506,-2.5978,-5.2939,-2.7394,-5.4970,-2.4797,-2.8081,-4.0506,-5.2264,-2.1405,-1.9753,-2.7785,-2.4489,-2.4815,-2.4797,-2.1977,-2.7705,-2.1977,-5.5300,-5.7565,-2.4797,-5.7565,-2.5978,-2.8928,-3.1322,-5.7565,-3.2037,-4.0506,-2.6371,-2.9116,-5.7091,-4.2208,-6.0332,-3.1060,-6.3880,-1.7947,-2.9034,-5.1538,-3.1060,-2.4894,-2.9116,-3.3478,-4.4973,-4.4973,-4.4973,-5.7476,-2.4894,-5.4248,-2.9418,-2.6456,-2.4367,-2.5970,-3.6652,-1.9707,-1.9707,-4.9172,-4.1158,-2.8877,-4.0392,-4.5572,-4.5572,-3.0038,-4.5776,-4.9561,-3.0002,-4.1783,-2.0682,-4.0045,-3.2579,-3.3840,-4.7342,-3.6021,-5.4176,-3.9890,-5.4176,-3.3551,-3.2961,-4.9983,-3.6021,-3.3840,-5.5805,-3.3840,-3.3551,-4.8466,-3.8697,-3.3525,-4.1964,-4.1442,-3.9733,-5.3457
  Trades/D (P8),,,,split_detail,,0.307,0.307,0.307,0.319,0.429,0.233,0.264,0.448,0.325,0.448,0.442,0.442,0.356,0.429,0.399,0.423,0.344,0.429,0.448,0.399,0.411,0.368,0.368,0.344,0.423,0.423,0.362,0.405,0.436,0.454,0.423,0.380,0.380,0.374,0.380,0.411,0.460,0.436,0.442,0.442,0.442,0.448,0.411,0.294,0.436,0.429,0.448,0.417,0.294,0.460,0.429,0.423,0.454,0.466,0.282,0.448,0.301,0.301,0.454,0.454,0.294,0.294,0.454,0.429,0.460,0.448,0.307,0.448,0.294,0.387,0.387,0.294,0.294,0.399,0.454,0.387,0.460,0.301,0.301,0.301,0.282,0.319,0.460,0.387,0.393,0.472,0.442,0.294,0.294,0.423,0.393,0.399,0.429,0.454,0.466,0.491,0.264,0.460,0.393,0.485,0.387,0.393,0.429,0.466,0.429,0.454,0.466,0.387,0.454,0.264,0.294,0.436,0.460,0.466,0.294,0.479,0.282,0.276,0.313,0.387,0.417,0.393,0.399,0.399,0.454,0.454,0.405,0.423,0.485,0.454,0.466,0.270,0.276,0.460,0.460,0.479,0.454,0.479,0.454,0.399,0.423,0.417,0.466,0.282,0.466,0.264,0.399,0.399,0.393,0.276,0.282,0.282,0.270,0.294,0.294,0.294,0.294,0.294,0.288,0.411,0.485,0.325,0.374,0.337,0.423,0.411,0.411,0.460,0.454,0.479,0.301,0.429,0.417,0.448,0.429,0.515,0.466,0.515,0.411,0.436,0.540,0.436,0.515,0.558,0.509,0.411,0.521,0.337,0.528,0.485,0.515,0.331,0.552,0.521,0.368,0.528,0.546,0.552,0.552,0.521,0.337,0.571,0.460,0.307,0.571,0.571,0.571,0.669,0.387,0.589,0.601,0.601,0.577,0.601,0.589,0.405,0.589,0.638,0.607,0.613,0.644,0.613,0.601,0.417,0.613,0.773,0.613,0.798,0.613,0.926,0.417,0.785,0.920,0.914,0.963,0.945,0.613,0.613,0.926,0.975,0.926,0.429,0.748,0.613,0.748,0.613,0.939,0.982,0.748,0.988,0.417,0.620,0.982,0.748,0.804,0.429,0.988,0.429,0.613,0.969,0.810,0.988,0.620,0.982,0.994,0.675,0.675,0.675,0.515,0.620,0.515,1.006,0.564,0.571,0.571,0.601,0.834,0.834,0.589,0.583,1.018,0.577,0.583,0.583,0.583,0.583,0.583,0.681,0.607,0.834,0.595,0.712,0.607,0.607,0.589,0.613,0.595,0.613,0.718,0.712,0.613,0.589,0.607,0.620,0.607,0.718,0.607,0.620,0.620,0.626,0.626,0.626,0.620
  Profit Fac (P8),,,,split_detail,,0.9710,0.9710,0.8992,0.9293,0.5022,0.9565,1.0740,0.5730,0.8712,0.6006,0.6095,0.6095,0.7455,0.7084,0.7435,0.9519,0.7732,0.9719,0.5415,0.7930,0.7125,0.7426,0.7426,0.8018,0.5032,0.7073,0.7631,0.7544,0.9367,0.9329,0.6994,0.7765,0.7765,0.7924,0.7765,0.7940,0.6173,0.9392,0.5831,0.7648,0.7371,0.7113,0.5590,1.8769,0.7630,0.9352,0.6028,0.7111,1.8769,0.5957,0.5083,0.8509,0.6622,0.5551,1.9017,0.7075,1.7716,1.7716,0.8642,0.6722,1.8769,1.8769,0.7960,0.8115,0.8680,0.6742,0.5249,0.6606,0.4980,0.8164,0.8164,1.6673,1.8769,0.9450,0.6915,0.8862,0.8780,1.6958,1.6958,1.6958,1.6319,1.4978,0.8780,0.8209,0.7949,0.6426,0.8967,0.4935,0.4935,0.8760,0.7949,0.7998,0.8397,0.8722,0.6363,0.8571,0.8228,0.8780,0.7949,0.7033,0.8391,0.8033,0.8873,0.5347,0.8873,0.6656,0.6977,0.8396,0.5291,0.8228,1.8016,0.8683,0.6783,0.5742,1.8016,0.6631,0.8865,0.9540,1.4193,0.8125,0.9288,0.8033,0.8971,0.8971,0.8491,0.8491,0.8902,0.4955,0.9434,0.7165,0.6867,0.8560,0.9738,0.8175,0.8175,0.5607,0.8833,0.5720,0.8991,0.8805,0.8144,0.8601,0.6093,0.9122,0.7219,2.3125,0.8123,0.8145,0.7820,0.9110,0.9122,0.9122,0.9464,0.8837,0.8837,0.8619,0.8619,0.8619,0.9455,0.8153,0.8607,0.5335,0.8097,0.5665,0.7471,0.7929,0.7778,0.8744,0.8353,0.6313,1.4745,0.7952,0.8368,0.7854,0.8107,0.6255,0.6249,0.8451,0.6799,0.6918,0.8008,0.6918,0.7055,0.7922,0.6814,0.6799,0.6879,0.5574,0.6670,0.6467,0.6951,1.5359,0.7873,0.7127,0.5674,0.7216,0.6839,0.7873,0.7814,0.6489,1.5508,0.8273,0.6679,0.8659,0.8250,0.6956,0.8211,0.6652,0.4731,0.6960,0.7612,0.7594,0.6931,0.7537,0.7864,0.8002,0.7746,0.7705,0.7704,0.8411,0.7533,0.8354,0.7642,0.8051,0.8339,0.7270,0.8334,0.7095,0.8411,0.8185,0.8051,0.7256,0.8568,0.8671,0.8184,0.8406,0.8390,0.8411,0.8528,0.8185,0.8528,0.6880,0.6548,0.8411,0.6548,0.8339,0.8147,0.7978,0.6548,0.7934,0.8051,0.8318,0.8112,0.6576,0.7281,0.6851,0.7990,0.7187,0.8871,0.8145,0.7273,0.7990,0.8477,0.8112,0.7854,0.7588,0.7588,0.7588,0.6478,0.8477,0.6627,0.7955,0.8272,0.8371,0.8273,0.7689,0.8629,0.8629,0.7034,0.7530,0.8027,0.7737,0.7391,0.7391,0.8099,0.7380,0.6978,0.7933,0.7434,0.8592,0.7495,0.7757,0.7842,0.7234,0.7702,0.7010,0.7573,0.7010,0.7712,0.7757,0.7121,0.7702,0.7842,0.6854,0.7842,0.7712,0.7177,0.7618,0.8001,0.7649,0.7490,0.7763,0.7036
  Max DD (P8),,,,split_detail,,"$5,242.50","$5,242.50","$6,772.50","$6,168.50","$19,990.50","$7,212.00","$6,409.50","$16,532.50","$6,682.50","$16,597.00","$15,875.50","$15,875.50","$11,113.00","$14,022.00","$13,270.50","$10,281.00","$10,199.00","$10,231.00","$17,017.00","$12,540.50","$13,625.50","$11,339.50","$11,339.50","$9,712.00","$16,889.00","$15,261.00","$10,685.50","$12,230.50","$11,160.50","$11,359.50","$14,494.50","$10,832.00","$10,832.00","$10,330.50","$10,832.00","$12,652.50","$16,139.00","$11,924.00","$17,554.00","$13,734.50","$13,950.00","$14,952.50","$16,302.00","$2,778.50","$13,932.50","$11,680.00","$14,800.50","$13,974.00","$2,778.50","$13,968.50","$16,738.50","$12,716.50","$15,467.50","$15,963.50","$2,778.50","$15,960.00","$2,778.50","$2,778.50","$10,458.00","$15,183.00","$2,778.50","$2,778.50","$13,406.50","$12,688.50","$11,332.00","$16,383.00","$13,201.50","$14,503.00","$13,129.00","$8,776.00","$8,776.00","$2,778.50","$2,778.50","$10,167.00","$14,804.50","$6,892.00","$11,332.00","$2,778.50","$2,778.50","$2,778.50","$4,417.50","$3,926.50","$11,332.00","$9,457.00","$9,457.00","$14,183.50","$11,535.00","$13,309.50","$13,309.50","$11,623.00","$9,457.00","$9,013.00","$12,301.00","$11,680.00","$16,218.50","$12,228.00","$9,109.50","$11,332.00","$9,457.00","$14,816.50","$9,006.00","$9,267.00","$11,452.50","$17,028.00","$11,452.50","$15,952.00","$15,505.50","$8,991.00","$16,714.00","$9,109.50","$3,431.50","$12,367.00","$16,464.50","$13,465.50","$3,431.50","$16,249.50","$9,012.50","$8,729.50","$5,435.00","$9,054.50","$10,046.00","$9,267.00","$7,275.50","$7,275.50","$12,213.00","$12,213.00","$8,304.50","$21,194.00","$10,925.00","$14,179.00","$16,049.00","$9,583.50","$8,136.50","$12,356.50","$12,356.50","$16,516.50","$11,865.00","$16,170.00","$10,110.00","$7,261.50","$9,238.50","$7,801.50","$18,736.00","$9,262.50","$14,960.00","$4,417.50","$9,127.50","$8,540.00","$9,260.00","$8,610.50","$9,262.50","$9,262.50","$8,610.50","$9,192.50","$9,192.50","$9,470.50","$9,470.50","$9,470.50","$8,322.50","$10,479.00","$14,942.50","$13,314.00","$10,279.50","$12,966.00","$11,193.50","$10,921.50","$10,110.50","$11,865.00","$13,131.50","$16,914.50","$4,492.00","$9,403.50","$8,809.00","$17,063.50","$9,540.00","$22,572.50","$18,041.00","$15,123.00","$15,408.50","$17,573.00","$16,444.00","$17,573.00","$16,294.50","$16,291.00","$17,311.50","$15,408.50","$16,305.50","$13,862.50","$17,485.50","$17,184.00","$16,655.50","$5,067.50","$15,387.50","$15,607.50","$13,998.00","$15,826.50","$17,461.00","$15,387.50","$15,654.50","$19,362.50","$4,631.00","$14,573.00","$16,433.00","$9,163.50","$14,318.50","$20,557.00","$14,840.00","$17,633.50","$16,838.00","$20,553.00","$17,426.50","$17,172.00","$20,128.50","$16,763.00","$16,700.50","$7,326.00","$16,914.00","$18,202.00","$17,132.00","$14,288.50","$19,183.50","$14,555.50","$17,390.50","$9,077.00","$14,274.00","$17,039.00","$13,544.50","$17,854.00","$14,288.50","$13,139.00","$9,077.00","$17,085.50","$11,203.00","$11,112.50","$13,139.00","$12,092.00","$14,034.00","$14,288.50","$11,203.00","$11,210.50","$11,203.00","$10,541.00","$17,833.50","$14,288.50","$17,833.50","$14,274.00","$11,850.00","$13,877.00","$17,833.50","$13,634.00","$9,077.00","$15,309.00","$11,849.00","$17,700.00","$13,711.50","$10,433.00","$13,322.50","$9,047.00","$12,438.50","$12,092.00","$17,276.50","$13,322.50","$13,887.00","$11,849.00","$13,583.50","$16,766.00","$16,766.00","$16,766.00","$18,681.50","$13,887.00","$18,077.00","$13,345.00","$14,359.50","$14,358.00","$14,573.00","$17,036.00","$10,675.00","$10,675.00","$20,136.00","$16,818.00","$13,345.00","$16,035.00","$17,534.50","$17,534.50","$15,556.50","$17,588.50","$20,213.50","$11,886.50","$18,248.50","$9,832.00","$17,803.00","$12,618.50","$16,434.50","$18,600.50","$16,723.50","$19,859.00","$18,044.00","$19,859.00","$12,930.00","$12,709.50","$19,248.50","$16,723.50","$16,434.50","$20,747.00","$16,434.50","$12,930.00","$18,873.00","$17,709.50","$15,462.50","$17,341.00","$17,709.50","$16,721.00","$19,944.00"
  Total PNL (P8),,,,split_detail,,$-575.50,$-575.50,"$-2,105.50","$-1,501.50","$-17,121.00",$-640.50,"$1,188.00","$-14,049.50","$-2,848.50","$-13,265.00","$-12,960.00","$-12,960.00","$-5,909.00","$-9,161.00","$-7,628.50","$-1,141.50","$-5,262.00",$-667.50,"$-14,802.00","$-6,005.50","$-8,618.50","$-6,279.00","$-6,279.00","$-4,569.00","$-14,464.50","$-9,538.00","$-5,625.00","$-7,223.50","$-1,639.50","$-1,807.50","$-9,487.50","$-5,565.50","$-5,565.50","$-5,064.00","$-5,565.50","$-6,117.50","$-12,455.00","$-1,609.50","$-13,425.50","$-7,444.50","$-8,320.50","$-9,469.00","$-13,667.00","$11,727.00","$-7,081.00","$-1,680.50","$-12,480.00","$-8,967.00","$11,727.00","$-12,655.50","$-14,314.00","$-3,946.50","$-11,283.50","$-14,192.00","$11,559.00","$-9,816.00","$10,932.00","$10,932.00","$-3,624.50","$-10,592.50","$11,727.00","$11,727.00","$-5,877.00","$-5,744.50","$-3,741.00","$-10,029.50","$-12,061.00","$-10,563.00","$-12,348.50","$-4,603.00","$-4,603.00","$9,377.50","$11,727.00","$-1,309.50","$-10,125.50","$-2,719.00","$-3,417.50","$9,779.00","$9,779.00","$9,779.00","$9,253.50","$8,341.50","$-3,417.50","$-4,468.00","$-5,284.00","$-11,121.00","$-2,675.00","$-12,575.00","$-12,575.00","$-3,078.50","$-5,284.00","$-5,126.50","$-4,251.50","$-3,517.00","$-12,281.50","$-4,336.00","$-2,974.50","$-3,417.50","$-5,284.00","$-10,323.00","$-3,974.50","$-5,013.00","$-2,926.50","$-14,801.50","$-2,926.50","$-10,470.00","$-10,487.00","$-3,959.50","$-14,487.50","$-2,974.50","$11,167.50","$-3,407.00","$-11,300.00","$-13,000.50","$11,167.50","$-11,662.00","$-2,110.50",$-746.00,"$7,415.50","$-4,725.00","$-1,752.00","$-5,013.00","$-2,496.50","$-2,496.50","$-4,265.50","$-4,265.50","$-2,636.50","$-17,382.50","$-1,635.50","$-9,639.00","$-11,044.00","$-2,548.50",$-440.00,"$-5,209.50","$-5,209.50","$-13,864.00","$-3,178.50","$-13,943.50","$-2,568.00","$-2,951.50","$-5,023.00","$-3,586.00","$-14,232.00","$-1,566.00","$-8,804.00","$15,199.50","$-4,954.50","$-4,730.50","$-5,993.50","$-1,575.50","$-1,566.00","$-1,566.00",$-914.00,"$-2,290.50","$-2,290.50","$-2,609.00","$-2,609.00","$-2,609.00",$-947.00,"$-4,901.50","$-4,669.50","$-12,173.50","$-5,308.00","$-11,799.00","$-7,035.00","$-5,583.50","$-5,922.00","$-3,422.50","$-4,745.50","$-13,374.50","$7,605.00","$-5,680.00","$-4,303.00","$-7,295.50","$-5,230.00","$-14,010.00","$-13,550.50","$-5,397.50","$-9,461.50","$-10,224.00","$-7,289.00","$-10,224.00","$-11,240.00","$-7,891.50","$-11,173.50","$-9,461.50","$-11,911.50","$-12,180.50","$-13,105.00","$-12,024.00","$-10,412.00","$9,197.50","$-7,507.50","$-9,833.50","$-12,451.00","$-9,583.00","$-12,738.50","$-7,507.50","$-7,774.50","$-14,321.50","$9,378.00","$-6,139.00","$-10,718.50","$-2,532.00","$-6,248.50","$-11,825.50","$-6,406.00","$-13,984.00","$-14,988.50","$-12,104.50","$-9,380.00","$-9,489.50","$-12,044.00","$-9,903.00","$-8,252.00","$-4,820.50","$-8,829.50","$-9,863.50","$-9,085.50","$-6,242.00","$-10,845.00","$-6,509.00","$-9,238.50","$-5,076.50","$-6,591.50","$-12,793.50","$-6,684.50","$-14,410.00","$-6,242.00","$-9,213.00","$-5,076.50","$-12,853.50","$-7,123.50","$-6,558.00","$-9,508.50","$-8,152.00","$-6,351.50","$-6,242.00","$-7,358.50","$-9,597.00","$-7,358.50","$-9,030.50","$-16,225.00","$-6,242.00","$-16,225.00","$-6,591.50","$-9,544.00","$-10,802.00","$-16,225.00","$-11,092.00","$-5,076.50","$-6,845.00","$-10,074.50","$-16,091.50","$-13,057.50","$-8,922.50","$-10,610.00","$-7,806.00","$-4,392.00","$-9,861.00","$-13,044.50","$-10,610.00","$-6,204.50","$-10,074.50","$-11,525.00","$-10,989.00","$-10,989.00","$-10,989.00","$-12,141.50","$-6,204.50","$-11,537.00","$-10,380.50","$-6,073.00","$-5,722.00","$-6,139.00","$-8,989.50","$-6,173.50","$-6,173.50","$-11,687.50","$-9,415.00","$-10,181.00","$-8,392.00","$-10,131.50","$-10,131.50","$-7,108.00","$-10,185.50","$-11,765.00","$-7,928.50","$-10,202.00","$-6,378.50","$-9,756.50","$-8,968.00","$-8,388.00","$-11,306.50","$-8,677.00","$-12,456.00","$-9,595.50","$-12,456.00","$-9,219.50","$-8,984.50","$-11,954.50","$-8,677.00","$-8,388.00","$-13,344.00","$-8,388.00","$-9,219.50","$-11,579.00","$-9,764.50","$-8,168.50","$-9,938.00","$-10,465.50","$-9,318.00","$-12,541.00"
  Avg Profit/Tr (P8),,,,split_detail,,$-11.51,$-11.51,$-42.11,$-28.88,$-244.59,$-16.86,$27.63,$-192.46,$-53.75,$-181.71,$-180.00,$-180.00,$-101.88,$-130.87,$-117.36,$-16.54,$-93.96,$-9.54,$-202.77,$-92.39,$-128.63,$-104.65,$-104.65,$-81.59,$-209.63,$-138.23,$-95.34,$-109.45,$-23.09,$-24.43,$-137.50,$-89.77,$-89.77,$-83.02,$-89.77,$-91.31,$-166.07,$-22.67,$-186.47,$-103.40,$-115.56,$-129.71,$-203.99,$244.31,$-99.73,$-24.01,$-170.96,$-131.87,$244.31,$-168.74,$-204.49,$-57.20,$-152.48,$-186.74,$251.28,$-134.47,$223.10,$223.10,$-48.98,$-143.14,$244.31,$244.31,$-79.42,$-82.06,$-49.88,$-137.39,$-241.22,$-144.70,$-257.26,$-73.06,$-73.06,$195.36,$244.31,$-20.15,$-136.83,$-43.16,$-45.57,$199.57,$199.57,$199.57,$201.16,$160.41,$-45.57,$-70.92,$-82.56,$-144.43,$-37.15,$-261.98,$-261.98,$-44.62,$-82.56,$-78.87,$-60.74,$-47.53,$-161.60,$-54.20,$-69.17,$-45.57,$-82.56,$-130.67,$-63.09,$-78.33,$-41.81,$-194.76,$-41.81,$-141.49,$-137.99,$-62.85,$-195.78,$-69.17,$232.66,$-47.99,$-150.67,$-171.06,$232.66,$-149.51,$-45.88,$-16.58,$145.40,$-75.00,$-25.76,$-78.33,$-38.41,$-38.41,$-57.64,$-57.64,$-39.95,$-251.92,$-20.70,$-130.26,$-145.32,$-57.92,$-9.78,$-69.46,$-69.46,$-177.74,$-42.95,$-178.76,$-34.70,$-45.41,$-72.80,$-52.74,$-187.26,$-34.04,$-115.84,$353.48,$-76.22,$-72.78,$-93.65,$-35.01,$-34.04,$-34.04,$-20.77,$-47.72,$-47.72,$-54.35,$-54.35,$-54.35,$-20.15,$-73.16,$-59.11,$-229.69,$-87.02,$-214.53,$-101.96,$-83.34,$-88.39,$-45.63,$-64.13,$-171.47,$155.20,$-81.14,$-63.28,$-99.94,$-74.71,$-166.79,$-178.30,$-64.26,$-141.22,$-144.00,$-82.83,$-144.00,$-133.81,$-86.72,$-134.62,$-141.22,$-140.14,$-221.46,$-152.38,$-152.20,$-123.95,$170.32,$-83.42,$-115.69,$-207.52,$-111.43,$-143.13,$-83.42,$-86.38,$-168.49,$170.51,$-66.01,$-142.91,$-50.64,$-67.19,$-127.16,$-68.88,$-128.29,$-237.91,$-126.09,$-95.71,$-96.83,$-128.13,$-101.05,$-85.96,$-73.04,$-91.97,$-94.84,$-91.77,$-62.42,$-103.29,$-65.09,$-94.27,$-74.65,$-65.91,$-101.54,$-66.84,$-110.85,$-62.42,$-61.01,$-74.65,$-100.42,$-47.49,$-44.01,$-60.56,$-52.94,$-63.51,$-62.42,$-48.73,$-60.36,$-48.73,$-129.01,$-132.99,$-62.42,$-132.99,$-65.91,$-62.38,$-67.51,$-132.99,$-68.89,$-74.65,$-67.77,$-62.97,$-131.90,$-99.68,$-127.46,$-65.90,$-111.51,$-43.92,$-62.41,$-98.82,$-65.90,$-61.43,$-62.97,$-71.14,$-99.90,$-99.90,$-99.90,$-144.54,$-61.43,$-137.35,$-63.30,$-66.01,$-61.53,$-66.01,$-91.73,$-45.39,$-45.39,$-121.74,$-99.11,$-61.33,$-89.28,$-106.65,$-106.65,$-74.82,$-107.22,$-123.84,$-71.43,$-103.05,$-46.90,$-100.58,$-77.31,$-84.73,$-114.21,$-90.39,$-124.56,$-98.92,$-124.56,$-78.80,$-77.45,$-119.54,$-90.39,$-84.73,$-132.12,$-84.73,$-78.80,$-116.96,$-96.68,$-80.88,$-97.43,$-102.60,$-91.35,$-124.17
  Span (min) (P8),,,,split_detail,,215.10,215.10,209.70,214.90,163.37,206.45,215.93,173.75,206.60,172.44,158.67,158.67,192.16,161.94,181.48,202.61,204.64,200.57,141.04,184.25,158.13,205.00,205.00,202.77,149.39,184.17,207.71,166.24,217.82,198.04,166.55,204.19,204.19,203.36,204.19,183.22,166.72,198.80,179.17,164.85,158.71,163.30,186.81,185.50,168.82,218.79,176.05,164.99,185.50,163.36,149.83,211.30,175.78,156.47,183.52,170.60,182.86,182.86,198.24,174.65,185.50,185.50,211.42,183.60,217.40,178.85,172.32,178.52,171.50,209.05,209.05,179.67,185.50,220.62,158.46,216.43,217.20,176.57,176.57,176.57,192.65,179.85,217.20,208.81,207.42,174.39,219.58,166.25,166.25,205.00,207.42,195.00,201.21,214.66,157.11,192.00,153.67,217.20,207.42,167.35,209.52,203.67,212.14,159.16,212.14,182.27,166.43,210.00,161.68,153.67,186.08,207.46,165.88,153.95,186.08,160.67,166.78,164.58,188.86,204.52,220.81,203.67,207.46,207.46,215.68,215.68,195.91,158.26,216.08,171.08,168.66,154.32,155.56,208.20,208.20,150.92,223.99,158.00,201.28,219.92,211.52,213.31,158.22,154.30,176.21,182.00,212.31,198.92,222.19,154.00,154.30,154.30,155.59,163.62,163.62,154.58,154.58,154.58,165.02,199.70,187.29,181.81,192.39,183.49,195.00,207.09,202.16,219.60,227.03,160.67,180.57,205.29,210.88,173.42,208.07,159.71,160.79,183.86,197.01,188.45,171.27,188.45,162.65,169.32,166.84,197.01,157.99,180.00,157.51,168.46,170.71,172.41,168.13,173.08,193.40,170.79,159.94,168.13,168.40,164.87,166.22,168.77,193.60,162.12,171.87,165.55,169.03,124.51,152.19,163.75,167.27,170.20,167.74,173.88,164.62,167.73,167.12,164.31,168.00,167.52,163.31,167.76,170.82,180.88,171.72,129.07,173.88,126.30,167.52,107.36,180.88,127.36,107.24,112.66,108.17,107.18,170.40,167.52,106.99,109.53,106.99,190.93,126.69,167.52,126.69,171.72,107.70,106.66,126.69,106.43,180.88,165.86,108.24,126.34,117.45,184.93,105.48,166.71,161.76,109.25,126.55,105.48,163.01,108.24,105.17,164.07,164.07,164.07,157.14,163.01,164.29,99.45,161.09,167.87,168.77,166.41,104.90,104.90,162.75,153.98,99.01,147.45,152.08,152.08,163.96,151.83,162.32,105.19,158.55,105.82,165.90,103.91,166.67,156.85,162.88,147.60,154.89,147.60,105.06,105.36,155.52,162.88,166.67,151.84,166.67,105.06,156.73,161.47,157.31,151.65,162.24,148.24,151.84
  Sortino (P10),,,,split_detail,,0.5715,0.5715,-0.4954,1.2612,-4.9320,2.8002,1.8077,-0.9289,0.0547,-0.9664,-4.0092,-4.0092,0.5689,0.0326,-4.0230,-2.1781,-1.1417,-2.1781,-1.9368,-3.7847,0.8007,-1.2941,-1.2941,-0.1216,0.3196,-2.6340,-1.1417,1.1365,-0.9342,0.6839,0.6864,-1.2941,-1.2941,-1.2941,-1.2941,-0.5258,0.0326,-1.0996,-1.2388,2.0327,1.3523,0.5369,-5.1063,6.6467,0.7520,-1.8658,-2.4098,1.1263,7.7956,1.0154,0.1554,-1.3188,-1.6024,1.1885,5.3283,0.6771,5.3283,4.6750,-1.7356,-1.9159,5.1878,5.1878,-1.0646,-2.9939,-1.8189,-1.2333,-1.9895,-2.6862,-4.1366,0.1134,0.3797,8.5968,5.1642,-1.7563,1.1887,-0.0482,-2.2566,8.7963,8.7963,8.7963,6.6274,5.0900,-2.2566,0.8442,0.3708,-2.0399,-2.2566,-4.1616,-4.1616,-0.8832,0.3797,0.8870,-0.1021,-1.0568,-1.9890,-1.7356,9.4002,-2.2566,0.3797,3.9361,1.4907,0.9905,-0.5650,1.3586,-0.5650,-2.1530,2.6639,0.9501,-0.5806,9.2486,7.7956,-2.1176,2.6779,0.8627,6.6467,0.2659,6.8883,8.1445,4.7094,0.4766,-1.7563,0.9905,0.2990,0.2990,-2.5053,-2.5053,1.6331,-5.2085,-2.2566,-1.0380,2.2517,8.5554,9.1957,-1.7219,-1.7219,1.5919,-2.6714,1.0426,-2.5273,1.7670,-0.3983,1.3083,1.8151,9.7807,-2.2415,6.7818,0.7893,0.4199,-0.7144,8.5023,9.7807,9.7807,9.1248,6.8460,6.8483,9.2428,9.2428,9.2566,8.2188,0.5706,-1.6164,-2.7347,-2.4596,-3.9412,0.6702,1.6427,1.2137,-1.5039,-3.3775,1.3378,8.0970,0.4294,0.5400,-2.2250,-0.4415,-0.2298,1.3646,-1.4919,0.1526,-1.5031,-0.0090,-1.2584,1.8419,-0.0090,-1.4170,-0.8268,1.2331,-2.4948,0.8143,-3.1475,-2.4129,7.3859,-0.9716,-1.0217,-4.1342,-1.2540,3.0624,-0.9716,-1.0481,0.3884,7.8531,0.2368,-1.6283,8.7824,0.2066,2.5600,-0.2169,1.6880,2.4178,0.2657,0.1407,0.1438,0.4456,-0.6703,0.7914,-1.9059,-1.0705,2.0060,-1.7403,-1.4901,1.9904,-1.7403,-1.1324,-0.7561,-0.3557,1.5856,-0.7078,1.2355,-2.1951,1.7781,-0.7561,1.5875,2.1908,1.1638,1.7112,1.6385,-2.0362,-1.0789,1.6051,1.0535,1.7371,-0.7757,4.0841,-0.9153,3.9290,-1.6569,1.1126,0.9319,3.9478,0.8174,-0.7561,-2.2616,1.2112,3.3996,3.6324,-1.4608,0.1354,-1.8791,-2.9477,1.7313,2.2375,0.1354,-0.8559,1.3072,0.1354,-0.4656,-0.2727,-0.2727,0.5290,-1.0305,0.4259,0.7766,0.5023,1.1824,0.8158,1.0344,2.4717,2.4717,1.1286,1.8686,0.5463,1.2814,2.0000,2.0000,-0.6841,1.2187,-0.3468,4.9915,0.4524,3.5141,1.1088,5.0351,-0.7139,1.2380,0.9650,1.1368,-0.4659,1.1368,4.5792,4.9535,0.4875,0.4079,-0.7975,-0.2735,-1.3725,4.5792,-0.6767,-1.1329,-0.6386,-0.3189,-1.1329,-0.8603,-0.9948
  Trades/D (P10),,,,split_detail,,0.265,0.265,0.265,0.283,0.398,0.307,0.331,0.410,0.301,0.410,0.398,0.398,0.392,0.446,0.404,0.367,0.416,0.367,0.404,0.404,0.458,0.422,0.422,0.386,0.392,0.373,0.416,0.422,0.361,0.416,0.434,0.422,0.422,0.422,0.422,0.404,0.410,0.337,0.410,0.452,0.464,0.464,0.373,0.325,0.452,0.367,0.422,0.434,0.319,0.422,0.398,0.367,0.416,0.422,0.337,0.446,0.337,0.349,0.367,0.422,0.325,0.325,0.367,0.404,0.367,0.422,0.325,0.422,0.259,0.422,0.428,0.325,0.325,0.349,0.464,0.422,0.373,0.331,0.331,0.331,0.319,0.337,0.373,0.434,0.428,0.458,0.373,0.253,0.253,0.373,0.428,0.434,0.373,0.380,0.434,0.367,0.283,0.373,0.428,0.464,0.422,0.440,0.373,0.422,0.373,0.440,0.470,0.434,0.392,0.283,0.319,0.367,0.476,0.434,0.325,0.482,0.295,0.301,0.331,0.446,0.349,0.440,0.428,0.428,0.373,0.373,0.464,0.404,0.373,0.458,0.470,0.289,0.283,0.373,0.373,0.428,0.373,0.428,0.373,0.410,0.470,0.452,0.488,0.295,0.452,0.325,0.416,0.446,0.410,0.289,0.295,0.295,0.283,0.295,0.301,0.301,0.301,0.295,0.301,0.470,0.506,0.325,0.355,0.343,0.458,0.416,0.446,0.380,0.367,0.482,0.325,0.488,0.488,0.446,0.470,0.506,0.488,0.512,0.386,0.494,0.512,0.494,0.518,0.512,0.536,0.392,0.530,0.349,0.536,0.530,0.542,0.325,0.554,0.554,0.355,0.554,0.566,0.554,0.554,0.506,0.331,0.584,0.404,0.307,0.584,0.614,0.590,0.663,0.367,0.590,0.596,0.596,0.590,0.608,0.614,0.428,0.608,0.596,0.620,0.620,0.596,0.620,0.602,0.440,0.645,0.813,0.645,0.843,0.645,0.964,0.440,0.825,0.964,0.958,0.982,1.000,0.639,0.651,0.976,1.042,0.970,0.422,0.705,0.657,0.699,0.639,1.030,1.042,0.711,1.048,0.440,0.639,1.042,0.717,0.783,0.446,1.060,0.446,0.608,1.030,0.837,1.060,0.596,1.042,1.060,0.590,0.590,0.590,0.548,0.602,0.548,1.072,0.572,0.590,0.590,0.602,0.886,0.886,0.596,0.590,1.084,0.596,0.590,0.590,0.620,0.596,0.614,0.759,0.627,0.861,0.602,0.777,0.627,0.602,0.608,0.608,0.620,0.608,0.777,0.771,0.627,0.627,0.633,0.627,0.639,0.777,0.627,0.639,0.627,0.633,0.639,0.633,0.639
  Profit Fac (P10),,,,split_detail,,1.0475,1.0475,0.9615,1.1040,0.6475,1.1927,1.1322,0.9328,1.0043,0.9301,0.7091,0.7091,1.0501,1.0026,0.6589,0.8408,0.9235,0.8408,0.8561,0.6791,1.0674,0.9129,0.9129,0.9915,1.0238,0.7938,0.9235,1.0964,0.9388,1.0586,1.0567,0.9129,0.9129,0.9129,0.9129,0.9569,1.0024,0.9222,0.9122,1.1822,1.1153,1.0469,0.6319,1.4715,1.0613,0.8778,0.8326,1.0969,1.5705,1.0706,1.0114,0.9124,0.8903,1.0826,1.3507,1.0613,1.3507,1.3029,0.8749,0.8650,1.3680,1.3680,0.9333,0.7347,0.8829,0.9130,0.8560,0.8188,0.7439,1.0074,1.0252,1.6739,1.3663,0.8884,1.1014,0.9968,0.8556,1.7023,1.7023,1.7023,1.5023,1.3510,0.8556,1.0567,1.0251,0.8709,0.8556,0.7523,0.7523,0.9416,1.0252,1.0659,0.9931,0.9313,0.8567,0.8749,1.6689,0.8556,1.0252,1.3292,1.1064,1.0712,0.9619,1.0966,0.9619,0.8577,1.2332,1.0638,0.9589,1.6581,1.5705,0.8623,1.2374,1.0623,1.4715,1.0215,1.5519,1.5757,1.3244,1.0333,0.8884,1.0712,1.0196,1.0196,0.8098,0.8098,1.1248,0.6307,0.8556,0.9256,1.2147,1.5772,1.6544,0.8884,0.8884,1.1145,0.8287,1.0726,0.8197,1.1243,0.9740,1.0883,1.1535,1.7157,0.8414,1.5431,1.0558,1.0311,0.9436,1.5736,1.7157,1.7157,1.6404,1.5486,1.5599,1.6495,1.6495,1.6375,1.5809,1.0414,0.8931,0.8051,0.8161,0.7360,1.0475,1.1202,1.0794,0.9020,0.7432,1.1229,1.6683,1.0284,1.0358,0.8765,0.9714,0.9845,1.1270,0.8984,1.0108,0.9071,0.9994,0.9223,1.1552,0.9994,0.9032,0.9403,1.1006,0.8236,1.0643,0.7959,0.8413,1.6593,0.9345,0.9331,0.7059,0.9175,1.2430,0.9345,0.9295,1.0331,1.5958,1.0171,0.8889,1.6402,1.0145,1.1845,0.9849,1.1165,1.1789,1.0189,1.0098,1.0100,1.0315,0.9521,1.0567,0.8584,0.9249,1.1647,0.8811,0.8960,1.1634,0.8811,0.9221,0.9377,0.9750,1.1157,0.9491,1.0878,0.8530,1.1276,0.9377,1.1183,1.1562,1.0866,1.1210,1.1171,0.8623,0.9279,1.1128,1.0729,1.1230,0.9374,1.2966,0.9382,1.2829,0.8847,1.0772,1.0678,1.2855,1.0591,0.9377,0.8471,1.0837,1.2442,1.2671,0.8874,1.0096,0.8628,0.7937,1.1236,1.1692,1.0096,0.9403,1.0917,1.0096,0.9672,0.9808,0.9808,1.0398,0.9288,1.0317,1.0540,1.0379,1.0922,1.0608,1.0791,1.1802,1.1802,1.0864,1.1402,1.0380,1.0940,1.1539,1.1539,0.9487,1.0885,0.9739,1.3559,1.0345,1.2418,1.0854,1.3539,0.9472,1.0967,1.0735,1.0816,0.9651,1.0816,1.3216,1.3528,1.0374,1.0310,0.9404,0.9806,0.9005,1.3216,0.9499,0.9156,0.9525,0.9772,0.9156,0.9407,0.9306
  Max DD (P10),,,,split_detail,,"$8,786.50","$8,786.50","$10,783.00","$6,568.00","$15,695.50","$3,728.00","$4,302.50","$8,235.00","$7,262.00","$8,324.00","$12,647.50","$12,647.50","$4,844.50","$11,126.50","$15,229.00","$8,283.50","$7,424.00","$8,283.50","$8,378.00","$15,229.00","$8,099.00","$7,424.00","$7,424.00","$7,180.00","$5,853.00","$8,601.00","$7,424.00","$9,890.00","$8,638.00","$5,021.50","$9,512.00","$7,424.00","$7,424.00","$7,424.00","$7,424.00","$9,210.00","$7,828.50","$8,416.50","$8,273.00","$8,099.00","$8,099.00","$12,093.50","$14,060.00","$5,869.00","$10,199.00","$8,638.00","$12,126.00","$8,275.50","$4,418.00","$7,599.50","$5,974.00","$7,898.00","$8,235.00","$7,599.50","$5,869.00","$12,093.50","$5,869.00","$5,869.00","$9,073.00","$10,271.50","$5,869.00","$5,869.00","$9,221.50","$11,975.50","$10,162.00","$10,802.50","$8,410.50","$12,087.50","$9,891.50","$4,481.50","$3,932.00","$5,869.00","$5,869.00","$9,044.00","$8,099.00","$4,700.50","$9,427.50","$5,869.00","$5,869.00","$5,869.00","$5,781.00","$5,869.00","$9,427.50","$3,902.50","$4,121.50","$8,609.00","$9,427.50","$9,891.50","$9,891.50","$6,187.50","$3,932.00","$3,994.50","$5,532.50","$7,062.00","$9,852.00","$9,073.00","$7,548.00","$9,427.50","$3,932.00","$10,199.00","$3,902.50","$3,902.50","$6,066.50","$6,763.50","$6,066.50","$8,425.00","$6,734.00","$3,902.50","$7,591.00","$7,548.00","$4,418.00","$8,553.00","$6,734.00","$7,884.00","$5,869.00","$11,446.50","$8,400.50","$7,548.00","$5,828.50","$5,218.50","$9,044.00","$3,902.50","$3,894.00","$3,894.00","$9,627.00","$9,627.00","$4,876.50","$17,126.00","$9,427.50","$8,535.00","$9,315.50","$7,548.00","$7,548.00","$8,687.50","$8,687.50","$6,000.50","$10,162.00","$6,763.50","$9,073.00","$3,540.00","$5,105.00","$4,211.00","$6,734.00","$7,548.00","$12,440.50","$5,817.00","$5,521.00","$3,930.00","$7,733.50","$7,548.00","$7,548.00","$7,548.00","$7,548.00","$8,400.50","$8,400.50","$7,548.00","$7,548.00","$7,548.00","$7,548.00","$4,876.50","$9,965.50","$9,703.50","$8,901.50","$10,023.00","$3,837.50","$4,313.50","$3,786.00","$7,796.50","$12,641.00","$9,315.50","$4,875.50","$4,983.00","$4,983.00","$11,016.00","$5,105.00","$11,265.00","$9,315.50","$10,257.50","$8,698.50","$12,666.50","$11,642.50","$12,666.50","$6,734.00","$11,642.50","$17,166.00","$8,698.50","$6,734.00","$9,399.50","$6,734.00","$20,931.50","$18,299.00","$5,997.00","$14,241.50","$14,089.50","$11,068.00","$14,903.00","$6,734.00","$14,241.50","$14,241.50","$9,315.50","$4,418.00","$10,429.00","$10,342.00","$7,548.00","$10,429.00","$5,921.00","$11,462.50","$11,635.00","$3,960.00","$12,065.00","$11,085.00","$11,639.50","$11,639.50","$14,574.50","$10,251.50","$9,871.50","$16,364.50","$11,502.00","$17,865.50","$17,204.00","$11,502.00","$17,865.50","$15,867.50","$9,311.00","$13,083.00","$7,965.50","$13,973.00","$7,800.00","$20,545.00","$9,729.50","$9,311.00","$7,965.50","$7,973.00","$12,159.00","$9,237.00","$9,729.50","$19,737.50","$15,133.00","$9,237.00","$12,195.00","$9,237.00","$9,426.50","$5,235.00","$15,133.00","$5,235.00","$18,300.50","$11,521.00","$9,247.50","$5,235.00","$9,247.50","$9,311.00","$20,806.00","$11,366.50","$5,938.00","$6,263.50","$10,894.00","$10,569.00","$11,128.50","$19,397.50","$9,769.00","$6,732.50","$10,569.00","$13,766.50","$11,366.50","$10,569.00","$11,692.50","$11,692.50","$11,692.50","$12,661.00","$13,766.50","$13,017.00","$10,585.00","$11,884.50","$9,647.00","$9,647.00","$10,857.50","$8,370.00","$8,370.00","$11,283.00","$8,158.00","$11,887.50","$10,256.50","$8,158.00","$8,158.00","$16,970.00","$10,256.50","$16,792.00","$7,081.00","$13,368.00","$9,188.00","$10,857.50","$7,438.50","$16,970.00","$10,857.50","$11,051.50","$11,467.00","$16,614.00","$11,467.00","$8,129.00","$8,129.00","$13,368.00","$13,546.00","$18,305.00","$15,125.00","$19,681.00","$8,129.00","$16,614.00","$19,845.00","$16,614.00","$15,303.50","$19,845.00","$16,485.50","$17,836.00"
  Total PNL (P10),,,,split_detail,,"$1,069.00","$1,069.00",$-927.50,"$2,480.50","$-12,366.50","$4,472.50","$3,453.50","$-2,206.00",$109.50,"$-2,295.00","$-9,318.50","$-9,318.50","$1,366.00",$96.50,"$-11,741.50","$-4,866.00","$-2,538.00","$-4,866.00","$-4,283.00","$-11,046.00","$2,448.50","$-2,921.50","$-2,921.50",$-259.50,$577.50,"$-5,551.50","$-2,538.00","$3,259.00","$-1,742.50","$1,937.00","$1,997.00","$-2,921.50","$-2,921.50","$-2,921.50","$-2,921.50","$-1,250.00",$72.00,"$-2,136.50","$-2,895.50","$6,243.00","$4,190.00","$1,758.00","$-11,479.50","$10,852.00","$2,268.50","$-3,723.50","$-6,097.00","$3,321.00","$12,303.00","$2,200.50",$282.00,"$-2,567.50","$-3,771.00","$2,548.50","$8,794.00","$2,171.00","$8,794.00","$7,991.00","$-3,674.50","$-4,731.00","$8,470.00","$8,470.00","$-1,910.00","$-8,566.50","$-3,546.50","$-3,034.50","$-3,470.50","$-6,710.00","$-5,660.00",$241.50,$820.50,"$14,460.50","$8,431.50","$-3,311.50","$3,683.00",$-106.00,"$-4,513.00","$15,070.00","$15,070.00","$15,070.00","$12,051.00","$8,799.00","$-4,513.00","$1,850.00",$833.50,"$-4,857.00","$-4,513.00","$-5,414.50","$-5,414.50","$-1,740.50",$820.50,"$2,195.00",$-202.00,"$-2,147.50","$-5,166.00","$-3,674.50","$13,587.00","$-4,513.00",$820.50,"$12,190.00","$3,437.00","$2,431.00","$-1,152.00","$2,892.00","$-1,152.00","$-5,327.50","$8,350.00","$2,082.00","$-1,111.00","$13,368.00","$12,303.00","$-4,106.00","$8,501.50","$1,941.00","$10,852.00",$854.00,"$12,463.50","$12,826.50","$8,658.00","$1,186.50","$-3,311.50","$2,431.00",$655.50,$655.50,"$-6,608.50","$-6,608.50","$4,325.00","$-13,507.50","$-4,513.00","$-2,519.00","$7,609.50","$12,325.50","$13,291.50","$-3,357.00","$-3,357.00","$3,373.50","$-5,527.50","$2,223.00","$-5,655.50","$3,882.50","$-1,002.50","$3,041.00","$5,812.50","$14,694.00","$-5,692.00","$13,051.00","$1,849.00","$1,102.50","$-2,041.00","$12,249.00","$14,694.00","$14,694.00","$13,149.00","$12,387.00","$12,644.00","$13,870.50","$13,870.50","$13,613.50","$12,943.50","$1,550.50","$-4,534.00","$-4,995.50","$-4,860.00","$-6,907.50","$1,750.00","$3,975.00","$2,688.50","$-3,162.00","$-8,904.00","$4,627.00","$15,169.50","$1,038.50","$1,308.50","$-5,697.00","$-1,105.00",$-704.50,"$4,778.50","$-4,285.00",$286.50,"$-4,272.00",$-28.50,"$-3,576.50","$6,137.50",$-28.50,"$-4,867.00","$-1,694.50","$4,173.50","$-4,525.00","$2,760.50","$-10,236.00","$-8,027.50","$14,271.00","$-3,294.00","$-3,412.50","$-8,170.50","$-4,226.00","$10,944.50","$-3,294.00","$-3,564.50","$1,343.50","$13,044.00",$859.50,"$-3,338.00","$13,974.50",$741.00,"$9,260.50",$-785.50,"$5,742.50","$3,704.50",$968.00,$499.00,$521.50,"$1,616.00","$-2,655.50","$2,924.50","$-4,475.50","$-4,040.50","$8,154.50","$-6,636.00","$-5,704.00","$8,091.00","$-6,636.00","$-4,199.50","$-1,935.50","$-1,380.50","$6,747.50","$-2,869.50","$5,204.50","$-8,556.00","$7,717.00","$-1,935.50","$6,879.00","$9,314.50","$5,295.50","$7,493.50","$7,322.50","$-8,019.00","$-4,120.00","$6,985.50","$4,875.50","$7,551.50","$-1,960.50","$13,214.50","$-3,527.50","$12,604.00","$-6,582.00","$5,073.00","$4,390.00","$12,829.00","$3,855.00","$-1,935.50","$-8,906.50","$5,562.50","$11,339.50","$13,373.50","$-3,734.50",$652.50,"$-4,508.00","$-11,718.50","$7,897.00","$9,837.00",$652.50,"$-3,173.00","$6,052.50",$652.50,"$-1,678.50",$-983.00,$-983.00,"$1,812.50","$-3,835.00","$1,456.50","$3,541.00","$1,774.50","$4,353.00","$2,955.00","$3,853.50","$9,880.50","$9,880.50","$4,181.50","$6,339.50","$2,510.00","$4,313.00","$6,874.00","$6,874.00","$-2,639.50","$4,081.50","$-1,327.50","$15,743.00","$1,771.00","$12,657.50","$4,133.50","$16,007.00","$-2,758.50","$4,631.00","$3,598.50","$3,862.00","$-1,792.50","$3,862.00","$14,749.00","$15,805.50","$1,912.50","$1,593.00","$-3,166.00",$-976.50,"$-5,469.50","$14,749.00","$-2,607.00","$-4,525.00","$-2,465.50","$-1,155.00","$-4,525.00","$-3,031.00","$-3,687.50"
  Avg Profit/Tr (P10),,,,split_detail,,$24.30,$24.30,$-21.08,$52.78,$-187.37,$87.70,$62.79,$-32.44,$2.19,$-33.75,$-141.19,$-141.19,$21.02,$1.30,$-175.25,$-79.77,$-36.78,$-79.77,$-63.93,$-164.87,$32.22,$-41.74,$-41.74,$-4.05,$8.88,$-89.54,$-36.78,$46.56,$-29.04,$28.07,$27.74,$-41.74,$-41.74,$-41.74,$-41.74,$-18.66,$1.06,$-38.15,$-42.58,$83.24,$54.42,$22.83,$-185.15,$200.96,$30.25,$-61.04,$-87.10,$46.13,$232.13,$31.44,$4.27,$-42.09,$-54.65,$36.41,$157.04,$29.34,$157.04,$137.78,$-60.24,$-67.59,$156.85,$156.85,$-31.31,$-127.86,$-58.14,$-43.35,$-64.27,$-95.86,$-131.63,$3.45,$11.56,$267.79,$156.14,$-57.09,$47.83,$-1.51,$-72.79,$274.00,$274.00,$274.00,$227.38,$157.12,$-72.79,$25.69,$11.74,$-63.91,$-72.79,$-128.92,$-128.92,$-28.07,$11.56,$30.49,$-3.26,$-34.09,$-71.75,$-60.24,$289.09,$-72.79,$11.56,$158.31,$49.10,$33.30,$-18.58,$41.31,$-18.58,$-72.98,$107.05,$28.92,$-17.09,$284.43,$232.13,$-67.31,$107.61,$26.96,$200.96,$10.68,$254.36,$256.53,$157.42,$16.03,$-57.09,$33.30,$9.23,$9.23,$-106.59,$-106.59,$56.17,$-201.60,$-72.79,$-33.14,$97.56,$256.78,$282.80,$-54.15,$-54.15,$47.51,$-89.15,$31.31,$-91.22,$57.10,$-12.85,$40.55,$71.76,$299.88,$-75.89,$241.69,$26.80,$14.90,$-30.01,$255.19,$299.88,$299.88,$279.77,$252.80,$252.88,$277.41,$277.41,$277.83,$258.87,$19.88,$-53.98,$-92.51,$-82.37,$-121.18,$23.03,$57.61,$36.33,$-50.19,$-145.97,$57.84,$280.92,$12.82,$16.15,$-76.99,$-14.17,$-8.39,$58.99,$-50.41,$4.48,$-52.10,$-0.34,$-43.62,$71.37,$-0.34,$-54.69,$-26.07,$47.43,$-78.02,$31.02,$-116.32,$-89.19,$264.28,$-35.80,$-37.09,$-138.48,$-45.93,$116.43,$-35.80,$-38.74,$15.99,$237.16,$8.86,$-49.82,$274.01,$7.64,$90.79,$-8.02,$52.20,$60.73,$9.88,$5.04,$5.27,$16.49,$-26.29,$28.67,$-63.04,$-40.00,$82.37,$-64.43,$-55.38,$81.73,$-64.43,$-42.00,$-26.51,$-12.90,$49.98,$-26.82,$37.18,$-79.96,$48.23,$-26.51,$50.21,$58.22,$33.31,$45.97,$44.11,$-75.65,$-38.15,$43.12,$28.18,$46.90,$-28.01,$112.94,$-32.36,$108.66,$-62.09,$29.67,$25.38,$108.72,$22.16,$-26.51,$-84.02,$32.15,$95.29,$102.87,$-50.47,$3.71,$-60.92,$-116.02,$46.18,$70.77,$3.71,$-32.05,$34.99,$3.71,$-17.13,$-10.03,$-10.03,$19.92,$-38.35,$16.01,$19.89,$18.68,$44.42,$30.15,$38.53,$67.21,$67.21,$42.24,$64.69,$13.94,$43.57,$70.14,$70.14,$-25.63,$41.23,$-13.01,$124.94,$17.03,$88.51,$41.33,$124.09,$-26.52,$46.31,$35.63,$38.24,$-17.40,$38.24,$114.33,$123.48,$18.39,$15.32,$-30.15,$-9.39,$-51.60,$114.33,$-25.07,$-42.69,$-23.71,$-11.00,$-42.69,$-28.87,$-34.79
  Span (min) (P10),,,,split_detail,,267.27,267.27,261.48,261.06,220.18,181.18,176.73,180.18,242.70,180.71,213.09,213.09,220.38,231.54,184.84,236.56,218.26,236.56,201.13,185.19,231.26,220.29,220.29,222.66,163.20,183.29,218.26,239.20,245.75,260.87,233.28,220.29,220.29,220.29,220.29,184.48,173.29,242.95,180.53,235.56,231.13,233.66,180.39,228.15,234.69,242.46,175.37,238.33,231.66,172.63,159.64,240.98,179.65,172.46,222.50,238.22,222.50,216.52,240.00,176.74,226.07,226.07,244.67,185.01,247.38,172.80,194.22,175.89,189.21,177.21,175.14,225.30,223.74,242.07,227.42,183.00,242.66,221.71,221.71,221.71,250.15,226.50,242.66,177.71,180.21,166.42,242.66,184.57,184.57,236.37,175.14,173.33,239.52,241.19,208.50,240.00,232.94,242.66,175.14,231.30,177.21,176.30,240.00,171.94,240.00,180.16,232.17,178.33,165.60,231.45,231.66,237.79,231.70,160.50,228.15,224.09,226.86,235.48,242.58,175.34,242.07,176.30,180.00,180.00,245.08,245.08,176.49,214.39,242.66,180.63,236.83,227.50,230.26,241.21,241.21,164.28,244.11,170.37,236.85,193.68,180.58,185.80,225.65,230.57,181.60,244.48,190.43,174.53,193.46,226.33,230.57,230.57,231.74,225.71,227.36,226.52,226.52,224.86,232.12,175.19,168.00,194.67,184.68,181.05,176.64,192.61,177.97,242.62,248.61,232.05,239.56,180.74,181.48,212.43,181.35,227.29,231.59,163.62,222.19,228.15,198.78,228.44,227.35,198.78,210.20,219.46,224.69,179.59,222.61,212.05,210.93,232.04,211.43,214.96,182.64,212.22,219.76,211.43,211.57,229.82,220.44,209.94,221.42,228.94,213.28,213.53,209.14,156.95,164.26,210.37,208.61,212.24,214.53,216.48,212.59,197.54,211.96,208.97,204.70,204.00,208.48,204.70,210.84,198.29,207.25,155.13,212.52,151.54,201.08,139.04,198.29,153.15,138.69,139.82,137.94,136.96,206.38,201.22,138.10,136.84,138.61,214.07,175.30,200.15,176.57,208.87,135.99,134.50,174.05,134.21,198.29,202.08,135.63,173.41,167.35,203.51,131.49,196.42,194.26,137.46,152.73,131.49,193.94,136.03,131.49,195.31,195.55,195.55,208.22,192.48,208.62,123.88,204.13,204.49,205.10,203.76,143.05,143.05,205.09,203.76,122.11,199.39,203.51,203.51,201.20,200.48,201.53,124.22,199.96,147.05,203.64,123.07,199.27,203.16,201.98,199.72,199.69,199.72,124.91,125.56,199.85,200.08,198.97,197.19,196.98,124.91,197.54,193.02,197.42,195.66,193.02,194.06,194.94
