Name,Value,Min,Max,Type,Description,Solution_0_SELECTED,Solution_1,Solution_2,Solution_3,Solution_4,Solution_5,Solution_6,Solution_7,Solution_8,Solution_9,Solution_10,Solution_11,Solution_12,Solution_13,Solution_14,Solution_15,Solution_16,Solution_17,Solution_18,Solution_19,Solution_20,Solution_21,Solution_22,Solution_23,Solution_24,Solution_25,Solution_26,Solution_27,Solution_28,Solution_29,Solution_30,Solution_31,Solution_32,Solution_33,Solution_34,Solution_35,Solution_36,Solution_37,Solution_38,Solution_39,Solution_40,Solution_41,Solution_42,Solution_43,Solution_44,Solution_45,Solution_46,Solution_47,Solution_48,Solution_49,Solution_50,Solution_51,Solution_52,Solution_53,Solution_54,Solution_55,Solution_56,Solution_57,Solution_58,Solution_59,Solution_60,Solution_61,Solution_62,Solution_63,Solution_64,Solution_65,Solution_66,Solution_67,Solution_68,Solution_69,Solution_70,Solution_71,Solution_72,Solution_73,Solution_74,Solution_75,Solution_76,Solution_77,Solution_78,Solution_79
=== Strategy Config ===,,,,,,,,,,,,,,,,,,,,,,,,,,,,,,,,,,,,,,,,,,,,,,,,,,,,,,,,,,,,,,,,,,,,,,,,,,,,,,,,,,,,,
Enable Long Trades,1,0,1,int,Allow longs (optimizable),1,1,1,1,1,1,1,1,1,1,1,1,1,1,1,1,1,1,1,1,1,1,1,1,1,1,1,1,1,1,1,1,1,1,1,1,1,1,1,1,1,1,1,1,1,1,1,1,1,1,0,1,1,0,0,1,1,0,1,0,1,1,0,0,0,0,0,0,1,0,1,1,0,0,0,1,0,0,0,1
Enable Short Trades,1,0,1,int,Allow shorts (two-sided),0,0,0,0,0,0,0,0,0,0,0,0,0,0,0,0,0,0,0,0,0,0,0,0,0,0,0,0,0,0,0,0,0,0,0,0,0,0,0,0,0,0,0,0,0,0,0,0,0,0,1,1,1,1,1,1,0,1,1,1,1,0,1,1,1,1,1,1,0,1,1,1,1,1,1,1,1,1,1,1
Max Open Trades,1,1,1,int,LOCKED one position,1,1,1,1,1,1,1,1,1,1,1,1,1,1,1,1,1,1,1,1,1,1,1,1,1,1,1,1,1,1,1,1,1,1,1,1,1,1,1,1,1,1,1,1,1,1,1,1,1,1,1,1,1,1,1,1,1,1,1,1,1,1,1,1,1,1,1,1,1,1,1,1,1,1,1,1,1,1,1,1
Transaction Cost (Per Trade),15,15,15,float,Friction per round-trip,15.0,15.0,15.0,15.0,15.0,15.0,15.0,15.0,15.0,15.0,15.0,15.0,15.0,15.0,15.0,15.0,15.0,15.0,15.0,15.0,15.0,15.0,15.0,15.0,15.0,15.0,15.0,15.0,15.0,15.0,15.0,15.0,15.0,15.0,15.0,15.0,15.0,15.0,15.0,15.0,15.0,15.0,15.0,15.0,15.0,15.0,15.0,15.0,15.0,15.0,15.0,15.0,15.0,15.0,15.0,15.0,15.0,15.0,15.0,15.0,15.0,15.0,15.0,15.0,15.0,15.0,15.0,15.0,15.0,15.0,15.0,15.0,15.0,15.0,15.0,15.0,15.0,15.0,15.0,15.0
Timeframe (minutes),5,3,15,int,Bar size (optimized),7,7,7,7,7,7,7,7,7,7,7,7,7,7,7,7,7,7,7,7,7,7,7,7,7,7,7,7,7,7,7,7,7,7,7,7,7,7,7,7,7,7,7,7,7,7,7,7,7,7,11,7,7,11,11,7,7,11,7,11,7,7,11,11,11,11,11,11,7,11,7,7,11,11,11,7,11,11,11,7
=== Entry: Multi-zone S/R Breakout ===,,,,,,,,,,,,,,,,,,,,,,,,,,,,,,,,,,,,,,,,,,,,,,,,,,,,,,,,,,,,,,,,,,,,,,,,,,,,,,,,,,,,,
Zone Width ATR Mult,0.35,0.15,0.80,float,Half-width k of zone around wick extreme,0.7864,0.7113,0.7113,0.7113,0.7113,0.7611,0.7113,0.7113,0.7113,0.7113,0.7113,0.7113,0.7113,0.7113,0.7113,0.7113,0.7113,0.7113,0.7113,0.7113,0.7113,0.7122,0.7113,0.7113,0.7113,0.7113,0.7113,0.7325,0.7113,0.7113,0.715,0.7735,0.745,0.7408,0.7113,0.7085,0.7113,0.7113,0.7113,0.7113,0.7113,0.7113,0.7113,0.7113,0.7113,0.7113,0.7113,0.7113,0.7113,0.7113,0.689,0.8,0.7887,0.689,0.689,0.7887,0.7735,0.6934,0.8,0.6922,0.8,0.6916,0.6921,0.6929,0.6929,0.6929,0.6929,0.6921,0.7113,0.6929,0.7153,0.7153,0.689,0.689,0.6929,0.7724,0.6921,0.6929,0.6921,0.7724
Strength Threshold,2.0,1.0,6.0,float,Min zone strength for breakout entry,2.4124,2.7669,2.8539,2.646,2.643,2.4571,2.5251,2.5964,2.5935,2.5935,2.5935,2.6618,2.5837,2.5315,2.5935,2.7958,2.5964,2.3574,2.3243,2.5702,2.5702,2.3223,2.2297,2.345,2.6012,2.5983,2.396,1.8927,2.0322,2.1745,1.2402,2.8789,2.1462,1.9266,1.2497,2.2609,2.1255,2.0506,2.0585,2.0322,2.0012,2.0322,2.0322,2.0247,2.0322,2.011,2.0322,2.0322,1.9357,2.5941,1.2672,1.757,2.0644,1.242,1.0,2.0644,3.3257,3.1735,2.0951,2.5524,2.0224,2.7256,1.7959,3.2944,3.2806,2.5354,3.2069,1.9828,2.0322,2.9603,2.5473,2.5473,1.2132,1.2132,2.9603,1.6921,1.9675,2.4007,1.9828,1.6921
Volume Mult,1.25,1.0,2.5,float,Entry volume >= mult x volume MA,1.0007,1.0,1.0,1.0,1.0,1.0,1.0,1.0,1.0,1.0,1.0,1.0,1.0,1.0,1.0,1.0,1.0,1.0,1.0,1.0,1.0,1.0,1.0,1.0,1.0,1.0,1.0,1.0,1.0,1.0,1.0,1.0,1.0,1.0,1.0,1.0,1.0,1.0,1.0,1.0,1.0,1.0,1.0,1.0,1.0162,1.0,1.0128,1.0,1.0,1.0,1.4034,1.0161,1.0089,1.393,1.393,1.0089,1.0225,1.2207,1.0073,1.0,1.0073,1.0,1.1156,1.0,1.0,1.4034,1.0,1.0739,1.0,1.0,1.0,1.0116,1.0,1.0,1.0,1.0097,1.0531,1.0,1.0,1.0
Dissipation (per bar),0.25,0.05,2.0,float,Linear strength loss per bar (max(0 strength - d)),0.7971,0.6226,0.6428,0.6268,0.6255,0.7945,0.6443,0.6267,0.6268,0.6268,0.6268,0.6226,0.6385,0.6385,0.6055,0.6276,0.6047,0.6385,0.6423,0.6226,0.6226,0.6203,0.6411,0.6099,0.6215,0.6216,0.631,0.6705,0.6667,0.6416,0.5959,0.5277,0.5999,0.6254,0.7183,0.6129,0.6226,0.6226,0.6226,0.6226,0.6258,0.6226,0.6226,0.6232,0.6224,0.6226,0.6226,0.6218,0.6226,0.381,0.05,0.7892,0.7856,0.05,0.05,0.7856,0.2133,0.05,0.7704,0.05,0.7704,0.3475,0.0677,0.05,0.05,0.05,0.05,0.0677,0.365,0.05,0.6573,0.6573,0.05,0.05,0.05,0.7573,0.0677,0.05,0.0677,0.7573
Stop Pad ATR,0.15,0.0,0.50,float,Stop beyond origin zone edge in ATR,0.5,0.0,0.0741,0.0322,0.0,0.5,0.0,0.1423,0.1411,0.1411,0.1411,0.4418,0.1327,0.1327,0.1411,0.4768,0.1484,0.1032,0.5,0.1088,0.1088,0.033,0.015,0.1432,0.1513,0.4223,0.5,0.0,0.5,0.0554,0.0997,0.0,0.0997,0.0,0.457,0.1951,0.5,0.5,0.5,0.1104,0.1299,0.5,0.5,0.5,0.5,0.5,0.5,0.5,0.5,0.1459,0.358,0.0,0.1444,0.5,0.5,0.1918,0.0,0.5,0.3824,0.492,0.3824,0.147,0.3005,0.4581,0.4099,0.5,0.4258,0.3005,0.3772,0.4258,0.1432,0.1432,0.4151,0.4112,0.5,0.1411,0.3005,0.5,0.3005,0.1411
Max Hold (bars),24,6,60,int,Time exit,41,42,42,42,42,42,42,42,42,42,42,41,42,42,42,42,42,41,42,41,43,42,42,42,42,42,42,42,42,42,42,42,42,42,42,42,42,42,42,41,42,42,42,42,41,42,42,41,42,42,42,42,41,42,42,41,42,53,42,49,42,21,48,13,13,13,13,48,42,13,42,42,42,42,13,42,48,13,48,42
=== Filters ===,,,,,,,,,,,,,,,,,,,,,,,,,,,,,,,,,,,,,,,,,,,,,,,,,,,,,,,,,,,,,,,,,,,,,,,,,,,,,,,,,,,,,
Enable RTH Filter,1,1,1,int,LOCKED RTH only,1,1,1,1,1,1,1,1,1,1,1,1,1,1,1,1,1,1,1,1,1,1,1,1,1,1,1,1,1,1,1,1,1,1,1,1,1,1,1,1,1,1,1,1,1,1,1,1,1,1,1,1,1,1,1,1,1,1,1,1,1,1,1,1,1,1,1,1,1,1,1,1,1,1,1,1,1,1,1,1
RTH Start (HH:MM),09:30,,,str,RTH open Eastern,09:30,09:30,09:30,09:30,09:30,09:30,09:30,09:30,09:30,09:30,09:30,09:30,09:30,09:30,09:30,09:30,09:30,09:30,09:30,09:30,09:30,09:30,09:30,09:30,09:30,09:30,09:30,09:30,09:30,09:30,09:30,09:30,09:30,09:30,09:30,09:30,09:30,09:30,09:30,09:30,09:30,09:30,09:30,09:30,09:30,09:30,09:30,09:30,09:30,09:30,09:30,09:30,09:30,09:30,09:30,09:30,09:30,09:30,09:30,09:30,09:30,09:30,09:30,09:30,09:30,09:30,09:30,09:30,09:30,09:30,09:30,09:30,09:30,09:30,09:30,09:30,09:30,09:30,09:30,09:30
RTH End (HH:MM),16:00,,,str,RTH close Eastern,16:00,16:00,16:00,16:00,16:00,16:00,16:00,16:00,16:00,16:00,16:00,16:00,16:00,16:00,16:00,16:00,16:00,16:00,16:00,16:00,16:00,16:00,16:00,16:00,16:00,16:00,16:00,16:00,16:00,16:00,16:00,16:00,16:00,16:00,16:00,16:00,16:00,16:00,16:00,16:00,16:00,16:00,16:00,16:00,16:00,16:00,16:00,16:00,16:00,16:00,16:00,16:00,16:00,16:00,16:00,16:00,16:00,16:00,16:00,16:00,16:00,16:00,16:00,16:00,16:00,16:00,16:00,16:00,16:00,16:00,16:00,16:00,16:00,16:00,16:00,16:00,16:00,16:00,16:00,16:00
RTH Exit Buffer (minutes),5,5,5,int,LOCKED flatten before close,5,5,5,5,5,5,5,5,5,5,5,5,5,5,5,5,5,5,5,5,5,5,5,5,5,5,5,5,5,5,5,5,5,5,5,5,5,5,5,5,5,5,5,5,5,5,5,5,5,5,5,5,5,5,5,5,5,5,5,5,5,5,5,5,5,5,5,5,5,5,5,5,5,5,5,5,5,5,5,5
Enable Maintenance Filter,1,1,1,int,LOCKED,1,1,1,1,1,1,1,1,1,1,1,1,1,1,1,1,1,1,1,1,1,1,1,1,1,1,1,1,1,1,1,1,1,1,1,1,1,1,1,1,1,1,1,1,1,1,1,1,1,1,1,1,1,1,1,1,1,1,1,1,1,1,1,1,1,1,1,1,1,1,1,1,1,1,1,1,1,1,1,1
Daily Maintenance Start (HH:MM),17:00,,,str,Daily maintenance start,17:00,17:00,17:00,17:00,17:00,17:00,17:00,17:00,17:00,17:00,17:00,17:00,17:00,17:00,17:00,17:00,17:00,17:00,17:00,17:00,17:00,17:00,17:00,17:00,17:00,17:00,17:00,17:00,17:00,17:00,17:00,17:00,17:00,17:00,17:00,17:00,17:00,17:00,17:00,17:00,17:00,17:00,17:00,17:00,17:00,17:00,17:00,17:00,17:00,17:00,17:00,17:00,17:00,17:00,17:00,17:00,17:00,17:00,17:00,17:00,17:00,17:00,17:00,17:00,17:00,17:00,17:00,17:00,17:00,17:00,17:00,17:00,17:00,17:00,17:00,17:00,17:00,17:00,17:00,17:00
Daily Maintenance End (HH:MM),17:30,,,str,Daily maintenance end,17:30,17:30,17:30,17:30,17:30,17:30,17:30,17:30,17:30,17:30,17:30,17:30,17:30,17:30,17:30,17:30,17:30,17:30,17:30,17:30,17:30,17:30,17:30,17:30,17:30,17:30,17:30,17:30,17:30,17:30,17:30,17:30,17:30,17:30,17:30,17:30,17:30,17:30,17:30,17:30,17:30,17:30,17:30,17:30,17:30,17:30,17:30,17:30,17:30,17:30,17:30,17:30,17:30,17:30,17:30,17:30,17:30,17:30,17:30,17:30,17:30,17:30,17:30,17:30,17:30,17:30,17:30,17:30,17:30,17:30,17:30,17:30,17:30,17:30,17:30,17:30,17:30,17:30,17:30,17:30
Weekend Maintenance Start Day,4,4,4,int,Friday,4,4,4,4,4,4,4,4,4,4,4,4,4,4,4,4,4,4,4,4,4,4,4,4,4,4,4,4,4,4,4,4,4,4,4,4,4,4,4,4,4,4,4,4,4,4,4,4,4,4,4,4,4,4,4,4,4,4,4,4,4,4,4,4,4,4,4,4,4,4,4,4,4,4,4,4,4,4,4,4
Weekend Maintenance Start Time (HH:MM),17:00,,,str,Friday maintenance start,17:00,17:00,17:00,17:00,17:00,17:00,17:00,17:00,17:00,17:00,17:00,17:00,17:00,17:00,17:00,17:00,17:00,17:00,17:00,17:00,17:00,17:00,17:00,17:00,17:00,17:00,17:00,17:00,17:00,17:00,17:00,17:00,17:00,17:00,17:00,17:00,17:00,17:00,17:00,17:00,17:00,17:00,17:00,17:00,17:00,17:00,17:00,17:00,17:00,17:00,17:00,17:00,17:00,17:00,17:00,17:00,17:00,17:00,17:00,17:00,17:00,17:00,17:00,17:00,17:00,17:00,17:00,17:00,17:00,17:00,17:00,17:00,17:00,17:00,17:00,17:00,17:00,17:00,17:00,17:00
Weekend Maintenance End Day,6,6,6,int,Sunday,6,6,6,6,6,6,6,6,6,6,6,6,6,6,6,6,6,6,6,6,6,6,6,6,6,6,6,6,6,6,6,6,6,6,6,6,6,6,6,6,6,6,6,6,6,6,6,6,6,6,6,6,6,6,6,6,6,6,6,6,6,6,6,6,6,6,6,6,6,6,6,6,6,6,6,6,6,6,6,6
Weekend Maintenance End Time (HH:MM),18:00,,,str,Sunday maintenance end,18:00,18:00,18:00,18:00,18:00,18:00,18:00,18:00,18:00,18:00,18:00,18:00,18:00,18:00,18:00,18:00,18:00,18:00,18:00,18:00,18:00,18:00,18:00,18:00,18:00,18:00,18:00,18:00,18:00,18:00,18:00,18:00,18:00,18:00,18:00,18:00,18:00,18:00,18:00,18:00,18:00,18:00,18:00,18:00,18:00,18:00,18:00,18:00,18:00,18:00,18:00,18:00,18:00,18:00,18:00,18:00,18:00,18:00,18:00,18:00,18:00,18:00,18:00,18:00,18:00,18:00,18:00,18:00,18:00,18:00,18:00,18:00,18:00,18:00,18:00,18:00,18:00,18:00,18:00,18:00
Maintenance Buffer Minutes,22,22,22,int,LOCKED buffer around maintenance,22,22,22,22,22,22,22,22,22,22,22,22,22,22,22,22,22,22,22,22,22,22,22,22,22,22,22,22,22,22,22,22,22,22,22,22,22,22,22,22,22,22,22,22,22,22,22,22,22,22,22,22,22,22,22,22,22,22,22,22,22,22,22,22,22,22,22,22,22,22,22,22,22,22,22,22,22,22,22,22
=== Exit Logic ===,,,,,,,,,,,,,,,,,,,,,,,,,,,,,,,,,,,,,,,,,,,,,,,,,,,,,,,,,,,,,,,,,,,,,,,,,,,,,,,,,,,,,
Enable Stop Loss,1,1,1,int,LOCKED origin-zone stop on,1,1,1,1,1,1,1,1,1,1,1,1,1,1,1,1,1,1,1,1,1,1,1,1,1,1,1,1,1,1,1,1,1,1,1,1,1,1,1,1,1,1,1,1,1,1,1,1,1,1,1,1,1,1,1,1,1,1,1,1,1,1,1,1,1,1,1,1,1,1,1,1,1,1,1,1,1,1,1,1
Stop ATR Multiplier,1.0,1.0,1.0,float,Unused (stop from zone edge + pad),1.0,1.0,1.0,1.0,1.0,1.0,1.0,1.0,1.0,1.0,1.0,1.0,1.0,1.0,1.0,1.0,1.0,1.0,1.0,1.0,1.0,1.0,1.0,1.0,1.0,1.0,1.0,1.0,1.0,1.0,1.0,1.0,1.0,1.0,1.0,1.0,1.0,1.0,1.0,1.0,1.0,1.0,1.0,1.0,1.0,1.0,1.0,1.0,1.0,1.0,1.0,1.0,1.0,1.0,1.0,1.0,1.0,1.0,1.0,1.0,1.0,1.0,1.0,1.0,1.0,1.0,1.0,1.0,1.0,1.0,1.0,1.0,1.0,1.0,1.0,1.0,1.0,1.0,1.0,1.0
Enable Take Profit,0,0,0,int,LOCKED off (opposite-zone exit),0,0,0,0,0,0,0,0,0,0,0,0,0,0,0,0,0,0,0,0,0,0,0,0,0,0,0,0,0,0,0,0,0,0,0,0,0,0,0,0,0,0,0,0,0,0,0,0,0,0,0,0,0,0,0,0,0,0,0,0,0,0,0,0,0,0,0,0,0,0,0,0,0,0,0,0,0,0,0,0
Take Profit ATR Multiplier,2.0,2.0,2.0,float,Unused,2.0,2.0,2.0,2.0,2.0,2.0,2.0,2.0,2.0,2.0,2.0,2.0,2.0,2.0,2.0,2.0,2.0,2.0,2.0,2.0,2.0,2.0,2.0,2.0,2.0,2.0,2.0,2.0,2.0,2.0,2.0,2.0,2.0,2.0,2.0,2.0,2.0,2.0,2.0,2.0,2.0,2.0,2.0,2.0,2.0,2.0,2.0,2.0,2.0,2.0,2.0,2.0,2.0,2.0,2.0,2.0,2.0,2.0,2.0,2.0,2.0,2.0,2.0,2.0,2.0,2.0,2.0,2.0,2.0,2.0,2.0,2.0,2.0,2.0,2.0,2.0,2.0,2.0,2.0,2.0
Enable Trailing Stop,0,0,0,int,LOCKED off,0,0,0,0,0,0,0,0,0,0,0,0,0,0,0,0,0,0,0,0,0,0,0,0,0,0,0,0,0,0,0,0,0,0,0,0,0,0,0,0,0,0,0,0,0,0,0,0,0,0,0,0,0,0,0,0,0,0,0,0,0,0,0,0,0,0,0,0,0,0,0,0,0,0,0,0,0,0,0,0
Trailing Delay (bars),1,1,1,int,Unused,1,1,1,1,1,1,1,1,1,1,1,1,1,1,1,1,1,1,1,1,1,1,1,1,1,1,1,1,1,1,1,1,1,1,1,1,1,1,1,1,1,1,1,1,1,1,1,1,1,1,1,1,1,1,1,1,1,1,1,1,1,1,1,1,1,1,1,1,1,1,1,1,1,1,1,1,1,1,1,1
ATR Multiplier for Trailing Stop,2.0,2.0,2.0,float,Unused,2.0,2.0,2.0,2.0,2.0,2.0,2.0,2.0,2.0,2.0,2.0,2.0,2.0,2.0,2.0,2.0,2.0,2.0,2.0,2.0,2.0,2.0,2.0,2.0,2.0,2.0,2.0,2.0,2.0,2.0,2.0,2.0,2.0,2.0,2.0,2.0,2.0,2.0,2.0,2.0,2.0,2.0,2.0,2.0,2.0,2.0,2.0,2.0,2.0,2.0,2.0,2.0,2.0,2.0,2.0,2.0,2.0,2.0,2.0,2.0,2.0,2.0,2.0,2.0,2.0,2.0,2.0,2.0,2.0,2.0,2.0,2.0,2.0,2.0,2.0,2.0,2.0,2.0,2.0,2.0
=== GA Criteria ===,,,,,,,,,,,,,,,,,,,,,,,,,,,,,,,,,,,,,,,,,,,,,,,,,,,,,,,,,,,,,,,,,,,,,,,,,,,,,,,,,,,,,
POP_SIZE,150,150,150,int,Short diagnostic pop,150,150,150,150,150,150,150,150,150,150,150,150,150,150,150,150,150,150,150,150,150,150,150,150,150,150,150,150,150,150,150,150,150,150,150,150,150,150,150,150,150,150,150,150,150,150,150,150,150,150,150,150,150,150,150,150,150,150,150,150,150,150,150,150,150,150,150,150,150,150,150,150,150,150,150,150,150,150,150,150
NUM_GEN,25,25,25,int,Short diagnostic gens,25,25,25,25,25,25,25,25,25,25,25,25,25,25,25,25,25,25,25,25,25,25,25,25,25,25,25,25,25,25,25,25,25,25,25,25,25,25,25,25,25,25,25,25,25,25,25,25,25,25,25,25,25,25,25,25,25,25,25,25,25,25,25,25,25,25,25,25,25,25,25,25,25,25,25,25,25,25,25,25
CX_PB,0.5,0.5,0.5,float,Crossover,0.5,0.5,0.5,0.5,0.5,0.5,0.5,0.5,0.5,0.5,0.5,0.5,0.5,0.5,0.5,0.5,0.5,0.5,0.5,0.5,0.5,0.5,0.5,0.5,0.5,0.5,0.5,0.5,0.5,0.5,0.5,0.5,0.5,0.5,0.5,0.5,0.5,0.5,0.5,0.5,0.5,0.5,0.5,0.5,0.5,0.5,0.5,0.5,0.5,0.5,0.5,0.5,0.5,0.5,0.5,0.5,0.5,0.5,0.5,0.5,0.5,0.5,0.5,0.5,0.5,0.5,0.5,0.5,0.5,0.5,0.5,0.5,0.5,0.5,0.5,0.5,0.5,0.5,0.5,0.5
MUT_PB,0.4,0.4,0.4,float,Mutation,0.4,0.4,0.4,0.4,0.4,0.4,0.4,0.4,0.4,0.4,0.4,0.4,0.4,0.4,0.4,0.4,0.4,0.4,0.4,0.4,0.4,0.4,0.4,0.4,0.4,0.4,0.4,0.4,0.4,0.4,0.4,0.4,0.4,0.4,0.4,0.4,0.4,0.4,0.4,0.4,0.4,0.4,0.4,0.4,0.4,0.4,0.4,0.4,0.4,0.4,0.4,0.4,0.4,0.4,0.4,0.4,0.4,0.4,0.4,0.4,0.4,0.4,0.4,0.4,0.4,0.4,0.4,0.4,0.4,0.4,0.4,0.4,0.4,0.4,0.4,0.4,0.4,0.4,0.4,0.4
MUT_MU,0,0,0,float,Mutation mean,0.0,0.0,0.0,0.0,0.0,0.0,0.0,0.0,0.0,0.0,0.0,0.0,0.0,0.0,0.0,0.0,0.0,0.0,0.0,0.0,0.0,0.0,0.0,0.0,0.0,0.0,0.0,0.0,0.0,0.0,0.0,0.0,0.0,0.0,0.0,0.0,0.0,0.0,0.0,0.0,0.0,0.0,0.0,0.0,0.0,0.0,0.0,0.0,0.0,0.0,0.0,0.0,0.0,0.0,0.0,0.0,0.0,0.0,0.0,0.0,0.0,0.0,0.0,0.0,0.0,0.0,0.0,0.0,0.0,0.0,0.0,0.0,0.0,0.0,0.0,0.0,0.0,0.0,0.0,0.0
MUT_SIGMA,0.3,0.3,0.3,float,Mutation sigma,0.3,0.3,0.3,0.3,0.3,0.3,0.3,0.3,0.3,0.3,0.3,0.3,0.3,0.3,0.3,0.3,0.3,0.3,0.3,0.3,0.3,0.3,0.3,0.3,0.3,0.3,0.3,0.3,0.3,0.3,0.3,0.3,0.3,0.3,0.3,0.3,0.3,0.3,0.3,0.3,0.3,0.3,0.3,0.3,0.3,0.3,0.3,0.3,0.3,0.3,0.3,0.3,0.3,0.3,0.3,0.3,0.3,0.3,0.3,0.3,0.3,0.3,0.3,0.3,0.3,0.3,0.3,0.3,0.3,0.3,0.3,0.3,0.3,0.3,0.3,0.3,0.3,0.3,0.3,0.3
TARGET_TRADES_DAY,1.5,1.5,1.5,float,Activity target,1.5,1.5,1.5,1.5,1.5,1.5,1.5,1.5,1.5,1.5,1.5,1.5,1.5,1.5,1.5,1.5,1.5,1.5,1.5,1.5,1.5,1.5,1.5,1.5,1.5,1.5,1.5,1.5,1.5,1.5,1.5,1.5,1.5,1.5,1.5,1.5,1.5,1.5,1.5,1.5,1.5,1.5,1.5,1.5,1.5,1.5,1.5,1.5,1.5,1.5,1.5,1.5,1.5,1.5,1.5,1.5,1.5,1.5,1.5,1.5,1.5,1.5,1.5,1.5,1.5,1.5,1.5,1.5,1.5,1.5,1.5,1.5,1.5,1.5,1.5,1.5,1.5,1.5,1.5,1.5
TRADES_PENALTY_WEIGHT,0.25,0.25,0.25,float,Excess trade penalty,0.25,0.25,0.25,0.25,0.25,0.25,0.25,0.25,0.25,0.25,0.25,0.25,0.25,0.25,0.25,0.25,0.25,0.25,0.25,0.25,0.25,0.25,0.25,0.25,0.25,0.25,0.25,0.25,0.25,0.25,0.25,0.25,0.25,0.25,0.25,0.25,0.25,0.25,0.25,0.25,0.25,0.25,0.25,0.25,0.25,0.25,0.25,0.25,0.25,0.25,0.25,0.25,0.25,0.25,0.25,0.25,0.25,0.25,0.25,0.25,0.25,0.25,0.25,0.25,0.25,0.25,0.25,0.25,0.25,0.25,0.25,0.25,0.25,0.25,0.25,0.25,0.25,0.25,0.25,0.25
DD_WEIGHT,0.5,0.5,0.5,float,Drawdown weight,0.5,0.5,0.5,0.5,0.5,0.5,0.5,0.5,0.5,0.5,0.5,0.5,0.5,0.5,0.5,0.5,0.5,0.5,0.5,0.5,0.5,0.5,0.5,0.5,0.5,0.5,0.5,0.5,0.5,0.5,0.5,0.5,0.5,0.5,0.5,0.5,0.5,0.5,0.5,0.5,0.5,0.5,0.5,0.5,0.5,0.5,0.5,0.5,0.5,0.5,0.5,0.5,0.5,0.5,0.5,0.5,0.5,0.5,0.5,0.5,0.5,0.5,0.5,0.5,0.5,0.5,0.5,0.5,0.5,0.5,0.5,0.5,0.5,0.5,0.5,0.5,0.5,0.5,0.5,0.5
DATA_SPLITS,0.65,0.65,0.65,float,IS fraction,0.65,0.65,0.65,0.65,0.65,0.65,0.65,0.65,0.65,0.65,0.65,0.65,0.65,0.65,0.65,0.65,0.65,0.65,0.65,0.65,0.65,0.65,0.65,0.65,0.65,0.65,0.65,0.65,0.65,0.65,0.65,0.65,0.65,0.65,0.65,0.65,0.65,0.65,0.65,0.65,0.65,0.65,0.65,0.65,0.65,0.65,0.65,0.65,0.65,0.65,0.65,0.65,0.65,0.65,0.65,0.65,0.65,0.65,0.65,0.65,0.65,0.65,0.65,0.65,0.65,0.65,0.65,0.65,0.65,0.65,0.65,0.65,0.65,0.65,0.65,0.65,0.65,0.65,0.65,0.65
DATA_SIZE,0,0,0,int,0 = full history,0,0,0,0,0,0,0,0,0,0,0,0,0,0,0,0,0,0,0,0,0,0,0,0,0,0,0,0,0,0,0,0,0,0,0,0,0,0,0,0,0,0,0,0,0,0,0,0,0,0,0,0,0,0,0,0,0,0,0,0,0,0,0,0,0,0,0,0,0,0,0,0,0,0,0,0,0,0,0,0
USE_INTERLEAVED_SPLIT,TRUE,TRUE,TRUE,bool,Interleaved IS/OOS,True,True,True,True,True,True,True,True,True,True,True,True,True,True,True,True,True,True,True,True,True,True,True,True,True,True,True,True,True,True,True,True,True,True,True,True,True,True,True,True,True,True,True,True,True,True,True,True,True,True,True,True,True,True,True,True,True,True,True,True,True,True,True,True,True,True,True,True,True,True,True,True,True,True,True,True,True,True,True,True
NUM_SPLIT_PERIODS,11,11,11,int,OOS slices,11,11,11,11,11,11,11,11,11,11,11,11,11,11,11,11,11,11,11,11,11,11,11,11,11,11,11,11,11,11,11,11,11,11,11,11,11,11,11,11,11,11,11,11,11,11,11,11,11,11,11,11,11,11,11,11,11,11,11,11,11,11,11,11,11,11,11,11,11,11,11,11,11,11,11,11,11,11,11,11
MIN_TRADES_DAY,0.3,0.3,0.3,float,Activity floor,0.3,0.3,0.3,0.3,0.3,0.3,0.3,0.3,0.3,0.3,0.3,0.3,0.3,0.3,0.3,0.3,0.3,0.3,0.3,0.3,0.3,0.3,0.3,0.3,0.3,0.3,0.3,0.3,0.3,0.3,0.3,0.3,0.3,0.3,0.3,0.3,0.3,0.3,0.3,0.3,0.3,0.3,0.3,0.3,0.3,0.3,0.3,0.3,0.3,0.3,0.3,0.3,0.3,0.3,0.3,0.3,0.3,0.3,0.3,0.3,0.3,0.3,0.3,0.3,0.3,0.3,0.3,0.3,0.3,0.3,0.3,0.3,0.3,0.3,0.3,0.3,0.3,0.3,0.3,0.3
MIN_PROFIT_PER_TRADE,15,15,15,float,Min profit/trade norm,15.0,15.0,15.0,15.0,15.0,15.0,15.0,15.0,15.0,15.0,15.0,15.0,15.0,15.0,15.0,15.0,15.0,15.0,15.0,15.0,15.0,15.0,15.0,15.0,15.0,15.0,15.0,15.0,15.0,15.0,15.0,15.0,15.0,15.0,15.0,15.0,15.0,15.0,15.0,15.0,15.0,15.0,15.0,15.0,15.0,15.0,15.0,15.0,15.0,15.0,15.0,15.0,15.0,15.0,15.0,15.0,15.0,15.0,15.0,15.0,15.0,15.0,15.0,15.0,15.0,15.0,15.0,15.0,15.0,15.0,15.0,15.0,15.0,15.0,15.0,15.0,15.0,15.0,15.0,15.0
MIN_TRADES_PEN_WEIGHT,-120,-120,-120,float,Low-trade penalty,-120.0,-120.0,-120.0,-120.0,-120.0,-120.0,-120.0,-120.0,-120.0,-120.0,-120.0,-120.0,-120.0,-120.0,-120.0,-120.0,-120.0,-120.0,-120.0,-120.0,-120.0,-120.0,-120.0,-120.0,-120.0,-120.0,-120.0,-120.0,-120.0,-120.0,-120.0,-120.0,-120.0,-120.0,-120.0,-120.0,-120.0,-120.0,-120.0,-120.0,-120.0,-120.0,-120.0,-120.0,-120.0,-120.0,-120.0,-120.0,-120.0,-120.0,-120.0,-120.0,-120.0,-120.0,-120.0,-120.0,-120.0,-120.0,-120.0,-120.0,-120.0,-120.0,-120.0,-120.0,-120.0,-120.0,-120.0,-120.0,-120.0,-120.0,-120.0,-120.0,-120.0,-120.0,-120.0,-120.0,-120.0,-120.0,-120.0,-120.0
NORM_SORTINO_MAX,8,8,8,float,Sortino cap,8.0,8.0,8.0,8.0,8.0,8.0,8.0,8.0,8.0,8.0,8.0,8.0,8.0,8.0,8.0,8.0,8.0,8.0,8.0,8.0,8.0,8.0,8.0,8.0,8.0,8.0,8.0,8.0,8.0,8.0,8.0,8.0,8.0,8.0,8.0,8.0,8.0,8.0,8.0,8.0,8.0,8.0,8.0,8.0,8.0,8.0,8.0,8.0,8.0,8.0,8.0,8.0,8.0,8.0,8.0,8.0,8.0,8.0,8.0,8.0,8.0,8.0,8.0,8.0,8.0,8.0,8.0,8.0,8.0,8.0,8.0,8.0,8.0,8.0,8.0,8.0,8.0,8.0,8.0,8.0
NORM_DD_MAX,80000,80000,80000,float,DD norm cap,80000.0,80000.0,80000.0,80000.0,80000.0,80000.0,80000.0,80000.0,80000.0,80000.0,80000.0,80000.0,80000.0,80000.0,80000.0,80000.0,80000.0,80000.0,80000.0,80000.0,80000.0,80000.0,80000.0,80000.0,80000.0,80000.0,80000.0,80000.0,80000.0,80000.0,80000.0,80000.0,80000.0,80000.0,80000.0,80000.0,80000.0,80000.0,80000.0,80000.0,80000.0,80000.0,80000.0,80000.0,80000.0,80000.0,80000.0,80000.0,80000.0,80000.0,80000.0,80000.0,80000.0,80000.0,80000.0,80000.0,80000.0,80000.0,80000.0,80000.0,80000.0,80000.0,80000.0,80000.0,80000.0,80000.0,80000.0,80000.0,80000.0,80000.0,80000.0,80000.0,80000.0,80000.0,80000.0,80000.0,80000.0,80000.0,80000.0,80000.0
NORM_PF_MAX,2.5,2.5,2.5,float,PF norm cap,2.5,2.5,2.5,2.5,2.5,2.5,2.5,2.5,2.5,2.5,2.5,2.5,2.5,2.5,2.5,2.5,2.5,2.5,2.5,2.5,2.5,2.5,2.5,2.5,2.5,2.5,2.5,2.5,2.5,2.5,2.5,2.5,2.5,2.5,2.5,2.5,2.5,2.5,2.5,2.5,2.5,2.5,2.5,2.5,2.5,2.5,2.5,2.5,2.5,2.5,2.5,2.5,2.5,2.5,2.5,2.5,2.5,2.5,2.5,2.5,2.5,2.5,2.5,2.5,2.5,2.5,2.5,2.5,2.5,2.5,2.5,2.5,2.5,2.5,2.5,2.5,2.5,2.5,2.5,2.5
NORM_TRADES_MAX,3.0,3.0,3.0,float,Trades/day norm,3.0,3.0,3.0,3.0,3.0,3.0,3.0,3.0,3.0,3.0,3.0,3.0,3.0,3.0,3.0,3.0,3.0,3.0,3.0,3.0,3.0,3.0,3.0,3.0,3.0,3.0,3.0,3.0,3.0,3.0,3.0,3.0,3.0,3.0,3.0,3.0,3.0,3.0,3.0,3.0,3.0,3.0,3.0,3.0,3.0,3.0,3.0,3.0,3.0,3.0,3.0,3.0,3.0,3.0,3.0,3.0,3.0,3.0,3.0,3.0,3.0,3.0,3.0,3.0,3.0,3.0,3.0,3.0,3.0,3.0,3.0,3.0,3.0,3.0,3.0,3.0,3.0,3.0,3.0,3.0
NORM_PNL_MAX,150000,150000,150000,float,PnL norm cap,150000.0,150000.0,150000.0,150000.0,150000.0,150000.0,150000.0,150000.0,150000.0,150000.0,150000.0,150000.0,150000.0,150000.0,150000.0,150000.0,150000.0,150000.0,150000.0,150000.0,150000.0,150000.0,150000.0,150000.0,150000.0,150000.0,150000.0,150000.0,150000.0,150000.0,150000.0,150000.0,150000.0,150000.0,150000.0,150000.0,150000.0,150000.0,150000.0,150000.0,150000.0,150000.0,150000.0,150000.0,150000.0,150000.0,150000.0,150000.0,150000.0,150000.0,150000.0,150000.0,150000.0,150000.0,150000.0,150000.0,150000.0,150000.0,150000.0,150000.0,150000.0,150000.0,150000.0,150000.0,150000.0,150000.0,150000.0,150000.0,150000.0,150000.0,150000.0,150000.0,150000.0,150000.0,150000.0,150000.0,150000.0,150000.0,150000.0,150000.0
NORM_PROFIT_TRADE_MAX,100,100,100,float,PPT norm cap,100.0,100.0,100.0,100.0,100.0,100.0,100.0,100.0,100.0,100.0,100.0,100.0,100.0,100.0,100.0,100.0,100.0,100.0,100.0,100.0,100.0,100.0,100.0,100.0,100.0,100.0,100.0,100.0,100.0,100.0,100.0,100.0,100.0,100.0,100.0,100.0,100.0,100.0,100.0,100.0,100.0,100.0,100.0,100.0,100.0,100.0,100.0,100.0,100.0,100.0,100.0,100.0,100.0,100.0,100.0,100.0,100.0,100.0,100.0,100.0,100.0,100.0,100.0,100.0,100.0,100.0,100.0,100.0,100.0,100.0,100.0,100.0,100.0,100.0,100.0,100.0,100.0,100.0,100.0,100.0
MIN_WIN_RATE,0.35,0.35,0.35,float,Min win rate,0.35,0.35,0.35,0.35,0.35,0.35,0.35,0.35,0.35,0.35,0.35,0.35,0.35,0.35,0.35,0.35,0.35,0.35,0.35,0.35,0.35,0.35,0.35,0.35,0.35,0.35,0.35,0.35,0.35,0.35,0.35,0.35,0.35,0.35,0.35,0.35,0.35,0.35,0.35,0.35,0.35,0.35,0.35,0.35,0.35,0.35,0.35,0.35,0.35,0.35,0.35,0.35,0.35,0.35,0.35,0.35,0.35,0.35,0.35,0.35,0.35,0.35,0.35,0.35,0.35,0.35,0.35,0.35,0.35,0.35,0.35,0.35,0.35,0.35,0.35,0.35,0.35,0.35,0.35,0.35
SORTINO_CAP,8,8,8,float,Sortino cap,8.0,8.0,8.0,8.0,8.0,8.0,8.0,8.0,8.0,8.0,8.0,8.0,8.0,8.0,8.0,8.0,8.0,8.0,8.0,8.0,8.0,8.0,8.0,8.0,8.0,8.0,8.0,8.0,8.0,8.0,8.0,8.0,8.0,8.0,8.0,8.0,8.0,8.0,8.0,8.0,8.0,8.0,8.0,8.0,8.0,8.0,8.0,8.0,8.0,8.0,8.0,8.0,8.0,8.0,8.0,8.0,8.0,8.0,8.0,8.0,8.0,8.0,8.0,8.0,8.0,8.0,8.0,8.0,8.0,8.0,8.0,8.0,8.0,8.0,8.0,8.0,8.0,8.0,8.0,8.0
GA_START_DATE,2020-01-02,2020-01-02,2020-01-02,str,Backtest start,2020-01-02,2020-01-02,2020-01-02,2020-01-02,2020-01-02,2020-01-02,2020-01-02,2020-01-02,2020-01-02,2020-01-02,2020-01-02,2020-01-02,2020-01-02,2020-01-02,2020-01-02,2020-01-02,2020-01-02,2020-01-02,2020-01-02,2020-01-02,2020-01-02,2020-01-02,2020-01-02,2020-01-02,2020-01-02,2020-01-02,2020-01-02,2020-01-02,2020-01-02,2020-01-02,2020-01-02,2020-01-02,2020-01-02,2020-01-02,2020-01-02,2020-01-02,2020-01-02,2020-01-02,2020-01-02,2020-01-02,2020-01-02,2020-01-02,2020-01-02,2020-01-02,2020-01-02,2020-01-02,2020-01-02,2020-01-02,2020-01-02,2020-01-02,2020-01-02,2020-01-02,2020-01-02,2020-01-02,2020-01-02,2020-01-02,2020-01-02,2020-01-02,2020-01-02,2020-01-02,2020-01-02,2020-01-02,2020-01-02,2020-01-02,2020-01-02,2020-01-02,2020-01-02,2020-01-02,2020-01-02,2020-01-02,2020-01-02,2020-01-02,2020-01-02,2020-01-02,2020-01-02,2020-01-02,2020-01-02,2020-01-02,2020-01-02,2020-01-02
GA_END_DATE,2025-10-10,2025-10-10,2025-10-10,str,Backtest end,2025-10-10,2025-10-10,2025-10-10,2025-10-10,2025-10-10,2025-10-10,2025-10-10,2025-10-10,2025-10-10,2025-10-10,2025-10-10,2025-10-10,2025-10-10,2025-10-10,2025-10-10,2025-10-10,2025-10-10,2025-10-10,2025-10-10,2025-10-10,2025-10-10,2025-10-10,2025-10-10,2025-10-10,2025-10-10,2025-10-10,2025-10-10,2025-10-10,2025-10-10,2025-10-10,2025-10-10,2025-10-10,2025-10-10,2025-10-10,2025-10-10,2025-10-10,2025-10-10,2025-10-10,2025-10-10,2025-10-10,2025-10-10,2025-10-10,2025-10-10,2025-10-10,2025-10-10,2025-10-10,2025-10-10,2025-10-10,2025-10-10,2025-10-10,2025-10-10,2025-10-10,2025-10-10,2025-10-10,2025-10-10,2025-10-10,2025-10-10,2025-10-10,2025-10-10,2025-10-10,2025-10-10,2025-10-10,2025-10-10,2025-10-10,2025-10-10,2025-10-10,2025-10-10,2025-10-10,2025-10-10,2025-10-10,2025-10-10,2025-10-10,2025-10-10,2025-10-10,2025-10-10,2025-10-10,2025-10-10,2025-10-10,2025-10-10,2025-10-10
GA_LIVE_STYLE_ENTRY,1,1,1,int,LOCKED enter signal-bar close,1,1,1,1,1,1,1,1,1,1,1,1,1,1,1,1,1,1,1,1,1,1,1,1,1,1,1,1,1,1,1,1,1,1,1,1,1,1,1,1,1,1,1,1,1,1,1,1,1,1,1,1,1,1,1,1,1,1,1,1,1,1,1,1,1,1,1,1,1,1,1,1,1,1,1,1,1,1,1,1
GA_CONSERVATIVE_STOP_SLIPPAGE,1,1,1,float,LOCKED,1.0,1.0,1.0,1.0,1.0,1.0,1.0,1.0,1.0,1.0,1.0,1.0,1.0,1.0,1.0,1.0,1.0,1.0,1.0,1.0,1.0,1.0,1.0,1.0,1.0,1.0,1.0,1.0,1.0,1.0,1.0,1.0,1.0,1.0,1.0,1.0,1.0,1.0,1.0,1.0,1.0,1.0,1.0,1.0,1.0,1.0,1.0,1.0,1.0,1.0,1.0,1.0,1.0,1.0,1.0,1.0,1.0,1.0,1.0,1.0,1.0,1.0,1.0,1.0,1.0,1.0,1.0,1.0,1.0,1.0,1.0,1.0,1.0,1.0,1.0,1.0,1.0,1.0,1.0,1.0
GA_CONSERVATIVE_ENTRY_SLIPPAGE,1,1,1,float,LOCKED,1.0,1.0,1.0,1.0,1.0,1.0,1.0,1.0,1.0,1.0,1.0,1.0,1.0,1.0,1.0,1.0,1.0,1.0,1.0,1.0,1.0,1.0,1.0,1.0,1.0,1.0,1.0,1.0,1.0,1.0,1.0,1.0,1.0,1.0,1.0,1.0,1.0,1.0,1.0,1.0,1.0,1.0,1.0,1.0,1.0,1.0,1.0,1.0,1.0,1.0,1.0,1.0,1.0,1.0,1.0,1.0,1.0,1.0,1.0,1.0,1.0,1.0,1.0,1.0,1.0,1.0,1.0,1.0,1.0,1.0,1.0,1.0,1.0,1.0,1.0,1.0,1.0,1.0,1.0,1.0
GA_CONSERVATIVE_CHANNEL_SLIPPAGE,0.25,0.25,0.25,float,LOCKED,0.25,0.25,0.25,0.25,0.25,0.25,0.25,0.25,0.25,0.25,0.25,0.25,0.25,0.25,0.25,0.25,0.25,0.25,0.25,0.25,0.25,0.25,0.25,0.25,0.25,0.25,0.25,0.25,0.25,0.25,0.25,0.25,0.25,0.25,0.25,0.25,0.25,0.25,0.25,0.25,0.25,0.25,0.25,0.25,0.25,0.25,0.25,0.25,0.25,0.25,0.25,0.25,0.25,0.25,0.25,0.25,0.25,0.25,0.25,0.25,0.25,0.25,0.25,0.25,0.25,0.25,0.25,0.25,0.25,0.25,0.25,0.25,0.25,0.25,0.25,0.25,0.25,0.25,0.25,0.25
GA_PESSIMISTIC_STOPS,1,1,1,int,LOCKED,1,1,1,1,1,1,1,1,1,1,1,1,1,1,1,1,1,1,1,1,1,1,1,1,1,1,1,1,1,1,1,1,1,1,1,1,1,1,1,1,1,1,1,1,1,1,1,1,1,1,1,1,1,1,1,1,1,1,1,1,1,1,1,1,1,1,1,1,1,1,1,1,1,1,1,1,1,1,1,1
GA_DIVERSE_SEED,0,0,0,int,Off,0,0,0,0,0,0,0,0,0,0,0,0,0,0,0,0,0,0,0,0,0,0,0,0,0,0,0,0,0,0,0,0,0,0,0,0,0,0,0,0,0,0,0,0,0,0,0,0,0,0,0,0,0,0,0,0,0,0,0,0,0,0,0,0,0,0,0,0,0,0,0,0,0,0,0,0,0,0,0,0
WEIGHT_SORTINO,1,,,float,Fitness: Sortino,1.0,1.0,1.0,1.0,1.0,1.0,1.0,1.0,1.0,1.0,1.0,1.0,1.0,1.0,1.0,1.0,1.0,1.0,1.0,1.0,1.0,1.0,1.0,1.0,1.0,1.0,1.0,1.0,1.0,1.0,1.0,1.0,1.0,1.0,1.0,1.0,1.0,1.0,1.0,1.0,1.0,1.0,1.0,1.0,1.0,1.0,1.0,1.0,1.0,1.0,1.0,1.0,1.0,1.0,1.0,1.0,1.0,1.0,1.0,1.0,1.0,1.0,1.0,1.0,1.0,1.0,1.0,1.0,1.0,1.0,1.0,1.0,1.0,1.0,1.0,1.0,1.0,1.0,1.0,1.0
WEIGHT_DRAWDOWN,-1.0,,,float,Fitness: drawdown,-1.0,-1.0,-1.0,-1.0,-1.0,-1.0,-1.0,-1.0,-1.0,-1.0,-1.0,-1.0,-1.0,-1.0,-1.0,-1.0,-1.0,-1.0,-1.0,-1.0,-1.0,-1.0,-1.0,-1.0,-1.0,-1.0,-1.0,-1.0,-1.0,-1.0,-1.0,-1.0,-1.0,-1.0,-1.0,-1.0,-1.0,-1.0,-1.0,-1.0,-1.0,-1.0,-1.0,-1.0,-1.0,-1.0,-1.0,-1.0,-1.0,-1.0,-1.0,-1.0,-1.0,-1.0,-1.0,-1.0,-1.0,-1.0,-1.0,-1.0,-1.0,-1.0,-1.0,-1.0,-1.0,-1.0,-1.0,-1.0,-1.0,-1.0,-1.0,-1.0,-1.0,-1.0,-1.0,-1.0,-1.0,-1.0,-1.0,-1.0
WEIGHT_PF,2,,,float,Fitness: profit factor,2.0,2.0,2.0,2.0,2.0,2.0,2.0,2.0,2.0,2.0,2.0,2.0,2.0,2.0,2.0,2.0,2.0,2.0,2.0,2.0,2.0,2.0,2.0,2.0,2.0,2.0,2.0,2.0,2.0,2.0,2.0,2.0,2.0,2.0,2.0,2.0,2.0,2.0,2.0,2.0,2.0,2.0,2.0,2.0,2.0,2.0,2.0,2.0,2.0,2.0,2.0,2.0,2.0,2.0,2.0,2.0,2.0,2.0,2.0,2.0,2.0,2.0,2.0,2.0,2.0,2.0,2.0,2.0,2.0,2.0,2.0,2.0,2.0,2.0,2.0,2.0,2.0,2.0,2.0,2.0
WEIGHT_TRADES,0.5,,,float,Fitness: trades/day,0.5,0.5,0.5,0.5,0.5,0.5,0.5,0.5,0.5,0.5,0.5,0.5,0.5,0.5,0.5,0.5,0.5,0.5,0.5,0.5,0.5,0.5,0.5,0.5,0.5,0.5,0.5,0.5,0.5,0.5,0.5,0.5,0.5,0.5,0.5,0.5,0.5,0.5,0.5,0.5,0.5,0.5,0.5,0.5,0.5,0.5,0.5,0.5,0.5,0.5,0.5,0.5,0.5,0.5,0.5,0.5,0.5,0.5,0.5,0.5,0.5,0.5,0.5,0.5,0.5,0.5,0.5,0.5,0.5,0.5,0.5,0.5,0.5,0.5,0.5,0.5,0.5,0.5,0.5,0.5
WEIGHT_PNL,1.2,,,float,Fitness: total PnL,1.2,1.2,1.2,1.2,1.2,1.2,1.2,1.2,1.2,1.2,1.2,1.2,1.2,1.2,1.2,1.2,1.2,1.2,1.2,1.2,1.2,1.2,1.2,1.2,1.2,1.2,1.2,1.2,1.2,1.2,1.2,1.2,1.2,1.2,1.2,1.2,1.2,1.2,1.2,1.2,1.2,1.2,1.2,1.2,1.2,1.2,1.2,1.2,1.2,1.2,1.2,1.2,1.2,1.2,1.2,1.2,1.2,1.2,1.2,1.2,1.2,1.2,1.2,1.2,1.2,1.2,1.2,1.2,1.2,1.2,1.2,1.2,1.2,1.2,1.2,1.2,1.2,1.2,1.2,1.2
WEIGHT_PPT,1.0,,,float,Fitness: profit/trade,1.0,1.0,1.0,1.0,1.0,1.0,1.0,1.0,1.0,1.0,1.0,1.0,1.0,1.0,1.0,1.0,1.0,1.0,1.0,1.0,1.0,1.0,1.0,1.0,1.0,1.0,1.0,1.0,1.0,1.0,1.0,1.0,1.0,1.0,1.0,1.0,1.0,1.0,1.0,1.0,1.0,1.0,1.0,1.0,1.0,1.0,1.0,1.0,1.0,1.0,1.0,1.0,1.0,1.0,1.0,1.0,1.0,1.0,1.0,1.0,1.0,1.0,1.0,1.0,1.0,1.0,1.0,1.0,1.0,1.0,1.0,1.0,1.0,1.0,1.0,1.0,1.0,1.0,1.0,1.0
MIN_TRADE_DURATION,3,3,3,float,Min avg hold minutes,3.0,3.0,3.0,3.0,3.0,3.0,3.0,3.0,3.0,3.0,3.0,3.0,3.0,3.0,3.0,3.0,3.0,3.0,3.0,3.0,3.0,3.0,3.0,3.0,3.0,3.0,3.0,3.0,3.0,3.0,3.0,3.0,3.0,3.0,3.0,3.0,3.0,3.0,3.0,3.0,3.0,3.0,3.0,3.0,3.0,3.0,3.0,3.0,3.0,3.0,3.0,3.0,3.0,3.0,3.0,3.0,3.0,3.0,3.0,3.0,3.0,3.0,3.0,3.0,3.0,3.0,3.0,3.0,3.0,3.0,3.0,3.0,3.0,3.0,3.0,3.0,3.0,3.0,3.0,3.0
MAX_WIN_RATE_CAP,0.85,0.85,0.85,float,Suspicious win-rate cap,0.85,0.85,0.85,0.85,0.85,0.85,0.85,0.85,0.85,0.85,0.85,0.85,0.85,0.85,0.85,0.85,0.85,0.85,0.85,0.85,0.85,0.85,0.85,0.85,0.85,0.85,0.85,0.85,0.85,0.85,0.85,0.85,0.85,0.85,0.85,0.85,0.85,0.85,0.85,0.85,0.85,0.85,0.85,0.85,0.85,0.85,0.85,0.85,0.85,0.85,0.85,0.85,0.85,0.85,0.85,0.85,0.85,0.85,0.85,0.85,0.85,0.85,0.85,0.85,0.85,0.85,0.85,0.85,0.85,0.85,0.85,0.85,0.85,0.85,0.85,0.85,0.85,0.85,0.85,0.85
LIMIT_MAX_LOSS,50000,50000,50000,float,Loss soft-gate,50000.0,50000.0,50000.0,50000.0,50000.0,50000.0,50000.0,50000.0,50000.0,50000.0,50000.0,50000.0,50000.0,50000.0,50000.0,50000.0,50000.0,50000.0,50000.0,50000.0,50000.0,50000.0,50000.0,50000.0,50000.0,50000.0,50000.0,50000.0,50000.0,50000.0,50000.0,50000.0,50000.0,50000.0,50000.0,50000.0,50000.0,50000.0,50000.0,50000.0,50000.0,50000.0,50000.0,50000.0,50000.0,50000.0,50000.0,50000.0,50000.0,50000.0,50000.0,50000.0,50000.0,50000.0,50000.0,50000.0,50000.0,50000.0,50000.0,50000.0,50000.0,50000.0,50000.0,50000.0,50000.0,50000.0,50000.0,50000.0,50000.0,50000.0,50000.0,50000.0,50000.0,50000.0,50000.0,50000.0,50000.0,50000.0,50000.0,50000.0
LIMIT_MIN_SORTINO,0.4,0.4,0.4,float,Sortino soft-gate,0.4,0.4,0.4,0.4,0.4,0.4,0.4,0.4,0.4,0.4,0.4,0.4,0.4,0.4,0.4,0.4,0.4,0.4,0.4,0.4,0.4,0.4,0.4,0.4,0.4,0.4,0.4,0.4,0.4,0.4,0.4,0.4,0.4,0.4,0.4,0.4,0.4,0.4,0.4,0.4,0.4,0.4,0.4,0.4,0.4,0.4,0.4,0.4,0.4,0.4,0.4,0.4,0.4,0.4,0.4,0.4,0.4,0.4,0.4,0.4,0.4,0.4,0.4,0.4,0.4,0.4,0.4,0.4,0.4,0.4,0.4,0.4,0.4,0.4,0.4,0.4,0.4,0.4,0.4,0.4
=== SOLUTION STATISTICS ===,,,,,,,,,,,,,,,,,,,,,,,,,,,,,,,,,,,,,,,,,,,,,,,,,,,,,,,,,,,,,,,,,,,,,,,,,,,,,,,,,,,,,
Sortino Ratio (IS aggregate),,,,statistic,Sortino Ratio (IS aggregate) for each solution,4.3841,3.9338,3.8648,3.8061,3.7713,3.7436,3.6917,3.6149,3.6149,3.6149,3.6149,3.5333,3.5278,3.5047,3.4675,3.4471,3.4385,3.3630,3.2075,3.1755,3.1631,3.1344,3.0760,3.0516,3.0265,3.0083,2.9499,2.9174,2.8728,2.8557,2.8385,2.7849,2.7807,2.7380,2.6871,2.6772,2.6575,2.5748,2.5748,2.5733,2.5634,2.5534,2.5534,2.5330,2.5228,2.5168,2.4819,2.4808,2.4652,1.2325,1.1295,1.1217,1.0229,1.0118,0.9366,0.9267,0.8061,0.7717,0.6946,0.6467,0.6436,0.5692,0.5291,0.4880,0.4660,0.4520,0.4374,0.4290,0.3717,0.3035,0.2810,0.2753,0.2583,0.2583,0.2471,0.2166,0.1333,0.1091,0.1089,0.0564
Max Drawdown ($) (IS aggregate),,,,statistic,Max Drawdown ($) (IS aggregate) for each solution,"$9,519.00","$8,946.50","$12,056.50","$9,625.50","$9,095.00","$11,805.00","$12,681.50","$9,530.50","$9,530.50","$9,530.50","$9,530.50","$11,136.50","$12,508.00","$12,508.00","$12,009.50","$10,096.00","$12,009.50","$12,263.00","$11,784.50","$11,743.00","$11,743.00","$9,373.00","$12,140.00","$10,808.50","$11,743.00","$11,884.00","$11,400.50","$17,428.00","$13,701.50","$14,397.50","$10,687.00","$14,026.00","$13,729.50","$16,397.50","$12,904.50","$11,127.00","$14,127.50","$14,192.50","$14,192.50","$14,170.00","$14,170.00","$14,192.50","$14,192.50","$14,192.50","$12,381.00","$14,192.50","$12,381.00","$14,192.50","$14,192.50","$19,926.50","$9,978.00","$22,912.50","$18,398.00","$9,727.50","$9,894.50","$18,951.50","$27,265.50","$10,425.50","$23,617.50","$13,229.50","$22,793.00","$18,879.50","$15,450.50","$12,723.50","$12,407.50","$9,440.00","$12,482.00","$15,450.50","$22,928.50","$12,962.00","$27,317.00","$26,732.50","$15,373.50","$15,373.50","$12,581.50","$31,823.00","$14,693.00","$12,581.50","$15,506.50","$33,238.00"
Profit Factor (IS aggregate),,,,statistic,Profit Factor (IS aggregate) for each solution,1.5254,1.4719,1.5022,1.4596,1.4496,1.4635,1.4660,1.4478,1.4478,1.4478,1.4478,1.4587,1.4592,1.4552,1.4263,1.4794,1.4226,1.4291,1.4330,1.3911,1.3889,1.3600,1.3715,1.3652,1.3732,1.3970,1.4003,1.3396,1.3742,1.3524,1.3473,1.3247,1.3413,1.3169,1.3471,1.3263,1.3393,1.3273,1.3273,1.3086,1.3075,1.3248,1.3248,1.3216,1.3217,1.3198,1.3153,1.3159,1.3161,1.1563,1.1745,1.1134,1.1045,1.1602,1.1477,1.0960,1.1023,1.1180,1.0722,1.0983,1.0673,1.0727,1.0825,1.0726,1.0687,1.0738,1.0645,1.0658,1.0519,1.0448,1.0325,1.0320,1.0376,1.0376,1.0372,1.0227,1.0203,1.0168,1.0165,1.0059
Avg Trades/Day (IS aggregate),,,,statistic,Avg Trades/Day (IS aggregate) for each solution,0.304,0.428,0.405,0.436,0.435,0.319,0.424,0.436,0.436,0.436,0.436,0.435,0.426,0.427,0.446,0.427,0.447,0.439,0.439,0.438,0.438,0.461,0.450,0.466,0.440,0.440,0.445,0.461,0.454,0.455,0.570,0.475,0.479,0.486,0.464,0.474,0.477,0.480,0.480,0.484,0.485,0.484,0.484,0.485,0.478,0.487,0.479,0.488,0.494,0.679,0.473,0.761,0.720,0.475,0.483,0.720,0.760,0.511,0.742,0.587,0.754,0.724,0.589,0.573,0.573,0.469,0.575,0.602,0.740,0.585,0.925,0.917,0.598,0.598,0.585,0.827,0.611,0.592,0.629,0.835
Total Profit ($) (IS aggregate),,,,statistic,Total Profit ($) (IS aggregate) for each solution,"$43,350.00","$48,221.00","$51,099.50","$48,145.00","$46,705.50","$41,176.00","$48,679.50","$47,489.00","$47,489.00","$47,489.00","$47,489.00","$47,923.50","$48,783.00","$48,491.00","$45,285.50","$50,359.00","$45,061.50","$46,920.50","$48,232.00","$42,498.50","$42,291.50","$40,360.50","$42,642.50","$41,492.00","$41,025.50","$43,323.00","$45,027.00","$41,192.50","$44,784.00","$41,442.50","$44,476.50","$38,634.50","$40,813.50","$38,937.00","$42,216.50","$38,550.00","$41,584.00","$40,480.00","$40,480.00","$38,034.50","$38,051.00","$40,407.00","$40,407.00","$40,104.50","$39,119.00","$39,934.00","$38,645.50","$39,468.00","$39,802.00","$24,131.00","$18,068.50","$24,813.00","$22,220.00","$16,870.00","$15,775.50","$20,567.00","$16,929.50","$15,469.00","$16,179.00","$14,996.00","$15,381.50","$11,562.50","$11,869.00","$10,578.50","$10,034.00","$7,905.00","$9,409.00","$9,849.00","$9,176.00","$6,602.50","$8,334.50","$8,098.50","$5,758.50","$5,758.50","$5,521.00","$5,475.50","$3,182.00","$2,547.50","$2,663.00","$1,443.50"
Avg Profit/Trade ($) (IS aggregate),,,,statistic,Avg Profit/Trade ($) (IS aggregate) for each solution,$144.98,$114.27,$128.07,$112.23,$109.13,$131.13,$116.46,$110.70,$110.70,$110.70,$110.70,$111.97,$116.15,$115.18,$103.16,$119.62,$102.41,$108.61,$111.65,$98.60,$98.12,$88.90,$96.26,$90.40,$94.75,$100.05,$102.80,$90.73,$100.19,$92.51,$79.28,$82.55,$86.47,$81.29,$92.38,$82.55,$88.48,$85.58,$85.58,$79.74,$79.60,$84.71,$84.71,$83.90,$83.06,$83.20,$81.88,$82.05,$81.73,$36.07,$38.77,$33.08,$31.34,$36.05,$33.14,$29.01,$22.60,$30.75,$22.13,$25.94,$20.70,$16.22,$20.46,$18.76,$17.79,$17.11,$16.62,$16.61,$12.59,$11.46,$9.15,$8.97,$9.78,$9.78,$9.59,$6.72,$5.29,$4.37,$4.30,$1.76
"Avg Trade Span (min, bar grid) (IS aggregate)",,,,statistic,"Avg Trade Span (min, bar grid) (IS aggregate) for each solution",1022.09,733.41,776.61,722.45,723.60,976.66,740.84,725.21,725.21,725.21,725.21,728.46,739.93,738.29,709.18,742.27,707.67,719.90,724.45,721.24,721.80,684.18,701.88,680.43,718.87,720.81,715.39,687.26,704.35,695.55,565.08,664.91,664.39,653.72,689.20,670.43,671.40,667.43,667.43,658.21,657.93,662.24,662.24,660.96,668.51,658.34,667.86,656.72,650.27,476.03,59.67,448.05,471.59,60.88,59.18,472.16,427.57,66.44,465.57,66.17,458.77,442.55,58.57,57.69,57.20,54.19,57.39,59.27,442.13,57.35,373.65,375.80,60.92,60.92,57.81,418.18,59.20,56.98,60.41,415.61
Max Drawdown ($) (OOS aggregate),,,,statistic,Max Drawdown ($) (OOS aggregate) for each solution,"$13,290.50","$12,633.50","$10,796.00","$10,481.50","$11,072.00","$15,924.50","$9,481.00","$11,236.50","$11,236.50","$11,236.50","$11,236.50","$13,845.50","$12,573.00","$12,316.00","$13,700.00","$14,542.50","$13,575.00","$11,621.50","$15,043.00","$10,781.50","$11,006.50","$12,420.50","$10,799.00","$12,825.00","$12,460.50","$13,765.00","$13,953.50","$15,667.00","$16,667.00","$11,687.00","$24,766.50","$17,270.50","$16,613.00","$14,765.00","$13,285.00","$12,192.00","$17,729.00","$19,601.00","$19,601.00","$18,658.00","$16,313.00","$19,601.00","$19,601.00","$19,304.00","$19,523.50","$17,971.50","$19,160.00","$20,591.50","$19,317.50","$37,002.50","$24,130.00","$16,149.00","$16,513.00","$24,071.00","$28,225.50","$17,013.00","$47,874.50","$33,978.50","$20,670.00","$35,017.00","$19,048.50","$28,849.50","$46,655.50","$34,192.50","$34,995.00","$28,339.50","$35,853.50","$48,546.00","$37,211.50","$38,736.00","$20,209.00","$18,271.50","$42,656.00","$42,803.00","$36,085.50","$18,274.50","$51,055.50","$36,297.50","$50,125.50","$18,274.50"
Profit Factor (OOS aggregate),,,,statistic,Profit Factor (OOS aggregate) for each solution,0.9424,0.9009,0.8858,0.9005,0.9017,1.0181,0.9195,0.9032,0.9032,0.9032,0.9032,0.9201,0.8966,0.8987,0.9303,0.9249,0.9432,0.9201,0.9455,0.9038,0.9119,0.9179,0.9398,0.9271,0.9039,0.9252,0.9455,0.9140,0.9341,0.9272,0.8218,0.8526,0.9240,0.9218,0.9710,0.9662,0.9062,0.8888,0.8888,0.8405,0.8694,0.8888,0.8888,0.8920,0.8932,0.9062,0.8999,0.8763,0.8884,0.7335,0.7539,0.9401,0.9438,0.7706,0.7421,0.9347,0.6706,0.7390,0.9459,0.7627,0.9505,0.7864,0.6597,0.7468,0.7432,0.6906,0.7374,0.6561,0.7569,0.7299,0.9688,0.9803,0.7170,0.7163,0.7462,1.0013,0.6466,0.7408,0.6588,0.9885
Avg Trades/Day (OOS aggregate),,,,statistic,Avg Trades/Day (OOS aggregate) for each solution,0.320,0.443,0.427,0.450,0.451,0.327,0.444,0.453,0.453,0.453,0.453,0.454,0.445,0.446,0.472,0.438,0.472,0.457,0.455,0.455,0.455,0.473,0.465,0.484,0.454,0.454,0.461,0.462,0.451,0.467,0.567,0.498,0.496,0.489,0.465,0.478,0.487,0.490,0.490,0.490,0.491,0.490,0.490,0.493,0.483,0.493,0.484,0.490,0.495,0.684,0.466,0.765,0.734,0.471,0.483,0.730,0.732,0.509,0.748,0.605,0.760,0.721,0.599,0.588,0.588,0.438,0.591,0.603,0.759,0.602,0.937,0.929,0.639,0.639,0.602,0.847,0.608,0.608,0.631,0.854
Total Profit ($) (OOS aggregate),,,,statistic,Total Profit ($) (OOS aggregate) for each solution,"$-3,944.50","$-8,525.00","$-9,670.00","$-8,652.50","$-8,558.50","$1,231.00","$-6,850.50","$-8,595.00","$-8,595.00","$-8,595.00","$-8,595.00","$-7,208.50","$-9,071.50","$-8,884.50","$-6,237.00","$-6,557.50","$-5,019.50","$-7,097.50","$-4,818.50","$-8,594.50","$-7,846.50","$-7,412.00","$-5,219.00","$-6,593.50","$-8,526.00","$-6,734.50","$-4,862.00","$-7,488.00","$-5,611.50","$-6,402.00","$-18,957.50","$-14,461.50","$-7,234.50","$-7,182.00","$-2,551.00","$-2,949.50","$-8,737.50","$-10,379.00","$-10,379.00","$-15,029.00","$-12,253.00","$-10,379.00","$-10,379.00","$-10,082.00","$-9,783.00","$-8,749.50","$-9,201.50","$-11,587.50","$-10,557.50","$-33,050.00","$-23,383.50","$-9,924.50","$-8,963.00","$-22,159.00","$-26,136.50","$-10,499.00","$-46,683.50","$-30,828.50","$-8,929.00","$-33,727.50","$-8,364.50","$-26,128.50","$-47,505.00","$-34,178.50","$-34,777.50","$-28,404.50","$-35,839.50","$-49,395.50","$-32,287.50","$-37,574.50","$-5,740.50","$-3,590.00","$-43,375.50","$-43,522.50","$-34,582.50",$223.00,"$-51,743.00","$-35,611.50","$-50,813.00","$-2,033.50"
Avg Profit/Trade ($) (OOS aggregate),,,,statistic,Avg Profit/Trade ($) (OOS aggregate) for each solution,$-15.00,$-23.42,$-27.55,$-23.39,$-23.07,$4.58,$-18.77,$-23.10,$-23.10,$-23.10,$-23.10,$-19.33,$-24.79,$-24.21,$-16.07,$-18.22,$-12.94,$-18.88,$-12.88,$-22.98,$-20.98,$-19.05,$-13.66,$-16.57,$-22.86,$-18.05,$-12.83,$-19.71,$-15.13,$-16.67,$-40.68,$-35.36,$-17.73,$-17.87,$-6.68,$-7.51,$-21.84,$-25.75,$-25.75,$-37.29,$-30.33,$-25.75,$-25.75,$-24.89,$-24.64,$-21.60,$-23.12,$-28.75,$-25.94,$-58.81,$-61.05,$-15.78,$-14.86,$-57.26,$-65.84,$-17.50,$-77.55,$-73.75,$-14.52,$-67.86,$-13.38,$-44.06,$-96.55,$-70.76,$-72.00,$-78.90,$-73.74,$-99.59,$-51.74,$-75.91,$-7.46,$-4.70,$-82.62,$-82.90,$-69.86,$0.32,$-103.49,$-71.22,$-97.91,$-2.90
"Avg Trade Span (min, bar grid) (OOS aggregate)",,,,statistic,"Avg Trade Span (min, bar grid) (OOS aggregate) for each solution",91.83,66.67,67.73,65.46,65.47,90.92,65.93,66.59,66.59,66.59,66.59,71.14,67.30,67.23,64.73,71.75,64.68,65.18,70.09,66.57,67.23,64.15,64.17,63.26,67.34,71.41,69.78,62.96,68.68,64.49,56.86,65.67,63.02,62.72,73.17,65.56,67.67,66.13,66.13,61.30,61.53,66.13,66.13,66.01,65.86,66.23,65.99,65.92,65.91,51.99,51.61,78.44,81.62,53.01,52.70,82.66,67.37,64.66,83.77,66.18,85.15,45.51,57.28,57.39,56.94,50.36,56.95,58.19,51.38,57.29,68.60,68.35,58.60,58.56,57.82,79.73,58.30,56.85,59.39,80.11
Derived Trailing Delay (bars from minutes/timeframe),,,,statistic,"Effective trailing delay in bars using the active GA gene (minutes when optimizable, else bars).",1,1,1,1,1,1,1,1,1,1,1,1,1,1,1,1,1,1,1,1,1,1,1,1,1,1,1,1,1,1,1,1,1,1,1,1,1,1,1,1,1,1,1,1,1,1,1,1,1,1,1,1,1,1,1,1,1,1,1,1,1,1,1,1,1,1,1,1,1,1,1,1,1,1,1,1,1,1,1,1
Derived RSI filter (effective entry gates),,,,statistic,"Trend: long if RSI < Max Buy, short if RSI > Min Sell. Bollinger: mean-reversion long if RSI < Oversold, short if RSI > Overbought.",filter off (RSI not applied to entries),filter off (RSI not applied to entries),filter off (RSI not applied to entries),filter off (RSI not applied to entries),filter off (RSI not applied to entries),filter off (RSI not applied to entries),filter off (RSI not applied to entries),filter off (RSI not applied to entries),filter off (RSI not applied to entries),filter off (RSI not applied to entries),filter off (RSI not applied to entries),filter off (RSI not applied to entries),filter off (RSI not applied to entries),filter off (RSI not applied to entries),filter off (RSI not applied to entries),filter off (RSI not applied to entries),filter off (RSI not applied to entries),filter off (RSI not applied to entries),filter off (RSI not applied to entries),filter off (RSI not applied to entries),filter off (RSI not applied to entries),filter off (RSI not applied to entries),filter off (RSI not applied to entries),filter off (RSI not applied to entries),filter off (RSI not applied to entries),filter off (RSI not applied to entries),filter off (RSI not applied to entries),filter off (RSI not applied to entries),filter off (RSI not applied to entries),filter off (RSI not applied to entries),filter off (RSI not applied to entries),filter off (RSI not applied to entries),filter off (RSI not applied to entries),filter off (RSI not applied to entries),filter off (RSI not applied to entries),filter off (RSI not applied to entries),filter off (RSI not applied to entries),filter off (RSI not applied to entries),filter off (RSI not applied to entries),filter off (RSI not applied to entries),filter off (RSI not applied to entries),filter off (RSI not applied to entries),filter off (RSI not applied to entries),filter off (RSI not applied to entries),filter off (RSI not applied to entries),filter off (RSI not applied to entries),filter off (RSI not applied to entries),filter off (RSI not applied to entries),filter off (RSI not applied to entries),filter off (RSI not applied to entries),filter off (RSI not applied to entries),filter off (RSI not applied to entries),filter off (RSI not applied to entries),filter off (RSI not applied to entries),filter off (RSI not applied to entries),filter off (RSI not applied to entries),filter off (RSI not applied to entries),filter off (RSI not applied to entries),filter off (RSI not applied to entries),filter off (RSI not applied to entries),filter off (RSI not applied to entries),filter off (RSI not applied to entries),filter off (RSI not applied to entries),filter off (RSI not applied to entries),filter off (RSI not applied to entries),filter off (RSI not applied to entries),filter off (RSI not applied to entries),filter off (RSI not applied to entries),filter off (RSI not applied to entries),filter off (RSI not applied to entries),filter off (RSI not applied to entries),filter off (RSI not applied to entries),filter off (RSI not applied to entries),filter off (RSI not applied to entries),filter off (RSI not applied to entries),filter off (RSI not applied to entries),filter off (RSI not applied to entries),filter off (RSI not applied to entries),filter off (RSI not applied to entries),filter off (RSI not applied to entries)
Solution Rank,,,,statistic,Rank by Sortino (0 = highest),#0 (SELECTED),#1,#2,#3,#4,#5,#6,#7,#8,#9,#10,#11,#12,#13,#14,#15,#16,#17,#18,#19,#20,#21,#22,#23,#24,#25,#26,#27,#28,#29,#30,#31,#32,#33,#34,#35,#36,#37,#38,#39,#40,#41,#42,#43,#44,#45,#46,#47,#48,#49,#50,#51,#52,#53,#54,#55,#56,#57,#58,#59,#60,#61,#62,#63,#64,#65,#66,#67,#68,#69,#70,#71,#72,#73,#74,#75,#76,#77,#78,#79
"--- GA FITNESS VECTOR (normalized, per DEAP) ---",,,,,,,,,,,,,,,,,,,,,,,,,,,,,,,,,,,,,,,,,,,,,,,,,,,,,,,,,,,,,,,,,,,,,,,,,,,,,,,,,,,,,
Fitness[0] norm Sortino obj,,,,statistic,Normalized objective after penalties; see Sortino row for raw IS aggregate,0.164404,0.146242,0.144930,0.142695,0.140069,0.140384,0.138438,0.135557,0.135557,0.135557,0.135557,0.132499,0.132294,0.131425,0.130031,0.129268,0.128944,0.126113,0.120280,0.119081,0.118617,0.115062,0.115342,0.114433,0.113492,0.112813,0.110623,0.109402,0.107729,0.107089,0.106444,0.104433,0.104278,0.102677,0.100765,0.100394,0.099655,0.096556,0.096556,0.096498,0.096128,0.095752,0.095752,0.094987,0.094605,0.094381,0.093071,0.093031,0.092446,0.046219,0.039898,0.016941,0.026960,0.037622,0.033306,0.025880,0.030229,0.026827,0.021084,0.024252,0.020022,0.020394,0.019840,0.018299,0.017474,0.015964,0.016404,0.016089,0.013940,0.011381,-0.009251,-0.009966,0.009687,0.009687,0.009267,0.000048,0.005001,0.004093,0.004085,-0.006249
Fitness[1] norm DD obj,,,,statistic,Normalized objective after penalties; see Sortino row for raw IS aggregate,0.118988,0.112943,0.150706,0.120347,0.114873,0.147563,0.158519,0.119131,0.119131,0.119131,0.119131,0.139206,0.156350,0.156350,0.150119,0.126200,0.150119,0.153287,0.147306,0.146788,0.146788,0.119381,0.151755,0.135106,0.146788,0.148550,0.142506,0.217850,0.171269,0.179969,0.133587,0.175325,0.171619,0.204969,0.161306,0.139087,0.176594,0.177406,0.177406,0.177125,0.177125,0.177406,0.177406,0.177406,0.154763,0.177406,0.154763,0.177406,0.177406,0.249081,0.127083,0.310514,0.240954,0.121901,0.125436,0.245466,0.340819,0.132371,0.300056,0.165369,0.288930,0.236923,0.193131,0.159044,0.155094,0.118970,0.156025,0.193131,0.286606,0.162025,0.361044,0.354239,0.192169,0.192169,0.157269,0.405797,0.183663,0.157269,0.193831,0.423822
Fitness[2] norm PF obj,,,,statistic,Normalized objective after penalties; see Sortino row for raw IS aggregate,0.183050,0.175319,0.180266,0.175118,0.172559,0.175620,0.175921,0.173733,0.173733,0.173733,0.173733,0.175039,0.175109,0.174629,0.171153,0.177528,0.170718,0.171494,0.171961,0.166935,0.166673,0.160618,0.164570,0.163827,0.164786,0.167637,0.168041,0.160750,0.164903,0.162285,0.161677,0.158967,0.160951,0.158029,0.161649,0.159150,0.160712,0.159277,0.159277,0.157031,0.156898,0.158979,0.158979,0.158593,0.158604,0.158377,0.157831,0.157903,0.157934,0.138752,0.138252,0.106280,0.120109,0.138872,0.135722,0.121819,0.132275,0.131835,0.123207,0.131801,0.123539,0.127681,0.129903,0.128716,0.128242,0.127757,0.127735,0.127901,0.126230,0.125375,0.101890,0.101268,0.124510,0.124510,0.124459,0.113734,0.122432,0.122017,0.121975,0.111350
Fitness[3] norm Trades obj,,,,statistic,Normalized objective after penalties; see Sortino row for raw IS aggregate,0.101184,0.141697,0.135025,0.145149,0.143654,0.106261,0.141455,0.145178,0.145178,0.145178,0.145178,0.144839,0.142132,0.142470,0.148562,0.142470,0.148900,0.146193,0.146193,0.145854,0.145854,0.151419,0.149910,0.155330,0.146531,0.146531,0.148223,0.153638,0.151269,0.151607,0.189848,0.158376,0.159729,0.162098,0.154653,0.158037,0.159052,0.160068,0.160068,0.161421,0.161760,0.161421,0.161421,0.161760,0.159391,0.162437,0.159729,0.162775,0.164805,0.226396,0.155340,0.229700,0.228953,0.158068,0.159328,0.231360,0.253469,0.168168,0.242540,0.195601,0.247421,0.240356,0.196277,0.190863,0.190863,0.155375,0.191540,0.200677,0.246701,0.194924,0.288709,0.285501,0.199323,0.199323,0.194924,0.267794,0.203723,0.197293,0.209814,0.269825
Fitness[4] norm PnL obj,,,,statistic,Normalized objective after penalties; see Sortino row for raw IS aggregate,0.289000,0.320362,0.340663,0.320938,0.310185,0.274507,0.324530,0.316593,0.316593,0.316593,0.316593,0.319490,0.325220,0.323273,0.301903,0.335727,0.300410,0.312803,0.321547,0.283323,0.281943,0.266851,0.284278,0.276613,0.273503,0.288820,0.300180,0.274617,0.298560,0.276283,0.296510,0.257563,0.272090,0.259580,0.281443,0.257000,0.277227,0.269867,0.269867,0.253563,0.253673,0.269380,0.269380,0.267363,0.260793,0.266227,0.257637,0.263120,0.265347,0.160873,0.118098,0.141313,0.137154,0.112159,0.103415,0.128541,0.112863,0.101074,0.103023,0.099973,0.098526,0.076154,0.079127,0.070523,0.066893,0.051730,0.062727,0.065660,0.061173,0.044017,0.035982,0.033907,0.038390,0.038390,0.036807,0.028494,0.021213,0.016983,0.017753,0.001276
Fitness[5] norm PPT obj,,,,statistic,Normalized objective after penalties; see Sortino row for raw IS aggregate,1.000000,0.998889,1.000000,0.999972,0.998815,1.000000,1.000000,1.000000,1.000000,1.000000,1.000000,1.000000,1.000000,1.000000,1.000000,1.000000,1.000000,1.000000,1.000000,0.986044,0.981241,0.886779,0.962579,0.903965,0.947471,1.000000,1.000000,0.907324,1.000000,0.925056,0.792807,0.825524,0.864693,0.812881,0.923775,0.825482,0.884766,0.855814,0.855814,0.797369,0.796046,0.847107,0.847107,0.839006,0.830552,0.831958,0.818761,0.820541,0.817290,0.360703,0.385378,0.306733,0.302420,0.360163,0.329663,0.281513,0.226028,0.305483,0.216490,0.259446,0.203001,0.161237,0.204638,0.187562,0.177908,0.170134,0.166237,0.166088,0.125871,0.114627,0.071906,0.069602,0.097767,0.097767,0.095851,0.059174,0.052857,0.043696,0.042952,0.009214
--- ROBUSTNESS EVALUATION ---,,,,,,,,,,,,,,,,,,,,,,,,,,,,,,,,,,,,,,,,,,,,,,,,,,,,,,,,,,,,,,,,,,,,,,,,,,,,,,,,,,,,,
Aggregate IS Sortino,,,,robustness,,4.3841,3.9338,3.8648,3.8061,3.7713,3.7436,3.6917,3.6149,3.6149,3.6149,3.6149,3.5333,3.5278,3.5047,3.4675,3.4471,3.4385,3.3630,3.2075,3.1755,3.1631,3.1344,3.0760,3.0516,3.0265,3.0083,2.9499,2.9174,2.8728,2.8557,2.8385,2.7849,2.7807,2.7380,2.6871,2.6772,2.6575,2.5748,2.5748,2.5733,2.5634,2.5534,2.5534,2.5330,2.5228,2.5168,2.4819,2.4808,2.4652,1.2325,1.1295,1.1217,1.0229,1.0118,0.9366,0.9267,0.8061,0.7717,0.6946,0.6467,0.6436,0.5692,0.5291,0.4880,0.4660,0.4520,0.4374,0.4290,0.3717,0.3035,0.2810,0.2753,0.2583,0.2583,0.2471,0.2166,0.1333,0.1091,0.1089,0.0564
Aggregate OOS Sortino,,,,robustness,,-0.4967,-0.8998,-1.0290,-0.8922,-0.8884,0.1538,-0.7226,-0.8533,-0.8533,-0.8533,-0.8533,-0.6755,-0.9111,-0.8899,-0.5926,-0.6259,-0.4809,-0.7067,-0.4476,-0.8565,-0.7813,-0.7331,-0.5302,-0.6185,-0.8465,-0.6307,-0.4483,-0.7935,-0.5425,-0.6350,-1.6263,-1.3500,-0.6868,-0.7029,-0.2462,-0.2832,-0.7660,-0.9050,-0.9050,-1.4096,-1.1379,-0.9050,-0.9050,-0.8757,-0.8600,-0.7592,-0.8068,-1.0119,-0.9122,-2.3733,-1.9123,-0.6021,-0.5476,-1.7847,-2.0402,-0.6267,-2.9810,-2.1168,-0.4884,-1.9803,-0.4513,-1.7199,-2.9018,-2.0657,-2.1135,-2.4564,-2.1594,-2.9571,-2.0140,-2.2357,-0.2969,-0.1871,-2.3106,-2.3152,-2.0816,0.0123,-3.0628,-2.1233,-2.8992,-0.1114
Sortino IS-to-OOS Degradation,,,,robustness,,111.33%,122.87%,126.62%,123.44%,123.56%,95.89%,119.57%,123.61%,123.61%,123.61%,123.61%,119.12%,125.83%,125.39%,117.09%,118.16%,113.99%,121.01%,113.95%,126.97%,124.70%,123.39%,117.24%,120.27%,127.97%,120.97%,115.20%,127.20%,118.88%,122.24%,157.29%,148.48%,124.70%,125.67%,109.16%,110.58%,128.82%,135.15%,135.15%,154.78%,144.39%,135.44%,135.44%,134.57%,134.09%,130.16%,132.51%,140.79%,137.00%,292.56%,269.30%,153.68%,153.53%,276.40%,317.84%,167.63%,469.80%,374.30%,170.32%,406.20%,170.12%,402.19%,648.46%,523.31%,553.55%,643.43%,593.64%,789.22%,641.78%,836.62%,205.66%,167.96%,994.46%,996.27%,942.33%,94.33%,2396.84%,2045.38%,2761.69%,297.41%
Positive OOS Splits,,,,robustness,,1/5,0/5,0/5,0/5,1/5,2/5,0/5,0/5,0/5,0/5,0/5,1/5,0/5,0/5,1/5,1/5,1/5,2/5,1/5,0/5,0/5,1/5,1/5,1/5,0/5,1/5,1/5,2/5,1/5,1/5,1/5,2/5,2/5,2/5,2/5,1/5,1/5,1/5,1/5,1/5,1/5,1/5,1/5,1/5,1/5,1/5,1/5,1/5,1/5,0/5,2/5,2/5,2/5,2/5,2/5,2/5,0/5,1/5,1/5,0/5,2/5,0/5,0/5,0/5,0/5,0/5,0/5,0/5,1/5,0/5,2/5,2/5,1/5,1/5,1/5,3/5,0/5,0/5,0/5,3/5
Live-Ready Robustness Score,,,,robustness,,8.0,0.0,0.0,0.0,8.0,18.1,0.0,0.0,0.0,0.0,0.0,8.0,0.0,0.0,8.0,8.0,8.0,16.0,8.0,0.0,0.0,8.0,8.0,8.0,0.0,8.0,8.0,16.0,8.0,8.0,8.0,16.0,16.0,16.0,16.0,8.0,8.0,8.0,8.0,8.0,8.0,8.0,8.0,8.0,8.0,8.0,8.0,8.0,8.0,0.0,16.0,16.0,16.0,16.0,16.0,16.0,0.0,8.0,8.0,0.0,16.0,0.0,0.0,0.0,0.0,0.0,0.0,0.0,8.0,0.0,16.0,16.0,8.0,8.0,8.0,25.2,0.0,0.0,0.0,24.0
--- PER-SPLIT DETAIL (In-Sample) ---,,,,,,,,,,,,,,,,,,,,,,,,,,,,,,,,,,,,,,,,,,,,,,,,,,,,,,,,,,,,,,,,,,,,,,,,,,,,,,,,,,,,,
  Sortino (P1),,,,split_detail,,13.6312,12.5867,9.6334,11.5253,12.3540,10.7018,9.2814,11.6794,11.6794,11.6794,11.6794,11.9060,9.0391,9.0391,13.8658,9.4872,13.8658,8.8823,8.7305,9.9508,9.9078,12.8820,9.3338,13.4744,10.1014,9.1402,8.3461,7.7974,7.8069,8.1194,10.7552,9.8796,9.5606,8.6866,8.9270,11.2257,8.5681,8.4994,8.4994,8.7999,8.9663,8.4994,8.4994,8.4994,9.0880,8.4994,9.2098,8.3778,8.4719,7.2901,2.7737,5.4469,6.8449,2.6781,2.6781,6.4526,4.4633,1.7208,6.3154,0.4654,5.6221,4.3426,0.4430,2.4971,2.7939,0.7577,2.7939,0.6450,3.0792,1.9087,2.7311,2.9084,0.5386,0.5386,1.2504,5.3926,0.2742,0.1205,0.2476,4.8439
  Trades/D (P1),,,,split_detail,,0.283,0.464,0.428,0.476,0.476,0.301,0.470,0.476,0.476,0.476,0.476,0.476,0.470,0.470,0.482,0.452,0.482,0.482,0.482,0.482,0.482,0.506,0.482,0.500,0.482,0.482,0.488,0.512,0.500,0.494,0.602,0.518,0.494,0.524,0.488,0.500,0.518,0.524,0.524,0.524,0.524,0.524,0.524,0.524,0.506,0.524,0.512,0.524,0.530,0.729,0.428,0.747,0.699,0.428,0.428,0.699,0.777,0.476,0.735,0.530,0.759,0.765,0.506,0.512,0.512,0.416,0.512,0.512,0.813,0.518,0.994,0.982,0.548,0.548,0.518,0.880,0.530,0.530,0.554,0.892
  Profit Fac (P1),,,,split_detail,,2.8779,2.5473,2.3105,2.4607,2.5247,2.5157,2.2406,2.4853,2.4853,2.4853,2.4853,2.6050,2.2339,2.2339,2.7929,2.6383,2.7929,2.2196,2.3132,2.2395,2.2342,2.5495,2.2711,2.7232,2.2659,2.2760,2.3464,1.9494,2.1559,2.1031,2.4187,2.2358,2.1863,2.0146,2.3680,2.5680,2.2007,2.1956,2.1956,2.1158,2.1475,2.1956,2.1956,2.1956,2.3138,2.1956,2.3472,2.1785,2.2055,2.0073,1.4445,1.6480,1.8628,1.4219,1.4219,1.8210,1.6234,1.2486,1.8156,1.0736,1.7127,1.5675,1.0713,1.3903,1.4299,1.1415,1.4299,1.1050,1.4831,1.2944,1.3299,1.3549,1.0764,1.0764,1.2019,1.6753,1.0428,1.0201,1.0387,1.5866
  Max DD (P1),,,,split_detail,,"$9,519.00","$8,946.50","$12,056.50","$9,625.50","$9,095.00","$11,805.00","$12,681.50","$9,530.50","$9,530.50","$9,530.50","$9,530.50","$8,582.00","$12,508.00","$12,508.00","$9,223.00","$10,096.00","$9,223.00","$12,263.00","$11,784.50","$11,743.00","$11,743.00","$9,373.00","$12,140.00","$9,223.00","$11,743.00","$11,884.00","$11,400.50","$17,428.00","$13,701.50","$14,397.50","$10,687.00","$13,062.50","$13,729.50","$16,397.50","$11,776.50","$10,312.50","$14,127.50","$14,192.50","$14,192.50","$14,170.00","$14,170.00","$14,192.50","$14,192.50","$14,192.50","$12,381.00","$14,192.50","$12,381.00","$14,192.50","$14,192.50","$12,638.00","$6,730.00","$22,912.50","$17,821.00","$5,360.00","$5,360.00","$18,951.50","$16,705.50","$9,897.00","$20,361.50","$10,604.50","$22,793.00","$18,879.50","$9,397.00","$6,215.50","$6,215.50","$9,440.00","$6,215.50","$9,397.00","$22,928.50","$6,215.50","$27,317.00","$26,732.50","$8,701.00","$8,701.00","$7,332.00","$19,919.00","$10,798.50","$9,503.50","$10,884.00","$21,988.00"
  Total PNL (P1),,,,split_detail,,"$35,177.50","$36,096.00","$34,244.00","$35,275.00","$35,887.00","$32,161.50","$33,094.50","$35,514.00","$35,514.00","$35,514.00","$35,514.00","$36,691.00","$33,347.50","$33,347.50","$38,564.00","$37,372.00","$38,564.00","$33,316.50","$35,125.00","$32,624.00","$32,483.00","$36,471.50","$34,204.50","$38,624.50","$33,199.00","$33,655.50","$34,959.00","$30,245.50","$33,003.50","$32,173.00","$37,176.50","$34,680.50","$33,258.50","$31,466.00","$36,247.50","$37,270.00","$33,604.50","$33,539.50","$33,539.50","$31,826.50","$32,504.00","$33,539.50","$33,539.50","$33,539.50","$34,473.00","$33,539.50","$35,351.00","$33,059.50","$33,815.00","$33,723.50","$7,922.00","$27,749.50","$32,983.50","$7,045.00","$7,045.00","$32,108.00","$25,393.50","$6,347.00","$32,141.00","$2,124.50","$29,903.50","$21,846.00","$1,877.00","$9,202.00","$9,855.50","$2,896.00","$9,855.50","$2,765.50","$21,718.50","$6,767.50","$18,862.50","$19,918.00","$1,951.50","$1,951.50","$4,997.50","$31,611.50","$1,194.50",$586.50,"$1,109.00","$28,994.50"
  Avg Profit/Tr (P1),,,,split_detail,,$748.46,$468.78,$482.31,$446.52,$454.27,$643.23,$424.29,$449.54,$449.54,$449.54,$449.54,$464.44,$427.53,$427.53,$482.05,$498.29,$482.05,$416.46,$439.06,$407.80,$406.04,$434.18,$427.56,$465.36,$414.99,$420.69,$431.59,$355.83,$397.63,$392.35,$371.76,$403.26,$405.59,$361.68,$447.50,$449.04,$390.75,$385.51,$385.51,$365.82,$373.61,$385.51,$385.51,$385.51,$410.39,$385.51,$415.89,$379.99,$384.26,$278.71,$111.58,$223.79,$284.34,$99.23,$99.23,$276.79,$196.85,$80.34,$263.45,$24.14,$237.33,$172.02,$22.35,$108.26,$115.95,$41.97,$115.95,$32.54,$160.88,$78.69,$114.32,$122.20,$21.45,$21.45,$58.11,$216.52,$13.57,$6.66,$12.05,$195.91
  Span (min) (P1),,,,split_detail,,6054.26,3718.27,4032.10,3627.15,3626.35,5692.26,3673.65,3627.42,3627.42,3627.42,3627.42,3629.90,3674.10,3674.10,3580.41,3824.43,3580.41,3582.34,3588.64,3581.46,3582.16,3411.67,3582.16,3452.86,3582.34,3584.18,3543.99,3370.29,3461.12,3496.07,2871.89,3329.23,3487.02,3292.01,3543.64,3453.19,3339.41,3301.10,3301.10,3296.11,3297.00,3301.10,3301.10,3301.10,3415.83,3301.10,3377.29,3300.78,3263.83,2374.16,64.61,2332.92,2493.81,62.75,62.75,2494.47,2227.63,72.41,2386.08,71.25,2311.94,2259.46,59.06,60.44,60.05,56.59,60.05,61.60,2137.44,58.97,1768.92,1789.29,63.58,63.58,59.48,1996.87,60.75,59.88,65.52,1971.07
  Sortino (P3),,,,split_detail,,1.6103,0.5434,2.3505,0.7478,0.7478,2.1117,1.1981,1.3256,1.3256,1.3256,1.3256,0.5944,1.6751,1.6751,0.7204,0.6505,0.4525,1.9079,0.5364,1.1070,1.0358,0.4166,0.6412,-0.6707,0.6084,0.3998,0.2243,-0.9611,-0.9206,0.3326,1.2268,3.3604,0.0866,-1.1832,-1.0701,-0.6552,-1.6895,-1.6895,-1.6895,-0.9128,-0.7928,-1.6895,-1.6895,-1.6895,-0.6947,-1.6895,-1.6895,-1.5232,-1.6322,1.0052,-4.1519,-3.8586,-2.9102,-2.5046,-2.5378,-2.9621,3.6074,-1.7981,-3.1374,-3.0108,-3.1374,0.3841,-3.6311,-2.6990,-2.9957,-2.5509,-2.9408,-3.6311,-1.2476,-3.2640,-0.8030,-0.8030,-3.3240,-3.3240,-3.1559,-3.2778,-3.3421,-3.1559,-3.4961,-3.2778
  Trades/D (P3),,,,split_detail,,0.262,0.360,0.341,0.372,0.372,0.293,0.360,0.372,0.372,0.372,0.372,0.372,0.360,0.360,0.390,0.360,0.396,0.366,0.366,0.372,0.372,0.378,0.390,0.402,0.372,0.372,0.378,0.384,0.384,0.396,0.500,0.402,0.409,0.415,0.396,0.421,0.421,0.421,0.421,0.421,0.421,0.421,0.421,0.421,0.415,0.421,0.421,0.421,0.433,0.524,0.482,0.695,0.634,0.488,0.500,0.634,0.726,0.512,0.640,0.591,0.640,0.591,0.598,0.579,0.579,0.476,0.579,0.598,0.585,0.591,0.750,0.750,0.585,0.585,0.591,0.707,0.604,0.591,0.628,0.707
  Profit Fac (P3),,,,split_detail,,1.1536,1.0496,1.2346,1.0687,1.0687,1.2252,1.1128,1.1265,1.1265,1.1265,1.1265,1.0594,1.1626,1.1626,1.0689,1.0660,1.0446,1.1824,1.0534,1.1085,1.1002,1.0363,1.0616,0.9337,1.0596,1.0391,1.0219,0.9240,0.9098,1.0322,1.1070,1.3030,1.0073,0.9080,0.8901,0.9325,0.8324,0.8324,0.8324,0.9090,0.9227,0.8324,0.8324,0.8324,0.9314,0.8324,0.8324,0.8461,0.8351,1.1018,0.5230,0.6667,0.7588,0.6950,0.6895,0.7552,1.4362,0.7861,0.7189,0.6454,0.7189,1.0375,0.5361,0.6602,0.6363,0.6822,0.6409,0.5361,0.8800,0.6102,0.9266,0.9266,0.6061,0.6061,0.6151,0.7096,0.5686,0.6151,0.5532,0.7096
  Max DD (P3),,,,split_detail,,"$3,419.50","$1,854.00","$2,119.00","$2,610.50","$2,610.50","$3,242.50","$2,610.50","$2,875.50","$2,875.50","$2,875.50","$2,875.50","$2,742.00","$2,875.50","$2,875.50","$2,875.50","$2,431.50","$2,551.00","$1,923.50","$2,022.50","$2,875.50","$2,875.50","$1,753.00","$1,753.00","$1,923.50","$2,546.50","$2,742.00","$2,022.50","$2,928.00","$3,062.50","$1,923.50","$2,999.00","$3,176.00","$2,577.00","$2,656.00","$3,873.50","$2,120.50","$2,901.50","$2,901.50","$2,901.50","$2,104.50","$2,299.50","$2,901.50","$2,901.50","$2,901.50","$2,548.00","$2,901.50","$2,901.50","$2,776.00","$2,966.50","$2,743.00","$8,368.00","$12,023.50","$10,128.00","$7,788.00","$7,918.00","$10,240.00","$2,151.00","$6,275.00","$10,460.50","$10,849.00","$10,460.50","$3,229.50","$12,796.00","$8,408.50","$9,179.00","$6,394.50","$9,017.50","$12,796.00","$3,210.00","$10,081.00","$5,920.00","$5,920.00","$11,200.00","$11,200.00","$9,947.00","$11,698.50","$12,038.50","$9,947.00","$12,852.00","$11,698.50"
  Total PNL (P3),,,,split_detail,,"$1,315.50",$450.00,"$1,946.00",$675.50,$675.50,"$1,911.50","$1,064.50","$1,208.50","$1,208.50","$1,208.50","$1,208.50",$589.00,"$1,505.50","$1,505.50",$683.00,$644.00,$459.00,"$1,552.50",$515.50,"$1,012.50",$943.00,$331.00,$606.50,$-694.50,$588.50,$393.50,$218.50,$-861.00,"$-1,048.50",$334.00,"$1,199.00","$2,657.00",$75.00,"$-1,000.00","$-1,387.50",$-768.50,"$-2,107.00","$-2,107.00","$-2,107.00","$-1,036.50",$-896.50,"$-2,107.00","$-2,107.00","$-2,107.00",$-774.00,"$-2,107.00","$-2,107.00","$-1,911.50","$-2,083.50","$1,198.50","$-7,993.00","$-8,985.00","$-5,813.00","$-4,976.00","$-5,106.00","$-5,925.00","$5,793.50","$-3,943.50","$-7,021.50","$-8,508.00","$-7,021.50",$514.50,"$-10,792.50","$-7,436.50","$-8,207.00","$-5,133.00","$-8,045.50","$-10,792.50","$-1,765.00","$-9,174.00","$-1,779.00","$-1,779.00","$-9,379.50","$-9,379.50","$-9,040.00","$-8,024.00","$-10,035.00","$-9,040.00","$-10,848.50","$-8,024.00"
  Avg Profit/Tr (P3),,,,split_detail,,$30.59,$7.63,$34.75,$11.07,$11.07,$39.82,$18.04,$19.81,$19.81,$19.81,$19.81,$9.66,$25.52,$25.52,$10.67,$10.92,$7.06,$25.88,$8.59,$16.60,$15.46,$5.34,$9.48,$-10.52,$9.65,$6.45,$3.52,$-13.67,$-16.64,$5.14,$14.62,$40.26,$1.12,$-14.71,$-21.35,$-11.14,$-30.54,$-30.54,$-30.54,$-15.02,$-12.99,$-30.54,$-30.54,$-30.54,$-11.38,$-30.54,$-30.54,$-27.70,$-29.35,$13.94,$-101.18,$-78.82,$-55.89,$-62.20,$-62.27,$-56.97,$48.68,$-46.95,$-66.87,$-87.71,$-66.87,$5.30,$-110.13,$-78.28,$-86.39,$-65.81,$-84.69,$-110.13,$-18.39,$-94.58,$-14.46,$-14.46,$-97.70,$-97.70,$-93.20,$-69.17,$-101.36,$-93.20,$-105.33,$-69.17
  Span (min) (P3),,,,split_detail,,97.67,70.24,79.88,69.89,69.89,95.08,71.42,80.56,80.56,80.56,80.56,78.95,78.19,78.19,78.20,85.54,77.65,71.63,75.48,76.77,78.15,64.02,68.80,73.18,79.07,79.64,77.90,75.67,78.78,71.51,72.22,73.08,77.84,70.41,80.23,75.07,77.20,77.20,77.20,73.25,76.80,77.20,77.20,77.20,75.35,77.20,77.20,76.59,77.00,61.13,55.28,86.33,90.73,58.16,57.01,90.87,60.82,61.02,94.87,63.73,94.87,50.95,50.40,55.93,55.46,49.50,55.58,50.40,57.39,55.00,72.56,72.56,59.70,59.70,55.68,79.96,50.78,55.68,52.44,79.96
  Sortino (P5),,,,split_detail,,-0.2769,1.3743,2.2626,1.6742,1.0151,-0.7930,1.9608,0.9055,0.9055,0.9055,0.9055,-0.0270,1.3905,1.3905,-0.0337,0.8006,-0.0337,1.5351,0.8666,0.3563,0.5028,0.8189,2.2908,0.2891,0.2813,0.0434,0.6007,2.3672,0.9760,2.2440,1.0770,0.5205,0.8104,1.2008,0.6856,0.1545,-0.0548,-0.0548,-0.0548,0.4052,0.4805,0.0943,0.0943,0.0943,0.0272,0.0943,0.0943,0.0272,0.0943,-1.0130,0.5084,2.5158,1.1766,0.2652,0.2652,1.1889,-0.6501,-0.4222,1.7708,0.6134,1.6385,-1.5343,1.1293,-0.2531,-0.4359,-0.3291,-0.4121,0.6979,-1.2070,-0.2713,0.8957,1.1257,-0.0616,-0.0616,-0.0691,1.3902,0.4554,-0.0805,0.3772,1.0634
  Trades/D (P5),,,,split_detail,,0.390,0.524,0.500,0.530,0.524,0.390,0.518,0.530,0.530,0.530,0.530,0.524,0.518,0.518,0.537,0.530,0.537,0.518,0.518,0.524,0.524,0.537,0.524,0.543,0.524,0.524,0.530,0.530,0.530,0.530,0.659,0.585,0.567,0.567,0.561,0.555,0.549,0.549,0.549,0.555,0.555,0.555,0.555,0.555,0.555,0.555,0.555,0.555,0.555,0.787,0.470,0.823,0.811,0.470,0.482,0.811,0.884,0.549,0.799,0.671,0.805,0.823,0.652,0.652,0.652,0.518,0.659,0.665,0.848,0.671,1.037,1.024,0.634,0.634,0.671,0.848,0.677,0.677,0.701,0.860
  Profit Fac (P5),,,,split_detail,,0.9690,1.1555,1.2627,1.1917,1.1149,0.9169,1.2288,1.1026,1.1026,1.1026,1.1026,0.9967,1.1614,1.1614,0.9963,1.0974,0.9963,1.1771,1.1089,1.0400,1.0565,1.0912,1.2704,1.0322,1.0315,1.0053,1.0736,1.2918,1.1184,1.2684,1.1258,1.0577,1.0978,1.1444,1.0851,1.0172,0.9935,0.9935,0.9935,1.0448,1.0531,1.0112,1.0112,1.0112,1.0032,1.0112,1.0112,1.0032,1.0112,0.8781,1.1002,1.2559,1.1165,1.0518,1.0521,1.1180,0.9193,0.9305,1.1866,1.1084,1.1733,0.8170,1.1935,0.9590,0.9294,0.9429,0.9347,1.1128,0.8393,0.9562,1.1019,1.1307,0.9894,0.9894,0.9885,1.1441,1.0714,0.9866,1.0583,1.1076
  Max DD (P5),,,,split_detail,,"$8,616.00","$8,154.00","$8,089.00","$8,154.00","$8,960.00","$10,836.00","$8,089.00","$8,738.00","$8,738.00","$8,738.00","$8,738.00","$11,136.50","$8,673.00","$8,673.00","$12,009.50","$9,319.00","$12,009.50","$8,673.00","$9,838.00","$10,338.50","$10,338.50","$9,027.50","$8,089.00","$10,808.50","$10,873.00","$11,136.50","$9,903.00","$8,021.00","$9,439.50","$8,194.50","$8,405.50","$14,026.00","$13,290.50","$12,455.50","$12,904.50","$11,127.00","$11,921.50","$11,921.50","$11,921.50","$10,406.00","$10,406.00","$11,921.50","$11,921.50","$11,921.50","$11,921.50","$11,921.50","$11,921.50","$11,921.50","$11,921.50","$14,106.50","$5,517.00","$5,260.00","$8,036.00","$6,017.00","$6,017.00","$8,036.00","$11,739.00","$5,703.50","$7,329.50","$6,649.00","$6,184.50","$15,691.50","$7,879.50","$8,096.00","$8,650.00","$7,011.50","$8,096.00","$9,358.50","$17,000.50","$8,096.00","$9,616.00","$9,616.00","$6,413.00","$6,413.00","$8,096.00","$8,437.00","$9,358.50","$8,096.00","$9,620.50","$8,903.50"
  Total PNL (P5),,,,split_detail,,$-704.00,"$4,626.00","$7,614.00","$5,701.00","$3,417.00","$-2,066.00","$6,598.00","$3,296.50","$3,296.50","$3,296.50","$3,296.50",$-108.00,"$4,924.50","$4,924.50",$-124.00,"$3,252.00",$-124.00,"$5,289.50","$3,480.50","$1,265.50","$1,786.00","$2,829.50","$7,799.00","$1,077.00","$1,012.50",$173.50,"$2,430.50","$7,972.50","$3,989.50","$7,888.50","$4,495.50","$1,936.50","$3,059.00","$4,254.00","$2,897.50",$596.00,$-227.50,$-227.50,$-227.50,"$1,514.50","$1,796.00",$395.50,$395.50,$395.50,$114.00,$395.50,$395.50,$114.00,$395.50,"$-5,119.50","$2,338.50","$11,688.50","$5,737.50","$1,263.50","$1,274.50","$5,801.50","$-2,870.00","$-2,078.00","$8,945.00","$3,582.00","$8,403.00","$-7,473.00","$6,691.50","$-1,379.00","$-2,449.50","$-1,537.50","$-2,252.00","$4,183.00","$-7,196.50","$-1,510.00","$6,435.50","$8,043.50",$-341.50,$-341.50,$-383.50,"$7,043.50","$2,751.00",$-448.50,"$2,339.50","$5,435.50"
  Avg Profit/Tr (P5),,,,split_detail,,$-11.00,$53.79,$92.85,$65.53,$39.73,$-32.28,$77.62,$37.89,$37.89,$37.89,$37.89,$-1.26,$57.94,$57.94,$-1.41,$37.38,$-1.41,$62.23,$40.95,$14.72,$20.77,$32.15,$90.69,$12.10,$11.77,$2.02,$27.94,$91.64,$45.86,$90.67,$41.63,$20.17,$32.89,$45.74,$31.49,$6.55,$-2.53,$-2.53,$-2.53,$16.64,$19.74,$4.35,$4.35,$4.35,$1.25,$4.35,$4.35,$1.25,$4.35,$-39.69,$30.37,$86.58,$43.14,$16.41,$16.13,$43.62,$-19.79,$-23.09,$68.28,$32.56,$63.66,$-55.36,$62.54,$-12.89,$-22.89,$-18.09,$-20.85,$38.38,$-51.77,$-13.73,$37.86,$47.88,$-3.28,$-3.28,$-3.49,$50.67,$24.78,$-4.04,$20.34,$38.55
  Span (min) (P5),,,,split_detail,,61.58,62.43,64.45,60.43,60.23,62.89,60.94,60.99,60.99,60.99,60.99,61.86,61.27,61.27,60.14,64.85,60.14,60.94,63.49,60.56,60.80,60.14,61.37,60.56,60.80,62.02,62.84,61.23,66.54,61.79,61.31,61.18,57.58,56.90,70.76,60.85,63.08,63.08,63.08,60.92,61.08,62.92,62.92,62.92,62.77,62.92,62.92,62.77,62.92,50.57,69.57,69.48,69.74,72.86,67.25,69.89,44.56,72.72,75.13,72.40,74.61,42.88,71.45,61.68,61.37,64.58,62.33,71.45,49.15,63.00,64.24,63.71,65.26,65.26,63.30,69.09,71.45,62.83,71.17,69.65
  Sortino (P7),,,,split_detail,,-0.3206,2.9203,3.0396,2.9203,2.9203,0.3430,2.8722,3.2846,3.2846,3.2846,3.2846,3.5922,4.1572,4.1572,2.3322,2.7828,2.3322,2.6873,1.6813,4.1096,3.6387,1.8205,1.1482,1.1061,3.5330,3.3189,1.7022,0.7448,1.0858,1.1492,-1.2089,-1.2882,-0.9683,-0.0905,0.0637,0.6358,2.1615,2.0864,2.0864,2.2877,1.9156,1.4770,1.4770,1.4770,1.8412,1.3828,1.4770,1.8717,1.4195,-1.3754,4.1312,-3.6764,-3.9936,3.1705,3.0175,-4.0209,-1.8071,6.8833,-4.9945,5.1478,-4.8774,-0.2433,1.6286,2.8188,2.8404,5.7470,2.3234,2.0787,-1.0691,2.4885,-1.9226,-1.6893,1.0075,1.0075,2.5517,-3.7369,2.0787,2.5517,2.1321,-3.9493
  Trades/D (P7),,,,split_detail,,0.305,0.372,0.354,0.372,0.372,0.305,0.354,0.372,0.372,0.372,0.372,0.378,0.360,0.360,0.390,0.372,0.390,0.378,0.384,0.378,0.378,0.415,0.390,0.421,0.378,0.378,0.384,0.409,0.402,0.390,0.561,0.427,0.463,0.445,0.415,0.427,0.421,0.427,0.427,0.433,0.433,0.433,0.433,0.433,0.433,0.439,0.433,0.439,0.445,0.671,0.445,0.829,0.774,0.451,0.457,0.774,0.787,0.482,0.774,0.555,0.799,0.720,0.567,0.537,0.537,0.433,0.543,0.591,0.701,0.555,0.909,0.902,0.573,0.573,0.555,0.860,0.591,0.555,0.604,0.866
  Profit Fac (P7),,,,split_detail,,0.9754,1.2660,1.2792,1.2660,1.2660,1.0301,1.2638,1.3130,1.3130,1.3130,1.3130,1.3437,1.4071,1.4071,1.2219,1.2620,1.2219,1.2579,1.1586,1.3981,1.3525,1.1697,1.1005,1.1041,1.3422,1.3149,1.1613,1.0652,1.0979,1.1038,0.8900,0.8929,0.9210,0.9926,1.0059,1.0581,1.2021,1.1962,1.1962,1.2130,1.1783,1.1354,1.1354,1.1354,1.1687,1.1268,1.1354,1.1740,1.1320,0.8601,1.5471,0.7405,0.7139,1.4930,1.4601,0.7131,0.8319,2.0044,0.6323,1.7628,0.6354,0.9743,1.2498,1.3720,1.3520,1.8533,1.3104,1.3148,0.8914,1.3400,0.8310,0.8498,1.1462,1.1462,1.3480,0.7060,1.3148,1.3480,1.3261,0.6930
  Max DD (P7),,,,split_detail,,"$3,773.00","$1,877.00","$1,877.00","$1,877.00","$1,877.00","$3,643.00","$2,472.50","$1,877.00","$1,877.00","$1,877.00","$1,877.00","$2,303.50","$1,877.00","$1,877.00","$2,324.50","$2,303.50","$2,324.50","$2,351.50","$2,392.50","$1,877.00","$1,877.00","$2,248.50","$2,102.00","$2,684.00","$1,877.00","$2,097.00","$2,392.50","$3,145.00","$3,067.50","$2,351.50","$5,432.50","$5,715.50","$4,979.00","$3,526.50","$4,228.50","$3,136.00","$2,820.00","$2,820.00","$2,820.00","$2,977.00","$2,977.00","$3,527.00","$3,527.00","$3,527.00","$3,527.00","$3,527.00","$3,527.00","$3,454.50","$3,454.50","$7,366.00","$2,332.50","$11,313.00","$12,192.00","$2,241.50","$2,241.50","$12,137.00","$10,219.00","$2,343.00","$14,971.00","$3,312.50","$15,244.00","$5,523.50","$3,263.50","$3,312.50","$3,353.50","$1,910.50","$3,353.50","$3,263.50","$8,223.00","$3,353.50","$8,068.00","$7,394.50","$3,713.00","$3,713.00","$3,276.00","$13,032.50","$3,263.50","$3,276.00","$3,263.50","$13,706.00"
  Total PNL (P7),,,,split_detail,,$-303.00,"$2,819.00","$2,832.00","$2,819.00","$2,819.00",$355.00,"$2,676.00","$3,287.00","$3,287.00","$3,287.00","$3,287.00","$3,755.00","$3,989.00","$3,989.00","$2,438.50","$2,862.00","$2,438.50","$2,955.50","$1,893.50","$4,180.00","$3,701.00","$2,062.50","$1,229.00","$1,320.50","$3,593.50","$3,375.00","$1,920.50",$845.00,"$1,279.50","$1,265.50","$-2,009.00","$-1,650.50","$-1,282.00",$-112.00,$79.00,$769.50,"$2,653.50","$2,588.50","$2,588.50","$2,852.50","$2,388.50","$1,881.50","$1,881.50","$1,881.50","$2,345.50","$1,776.00","$1,881.50","$2,418.00","$1,848.50","$-2,827.00","$4,717.00","$-9,106.50","$-9,859.50","$4,410.00","$4,208.50","$-9,899.50","$-4,307.50","$10,050.50","$-13,282.50","$9,256.50","$-13,593.00",$-518.50,"$3,384.00","$4,810.00","$4,619.00","$6,873.00","$4,026.50","$4,557.50","$-2,407.00","$4,409.50","$-5,148.00","$-4,474.50","$2,186.50","$2,186.50","$4,487.00","$-10,562.50","$4,557.50","$4,487.00","$4,741.00","$-11,236.00"
  Avg Profit/Tr (P7),,,,split_detail,,$-6.06,$46.21,$48.83,$46.21,$46.21,$7.10,$46.14,$53.89,$53.89,$53.89,$53.89,$60.56,$67.61,$67.61,$38.10,$46.92,$38.10,$47.67,$30.06,$67.42,$59.69,$30.33,$19.20,$19.14,$57.96,$54.44,$30.48,$12.61,$19.39,$19.77,$-21.84,$-23.58,$-16.87,$-1.53,$1.16,$10.99,$38.46,$36.98,$36.98,$40.18,$33.64,$26.50,$26.50,$26.50,$33.04,$24.67,$26.50,$33.58,$25.32,$-25.70,$64.62,$-66.96,$-77.63,$59.59,$56.11,$-77.95,$-33.39,$127.22,$-104.59,$101.72,$-103.76,$-4.39,$36.39,$54.66,$52.49,$96.80,$45.24,$46.98,$-20.93,$48.46,$-34.55,$-30.23,$23.26,$23.26,$49.31,$-74.91,$46.98,$49.31,$47.89,$-79.13
  Span (min) (P7),,,,split_detail,,94.36,75.05,77.24,75.05,75.05,89.60,76.28,78.49,78.49,78.49,78.49,78.92,79.97,79.97,75.58,79.75,75.58,77.79,78.78,77.68,78.24,72.78,73.72,75.99,78.02,79.15,78.33,76.06,83.05,74.48,70.68,71.10,81.24,77.96,76.38,75.40,82.48,81.90,81.90,79.76,80.15,81.54,81.54,81.54,81.14,81.18,81.54,82.35,82.37,62.55,48.67,81.01,83.17,49.50,49.72,83.50,58.17,63.77,85.82,61.53,85.12,55.82,48.38,54.88,54.38,51.28,53.39,49.44,64.28,53.79,66.81,66.69,54.18,54.18,54.15,79.68,49.44,53.43,51.33,79.71
  Sortino (P9),,,,split_detail,,3.6990,-2.2639,-1.6680,-2.2695,-2.2639,3.6620,-1.4399,-1.5825,-1.5825,-1.5825,-1.5825,0.0884,-0.8141,-0.8141,-2.0196,-0.1915,-2.0196,-1.1564,1.3347,-2.3323,-2.3323,-2.5896,-2.3002,-1.7517,-2.2206,-0.6683,0.1989,-0.5547,1.7629,-2.0455,-1.0415,-1.6160,0.3874,-0.4513,-0.5817,-2.2734,1.1976,0.5735,0.5735,-1.6218,-1.3675,0.5818,0.5818,0.5818,-1.5514,0.5397,-1.5514,0.3577,-0.0210,-1.6899,4.4880,0.3786,-0.7094,4.3731,3.8964,-0.6618,-4.7266,2.6703,-1.0730,0.9450,-0.2989,-1.1454,2.2097,1.6805,1.6631,3.4191,1.6914,0.9546,-2.0065,1.0387,-0.6687,-1.6761,1.2831,1.2831,0.9390,-0.4237,0.9290,0.4706,0.9037,-0.1703
  Trades/D (P9),,,,split_detail,,0.311,0.451,0.421,0.451,0.451,0.335,0.439,0.451,0.451,0.451,0.451,0.451,0.445,0.445,0.463,0.451,0.463,0.463,0.457,0.457,0.457,0.482,0.476,0.482,0.463,0.463,0.463,0.470,0.457,0.476,0.585,0.470,0.476,0.488,0.482,0.488,0.500,0.506,0.506,0.512,0.518,0.512,0.512,0.512,0.494,0.518,0.494,0.518,0.530,0.713,0.524,0.713,0.689,0.524,0.543,0.689,0.750,0.530,0.713,0.598,0.732,0.713,0.573,0.579,0.579,0.506,0.579,0.604,0.793,0.591,0.945,0.927,0.628,0.628,0.591,0.829,0.610,0.604,0.616,0.841
  Profit Fac (P9),,,,split_detail,,1.3550,0.7678,0.8098,0.7624,0.7678,1.3507,0.8476,0.8205,0.8205,0.8205,0.8205,1.0085,0.9040,0.9040,0.7759,0.9813,0.7759,0.8738,1.1371,0.7522,0.7522,0.7373,0.7732,0.8080,0.7546,0.9364,1.0197,0.9446,1.1760,0.7924,0.8832,0.8061,1.0453,0.9517,0.9420,0.7669,1.1201,1.0567,1.0567,0.8313,0.8525,1.0582,1.0582,1.0582,0.8504,1.0542,0.8504,1.0359,0.9978,0.7940,1.5305,1.0368,0.9280,1.5180,1.4555,0.9313,0.5024,1.3257,0.8965,1.1048,0.9704,0.8542,1.2835,1.1949,1.1925,1.4140,1.1961,1.1179,0.7647,1.1162,0.9319,0.8325,1.1426,1.1426,1.1049,0.9575,1.1151,1.0520,1.1123,0.9827
  Max DD (P9),,,,split_detail,,"$3,604.00","$5,802.00","$5,204.50","$5,802.00","$5,802.00","$4,113.50","$5,659.00","$5,307.00","$5,307.00","$5,307.00","$5,307.00","$4,981.00","$5,229.00","$5,229.00","$5,068.50","$4,981.00","$5,068.50","$4,653.00","$3,942.00","$5,844.00","$5,844.00","$6,198.00","$6,067.00","$5,160.50","$5,409.50","$4,981.00","$5,179.50","$4,646.00","$4,258.00","$6,067.00","$4,896.00","$3,896.00","$3,714.50","$4,506.00","$4,699.50","$5,904.00","$4,085.00","$4,085.00","$4,085.00","$4,686.00","$4,531.50","$4,085.00","$4,085.00","$4,085.00","$6,410.50","$4,150.00","$6,410.50","$4,085.00","$5,155.00","$6,848.50","$7,853.50","$6,095.00","$6,751.00","$7,853.50","$8,627.50","$6,597.00","$14,559.00","$10,378.50","$10,462.00","$13,229.50","$8,384.50","$7,280.00","$11,711.00","$10,664.00","$10,664.00","$7,183.00","$10,664.00","$13,564.50","$7,173.50","$10,664.00","$9,879.50","$13,452.50","$13,256.00","$13,256.00","$10,664.00","$7,282.00","$13,564.50","$11,537.50","$13,629.50","$6,816.50"
  Total PNL (P9),,,,split_detail,,"$3,327.00","$-3,723.00","$-2,693.00","$-3,844.50","$-3,723.00","$3,501.50","$-2,347.50","$-2,701.00","$-2,701.00","$-2,701.00","$-2,701.00",$111.50,"$-1,390.50","$-1,390.50","$-3,571.00",$-253.00,"$-3,571.00","$-2,061.50","$2,020.50","$-4,068.50","$-4,068.50","$-4,700.50","$-4,174.00","$-3,216.00","$-3,912.00",$-878.50,$301.50,"$-1,000.00","$2,602.50","$-3,736.00","$-2,273.50","$-2,985.50",$704.50,$-823.50,"$-1,001.50","$-4,133.00","$1,948.50",$974.50,$974.50,"$-3,188.50","$-2,716.50","$1,000.50","$1,000.50","$1,000.50","$-2,572.50",$935.50,"$-2,572.50",$620.00,$-40.50,"$-4,471.00","$10,804.50","$1,101.50","$-2,096.50","$10,636.00","$9,862.00","$-1,994.00","$-14,557.00","$7,197.00","$-3,229.00","$2,926.50",$-936.50,"$-2,893.50","$6,423.50","$4,817.00","$4,767.50","$8,057.00","$4,843.50","$3,024.00","$-5,867.50","$3,076.00","$-2,451.00","$-6,024.00","$4,169.00","$4,169.00","$2,805.00","$-1,463.00","$2,959.00","$1,419.00","$2,894.00",$-596.50
  Avg Profit/Tr (P9),,,,split_detail,,$65.24,$-50.31,$-39.03,$-51.95,$-50.31,$63.66,$-32.60,$-36.50,$-36.50,$-36.50,$-36.50,$1.51,$-19.05,$-19.05,$-46.99,$-3.42,$-46.99,$-27.12,$26.94,$-54.25,$-54.25,$-59.50,$-53.51,$-40.71,$-51.47,$-11.56,$3.97,$-12.99,$34.70,$-47.90,$-23.68,$-38.77,$9.03,$-10.29,$-12.68,$-51.66,$23.76,$11.74,$11.74,$-37.96,$-31.96,$11.91,$11.91,$11.91,$-31.76,$11.01,$-31.76,$7.29,$-0.47,$-38.21,$125.63,$9.41,$-18.55,$123.67,$110.81,$-17.65,$-118.35,$82.72,$-27.60,$29.86,$-7.80,$-24.73,$68.34,$50.71,$50.18,$97.07,$50.98,$30.55,$-45.13,$31.71,$-15.81,$-39.63,$40.48,$40.48,$28.92,$-10.76,$29.59,$14.33,$28.65,$-4.32
  Span (min) (P9),,,,split_detail,,70.96,53.16,58.03,53.92,53.16,78.65,54.93,56.00,56.00,56.00,56.00,61.20,57.15,57.15,57.20,61.39,57.20,57.84,67.57,57.12,57.31,54.58,56.27,56.27,57.47,62.63,67.51,56.36,64.49,56.81,52.94,47.91,60.49,57.92,61.67,57.14,65.90,66.12,66.12,57.58,58.14,65.83,65.83,65.83,61.62,65.14,61.70,64.73,64.29,48.34,65.36,69.22,68.58,66.13,62.66,70.25,46.21,66.38,74.97,66.11,73.67,42.72,66.23,57.32,56.62,56.06,57.20,66.67,49.27,58.63,60.52,58.21,64.18,64.18,58.86,69.28,66.11,57.67,65.56,70.76
  Sortino (P11),,,,split_detail,,4.0822,4.6960,4.2971,4.3305,4.3740,4.5595,4.4577,3.8288,3.8288,3.8288,3.8288,3.7779,3.6112,3.4353,4.0822,3.6217,4.0822,3.1848,2.6746,4.2858,4.2640,1.7259,1.5439,2.2030,3.6296,3.5695,2.6746,2.0934,2.4374,1.8036,2.7966,2.7759,2.2325,2.5952,2.6740,2.3972,2.7559,2.7559,2.7559,3.0915,2.4613,2.7228,2.7228,2.5707,2.6367,2.5707,2.7228,2.4559,2.7595,0.6041,0.1341,0.6188,0.3390,-0.5900,-0.5900,0.1209,3.4185,-0.5374,-0.3016,1.3871,-0.3016,0.0295,1.2091,0.1300,0.3415,-1.4815,0.2272,1.7474,1.6129,0.7083,-1.4882,-1.4882,1.6565,1.6565,0.6135,-2.7568,0.4141,1.3195,0.5561,-2.7568
  Trades/D (P11),,,,split_detail,,0.270,0.399,0.387,0.411,0.411,0.288,0.405,0.411,0.411,0.411,0.411,0.405,0.405,0.411,0.411,0.399,0.411,0.423,0.423,0.411,0.411,0.448,0.436,0.448,0.417,0.417,0.423,0.460,0.448,0.442,0.509,0.448,0.466,0.479,0.442,0.454,0.454,0.454,0.454,0.460,0.460,0.460,0.460,0.466,0.466,0.466,0.460,0.472,0.472,0.650,0.491,0.761,0.712,0.491,0.491,0.712,0.638,0.515,0.791,0.577,0.791,0.730,0.638,0.577,0.577,0.466,0.577,0.644,0.699,0.583,0.914,0.914,0.620,0.620,0.583,0.840,0.656,0.595,0.675,0.840
  Profit Fac (P11),,,,split_detail,,1.4211,1.5927,1.5102,1.5272,1.5392,1.4250,1.5444,1.4621,1.4621,1.4621,1.4621,1.4696,1.4233,1.3963,1.5036,1.4424,1.5036,1.3702,1.3179,1.5172,1.5146,1.1828,1.1604,1.2452,1.4295,1.4351,1.3179,1.2017,1.2760,1.1902,1.3423,1.2245,1.2741,1.2654,1.3023,1.2763,1.3274,1.3274,1.3274,1.3521,1.2737,1.3263,1.3263,1.3037,1.3115,1.3037,1.3263,1.2855,1.3303,1.0644,1.0168,1.0617,1.0339,0.9181,0.9181,1.0125,1.3556,0.9162,0.9690,1.2118,0.9690,1.0034,1.1828,1.0196,1.0517,0.7981,1.0344,1.2683,1.1863,1.1126,0.8336,0.8336,1.2610,1.2610,1.0972,0.7223,1.0647,1.2189,1.0853,0.7223
  Max DD (P11),,,,split_detail,,"$3,741.00","$4,065.00","$4,727.50","$4,520.50","$4,145.00","$5,878.50","$4,181.00","$5,152.50","$5,152.50","$5,152.50","$5,152.50","$5,015.00","$5,494.00","$5,786.00","$4,606.00","$5,034.00","$4,606.00","$5,943.00","$6,639.00","$4,727.50","$4,727.50","$7,588.00","$7,977.00","$7,895.00","$5,492.50","$5,530.00","$6,639.00","$6,999.50","$7,343.00","$7,686.50","$6,567.00","$8,598.50","$6,030.50","$5,887.50","$7,048.50","$7,459.50","$6,588.50","$6,588.50","$6,588.50","$6,209.50","$7,300.00","$6,603.50","$6,603.50","$6,906.00","$6,767.50","$6,906.00","$6,603.50","$7,132.50","$6,433.50","$13,317.00","$6,186.50","$17,832.00","$18,398.00","$7,307.00","$7,307.00","$18,350.00","$6,961.50","$10,425.50","$22,668.50","$8,729.50","$22,668.50","$11,564.00","$9,286.50","$12,723.50","$12,407.50","$5,932.00","$12,307.50","$8,618.50","$11,686.00","$10,255.00","$17,578.50","$17,578.50","$8,885.50","$8,885.50","$10,633.50","$22,889.50","$9,733.50","$7,686.00","$11,076.00","$22,889.50"
  Total PNL (P11),,,,split_detail,,"$4,537.00","$7,953.00","$7,156.50","$7,519.00","$7,630.00","$5,312.50","$7,594.00","$6,884.00","$6,884.00","$6,884.00","$6,884.00","$6,885.00","$6,407.00","$6,115.00","$7,295.00","$6,482.00","$7,295.00","$5,868.00","$5,197.00","$7,485.00","$7,447.00","$3,366.50","$2,977.50","$4,380.50","$6,544.00","$6,604.00","$5,197.00","$3,990.50","$4,957.50","$3,517.50","$5,888.00","$3,996.50","$4,998.50","$5,152.50","$5,381.50","$4,816.00","$5,712.00","$5,712.00","$5,712.00","$6,066.00","$4,975.50","$5,697.00","$5,697.00","$5,394.50","$5,533.00","$5,394.50","$5,697.00","$5,168.00","$5,867.00","$1,626.50",$279.50,"$2,365.00","$1,268.00","$-1,508.50","$-1,508.50",$476.00,"$7,477.00","$-2,104.00","$-1,374.00","$5,614.50","$-1,374.00",$87.00,"$4,285.50",$565.00,"$1,448.50","$-3,250.50",$981.00,"$6,111.50","$4,693.50","$3,033.50","$-7,585.50","$-7,585.50","$7,172.50","$7,172.50","$2,655.00","$-13,130.00","$1,755.00","$5,543.50","$2,428.00","$-13,130.00"
  Avg Profit/Tr (P11),,,,split_detail,,$103.11,$122.35,$113.60,$112.22,$113.88,$113.03,$115.06,$102.75,$102.75,$102.75,$102.75,$104.32,$97.08,$91.27,$108.88,$99.72,$108.88,$85.04,$75.32,$111.72,$111.15,$46.12,$41.94,$60.01,$96.24,$97.12,$75.32,$53.21,$67.91,$48.85,$70.94,$54.75,$65.77,$66.06,$74.74,$65.08,$77.19,$77.19,$77.19,$80.88,$66.34,$75.96,$75.96,$70.98,$72.80,$70.98,$75.96,$67.12,$76.19,$15.34,$3.49,$19.07,$10.93,$-18.86,$-18.86,$4.10,$71.89,$-25.05,$-10.65,$59.73,$-10.65,$0.73,$41.21,$6.01,$15.41,$-42.77,$10.44,$58.20,$41.17,$31.93,$-50.91,$-50.91,$71.01,$71.01,$27.95,$-95.84,$16.40,$57.15,$22.07,$-95.84
  Span (min) (P11),,,,split_detail,,104.05,79.48,84.89,79.09,78.57,99.19,81.14,80.55,80.55,80.55,80.55,82.73,83.05,82.54,80.87,85.62,80.87,82.78,85.72,79.82,80.24,75.56,78.48,79.78,79.78,81.12,85.72,80.17,89.08,79.24,68.57,75.37,81.51,81.04,85.26,79.84,84.76,84.76,84.76,81.39,82.13,84.28,84.28,83.82,83.54,83.82,84.28,81.64,86.55,64.85,54.04,67.85,69.40,55.27,55.27,69.94,57.68,62.07,75.64,61.20,75.64,52.71,54.79,55.47,54.88,45.88,55.12,55.10,66.87,53.84,62.72,62.72,58.16,58.16,54.54,71.07,55.41,51.60,55.80,71.07
--- PER-SPLIT DETAIL (Out-of-Sample) ---,,,,,,,,,,,,,,,,,,,,,,,,,,,,,,,,,,,,,,,,,,,,,,,,,,,,,,,,,,,,,,,,,,,,,,,,,,,,,,,,,,,,,
  Sortino (P2),,,,split_detail,,-3.3393,-1.0811,-2.2175,-1.8641,-1.8641,-0.6901,-1.4613,-1.4505,-1.4505,-1.4505,-1.4505,-1.9579,-0.9774,-0.9774,-1.5375,-0.5970,-0.9775,-1.7407,-1.1466,-2.1256,-1.5252,-2.5954,-1.6927,-1.9162,-1.1759,-1.5627,-1.2500,-5.4548,-1.4545,-1.8785,-5.1962,-3.0301,-4.5266,-5.0167,0.3539,-1.8119,-2.0832,-2.4687,-2.4687,-3.5544,-2.8900,-2.4687,-2.4687,-2.4687,-2.6109,-2.4687,-2.2062,-2.8719,-2.3692,-3.5750,-4.2406,-2.7094,-2.1682,-4.0171,-3.6530,-2.7068,-2.6111,-5.3313,-1.6911,-4.3325,-1.9185,-1.1081,-4.7211,-3.2997,-3.4509,-3.9039,-3.2997,-5.1252,-2.8707,-3.7751,-1.6592,-1.5356,-3.8517,-3.8629,-3.8486,-1.9261,-5.1252,-4.1601,-5.1095,-2.0711
  Trades/D (P2),,,,split_detail,,0.367,0.524,0.476,0.536,0.536,0.386,0.518,0.536,0.536,0.536,0.536,0.542,0.518,0.518,0.548,0.506,0.548,0.524,0.524,0.542,0.542,0.548,0.536,0.572,0.542,0.542,0.536,0.554,0.524,0.542,0.657,0.578,0.572,0.566,0.530,0.566,0.578,0.584,0.584,0.584,0.578,0.584,0.584,0.584,0.578,0.584,0.578,0.584,0.584,0.807,0.416,0.880,0.861,0.422,0.428,0.849,0.777,0.434,0.855,0.482,0.873,0.880,0.494,0.470,0.470,0.404,0.470,0.500,0.880,0.482,1.054,1.048,0.500,0.500,0.482,0.970,0.500,0.488,0.506,0.976
  Profit Fac (P2),,,,split_detail,,0.6841,0.8970,0.7857,0.8139,0.8139,0.9215,0.8504,0.8465,0.8465,0.8465,0.8465,0.7959,0.8929,0.8929,0.8331,0.9322,0.9011,0.8141,0.8713,0.7844,0.8443,0.7511,0.8223,0.7909,0.8884,0.8341,0.8601,0.4937,0.8323,0.7999,0.5330,0.7054,0.5384,0.5129,1.0394,0.8003,0.7758,0.7316,0.7316,0.6427,0.6978,0.7316,0.7316,0.7316,0.7144,0.7316,0.7543,0.6931,0.7397,0.6214,0.4605,0.7685,0.8051,0.4702,0.5114,0.7623,0.7108,0.3990,0.8402,0.5401,0.8200,0.8754,0.4912,0.6153,0.6017,0.4892,0.6153,0.4722,0.6602,0.5745,0.8477,0.8577,0.5695,0.5657,0.5667,0.8257,0.4722,0.5441,0.4711,0.8146
  Max DD (P2),,,,split_detail,,"$3,974.00","$3,781.00","$3,803.00","$4,593.50","$4,593.50","$3,453.50","$4,209.00","$4,196.00","$4,196.00","$4,196.00","$4,196.00","$4,568.50","$3,678.50","$3,678.50","$4,798.50","$3,756.00","$4,610.00","$4,424.00","$3,997.50","$4,780.50","$3,891.50","$4,823.50","$4,204.50","$4,876.00","$3,794.50","$4,154.00","$4,104.00","$7,928.00","$4,009.00","$4,440.00","$10,029.00","$7,749.00","$7,677.00","$7,318.00","$2,427.00","$5,022.50","$4,687.50","$5,630.00","$5,630.00","$6,583.50","$5,892.00","$5,630.00","$5,630.00","$5,630.00","$5,815.00","$5,630.00","$5,189.00","$6,256.00","$5,491.00","$10,072.00","$10,967.00","$8,063.00","$6,494.00","$10,613.50","$9,928.00","$8,139.50","$9,763.50","$12,080.00","$8,405.50","$10,649.00","$8,706.50","$5,996.00","$12,561.00","$7,445.00","$7,892.00","$9,947.00","$7,445.00","$13,753.00","$10,050.00","$8,848.00","$8,214.00","$7,773.00","$9,894.00","$10,041.00","$9,139.50","$7,522.00","$13,753.00","$9,949.50","$13,818.00","$7,522.00"
  Total PNL (P2),,,,split_detail,,"$-3,909.00","$-1,318.50","$-2,590.50","$-2,625.00","$-2,625.00",$-828.00,"$-2,019.50","$-2,144.50","$-2,144.50","$-2,144.50","$-2,144.50","$-2,937.00","$-1,419.50","$-1,419.50","$-2,414.00",$-831.00,"$-1,321.50","$-2,536.50","$-1,696.00","$-3,149.00","$-2,260.00","$-3,688.00","$-2,410.00","$-3,099.50","$-1,485.50","$-2,352.50","$-1,867.50","$-8,173.00","$-2,166.00","$-2,789.00","$-9,969.50","$-5,053.50","$-7,819.00","$-7,563.00",$516.50,"$-2,906.50","$-3,277.00","$-3,924.00","$-3,924.00","$-5,549.00","$-4,503.00","$-3,924.00","$-3,924.00","$-3,924.00","$-4,109.00","$-3,924.00","$-3,483.00","$-4,550.00","$-3,785.00","$-9,029.50","$-9,184.50","$-7,565.00","$-5,909.00","$-8,831.00","$-8,145.50","$-7,318.00","$-6,418.00","$-12,706.00","$-4,995.00","$-10,982.50","$-5,769.00","$-2,947.50","$-12,941.50","$-7,596.50","$-8,043.50","$-8,489.50","$-7,596.50","$-14,133.50","$-8,725.00","$-8,999.50","$-5,775.00","$-5,334.00","$-9,313.00","$-9,460.00","$-9,291.00","$-5,664.00","$-14,133.50","$-10,240.50","$-14,198.50","$-6,105.00"
  Avg Profit/Tr (P2),,,,split_detail,,$-64.08,$-15.16,$-32.79,$-29.49,$-29.49,$-12.94,$-23.48,$-24.10,$-24.10,$-24.10,$-24.10,$-32.63,$-16.51,$-16.51,$-26.53,$-9.89,$-14.52,$-29.16,$-19.49,$-34.99,$-25.11,$-40.53,$-27.08,$-32.63,$-16.51,$-26.14,$-20.98,$-88.84,$-24.90,$-30.99,$-91.46,$-52.64,$-82.31,$-80.46,$5.87,$-30.92,$-34.14,$-40.45,$-40.45,$-57.21,$-46.91,$-40.45,$-40.45,$-40.45,$-42.80,$-40.45,$-36.28,$-46.91,$-39.02,$-67.38,$-133.11,$-51.82,$-41.32,$-126.16,$-114.73,$-51.90,$-49.75,$-176.47,$-35.18,$-137.28,$-39.79,$-20.19,$-157.82,$-97.39,$-103.12,$-126.71,$-97.39,$-170.28,$-59.76,$-112.49,$-33.00,$-30.66,$-112.20,$-113.98,$-116.14,$-35.18,$-170.28,$-126.43,$-169.03,$-37.69
  Span (min) (P2),,,,split_detail,,73.67,64.45,64.59,62.76,62.76,70.33,65.77,63.55,63.55,63.55,63.55,66.97,66.91,66.91,62.23,66.00,62.69,64.85,69.11,63.62,64.24,62.23,64.57,61.01,64.56,67.28,66.15,56.53,65.66,64.48,50.73,66.43,52.68,57.64,66.74,62.26,63.66,62.86,62.86,58.60,58.41,62.86,62.86,62.86,62.85,62.86,63.07,62.64,62.64,53.49,47.83,86.40,84.64,48.24,48.03,85.69,94.31,63.56,90.06,63.66,92.30,46.75,60.77,55.42,54.86,51.72,55.42,63.08,50.10,56.92,77.84,78.05,51.69,51.42,57.06,80.61,63.08,56.49,62.46,80.37
  Sortino (P4),,,,split_detail,,-0.3707,-0.7853,-0.9697,-1.1987,-0.9629,-2.9604,-0.9730,-1.0119,-1.0119,-1.0119,-1.0119,-1.4395,-0.9517,-0.9867,-0.2334,-1.2168,-0.2334,-1.7455,-2.1706,-1.0536,-1.0119,-1.8669,-1.7382,-1.3388,-1.0119,-1.4362,-2.0379,-1.7771,-2.3134,-1.8787,-0.8100,0.6883,-1.3822,-1.8611,-2.5858,-1.5488,-2.2085,-2.2085,-2.2085,-1.8027,-1.7621,-2.2085,-2.2085,-2.2085,-2.2443,-2.2085,-2.2085,-2.2443,-2.4258,-1.8051,-2.2933,-0.9942,0.4741,-1.7580,-2.2733,0.4031,-1.4815,-1.5912,-0.2726,-1.5541,-0.6230,-1.9672,-0.8203,-1.6626,-1.8963,-1.8956,-1.9697,-0.3372,-1.5805,-1.9697,1.9493,1.9493,-2.5696,-2.5696,-1.6554,0.6971,-0.5196,-1.7301,-0.4812,0.5281
  Trades/D (P4),,,,split_detail,,0.331,0.423,0.417,0.436,0.436,0.337,0.429,0.436,0.436,0.436,0.436,0.436,0.429,0.429,0.460,0.423,0.460,0.448,0.448,0.436,0.436,0.466,0.448,0.466,0.436,0.436,0.454,0.442,0.442,0.448,0.546,0.497,0.491,0.472,0.448,0.460,0.466,0.466,0.466,0.466,0.466,0.466,0.466,0.466,0.466,0.466,0.466,0.466,0.472,0.687,0.448,0.718,0.656,0.454,0.460,0.656,0.748,0.515,0.693,0.620,0.706,0.718,0.620,0.607,0.607,0.442,0.613,0.620,0.761,0.613,0.804,0.804,0.626,0.626,0.613,0.791,0.626,0.620,0.632,0.798
  Profit Fac (P4),,,,split_detail,,0.9545,0.9034,0.8766,0.8497,0.8830,0.6911,0.8822,0.8690,0.8690,0.8690,0.8690,0.8096,0.8772,0.8726,0.9694,0.8373,0.9694,0.7874,0.7256,0.8636,0.8690,0.7747,0.8012,0.8348,0.8690,0.8124,0.7415,0.8052,0.7222,0.7764,0.9033,1.0932,0.8337,0.7777,0.7094,0.8131,0.7179,0.7179,0.7179,0.7783,0.7833,0.7179,0.7179,0.7179,0.7134,0.7179,0.7179,0.7134,0.6976,0.7861,0.6789,0.8912,1.0587,0.7504,0.6873,1.0522,0.8109,0.7865,0.9656,0.8021,0.9241,0.7396,0.8840,0.7845,0.7614,0.7501,0.7526,0.9520,0.7912,0.7526,1.2416,1.2416,0.6709,0.6709,0.7841,1.0835,0.9277,0.7721,0.9324,1.0622
  Max DD (P4),,,,split_detail,,"$7,528.50","$5,111.00","$5,630.00","$5,695.00","$5,176.00","$10,957.00","$5,176.00","$5,695.00","$5,695.00","$5,695.00","$5,695.00","$6,122.00","$5,695.00","$5,695.00","$4,808.50","$6,057.00","$4,808.50","$6,287.00","$7,429.50","$5,695.00","$5,695.00","$6,352.00","$5,768.00","$5,400.50","$5,695.00","$6,122.00","$7,429.50","$5,176.00","$7,429.50","$6,287.00","$3,960.50","$4,252.00","$5,573.50","$6,372.00","$6,215.50","$5,400.50","$7,494.50","$7,494.50","$7,494.50","$6,352.00","$6,352.00","$7,494.50","$7,494.50","$7,494.50","$7,494.50","$7,494.50","$7,494.50","$7,494.50","$7,494.50","$7,384.50","$10,426.50","$12,508.50","$10,147.50","$10,496.50","$10,496.50","$10,155.00","$8,642.00","$7,375.00","$10,144.50","$8,306.50","$10,637.50","$7,162.50","$11,885.00","$8,595.00","$9,349.00","$7,899.50","$9,440.00","$9,943.50","$7,819.50","$9,440.00","$5,360.00","$5,360.00","$13,471.50","$13,471.50","$8,502.50","$8,379.50","$10,662.00","$8,521.00","$10,662.00","$8,379.50"
  Total PNL (P4),,,,split_detail,,$-676.00,"$-1,453.00","$-1,913.50","$-2,404.50","$-1,801.00","$-5,485.50","$-1,806.00","$-2,038.50","$-2,038.50","$-2,038.50","$-2,038.50","$-3,158.00","$-1,903.50","$-1,973.50",$-477.50,"$-2,642.00",$-477.50,"$-3,537.00","$-4,986.00","$-2,122.50","$-2,038.50","$-3,874.00","$-3,271.50","$-2,729.50","$-2,038.50","$-3,123.50","$-4,715.00","$-3,524.50","$-5,367.50","$-3,797.00","$-1,679.00","$1,592.00","$-3,051.00","$-4,076.50","$-5,572.00","$-3,098.00","$-5,181.00","$-5,181.00","$-5,181.00","$-3,732.00","$-3,648.00","$-5,181.00","$-5,181.00","$-5,181.00","$-5,265.00","$-5,181.00","$-5,181.00","$-5,265.00","$-5,716.00","$-5,078.00","$-5,791.00","$-3,722.00","$1,685.50","$-4,620.50","$-6,321.00","$1,509.50","$-5,326.00","$-5,779.50","$-1,128.00","$-6,449.00","$-2,602.50","$-6,880.50","$-3,189.50","$-6,711.00","$-7,602.50","$-4,880.00","$-7,976.50","$-1,313.00","$-5,788.50","$-7,976.50","$7,247.00","$7,247.00","$-10,877.50","$-10,877.50","$-6,725.50","$2,656.50","$-2,031.50","$-7,099.50","$-1,900.00","$2,019.00"
  Avg Profit/Tr (P4),,,,split_detail,,$-12.52,$-21.06,$-28.14,$-33.87,$-25.37,$-99.74,$-25.80,$-28.71,$-28.71,$-28.71,$-28.71,$-44.48,$-27.19,$-28.19,$-6.37,$-38.29,$-6.37,$-48.45,$-68.30,$-29.89,$-28.71,$-50.97,$-44.82,$-35.91,$-28.71,$-43.99,$-63.72,$-48.95,$-74.55,$-52.01,$-18.87,$19.65,$-38.14,$-52.94,$-76.33,$-41.31,$-68.17,$-68.17,$-68.17,$-49.11,$-48.00,$-68.17,$-68.17,$-68.17,$-69.28,$-68.17,$-68.17,$-69.28,$-74.23,$-45.34,$-79.33,$-31.81,$15.75,$-62.44,$-84.28,$14.11,$-43.66,$-68.80,$-9.98,$-63.85,$-22.63,$-58.81,$-31.58,$-67.79,$-76.79,$-67.78,$-79.76,$-13.00,$-46.68,$-79.76,$55.32,$55.32,$-106.64,$-106.64,$-67.25,$20.59,$-19.92,$-70.29,$-18.45,$15.53
  Span (min) (P4),,,,split_detail,,82.31,59.04,60.32,58.46,58.07,75.09,58.50,59.06,59.06,59.06,59.06,60.44,60.10,59.80,56.19,61.78,56.19,57.63,59.36,58.86,59.25,55.36,56.48,54.62,59.06,60.24,59.97,60.08,61.93,56.96,53.72,61.53,56.35,56.55,62.23,55.81,57.29,57.29,57.29,55.63,55.82,57.29,57.29,57.29,57.11,57.29,57.29,57.11,57.36,52.06,40.68,63.36,64.64,42.36,42.24,65.09,55.20,56.44,63.62,63.60,63.55,47.38,47.27,57.89,57.11,46.75,56.76,47.49,50.86,56.76,57.76,57.76,52.84,52.84,57.86,83.13,47.56,57.18,47.63,84.32
  Sortino (P6),,,,split_detail,,-0.3483,-1.1353,-0.3726,-0.4735,-0.8099,0.7713,-0.2963,-0.2731,-0.2731,-0.2731,-0.2731,-0.6001,-0.8253,-0.7308,-1.3968,-1.1991,-1.3585,0.0843,-0.5235,-0.3088,-0.5083,-0.1888,-0.1981,-0.7481,-0.6846,-0.7152,-0.2317,1.1367,-0.9110,-0.2674,-1.9161,-1.5061,0.4518,0.9248,-0.2997,-0.4591,-0.8222,-1.1258,-1.1258,-1.1185,-0.7392,-1.1258,-1.1258,-1.1352,-1.2099,-0.7477,-1.1258,-1.2099,-0.9214,-1.8508,1.2283,1.8793,-0.4077,1.1051,0.1066,-0.6381,-4.2215,-0.7435,-0.6183,-0.0720,0.1850,-1.5326,-1.3290,-0.9586,-0.8518,-1.9065,-0.9455,-1.3006,-2.4093,-0.9715,-0.5359,-0.1589,0.8344,0.8344,-0.7382,1.1343,-1.1416,-0.4999,-1.0044,0.9131
  Trades/D (P6),,,,split_detail,,0.341,0.512,0.500,0.518,0.530,0.354,0.512,0.530,0.530,0.530,0.530,0.530,0.518,0.524,0.543,0.512,0.543,0.537,0.524,0.530,0.530,0.543,0.543,0.549,0.530,0.530,0.537,0.506,0.518,0.543,0.659,0.537,0.543,0.549,0.543,0.537,0.555,0.561,0.561,0.561,0.573,0.561,0.561,0.567,0.561,0.567,0.561,0.561,0.567,0.713,0.518,0.805,0.756,0.518,0.543,0.750,0.774,0.604,0.780,0.738,0.787,0.726,0.695,0.720,0.720,0.488,0.726,0.683,0.768,0.738,1.030,1.012,0.762,0.762,0.738,0.878,0.683,0.738,0.750,0.890
  Profit Fac (P6),,,,split_detail,,0.9593,0.8884,0.9604,0.9508,0.9178,1.0959,0.9687,0.9707,0.9707,0.9707,0.9707,0.9356,0.9136,0.9226,0.8567,0.8694,0.8606,1.0090,0.9393,0.9683,0.9475,0.9802,0.9786,0.9202,0.9293,0.9228,0.9732,1.1261,0.8956,0.9712,0.7992,0.8584,1.0462,1.0956,0.9659,0.9496,0.9088,0.8743,0.8743,0.8839,0.9218,0.8743,0.8743,0.8724,0.8656,0.9156,0.8743,0.8656,0.8960,0.7899,1.1657,1.1834,0.9612,1.1488,1.0136,0.9393,0.5754,0.9067,0.9363,0.9908,1.0192,0.8040,0.8471,0.8736,0.8878,0.7574,0.8755,0.8511,0.7270,0.8715,0.9471,0.9839,1.1098,1.1098,0.9049,1.1115,0.8676,0.9340,0.8786,1.0886
  Max DD (P6),,,,split_detail,,"$4,794.50","$6,959.50","$6,232.50","$6,861.50","$6,702.50","$3,729.00","$6,232.50","$6,883.00","$6,883.00","$6,883.00","$6,883.00","$7,028.00","$7,140.00","$6,883.00","$7,587.50","$7,285.00","$7,462.50","$6,744.50","$6,692.00","$6,744.50","$6,744.50","$6,604.50","$6,702.50","$6,654.50","$7,176.50","$7,014.00","$7,028.00","$5,072.50","$8,365.50","$6,856.50","$9,173.50","$7,957.50","$6,784.50","$5,072.00","$6,687.00","$6,283.50","$7,656.00","$7,721.00","$7,721.00","$7,437.50","$7,437.50","$7,721.00","$7,721.00","$7,721.00","$7,721.00","$7,721.00","$7,721.00","$7,721.00","$7,721.00","$12,746.50","$4,639.00","$5,986.00","$11,654.50","$4,791.50","$4,791.50","$12,172.00","$18,143.50","$4,896.00","$13,554.50","$4,828.50","$13,554.50","$10,440.50","$6,152.00","$5,856.50","$5,731.00","$6,018.50","$5,796.00","$6,022.00","$14,500.00","$5,861.00","$13,041.00","$11,932.50","$5,897.00","$5,897.00","$5,667.50","$7,458.00","$5,546.50","$5,667.50","$5,272.50","$7,458.00"
  Total PNL (P6),,,,split_detail,,$-738.00,"$-3,224.00","$-1,057.50","$-1,350.50","$-2,362.00","$1,650.50",$-843.50,$-836.50,$-836.50,$-836.50,$-836.50,"$-1,944.50","$-2,469.50","$-2,212.50","$-4,487.00","$-3,855.00","$-4,362.00",$255.00,"$-1,717.00",$-923.50,"$-1,522.50",$-563.00,$-591.00,"$-2,363.00","$-2,109.50","$-2,320.50",$-770.00,"$2,948.50","$-2,739.00",$-801.00,"$-6,960.00","$-4,360.00","$1,286.00","$2,566.00",$-930.50,"$-1,433.50","$-2,792.50","$-3,857.00","$-3,857.00","$-3,502.50","$-2,383.50","$-3,857.00","$-3,857.00","$-3,922.00","$-4,137.50","$-2,589.50","$-3,857.00","$-4,137.50","$-3,191.00","$-6,907.00","$2,828.00","$7,361.00","$-1,579.00","$2,577.00",$266.00,"$-2,533.00","$-17,302.00","$-2,163.50","$-2,769.50",$-263.50,$835.00,"$-6,102.00","$-4,188.00","$-3,645.00","$-3,185.00","$-3,990.00","$-3,584.50","$-4,058.00","$-9,350.50","$-3,714.50","$-2,645.00",$-772.50,"$3,271.50","$3,271.50","$-2,648.50","$4,931.00","$-3,582.50","$-1,781.00","$-3,557.50","$4,000.50"
  Avg Profit/Tr (P6),,,,split_detail,,$-13.18,$-38.38,$-12.90,$-15.89,$-27.15,$28.46,$-10.04,$-9.61,$-9.61,$-9.61,$-9.61,$-22.35,$-29.05,$-25.73,$-50.42,$-45.89,$-49.01,$2.90,$-19.97,$-10.61,$-17.50,$-6.33,$-6.64,$-26.26,$-24.25,$-26.67,$-8.75,$35.52,$-32.22,$-9.00,$-64.44,$-49.55,$14.45,$28.51,$-10.46,$-16.29,$-30.69,$-41.92,$-41.92,$-38.07,$-25.36,$-41.92,$-41.92,$-42.17,$-44.97,$-27.84,$-41.92,$-44.97,$-34.31,$-59.03,$33.27,$55.77,$-12.73,$30.32,$2.99,$-20.59,$-136.24,$-21.85,$-21.64,$-2.18,$6.47,$-51.28,$-36.74,$-30.89,$-26.99,$-49.88,$-30.12,$-36.23,$-74.21,$-30.70,$-15.65,$-4.65,$26.17,$26.17,$-21.89,$34.24,$-31.99,$-14.72,$-28.92,$27.40
  Span (min) (P6),,,,split_detail,,87.75,73.42,72.99,70.91,71.61,87.26,71.25,73.46,73.46,73.46,73.46,77.56,72.64,72.52,72.83,76.75,72.12,72.94,76.43,74.34,75.07,72.99,70.00,72.96,75.23,77.89,77.24,68.73,72.39,70.24,63.84,70.56,74.09,70.47,72.12,75.81,76.23,72.66,72.66,68.71,68.88,72.66,72.66,71.96,72.43,72.94,72.66,72.43,72.26,54.09,62.89,81.51,84.06,63.28,60.93,85.31,51.48,73.67,86.19,71.27,87.80,46.76,61.27,58.08,57.80,50.05,57.59,62.17,52.17,56.82,73.07,72.45,66.26,66.26,57.45,75.35,62.37,56.55,66.09,74.89
  Sortino (P8),,,,split_detail,,-3.1813,-1.4534,-1.0192,-1.5368,-1.4533,-0.1471,-1.2322,-2.0444,-2.0444,-2.0444,-2.0444,-3.0111,-1.8385,-1.8385,-1.7702,-2.1947,-1.7702,-2.0640,-2.4873,-1.6268,-1.4222,-2.0897,-1.9245,-2.1044,-2.0348,-2.8332,-2.4188,-1.8089,-2.7669,-1.9343,-1.9138,-4.9169,-2.0660,-1.3008,-2.8311,-2.1144,-3.4800,-3.3938,-3.3938,-2.9379,-2.6609,-3.3938,-3.3938,-3.1180,-3.0251,-3.1180,-3.3938,-3.3938,-3.1180,-4.7646,-6.4586,-3.1861,-2.9729,-6.7483,-7.0944,-2.5162,-6.3530,-6.4617,-2.5842,-6.1200,-3.0072,-3.0494,-7.2479,-6.0983,-6.1211,-5.6495,-6.1966,-7.4921,-3.6541,-6.5266,-2.0270,-2.0270,-7.3389,-7.3389,-6.4611,-3.2114,-7.4921,-6.4434,-7.2502,-3.2114
  Trades/D (P8),,,,split_detail,,0.276,0.387,0.374,0.380,0.380,0.282,0.380,0.380,0.380,0.380,0.380,0.387,0.380,0.380,0.417,0.374,0.417,0.393,0.393,0.393,0.393,0.411,0.399,0.429,0.387,0.387,0.399,0.387,0.387,0.405,0.497,0.423,0.429,0.429,0.405,0.423,0.429,0.429,0.429,0.429,0.429,0.429,0.429,0.436,0.423,0.436,0.429,0.429,0.436,0.620,0.534,0.718,0.718,0.540,0.558,0.718,0.699,0.558,0.718,0.656,0.736,0.693,0.656,0.632,0.632,0.497,0.638,0.675,0.755,0.650,0.908,0.908,0.706,0.706,0.650,0.828,0.675,0.656,0.693,0.828
  Profit Fac (P8),,,,split_detail,,0.6913,0.8665,0.9055,0.8609,0.8681,0.9850,0.8876,0.8180,0.8180,0.8180,0.8180,0.7265,0.8353,0.8353,0.8316,0.7971,0.8316,0.8091,0.7664,0.8510,0.8698,0.7957,0.8146,0.7921,0.8166,0.7427,0.7693,0.8244,0.7343,0.8112,0.7969,0.5720,0.7972,0.8655,0.7282,0.7927,0.6528,0.6614,0.6614,0.7132,0.7393,0.6614,0.6614,0.6845,0.6889,0.6845,0.6614,0.6614,0.6845,0.4989,0.3941,0.7252,0.7448,0.3708,0.3551,0.7756,0.3967,0.3946,0.7485,0.4046,0.7123,0.6535,0.3243,0.4113,0.4125,0.4509,0.4040,0.3140,0.5905,0.3812,0.8176,0.8176,0.3119,0.3119,0.3859,0.7249,0.3140,0.3849,0.3213,0.7249
  Max DD (P8),,,,split_detail,,"$4,723.50","$5,292.00","$5,048.50","$5,379.00","$5,267.50","$3,062.50","$4,971.00","$6,093.00","$6,093.00","$6,093.00","$6,093.00","$7,084.00","$5,796.50","$5,796.50","$5,714.00","$6,392.00","$5,714.00","$5,701.00","$5,946.00","$6,022.00","$6,022.00","$4,997.50","$4,578.50","$5,318.50","$6,117.50","$7,084.00","$6,011.00","$4,942.50","$5,485.50","$4,580.00","$5,748.00","$6,856.50","$5,472.50","$4,470.00","$6,200.50","$5,253.50","$6,598.50","$6,598.50","$6,598.50","$6,045.50","$5,659.00","$6,598.50","$6,598.50","$6,236.50","$5,971.50","$6,236.50","$6,598.50","$6,598.50","$6,236.50","$9,986.50","$13,804.50","$11,504.00","$12,691.50","$15,045.50","$15,874.00","$12,575.00","$13,378.50","$14,968.50","$12,793.50","$16,750.00","$14,380.50","$7,825.00","$21,665.00","$16,171.50","$16,095.50","$11,522.50","$16,627.50","$21,609.50","$9,422.00","$17,701.00","$10,946.50","$10,946.50","$21,554.50","$21,554.50","$17,377.00","$16,676.50","$21,609.50","$17,377.00","$21,440.50","$16,676.50"
  Total PNL (P8),,,,split_detail,,"$-3,660.50","$-1,802.50","$-1,252.50","$-1,889.50","$-1,778.00",$-175.00,"$-1,481.50","$-2,603.50","$-2,603.50","$-2,603.50","$-2,603.50","$-4,308.00","$-2,307.00","$-2,307.00","$-2,395.50","$-3,055.00","$-2,395.50","$-2,673.50","$-3,486.50","$-2,134.50","$-1,866.00","$-2,776.50","$-2,441.00","$-2,944.50","$-2,628.00","$-4,053.50","$-3,443.50","$-2,264.00","$-3,870.50","$-2,509.50","$-2,980.00","$-6,900.00","$-2,918.50","$-1,793.00","$-4,151.00","$-2,934.00","$-5,447.50","$-5,312.50","$-5,312.50","$-4,173.00","$-3,786.50","$-5,312.50","$-5,312.50","$-4,950.50","$-4,685.50","$-4,950.50","$-5,312.50","$-5,312.50","$-4,950.50","$-9,575.50","$-11,691.00","$-7,736.50","$-7,391.50","$-12,905.00","$-13,733.50","$-6,430.00","$-13,375.50","$-14,179.00","$-7,182.50","$-15,622.50","$-8,672.50","$-6,799.50","$-18,916.50","$-14,979.00","$-14,903.00","$-9,153.50","$-15,435.00","$-20,133.00","$-9,305.00","$-16,508.50","$-5,706.50","$-5,706.50","$-20,289.50","$-20,289.50","$-16,184.50","$-9,113.50","$-20,133.00","$-16,249.50","$-19,964.00","$-9,113.50"
  Avg Profit/Tr (P8),,,,split_detail,,$-81.34,$-28.61,$-20.53,$-30.48,$-28.68,$-3.80,$-23.90,$-41.99,$-41.99,$-41.99,$-41.99,$-68.38,$-37.21,$-37.21,$-35.23,$-50.08,$-35.23,$-41.77,$-54.48,$-33.35,$-29.16,$-41.44,$-37.55,$-42.06,$-41.71,$-64.34,$-52.98,$-35.94,$-61.44,$-38.02,$-36.79,$-100.00,$-41.69,$-25.61,$-62.89,$-42.52,$-77.82,$-75.89,$-75.89,$-59.61,$-54.09,$-75.89,$-75.89,$-69.73,$-67.91,$-69.73,$-75.89,$-75.89,$-69.73,$-94.81,$-134.38,$-66.12,$-63.18,$-146.65,$-150.92,$-54.96,$-117.33,$-155.81,$-61.39,$-146.00,$-72.27,$-60.17,$-176.79,$-145.43,$-144.69,$-113.01,$-148.41,$-183.03,$-75.65,$-155.74,$-38.56,$-38.56,$-176.43,$-176.43,$-152.68,$-67.51,$-183.03,$-151.86,$-176.67,$-67.51
  Span (min) (P8),,,,split_detail,,67.82,56.89,59.67,57.81,57.02,74.57,56.45,58.71,58.71,58.71,58.71,60.89,58.15,58.15,53.63,62.89,53.63,54.03,57.20,57.53,58.19,51.40,51.48,52.00,58.56,61.22,57.62,55.11,57.44,52.82,43.47,52.04,52.70,51.70,56.11,55.19,54.90,52.60,52.60,49.40,49.90,52.60,52.60,52.94,52.86,52.94,52.60,52.60,52.94,36.18,49.44,62.88,68.03,50.88,51.86,70.12,44.33,68.90,69.34,67.85,72.57,34.50,62.20,61.41,60.87,53.64,60.92,63.70,40.75,61.02,58.60,58.60,58.25,58.25,61.54,64.56,63.70,60.14,64.35,64.56
  Sortino (P10),,,,split_detail,,3.2849,-0.4334,-1.6901,-0.2210,0.0044,4.4574,-0.4049,-0.5557,-0.5557,-0.5557,-0.5557,2.9350,-0.5557,-0.5557,2.0823,2.2458,2.0823,0.7845,4.0072,-0.1530,-0.0921,1.9394,1.9363,2.4301,-0.1528,2.8997,3.4182,1.9285,5.1862,1.9363,1.3496,0.1387,2.7229,1.9222,4.4472,4.2270,4.2308,4.1664,4.1664,1.0062,1.0798,4.1664,4.1664,4.1664,4.5672,4.1664,4.6855,4.0513,3.6800,-0.9735,0.1488,0.5330,1.2861,0.5317,0.5815,1.2976,-1.4686,1.2555,2.0749,-0.1080,2.2581,-1.4251,-2.2120,-0.3430,-0.2887,-0.7114,-0.3430,-2.4633,0.3328,-0.1010,0.2816,0.2440,-1.2764,-1.2764,0.0717,1.9454,-2.9063,-0.0635,-2.6702,1.8630
  Trades/D (P10),,,,split_detail,,0.283,0.367,0.367,0.380,0.373,0.277,0.380,0.380,0.380,0.380,0.380,0.373,0.380,0.380,0.392,0.373,0.392,0.386,0.386,0.373,0.373,0.398,0.398,0.404,0.373,0.373,0.380,0.422,0.386,0.398,0.476,0.452,0.446,0.428,0.398,0.404,0.404,0.410,0.410,0.410,0.410,0.410,0.410,0.410,0.386,0.410,0.386,0.410,0.416,0.590,0.416,0.705,0.675,0.422,0.428,0.675,0.663,0.434,0.693,0.530,0.699,0.590,0.530,0.512,0.512,0.361,0.512,0.542,0.633,0.530,0.886,0.873,0.602,0.602,0.530,0.765,0.560,0.542,0.578,0.777
  Profit Fac (P10),,,,split_detail,,1.4461,0.9539,0.8334,0.9757,1.0005,1.5686,0.9565,0.9406,0.9406,0.9406,0.9406,1.3859,0.9406,0.9406,1.2549,1.2675,1.2549,1.0851,1.5075,0.9831,0.9898,1.2164,1.2205,1.2955,0.9831,1.3827,1.4262,1.2133,1.7020,1.2205,1.1435,1.0153,1.2984,1.2071,1.5852,1.5426,1.5725,1.5651,1.5651,1.1126,1.1209,1.5651,1.5651,1.5651,1.6469,1.5651,1.6637,1.5495,1.4793,0.8994,1.0193,1.0569,1.1380,1.0688,1.0763,1.1395,0.8501,1.1716,1.2473,0.9867,1.2714,0.8416,0.7358,0.9582,0.9647,0.9161,0.9582,0.7032,1.0393,0.9875,1.0325,1.0279,0.8432,0.8432,1.0091,1.2244,0.6624,0.9921,0.6828,1.2139
  Max DD (P10),,,,split_detail,,"$7,297.50","$4,566.50","$4,837.50","$4,357.00","$4,689.50","$6,225.50","$4,763.00","$4,688.00","$4,688.00","$4,688.00","$4,688.00","$3,703.50","$4,688.00","$4,688.00","$3,095.50","$3,703.50","$3,095.50","$4,764.50","$3,703.50","$4,691.00","$4,589.00","$4,817.00","$4,348.50","$3,995.00","$4,614.50","$3,754.50","$3,703.50","$4,984.00","$2,505.00","$4,348.50","$3,260.00","$4,303.50","$4,237.50","$4,066.50","$4,208.50","$2,531.00","$3,703.50","$3,703.50","$3,703.50","$4,756.00","$4,679.50","$3,703.50","$3,703.50","$3,703.50","$3,753.00","$3,703.50","$3,703.50","$3,753.00","$3,703.50","$6,268.00","$11,337.00","$12,684.00","$13,681.50","$10,132.00","$10,132.00","$13,769.00","$8,453.50","$7,865.50","$12,139.50","$8,982.50","$12,122.50","$5,739.00","$7,832.00","$9,912.50","$9,709.00","$10,321.50","$9,912.50","$9,345.00","$3,773.50","$8,730.50","$7,316.00","$7,454.50","$15,832.00","$15,832.00","$8,730.50","$13,842.00","$11,432.50","$8,962.00","$10,763.00","$13,842.00"
  Total PNL (P10),,,,split_detail,,"$5,039.00",$-727.00,"$-2,856.00",$-383.00,$7.50,"$6,069.00",$-700.00,$-972.00,$-972.00,$-972.00,$-972.00,"$5,139.00",$-972.00,$-972.00,"$3,537.00","$3,825.50","$3,537.00","$1,394.50","$7,067.00",$-265.00,$-159.50,"$3,489.50","$3,494.50","$4,543.00",$-264.50,"$5,115.50","$5,934.00","$3,525.00","$8,531.50","$3,494.50","$2,631.00",$260.00,"$5,268.00","$3,684.50","$7,586.00","$7,422.50","$7,960.50","$7,895.50","$7,895.50","$1,927.50","$2,068.00","$7,895.50","$7,895.50","$7,895.50","$8,414.00","$7,895.50","$8,632.00","$7,677.50","$7,085.00","$-2,460.00",$455.00,"$1,738.00","$4,231.00","$1,620.50","$1,797.50","$4,272.50","$-4,262.00","$3,999.50","$7,146.00",$-410.00,"$7,844.50","$-3,399.00","$-8,269.50","$-1,247.00","$-1,043.50","$-1,891.50","$-1,247.00","$-9,758.00",$881.50,$-375.50,"$1,139.00",$976.00,"$-6,167.00","$-6,167.00",$267.00,"$7,413.00","$-11,862.50",$-241.00,"$-11,193.00","$7,165.50"
  Avg Profit/Tr (P10),,,,split_detail,,$107.21,$-11.92,$-46.82,$-6.08,$0.12,$131.93,$-11.11,$-15.43,$-15.43,$-15.43,$-15.43,$82.89,$-15.43,$-15.43,$54.42,$61.70,$54.42,$21.79,$110.42,$-4.27,$-2.57,$52.87,$52.95,$67.81,$-4.27,$82.51,$94.19,$50.36,$133.30,$52.95,$33.30,$3.47,$71.19,$51.89,$114.94,$110.78,$118.81,$116.11,$116.11,$28.35,$30.41,$116.11,$116.11,$116.11,$131.47,$116.11,$134.88,$112.90,$102.68,$-25.10,$6.59,$14.85,$37.78,$23.15,$25.32,$38.15,$-38.75,$55.55,$62.14,$-4.66,$67.63,$-34.68,$-93.97,$-14.67,$-12.28,$-31.53,$-14.67,$-108.42,$8.40,$-4.27,$7.75,$6.73,$-61.67,$-61.67,$3.03,$58.37,$-127.55,$-2.68,$-116.59,$55.55
  Span (min) (P10),,,,split_detail,,154.15,79.30,81.02,77.33,77.68,159.48,76.67,77.67,77.67,77.67,77.67,90.89,77.67,77.67,78.62,92.58,78.62,74.70,88.05,78.13,79.03,77.95,76.79,75.01,78.69,91.45,88.56,74.60,86.52,76.79,73.01,75.97,79.93,77.20,112.32,78.36,86.93,85.75,85.75,73.71,74.12,85.75,85.75,85.75,85.31,85.75,85.75,85.34,84.81,63.64,55.80,95.67,105.50,59.24,59.18,105.81,91.51,57.60,107.80,62.38,107.72,52.57,54.38,52.80,52.67,49.13,52.80,54.02,65.27,54.38,72.19,71.54,61.05,61.05,54.50,96.24,54.53,53.29,54.89,97.73
