Name,Value,Min,Max,Type,Description,Solution_0_SELECTED,Solution_1,Solution_2,Solution_3,Solution_4,Solution_5,Solution_6,Solution_7,Solution_8,Solution_9,Solution_10,Solution_11,Solution_12,Solution_13,Solution_14,Solution_15,Solution_16,Solution_17,Solution_18,Solution_19,Solution_20,Solution_21,Solution_22,Solution_23,Solution_24,Solution_25,Solution_26,Solution_27,Solution_28,Solution_29,Solution_30,Solution_31,Solution_32,Solution_33,Solution_34,Solution_35,Solution_36,Solution_37,Solution_38,Solution_39,Solution_40,Solution_41,Solution_42,Solution_43,Solution_44,Solution_45,Solution_46,Solution_47,Solution_48,Solution_49,Solution_50,Solution_51,Solution_52,Solution_53,Solution_54,Solution_55,Solution_56,Solution_57,Solution_58,Solution_59,Solution_60,Solution_61,Solution_62,Solution_63,Solution_64,Solution_65,Solution_66,Solution_67,Solution_68,Solution_69,Solution_70,Solution_71,Solution_72,Solution_73,Solution_74,Solution_75,Solution_76,Solution_77,Solution_78,Solution_79,Solution_80,Solution_81,Solution_82,Solution_83,Solution_84,Solution_85,Solution_86,Solution_87,Solution_88,Solution_89,Solution_90,Solution_91,Solution_92
=== Strategy Config ===,,,,,,,,,,,,,,,,,,,,,,,,,,,,,,,,,,,,,,,,,,,,,,,,,,,,,,,,,,,,,,,,,,,,,,,,,,,,,,,,,,,,,,,,,,,,,,,,,,
Enable Long Trades,1,0,1,int,Allow longs (optimizable),1,1,1,1,1,1,1,1,1,1,1,1,1,1,1,1,1,1,1,1,1,1,1,1,1,1,1,1,1,1,1,1,1,1,1,1,1,1,1,1,1,1,1,1,1,1,1,1,1,1,1,1,1,1,1,1,1,1,1,1,1,1,1,1,1,1,1,1,1,1,1,1,1,1,1,1,1,1,1,1,1,1,1,1,1,1,1,1,1,1,1,1,1
Enable Short Trades,1,0,1,int,Allow shorts (two-sided),0,0,0,0,0,0,0,0,0,0,0,0,0,0,0,0,1,0,0,0,1,1,1,1,1,1,1,1,1,1,1,1,1,1,1,0,1,1,1,1,1,1,1,1,1,1,1,1,1,1,1,1,1,1,1,1,1,1,1,1,1,1,1,1,1,1,1,1,1,1,1,1,1,1,1,1,1,1,1,1,1,1,1,1,1,1,1,1,1,1,1,1,1
Max Open Trades,1,1,1,int,LOCKED one position,1,1,1,1,1,1,1,1,1,1,1,1,1,1,1,1,1,1,1,1,1,1,1,1,1,1,1,1,1,1,1,1,1,1,1,1,1,1,1,1,1,1,1,1,1,1,1,1,1,1,1,1,1,1,1,1,1,1,1,1,1,1,1,1,1,1,1,1,1,1,1,1,1,1,1,1,1,1,1,1,1,1,1,1,1,1,1,1,1,1,1,1,1
Transaction Cost (Per Trade),15,15,15,float,Friction per round-trip,15.0,15.0,15.0,15.0,15.0,15.0,15.0,15.0,15.0,15.0,15.0,15.0,15.0,15.0,15.0,15.0,15.0,15.0,15.0,15.0,15.0,15.0,15.0,15.0,15.0,15.0,15.0,15.0,15.0,15.0,15.0,15.0,15.0,15.0,15.0,15.0,15.0,15.0,15.0,15.0,15.0,15.0,15.0,15.0,15.0,15.0,15.0,15.0,15.0,15.0,15.0,15.0,15.0,15.0,15.0,15.0,15.0,15.0,15.0,15.0,15.0,15.0,15.0,15.0,15.0,15.0,15.0,15.0,15.0,15.0,15.0,15.0,15.0,15.0,15.0,15.0,15.0,15.0,15.0,15.0,15.0,15.0,15.0,15.0,15.0,15.0,15.0,15.0,15.0,15.0,15.0,15.0,15.0
Timeframe (minutes),5,3,15,int,Bar size (optimized),14,14,14,14,15,14,14,14,14,15,12,14,15,14,14,12,14,12,12,12,14,14,14,14,14,14,14,14,14,13,14,14,14,14,14,14,14,14,14,14,14,14,14,14,14,14,14,14,14,14,14,14,14,14,14,14,14,14,13,13,14,14,13,14,14,14,14,14,14,13,14,12,14,14,14,14,12,14,14,12,12,14,14,12,14,12,12,12,12,14,12,14,12
=== Entry: Multi-zone S/R Breakout ===,,,,,,,,,,,,,,,,,,,,,,,,,,,,,,,,,,,,,,,,,,,,,,,,,,,,,,,,,,,,,,,,,,,,,,,,,,,,,,,,,,,,,,,,,,,,,,,,,,
Zone Width ATR Mult,0.35,0.15,0.80,float,Half-width k of zone around wick extreme,0.7057,0.7671,0.781,0.8,0.7258,0.8,0.8,0.7072,0.8,0.7535,0.8,0.8,0.7535,0.7052,0.6948,0.8,0.8,0.8,0.8,0.8,0.8,0.8,0.8,0.8,0.6441,0.8,0.6441,0.8,0.8,0.5126,0.8,0.8,0.8,0.8,0.8,0.8,0.622,0.622,0.4664,0.4664,0.4664,0.4664,0.4664,0.4664,0.4664,0.4664,0.8,0.5124,0.8,0.8,0.263,0.8,0.8,0.8,0.8,0.8,0.8,0.8,0.7047,0.5754,0.8,0.8,0.6999,0.8,0.8,0.8,0.263,0.8,0.8,0.7047,0.4228,0.4522,0.8,0.8,0.2653,0.263,0.6128,0.2653,0.8,0.4522,0.526,0.263,0.2264,0.4522,0.8,0.4522,0.4522,0.4522,0.4522,0.2116,0.5765,0.2653,0.5718
Strength Threshold,2.0,1.0,6.0,float,Min zone strength for breakout entry,5.3202,4.4451,4.36,4.418,5.3517,4.5602,5.4663,5.7886,4.3173,4.9842,4.5403,5.0407,4.6852,5.4357,4.7959,5.3282,4.6023,4.1161,5.3282,5.3282,4.4714,4.2547,4.1476,4.3555,4.2861,4.4949,4.2861,4.4741,4.6539,4.2527,4.3547,4.3633,4.1434,4.5305,4.1562,4.4848,4.0947,4.0947,4.3466,4.3466,4.3466,4.3466,4.3466,4.2373,4.1568,4.0554,4.5333,4.4333,4.07,4.4451,4.1087,4.1397,4.148,4.2093,4.137,4.2295,2.9654,4.2564,4.627,4.3714,3.9108,3.8271,4.8801,4.1398,3.3962,3.6901,4.8909,3.821,4.0572,4.3927,4.1385,4.5845,2.7469,3.391,4.8864,4.1087,4.5591,4.8864,3.635,4.5974,4.2628,4.8909,4.1087,4.3629,2.7428,4.5591,4.5541,4.541,4.4845,4.1087,4.5614,4.8864,4.5445
Volume Mult,1.25,1.0,2.5,float,Entry volume >= mult x volume MA,1.301,1.0796,1.1898,1.3787,1.1879,1.19,1.1265,1.0005,1.0641,1.0,1.2545,1.0004,1.0,1.0119,1.0,1.1102,1.3896,1.0,1.1102,1.1102,1.524,1.4155,1.2838,1.3313,1.1996,1.3169,1.1996,1.3977,1.1854,1.3169,1.1799,1.1799,1.2089,1.0961,1.1259,1.131,1.0,1.1199,1.1795,1.1575,1.1795,1.1257,1.0583,1.0583,1.0583,1.0583,1.32,1.0035,1.3917,1.3113,1.2319,1.4085,1.2837,1.3113,1.3113,1.3023,1.0765,1.2844,1.0549,1.0039,1.3005,1.3886,1.0,1.1902,1.3005,1.41,1.0,1.2757,1.1902,1.0445,1.0,1.3125,1.2319,1.2026,1.0002,1.0,1.0,1.0564,1.1768,1.3155,1.3609,1.0,1.0,1.3155,1.154,1.2677,1.2675,1.2688,1.2669,1.0,1.3207,1.4053,1.2657
Dissipation (per bar),0.25,0.05,2.0,float,Linear strength loss per bar (max(0 strength - d)),0.0566,0.0735,0.05,0.0663,0.0551,0.05,0.05,0.0687,0.05,0.0616,0.0715,0.083,0.0616,0.0675,0.0527,0.056,0.05,0.0694,0.056,0.056,0.05,0.05,0.05,0.05,0.0546,0.05,0.0546,0.05,0.05,0.05,0.05,0.05,0.05,0.05,0.05,0.05,0.0533,0.0533,0.0545,0.0545,0.0545,0.0545,0.0545,0.0545,0.0545,0.0545,0.05,0.053,0.05,0.05,0.05,0.05,0.05,0.05,0.05,0.05,0.0506,0.05,0.0917,0.1023,0.05,0.05,0.0869,0.05,0.05,0.05,0.05,0.05,0.05,0.0917,0.05,0.1019,0.05,0.05,0.05,0.05,0.1019,0.05,0.05,0.1019,0.05,0.05,0.05,0.1019,0.05,0.1019,0.1019,0.1019,0.1019,0.05,0.0728,0.05,0.068
Stop Pad ATR,0.15,0.0,0.50,float,Stop beyond origin zone edge in ATR,0.0,0.2108,0.3921,0.3632,0.2638,0.5,0.2799,0.0,0.2287,0.2747,0.2513,0.2853,0.2747,0.0,0.16,0.2527,0.0419,0.2741,0.3659,0.3659,0.0335,0.0389,0.1472,0.1569,0.169,0.0925,0.5,0.5,0.0291,0.0262,0.0473,0.0473,0.4708,0.202,0.065,0.0,0.2142,0.2706,0.0,0.0,0.1717,0.0,0.0,0.0,0.0,0.0,0.0191,0.3915,0.0,0.0,0.2835,0.0,0.0207,0.0,0.0,0.0,0.0168,0.0,0.3412,0.3221,0.0,0.0,0.3141,0.0,0.0,0.0,0.1572,0.0,0.0,0.3412,0.2869,0.5,0.0132,0.0114,0.2307,0.2869,0.4234,0.2307,0.0,0.314,0.1273,0.0471,0.2869,0.277,0.0114,0.4234,0.3947,0.4375,0.4171,0.2869,0.3432,0.2307,0.3161
Max Hold (bars),24,6,60,int,Time exit,32,32,32,38,32,32,33,33,32,32,33,33,32,33,32,32,32,32,32,32,32,32,32,32,32,32,32,32,43,43,32,32,32,32,33,32,32,32,32,32,32,32,32,32,32,32,32,32,32,32,32,32,32,32,32,32,32,32,34,40,32,32,32,32,32,32,32,32,32,34,32,44,32,32,32,32,44,32,32,44,33,32,32,44,32,44,44,44,44,32,26,32,24
Min Opposite Zone Dist (ATR),0.5,0.5,0.5,float,LOCKED min room entry→opposite zone (ATR); blocks micro post-entry TP,0.5,0.5,0.5,0.5,0.5,0.5,0.5,0.5,0.5,0.5,0.5,0.5,0.5,0.5,0.5,0.5,0.5,0.5,0.5,0.5,0.5,0.5,0.5,0.5,0.5,0.5,0.5,0.5,0.5,0.5,0.5,0.5,0.5,0.5,0.5,0.5,0.5,0.5,0.5,0.5,0.5,0.5,0.5,0.5,0.5,0.5,0.5,0.5,0.5,0.5,0.5,0.5,0.5,0.5,0.5,0.5,0.5,0.5,0.5,0.5,0.5,0.5,0.5,0.5,0.5,0.5,0.5,0.5,0.5,0.5,0.5,0.5,0.5,0.5,0.5,0.5,0.5,0.5,0.5,0.5,0.5,0.5,0.5,0.5,0.5,0.5,0.5,0.5,0.5,0.5,0.5,0.5,0.5
=== Filters ===,,,,,,,,,,,,,,,,,,,,,,,,,,,,,,,,,,,,,,,,,,,,,,,,,,,,,,,,,,,,,,,,,,,,,,,,,,,,,,,,,,,,,,,,,,,,,,,,,,
Enable RTH Filter,1,1,1,int,LOCKED RTH only,1,1,1,1,1,1,1,1,1,1,1,1,1,1,1,1,1,1,1,1,1,1,1,1,1,1,1,1,1,1,1,1,1,1,1,1,1,1,1,1,1,1,1,1,1,1,1,1,1,1,1,1,1,1,1,1,1,1,1,1,1,1,1,1,1,1,1,1,1,1,1,1,1,1,1,1,1,1,1,1,1,1,1,1,1,1,1,1,1,1,1,1,1
RTH Start (HH:MM),09:30,,,str,RTH open Eastern,09:30,09:30,09:30,09:30,09:30,09:30,09:30,09:30,09:30,09:30,09:30,09:30,09:30,09:30,09:30,09:30,09:30,09:30,09:30,09:30,09:30,09:30,09:30,09:30,09:30,09:30,09:30,09:30,09:30,09:30,09:30,09:30,09:30,09:30,09:30,09:30,09:30,09:30,09:30,09:30,09:30,09:30,09:30,09:30,09:30,09:30,09:30,09:30,09:30,09:30,09:30,09:30,09:30,09:30,09:30,09:30,09:30,09:30,09:30,09:30,09:30,09:30,09:30,09:30,09:30,09:30,09:30,09:30,09:30,09:30,09:30,09:30,09:30,09:30,09:30,09:30,09:30,09:30,09:30,09:30,09:30,09:30,09:30,09:30,09:30,09:30,09:30,09:30,09:30,09:30,09:30,09:30,09:30
RTH End (HH:MM),16:00,,,str,RTH close Eastern,16:00,16:00,16:00,16:00,16:00,16:00,16:00,16:00,16:00,16:00,16:00,16:00,16:00,16:00,16:00,16:00,16:00,16:00,16:00,16:00,16:00,16:00,16:00,16:00,16:00,16:00,16:00,16:00,16:00,16:00,16:00,16:00,16:00,16:00,16:00,16:00,16:00,16:00,16:00,16:00,16:00,16:00,16:00,16:00,16:00,16:00,16:00,16:00,16:00,16:00,16:00,16:00,16:00,16:00,16:00,16:00,16:00,16:00,16:00,16:00,16:00,16:00,16:00,16:00,16:00,16:00,16:00,16:00,16:00,16:00,16:00,16:00,16:00,16:00,16:00,16:00,16:00,16:00,16:00,16:00,16:00,16:00,16:00,16:00,16:00,16:00,16:00,16:00,16:00,16:00,16:00,16:00,16:00
RTH Exit Buffer (minutes),5,5,5,int,LOCKED flatten before close,5,5,5,5,5,5,5,5,5,5,5,5,5,5,5,5,5,5,5,5,5,5,5,5,5,5,5,5,5,5,5,5,5,5,5,5,5,5,5,5,5,5,5,5,5,5,5,5,5,5,5,5,5,5,5,5,5,5,5,5,5,5,5,5,5,5,5,5,5,5,5,5,5,5,5,5,5,5,5,5,5,5,5,5,5,5,5,5,5,5,5,5,5
Enable Maintenance Filter,1,1,1,int,LOCKED,1,1,1,1,1,1,1,1,1,1,1,1,1,1,1,1,1,1,1,1,1,1,1,1,1,1,1,1,1,1,1,1,1,1,1,1,1,1,1,1,1,1,1,1,1,1,1,1,1,1,1,1,1,1,1,1,1,1,1,1,1,1,1,1,1,1,1,1,1,1,1,1,1,1,1,1,1,1,1,1,1,1,1,1,1,1,1,1,1,1,1,1,1
Daily Maintenance Start (HH:MM),17:00,,,str,Daily maintenance start,17:00,17:00,17:00,17:00,17:00,17:00,17:00,17:00,17:00,17:00,17:00,17:00,17:00,17:00,17:00,17:00,17:00,17:00,17:00,17:00,17:00,17:00,17:00,17:00,17:00,17:00,17:00,17:00,17:00,17:00,17:00,17:00,17:00,17:00,17:00,17:00,17:00,17:00,17:00,17:00,17:00,17:00,17:00,17:00,17:00,17:00,17:00,17:00,17:00,17:00,17:00,17:00,17:00,17:00,17:00,17:00,17:00,17:00,17:00,17:00,17:00,17:00,17:00,17:00,17:00,17:00,17:00,17:00,17:00,17:00,17:00,17:00,17:00,17:00,17:00,17:00,17:00,17:00,17:00,17:00,17:00,17:00,17:00,17:00,17:00,17:00,17:00,17:00,17:00,17:00,17:00,17:00,17:00
Daily Maintenance End (HH:MM),17:30,,,str,Daily maintenance end,17:30,17:30,17:30,17:30,17:30,17:30,17:30,17:30,17:30,17:30,17:30,17:30,17:30,17:30,17:30,17:30,17:30,17:30,17:30,17:30,17:30,17:30,17:30,17:30,17:30,17:30,17:30,17:30,17:30,17:30,17:30,17:30,17:30,17:30,17:30,17:30,17:30,17:30,17:30,17:30,17:30,17:30,17:30,17:30,17:30,17:30,17:30,17:30,17:30,17:30,17:30,17:30,17:30,17:30,17:30,17:30,17:30,17:30,17:30,17:30,17:30,17:30,17:30,17:30,17:30,17:30,17:30,17:30,17:30,17:30,17:30,17:30,17:30,17:30,17:30,17:30,17:30,17:30,17:30,17:30,17:30,17:30,17:30,17:30,17:30,17:30,17:30,17:30,17:30,17:30,17:30,17:30,17:30
Weekend Maintenance Start Day,4,4,4,int,Friday,4,4,4,4,4,4,4,4,4,4,4,4,4,4,4,4,4,4,4,4,4,4,4,4,4,4,4,4,4,4,4,4,4,4,4,4,4,4,4,4,4,4,4,4,4,4,4,4,4,4,4,4,4,4,4,4,4,4,4,4,4,4,4,4,4,4,4,4,4,4,4,4,4,4,4,4,4,4,4,4,4,4,4,4,4,4,4,4,4,4,4,4,4
Weekend Maintenance Start Time (HH:MM),17:00,,,str,Friday maintenance start,17:00,17:00,17:00,17:00,17:00,17:00,17:00,17:00,17:00,17:00,17:00,17:00,17:00,17:00,17:00,17:00,17:00,17:00,17:00,17:00,17:00,17:00,17:00,17:00,17:00,17:00,17:00,17:00,17:00,17:00,17:00,17:00,17:00,17:00,17:00,17:00,17:00,17:00,17:00,17:00,17:00,17:00,17:00,17:00,17:00,17:00,17:00,17:00,17:00,17:00,17:00,17:00,17:00,17:00,17:00,17:00,17:00,17:00,17:00,17:00,17:00,17:00,17:00,17:00,17:00,17:00,17:00,17:00,17:00,17:00,17:00,17:00,17:00,17:00,17:00,17:00,17:00,17:00,17:00,17:00,17:00,17:00,17:00,17:00,17:00,17:00,17:00,17:00,17:00,17:00,17:00,17:00,17:00
Weekend Maintenance End Day,6,6,6,int,Sunday,6,6,6,6,6,6,6,6,6,6,6,6,6,6,6,6,6,6,6,6,6,6,6,6,6,6,6,6,6,6,6,6,6,6,6,6,6,6,6,6,6,6,6,6,6,6,6,6,6,6,6,6,6,6,6,6,6,6,6,6,6,6,6,6,6,6,6,6,6,6,6,6,6,6,6,6,6,6,6,6,6,6,6,6,6,6,6,6,6,6,6,6,6
Weekend Maintenance End Time (HH:MM),18:00,,,str,Sunday maintenance end,18:00,18:00,18:00,18:00,18:00,18:00,18:00,18:00,18:00,18:00,18:00,18:00,18:00,18:00,18:00,18:00,18:00,18:00,18:00,18:00,18:00,18:00,18:00,18:00,18:00,18:00,18:00,18:00,18:00,18:00,18:00,18:00,18:00,18:00,18:00,18:00,18:00,18:00,18:00,18:00,18:00,18:00,18:00,18:00,18:00,18:00,18:00,18:00,18:00,18:00,18:00,18:00,18:00,18:00,18:00,18:00,18:00,18:00,18:00,18:00,18:00,18:00,18:00,18:00,18:00,18:00,18:00,18:00,18:00,18:00,18:00,18:00,18:00,18:00,18:00,18:00,18:00,18:00,18:00,18:00,18:00,18:00,18:00,18:00,18:00,18:00,18:00,18:00,18:00,18:00,18:00,18:00,18:00
Maintenance Buffer Minutes,22,22,22,int,LOCKED buffer around maintenance,22,22,22,22,22,22,22,22,22,22,22,22,22,22,22,22,22,22,22,22,22,22,22,22,22,22,22,22,22,22,22,22,22,22,22,22,22,22,22,22,22,22,22,22,22,22,22,22,22,22,22,22,22,22,22,22,22,22,22,22,22,22,22,22,22,22,22,22,22,22,22,22,22,22,22,22,22,22,22,22,22,22,22,22,22,22,22,22,22,22,22,22,22
=== Exit Logic ===,,,,,,,,,,,,,,,,,,,,,,,,,,,,,,,,,,,,,,,,,,,,,,,,,,,,,,,,,,,,,,,,,,,,,,,,,,,,,,,,,,,,,,,,,,,,,,,,,,
Enable Stop Loss,1,1,1,int,LOCKED origin-zone stop on,1,1,1,1,1,1,1,1,1,1,1,1,1,1,1,1,1,1,1,1,1,1,1,1,1,1,1,1,1,1,1,1,1,1,1,1,1,1,1,1,1,1,1,1,1,1,1,1,1,1,1,1,1,1,1,1,1,1,1,1,1,1,1,1,1,1,1,1,1,1,1,1,1,1,1,1,1,1,1,1,1,1,1,1,1,1,1,1,1,1,1,1,1
Stop ATR Multiplier,1.0,1.0,1.0,float,Unused (stop from zone edge + pad),1.0,1.0,1.0,1.0,1.0,1.0,1.0,1.0,1.0,1.0,1.0,1.0,1.0,1.0,1.0,1.0,1.0,1.0,1.0,1.0,1.0,1.0,1.0,1.0,1.0,1.0,1.0,1.0,1.0,1.0,1.0,1.0,1.0,1.0,1.0,1.0,1.0,1.0,1.0,1.0,1.0,1.0,1.0,1.0,1.0,1.0,1.0,1.0,1.0,1.0,1.0,1.0,1.0,1.0,1.0,1.0,1.0,1.0,1.0,1.0,1.0,1.0,1.0,1.0,1.0,1.0,1.0,1.0,1.0,1.0,1.0,1.0,1.0,1.0,1.0,1.0,1.0,1.0,1.0,1.0,1.0,1.0,1.0,1.0,1.0,1.0,1.0,1.0,1.0,1.0,1.0,1.0,1.0
Enable Take Profit,0,0,0,int,LOCKED off (opposite-zone exit),0,0,0,0,0,0,0,0,0,0,0,0,0,0,0,0,0,0,0,0,0,0,0,0,0,0,0,0,0,0,0,0,0,0,0,0,0,0,0,0,0,0,0,0,0,0,0,0,0,0,0,0,0,0,0,0,0,0,0,0,0,0,0,0,0,0,0,0,0,0,0,0,0,0,0,0,0,0,0,0,0,0,0,0,0,0,0,0,0,0,0,0,0
Take Profit ATR Multiplier,2.0,2.0,2.0,float,Unused,2.0,2.0,2.0,2.0,2.0,2.0,2.0,2.0,2.0,2.0,2.0,2.0,2.0,2.0,2.0,2.0,2.0,2.0,2.0,2.0,2.0,2.0,2.0,2.0,2.0,2.0,2.0,2.0,2.0,2.0,2.0,2.0,2.0,2.0,2.0,2.0,2.0,2.0,2.0,2.0,2.0,2.0,2.0,2.0,2.0,2.0,2.0,2.0,2.0,2.0,2.0,2.0,2.0,2.0,2.0,2.0,2.0,2.0,2.0,2.0,2.0,2.0,2.0,2.0,2.0,2.0,2.0,2.0,2.0,2.0,2.0,2.0,2.0,2.0,2.0,2.0,2.0,2.0,2.0,2.0,2.0,2.0,2.0,2.0,2.0,2.0,2.0,2.0,2.0,2.0,2.0,2.0,2.0
Enable Trailing Stop,0,0,0,int,LOCKED off,0,0,0,0,0,0,0,0,0,0,0,0,0,0,0,0,0,0,0,0,0,0,0,0,0,0,0,0,0,0,0,0,0,0,0,0,0,0,0,0,0,0,0,0,0,0,0,0,0,0,0,0,0,0,0,0,0,0,0,0,0,0,0,0,0,0,0,0,0,0,0,0,0,0,0,0,0,0,0,0,0,0,0,0,0,0,0,0,0,0,0,0,0
Trailing Delay (bars),1,1,1,int,Unused,1,1,1,1,1,1,1,1,1,1,1,1,1,1,1,1,1,1,1,1,1,1,1,1,1,1,1,1,1,1,1,1,1,1,1,1,1,1,1,1,1,1,1,1,1,1,1,1,1,1,1,1,1,1,1,1,1,1,1,1,1,1,1,1,1,1,1,1,1,1,1,1,1,1,1,1,1,1,1,1,1,1,1,1,1,1,1,1,1,1,1,1,1
ATR Multiplier for Trailing Stop,2.0,2.0,2.0,float,Unused,2.0,2.0,2.0,2.0,2.0,2.0,2.0,2.0,2.0,2.0,2.0,2.0,2.0,2.0,2.0,2.0,2.0,2.0,2.0,2.0,2.0,2.0,2.0,2.0,2.0,2.0,2.0,2.0,2.0,2.0,2.0,2.0,2.0,2.0,2.0,2.0,2.0,2.0,2.0,2.0,2.0,2.0,2.0,2.0,2.0,2.0,2.0,2.0,2.0,2.0,2.0,2.0,2.0,2.0,2.0,2.0,2.0,2.0,2.0,2.0,2.0,2.0,2.0,2.0,2.0,2.0,2.0,2.0,2.0,2.0,2.0,2.0,2.0,2.0,2.0,2.0,2.0,2.0,2.0,2.0,2.0,2.0,2.0,2.0,2.0,2.0,2.0,2.0,2.0,2.0,2.0,2.0,2.0
=== GA Criteria ===,,,,,,,,,,,,,,,,,,,,,,,,,,,,,,,,,,,,,,,,,,,,,,,,,,,,,,,,,,,,,,,,,,,,,,,,,,,,,,,,,,,,,,,,,,,,,,,,,,
POP_SIZE,150,150,150,int,Short diagnostic pop,150,150,150,150,150,150,150,150,150,150,150,150,150,150,150,150,150,150,150,150,150,150,150,150,150,150,150,150,150,150,150,150,150,150,150,150,150,150,150,150,150,150,150,150,150,150,150,150,150,150,150,150,150,150,150,150,150,150,150,150,150,150,150,150,150,150,150,150,150,150,150,150,150,150,150,150,150,150,150,150,150,150,150,150,150,150,150,150,150,150,150,150,150
NUM_GEN,25,25,25,int,Short diagnostic gens,25,25,25,25,25,25,25,25,25,25,25,25,25,25,25,25,25,25,25,25,25,25,25,25,25,25,25,25,25,25,25,25,25,25,25,25,25,25,25,25,25,25,25,25,25,25,25,25,25,25,25,25,25,25,25,25,25,25,25,25,25,25,25,25,25,25,25,25,25,25,25,25,25,25,25,25,25,25,25,25,25,25,25,25,25,25,25,25,25,25,25,25,25
CX_PB,0.5,0.5,0.5,float,Crossover,0.5,0.5,0.5,0.5,0.5,0.5,0.5,0.5,0.5,0.5,0.5,0.5,0.5,0.5,0.5,0.5,0.5,0.5,0.5,0.5,0.5,0.5,0.5,0.5,0.5,0.5,0.5,0.5,0.5,0.5,0.5,0.5,0.5,0.5,0.5,0.5,0.5,0.5,0.5,0.5,0.5,0.5,0.5,0.5,0.5,0.5,0.5,0.5,0.5,0.5,0.5,0.5,0.5,0.5,0.5,0.5,0.5,0.5,0.5,0.5,0.5,0.5,0.5,0.5,0.5,0.5,0.5,0.5,0.5,0.5,0.5,0.5,0.5,0.5,0.5,0.5,0.5,0.5,0.5,0.5,0.5,0.5,0.5,0.5,0.5,0.5,0.5,0.5,0.5,0.5,0.5,0.5,0.5
MUT_PB,0.4,0.4,0.4,float,Mutation,0.4,0.4,0.4,0.4,0.4,0.4,0.4,0.4,0.4,0.4,0.4,0.4,0.4,0.4,0.4,0.4,0.4,0.4,0.4,0.4,0.4,0.4,0.4,0.4,0.4,0.4,0.4,0.4,0.4,0.4,0.4,0.4,0.4,0.4,0.4,0.4,0.4,0.4,0.4,0.4,0.4,0.4,0.4,0.4,0.4,0.4,0.4,0.4,0.4,0.4,0.4,0.4,0.4,0.4,0.4,0.4,0.4,0.4,0.4,0.4,0.4,0.4,0.4,0.4,0.4,0.4,0.4,0.4,0.4,0.4,0.4,0.4,0.4,0.4,0.4,0.4,0.4,0.4,0.4,0.4,0.4,0.4,0.4,0.4,0.4,0.4,0.4,0.4,0.4,0.4,0.4,0.4,0.4
MUT_MU,0,0,0,float,Mutation mean,0.0,0.0,0.0,0.0,0.0,0.0,0.0,0.0,0.0,0.0,0.0,0.0,0.0,0.0,0.0,0.0,0.0,0.0,0.0,0.0,0.0,0.0,0.0,0.0,0.0,0.0,0.0,0.0,0.0,0.0,0.0,0.0,0.0,0.0,0.0,0.0,0.0,0.0,0.0,0.0,0.0,0.0,0.0,0.0,0.0,0.0,0.0,0.0,0.0,0.0,0.0,0.0,0.0,0.0,0.0,0.0,0.0,0.0,0.0,0.0,0.0,0.0,0.0,0.0,0.0,0.0,0.0,0.0,0.0,0.0,0.0,0.0,0.0,0.0,0.0,0.0,0.0,0.0,0.0,0.0,0.0,0.0,0.0,0.0,0.0,0.0,0.0,0.0,0.0,0.0,0.0,0.0,0.0
MUT_SIGMA,0.3,0.3,0.3,float,Mutation sigma,0.3,0.3,0.3,0.3,0.3,0.3,0.3,0.3,0.3,0.3,0.3,0.3,0.3,0.3,0.3,0.3,0.3,0.3,0.3,0.3,0.3,0.3,0.3,0.3,0.3,0.3,0.3,0.3,0.3,0.3,0.3,0.3,0.3,0.3,0.3,0.3,0.3,0.3,0.3,0.3,0.3,0.3,0.3,0.3,0.3,0.3,0.3,0.3,0.3,0.3,0.3,0.3,0.3,0.3,0.3,0.3,0.3,0.3,0.3,0.3,0.3,0.3,0.3,0.3,0.3,0.3,0.3,0.3,0.3,0.3,0.3,0.3,0.3,0.3,0.3,0.3,0.3,0.3,0.3,0.3,0.3,0.3,0.3,0.3,0.3,0.3,0.3,0.3,0.3,0.3,0.3,0.3,0.3
TARGET_TRADES_DAY,1.5,1.5,1.5,float,Activity target,1.5,1.5,1.5,1.5,1.5,1.5,1.5,1.5,1.5,1.5,1.5,1.5,1.5,1.5,1.5,1.5,1.5,1.5,1.5,1.5,1.5,1.5,1.5,1.5,1.5,1.5,1.5,1.5,1.5,1.5,1.5,1.5,1.5,1.5,1.5,1.5,1.5,1.5,1.5,1.5,1.5,1.5,1.5,1.5,1.5,1.5,1.5,1.5,1.5,1.5,1.5,1.5,1.5,1.5,1.5,1.5,1.5,1.5,1.5,1.5,1.5,1.5,1.5,1.5,1.5,1.5,1.5,1.5,1.5,1.5,1.5,1.5,1.5,1.5,1.5,1.5,1.5,1.5,1.5,1.5,1.5,1.5,1.5,1.5,1.5,1.5,1.5,1.5,1.5,1.5,1.5,1.5,1.5
TRADES_PENALTY_WEIGHT,0.25,0.25,0.25,float,Excess trade penalty,0.25,0.25,0.25,0.25,0.25,0.25,0.25,0.25,0.25,0.25,0.25,0.25,0.25,0.25,0.25,0.25,0.25,0.25,0.25,0.25,0.25,0.25,0.25,0.25,0.25,0.25,0.25,0.25,0.25,0.25,0.25,0.25,0.25,0.25,0.25,0.25,0.25,0.25,0.25,0.25,0.25,0.25,0.25,0.25,0.25,0.25,0.25,0.25,0.25,0.25,0.25,0.25,0.25,0.25,0.25,0.25,0.25,0.25,0.25,0.25,0.25,0.25,0.25,0.25,0.25,0.25,0.25,0.25,0.25,0.25,0.25,0.25,0.25,0.25,0.25,0.25,0.25,0.25,0.25,0.25,0.25,0.25,0.25,0.25,0.25,0.25,0.25,0.25,0.25,0.25,0.25,0.25,0.25
DD_WEIGHT,0.5,0.5,0.5,float,Drawdown weight,0.5,0.5,0.5,0.5,0.5,0.5,0.5,0.5,0.5,0.5,0.5,0.5,0.5,0.5,0.5,0.5,0.5,0.5,0.5,0.5,0.5,0.5,0.5,0.5,0.5,0.5,0.5,0.5,0.5,0.5,0.5,0.5,0.5,0.5,0.5,0.5,0.5,0.5,0.5,0.5,0.5,0.5,0.5,0.5,0.5,0.5,0.5,0.5,0.5,0.5,0.5,0.5,0.5,0.5,0.5,0.5,0.5,0.5,0.5,0.5,0.5,0.5,0.5,0.5,0.5,0.5,0.5,0.5,0.5,0.5,0.5,0.5,0.5,0.5,0.5,0.5,0.5,0.5,0.5,0.5,0.5,0.5,0.5,0.5,0.5,0.5,0.5,0.5,0.5,0.5,0.5,0.5,0.5
DATA_SPLITS,0.65,0.65,0.65,float,IS fraction,0.65,0.65,0.65,0.65,0.65,0.65,0.65,0.65,0.65,0.65,0.65,0.65,0.65,0.65,0.65,0.65,0.65,0.65,0.65,0.65,0.65,0.65,0.65,0.65,0.65,0.65,0.65,0.65,0.65,0.65,0.65,0.65,0.65,0.65,0.65,0.65,0.65,0.65,0.65,0.65,0.65,0.65,0.65,0.65,0.65,0.65,0.65,0.65,0.65,0.65,0.65,0.65,0.65,0.65,0.65,0.65,0.65,0.65,0.65,0.65,0.65,0.65,0.65,0.65,0.65,0.65,0.65,0.65,0.65,0.65,0.65,0.65,0.65,0.65,0.65,0.65,0.65,0.65,0.65,0.65,0.65,0.65,0.65,0.65,0.65,0.65,0.65,0.65,0.65,0.65,0.65,0.65,0.65
DATA_SIZE,0,0,0,int,0 = full history,0,0,0,0,0,0,0,0,0,0,0,0,0,0,0,0,0,0,0,0,0,0,0,0,0,0,0,0,0,0,0,0,0,0,0,0,0,0,0,0,0,0,0,0,0,0,0,0,0,0,0,0,0,0,0,0,0,0,0,0,0,0,0,0,0,0,0,0,0,0,0,0,0,0,0,0,0,0,0,0,0,0,0,0,0,0,0,0,0,0,0,0,0
USE_INTERLEAVED_SPLIT,TRUE,TRUE,TRUE,bool,Interleaved IS/OOS,True,True,True,True,True,True,True,True,True,True,True,True,True,True,True,True,True,True,True,True,True,True,True,True,True,True,True,True,True,True,True,True,True,True,True,True,True,True,True,True,True,True,True,True,True,True,True,True,True,True,True,True,True,True,True,True,True,True,True,True,True,True,True,True,True,True,True,True,True,True,True,True,True,True,True,True,True,True,True,True,True,True,True,True,True,True,True,True,True,True,True,True,True
NUM_SPLIT_PERIODS,11,11,11,int,OOS slices,11,11,11,11,11,11,11,11,11,11,11,11,11,11,11,11,11,11,11,11,11,11,11,11,11,11,11,11,11,11,11,11,11,11,11,11,11,11,11,11,11,11,11,11,11,11,11,11,11,11,11,11,11,11,11,11,11,11,11,11,11,11,11,11,11,11,11,11,11,11,11,11,11,11,11,11,11,11,11,11,11,11,11,11,11,11,11,11,11,11,11,11,11
MIN_TRADES_DAY,0.3,0.3,0.3,float,Activity floor,0.3,0.3,0.3,0.3,0.3,0.3,0.3,0.3,0.3,0.3,0.3,0.3,0.3,0.3,0.3,0.3,0.3,0.3,0.3,0.3,0.3,0.3,0.3,0.3,0.3,0.3,0.3,0.3,0.3,0.3,0.3,0.3,0.3,0.3,0.3,0.3,0.3,0.3,0.3,0.3,0.3,0.3,0.3,0.3,0.3,0.3,0.3,0.3,0.3,0.3,0.3,0.3,0.3,0.3,0.3,0.3,0.3,0.3,0.3,0.3,0.3,0.3,0.3,0.3,0.3,0.3,0.3,0.3,0.3,0.3,0.3,0.3,0.3,0.3,0.3,0.3,0.3,0.3,0.3,0.3,0.3,0.3,0.3,0.3,0.3,0.3,0.3,0.3,0.3,0.3,0.3,0.3,0.3
MIN_PROFIT_PER_TRADE,15,15,15,float,Min profit/trade norm,15.0,15.0,15.0,15.0,15.0,15.0,15.0,15.0,15.0,15.0,15.0,15.0,15.0,15.0,15.0,15.0,15.0,15.0,15.0,15.0,15.0,15.0,15.0,15.0,15.0,15.0,15.0,15.0,15.0,15.0,15.0,15.0,15.0,15.0,15.0,15.0,15.0,15.0,15.0,15.0,15.0,15.0,15.0,15.0,15.0,15.0,15.0,15.0,15.0,15.0,15.0,15.0,15.0,15.0,15.0,15.0,15.0,15.0,15.0,15.0,15.0,15.0,15.0,15.0,15.0,15.0,15.0,15.0,15.0,15.0,15.0,15.0,15.0,15.0,15.0,15.0,15.0,15.0,15.0,15.0,15.0,15.0,15.0,15.0,15.0,15.0,15.0,15.0,15.0,15.0,15.0,15.0,15.0
MIN_TRADES_PEN_WEIGHT,-120,-120,-120,float,Low-trade penalty,-120.0,-120.0,-120.0,-120.0,-120.0,-120.0,-120.0,-120.0,-120.0,-120.0,-120.0,-120.0,-120.0,-120.0,-120.0,-120.0,-120.0,-120.0,-120.0,-120.0,-120.0,-120.0,-120.0,-120.0,-120.0,-120.0,-120.0,-120.0,-120.0,-120.0,-120.0,-120.0,-120.0,-120.0,-120.0,-120.0,-120.0,-120.0,-120.0,-120.0,-120.0,-120.0,-120.0,-120.0,-120.0,-120.0,-120.0,-120.0,-120.0,-120.0,-120.0,-120.0,-120.0,-120.0,-120.0,-120.0,-120.0,-120.0,-120.0,-120.0,-120.0,-120.0,-120.0,-120.0,-120.0,-120.0,-120.0,-120.0,-120.0,-120.0,-120.0,-120.0,-120.0,-120.0,-120.0,-120.0,-120.0,-120.0,-120.0,-120.0,-120.0,-120.0,-120.0,-120.0,-120.0,-120.0,-120.0,-120.0,-120.0,-120.0,-120.0,-120.0,-120.0
NORM_SORTINO_MAX,8,8,8,float,Sortino cap,8.0,8.0,8.0,8.0,8.0,8.0,8.0,8.0,8.0,8.0,8.0,8.0,8.0,8.0,8.0,8.0,8.0,8.0,8.0,8.0,8.0,8.0,8.0,8.0,8.0,8.0,8.0,8.0,8.0,8.0,8.0,8.0,8.0,8.0,8.0,8.0,8.0,8.0,8.0,8.0,8.0,8.0,8.0,8.0,8.0,8.0,8.0,8.0,8.0,8.0,8.0,8.0,8.0,8.0,8.0,8.0,8.0,8.0,8.0,8.0,8.0,8.0,8.0,8.0,8.0,8.0,8.0,8.0,8.0,8.0,8.0,8.0,8.0,8.0,8.0,8.0,8.0,8.0,8.0,8.0,8.0,8.0,8.0,8.0,8.0,8.0,8.0,8.0,8.0,8.0,8.0,8.0,8.0
NORM_DD_MAX,80000,80000,80000,float,DD norm cap,80000.0,80000.0,80000.0,80000.0,80000.0,80000.0,80000.0,80000.0,80000.0,80000.0,80000.0,80000.0,80000.0,80000.0,80000.0,80000.0,80000.0,80000.0,80000.0,80000.0,80000.0,80000.0,80000.0,80000.0,80000.0,80000.0,80000.0,80000.0,80000.0,80000.0,80000.0,80000.0,80000.0,80000.0,80000.0,80000.0,80000.0,80000.0,80000.0,80000.0,80000.0,80000.0,80000.0,80000.0,80000.0,80000.0,80000.0,80000.0,80000.0,80000.0,80000.0,80000.0,80000.0,80000.0,80000.0,80000.0,80000.0,80000.0,80000.0,80000.0,80000.0,80000.0,80000.0,80000.0,80000.0,80000.0,80000.0,80000.0,80000.0,80000.0,80000.0,80000.0,80000.0,80000.0,80000.0,80000.0,80000.0,80000.0,80000.0,80000.0,80000.0,80000.0,80000.0,80000.0,80000.0,80000.0,80000.0,80000.0,80000.0,80000.0,80000.0,80000.0,80000.0
NORM_PF_MAX,2.5,2.5,2.5,float,PF norm cap,2.5,2.5,2.5,2.5,2.5,2.5,2.5,2.5,2.5,2.5,2.5,2.5,2.5,2.5,2.5,2.5,2.5,2.5,2.5,2.5,2.5,2.5,2.5,2.5,2.5,2.5,2.5,2.5,2.5,2.5,2.5,2.5,2.5,2.5,2.5,2.5,2.5,2.5,2.5,2.5,2.5,2.5,2.5,2.5,2.5,2.5,2.5,2.5,2.5,2.5,2.5,2.5,2.5,2.5,2.5,2.5,2.5,2.5,2.5,2.5,2.5,2.5,2.5,2.5,2.5,2.5,2.5,2.5,2.5,2.5,2.5,2.5,2.5,2.5,2.5,2.5,2.5,2.5,2.5,2.5,2.5,2.5,2.5,2.5,2.5,2.5,2.5,2.5,2.5,2.5,2.5,2.5,2.5
NORM_TRADES_MAX,3.0,3.0,3.0,float,Trades/day norm,3.0,3.0,3.0,3.0,3.0,3.0,3.0,3.0,3.0,3.0,3.0,3.0,3.0,3.0,3.0,3.0,3.0,3.0,3.0,3.0,3.0,3.0,3.0,3.0,3.0,3.0,3.0,3.0,3.0,3.0,3.0,3.0,3.0,3.0,3.0,3.0,3.0,3.0,3.0,3.0,3.0,3.0,3.0,3.0,3.0,3.0,3.0,3.0,3.0,3.0,3.0,3.0,3.0,3.0,3.0,3.0,3.0,3.0,3.0,3.0,3.0,3.0,3.0,3.0,3.0,3.0,3.0,3.0,3.0,3.0,3.0,3.0,3.0,3.0,3.0,3.0,3.0,3.0,3.0,3.0,3.0,3.0,3.0,3.0,3.0,3.0,3.0,3.0,3.0,3.0,3.0,3.0,3.0
NORM_PNL_MAX,150000,150000,150000,float,PnL norm cap,150000.0,150000.0,150000.0,150000.0,150000.0,150000.0,150000.0,150000.0,150000.0,150000.0,150000.0,150000.0,150000.0,150000.0,150000.0,150000.0,150000.0,150000.0,150000.0,150000.0,150000.0,150000.0,150000.0,150000.0,150000.0,150000.0,150000.0,150000.0,150000.0,150000.0,150000.0,150000.0,150000.0,150000.0,150000.0,150000.0,150000.0,150000.0,150000.0,150000.0,150000.0,150000.0,150000.0,150000.0,150000.0,150000.0,150000.0,150000.0,150000.0,150000.0,150000.0,150000.0,150000.0,150000.0,150000.0,150000.0,150000.0,150000.0,150000.0,150000.0,150000.0,150000.0,150000.0,150000.0,150000.0,150000.0,150000.0,150000.0,150000.0,150000.0,150000.0,150000.0,150000.0,150000.0,150000.0,150000.0,150000.0,150000.0,150000.0,150000.0,150000.0,150000.0,150000.0,150000.0,150000.0,150000.0,150000.0,150000.0,150000.0,150000.0,150000.0,150000.0,150000.0
NORM_PROFIT_TRADE_MAX,100,100,100,float,PPT norm cap,100.0,100.0,100.0,100.0,100.0,100.0,100.0,100.0,100.0,100.0,100.0,100.0,100.0,100.0,100.0,100.0,100.0,100.0,100.0,100.0,100.0,100.0,100.0,100.0,100.0,100.0,100.0,100.0,100.0,100.0,100.0,100.0,100.0,100.0,100.0,100.0,100.0,100.0,100.0,100.0,100.0,100.0,100.0,100.0,100.0,100.0,100.0,100.0,100.0,100.0,100.0,100.0,100.0,100.0,100.0,100.0,100.0,100.0,100.0,100.0,100.0,100.0,100.0,100.0,100.0,100.0,100.0,100.0,100.0,100.0,100.0,100.0,100.0,100.0,100.0,100.0,100.0,100.0,100.0,100.0,100.0,100.0,100.0,100.0,100.0,100.0,100.0,100.0,100.0,100.0,100.0,100.0,100.0
MIN_WIN_RATE,0.35,0.35,0.35,float,Min win rate,0.35,0.35,0.35,0.35,0.35,0.35,0.35,0.35,0.35,0.35,0.35,0.35,0.35,0.35,0.35,0.35,0.35,0.35,0.35,0.35,0.35,0.35,0.35,0.35,0.35,0.35,0.35,0.35,0.35,0.35,0.35,0.35,0.35,0.35,0.35,0.35,0.35,0.35,0.35,0.35,0.35,0.35,0.35,0.35,0.35,0.35,0.35,0.35,0.35,0.35,0.35,0.35,0.35,0.35,0.35,0.35,0.35,0.35,0.35,0.35,0.35,0.35,0.35,0.35,0.35,0.35,0.35,0.35,0.35,0.35,0.35,0.35,0.35,0.35,0.35,0.35,0.35,0.35,0.35,0.35,0.35,0.35,0.35,0.35,0.35,0.35,0.35,0.35,0.35,0.35,0.35,0.35,0.35
SORTINO_CAP,8,8,8,float,Sortino cap,8.0,8.0,8.0,8.0,8.0,8.0,8.0,8.0,8.0,8.0,8.0,8.0,8.0,8.0,8.0,8.0,8.0,8.0,8.0,8.0,8.0,8.0,8.0,8.0,8.0,8.0,8.0,8.0,8.0,8.0,8.0,8.0,8.0,8.0,8.0,8.0,8.0,8.0,8.0,8.0,8.0,8.0,8.0,8.0,8.0,8.0,8.0,8.0,8.0,8.0,8.0,8.0,8.0,8.0,8.0,8.0,8.0,8.0,8.0,8.0,8.0,8.0,8.0,8.0,8.0,8.0,8.0,8.0,8.0,8.0,8.0,8.0,8.0,8.0,8.0,8.0,8.0,8.0,8.0,8.0,8.0,8.0,8.0,8.0,8.0,8.0,8.0,8.0,8.0,8.0,8.0,8.0,8.0
GA_START_DATE,2020-01-02,2020-01-02,2020-01-02,str,Backtest start,2020-01-02,2020-01-02,2020-01-02,2020-01-02,2020-01-02,2020-01-02,2020-01-02,2020-01-02,2020-01-02,2020-01-02,2020-01-02,2020-01-02,2020-01-02,2020-01-02,2020-01-02,2020-01-02,2020-01-02,2020-01-02,2020-01-02,2020-01-02,2020-01-02,2020-01-02,2020-01-02,2020-01-02,2020-01-02,2020-01-02,2020-01-02,2020-01-02,2020-01-02,2020-01-02,2020-01-02,2020-01-02,2020-01-02,2020-01-02,2020-01-02,2020-01-02,2020-01-02,2020-01-02,2020-01-02,2020-01-02,2020-01-02,2020-01-02,2020-01-02,2020-01-02,2020-01-02,2020-01-02,2020-01-02,2020-01-02,2020-01-02,2020-01-02,2020-01-02,2020-01-02,2020-01-02,2020-01-02,2020-01-02,2020-01-02,2020-01-02,2020-01-02,2020-01-02,2020-01-02,2020-01-02,2020-01-02,2020-01-02,2020-01-02,2020-01-02,2020-01-02,2020-01-02,2020-01-02,2020-01-02,2020-01-02,2020-01-02,2020-01-02,2020-01-02,2020-01-02,2020-01-02,2020-01-02,2020-01-02,2020-01-02,2020-01-02,2020-01-02,2020-01-02,2020-01-02,2020-01-02,2020-01-02,2020-01-02,2020-01-02,2020-01-02,2020-01-02,2020-01-02,2020-01-02,2020-01-02,2020-01-02,2020-01-02
GA_END_DATE,2025-10-10,2025-10-10,2025-10-10,str,Backtest end,2025-10-10,2025-10-10,2025-10-10,2025-10-10,2025-10-10,2025-10-10,2025-10-10,2025-10-10,2025-10-10,2025-10-10,2025-10-10,2025-10-10,2025-10-10,2025-10-10,2025-10-10,2025-10-10,2025-10-10,2025-10-10,2025-10-10,2025-10-10,2025-10-10,2025-10-10,2025-10-10,2025-10-10,2025-10-10,2025-10-10,2025-10-10,2025-10-10,2025-10-10,2025-10-10,2025-10-10,2025-10-10,2025-10-10,2025-10-10,2025-10-10,2025-10-10,2025-10-10,2025-10-10,2025-10-10,2025-10-10,2025-10-10,2025-10-10,2025-10-10,2025-10-10,2025-10-10,2025-10-10,2025-10-10,2025-10-10,2025-10-10,2025-10-10,2025-10-10,2025-10-10,2025-10-10,2025-10-10,2025-10-10,2025-10-10,2025-10-10,2025-10-10,2025-10-10,2025-10-10,2025-10-10,2025-10-10,2025-10-10,2025-10-10,2025-10-10,2025-10-10,2025-10-10,2025-10-10,2025-10-10,2025-10-10,2025-10-10,2025-10-10,2025-10-10,2025-10-10,2025-10-10,2025-10-10,2025-10-10,2025-10-10,2025-10-10,2025-10-10,2025-10-10,2025-10-10,2025-10-10,2025-10-10,2025-10-10,2025-10-10,2025-10-10,2025-10-10,2025-10-10,2025-10-10,2025-10-10,2025-10-10,2025-10-10
GA_LIVE_STYLE_ENTRY,1,1,1,int,LOCKED enter signal-bar close,1,1,1,1,1,1,1,1,1,1,1,1,1,1,1,1,1,1,1,1,1,1,1,1,1,1,1,1,1,1,1,1,1,1,1,1,1,1,1,1,1,1,1,1,1,1,1,1,1,1,1,1,1,1,1,1,1,1,1,1,1,1,1,1,1,1,1,1,1,1,1,1,1,1,1,1,1,1,1,1,1,1,1,1,1,1,1,1,1,1,1,1,1
GA_CONSERVATIVE_STOP_SLIPPAGE,1,1,1,float,LOCKED,1.0,1.0,1.0,1.0,1.0,1.0,1.0,1.0,1.0,1.0,1.0,1.0,1.0,1.0,1.0,1.0,1.0,1.0,1.0,1.0,1.0,1.0,1.0,1.0,1.0,1.0,1.0,1.0,1.0,1.0,1.0,1.0,1.0,1.0,1.0,1.0,1.0,1.0,1.0,1.0,1.0,1.0,1.0,1.0,1.0,1.0,1.0,1.0,1.0,1.0,1.0,1.0,1.0,1.0,1.0,1.0,1.0,1.0,1.0,1.0,1.0,1.0,1.0,1.0,1.0,1.0,1.0,1.0,1.0,1.0,1.0,1.0,1.0,1.0,1.0,1.0,1.0,1.0,1.0,1.0,1.0,1.0,1.0,1.0,1.0,1.0,1.0,1.0,1.0,1.0,1.0,1.0,1.0
GA_CONSERVATIVE_ENTRY_SLIPPAGE,1,1,1,float,LOCKED,1.0,1.0,1.0,1.0,1.0,1.0,1.0,1.0,1.0,1.0,1.0,1.0,1.0,1.0,1.0,1.0,1.0,1.0,1.0,1.0,1.0,1.0,1.0,1.0,1.0,1.0,1.0,1.0,1.0,1.0,1.0,1.0,1.0,1.0,1.0,1.0,1.0,1.0,1.0,1.0,1.0,1.0,1.0,1.0,1.0,1.0,1.0,1.0,1.0,1.0,1.0,1.0,1.0,1.0,1.0,1.0,1.0,1.0,1.0,1.0,1.0,1.0,1.0,1.0,1.0,1.0,1.0,1.0,1.0,1.0,1.0,1.0,1.0,1.0,1.0,1.0,1.0,1.0,1.0,1.0,1.0,1.0,1.0,1.0,1.0,1.0,1.0,1.0,1.0,1.0,1.0,1.0,1.0
GA_CONSERVATIVE_CHANNEL_SLIPPAGE,0.25,0.25,0.25,float,LOCKED,0.25,0.25,0.25,0.25,0.25,0.25,0.25,0.25,0.25,0.25,0.25,0.25,0.25,0.25,0.25,0.25,0.25,0.25,0.25,0.25,0.25,0.25,0.25,0.25,0.25,0.25,0.25,0.25,0.25,0.25,0.25,0.25,0.25,0.25,0.25,0.25,0.25,0.25,0.25,0.25,0.25,0.25,0.25,0.25,0.25,0.25,0.25,0.25,0.25,0.25,0.25,0.25,0.25,0.25,0.25,0.25,0.25,0.25,0.25,0.25,0.25,0.25,0.25,0.25,0.25,0.25,0.25,0.25,0.25,0.25,0.25,0.25,0.25,0.25,0.25,0.25,0.25,0.25,0.25,0.25,0.25,0.25,0.25,0.25,0.25,0.25,0.25,0.25,0.25,0.25,0.25,0.25,0.25
GA_PESSIMISTIC_STOPS,1,1,1,int,LOCKED,1,1,1,1,1,1,1,1,1,1,1,1,1,1,1,1,1,1,1,1,1,1,1,1,1,1,1,1,1,1,1,1,1,1,1,1,1,1,1,1,1,1,1,1,1,1,1,1,1,1,1,1,1,1,1,1,1,1,1,1,1,1,1,1,1,1,1,1,1,1,1,1,1,1,1,1,1,1,1,1,1,1,1,1,1,1,1,1,1,1,1,1,1
GA_DIVERSE_SEED,0,0,0,int,Off,0,0,0,0,0,0,0,0,0,0,0,0,0,0,0,0,0,0,0,0,0,0,0,0,0,0,0,0,0,0,0,0,0,0,0,0,0,0,0,0,0,0,0,0,0,0,0,0,0,0,0,0,0,0,0,0,0,0,0,0,0,0,0,0,0,0,0,0,0,0,0,0,0,0,0,0,0,0,0,0,0,0,0,0,0,0,0,0,0,0,0,0,0
WEIGHT_SORTINO,1,,,float,Fitness: Sortino,1.0,1.0,1.0,1.0,1.0,1.0,1.0,1.0,1.0,1.0,1.0,1.0,1.0,1.0,1.0,1.0,1.0,1.0,1.0,1.0,1.0,1.0,1.0,1.0,1.0,1.0,1.0,1.0,1.0,1.0,1.0,1.0,1.0,1.0,1.0,1.0,1.0,1.0,1.0,1.0,1.0,1.0,1.0,1.0,1.0,1.0,1.0,1.0,1.0,1.0,1.0,1.0,1.0,1.0,1.0,1.0,1.0,1.0,1.0,1.0,1.0,1.0,1.0,1.0,1.0,1.0,1.0,1.0,1.0,1.0,1.0,1.0,1.0,1.0,1.0,1.0,1.0,1.0,1.0,1.0,1.0,1.0,1.0,1.0,1.0,1.0,1.0,1.0,1.0,1.0,1.0,1.0,1.0
WEIGHT_DRAWDOWN,-1.0,,,float,Fitness: drawdown,-1.0,-1.0,-1.0,-1.0,-1.0,-1.0,-1.0,-1.0,-1.0,-1.0,-1.0,-1.0,-1.0,-1.0,-1.0,-1.0,-1.0,-1.0,-1.0,-1.0,-1.0,-1.0,-1.0,-1.0,-1.0,-1.0,-1.0,-1.0,-1.0,-1.0,-1.0,-1.0,-1.0,-1.0,-1.0,-1.0,-1.0,-1.0,-1.0,-1.0,-1.0,-1.0,-1.0,-1.0,-1.0,-1.0,-1.0,-1.0,-1.0,-1.0,-1.0,-1.0,-1.0,-1.0,-1.0,-1.0,-1.0,-1.0,-1.0,-1.0,-1.0,-1.0,-1.0,-1.0,-1.0,-1.0,-1.0,-1.0,-1.0,-1.0,-1.0,-1.0,-1.0,-1.0,-1.0,-1.0,-1.0,-1.0,-1.0,-1.0,-1.0,-1.0,-1.0,-1.0,-1.0,-1.0,-1.0,-1.0,-1.0,-1.0,-1.0,-1.0,-1.0
WEIGHT_PF,2,,,float,Fitness: profit factor,2.0,2.0,2.0,2.0,2.0,2.0,2.0,2.0,2.0,2.0,2.0,2.0,2.0,2.0,2.0,2.0,2.0,2.0,2.0,2.0,2.0,2.0,2.0,2.0,2.0,2.0,2.0,2.0,2.0,2.0,2.0,2.0,2.0,2.0,2.0,2.0,2.0,2.0,2.0,2.0,2.0,2.0,2.0,2.0,2.0,2.0,2.0,2.0,2.0,2.0,2.0,2.0,2.0,2.0,2.0,2.0,2.0,2.0,2.0,2.0,2.0,2.0,2.0,2.0,2.0,2.0,2.0,2.0,2.0,2.0,2.0,2.0,2.0,2.0,2.0,2.0,2.0,2.0,2.0,2.0,2.0,2.0,2.0,2.0,2.0,2.0,2.0,2.0,2.0,2.0,2.0,2.0,2.0
WEIGHT_TRADES,0.5,,,float,Fitness: trades/day,0.5,0.5,0.5,0.5,0.5,0.5,0.5,0.5,0.5,0.5,0.5,0.5,0.5,0.5,0.5,0.5,0.5,0.5,0.5,0.5,0.5,0.5,0.5,0.5,0.5,0.5,0.5,0.5,0.5,0.5,0.5,0.5,0.5,0.5,0.5,0.5,0.5,0.5,0.5,0.5,0.5,0.5,0.5,0.5,0.5,0.5,0.5,0.5,0.5,0.5,0.5,0.5,0.5,0.5,0.5,0.5,0.5,0.5,0.5,0.5,0.5,0.5,0.5,0.5,0.5,0.5,0.5,0.5,0.5,0.5,0.5,0.5,0.5,0.5,0.5,0.5,0.5,0.5,0.5,0.5,0.5,0.5,0.5,0.5,0.5,0.5,0.5,0.5,0.5,0.5,0.5,0.5,0.5
WEIGHT_PNL,1.2,,,float,Fitness: total PnL,1.2,1.2,1.2,1.2,1.2,1.2,1.2,1.2,1.2,1.2,1.2,1.2,1.2,1.2,1.2,1.2,1.2,1.2,1.2,1.2,1.2,1.2,1.2,1.2,1.2,1.2,1.2,1.2,1.2,1.2,1.2,1.2,1.2,1.2,1.2,1.2,1.2,1.2,1.2,1.2,1.2,1.2,1.2,1.2,1.2,1.2,1.2,1.2,1.2,1.2,1.2,1.2,1.2,1.2,1.2,1.2,1.2,1.2,1.2,1.2,1.2,1.2,1.2,1.2,1.2,1.2,1.2,1.2,1.2,1.2,1.2,1.2,1.2,1.2,1.2,1.2,1.2,1.2,1.2,1.2,1.2,1.2,1.2,1.2,1.2,1.2,1.2,1.2,1.2,1.2,1.2,1.2,1.2
WEIGHT_PPT,1.0,,,float,Fitness: profit/trade,1.0,1.0,1.0,1.0,1.0,1.0,1.0,1.0,1.0,1.0,1.0,1.0,1.0,1.0,1.0,1.0,1.0,1.0,1.0,1.0,1.0,1.0,1.0,1.0,1.0,1.0,1.0,1.0,1.0,1.0,1.0,1.0,1.0,1.0,1.0,1.0,1.0,1.0,1.0,1.0,1.0,1.0,1.0,1.0,1.0,1.0,1.0,1.0,1.0,1.0,1.0,1.0,1.0,1.0,1.0,1.0,1.0,1.0,1.0,1.0,1.0,1.0,1.0,1.0,1.0,1.0,1.0,1.0,1.0,1.0,1.0,1.0,1.0,1.0,1.0,1.0,1.0,1.0,1.0,1.0,1.0,1.0,1.0,1.0,1.0,1.0,1.0,1.0,1.0,1.0,1.0,1.0,1.0
MIN_TRADE_DURATION,3,3,3,float,Min avg hold minutes,3.0,3.0,3.0,3.0,3.0,3.0,3.0,3.0,3.0,3.0,3.0,3.0,3.0,3.0,3.0,3.0,3.0,3.0,3.0,3.0,3.0,3.0,3.0,3.0,3.0,3.0,3.0,3.0,3.0,3.0,3.0,3.0,3.0,3.0,3.0,3.0,3.0,3.0,3.0,3.0,3.0,3.0,3.0,3.0,3.0,3.0,3.0,3.0,3.0,3.0,3.0,3.0,3.0,3.0,3.0,3.0,3.0,3.0,3.0,3.0,3.0,3.0,3.0,3.0,3.0,3.0,3.0,3.0,3.0,3.0,3.0,3.0,3.0,3.0,3.0,3.0,3.0,3.0,3.0,3.0,3.0,3.0,3.0,3.0,3.0,3.0,3.0,3.0,3.0,3.0,3.0,3.0,3.0
MAX_WIN_RATE_CAP,0.85,0.85,0.85,float,Suspicious win-rate cap,0.85,0.85,0.85,0.85,0.85,0.85,0.85,0.85,0.85,0.85,0.85,0.85,0.85,0.85,0.85,0.85,0.85,0.85,0.85,0.85,0.85,0.85,0.85,0.85,0.85,0.85,0.85,0.85,0.85,0.85,0.85,0.85,0.85,0.85,0.85,0.85,0.85,0.85,0.85,0.85,0.85,0.85,0.85,0.85,0.85,0.85,0.85,0.85,0.85,0.85,0.85,0.85,0.85,0.85,0.85,0.85,0.85,0.85,0.85,0.85,0.85,0.85,0.85,0.85,0.85,0.85,0.85,0.85,0.85,0.85,0.85,0.85,0.85,0.85,0.85,0.85,0.85,0.85,0.85,0.85,0.85,0.85,0.85,0.85,0.85,0.85,0.85,0.85,0.85,0.85,0.85,0.85,0.85
LIMIT_MAX_LOSS,50000,50000,50000,float,Loss soft-gate,50000.0,50000.0,50000.0,50000.0,50000.0,50000.0,50000.0,50000.0,50000.0,50000.0,50000.0,50000.0,50000.0,50000.0,50000.0,50000.0,50000.0,50000.0,50000.0,50000.0,50000.0,50000.0,50000.0,50000.0,50000.0,50000.0,50000.0,50000.0,50000.0,50000.0,50000.0,50000.0,50000.0,50000.0,50000.0,50000.0,50000.0,50000.0,50000.0,50000.0,50000.0,50000.0,50000.0,50000.0,50000.0,50000.0,50000.0,50000.0,50000.0,50000.0,50000.0,50000.0,50000.0,50000.0,50000.0,50000.0,50000.0,50000.0,50000.0,50000.0,50000.0,50000.0,50000.0,50000.0,50000.0,50000.0,50000.0,50000.0,50000.0,50000.0,50000.0,50000.0,50000.0,50000.0,50000.0,50000.0,50000.0,50000.0,50000.0,50000.0,50000.0,50000.0,50000.0,50000.0,50000.0,50000.0,50000.0,50000.0,50000.0,50000.0,50000.0,50000.0,50000.0
LIMIT_MIN_SORTINO,0.4,0.4,0.4,float,Sortino soft-gate,0.4,0.4,0.4,0.4,0.4,0.4,0.4,0.4,0.4,0.4,0.4,0.4,0.4,0.4,0.4,0.4,0.4,0.4,0.4,0.4,0.4,0.4,0.4,0.4,0.4,0.4,0.4,0.4,0.4,0.4,0.4,0.4,0.4,0.4,0.4,0.4,0.4,0.4,0.4,0.4,0.4,0.4,0.4,0.4,0.4,0.4,0.4,0.4,0.4,0.4,0.4,0.4,0.4,0.4,0.4,0.4,0.4,0.4,0.4,0.4,0.4,0.4,0.4,0.4,0.4,0.4,0.4,0.4,0.4,0.4,0.4,0.4,0.4,0.4,0.4,0.4,0.4,0.4,0.4,0.4,0.4,0.4,0.4,0.4,0.4,0.4,0.4,0.4,0.4,0.4,0.4,0.4,0.4
=== SOLUTION STATISTICS ===,,,,,,,,,,,,,,,,,,,,,,,,,,,,,,,,,,,,,,,,,,,,,,,,,,,,,,,,,,,,,,,,,,,,,,,,,,,,,,,,,,,,,,,,,,,,,,,,,,
Sortino Ratio (IS aggregate),,,,statistic,Sortino Ratio (IS aggregate) for each solution,7.2920,6.9452,6.9250,6.8955,6.8385,6.7225,6.0498,6.0219,5.8189,5.7264,5.6864,5.6244,5.5728,5.5109,4.9309,3.8643,3.7931,3.6265,3.5942,3.5942,3.5875,3.5238,3.5101,3.4021,3.3053,3.3043,3.2608,3.2362,3.2094,3.0788,3.0588,3.0588,3.0432,3.0022,2.8484,2.7854,2.6468,2.5647,2.4421,2.3251,2.2792,2.2123,2.1118,2.1105,2.0782,1.8945,1.7653,1.7368,1.6883,1.6720,1.6420,1.6407,1.6306,1.6264,1.6259,1.5726,1.5696,1.5409,1.4820,1.4631,1.4414,1.4175,1.3796,1.3635,1.3547,1.3002,1.2936,1.2843,1.2312,1.2205,1.2035,1.1899,1.1678,1.0943,1.0905,0.9921,0.9832,0.9564,0.9502,0.8942,0.8656,0.8582,0.7727,0.7713,0.7711,0.7528,0.7362,0.7065,0.7019,0.6609,0.5543,0.5364,0.1688
Max Drawdown ($) (IS aggregate),,,,statistic,Max Drawdown ($) (IS aggregate) for each solution,"$9,663.00","$8,614.50","$10,241.00","$10,822.00","$16,082.50","$7,813.00","$6,955.00","$12,119.50","$6,833.50","$11,185.00","$7,283.00","$11,637.00","$11,039.50","$12,328.00","$8,725.00","$11,308.50","$9,746.00","$18,398.50","$11,214.00","$11,214.00","$9,736.00","$9,038.50","$13,569.50","$12,041.50","$15,517.00","$11,310.50","$18,979.00","$9,642.00","$12,376.00","$18,453.00","$13,263.50","$13,263.50","$15,466.50","$14,472.00","$13,365.50","$5,377.50","$20,914.50","$21,612.50","$30,896.00","$28,741.50","$25,930.50","$27,225.00","$30,777.50","$29,576.00","$30,728.50","$30,728.50","$10,959.00","$29,738.50","$9,327.00","$10,959.00","$32,144.50","$8,735.00","$11,826.00","$10,959.00","$10,959.00","$10,959.00","$14,738.50","$11,826.00","$24,573.50","$38,008.00","$10,959.00","$9,327.00","$26,306.00","$12,298.50","$11,827.50","$10,483.50","$45,269.00","$11,826.00","$12,298.50","$27,045.00","$50,949.00","$27,384.50","$13,022.50","$12,300.00","$41,361.00","$47,918.00","$43,743.50","$39,413.50","$12,899.50","$35,272.00","$23,509.50","$46,706.50","$30,618.50","$39,209.00","$13,365.50","$38,080.00","$38,459.00","$37,906.50","$37,634.50","$40,417.50","$24,700.00","$22,492.50","$24,040.00"
Profit Factor (IS aggregate),,,,statistic,Profit Factor (IS aggregate) for each solution,1.6194,1.6910,1.7260,1.7374,1.7259,1.7026,1.6197,1.6480,1.5827,1.5936,1.6070,1.5447,1.5738,1.5880,1.4994,1.4059,1.3734,1.4073,1.3792,1.3792,1.3527,1.3395,1.3386,1.3294,1.3104,1.3160,1.3331,1.3401,1.3019,1.2770,1.2875,1.2875,1.3100,1.2842,1.2646,1.2804,1.2754,1.2759,1.1837,1.1778,1.1715,1.1683,1.1618,1.1626,1.1594,1.1452,1.1693,1.1673,1.1635,1.1599,1.1240,1.1581,1.1547,1.1547,1.1550,1.1493,1.1496,1.1459,1.1496,1.1419,1.1370,1.1377,1.1483,1.1272,1.1301,1.1255,1.1004,1.1223,1.1146,1.1218,1.1012,1.1056,1.1092,1.1022,1.0883,1.0770,1.0872,1.0765,1.0896,1.0761,1.0821,1.0679,1.0641,1.0641,1.0718,1.0647,1.0630,1.0606,1.0601,1.0515,1.0529,1.0438,1.0165
Avg Trades/Day (IS aggregate),,,,statistic,Avg Trades/Day (IS aggregate) for each solution,0.320,0.356,0.324,0.303,0.328,0.312,0.322,0.409,0.352,0.381,0.381,0.387,0.386,0.416,0.387,0.390,0.547,0.454,0.390,0.390,0.513,0.550,0.586,0.571,0.719,0.573,0.691,0.531,0.613,0.788,0.623,0.623,0.598,0.652,0.655,0.335,0.826,0.766,0.859,0.869,0.848,0.891,0.940,0.944,0.949,0.951,0.573,0.874,0.557,0.579,0.993,0.552,0.590,0.583,0.584,0.587,0.713,0.589,0.862,0.982,0.590,0.559,0.866,0.624,0.609,0.561,1.165,0.595,0.625,0.878,0.999,0.974,0.643,0.640,1.148,1.182,1.047,1.094,0.642,0.994,0.863,1.179,1.256,1.005,0.670,1.012,1.015,1.011,1.014,1.306,0.881,0.854,0.921
Total Profit ($) (IS aggregate),,,,statistic,Total Profit ($) (IS aggregate) for each solution,"$68,192.50","$82,496.50","$88,598.50","$79,734.00","$80,533.50","$75,502.50","$69,656.00","$88,074.50","$70,647.00","$76,517.00","$80,309.00","$75,770.00","$75,137.50","$84,000.00","$66,652.50","$56,806.50","$81,797.50","$66,543.50","$54,199.50","$54,199.50","$73,230.00","$75,400.50","$81,851.00","$77,940.50","$88,838.00","$74,848.50","$94,466.00","$77,067.50","$75,690.00","$82,766.50","$73,702.50","$73,702.50","$78,676.00","$78,044.00","$71,764.00","$31,181.50","$92,443.50","$87,559.00","$57,671.50","$56,753.00","$56,179.50","$55,179.50","$55,332.50","$55,773.00","$55,027.00","$50,284.50","$39,120.50","$61,835.00","$36,405.00","$37,290.00","$45,852.00","$35,099.00","$36,870.00","$36,376.50","$36,427.00","$35,340.00","$42,524.00","$34,727.50","$57,299.50","$58,201.50","$32,508.50","$30,998.00","$55,901.00","$32,411.00","$31,968.00","$28,648.50","$42,247.00","$29,492.50","$29,270.50","$48,029.50","$40,477.50","$40,937.50","$28,604.00","$26,929.00","$37,915.00","$34,079.50","$38,985.00","$31,643.50","$23,626.00","$29,520.50","$27,062.00","$28,023.50","$30,336.00","$25,016.50","$19,904.00","$26,408.50","$25,770.00","$24,774.00","$24,544.50","$24,480.50","$19,885.00","$13,947.00","$6,137.00"
Avg Profit/Trade ($) (IS aggregate),,,,statistic,Avg Profit/Trade ($) (IS aggregate) for each solution,$216.48,$235.03,$277.74,$267.56,$249.33,$245.94,$219.74,$218.55,$203.59,$204.05,$214.16,$198.87,$197.73,$204.88,$174.94,$147.93,$151.76,$148.87,$141.14,$141.14,$145.01,$139.12,$141.86,$138.68,$125.48,$132.71,$138.72,$147.36,$125.31,$106.66,$120.04,$120.04,$133.58,$121.56,$111.26,$94.49,$113.57,$115.97,$68.17,$66.30,$67.28,$62.85,$59.75,$59.97,$58.85,$53.67,$69.36,$71.82,$66.31,$65.42,$46.88,$64.52,$63.46,$63.37,$63.35,$61.14,$60.58,$59.87,$67.49,$60.19,$55.95,$56.26,$65.53,$52.70,$53.28,$51.81,$36.80,$50.33,$47.52,$55.53,$41.14,$42.69,$45.19,$42.74,$33.52,$29.28,$37.81,$29.35,$37.38,$30.15,$31.84,$24.14,$24.52,$25.27,$30.16,$26.49,$25.77,$24.87,$24.57,$19.04,$22.91,$16.58,$6.77
"Avg Trade Span (min, bar grid) (IS aggregate)",,,,statistic,"Avg Trade Span (min, bar grid) (IS aggregate) for each solution",1036.58,959.58,1042.80,1104.64,1027.20,1084.16,1046.69,848.27,966.97,912.08,890.21,900.85,901.58,845.02,890.08,866.34,675.92,762.66,869.47,869.47,708.57,669.99,645.24,659.37,545.82,653.56,575.91,708.57,617.48,488.05,609.41,609.41,644.78,594.98,585.40,151.84,492.61,521.89,454.95,451.42,467.38,443.30,425.62,424.17,422.07,420.72,154.30,470.78,150.15,153.26,398.81,151.35,152.82,152.27,152.13,151.97,147.02,152.21,477.75,426.46,150.36,149.27,474.34,150.11,149.94,149.39,353.02,149.96,148.61,470.13,416.96,427.81,150.84,148.91,360.72,352.86,418.04,372.61,147.51,416.49,116.65,343.34,333.66,409.45,148.74,416.92,414.34,417.42,415.98,323.77,451.11,113.71,125.77
Max Drawdown ($) (OOS aggregate),,,,statistic,Max Drawdown ($) (OOS aggregate) for each solution,"$8,534.00","$9,584.50","$10,004.00","$12,344.50","$11,069.50","$7,544.00","$9,528.00","$14,046.00","$9,568.50","$13,966.00","$20,863.50","$15,878.50","$13,966.00","$11,769.00","$10,218.50","$15,717.00","$21,079.50","$31,151.00","$16,837.00","$16,837.00","$21,035.50","$20,599.00","$28,074.50","$26,281.50","$18,953.00","$25,799.00","$20,954.50","$24,590.50","$26,744.50","$29,541.00","$28,267.00","$27,920.00","$26,558.00","$28,470.00","$25,300.00","$8,689.50","$22,400.50","$22,651.50","$34,047.50","$33,680.50","$36,391.00","$30,379.50","$35,301.00","$36,123.00","$36,528.50","$35,583.00","$23,536.00","$59,140.50","$18,937.50","$23,544.50","$41,476.00","$18,854.50","$25,361.00","$22,918.50","$21,495.50","$25,363.00","$30,427.50","$25,212.50","$26,186.50","$25,330.50","$25,551.50","$18,202.00","$27,997.00","$25,577.00","$24,259.50","$15,458.00","$46,861.50","$24,675.50","$26,379.50","$28,301.50","$38,333.00","$49,728.00","$24,206.00","$25,544.00","$34,472.00","$45,219.00","$51,583.00","$34,719.50","$22,259.50","$49,271.00","$29,422.50","$51,382.00","$28,698.50","$55,740.00","$25,730.50","$46,613.50","$48,419.50","$47,933.50","$47,203.00","$30,765.00","$32,449.50","$21,534.50","$39,146.50"
Profit Factor (OOS aggregate),,,,statistic,Profit Factor (OOS aggregate) for each solution,1.0688,1.1352,1.1815,0.9989,1.0952,1.1364,1.1139,1.0035,1.1436,1.0672,0.9091,1.0486,1.0650,1.1079,1.0327,0.9400,1.0811,0.8856,0.9270,0.9270,1.0844,1.0891,1.0470,1.0619,0.9945,1.0437,0.9899,1.0784,1.0434,0.9907,1.0328,1.0349,1.0572,1.0464,1.0448,1.0814,0.9805,0.9918,0.8966,0.8984,0.8914,0.9139,0.9136,0.9057,0.9052,0.9029,1.0744,0.8742,1.0749,1.0494,0.8888,1.0842,1.0625,1.0636,1.0646,1.0443,1.0479,1.0401,1.0090,0.9984,1.0270,1.0675,1.0084,1.0394,1.0283,1.0895,0.8721,1.0206,1.0268,0.9899,0.9735,0.9258,1.0946,1.0403,0.9239,0.9089,0.8839,0.9290,1.0398,0.9095,0.9747,0.8565,0.9863,0.8947,1.0780,0.9096,0.9047,0.9107,0.9075,0.9701,0.9281,0.9603,0.9364
Avg Trades/Day (OOS aggregate),,,,statistic,Avg Trades/Day (OOS aggregate) for each solution,0.292,0.363,0.311,0.254,0.325,0.291,0.291,0.365,0.324,0.358,0.350,0.325,0.359,0.365,0.375,0.386,0.516,0.425,0.384,0.384,0.467,0.511,0.571,0.538,0.698,0.546,0.664,0.496,0.588,0.807,0.595,0.595,0.567,0.611,0.613,0.304,0.800,0.749,0.887,0.897,0.872,0.921,0.974,0.981,0.981,0.987,0.543,0.884,0.527,0.552,1.072,0.517,0.573,0.558,0.560,0.564,0.686,0.569,0.841,0.987,0.573,0.534,0.845,0.596,0.588,0.530,1.209,0.584,0.600,0.849,0.999,0.942,0.619,0.616,1.176,1.243,1.010,1.139,0.619,0.967,0.832,1.229,1.260,0.979,0.648,0.982,0.982,0.983,0.985,1.297,0.865,0.894,0.878
Total Profit ($) (OOS aggregate),,,,statistic,Total Profit ($) (OOS aggregate) for each solution,"$6,087.50","$15,752.00","$17,319.50",$-105.00,"$10,076.00","$12,341.50","$10,496.50",$403.50,"$13,899.00","$7,637.50","$-10,860.00","$5,268.00","$7,418.50","$11,638.50","$3,692.00","$-7,734.00","$14,930.00","$-16,892.50","$-9,549.50","$-9,549.50","$14,013.50","$16,192.50","$9,852.50","$12,154.00","$-1,442.00","$8,708.00","$-2,667.50","$14,573.00","$8,987.00","$-2,378.00","$6,907.00","$7,351.00","$11,902.00","$10,109.00","$9,786.50","$7,650.00","$-5,744.00","$-2,313.00","$-29,672.00","$-29,305.00","$-32,282.00","$-25,343.50","$-26,612.50","$-29,289.50","$-29,464.50","$-30,400.00","$14,283.50","$-41,526.00","$14,096.00","$9,700.50","$-37,932.00","$15,511.00","$12,736.00","$12,600.00","$12,827.50","$8,971.00","$11,582.00","$8,174.50","$2,637.00",$-508.00,"$5,568.00","$12,853.00","$2,517.00","$8,316.00","$5,964.00","$16,892.00","$-47,642.00","$4,340.00","$5,720.00","$-3,001.00","$-8,760.00","$-23,834.00","$20,731.00","$8,753.00","$-27,050.50","$-35,448.50","$-43,356.50","$-24,485.00","$8,682.50","$-29,269.00","$-6,968.00","$-52,162.50","$-5,145.00","$-34,250.50","$17,654.50","$-30,367.50","$-32,097.50","$-30,105.00","$-31,209.50","$-11,684.00","$-22,182.00","$-10,816.50","$-19,530.00"
Avg Profit/Trade ($) (OOS aggregate),,,,statistic,Avg Profit/Trade ($) (OOS aggregate) for each solution,$25.36,$52.86,$67.65,$-0.50,$37.74,$51.64,$43.92,$1.34,$52.25,$25.98,$-37.71,$19.73,$25.15,$38.79,$11.99,$-24.40,$35.21,$-48.40,$-30.22,$-30.22,$36.49,$38.55,$21.01,$27.50,$-2.51,$19.39,$-4.89,$35.72,$18.61,$-3.59,$14.12,$15.03,$25.54,$20.14,$19.42,$30.60,$-8.73,$-3.75,$-40.70,$-39.76,$-45.02,$-33.48,$-33.22,$-36.34,$-36.56,$-37.48,$32.03,$-57.12,$32.55,$21.37,$-43.06,$36.50,$27.04,$27.45,$27.89,$19.33,$20.54,$17.47,$3.82,$-0.63,$11.82,$29.28,$3.62,$16.97,$12.35,$38.74,$-47.93,$9.04,$11.60,$-4.30,$-10.67,$-30.79,$40.73,$17.30,$-27.97,$-34.69,$-52.24,$-26.16,$17.06,$-36.82,$-10.19,$-51.65,$-4.97,$-42.55,$33.12,$-37.63,$-39.77,$-37.26,$-38.53,$-10.96,$-31.20,$-14.72,$-27.05
"Avg Trade Span (min, bar grid) (OOS aggregate)",,,,statistic,"Avg Trade Span (min, bar grid) (OOS aggregate) for each solution",179.43,202.34,216.62,221.86,178.37,218.90,210.41,191.19,208.26,189.80,188.00,209.95,189.00,193.76,178.82,178.60,182.33,180.79,180.72,180.72,183.97,180.40,181.52,182.86,159.71,182.03,174.03,198.47,179.13,132.51,178.19,178.71,192.73,184.31,178.17,203.28,159.17,163.98,128.44,128.41,138.18,127.98,127.49,127.27,126.66,125.93,178.89,157.83,176.73,177.71,127.46,178.05,176.92,176.66,176.13,176.48,169.22,176.26,170.26,151.64,174.81,176.26,165.86,175.46,172.84,176.41,114.65,174.15,174.70,169.19,139.01,139.60,173.31,173.48,124.57,127.90,151.40,125.61,173.47,131.32,127.91,107.73,124.30,128.85,172.20,136.07,135.03,136.86,135.54,118.42,139.92,130.65,125.37
Derived Trailing Delay (bars from minutes/timeframe),,,,statistic,"Effective trailing delay in bars using the active GA gene (minutes when optimizable, else bars).",1,1,1,1,1,1,1,1,1,1,1,1,1,1,1,1,1,1,1,1,1,1,1,1,1,1,1,1,1,1,1,1,1,1,1,1,1,1,1,1,1,1,1,1,1,1,1,1,1,1,1,1,1,1,1,1,1,1,1,1,1,1,1,1,1,1,1,1,1,1,1,1,1,1,1,1,1,1,1,1,1,1,1,1,1,1,1,1,1,1,1,1,1
Derived RSI filter (effective entry gates),,,,statistic,"Trend: long if RSI < Max Buy, short if RSI > Min Sell. Bollinger: mean-reversion long if RSI < Oversold, short if RSI > Overbought.",filter off (RSI not applied to entries),filter off (RSI not applied to entries),filter off (RSI not applied to entries),filter off (RSI not applied to entries),filter off (RSI not applied to entries),filter off (RSI not applied to entries),filter off (RSI not applied to entries),filter off (RSI not applied to entries),filter off (RSI not applied to entries),filter off (RSI not applied to entries),filter off (RSI not applied to entries),filter off (RSI not applied to entries),filter off (RSI not applied to entries),filter off (RSI not applied to entries),filter off (RSI not applied to entries),filter off (RSI not applied to entries),filter off (RSI not applied to entries),filter off (RSI not applied to entries),filter off (RSI not applied to entries),filter off (RSI not applied to entries),filter off (RSI not applied to entries),filter off (RSI not applied to entries),filter off (RSI not applied to entries),filter off (RSI not applied to entries),filter off (RSI not applied to entries),filter off (RSI not applied to entries),filter off (RSI not applied to entries),filter off (RSI not applied to entries),filter off (RSI not applied to entries),filter off (RSI not applied to entries),filter off (RSI not applied to entries),filter off (RSI not applied to entries),filter off (RSI not applied to entries),filter off (RSI not applied to entries),filter off (RSI not applied to entries),filter off (RSI not applied to entries),filter off (RSI not applied to entries),filter off (RSI not applied to entries),filter off (RSI not applied to entries),filter off (RSI not applied to entries),filter off (RSI not applied to entries),filter off (RSI not applied to entries),filter off (RSI not applied to entries),filter off (RSI not applied to entries),filter off (RSI not applied to entries),filter off (RSI not applied to entries),filter off (RSI not applied to entries),filter off (RSI not applied to entries),filter off (RSI not applied to entries),filter off (RSI not applied to entries),filter off (RSI not applied to entries),filter off (RSI not applied to entries),filter off (RSI not applied to entries),filter off (RSI not applied to entries),filter off (RSI not applied to entries),filter off (RSI not applied to entries),filter off (RSI not applied to entries),filter off (RSI not applied to entries),filter off (RSI not applied to entries),filter off (RSI not applied to entries),filter off (RSI not applied to entries),filter off (RSI not applied to entries),filter off (RSI not applied to entries),filter off (RSI not applied to entries),filter off (RSI not applied to entries),filter off (RSI not applied to entries),filter off (RSI not applied to entries),filter off (RSI not applied to entries),filter off (RSI not applied to entries),filter off (RSI not applied to entries),filter off (RSI not applied to entries),filter off (RSI not applied to entries),filter off (RSI not applied to entries),filter off (RSI not applied to entries),filter off (RSI not applied to entries),filter off (RSI not applied to entries),filter off (RSI not applied to entries),filter off (RSI not applied to entries),filter off (RSI not applied to entries),filter off (RSI not applied to entries),filter off (RSI not applied to entries),filter off (RSI not applied to entries),filter off (RSI not applied to entries),filter off (RSI not applied to entries),filter off (RSI not applied to entries),filter off (RSI not applied to entries),filter off (RSI not applied to entries),filter off (RSI not applied to entries),filter off (RSI not applied to entries),filter off (RSI not applied to entries),filter off (RSI not applied to entries),filter off (RSI not applied to entries),filter off (RSI not applied to entries)
Solution Rank,,,,statistic,Rank by Sortino (0 = highest),#0 (SELECTED),#1,#2,#3,#4,#5,#6,#7,#8,#9,#10,#11,#12,#13,#14,#15,#16,#17,#18,#19,#20,#21,#22,#23,#24,#25,#26,#27,#28,#29,#30,#31,#32,#33,#34,#35,#36,#37,#38,#39,#40,#41,#42,#43,#44,#45,#46,#47,#48,#49,#50,#51,#52,#53,#54,#55,#56,#57,#58,#59,#60,#61,#62,#63,#64,#65,#66,#67,#68,#69,#70,#71,#72,#73,#74,#75,#76,#77,#78,#79,#80,#81,#82,#83,#84,#85,#86,#87,#88,#89,#90,#91,#92
"--- GA FITNESS VECTOR (normalized, per DEAP) ---",,,,,,,,,,,,,,,,,,,,,,,,,,,,,,,,,,,,,,,,,,,,,,,,,,,,,,,,,,,,,,,,,,,,,,,,,,,,,,,,,,,,,,,,,,,,,,,,,,
Fitness[0] norm Sortino obj,,,,statistic,Normalized objective after penalties; see Sortino row for raw IS aggregate,0.273449,0.260444,0.259686,0.258583,0.256444,0.252096,0.226869,0.225822,0.218208,0.214742,0.213241,0.210915,0.208981,0.206658,0.184907,0.144910,0.142243,0.135993,0.134784,0.134784,0.134533,0.132143,0.131629,0.127580,0.123949,0.123913,0.122280,0.121356,0.120353,0.115455,0.114706,0.114706,0.114119,0.112584,0.106817,0.104452,0.099254,0.096178,0.091579,0.087192,0.085471,0.082960,0.079192,0.079144,0.077933,0.071043,0.066198,0.065129,0.063311,0.062702,0.061577,0.061527,0.061149,0.060991,0.060970,0.058971,0.058861,0.057783,0.055573,0.054866,0.054051,0.053155,0.051735,0.051131,0.050801,0.048758,0.048509,0.048162,0.046169,0.045768,0.045131,0.044621,0.043793,0.041035,0.040893,0.037203,0.036868,0.035867,0.035633,0.033534,0.032460,0.032184,0.028977,0.028924,0.028918,0.028230,0.027609,0.026492,0.026322,0.024783,0.020786,0.020113,0.006332
Fitness[1] norm DD obj,,,,statistic,Normalized objective after penalties; see Sortino row for raw IS aggregate,0.120788,0.107681,0.128013,0.135275,0.201031,0.097662,0.086937,0.151494,0.085419,0.139813,0.091037,0.145463,0.137994,0.154100,0.109062,0.141356,0.121825,0.229981,0.140175,0.140175,0.121700,0.112981,0.169619,0.150519,0.193963,0.141381,0.237238,0.120525,0.154700,0.230663,0.165794,0.165794,0.193331,0.180900,0.167069,0.067219,0.261431,0.270156,0.386200,0.359269,0.324131,0.340313,0.384719,0.369700,0.384106,0.384106,0.136987,0.371731,0.116587,0.136987,0.401806,0.109188,0.147825,0.136987,0.136987,0.136987,0.184231,0.147825,0.307169,0.475100,0.136987,0.116587,0.328825,0.153731,0.147844,0.131044,0.565862,0.147825,0.153731,0.338063,0.636863,0.342306,0.162781,0.153750,0.517012,0.598975,0.546794,0.492669,0.161244,0.440900,0.293869,0.583831,0.382731,0.490113,0.167069,0.476000,0.480738,0.473831,0.470431,0.505219,0.308750,0.281156,0.300500
Fitness[2] norm PF obj,,,,statistic,Normalized objective after penalties; see Sortino row for raw IS aggregate,0.194327,0.202924,0.207125,0.208492,0.207109,0.204310,0.194358,0.197757,0.189918,0.191236,0.192845,0.185361,0.188852,0.190555,0.179931,0.168706,0.164812,0.168871,0.165507,0.165507,0.162326,0.160736,0.160630,0.159526,0.157254,0.157922,0.159971,0.160806,0.156232,0.153244,0.154496,0.154496,0.157199,0.154104,0.151750,0.153647,0.153045,0.153111,0.142049,0.141338,0.140586,0.140196,0.139417,0.139507,0.139126,0.137424,0.140317,0.140076,0.139621,0.139186,0.134885,0.138978,0.138569,0.138568,0.138594,0.137915,0.137955,0.137507,0.137946,0.137030,0.136435,0.136526,0.137793,0.135261,0.135608,0.135057,0.132052,0.134678,0.133748,0.134618,0.132142,0.132672,0.133104,0.132265,0.130597,0.129240,0.130468,0.129179,0.130748,0.129137,0.129858,0.128153,0.127693,0.127686,0.128619,0.127760,0.127555,0.127274,0.127218,0.126183,0.126348,0.125254,0.121976
Fitness[3] norm Trades obj,,,,statistic,Normalized objective after penalties; see Sortino row for raw IS aggregate,0.106599,0.118782,0.107953,0.100846,0.109306,0.103892,0.107276,0.136379,0.117428,0.126904,0.126904,0.128934,0.128596,0.138748,0.128934,0.129949,0.182403,0.151269,0.129949,0.129949,0.170897,0.183418,0.195262,0.190186,0.239594,0.190863,0.230457,0.176988,0.204399,0.262606,0.207783,0.207783,0.199323,0.217259,0.218274,0.111675,0.275465,0.255499,0.286294,0.289679,0.282572,0.297124,0.313367,0.314721,0.316413,0.317090,0.190863,0.291371,0.185787,0.192893,0.330964,0.184095,0.196616,0.194247,0.194585,0.195601,0.237563,0.196277,0.287310,0.327242,0.196616,0.186464,0.288663,0.208122,0.203046,0.187140,0.388494,0.198308,0.208460,0.292724,0.332995,0.324535,0.214213,0.213198,0.382741,0.393909,0.348900,0.364805,0.213875,0.331303,0.287648,0.392893,0.418613,0.335025,0.223350,0.337394,0.338409,0.337056,0.338071,0.435195,0.293739,0.284602,0.306937
Fitness[4] norm PnL obj,,,,statistic,Normalized objective after penalties; see Sortino row for raw IS aggregate,0.454617,0.549977,0.590657,0.531560,0.536890,0.503350,0.464373,0.587163,0.470980,0.510113,0.535393,0.505133,0.500917,0.560000,0.444350,0.378710,0.545317,0.443623,0.361330,0.361330,0.488200,0.502670,0.545673,0.519603,0.592253,0.498990,0.629773,0.513783,0.504600,0.551777,0.491350,0.491350,0.524507,0.520293,0.478427,0.207877,0.616290,0.583727,0.384477,0.378353,0.374530,0.367863,0.368883,0.371820,0.366847,0.335230,0.260803,0.412233,0.242700,0.248600,0.305680,0.233993,0.245800,0.242510,0.242847,0.235600,0.283493,0.231517,0.381997,0.388010,0.216723,0.206653,0.372673,0.216073,0.213120,0.190990,0.281647,0.196617,0.195137,0.320197,0.269850,0.272917,0.190693,0.179527,0.252767,0.227197,0.259900,0.210957,0.157507,0.196803,0.180413,0.186823,0.202240,0.166777,0.132693,0.176057,0.171800,0.165160,0.163630,0.163203,0.132567,0.092980,0.040913
Fitness[5] norm PPT obj,,,,statistic,Normalized objective after penalties; see Sortino row for raw IS aggregate,1.000000,1.000000,1.000000,1.000000,1.000000,1.000000,1.000000,1.000000,1.000000,1.000000,1.000000,1.000000,1.000000,1.000000,1.000000,1.000000,1.000000,1.000000,1.000000,1.000000,1.000000,1.000000,1.000000,1.000000,1.000000,1.000000,1.000000,1.000000,1.000000,1.000000,1.000000,1.000000,1.000000,1.000000,1.000000,0.944894,1.000000,1.000000,0.681696,0.663002,0.672808,0.628468,0.597543,0.599710,0.588524,0.536654,0.693626,0.718177,0.663115,0.654211,0.468834,0.645202,0.634596,0.633737,0.633513,0.611419,0.605755,0.598750,0.674906,0.601877,0.559527,0.562577,0.655346,0.527008,0.532800,0.518056,0.368005,0.503285,0.475170,0.555254,0.411357,0.426877,0.451880,0.427444,0.335234,0.292779,0.378128,0.293539,0.373829,0.301537,0.318376,0.241374,0.245238,0.252692,0.301576,0.264880,0.257700,0.248735,0.245691,0.190362,0.229090,0.165838,0.067663
--- ROBUSTNESS EVALUATION ---,,,,,,,,,,,,,,,,,,,,,,,,,,,,,,,,,,,,,,,,,,,,,,,,,,,,,,,,,,,,,,,,,,,,,,,,,,,,,,,,,,,,,,,,,,,,,,,,,,
Aggregate IS Sortino,,,,robustness,,7.2920,6.9452,6.9250,6.8955,6.8385,6.7225,6.0498,6.0219,5.8189,5.7264,5.6864,5.6244,5.5728,5.5109,4.9309,3.8643,3.7931,3.6265,3.5942,3.5942,3.5875,3.5238,3.5101,3.4021,3.3053,3.3043,3.2608,3.2362,3.2094,3.0788,3.0588,3.0588,3.0432,3.0022,2.8484,2.7854,2.6468,2.5647,2.4421,2.3251,2.2792,2.2123,2.1118,2.1105,2.0782,1.8945,1.7653,1.7368,1.6883,1.6720,1.6420,1.6407,1.6306,1.6264,1.6259,1.5726,1.5696,1.5409,1.4820,1.4631,1.4414,1.4175,1.3796,1.3635,1.3547,1.3002,1.2936,1.2843,1.2312,1.2205,1.2035,1.1899,1.1678,1.0943,1.0905,0.9921,0.9832,0.9564,0.9502,0.8942,0.8656,0.8582,0.7727,0.7713,0.7711,0.7528,0.7362,0.7065,0.7019,0.6609,0.5543,0.5364,0.1688
Aggregate OOS Sortino,,,,robustness,,0.8788,1.4429,1.7761,-0.0116,0.9063,1.4001,1.2263,0.0406,1.5029,0.5425,-0.9764,0.5009,0.5265,1.2201,0.4093,-0.6235,1.0699,-1.0827,-0.7560,-0.7560,1.1125,1.1954,0.6276,0.8117,-0.0801,0.5876,-0.1388,0.9530,0.5790,-0.1191,0.4388,0.4670,0.7023,0.5911,0.5933,0.9131,-0.2705,-0.1121,-1.4377,-1.4074,-1.5367,-1.1893,-1.1963,-1.3115,-1.3193,-1.3498,0.9931,-1.6616,0.9963,0.6634,-1.4918,1.1198,0.8457,0.8555,0.8683,0.6053,0.6359,0.5448,0.1023,-0.0195,0.3711,0.9008,0.0939,0.5288,0.3906,1.1983,-1.7676,0.2822,0.3617,-0.1157,-0.3729,-0.8998,1.2608,0.5435,-1.0126,-1.2130,-1.4979,-0.9418,0.5344,-1.1534,-0.3395,-1.9703,-0.1748,-1.3480,1.0253,-1.1419,-1.2121,-1.1265,-1.1744,-0.4041,-0.8521,-0.5156,-0.7918
Sortino IS-to-OOS Degradation,,,,robustness,,87.95%,79.23%,74.35%,100.17%,86.75%,79.17%,79.73%,99.33%,74.17%,90.53%,117.17%,91.09%,90.55%,77.86%,91.70%,116.13%,71.79%,129.86%,121.03%,121.03%,68.99%,66.08%,82.12%,76.14%,102.42%,82.22%,104.26%,70.55%,81.96%,103.87%,85.65%,84.73%,76.92%,80.31%,79.17%,67.22%,110.22%,104.37%,158.87%,160.53%,167.42%,153.76%,156.65%,162.14%,163.48%,171.25%,43.74%,195.67%,40.99%,60.33%,190.85%,31.75%,48.14%,47.40%,46.59%,61.51%,59.49%,64.64%,93.10%,101.33%,74.25%,36.45%,93.19%,61.22%,71.17%,7.84%,236.64%,78.03%,70.63%,109.48%,130.99%,175.62%,-7.96%,50.34%,192.86%,222.27%,252.35%,198.47%,43.76%,228.98%,139.22%,329.57%,122.62%,274.76%,-32.96%,251.69%,264.63%,259.46%,267.31%,161.15%,253.74%,196.13%,568.93%
Positive OOS Splits,,,,robustness,,3/5,4/5,5/5,2/5,4/5,4/5,4/5,3/5,4/5,3/5,2/5,3/5,3/5,3/5,3/5,2/5,3/5,1/5,2/5,2/5,3/5,3/5,2/5,3/5,1/5,3/5,2/5,3/5,3/5,2/5,3/5,3/5,3/5,2/5,3/5,4/5,2/5,2/5,1/5,1/5,1/5,1/5,1/5,1/5,1/5,1/5,3/5,1/5,3/5,3/5,1/5,3/5,3/5,3/5,3/5,3/5,3/5,3/5,2/5,3/5,2/5,3/5,3/5,3/5,2/5,3/5,1/5,2/5,3/5,2/5,2/5,1/5,3/5,3/5,1/5,1/5,0/5,1/5,3/5,1/5,3/5,1/5,2/5,1/5,3/5,1/5,1/5,1/5,1/5,3/5,1/5,1/5,1/5
Live-Ready Robustness Score,,,,robustness,,33.4,47.7,59.3,16.0,41.9,47.4,45.9,24.5,49.2,30.2,16.0,29.8,30.1,38.2,28.9,16.0,38.2,8.0,16.0,16.0,39.1,40.3,24.6,35.3,8.0,32.3,16.0,37.5,32.2,16.0,30.4,30.8,34.2,24.7,32.9,45.9,16.0,16.0,8.0,8.0,8.0,8.0,8.0,8.0,8.0,8.0,43.2,8.0,43.8,37.2,8.0,46.6,41.1,41.4,41.6,36.5,37.2,35.4,18.2,24.0,24.1,43.9,26.1,36.0,24.9,52.0,8.0,22.7,32.8,16.0,16.0,8.0,54.1,38.3,8.0,8.0,0.0,8.0,39.5,8.0,24.0,8.0,16.0,8.0,52.2,8.0,8.0,8.0,8.0,24.0,8.0,8.0,8.0
--- PER-SPLIT DETAIL (In-Sample) ---,,,,,,,,,,,,,,,,,,,,,,,,,,,,,,,,,,,,,,,,,,,,,,,,,,,,,,,,,,,,,,,,,,,,,,,,,,,,,,,,,,,,,,,,,,,,,,,,,,
  Sortino (P1),,,,split_detail,,27.1635,19.3414,27.5275,15.7524,35.0779,21.9405,18.3520,11.2740,16.9904,19.8265,18.2302,23.1075,19.8265,10.0851,9.7891,21.3584,11.7540,14.3526,19.4676,19.4676,12.3986,12.0685,12.6672,13.0564,10.5951,11.8415,8.6097,8.8600,10.2412,4.9780,10.4016,10.4016,8.7959,9.3481,8.5701,1.7165,5.0420,4.5718,8.4061,7.9589,8.4035,7.5878,7.4848,7.4168,7.4168,7.1643,1.8761,4.0976,2.0696,2.0473,8.0786,2.0696,2.0937,2.2152,2.2152,2.2361,2.8174,2.3024,5.6462,5.6075,2.2361,2.0762,4.2345,2.1405,2.7765,2.0762,8.1041,2.5445,2.1405,5.6224,7.2682,5.3810,2.8385,2.2608,4.7637,7.3162,5.4452,4.8201,1.5453,5.3926,0.8451,8.0955,4.8319,5.3636,1.2537,5.3025,5.4488,5.2859,5.0961,5.1051,4.2203,0.1057,-0.3655
  Trades/D (P1),,,,split_detail,,0.343,0.380,0.337,0.355,0.337,0.349,0.367,0.434,0.386,0.392,0.392,0.373,0.392,0.410,0.464,0.416,0.578,0.446,0.416,0.416,0.554,0.590,0.614,0.602,0.735,0.596,0.705,0.560,0.651,0.765,0.663,0.663,0.627,0.681,0.705,0.380,0.771,0.741,0.807,0.813,0.807,0.831,0.892,0.898,0.898,0.904,0.596,0.795,0.590,0.602,0.952,0.590,0.620,0.608,0.608,0.614,0.729,0.614,0.837,0.855,0.614,0.596,0.795,0.663,0.633,0.596,1.060,0.627,0.663,0.843,0.946,0.970,0.675,0.669,1.096,1.133,1.042,1.036,0.681,0.982,0.777,1.060,1.253,0.988,0.723,1.018,1.018,1.018,1.018,1.343,0.807,0.801,0.880
  Profit Fac (P1),,,,split_detail,,4.0340,3.1175,4.5356,2.5845,4.6562,4.1943,3.3087,2.4793,3.2397,3.5221,3.0951,3.5186,3.5221,2.4619,2.2422,3.3063,2.2392,3.4010,3.2433,3.2433,2.3383,2.3038,2.4890,2.5335,2.4039,2.2547,2.4031,2.3314,2.1266,1.6790,2.1615,2.1615,2.3642,1.9997,1.9127,1.2142,1.7963,1.6901,2.0006,1.9429,1.9634,1.8788,1.8557,1.8448,1.8448,1.8021,1.1977,1.5358,1.2205,1.2192,1.6971,1.2205,1.2292,1.2395,1.2395,1.2442,1.3373,1.2511,1.8606,2.0168,1.2442,1.2235,1.7668,1.2429,1.3121,1.2235,1.6945,1.2830,1.2429,1.8631,1.9377,1.6797,1.3119,1.2575,1.4583,1.6407,1.6859,1.4720,1.1730,1.6618,1.1170,1.7144,1.4113,1.6477,1.1357,1.6490,1.6703,1.6461,1.6238,1.4184,1.5773,1.0106,0.9490
  Max DD (P1),,,,split_detail,,"$4,793.00","$8,614.50","$5,207.50","$7,821.00","$2,980.00","$4,374.00","$4,927.00","$7,156.50","$5,322.00","$4,204.00","$4,530.00","$5,697.00","$4,204.00","$6,458.50","$6,915.50","$5,115.00","$9,746.00","$5,639.00","$5,496.50","$5,496.50","$9,736.00","$8,639.50","$8,639.50","$8,639.50","$11,159.50","$9,746.00","$9,574.50","$9,642.00","$12,376.00","$18,453.00","$11,269.50","$11,269.50","$9,470.50","$14,472.00","$13,365.50","$5,323.50","$20,914.50","$21,612.50","$11,571.50","$12,962.00","$10,682.50","$13,507.00","$14,557.00","$14,557.00","$14,557.00","$15,891.00","$9,746.00","$20,861.50","$8,639.50","$9,746.00","$12,943.00","$8,639.50","$8,639.50","$8,639.50","$8,639.50","$8,639.50","$9,405.50","$8,639.50","$19,989.00","$13,622.50","$8,639.50","$8,639.50","$19,951.00","$11,269.50","$8,639.50","$8,639.50","$8,290.50","$8,639.50","$11,269.50","$19,989.00","$6,108.00","$22,565.50","$8,639.50","$11,269.50","$22,272.00","$10,249.00","$16,727.00","$23,588.50","$11,269.50","$21,258.00","$10,496.00","$8,685.50","$13,875.50","$20,740.50","$13,365.50","$22,184.00","$22,184.00","$22,184.00","$22,184.00","$15,309.50","$15,885.00","$20,344.50","$17,438.00"
  Total PNL (P1),,,,split_detail,,"$44,070.00","$45,943.50","$51,647.00","$38,362.00","$50,055.00","$50,722.00","$47,175.50","$39,907.50","$46,444.00","$47,613.00","$44,890.00","$49,413.50","$47,613.00","$38,870.00","$36,113.50","$45,287.00","$46,110.00","$50,116.50","$44,905.50","$44,905.50","$47,071.00","$48,390.00","$53,098.50","$53,874.50","$58,505.50","$47,283.00","$59,060.50","$47,924.50","$47,566.50","$35,792.00","$49,153.00","$49,153.00","$51,588.50","$46,741.50","$44,100.50","$4,511.00","$45,080.00","$40,257.00","$46,802.50","$45,412.00","$47,324.00","$43,924.00","$45,179.50","$44,869.50","$44,869.50","$43,535.50","$7,475.00","$32,588.00","$8,213.50","$8,244.00","$42,939.00","$8,213.50","$8,725.50","$9,009.50","$9,009.50","$9,184.50","$14,366.00","$9,475.50","$47,191.50","$55,934.50","$9,184.50","$8,323.50","$44,606.50","$10,135.00","$11,739.50","$8,323.50","$44,460.00","$10,677.50","$10,135.00","$47,330.50","$53,188.00","$45,295.50","$12,610.00","$10,794.00","$35,276.50","$46,520.00","$50,130.00","$34,393.00","$7,667.00","$44,300.50","$6,873.00","$45,203.00","$36,572.50","$43,029.50","$6,585.50","$45,481.00","$46,596.00","$45,356.50","$43,710.50","$36,813.00","$34,847.00",$607.50,"$-3,525.50"
  Avg Profit/Tr (P1),,,,split_detail,,$773.16,$729.26,$922.27,$650.20,$893.84,$874.52,$773.37,$554.27,$725.69,$732.51,$690.62,$796.99,$732.51,$571.62,$469.01,$656.33,$480.31,$677.25,$650.80,$650.80,$511.64,$493.78,$520.57,$538.74,$479.55,$477.61,$504.79,$515.32,$440.43,$281.83,$446.85,$446.85,$496.04,$413.64,$376.93,$71.60,$352.19,$327.29,$349.27,$336.39,$353.16,$318.29,$305.27,$301.14,$301.14,$290.24,$75.51,$246.88,$83.81,$82.44,$271.77,$83.81,$84.71,$89.20,$89.20,$90.04,$118.73,$92.90,$339.51,$393.90,$90.04,$84.08,$337.93,$92.14,$111.80,$84.08,$252.61,$102.67,$92.14,$338.08,$338.78,$281.34,$112.59,$97.24,$193.83,$247.45,$289.77,$199.96,$67.85,$271.78,$53.28,$256.84,$175.83,$262.37,$54.88,$269.12,$275.72,$268.38,$258.64,$165.08,$260.05,$4.57,$-24.15
  Span (min) (P1),,,,split_detail,,5054.49,4600.22,5158.75,4897.86,5166.43,4994.86,4751.74,4037.64,4534.47,4482.23,4462.71,4680.29,4482.23,4281.32,3786.91,4197.22,3079.27,3921.73,4197.74,4197.74,3201.59,3016.86,2908.02,2967.72,2450.80,2993.74,2558.77,3188.99,2754.63,2355.46,2706.84,2706.84,2868.79,2644.64,2551.47,143.56,2337.78,2428.60,2240.31,2225.07,2245.54,2178.52,2036.43,2023.33,2023.33,2009.00,158.53,2275.74,153.00,157.50,1887.78,153.00,154.00,155.39,155.39,154.69,152.15,156.47,2165.01,2119.92,154.69,153.58,2275.20,154.13,156.00,153.58,1706.17,156.69,154.13,2150.48,1917.11,1872.37,157.25,156.52,1654.62,1601.14,1762.89,1746.01,153.38,1843.44,114.42,1704.34,1452.77,1828.46,152.60,1785.94,1784.38,1786.15,1784.95,1363.02,2217.22,123.89,120.90
  Sortino (P3),,,,split_detail,,0.3139,5.0218,2.2143,11.5532,-2.4012,1.5680,0.2615,6.2423,1.6048,2.6552,0.7873,5.3659,2.7801,3.1998,2.5970,0.0317,-1.1426,2.2915,-0.3963,-0.3963,-1.6497,-1.1236,-2.3712,-2.4732,-2.0993,-2.1564,-2.6833,-0.0139,-2.7151,0.5113,-3.1107,-3.1107,-1.3862,-3.0793,-3.0347,1.5483,-0.2958,-0.2449,-3.3108,-3.0025,-3.7001,-2.9608,-2.5609,-2.5609,-2.7397,-2.7274,-1.5723,-5.3271,-1.1830,-1.3707,-4.9166,-0.7852,-1.4104,-1.3707,-2.1974,-1.3694,-1.0288,-1.3694,-0.1447,-0.5652,-1.7616,-1.1830,-0.6496,-2.5362,-0.7965,-1.0693,-4.1565,-1.7616,-2.9190,-0.3576,-4.3915,-1.3917,-2.1493,-2.0861,-2.9213,-2.5166,-1.8412,-4.4128,-2.1347,-2.0997,-0.3163,-4.7031,-4.0557,-2.4037,-2.5273,-1.8513,-1.9935,-1.8513,-2.0759,-2.8513,-5.0641,-5.1388,-2.5644
  Trades/D (P3),,,,split_detail,,0.372,0.378,0.323,0.305,0.384,0.329,0.366,0.415,0.390,0.421,0.427,0.396,0.427,0.433,0.421,0.415,0.659,0.476,0.415,0.415,0.616,0.659,0.677,0.665,0.787,0.665,0.732,0.616,0.713,0.787,0.726,0.726,0.677,0.774,0.768,0.384,0.841,0.774,0.884,0.878,0.878,0.902,0.976,0.976,0.982,0.982,0.671,0.957,0.659,0.671,1.061,0.659,0.683,0.671,0.671,0.683,0.823,0.683,0.872,0.970,0.683,0.659,0.933,0.720,0.701,0.665,1.238,0.683,0.720,0.890,1.043,0.951,0.732,0.738,1.128,1.207,1.037,1.079,0.732,0.994,0.835,1.256,1.335,1.012,0.780,0.994,0.994,0.994,1.000,1.348,0.909,0.884,0.927
  Profit Fac (P3),,,,split_detail,,1.0206,1.4593,1.2481,2.2007,0.7971,1.1280,1.0200,2.0977,1.1209,1.2546,1.0832,1.5900,1.2705,1.4623,1.2652,1.0033,0.9234,1.2702,0.9552,0.9552,0.8928,0.9247,0.8454,0.8362,0.8341,0.8600,0.7935,0.9989,0.8349,1.0398,0.8053,0.8053,0.8994,0.8031,0.8066,1.1011,0.9744,0.9797,0.7666,0.7819,0.7479,0.7867,0.8104,0.8104,0.7994,0.8003,0.8982,0.6479,0.9237,0.9146,0.6731,0.9494,0.9084,0.9146,0.8630,0.9149,0.9324,0.9149,0.9879,0.9498,0.8905,0.9237,0.9408,0.8517,0.9482,0.9304,0.7145,0.8905,0.8293,0.9698,0.6983,0.8944,0.8637,0.8677,0.7934,0.8231,0.8643,0.6973,0.8688,0.8479,0.9722,0.6745,0.7359,0.8347,0.8385,0.8683,0.8600,0.8683,0.8547,0.7924,0.6742,0.6574,0.8143
  Max DD (P3),,,,split_detail,,"$4,094.00","$2,234.50","$2,359.50","$1,402.00","$6,191.50","$3,292.50","$3,027.00","$2,469.00","$3,082.50","$4,427.00","$7,283.00","$2,932.50","$4,199.00","$2,469.00","$3,930.50","$4,105.50","$7,056.50","$3,003.00","$4,322.00","$4,322.00","$6,988.50","$7,014.50","$8,383.50","$8,383.50","$11,301.00","$7,839.00","$13,244.00","$6,372.00","$9,007.50","$11,010.50","$9,947.00","$9,947.00","$8,779.00","$10,999.00","$10,598.00","$2,939.00","$8,689.50","$7,030.50","$11,472.00","$10,623.50","$13,028.50","$10,678.00","$10,453.00","$10,453.00","$10,695.00","$10,653.00","$6,823.50","$19,004.50","$7,836.00","$6,683.50","$20,200.00","$6,121.50","$6,781.50","$6,683.50","$8,398.00","$6,683.50","$9,850.00","$6,683.50","$6,839.50","$6,506.50","$8,398.00","$7,836.00","$6,501.50","$8,425.00","$8,388.00","$7,621.50","$20,010.50","$8,398.00","$10,139.50","$6,839.50","$18,598.00","$11,716.50","$10,122.00","$10,227.50","$16,415.00","$14,652.00","$13,132.00","$21,480.00","$9,925.00","$13,764.50","$8,883.00","$20,973.00","$18,228.50","$13,810.00","$11,342.00","$13,679.50","$14,167.50","$13,679.50","$14,195.50","$15,261.50","$18,302.50","$20,307.00","$15,458.00"
  Total PNL (P3),,,,split_detail,,$312.00,"$5,704.00","$3,047.50","$10,539.50","$-3,146.50","$1,811.50",$306.00,"$12,324.00","$1,932.50","$3,665.00","$1,620.00","$8,192.50","$3,893.00","$7,050.50","$4,842.00",$55.00,"$-2,521.50","$4,656.00",$-776.50,$-776.50,"$-3,368.00","$-2,479.50","$-5,590.50","$-5,906.00","$-6,719.50","$-4,909.50","$-8,307.00",$-34.50,"$-6,174.50","$1,529.00","$-7,444.50","$-7,444.50","$-3,654.50","$-8,237.50","$-7,629.50","$1,453.00","$-1,109.50",$-790.50,"$-10,103.50","$-9,255.00","$-11,660.00","$-9,309.50","$-8,710.00","$-8,710.00","$-9,326.50","$-9,284.50","$-3,442.00","$-19,313.00","$-2,444.50","$-2,842.50","$-16,070.50","$-1,622.50","$-3,112.50","$-2,842.50","$-4,557.00","$-2,870.00","$-2,619.50","$-2,870.00",$-549.00,"$-2,326.50","$-3,692.00","$-2,444.50","$-2,827.00","$-5,447.50","$-1,713.50","$-2,230.00","$-15,595.00","$-3,692.00","$-6,269.50","$-1,386.00","$-16,935.50","$-5,205.00","$-4,950.00","$-4,848.50","$-10,453.50","$-9,318.50","$-7,554.50","$-15,157.00","$-4,713.50","$-7,652.00","$-1,060.50","$-17,317.50","$-16,364.00","$-8,416.50","$-6,190.50","$-6,793.00","$-7,281.00","$-6,793.00","$-7,605.50","$-12,172.50","$-16,232.50","$-14,797.50","$-8,799.50"
  Avg Profit/Tr (P3),,,,split_detail,,$5.11,$92.00,$57.50,$210.79,$-49.94,$33.55,$5.10,$181.24,$30.20,$53.12,$23.14,$126.04,$55.61,$99.30,$70.17,$0.81,$-23.35,$59.69,$-11.42,$-11.42,$-33.35,$-22.96,$-50.36,$-54.18,$-52.09,$-45.04,$-69.22,$-0.34,$-52.77,$11.85,$-62.56,$-62.56,$-32.92,$-64.86,$-60.55,$23.06,$-8.04,$-6.22,$-69.68,$-64.27,$-80.97,$-62.90,$-54.44,$-54.44,$-57.93,$-57.67,$-31.29,$-123.01,$-22.63,$-25.84,$-92.36,$-15.02,$-27.79,$-25.84,$-41.43,$-25.63,$-19.40,$-25.63,$-3.84,$-14.63,$-32.96,$-22.63,$-18.48,$-46.17,$-14.90,$-20.46,$-76.82,$-32.96,$-53.13,$-9.49,$-99.04,$-33.37,$-41.25,$-40.07,$-56.51,$-47.06,$-44.44,$-85.63,$-39.28,$-46.94,$-7.74,$-84.07,$-74.72,$-50.70,$-48.36,$-41.67,$-44.67,$-41.67,$-46.37,$-55.08,$-108.94,$-102.05,$-57.89
  Span (min) (P3),,,,split_detail,,126.92,158.74,168.53,174.16,132.14,162.81,145.83,165.94,145.91,153.04,136.80,179.85,150.86,160.11,160.90,126.00,132.48,129.23,131.82,131.82,129.74,129.76,139.24,138.59,144.45,134.22,161.82,151.78,130.43,133.63,127.06,127.06,148.32,138.02,126.11,134.22,145.17,148.71,115.19,117.83,119.19,117.68,117.95,117.95,117.22,116.61,131.35,134.20,123.67,128.29,110.71,127.81,130.12,128.29,125.75,128.88,124.13,128.88,158.91,146.35,124.88,123.67,152.94,125.76,124.90,123.30,108.76,124.88,121.97,157.42,131.98,139.38,127.05,122.41,111.70,117.66,145.48,107.65,120.28,128.76,119.39,100.04,109.32,125.86,125.67,137.89,137.74,137.89,137.56,107.44,122.74,101.86,117.95
  Sortino (P5),,,,split_detail,,5.7214,6.6334,5.3684,6.6306,6.4149,4.6383,4.7915,7.0523,5.3897,3.5494,2.0684,1.8109,3.6211,6.5056,6.3602,-0.1050,3.1066,-1.3903,-0.3968,-0.3968,2.8321,2.2156,2.3727,1.6866,4.5887,2.5212,4.8989,2.0787,3.1990,1.4340,2.7563,2.7563,2.2568,2.5691,2.5509,7.6883,5.6151,5.0262,10.5356,10.4953,8.0395,9.5909,8.9437,8.4851,8.3282,7.6042,2.7773,4.9961,2.8903,2.7773,1.8286,2.2096,2.2527,2.6602,2.6602,2.4558,2.0041,2.2470,1.8557,2.2821,2.1784,2.0669,3.3489,2.3995,1.5125,1.5423,4.0802,1.5234,2.3995,1.0075,1.7452,1.8160,0.8605,1.5366,4.9348,2.2741,1.8098,4.4787,1.4075,1.2582,3.6785,3.5249,1.3680,1.5422,1.2555,1.4688,1.1337,1.2282,1.6717,0.3250,2.7456,4.6933,5.5646
  Trades/D (P5),,,,split_detail,,0.299,0.317,0.335,0.274,0.226,0.317,0.323,0.402,0.348,0.323,0.360,0.439,0.329,0.415,0.354,0.354,0.537,0.451,0.354,0.354,0.494,0.524,0.604,0.579,0.683,0.585,0.671,0.512,0.646,0.768,0.652,0.652,0.622,0.707,0.689,0.317,0.793,0.720,0.811,0.829,0.805,0.860,0.909,0.915,0.921,0.921,0.585,0.793,0.543,0.585,0.970,0.524,0.604,0.591,0.591,0.598,0.787,0.604,0.884,1.091,0.604,0.549,0.866,0.652,0.640,0.555,1.183,0.616,0.652,0.902,0.957,0.939,0.689,0.689,1.159,1.207,1.043,1.110,0.701,0.957,0.799,1.195,1.268,0.963,0.713,0.970,0.982,0.963,0.970,1.238,0.829,0.817,0.848
  Profit Fac (P5),,,,split_detail,,1.4655,1.6825,1.5698,1.8984,1.5141,1.4467,1.4534,1.8010,1.5305,1.3320,1.1917,1.1464,1.3451,1.6817,1.5704,0.9901,1.3496,0.8772,0.9628,0.9628,1.3165,1.2389,1.2313,1.1670,1.4511,1.2547,1.5305,1.2336,1.3269,1.1014,1.2788,1.2788,1.2233,1.2624,1.2545,1.7241,1.5933,1.5519,1.7266,1.7241,1.5906,1.6469,1.6161,1.5791,1.5627,1.5235,1.2867,1.5458,1.3236,1.2867,1.1304,1.2378,1.2215,1.2730,1.2730,1.2465,1.1988,1.2206,1.1416,1.1541,1.2209,1.2241,1.2634,1.2366,1.1469,1.1550,1.3182,1.1474,1.2366,1.0750,1.1604,1.1478,1.0796,1.1448,1.3972,1.1713,1.1312,1.3542,1.1343,1.0995,1.2824,1.2813,1.1047,1.1194,1.1197,1.1170,1.0875,1.0973,1.1343,1.0220,1.2546,1.3993,1.4860
  Max DD (P5),,,,split_detail,,"$7,970.00","$7,108.00","$6,755.50","$4,450.00","$4,740.00","$7,813.00","$6,955.00","$6,928.00","$6,833.50","$4,892.00","$7,073.50","$11,637.00","$4,892.00","$8,480.50","$8,725.00","$10,359.50","$7,729.50","$18,398.50","$11,188.50","$11,188.50","$7,729.50","$8,735.00","$13,569.50","$12,041.50","$13,526.00","$11,310.50","$12,972.00","$8,928.00","$11,431.50","$17,400.00","$13,263.50","$13,263.50","$15,466.50","$14,111.50","$12,836.50","$5,084.50","$14,698.00","$11,239.50","$6,693.50","$6,693.50","$7,180.50","$7,307.00","$6,523.00","$7,049.50","$7,049.50","$7,049.50","$10,959.00","$13,542.00","$7,729.50","$10,959.00","$11,727.50","$8,735.00","$11,826.00","$10,959.00","$10,959.00","$10,959.00","$14,738.50","$11,826.00","$16,362.00","$27,904.50","$10,959.00","$7,729.50","$15,036.50","$12,298.50","$11,827.50","$8,411.50","$8,357.00","$11,826.00","$12,298.50","$20,623.00","$20,673.50","$8,583.50","$13,022.50","$12,300.00","$9,145.50","$12,132.50","$23,331.50","$9,145.50","$12,899.50","$14,554.50","$8,980.00","$10,033.50","$15,071.50","$15,460.50","$12,899.50","$9,984.50","$11,019.00","$9,984.50","$8,936.00","$13,788.00","$10,355.00","$7,371.50","$8,693.00"
  Total PNL (P5),,,,split_detail,,"$10,760.00","$14,013.50","$14,323.00","$16,415.50","$9,590.00","$11,300.00","$11,080.50","$20,686.00","$13,105.00","$8,680.50","$5,467.00","$5,346.00","$9,023.00","$18,651.00","$13,050.50",$-287.50,"$17,134.00","$-5,236.00","$-1,116.50","$-1,116.50","$14,553.50","$11,715.00","$13,703.50","$9,549.50","$28,701.00","$14,384.00","$32,002.50","$11,603.50","$19,435.00","$6,429.00","$16,966.00","$16,966.00","$13,919.00","$17,353.00","$16,169.50","$15,369.50","$39,656.00","$34,907.00","$38,949.50","$39,393.50","$34,163.50","$37,075.50","$36,679.50","$35,299.50","$34,672.00","$31,861.50","$15,789.00","$35,013.50","$15,907.00","$15,789.00","$10,164.00","$11,673.00","$12,849.50","$15,196.00","$15,196.00","$14,012.00","$14,365.50","$12,807.50","$12,684.00","$16,426.00","$12,556.00","$11,561.00","$21,988.00","$14,487.50","$9,219.00","$8,499.50","$26,579.50","$8,917.00","$14,487.50","$6,969.50","$12,743.00","$12,274.50","$5,405.50","$9,717.00","$31,925.00","$15,612.00","$13,114.50","$27,950.50","$9,095.00","$8,232.00","$18,053.50","$22,841.50","$9,707.50","$9,866.50","$8,198.00","$10,166.50","$7,808.00","$8,448.00","$11,488.50","$2,070.00","$18,055.00","$23,656.50","$29,665.50"
  Avg Profit/Tr (P5),,,,split_detail,,$219.59,$269.49,$260.42,$364.79,$259.19,$217.31,$209.07,$313.42,$229.91,$163.78,$92.66,$74.25,$167.09,$274.28,$225.01,$-4.96,$194.70,$-70.76,$-19.25,$-19.25,$179.67,$136.22,$138.42,$100.52,$256.26,$149.83,$290.93,$138.14,$183.35,$51.02,$158.56,$158.56,$136.46,$149.59,$143.09,$295.57,$305.05,$295.82,$292.85,$289.66,$258.81,$262.95,$246.17,$235.33,$229.62,$211.00,$164.47,$269.33,$178.73,$164.47,$63.92,$135.73,$129.79,$156.66,$156.66,$142.98,$111.36,$129.37,$87.48,$91.77,$126.83,$128.46,$154.85,$135.40,$87.80,$93.40,$137.01,$88.29,$135.40,$47.09,$81.17,$79.70,$47.84,$85.99,$168.03,$78.85,$76.69,$153.57,$79.09,$52.43,$137.81,$116.54,$46.67,$62.45,$70.07,$63.94,$48.50,$53.47,$72.25,$10.20,$132.76,$176.54,$213.42
  Span (min) (P5),,,,split_detail,,150.86,159.12,151.45,157.11,171.49,154.81,151.36,137.88,150.81,184.81,154.17,143.89,184.44,160.79,151.83,144.83,166.09,141.08,147.10,147.10,163.51,159.53,165.31,165.20,170.88,164.50,179.84,173.00,161.13,114.21,160.15,160.15,169.78,163.53,158.46,148.35,161.97,164.92,131.79,131.25,141.06,129.38,128.54,127.59,126.56,125.07,163.92,159.60,162.97,163.92,110.06,159.37,160.93,162.66,162.66,161.29,152.70,160.79,146.41,135.66,159.80,161.93,152.06,157.01,159.73,160.00,105.87,158.99,157.01,143.88,139.02,150.70,157.84,156.23,113.33,108.18,147.93,113.77,155.46,139.87,135.39,99.57,108.37,132.76,155.79,149.21,144.89,148.48,149.06,111.52,151.41,116.39,142.19
  Sortino (P7),,,,split_detail,,-1.1294,3.4283,1.9136,2.8355,-2.3871,4.8445,3.5537,1.0908,1.8483,-0.5810,1.7965,1.5509,-0.5810,-0.2252,2.0544,2.6741,1.8700,0.3830,3.1592,3.1592,1.4984,1.2480,1.9467,2.2975,-0.5882,1.2830,1.4047,2.4982,0.4188,1.5336,0.8794,0.8794,1.9122,1.2693,0.7477,2.4009,-0.8176,0.5804,-4.1484,-3.6964,-2.7250,-3.4684,-3.6939,-3.3076,-3.3076,-3.3076,0.9615,-3.8215,0.5482,0.1277,-4.2145,0.5482,0.4716,0.1861,0.1861,0.1861,0.1846,0.1861,-0.5132,-1.7601,0.1861,0.5482,0.0502,-0.2554,0.1861,0.5482,-5.2767,0.1861,-0.2554,-0.5132,-4.6094,-3.8548,1.0391,-0.0066,-3.9341,-4.9280,-0.6879,-3.4535,-0.2554,-4.5576,-0.2443,-5.5368,-3.1197,-4.7585,0.3505,-4.9677,-4.9019,-5.0726,-5.0180,-4.7631,-3.1490,-3.0718,-2.5419
  Trades/D (P7),,,,split_detail,,0.311,0.341,0.311,0.311,0.341,0.299,0.293,0.409,0.329,0.402,0.348,0.354,0.402,0.396,0.317,0.305,0.543,0.427,0.305,0.305,0.494,0.549,0.561,0.549,0.616,0.567,0.598,0.537,0.585,0.738,0.598,0.598,0.573,0.591,0.604,0.311,0.780,0.707,0.835,0.848,0.829,0.860,0.902,0.915,0.915,0.915,0.561,0.896,0.555,0.579,1.043,0.555,0.573,0.579,0.579,0.579,0.665,0.579,0.799,0.909,0.579,0.555,0.854,0.604,0.579,0.555,1.262,0.579,0.604,0.799,1.000,0.951,0.610,0.591,1.299,1.287,1.055,1.238,0.604,0.963,0.872,1.274,1.226,0.976,0.628,0.994,1.000,1.000,1.000,1.305,0.860,0.963,0.939
  Profit Fac (P7),,,,split_detail,,0.9235,1.2658,1.1588,1.1926,0.7632,1.3815,1.4163,1.0669,1.1765,0.9505,1.2154,1.1597,0.9505,0.9873,1.1407,1.3550,1.1662,1.0402,1.4554,1.4554,1.1285,1.1055,1.1597,1.1916,0.9567,1.1094,1.1172,1.1841,1.0349,1.0896,1.0715,1.0715,1.1291,1.1017,1.0609,1.2615,0.9340,1.0548,0.7360,0.7614,0.8181,0.7729,0.7582,0.7814,0.7814,0.7814,1.0826,0.7538,1.0466,1.0105,0.7255,1.0466,1.0385,1.0154,1.0154,1.0154,1.0148,1.0154,0.9561,0.9014,1.0154,1.0466,1.0044,0.9795,1.0154,1.0466,0.6606,1.0154,0.9795,0.9561,0.7274,0.7776,1.0843,0.9995,0.7360,0.6853,0.9425,0.7622,0.9795,0.7447,0.9817,0.6469,0.7979,0.7391,1.0274,0.7374,0.7390,0.7310,0.7346,0.6833,0.7502,0.8004,0.8086
  Max DD (P7),,,,split_detail,,"$5,139.00","$3,785.00","$5,046.50","$6,099.00","$7,863.50","$4,168.50","$3,773.50","$4,084.50","$4,795.50","$7,038.00","$3,368.50","$4,436.00","$7,038.00","$4,947.50","$6,551.50","$3,121.50","$5,957.50","$5,639.50","$3,121.50","$3,121.50","$5,079.50","$7,170.00","$7,490.00","$5,645.00","$12,707.00","$6,071.50","$8,995.50","$6,953.00","$8,878.50","$10,078.00","$7,160.00","$7,160.00","$8,067.00","$7,586.00","$7,259.50","$4,547.00","$16,478.00","$13,569.50","$18,761.00","$17,332.00","$17,253.00","$16,672.00","$17,470.00","$17,762.50","$17,762.50","$17,762.50","$7,172.00","$21,916.00","$7,631.50","$8,980.50","$22,773.50","$7,631.50","$7,978.50","$8,809.00","$8,809.00","$8,809.00","$8,825.50","$8,809.00","$10,911.50","$22,909.50","$8,809.00","$7,631.50","$8,213.50","$9,878.50","$8,809.00","$7,631.50","$30,622.50","$8,809.00","$9,878.50","$10,911.50","$25,283.00","$22,078.50","$7,170.50","$9,126.00","$25,964.50","$30,922.00","$15,335.50","$23,134.50","$9,878.50","$23,029.50","$15,281.00","$31,567.50","$21,051.00","$23,459.50","$7,395.00","$24,682.00","$25,448.00","$25,042.50","$25,192.00","$27,895.50","$22,704.00","$18,609.00","$19,140.50"
  Total PNL (P7),,,,split_detail,,"$-1,475.00","$4,628.50","$3,009.00","$3,275.50","$-5,057.00","$5,976.00","$6,414.50","$1,547.50","$3,477.50","$-1,104.00","$3,807.50","$2,994.00","$-1,104.00",$-300.50,"$2,331.50","$5,482.50","$5,342.00",$892.00,"$6,659.00","$6,659.00","$3,932.00","$3,534.50","$5,635.50","$6,525.00","$-1,634.50","$3,796.50","$4,172.50","$6,118.50","$1,256.00","$3,815.50","$2,676.50","$2,676.50","$4,662.00","$3,840.00","$2,299.50","$4,424.00","$-3,226.00","$2,331.00","$-15,146.00","$-13,693.00","$-10,561.50","$-13,033.00","$-14,612.50","$-13,263.50","$-13,263.50","$-13,263.50","$2,778.00","$-15,727.50","$1,552.50",$374.50,"$-17,685.50","$1,552.50","$1,376.50",$546.00,$546.00,$546.00,$606.00,$546.00,"$-2,226.00","$-5,700.50",$546.00,"$1,552.50",$218.50,$-772.00,$546.00,"$1,552.50","$-26,362.50",$546.00,$-772.00,"$-2,226.00","$-19,471.00","$-12,792.50","$3,194.00",$-19.50,"$-20,351.50","$-25,333.00","$-3,683.00","$-17,470.00",$-772.00,"$-14,618.50",$-837.00,"$-27,043.50","$-13,968.00","$-15,048.50","$1,096.50","$-16,118.50","$-15,984.50","$-16,658.00","$-16,353.00","$-23,945.00","$-14,162.50","$-11,714.50","$-11,342.50"
  Avg Profit/Tr (P7),,,,split_detail,,$-28.92,$82.65,$59.00,$64.23,$-90.30,$121.96,$133.64,$23.10,$64.40,$-16.73,$66.80,$51.62,$-16.73,$-4.62,$44.84,$109.65,$60.02,$12.74,$133.18,$133.18,$48.54,$39.27,$61.26,$72.50,$-16.18,$40.82,$42.58,$69.53,$13.08,$31.53,$27.31,$27.31,$49.60,$39.59,$23.23,$86.75,$-25.20,$20.09,$-110.55,$-98.51,$-77.66,$-92.43,$-98.73,$-88.42,$-88.42,$-88.42,$30.20,$-106.99,$17.06,$3.94,$-103.42,$17.06,$14.64,$5.75,$5.75,$5.75,$5.56,$5.75,$-16.99,$-38.26,$5.75,$17.06,$1.56,$-7.80,$5.75,$17.06,$-127.36,$5.75,$-7.80,$-16.99,$-118.73,$-82.00,$31.94,$-0.20,$-95.55,$-120.06,$-21.29,$-86.06,$-7.80,$-92.52,$-5.85,$-129.39,$-69.49,$-94.05,$10.65,$-98.89,$-97.47,$-101.57,$-99.71,$-111.89,$-100.44,$-74.14,$-73.65
  Span (min) (P7),,,,split_detail,,143.57,164.75,143.29,161.41,155.89,158.00,154.29,143.97,149.85,149.77,131.58,160.03,149.77,140.00,149.69,152.16,150.70,129.94,159.84,159.84,148.99,146.53,154.30,157.73,150.12,149.94,172.00,171.34,143.35,134.40,147.29,147.29,161.00,152.99,144.24,147.69,154.55,157.98,123.24,123.58,133.21,125.11,124.30,123.95,123.95,123.95,147.00,142.57,143.54,144.57,101.52,143.54,144.91,143.24,143.24,143.24,142.57,143.24,148.85,136.11,143.24,143.54,145.23,140.28,143.24,143.54,98.95,143.24,140.28,148.85,125.15,127.54,146.02,143.03,100.37,102.45,138.94,101.03,140.28,121.97,116.98,93.91,102.18,120.22,144.08,123.83,120.88,123.59,123.29,99.18,120.68,102.52,102.08
  Sortino (P9),,,,split_detail,,-2.0224,-1.3676,-2.2145,-2.6974,-3.7118,3.5103,1.6235,-0.3584,3.0100,-2.8717,-0.5381,-2.7400,-2.7460,-0.9312,0.7831,-2.8657,1.2608,-1.5165,-3.2508,-3.2508,2.3407,1.2461,2.3003,1.9829,0.8436,1.6268,1.1426,1.3279,1.6414,1.4109,1.5269,1.5269,2.3836,3.5632,2.3991,2.8365,0.8455,-0.0332,-3.0745,-2.8518,-2.9367,-2.5034,-2.7154,-2.4583,-2.5770,-2.5770,1.8204,-1.4390,1.2427,1.5830,0.3679,1.9358,2.2855,1.5830,2.2603,1.5830,1.2608,1.5830,-0.1521,-1.1998,1.5989,0.7592,-0.2973,2.2533,0.4191,0.7592,-0.9099,1.1374,1.6202,0.1798,-3.4917,-2.5220,0.9694,0.5177,-1.5185,-1.3023,-3.7161,-2.3468,1.5665,-3.0770,-2.3759,-1.7496,1.0031,-3.1737,1.3532,-3.1452,-3.0265,-3.2514,-3.2377,1.1654,-1.8089,-0.2674,-1.6571
  Trades/D (P9),,,,split_detail,,0.299,0.348,0.299,0.287,0.317,0.244,0.256,0.433,0.299,0.323,0.378,0.390,0.329,0.415,0.384,0.372,0.488,0.433,0.372,0.372,0.463,0.494,0.530,0.518,0.817,0.518,0.793,0.482,0.537,0.878,0.549,0.549,0.543,0.598,0.598,0.280,0.970,0.921,0.945,0.963,0.927,0.994,1.037,1.037,1.043,1.043,0.518,0.976,0.500,0.524,1.006,0.500,0.530,0.524,0.530,0.524,0.646,0.524,0.902,1.018,0.530,0.500,0.878,0.549,0.543,0.500,1.165,0.530,0.549,0.927,1.012,0.963,0.561,0.561,1.152,1.171,1.018,1.116,0.561,0.982,0.976,1.165,1.177,0.988,0.573,0.988,0.988,0.988,0.988,1.226,0.890,0.884,0.915
  Profit Fac (P9),,,,split_detail,,0.8696,0.9042,0.8390,0.8142,0.7120,1.3056,1.1139,0.9692,1.2200,0.7579,0.9489,0.7841,0.7641,0.9244,1.0638,0.7516,1.0832,0.8803,0.7352,0.7352,1.1625,1.0814,1.1606,1.1385,1.0572,1.1077,1.0738,1.0910,1.1095,1.0927,1.1017,1.1017,1.1733,1.2523,1.1590,1.2061,1.0624,0.9976,0.8144,0.8288,0.8213,0.8519,0.8377,0.8483,0.8419,0.8419,1.1197,0.9011,1.0819,1.1027,1.0223,1.1276,1.1506,1.1027,1.1483,1.1027,1.0860,1.1027,0.9868,0.9140,1.1049,1.0500,0.9760,1.1500,1.0267,1.0500,0.9415,1.0746,1.1079,1.0156,0.7844,0.8428,1.0648,1.0336,0.8983,0.9155,0.7580,0.8462,1.1066,0.8083,0.8488,0.8829,1.0655,0.8024,1.0925,0.8089,0.8140,0.8017,0.8032,1.0863,0.8776,0.9834,0.8841
  Max DD (P9),,,,split_detail,,"$8,715.00","$6,197.50","$10,241.00","$7,202.50","$10,661.00","$3,077.00","$3,956.50","$12,119.50","$4,466.50","$7,061.50","$7,137.00","$9,052.00","$6,916.00","$12,328.00","$8,637.00","$11,308.50","$8,528.50","$8,506.00","$11,214.00","$11,214.00","$8,528.50","$9,038.50","$7,343.00","$9,397.50","$13,082.50","$8,528.50","$10,324.00","$9,252.00","$9,669.50","$10,971.00","$10,179.50","$10,179.50","$8,094.00","$11,107.00","$11,176.50","$3,857.00","$15,232.50","$16,375.50","$17,101.00","$18,072.50","$17,425.00","$18,842.00","$20,352.50","$19,521.00","$19,521.00","$19,521.00","$8,515.00","$16,680.50","$7,260.00","$9,025.00","$7,339.00","$7,260.00","$7,260.00","$9,025.00","$7,260.00","$9,025.00","$8,072.50","$9,025.00","$15,767.00","$13,321.50","$7,260.00","$7,260.00","$14,711.50","$8,401.00","$8,658.00","$7,260.00","$10,177.50","$7,450.00","$8,401.00","$12,838.00","$24,046.00","$15,782.50","$8,401.00","$8,401.00","$13,013.50","$9,810.50","$28,071.00","$14,522.50","$8,401.00","$16,186.00","$19,260.00","$12,886.50","$8,175.00","$16,666.00","$8,401.00","$18,684.00","$18,831.00","$19,269.50","$18,684.00","$8,705.00","$19,150.00","$6,422.50","$18,136.00"
  Total PNL (P9),,,,split_detail,,"$-2,894.00","$-2,263.00","$-4,083.50","$-4,081.50","$-7,362.50","$4,350.00","$1,913.50",$-903.50,"$3,834.00","$-5,656.50","$-1,074.00","$-5,869.50","$-5,511.00","$-2,232.50","$1,421.00","$-5,977.50","$3,010.00","$-3,187.50","$-6,513.50","$-6,513.50","$5,362.00","$2,987.50","$6,266.50","$5,293.00","$3,233.00","$4,145.00","$4,247.00","$3,477.50","$4,296.00","$4,714.50","$4,082.00","$4,082.00","$6,925.00","$10,795.50","$6,898.50","$3,470.50","$3,979.00",$-149.50,"$-11,138.50","$-10,437.00","$-10,919.00","$-9,386.00","$-10,790.00","$-9,958.50","$-10,455.50","$-10,455.50","$4,559.00","$-7,147.50","$3,009.50","$3,971.00","$1,325.50","$4,688.00","$5,814.00","$3,971.00","$5,736.00","$3,971.00","$4,064.00","$3,971.00",$-806.50,"$-5,554.50","$4,057.50","$1,838.50","$-1,422.50","$5,974.00","$1,080.00","$1,838.50","$-4,166.50","$2,886.50","$4,295.50",$983.00,"$-15,287.00","$-9,890.00","$2,630.00","$1,396.00","$-7,183.50","$-6,097.50","$-18,176.00","$-10,792.00","$4,245.50","$-12,075.00","$-10,118.00","$-8,134.50","$4,416.50","$-12,541.50","$3,751.00","$-12,529.50","$-12,071.00","$-13,115.00","$-12,898.00","$6,041.50","$-7,757.00",$-888.50,"$-7,093.00"
  Avg Profit/Tr (P9),,,,split_detail,,$-59.06,$-39.70,$-83.34,$-86.84,$-141.59,$108.75,$45.56,$-12.73,$78.24,$-106.73,$-17.32,$-91.71,$-102.06,$-32.83,$22.56,$-97.99,$37.63,$-44.89,$-106.78,$-106.78,$70.55,$36.88,$72.03,$62.27,$24.13,$48.76,$32.67,$44.02,$48.82,$32.74,$45.36,$45.36,$77.81,$110.16,$70.39,$75.45,$25.03,$-0.99,$-71.86,$-66.06,$-71.84,$-57.58,$-63.47,$-58.58,$-61.14,$-61.14,$53.64,$-44.67,$36.70,$46.17,$8.03,$57.17,$66.83,$46.17,$65.93,$46.17,$38.34,$46.17,$-5.45,$-33.26,$46.64,$22.42,$-9.88,$66.38,$12.13,$22.42,$-21.81,$33.18,$47.73,$6.47,$-92.09,$-62.59,$28.59,$15.17,$-38.01,$-31.76,$-108.84,$-58.97,$46.15,$-75.00,$-63.24,$-42.59,$22.88,$-77.42,$39.90,$-77.34,$-74.51,$-80.96,$-79.62,$30.06,$-53.13,$-6.13,$-47.29
  Span (min) (P9),,,,split_detail,,158.29,153.51,174.00,161.74,165.00,168.35,160.33,158.93,153.43,161.04,128.90,157.06,159.17,166.15,149.56,123.74,151.90,127.44,126.10,126.10,154.37,150.89,159.31,158.45,142.19,150.21,160.68,174.38,147.80,109.24,146.38,146.38,169.57,153.14,145.43,136.04,137.53,137.22,108.12,108.10,115.32,108.05,108.21,108.87,108.23,108.23,148.56,135.10,148.71,148.95,113.44,152.98,151.43,148.95,151.26,148.95,141.32,148.95,123.85,126.11,146.44,143.07,125.40,148.87,143.78,143.07,109.21,141.93,144.98,120.59,127.52,130.56,143.50,141.83,115.48,113.17,145.08,114.83,139.85,119.63,101.70,99.83,106.92,116.96,143.43,128.07,126.52,128.15,127.85,106.01,115.89,112.68,117.92
  Sortino (P11),,,,split_detail,,12.1047,5.5649,7.5692,6.8169,15.2391,0.6383,1.4510,9.5524,0.9097,10.7017,9.9836,7.4268,9.6063,12.8032,3.5404,3.6663,4.2742,5.4561,3.2837,3.2837,2.0147,3.8040,2.4763,2.5122,1.9585,3.0303,0.7711,2.2417,2.9085,7.8980,2.5009,2.5009,1.3551,2.0982,2.9767,1.0047,1.9552,2.7633,2.4687,1.3948,2.3218,1.5084,1.8898,1.8773,2.1066,1.9469,3.9051,6.1329,3.3677,3.7345,5.4537,3.5580,3.5557,3.3160,3.3160,3.3160,3.2961,3.3714,0.1337,-0.0829,3.1114,3.3677,-1.0529,2.4700,3.3086,3.5325,2.8096,3.1696,2.2709,-0.4734,5.0165,1.7964,2.8070,2.9483,1.4732,2.0756,0.7489,2.4140,2.4622,2.0631,3.0801,2.0088,1.0886,1.4911,1.8758,0.9532,1.0367,1.1652,0.9532,2.1072,0.7191,4.2341,1.0233
  Trades/D (P11),,,,split_detail,,0.294,0.374,0.337,0.282,0.362,0.331,0.325,0.362,0.362,0.423,0.380,0.368,0.436,0.429,0.380,0.479,0.479,0.491,0.479,0.479,0.454,0.485,0.528,0.509,0.675,0.503,0.650,0.479,0.546,0.791,0.552,0.552,0.546,0.558,0.564,0.337,0.804,0.736,0.871,0.883,0.840,0.902,0.926,0.926,0.939,0.945,0.503,0.828,0.497,0.509,0.926,0.485,0.528,0.521,0.521,0.521,0.626,0.528,0.877,1.049,0.528,0.497,0.871,0.558,0.558,0.497,1.086,0.534,0.564,0.908,1.037,1.067,0.589,0.589,1.055,1.086,1.086,0.988,0.571,1.086,0.920,1.123,1.276,1.104,0.601,1.110,1.110,1.104,1.110,1.374,0.994,0.773,1.018
  Profit Fac (P11),,,,split_detail,,2.0988,1.6106,1.8038,1.8512,3.2547,1.0604,1.1381,1.7472,1.0817,1.9792,2.0580,1.6774,1.8203,2.0729,1.3643,1.3487,1.4026,1.5706,1.3040,1.3040,1.1806,1.3425,1.2403,1.2391,1.1466,1.2947,1.0688,1.2134,1.2562,1.6002,1.2212,1.2212,1.1269,1.1920,1.2556,1.0940,1.1433,1.2167,1.1573,1.0956,1.1422,1.1052,1.1336,1.1327,1.1491,1.1364,1.3666,1.6795,1.2976,1.3556,1.4409,1.3161,1.3310,1.3059,1.3059,1.3059,1.2771,1.3147,1.0123,0.9928,1.2820,1.2976,0.9156,1.2136,1.3058,1.3122,1.2490,1.2906,1.1933,0.9580,1.4014,1.1649,1.2501,1.2579,1.1181,1.1727,1.0652,1.1865,1.2118,1.1680,1.2535,1.1816,1.1073,1.1170,1.1573,1.0850,1.0925,1.1047,1.0850,1.1762,1.0688,1.3665,1.0969
  Max DD (P11),,,,split_detail,,"$3,103.00","$4,945.00","$6,716.00","$4,087.50","$3,497.50","$6,603.00","$4,612.50","$4,281.00","$5,255.00","$5,213.00","$3,157.50","$4,756.00","$5,213.00","$7,663.50","$8,545.00","$6,408.50","$6,585.00","$4,480.00","$7,435.50","$7,435.50","$7,201.00","$6,965.00","$8,337.50","$8,470.50","$15,517.00","$8,141.00","$18,979.00","$8,849.00","$7,405.50","$13,368.50","$8,488.50","$8,488.50","$10,841.00","$8,878.50","$9,933.50","$5,377.50","$17,456.00","$13,642.50","$16,159.00","$17,135.00","$16,634.00","$16,559.00","$14,881.50","$14,931.50","$13,936.50","$14,576.50","$6,490.00","$12,386.00","$7,797.00","$7,110.00","$8,100.00","$7,797.00","$7,242.50","$7,490.00","$7,490.00","$7,490.00","$6,628.50","$7,189.00","$18,741.00","$26,634.00","$7,490.00","$7,797.00","$26,306.00","$8,617.50","$7,111.50","$7,111.50","$11,652.50","$7,189.00","$9,125.00","$21,319.50","$12,782.50","$17,555.00","$6,279.50","$7,155.00","$13,411.50","$11,397.50","$17,923.00","$13,291.50","$8,415.00","$17,011.00","$14,279.00","$13,954.00","$14,283.00","$19,135.00","$8,118.50","$20,225.50","$20,162.50","$18,927.00","$20,225.50","$14,463.50","$18,226.50","$6,757.50","$20,249.50"
  Total PNL (P11),,,,split_detail,,"$17,419.50","$14,470.00","$20,655.50","$15,223.00","$36,454.50","$1,343.00","$2,766.00","$14,513.00","$1,854.00","$23,319.00","$25,598.50","$15,693.50","$21,223.50","$21,961.50","$8,894.00","$12,247.00","$12,723.00","$19,302.50","$11,041.50","$11,041.50","$5,679.50","$11,253.00","$8,737.50","$8,604.50","$6,752.50","$10,149.50","$3,290.50","$7,978.00","$9,311.00","$30,486.50","$8,269.50","$8,269.50","$5,236.00","$7,551.50","$9,925.50","$1,953.50","$8,064.00","$11,004.00","$8,307.50","$5,332.50","$7,832.50","$5,908.50","$7,586.00","$7,536.00","$8,531.00","$7,891.00","$11,961.50","$36,421.50","$10,167.00","$11,754.00","$25,179.50","$10,594.50","$11,217.00","$10,496.50","$10,496.50","$10,496.50","$11,742.00","$10,797.50","$1,005.50",$-577.50,"$9,856.50","$10,167.00","$-6,662.50","$8,034.00","$11,097.00","$10,664.50","$17,331.50","$10,157.50","$7,394.00","$-3,641.50","$26,240.00","$11,255.00","$9,714.50","$9,890.00","$8,702.00","$12,696.50","$5,154.00","$12,719.00","$8,104.00","$11,333.50","$14,151.00","$12,474.50","$9,971.50","$8,127.00","$6,463.50","$6,202.00","$6,702.50","$7,535.50","$6,202.00","$15,673.50","$5,135.00","$17,083.50","$7,232.00"
  Avg Profit/Tr (P11),,,,split_detail,,$362.91,$237.21,$375.55,$330.93,$617.87,$24.87,$52.19,$245.98,$31.42,$337.96,$412.88,$261.56,$298.92,$313.74,$143.45,$157.01,$163.12,$241.28,$141.56,$141.56,$76.75,$142.44,$101.60,$103.67,$61.39,$123.77,$31.04,$102.28,$104.62,$236.33,$91.88,$91.88,$58.83,$82.98,$107.89,$35.52,$61.56,$91.70,$58.50,$37.03,$57.17,$40.19,$50.24,$49.91,$55.76,$51.24,$145.87,$269.79,$125.52,$141.61,$166.75,$134.11,$130.43,$123.49,$123.49,$123.49,$115.12,$125.55,$7.03,$-3.38,$114.61,$125.52,$-46.92,$88.29,$121.95,$131.66,$97.92,$116.75,$80.37,$-24.60,$155.27,$64.68,$101.19,$103.02,$50.59,$71.73,$29.12,$79.00,$87.14,$64.03,$94.34,$68.17,$47.94,$45.15,$65.95,$34.27,$37.03,$41.86,$34.27,$69.97,$31.70,$135.58,$43.57
  Span (min) (P11),,,,split_detail,,170.92,178.79,193.96,186.87,177.71,218.81,208.15,166.58,199.80,172.61,154.65,194.37,172.61,180.40,168.00,140.31,182.36,150.45,141.69,141.69,177.46,181.47,183.79,184.70,140.51,184.05,149.77,196.00,183.73,123.75,184.02,184.02,195.69,184.46,181.85,201.85,145.13,149.33,118.41,117.74,130.91,120.19,118.68,118.49,118.13,117.55,182.85,152.24,176.81,183.35,125.35,180.05,181.67,181.18,181.18,181.18,174.73,180.86,160.09,131.37,179.40,176.81,147.21,180.62,176.31,180.44,118.80,179.10,178.96,158.72,137.35,134.14,176.90,177.62,124.62,122.36,156.68,124.70,180.95,145.69,115.36,108.40,110.12,141.33,175.71,147.58,147.38,149.60,147.58,104.94,133.56,129.00,152.53
--- PER-SPLIT DETAIL (Out-of-Sample) ---,,,,,,,,,,,,,,,,,,,,,,,,,,,,,,,,,,,,,,,,,,,,,,,,,,,,,,,,,,,,,,,,,,,,,,,,,,,,,,,,,,,,,,,,,,,,,,,,,,
  Sortino (P2),,,,split_detail,,-2.4464,0.1294,5.2347,-2.1660,2.8000,2.2605,2.6277,-5.4655,2.4443,5.6294,-1.1574,1.3311,5.6294,-5.4894,-2.3235,-1.2643,-4.1839,-3.1339,-1.4032,-1.4032,-3.6133,-3.9518,-3.3339,-3.6238,-2.8146,-4.7650,-3.2042,-2.3137,-4.2197,-2.2249,-3.4757,-3.4757,-2.3078,-1.6067,-3.1810,0.3267,-3.3891,-1.9338,-4.7507,-4.9028,-3.5266,-5.0988,-4.3125,-4.3125,-4.3125,-4.4253,-4.6675,-1.1293,-4.0319,-4.2686,-1.8407,-4.0319,-3.8103,-4.2686,-4.2686,-4.2686,-0.5764,-3.8934,-2.6008,-3.1441,-4.2686,-4.5092,2.4242,-3.8012,-5.3607,-4.5092,-3.8352,-4.3493,-3.8012,-2.4745,-2.0168,-0.3255,-0.7409,-4.8627,-1.3912,-2.7963,-1.6612,-0.5062,-4.3729,-1.1773,-3.8221,-4.0734,-4.2804,-1.4835,-0.9180,-1.0462,-1.1739,-1.0604,-1.0462,-4.9744,-2.2944,-0.1812,1.4044
  Trades/D (P2),,,,split_detail,,0.319,0.386,0.301,0.253,0.295,0.295,0.283,0.367,0.319,0.337,0.355,0.355,0.337,0.367,0.404,0.392,0.512,0.464,0.392,0.392,0.458,0.512,0.548,0.530,0.675,0.542,0.651,0.494,0.560,0.813,0.560,0.560,0.542,0.560,0.566,0.301,0.765,0.705,0.819,0.837,0.819,0.855,0.928,0.928,0.928,0.934,0.542,0.849,0.512,0.542,1.229,0.512,0.548,0.542,0.542,0.542,0.614,0.548,0.861,0.958,0.542,0.518,0.837,0.560,0.560,0.518,1.416,0.554,0.560,0.873,0.988,0.958,0.578,0.578,1.325,1.428,1.060,1.265,0.578,1.006,0.867,1.434,1.476,1.018,0.602,1.006,1.006,1.006,1.006,1.446,0.873,1.024,0.861
  Profit Fac (P2),,,,split_detail,,0.8202,1.0122,1.5404,0.8568,1.2895,1.1793,1.1975,0.6123,1.2002,1.5263,0.9248,1.0986,1.5263,0.6621,0.8191,0.9065,0.7556,0.7912,0.8978,0.8978,0.7709,0.7693,0.7884,0.7719,0.8413,0.7187,0.8047,0.8311,0.7486,0.8399,0.7901,0.7901,0.8476,0.8897,0.8076,1.0227,0.8037,0.8858,0.7099,0.7012,0.7525,0.6876,0.7370,0.7370,0.7370,0.7315,0.7336,0.9193,0.7631,0.7553,0.8845,0.7631,0.7778,0.7553,0.7553,0.7553,0.9666,0.7743,0.8217,0.7566,0.7553,0.7371,1.1865,0.7717,0.6987,0.7371,0.7462,0.7493,0.7717,0.8290,0.8632,0.9757,0.9606,0.7143,0.9032,0.8159,0.8849,0.9651,0.7338,0.9203,0.7585,0.7416,0.7018,0.9020,0.9482,0.9299,0.9222,0.9290,0.9299,0.6686,0.8460,0.9878,1.0997
  Max DD (P2),,,,split_detail,,"$7,923.00","$9,412.00","$3,902.00","$4,453.00","$4,042.50","$3,169.00","$2,315.00","$10,921.00","$2,813.50","$3,630.00","$6,376.00","$5,004.00","$3,630.00","$11,769.00","$8,407.00","$6,771.00","$11,875.00","$8,016.00","$7,187.50","$7,187.50","$10,861.50","$10,838.00","$12,610.00","$12,374.50","$14,769.50","$14,739.50","$16,075.00","$9,315.50","$14,015.00","$11,434.00","$12,304.00","$12,304.00","$10,165.00","$8,586.50","$11,908.50","$4,365.50","$15,301.50","$11,258.00","$15,460.00","$16,060.00","$14,619.50","$17,139.00","$15,761.00","$15,761.00","$15,761.00","$16,140.00","$13,814.50","$12,326.00","$11,609.00","$12,944.50","$12,361.00","$11,609.00","$12,777.50","$12,944.50","$12,944.50","$12,944.50","$10,847.50","$12,944.50","$10,009.50","$15,491.00","$12,944.50","$13,058.50","$6,404.00","$13,075.00","$15,458.00","$13,058.50","$22,616.50","$14,394.00","$13,075.00","$9,681.00","$11,881.00","$9,331.50","$11,064.50","$15,196.50","$13,772.00","$18,640.50","$9,718.00","$12,359.50","$15,220.00","$9,159.00","$14,065.00","$22,184.50","$28,698.50","$8,974.00","$11,380.50","$10,073.50","$10,525.50","$10,073.50","$10,073.50","$30,765.00","$15,652.00","$9,020.50","$11,538.00"
  Total PNL (P2),,,,split_detail,,"$-3,061.00",$264.50,"$6,459.50","$-2,100.50","$3,639.00","$2,507.50","$2,790.00","$-8,311.50","$2,906.50","$6,404.50","$-1,515.50","$1,825.50","$6,404.50","$-7,310.50","$-3,665.50","$-1,993.00","$-8,600.50","$-5,379.50","$-2,200.50","$-2,200.50","$-7,150.50","$-8,120.50","$-7,895.00","$-8,370.50","$-6,725.50","$-10,939.00","$-8,490.50","$-5,741.00","$-9,503.00","$-7,061.50","$-7,792.00","$-7,792.00","$-5,456.00","$-3,919.00","$-7,397.00",$355.00,"$-9,522.00","$-4,883.00","$-12,949.50","$-13,549.50","$-11,322.00","$-14,628.50","$-13,250.50","$-13,250.50","$-13,250.50","$-13,629.50","$-10,013.50","$-4,176.50","$-8,334.50","$-9,143.50","$-7,300.00","$-8,334.50","$-8,265.50","$-9,143.50","$-9,143.50","$-9,143.50","$-1,279.00","$-8,432.50","$-9,095.00","$-13,547.00","$-9,143.50","$-9,630.50","$7,898.00","$-8,563.00","$-12,016.00","$-9,630.50","$-19,528.00","$-9,728.50","$-8,563.00","$-8,766.50","$-7,649.50","$-1,224.50","$-1,479.00","$-11,435.50","$-6,671.50","$-14,199.00","$-7,117.50","$-2,243.00","$-10,554.50","$-4,207.00","$-11,805.00","$-19,235.00","$-24,157.00","$-5,244.00","$-1,996.50","$-3,828.50","$-4,280.50","$-3,884.00","$-3,828.50","$-26,225.00","$-8,294.50",$-635.50,"$4,787.50"
  Avg Profit/Tr (P2),,,,split_detail,,$-57.75,$4.13,$129.19,$-50.01,$74.27,$51.17,$59.36,$-136.25,$54.84,$114.37,$-25.69,$30.94,$114.37,$-119.84,$-54.71,$-30.66,$-101.18,$-69.86,$-33.85,$-33.85,$-94.09,$-95.54,$-86.76,$-95.12,$-60.05,$-121.54,$-78.62,$-70.01,$-102.18,$-52.31,$-83.78,$-83.78,$-60.62,$-42.14,$-78.69,$7.10,$-74.98,$-41.74,$-95.22,$-97.48,$-83.25,$-103.02,$-86.04,$-86.04,$-86.04,$-87.93,$-111.26,$-29.62,$-98.05,$-101.59,$-35.78,$-98.05,$-90.83,$-101.59,$-101.59,$-101.59,$-12.54,$-92.66,$-63.60,$-85.20,$-101.59,$-111.98,$56.82,$-92.08,$-129.20,$-111.98,$-83.10,$-105.74,$-92.08,$-60.46,$-46.64,$-7.70,$-15.41,$-119.12,$-30.32,$-59.91,$-40.44,$-10.68,$-109.94,$-25.19,$-81.98,$-80.82,$-98.60,$-31.03,$-19.96,$-22.93,$-25.63,$-23.26,$-22.93,$-109.27,$-57.20,$-3.74,$33.48
  Span (min) (P2),,,,split_detail,,238.00,260.09,285.04,296.67,187.04,284.29,285.36,233.18,272.87,260.62,246.10,256.98,260.62,244.43,232.15,242.22,211.32,228.94,244.62,244.62,211.66,208.02,210.00,212.23,189.88,209.69,201.70,228.27,203.68,145.31,205.48,205.48,222.29,219.78,209.11,273.84,189.39,198.87,142.26,142.22,148.44,142.86,141.45,141.45,140.82,140.09,203.31,171.67,207.04,202.22,144.12,207.04,202.31,202.22,202.22,202.22,196.41,202.15,192.82,162.05,202.22,207.40,168.81,202.47,198.11,207.40,117.78,202.54,202.47,191.41,145.72,152.30,198.04,198.48,146.11,139.00,173.52,148.33,200.38,142.71,96.83,112.06,136.63,139.10,197.40,146.95,146.51,147.02,146.95,130.26,158.40,159.52,117.31
  Sortino (P4),,,,split_detail,,0.7836,6.8603,1.0557,1.8939,7.6237,1.3008,1.2625,1.3702,2.4103,3.4437,-1.7315,1.8300,3.2325,3.2574,2.1550,-1.6223,0.8968,-2.9411,-1.7868,-1.7868,1.4432,1.9440,-0.0488,0.4120,3.8121,1.0951,2.8300,0.7113,0.9338,-0.7082,0.5714,0.5714,0.2456,-0.1219,0.4357,1.1027,4.1572,3.5443,1.4109,1.4269,1.3070,2.6609,2.9382,2.4790,2.4886,2.4886,1.2541,2.3851,0.7248,0.8442,1.3835,1.0878,0.5765,1.2264,0.8394,0.9314,0.7796,0.9314,-0.9179,0.8737,-0.0206,0.5723,-0.9562,0.9774,0.2793,0.7754,2.3502,-0.4833,0.4293,-0.9489,6.2728,2.6422,1.1089,0.7352,2.5884,3.2278,-0.6717,2.2166,0.7174,2.7480,0.4391,2.1502,6.1725,3.0727,1.1601,1.6372,1.7368,1.6710,1.7304,4.4076,0.7868,2.1614,-1.2479
  Trades/D (P4),,,,split_detail,,0.270,0.288,0.301,0.252,0.294,0.245,0.252,0.350,0.282,0.325,0.393,0.288,0.331,0.362,0.368,0.429,0.472,0.436,0.429,0.429,0.442,0.485,0.540,0.509,0.663,0.503,0.632,0.466,0.540,0.883,0.564,0.564,0.546,0.589,0.607,0.270,0.810,0.773,0.890,0.896,0.865,0.926,0.969,0.982,0.982,0.982,0.497,0.840,0.509,0.509,0.982,0.491,0.540,0.528,0.534,0.534,0.663,0.534,0.834,0.908,0.552,0.515,0.834,0.571,0.558,0.509,1.147,0.558,0.583,0.847,1.000,0.939,0.595,0.589,1.123,1.190,1.061,1.092,0.601,0.951,0.902,1.166,1.141,0.963,0.632,0.982,0.982,0.982,0.982,1.239,0.945,0.822,0.969
  Profit Fac (P4),,,,split_detail,,1.0858,1.7900,1.1359,1.3180,2.1245,1.1432,1.1384,1.1609,1.2722,1.4883,0.8206,1.2940,1.4485,1.4313,1.2141,0.8312,1.0838,0.7050,0.8051,0.8051,1.1352,1.1748,0.9959,1.0378,1.3136,1.1035,1.2329,1.0650,1.0870,0.9416,1.0513,1.0513,1.0208,0.9890,1.0373,1.1204,1.3048,1.2717,1.1173,1.1195,1.0912,1.2232,1.2501,1.2054,1.2062,1.2062,1.1212,1.2176,1.0647,1.0798,1.1112,1.0973,1.0501,1.1117,1.0744,1.0827,1.0703,1.0827,0.9278,1.0756,0.9982,1.0506,0.9241,1.0861,1.0242,1.0692,1.1975,0.9596,1.0374,0.9247,1.4751,1.2313,1.0987,1.0650,1.2120,1.2699,0.9381,1.1799,1.0633,1.2483,1.0328,1.1843,1.4842,1.2819,1.1061,1.1429,1.1527,1.1464,1.1516,1.3424,1.0748,1.1862,0.8854
  Max DD (P4),,,,split_detail,,"$4,087.50","$3,631.00","$4,133.00","$5,920.50","$2,192.00","$4,387.00","$4,162.50","$5,802.50","$4,031.00","$4,836.00","$8,627.50","$8,441.00","$4,836.00","$4,558.50","$5,278.50","$9,915.50","$6,562.00","$13,467.50","$10,842.00","$10,842.00","$4,798.50","$5,613.00","$7,828.00","$6,667.50","$9,004.00","$6,562.00","$8,435.50","$5,409.00","$6,597.00","$10,853.50","$6,861.00","$6,861.00","$6,815.00","$7,621.50","$7,247.00","$4,129.50","$6,443.50","$6,443.50","$11,114.50","$11,114.50","$9,954.00","$11,114.50","$10,451.00","$10,451.00","$10,451.00","$10,451.00","$6,562.00","$6,385.50","$6,562.00","$6,597.00","$7,072.50","$6,562.00","$7,757.50","$6,562.00","$7,757.50","$6,562.00","$10,094.00","$6,562.00","$14,241.50","$8,630.50","$8,076.00","$6,562.00","$11,101.00","$7,757.50","$8,076.00","$6,562.00","$9,068.50","$8,076.00","$8,076.00","$14,241.50","$7,957.00","$7,131.50","$8,796.50","$8,076.00","$8,459.00","$8,314.00","$13,437.00","$8,459.00","$7,565.50","$6,979.00","$10,127.50","$11,939.50","$9,410.00","$7,007.00","$8,286.00","$7,237.50","$7,237.50","$6,991.00","$7,237.50","$8,887.50","$9,083.00","$7,039.50","$13,374.50"
  Total PNL (P4),,,,split_detail,,"$1,039.00","$9,996.50","$2,339.00","$4,127.50","$11,610.00","$2,014.50","$1,971.50","$2,925.50","$3,980.00","$8,079.00","$-4,311.50","$4,998.00","$7,593.50","$7,040.00","$3,856.00","$-4,742.50","$2,578.50","$-9,166.50","$-5,655.00","$-5,655.00","$3,690.00","$5,317.50",$-157.00,"$1,285.50","$13,302.00","$3,309.50","$10,071.50","$2,051.00","$3,042.50","$-3,243.00","$1,892.00","$1,892.00",$801.50,$-436.00,"$1,507.00","$1,773.00","$14,246.00","$12,220.00","$5,620.00","$5,723.00","$4,499.50","$10,913.00","$12,506.50","$10,651.50","$10,693.00","$10,693.00","$3,786.00","$11,353.50","$2,206.00","$2,608.00","$6,330.00","$3,168.00","$1,824.50","$3,843.00","$2,647.50","$2,922.00","$3,230.00","$2,922.00","$-4,502.50","$4,364.00",$-67.00,"$1,749.00","$-4,722.00","$3,268.00",$918.50,"$2,360.00","$12,485.00","$-1,599.50","$1,474.50","$-4,716.50","$25,521.00","$12,150.00","$4,115.50","$2,558.00","$12,267.50","$17,831.50","$-4,597.00","$10,284.00","$2,526.50","$12,897.50","$1,802.50","$11,445.00","$25,113.00","$14,517.50","$4,516.00","$8,224.50","$8,714.50","$8,401.50","$8,659.50","$20,707.50","$4,311.50","$8,165.50","$-7,289.00"
  Avg Profit/Tr (P4),,,,split_detail,,$23.61,$212.69,$47.73,$100.67,$241.87,$50.36,$48.09,$51.32,$86.52,$152.43,$-67.37,$106.34,$140.62,$119.32,$64.27,$-67.75,$33.49,$-129.11,$-80.79,$-80.79,$51.25,$67.31,$-1.78,$15.49,$123.17,$40.36,$97.78,$26.99,$34.57,$-22.52,$20.57,$20.57,$9.01,$-4.54,$15.22,$40.30,$107.92,$96.98,$38.76,$39.20,$31.91,$72.27,$79.16,$66.57,$66.83,$66.83,$46.74,$82.87,$26.58,$31.42,$39.56,$39.60,$20.73,$44.69,$30.43,$33.59,$29.91,$33.59,$-33.11,$29.49,$-0.74,$20.82,$-34.72,$35.14,$10.09,$28.43,$66.76,$-17.58,$15.52,$-34.18,$156.57,$79.41,$42.43,$26.65,$67.04,$91.91,$-26.57,$57.78,$25.78,$83.21,$12.26,$60.24,$135.02,$92.47,$43.84,$51.40,$54.47,$52.51,$54.12,$102.51,$28.00,$60.94,$-46.13
  Span (min) (P4),,,,split_detail,,192.50,194.81,182.57,184.05,174.06,191.10,189.85,168.74,183.22,191.04,150.75,186.47,187.78,179.15,182.93,159.60,173.27,151.44,160.11,160.11,172.67,170.30,171.50,172.55,156.20,172.10,173.17,181.45,173.25,112.22,171.50,171.50,181.84,167.27,166.44,182.32,134.59,139.00,126.97,126.77,143.67,125.35,125.03,124.42,123.90,123.90,170.77,167.08,167.16,170.02,116.90,169.05,169.11,167.67,167.36,169.13,161.78,169.13,152.94,132.55,165.67,168.67,156.19,170.56,167.54,167.66,107.28,164.46,167.56,153.64,142.49,122.98,165.98,169.60,113.91,114.60,127.56,114.44,167.86,118.06,104.33,100.51,113.28,116.41,163.92,120.97,120.67,122.33,121.50,105.69,116.73,116.91,112.78
  Sortino (P6),,,,split_detail,,6.4384,2.5392,1.2482,-0.1672,-2.3434,3.3056,0.6411,1.9173,1.4106,-2.1198,-3.5635,-3.5032,-2.1198,1.4547,2.8202,0.7108,1.6762,-2.8967,0.7628,0.7628,1.8900,1.5583,2.2732,2.2879,-0.2747,1.1508,-0.7098,2.7338,1.9229,0.8343,1.2378,1.3573,2.4333,3.1282,1.0537,-0.4074,1.1145,1.0604,-0.6472,-0.3405,-0.5745,-0.3696,-0.3976,-0.3925,-0.3925,-0.3925,1.9419,-2.6989,0.6792,0.6606,-1.1837,0.8024,1.9266,0.8719,0.8719,0.8766,0.5930,0.4070,0.7868,0.4060,0.7201,0.3876,0.3875,0.7203,-0.0555,0.0248,-1.2526,0.5866,0.7203,0.4415,0.9675,-0.7720,1.7787,1.0791,-1.4583,-1.3602,-1.0368,-1.3628,0.0330,-1.6134,0.4801,-1.0279,2.0575,-2.4069,1.3395,-1.1134,-1.1793,-1.1643,-1.1134,1.0733,-1.3177,-0.0506,-0.4605
  Trades/D (P6),,,,split_detail,,0.305,0.409,0.329,0.287,0.341,0.311,0.311,0.402,0.354,0.396,0.360,0.335,0.396,0.378,0.378,0.390,0.549,0.427,0.390,0.390,0.500,0.537,0.622,0.567,0.841,0.591,0.799,0.518,0.622,0.799,0.628,0.628,0.598,0.652,0.646,0.329,0.866,0.817,0.927,0.939,0.902,0.970,1.024,1.024,1.024,1.024,0.579,0.909,0.555,0.591,1.067,0.543,0.622,0.598,0.598,0.610,0.750,0.616,0.890,1.091,0.622,0.573,0.841,0.634,0.640,0.567,1.146,0.634,0.634,0.902,0.970,0.915,0.689,0.659,1.128,1.201,1.000,1.110,0.659,0.945,0.738,1.177,1.207,0.945,0.707,0.939,0.939,0.939,0.939,1.220,0.817,0.878,0.866
  Profit Fac (P6),,,,split_detail,,1.3749,1.1805,1.0788,0.9912,0.8152,1.2122,1.0354,1.1307,1.0815,0.8169,0.7594,0.8226,0.8169,1.0999,1.1648,1.0548,1.1077,0.7981,1.0589,1.0589,1.1154,1.0991,1.1381,1.1411,0.9850,1.0695,0.9637,1.1711,1.1243,1.0630,1.0787,1.0863,1.1551,1.1985,1.0654,0.9759,1.0706,1.0665,0.9568,0.9769,0.9628,0.9749,0.9728,0.9732,0.9732,0.9732,1.1225,0.8340,1.0418,1.0405,0.9176,1.0500,1.1208,1.0540,1.0540,1.0542,1.0367,1.0247,1.0667,1.0324,1.0444,1.0240,1.0320,1.0452,0.9966,1.0015,0.9138,1.0358,1.0452,1.0361,1.0641,0.9401,1.1141,1.0676,0.8991,0.9048,0.9368,0.9053,1.0020,0.8819,1.0342,0.9263,1.1603,0.8249,1.0864,0.9183,0.9135,0.9149,0.9183,1.0754,0.9005,0.9964,0.9643
  Max DD (P6),,,,split_detail,,"$4,341.50","$9,584.50","$6,759.50","$8,233.50","$8,787.50","$6,056.50","$8,202.00","$8,201.50","$8,374.00","$12,461.00","$11,564.00","$10,914.50","$12,461.00","$7,322.00","$7,903.00","$9,638.50","$9,023.00","$14,570.50","$9,638.50","$9,638.50","$10,165.50","$9,489.50","$10,609.00","$10,761.00","$15,633.50","$10,636.50","$16,244.00","$12,755.00","$8,463.50","$19,039.50","$9,596.50","$9,249.50","$12,695.50","$9,864.50","$10,678.50","$7,396.50","$16,031.50","$17,716.50","$18,760.50","$18,448.00","$18,690.00","$18,448.00","$19,702.00","$19,702.00","$19,702.00","$19,702.00","$9,554.50","$26,351.00","$9,295.00","$9,360.00","$18,801.00","$9,295.00","$9,596.50","$9,707.00","$9,707.00","$9,402.00","$11,145.00","$9,402.00","$15,038.00","$18,591.50","$10,211.00","$10,516.00","$17,533.50","$9,402.00","$10,211.00","$10,104.00","$17,146.00","$10,211.00","$9,402.00","$16,300.00","$16,317.00","$15,091.00","$8,763.50","$10,197.50","$20,507.50","$21,853.50","$20,531.00","$21,086.00","$10,211.00","$15,111.50","$11,072.00","$16,862.50","$12,225.00","$20,000.50","$9,295.00","$13,605.00","$14,001.00","$13,906.00","$13,605.00","$18,258.00","$15,553.50","$12,793.00","$12,504.00"
  Total PNL (P6),,,,split_detail,,"$10,067.50","$7,021.00","$2,635.50",$-290.50,"$-7,617.50","$6,105.50","$1,110.00","$4,607.50","$2,713.00","$-7,828.50","$-8,962.00","$-7,086.50","$-7,828.50","$3,370.00","$5,570.00","$1,975.50","$5,636.50","$-8,467.50","$2,115.50","$2,115.50","$5,622.00","$5,096.50","$8,161.50","$7,740.50","$-1,261.00","$4,004.50","$-3,065.50","$8,656.00","$7,019.50","$4,028.00","$4,597.00","$5,041.00","$8,724.50","$11,557.00","$3,967.50",$-795.00,"$5,882.50","$5,353.00","$-3,406.50","$-1,816.00","$-2,976.50","$-2,025.50","$-2,283.00","$-2,254.00","$-2,254.00","$-2,254.00","$6,640.50","$-15,407.00","$2,264.00","$2,302.50","$-7,230.00","$2,634.00","$6,900.00","$3,070.50","$3,070.50","$3,112.00","$2,499.50","$1,454.00","$5,219.50","$2,759.50","$2,588.00","$1,328.00","$2,593.50","$2,675.50",$-202.50,$83.00,"$-7,722.50","$2,142.00","$2,675.50","$2,913.00","$5,157.50","$-4,967.00","$6,899.50","$4,036.00","$-8,959.00","$-9,255.50","$-6,039.00","$-8,285.00",$124.50,"$-9,932.00","$2,206.00","$-6,373.50","$14,423.50","$-14,821.00","$5,356.50","$-7,071.50","$-7,486.00","$-7,391.00","$-7,071.50","$6,871.50","$-7,833.00",$-239.00,"$-2,787.00"
  Avg Profit/Tr (P6),,,,split_detail,,$201.35,$104.79,$48.81,$-6.18,$-136.03,$119.72,$21.76,$69.81,$46.78,$-120.44,$-151.90,$-128.85,$-120.44,$54.35,$89.84,$30.87,$62.63,$-120.96,$33.05,$33.05,$68.56,$57.91,$80.01,$83.23,$-9.14,$41.28,$-23.40,$101.84,$68.82,$30.75,$44.63,$48.94,$89.03,$108.01,$37.43,$-14.72,$41.43,$39.95,$-22.41,$-11.79,$-20.11,$-12.74,$-13.59,$-13.42,$-13.42,$-13.42,$69.90,$-103.40,$24.88,$23.74,$-41.31,$29.60,$67.65,$31.33,$31.33,$31.12,$20.32,$14.40,$35.75,$15.42,$25.37,$14.13,$18.79,$25.73,$-1.93,$0.89,$-41.08,$20.60,$25.73,$19.68,$32.44,$-33.11,$61.06,$37.37,$-48.43,$-46.98,$-36.82,$-45.52,$1.15,$-64.08,$18.23,$-33.02,$72.85,$-95.62,$46.18,$-45.92,$-48.61,$-47.99,$-45.92,$34.36,$-58.46,$-1.66,$-19.63
  Span (min) (P6),,,,split_detail,,139.44,170.09,165.93,163.83,151.07,170.20,153.73,134.27,157.38,145.62,145.02,154.76,145.62,136.16,128.26,144.94,166.44,139.71,145.12,145.12,171.59,165.45,168.82,167.25,143.96,166.56,159.24,190.24,166.08,129.80,162.70,165.15,181.14,172.71,162.98,142.85,150.15,153.90,124.43,123.73,131.77,122.30,121.83,121.17,121.17,121.17,163.87,146.30,159.38,161.51,116.24,162.02,162.10,160.00,160.00,158.62,150.93,157.19,156.36,134.72,158.39,158.77,163.16,159.65,154.80,160.77,110.06,158.04,159.65,155.74,126.00,130.56,159.33,157.63,113.74,131.26,145.54,113.62,158.67,119.69,119.70,101.05,113.13,118.61,159.19,129.19,127.48,129.35,129.19,108.71,125.37,116.38,119.83
  Sortino (P8),,,,split_detail,,3.9741,2.1211,3.1552,6.3023,0.7452,2.6229,4.0889,4.9874,3.4392,3.3484,1.3407,4.3905,3.5236,10.1905,4.4853,5.0008,-2.4140,5.4288,4.9788,4.9788,-2.1928,-1.9742,-3.0545,-3.1568,-2.4347,-3.4054,-2.6110,-1.9763,-3.8632,-2.2420,-3.9491,-3.9491,-1.8015,-2.9056,-2.0062,5.3791,-2.9184,-2.5034,-4.7390,-4.7390,-5.9924,-4.7390,-5.2609,-5.4191,-5.4083,-5.1394,-3.2874,-6.0030,-1.2288,-3.3801,-4.7770,-0.7945,-3.0946,-2.8578,-2.1272,-3.3553,-4.0202,-3.2089,-3.9947,-2.7314,-3.0140,-1.2288,-3.9138,-3.1182,-2.5698,-0.1601,-5.6757,-3.1949,-3.4679,-3.9947,-6.3677,-5.5627,-3.5299,-3.3594,-3.7455,-4.1803,-3.5138,-3.9628,-2.0842,-5.7234,-5.3646,-6.5098,-2.9507,-5.8418,-3.6410,-5.4905,-5.9966,-5.4323,-5.4226,-3.7926,-2.8180,-4.2569,-4.0238
  Trades/D (P8),,,,split_detail,,0.301,0.387,0.325,0.264,0.350,0.319,0.319,0.362,0.344,0.380,0.307,0.307,0.380,0.350,0.374,0.301,0.521,0.393,0.301,0.301,0.472,0.515,0.571,0.534,0.656,0.540,0.638,0.503,0.613,0.798,0.613,0.613,0.571,0.632,0.626,0.325,0.761,0.718,0.945,0.945,0.926,0.945,0.994,1.012,1.012,1.025,0.540,0.939,0.534,0.552,1.086,0.521,0.577,0.558,0.558,0.564,0.736,0.571,0.822,1.037,0.571,0.534,0.890,0.613,0.595,0.534,1.227,0.583,0.620,0.822,0.982,0.951,0.613,0.638,1.172,1.245,0.975,1.153,0.638,0.988,0.883,1.252,1.227,1.012,0.663,1.018,1.018,1.018,1.018,1.307,0.779,0.865,0.877
  Profit Fac (P8),,,,split_detail,,1.2245,1.1619,1.2683,1.7464,1.0454,1.2117,1.3404,1.3783,1.2759,1.2807,1.1014,1.4441,1.2954,1.7916,1.2884,1.6037,0.8467,1.4312,1.5911,1.5911,0.8683,0.8796,0.8041,0.7982,0.8812,0.7930,0.8550,0.8643,0.7700,0.8841,0.7641,0.7641,0.8762,0.8157,0.8718,1.3898,0.8482,0.8628,0.7037,0.7037,0.6630,0.7037,0.6799,0.6697,0.6704,0.6847,0.8049,0.6798,0.9222,0.8003,0.7081,0.9498,0.8141,0.8293,0.8691,0.8024,0.7598,0.8089,0.7401,0.8145,0.8210,0.9222,0.7318,0.8119,0.8482,0.9902,0.6717,0.8116,0.7948,0.7401,0.6951,0.5967,0.7890,0.7978,0.7602,0.7464,0.7690,0.7473,0.8730,0.6214,0.6794,0.6211,0.8101,0.6176,0.7826,0.6237,0.6028,0.6208,0.6314,0.7689,0.7841,0.7175,0.7359
  Max DD (P8),,,,split_detail,,"$3,812.50","$4,223.00","$4,729.00","$2,521.00","$3,292.50","$3,127.50","$3,839.50","$3,787.50","$3,675.00","$3,455.00","$4,495.00","$3,854.00","$3,455.00","$3,787.50","$3,657.50","$3,186.50","$10,099.50","$3,441.00","$3,186.50","$3,186.50","$9,712.50","$8,985.00","$11,898.50","$11,062.00","$13,461.50","$12,003.00","$14,584.00","$8,433.50","$14,925.50","$14,622.00","$15,329.50","$15,329.50","$9,793.00","$15,302.50","$14,727.00","$3,594.50","$13,982.00","$14,568.00","$17,038.50","$17,038.50","$20,971.50","$17,038.50","$19,062.50","$19,913.50","$19,873.50","$19,256.00","$11,421.50","$19,970.50","$9,538.00","$12,116.00","$22,178.00","$8,657.00","$12,096.00","$11,158.50","$11,185.50","$11,158.50","$19,440.00","$11,158.50","$21,497.50","$19,829.00","$11,988.00","$9,538.00","$18,368.00","$14,024.00","$11,373.00","$8,585.00","$24,687.00","$12,669.00","$14,826.50","$21,497.50","$21,704.50","$30,330.50","$13,891.50","$15,098.00","$17,944.50","$20,988.00","$16,446.00","$18,140.50","$13,530.50","$28,027.50","$24,732.00","$27,526.00","$19,178.50","$27,809.50","$16,049.00","$26,633.00","$28,638.50","$27,273.00","$27,057.00","$23,396.50","$24,194.00","$17,534.00","$18,109.00"
  Total PNL (P8),,,,split_detail,,"$3,340.50","$3,328.00","$4,226.00","$8,382.00",$916.00,"$3,386.00","$5,338.50","$6,782.50","$4,688.50","$5,092.00","$1,640.50","$6,250.00","$5,358.50","$11,198.50","$5,830.50","$7,319.50","$-4,745.00","$8,155.50","$7,223.00","$7,223.00","$-3,650.00","$-3,721.50","$-7,024.50","$-6,753.50","$-5,096.00","$-6,975.00","$-6,369.00","$-4,252.00","$-8,820.50","$-4,457.50","$-9,118.00","$-9,118.00","$-4,384.50","$-7,468.00","$-4,966.00","$5,889.00","$-7,395.50","$-6,383.00","$-16,790.00","$-16,790.00","$-20,672.00","$-16,790.00","$-19,171.50","$-20,022.50","$-19,982.50","$-19,255.50","$-6,476.50","$-19,195.50","$-2,358.00","$-6,704.50","$-17,624.50","$-1,477.00","$-6,585.50","$-5,731.50","$-4,308.50","$-6,859.50","$-11,363.50","$-6,631.50","$-13,089.00","$-10,802.00","$-6,239.00","$-2,358.00","$-14,101.00","$-6,996.00","$-5,463.00",$-296.00,"$-22,474.00","$-6,692.00","$-7,798.50","$-13,089.00","$-18,690.00","$-23,673.00","$-8,220.00","$-8,124.00","$-15,638.50","$-17,166.50","$-14,931.00","$-16,443.50","$-4,826.00","$-23,226.00","$-17,770.00","$-25,113.50","$-13,171.50","$-24,020.50","$-9,213.00","$-23,307.50","$-25,313.00","$-23,601.00","$-22,967.50","$-17,111.00","$-10,167.50","$-14,200.00","$-13,715.50"
  Avg Profit/Tr (P8),,,,split_detail,,$68.17,$52.83,$79.74,$194.93,$16.07,$65.12,$102.66,$114.96,$83.72,$82.13,$32.81,$125.00,$86.43,$196.46,$95.58,$149.38,$-55.82,$127.43,$147.41,$147.41,$-47.40,$-44.30,$-75.53,$-77.63,$-47.63,$-79.26,$-61.24,$-51.85,$-88.20,$-34.29,$-91.18,$-91.18,$-47.15,$-72.50,$-48.69,$111.11,$-59.64,$-54.56,$-109.03,$-109.03,$-136.90,$-109.03,$-118.34,$-121.35,$-121.11,$-115.30,$-73.60,$-125.46,$-27.10,$-74.49,$-99.57,$-17.38,$-70.06,$-62.98,$-47.35,$-74.56,$-94.70,$-71.31,$-97.68,$-63.92,$-67.09,$-27.10,$-97.25,$-69.96,$-56.32,$-3.40,$-112.37,$-70.44,$-77.21,$-97.68,$-116.81,$-152.73,$-82.20,$-78.12,$-81.88,$-84.56,$-93.91,$-87.47,$-46.40,$-144.26,$-123.40,$-123.11,$-65.86,$-145.58,$-85.31,$-140.41,$-152.49,$-142.17,$-138.36,$-80.33,$-80.06,$-100.71,$-95.91
  Span (min) (P8),,,,split_detail,,142.00,153.56,160.87,209.67,175.53,182.27,173.12,168.47,175.50,189.19,161.52,185.08,188.23,177.82,164.79,153.80,155.48,149.44,154.78,154.78,151.27,151.83,152.80,158.02,159.76,156.39,165.31,174.15,148.54,116.50,148.96,148.96,165.44,156.72,150.16,167.47,158.63,162.62,123.27,123.27,131.01,123.27,122.80,123.12,122.95,120.47,151.93,147.87,148.69,149.80,110.02,147.91,146.85,149.69,147.38,149.28,142.45,148.43,148.34,150.00,146.47,148.69,141.48,144.06,146.49,146.44,103.81,145.01,143.60,148.34,127.14,125.34,147.14,145.92,109.80,112.14,136.30,110.21,144.31,116.72,150.58,96.15,112.84,112.87,144.54,120.58,118.34,121.23,119.28,106.94,121.42,107.43,121.93
  Sortino (P10),,,,split_detail,,-3.9118,-2.1400,0.7696,-5.5829,0.7986,-0.7741,-0.3393,-2.7751,-0.1777,-1.1769,0.8258,-0.3588,-1.1769,-1.3753,-4.6983,-3.7074,6.7042,-0.4228,-3.9793,-3.9793,5.7388,6.0226,4.6493,5.3716,-0.4117,5.8273,1.1225,3.5361,4.8688,2.0143,4.8427,4.8427,2.6848,2.4278,4.3169,0.2386,-1.6895,-1.6718,-0.5330,-0.7058,-0.3955,-0.6623,-1.0039,-1.0039,-1.0622,-1.3193,6.3519,-2.4228,6.6657,6.3056,-2.1996,6.4784,5.5193,6.2823,6.2823,5.6719,4.4122,5.5193,3.8116,3.1132,5.4972,7.1113,1.7108,4.9926,6.7164,7.9591,-1.9051,5.7914,4.9926,3.2545,-2.2125,-1.0802,4.9959,5.9783,-1.4006,-2.0435,-1.6794,-1.4062,5.8438,-0.9096,4.1222,-2.4072,-1.1069,-0.8861,4.6819,-0.7886,-0.6696,-0.6509,-1.0749,0.6084,-0.0325,-0.8270,-0.1142
  Trades/D (P10),,,,split_detail,,0.265,0.343,0.301,0.217,0.343,0.283,0.289,0.343,0.319,0.349,0.337,0.337,0.349,0.367,0.349,0.416,0.524,0.404,0.410,0.410,0.464,0.506,0.572,0.548,0.657,0.554,0.602,0.500,0.602,0.741,0.608,0.608,0.578,0.620,0.620,0.295,0.801,0.735,0.855,0.867,0.849,0.910,0.958,0.958,0.958,0.970,0.554,0.886,0.524,0.566,0.994,0.518,0.578,0.566,0.566,0.572,0.669,0.578,0.795,0.940,0.578,0.530,0.825,0.602,0.584,0.524,1.108,0.590,0.602,0.801,1.054,0.946,0.620,0.614,1.133,1.151,0.952,1.072,0.620,0.946,0.771,1.114,1.247,0.958,0.639,0.964,0.964,0.970,0.982,1.271,0.910,0.880,0.819
  Profit Fac (P10),,,,split_detail,,0.6987,0.7861,1.0972,0.4862,1.0711,0.9054,0.9573,0.7555,0.9776,0.8295,1.1048,0.9619,0.8295,0.8793,0.6184,0.6704,1.5765,0.9322,0.6564,0.6564,1.4971,1.5224,1.4291,1.4883,0.9672,1.5236,1.1041,1.3606,1.4378,1.1582,1.4364,1.4364,1.2894,1.2354,1.4140,1.0275,0.8656,0.8688,0.9637,0.9520,0.9702,0.9541,0.9308,0.9308,0.9268,0.9088,1.5678,0.8076,1.5902,1.5759,0.8340,1.5670,1.5026,1.5738,1.5738,1.5057,1.4377,1.5026,1.4804,1.2838,1.4854,1.6501,1.1777,1.4595,1.6225,1.7520,0.8602,1.5512,1.4595,1.4003,0.8352,0.9199,1.4808,1.5703,0.8922,0.8440,0.8615,0.8902,1.5578,0.9343,1.3598,0.8265,0.9127,0.9356,1.4654,0.9418,0.9500,0.9521,0.9220,1.0474,0.9972,0.9347,0.9920
  Max DD (P10),,,,split_detail,,"$8,534.00","$6,246.00","$4,579.50","$12,344.50","$5,276.00","$7,524.50","$6,925.50","$7,837.50","$6,658.50","$7,542.00","$7,618.00","$4,547.50","$7,542.00","$5,899.00","$9,403.00","$11,572.00","$7,711.00","$7,920.00","$12,311.00","$12,311.00","$7,273.00","$7,441.00","$10,325.50","$8,781.50","$8,927.00","$8,356.50","$7,856.50","$8,305.00","$9,591.50","$11,277.00","$9,591.50","$9,591.50","$9,362.50","$11,022.00","$9,694.50","$5,629.50","$15,061.00","$15,786.50","$9,151.00","$9,877.50","$6,717.50","$9,381.50","$10,918.00","$10,918.00","$11,363.50","$11,145.00","$7,931.50","$25,976.50","$7,711.00","$7,906.50","$16,020.50","$8,509.00","$9,218.00","$7,906.50","$7,906.50","$9,140.50","$7,958.00","$9,218.00","$9,050.00","$6,754.50","$9,140.50","$5,970.00","$12,092.00","$9,218.00","$7,184.00","$5,970.00","$17,772.00","$7,261.50","$9,218.00","$9,050.00","$18,343.00","$11,846.00","$7,261.50","$7,261.50","$20,340.00","$16,443.00","$19,603.50","$20,718.50","$7,261.50","$11,815.50","$7,012.50","$20,420.50","$13,256.00","$12,601.00","$7,261.50","$11,396.50","$11,065.50","$11,473.00","$11,531.00","$10,458.50","$12,784.00","$20,785.50","$11,626.50"
  Total PNL (P10),,,,split_detail,,"$-5,298.50","$-4,858.00","$1,659.50","$-10,223.50","$1,528.50","$-1,672.00",$-713.50,"$-5,600.50",$-389.00,"$-4,109.50","$2,288.50",$-719.00,"$-4,109.50","$-2,659.50","$-7,899.00","$-10,293.50","$20,060.50","$-2,034.50","$-11,032.50","$-11,032.50","$15,502.00","$17,620.50","$16,767.50","$18,252.00","$-1,661.50","$19,308.00","$5,186.00","$13,859.00","$17,248.50","$8,356.00","$17,328.00","$17,328.00","$12,216.50","$10,375.00","$16,675.00",$428.00,"$-8,955.00","$-8,620.00","$-2,146.00","$-2,872.50","$-1,811.00","$-2,812.50","$-4,414.00","$-4,414.00","$-4,670.50","$-5,954.00","$20,347.00","$-14,100.50","$20,318.50","$20,638.00","$-12,107.50","$19,520.50","$18,862.50","$20,561.50","$20,561.50","$18,940.00","$18,495.00","$18,862.50","$24,104.00","$16,717.50","$18,429.50","$21,764.50","$10,848.50","$17,931.50","$22,727.00","$24,375.50","$-10,402.50","$20,218.00","$17,931.50","$20,658.00","$-13,099.00","$-6,119.50","$19,415.00","$21,718.50","$-8,049.00","$-12,659.00","$-10,672.00","$-7,797.50","$21,412.00","$-4,801.50","$18,598.50","$-12,885.50","$-7,353.00","$-4,682.50","$18,991.50","$-4,384.50","$-3,732.50","$-3,630.50","$-6,001.50","$4,073.00",$-198.50,"$-3,907.50",$-526.00
  Avg Profit/Tr (P10),,,,split_detail,,$-120.42,$-85.23,$33.19,$-283.99,$26.82,$-35.57,$-14.86,$-98.25,$-7.34,$-70.85,$40.87,$-12.84,$-70.85,$-43.60,$-136.19,$-149.18,$230.58,$-30.37,$-162.24,$-162.24,$201.32,$209.77,$176.50,$200.57,$-15.24,$209.87,$51.86,$166.98,$172.48,$67.93,$171.56,$171.56,$127.26,$100.73,$161.89,$8.73,$-67.33,$-70.66,$-15.11,$-19.95,$-12.84,$-18.63,$-27.76,$-27.76,$-29.37,$-36.98,$221.16,$-95.92,$233.55,$219.55,$-73.38,$226.98,$196.48,$218.74,$218.74,$199.37,$166.62,$196.48,$182.61,$107.16,$191.97,$247.32,$79.19,$179.31,$234.30,$280.18,$-56.54,$206.31,$179.31,$155.32,$-74.85,$-38.98,$188.50,$212.93,$-42.81,$-66.28,$-67.54,$-43.81,$207.88,$-30.58,$145.30,$-69.65,$-35.52,$-29.45,$179.17,$-27.40,$-23.33,$-22.55,$-36.82,$19.30,$-1.31,$-26.76,$-3.87
  Span (min) (P10),,,,split_detail,,182.95,235.54,295.40,267.94,204.21,267.79,255.21,258.14,255.70,170.43,238.29,256.50,170.43,230.66,181.76,186.78,204.69,229.43,193.06,193.06,213.09,206.17,205.28,203.54,152.07,204.67,173.46,217.08,205.38,162.02,203.90,203.90,213.35,207.83,204.56,255.43,164.84,168.69,126.59,127.26,137.22,127.39,127.14,127.14,125.38,124.96,203.46,158.00,202.44,204.49,147.72,204.14,205.19,203.89,203.89,203.96,200.67,205.19,201.30,180.33,202.56,199.02,200.98,202.72,199.46,200.83,134.60,201.86,202.72,197.05,152.16,165.63,197.90,198.47,135.38,140.95,174.15,138.51,198.72,158.75,172.22,129.33,141.35,156.83,198.91,162.53,162.00,164.05,160.20,137.94,174.28,146.14,157.85
