Name,Value,Min,Max,Type,Description,Solution_0_SELECTED,Solution_1,Solution_2,Solution_3,Solution_4,Solution_5,Solution_6,Solution_7,Solution_8,Solution_9,Solution_10,Solution_11,Solution_12,Solution_13,Solution_14,Solution_15,Solution_16,Solution_17,Solution_18,Solution_19,Solution_20,Solution_21,Solution_22,Solution_23,Solution_24,Solution_25,Solution_26,Solution_27,Solution_28,Solution_29,Solution_30,Solution_31,Solution_32,Solution_33,Solution_34,Solution_35,Solution_36,Solution_37,Solution_38,Solution_39,Solution_40,Solution_41,Solution_42,Solution_43,Solution_44,Solution_45,Solution_46,Solution_47,Solution_48,Solution_49,Solution_50,Solution_51,Solution_52,Solution_53,Solution_54,Solution_55,Solution_56,Solution_57,Solution_58,Solution_59,Solution_60,Solution_61,Solution_62,Solution_63,Solution_64,Solution_65,Solution_66,Solution_67,Solution_68,Solution_69,Solution_70,Solution_71,Solution_72,Solution_73,Solution_74,Solution_75,Solution_76,Solution_77,Solution_78,Solution_79,Solution_80,Solution_81,Solution_82,Solution_83,Solution_84,Solution_85,Solution_86,Solution_87,Solution_88,Solution_89,Solution_90,Solution_91,Solution_92,Solution_93,Solution_94,Solution_95,Solution_96,Solution_97,Solution_98,Solution_99,Solution_100,Solution_101,Solution_102,Solution_103,Solution_104,Solution_105,Solution_106,Solution_107,Solution_108,Solution_109,Solution_110,Solution_111,Solution_112,Solution_113,Solution_114,Solution_115,Solution_116,Solution_117,Solution_118,Solution_119,Solution_120,Solution_121,Solution_122,Solution_123,Solution_124,Solution_125,Solution_126,Solution_127,Solution_128,Solution_129,Solution_130,Solution_131,Solution_132,Solution_133,Solution_134,Solution_135,Solution_136,Solution_137,Solution_138,Solution_139,Solution_140,Solution_141,Solution_142,Solution_143,Solution_144,Solution_145,Solution_146,Solution_147,Solution_148,Solution_149,Solution_150,Solution_151,Solution_152,Solution_153,Solution_154,Solution_155,Solution_156,Solution_157,Solution_158,Solution_159,Solution_160,Solution_161,Solution_162,Solution_163,Solution_164,Solution_165,Solution_166,Solution_167,Solution_168,Solution_169,Solution_170,Solution_171,Solution_172,Solution_173,Solution_174,Solution_175,Solution_176,Solution_177,Solution_178,Solution_179,Solution_180,Solution_181,Solution_182,Solution_183,Solution_184,Solution_185,Solution_186,Solution_187,Solution_188,Solution_189,Solution_190,Solution_191,Solution_192,Solution_193,Solution_194,Solution_195,Solution_196,Solution_197,Solution_198,Solution_199,Solution_200,Solution_201,Solution_202,Solution_203,Solution_204,Solution_205,Solution_206,Solution_207,Solution_208,Solution_209,Solution_210,Solution_211,Solution_212,Solution_213,Solution_214,Solution_215,Solution_216,Solution_217,Solution_218,Solution_219,Solution_220,Solution_221,Solution_222,Solution_223,Solution_224,Solution_225,Solution_226,Solution_227,Solution_228,Solution_229,Solution_230,Solution_231,Solution_232,Solution_233,Solution_234,Solution_235,Solution_236,Solution_237,Solution_238,Solution_239,Solution_240,Solution_241,Solution_242,Solution_243,Solution_244,Solution_245,Solution_246,Solution_247,Solution_248,Solution_249,Solution_250,Solution_251,Solution_252,Solution_253,Solution_254,Solution_255,Solution_256,Solution_257,Solution_258,Solution_259,Solution_260,Solution_261,Solution_262,Solution_263,Solution_264,Solution_265,Solution_266,Solution_267,Solution_268,Solution_269,Solution_270,Solution_271,Solution_272,Solution_273,Solution_274,Solution_275,Solution_276,Solution_277,Solution_278,Solution_279,Solution_280,Solution_281,Solution_282,Solution_283,Solution_284,Solution_285,Solution_286,Solution_287,Solution_288,Solution_289,Solution_290,Solution_291,Solution_292,Solution_293,Solution_294,Solution_295,Solution_296,Solution_297,Solution_298,Solution_299,Solution_300,Solution_301,Solution_302,Solution_303,Solution_304,Solution_305,Solution_306,Solution_307,Solution_308,Solution_309,Solution_310,Solution_311,Solution_312,Solution_313,Solution_314
=== Strategy Config ===,,,,,,,,,,,,,,,,,,,,,,,,,,,,,,,,,,,,,,,,,,,,,,,,,,,,,,,,,,,,,,,,,,,,,,,,,,,,,,,,,,,,,,,,,,,,,,,,,,,,,,,,,,,,,,,,,,,,,,,,,,,,,,,,,,,,,,,,,,,,,,,,,,,,,,,,,,,,,,,,,,,,,,,,,,,,,,,,,,,,,,,,,,,,,,,,,,,,,,,,,,,,,,,,,,,,,,,,,,,,,,,,,,,,,,,,,,,,,,,,,,,,,,,,,,,,,,,,,,,,,,,,,,,,,,,,,,,,,,,,,,,,,,,,,,,,,,,,,,,,,,,,,,,,,,,,,,,,,,,,
Enable Long Trades,1,0,1,int,Allow longs (optimizable),1,1,1,1,1,1,1,1,1,1,1,1,1,1,1,1,1,1,1,1,1,1,1,1,1,1,1,1,1,1,1,1,1,1,1,1,1,1,1,1,1,1,1,1,1,1,1,1,1,1,1,1,1,1,1,1,1,1,1,1,1,1,1,1,1,1,1,1,1,1,1,1,1,1,1,1,1,1,1,1,1,1,1,1,1,1,1,1,1,1,1,1,1,1,1,1,1,1,1,1,1,1,1,1,1,1,1,1,1,1,1,1,1,1,1,1,1,1,1,1,1,1,1,1,1,1,1,1,1,1,1,1,1,1,1,1,1,1,1,1,1,1,1,1,1,1,1,1,1,1,1,1,1,1,1,1,1,1,1,1,1,1,1,1,1,1,1,1,1,1,1,1,1,1,1,1,1,1,1,1,1,1,1,1,1,1,1,1,1,1,1,1,1,1,1,1,1,1,1,1,1,1,1,1,1,1,1,1,1,1,1,1,1,1,1,1,1,1,1,1,1,1,1,1,1,1,1,1,1,1,1,1,1,1,1,1,1,1,1,1,1,1,1,1,1,1,1,1,1,1,1,1,1,1,1,1,1,1,1,1,1,1,1,1,1,1,1,1,1,1,1,1,1,1,1,1,1,1,1,1,1,1,1,1,1,1,1,1,1,1,1,1,1,1,1,1,1,1,1,1,1,1,1,1,1,1,1,1,1,1,1,1,1,1,1
Enable Short Trades,1,0,1,int,Allow shorts (two-sided),1,1,1,1,1,1,1,1,1,1,1,1,1,1,1,1,1,1,1,1,1,1,1,1,1,1,1,1,1,1,1,1,1,1,1,1,1,1,1,1,1,1,1,1,1,1,1,1,1,1,1,1,1,1,1,1,1,1,1,1,1,1,1,1,1,1,1,1,1,1,1,1,1,1,1,1,1,1,1,1,1,1,1,1,1,1,1,1,1,1,1,1,1,1,1,1,1,1,1,1,1,1,1,1,1,1,1,1,1,1,1,1,1,1,1,1,1,1,1,1,1,1,1,1,1,1,1,1,1,1,1,1,1,1,1,1,1,1,1,1,1,1,1,1,1,1,1,1,1,1,1,1,1,1,1,1,1,1,1,1,1,1,1,1,1,1,1,1,1,1,1,1,1,1,1,1,1,1,1,1,1,1,1,1,1,1,1,1,1,1,1,1,1,1,1,1,1,1,1,1,1,1,1,1,1,1,1,1,1,1,1,1,1,1,1,1,1,1,1,1,1,1,1,1,1,1,1,1,1,1,1,1,1,1,1,1,1,1,1,1,1,1,1,1,1,1,1,1,1,1,1,1,1,1,1,1,1,1,1,1,1,1,1,1,1,1,1,1,1,1,1,1,1,1,1,1,1,1,1,1,1,1,1,1,1,1,1,1,1,1,1,1,1,1,1,1,1,1,1,1,1,1,1,1,1,1,1,1,1,1,1,1,1,1,1
Max Open Trades,1,1,1,int,LOCKED one position,1,1,1,1,1,1,1,1,1,1,1,1,1,1,1,1,1,1,1,1,1,1,1,1,1,1,1,1,1,1,1,1,1,1,1,1,1,1,1,1,1,1,1,1,1,1,1,1,1,1,1,1,1,1,1,1,1,1,1,1,1,1,1,1,1,1,1,1,1,1,1,1,1,1,1,1,1,1,1,1,1,1,1,1,1,1,1,1,1,1,1,1,1,1,1,1,1,1,1,1,1,1,1,1,1,1,1,1,1,1,1,1,1,1,1,1,1,1,1,1,1,1,1,1,1,1,1,1,1,1,1,1,1,1,1,1,1,1,1,1,1,1,1,1,1,1,1,1,1,1,1,1,1,1,1,1,1,1,1,1,1,1,1,1,1,1,1,1,1,1,1,1,1,1,1,1,1,1,1,1,1,1,1,1,1,1,1,1,1,1,1,1,1,1,1,1,1,1,1,1,1,1,1,1,1,1,1,1,1,1,1,1,1,1,1,1,1,1,1,1,1,1,1,1,1,1,1,1,1,1,1,1,1,1,1,1,1,1,1,1,1,1,1,1,1,1,1,1,1,1,1,1,1,1,1,1,1,1,1,1,1,1,1,1,1,1,1,1,1,1,1,1,1,1,1,1,1,1,1,1,1,1,1,1,1,1,1,1,1,1,1,1,1,1,1,1,1,1,1,1,1,1,1,1,1,1,1,1,1,1,1,1,1,1,1
Transaction Cost (Per Trade),15,15,15,float,Friction per round-trip,15.0,15.0,15.0,15.0,15.0,15.0,15.0,15.0,15.0,15.0,15.0,15.0,15.0,15.0,15.0,15.0,15.0,15.0,15.0,15.0,15.0,15.0,15.0,15.0,15.0,15.0,15.0,15.0,15.0,15.0,15.0,15.0,15.0,15.0,15.0,15.0,15.0,15.0,15.0,15.0,15.0,15.0,15.0,15.0,15.0,15.0,15.0,15.0,15.0,15.0,15.0,15.0,15.0,15.0,15.0,15.0,15.0,15.0,15.0,15.0,15.0,15.0,15.0,15.0,15.0,15.0,15.0,15.0,15.0,15.0,15.0,15.0,15.0,15.0,15.0,15.0,15.0,15.0,15.0,15.0,15.0,15.0,15.0,15.0,15.0,15.0,15.0,15.0,15.0,15.0,15.0,15.0,15.0,15.0,15.0,15.0,15.0,15.0,15.0,15.0,15.0,15.0,15.0,15.0,15.0,15.0,15.0,15.0,15.0,15.0,15.0,15.0,15.0,15.0,15.0,15.0,15.0,15.0,15.0,15.0,15.0,15.0,15.0,15.0,15.0,15.0,15.0,15.0,15.0,15.0,15.0,15.0,15.0,15.0,15.0,15.0,15.0,15.0,15.0,15.0,15.0,15.0,15.0,15.0,15.0,15.0,15.0,15.0,15.0,15.0,15.0,15.0,15.0,15.0,15.0,15.0,15.0,15.0,15.0,15.0,15.0,15.0,15.0,15.0,15.0,15.0,15.0,15.0,15.0,15.0,15.0,15.0,15.0,15.0,15.0,15.0,15.0,15.0,15.0,15.0,15.0,15.0,15.0,15.0,15.0,15.0,15.0,15.0,15.0,15.0,15.0,15.0,15.0,15.0,15.0,15.0,15.0,15.0,15.0,15.0,15.0,15.0,15.0,15.0,15.0,15.0,15.0,15.0,15.0,15.0,15.0,15.0,15.0,15.0,15.0,15.0,15.0,15.0,15.0,15.0,15.0,15.0,15.0,15.0,15.0,15.0,15.0,15.0,15.0,15.0,15.0,15.0,15.0,15.0,15.0,15.0,15.0,15.0,15.0,15.0,15.0,15.0,15.0,15.0,15.0,15.0,15.0,15.0,15.0,15.0,15.0,15.0,15.0,15.0,15.0,15.0,15.0,15.0,15.0,15.0,15.0,15.0,15.0,15.0,15.0,15.0,15.0,15.0,15.0,15.0,15.0,15.0,15.0,15.0,15.0,15.0,15.0,15.0,15.0,15.0,15.0,15.0,15.0,15.0,15.0,15.0,15.0,15.0,15.0,15.0,15.0,15.0,15.0,15.0,15.0,15.0,15.0,15.0,15.0,15.0,15.0,15.0,15.0,15.0,15.0,15.0,15.0,15.0,15.0,15.0,15.0,15.0,15.0,15.0,15.0
Timeframe (minutes),5,3,15,int,Bar size (optimized),7,7,7,7,7,7,7,7,7,7,7,7,7,7,7,7,7,7,7,7,7,7,7,7,7,7,7,7,7,7,7,7,7,7,7,7,7,7,7,7,7,7,7,7,7,7,7,7,7,7,7,7,7,7,7,7,7,7,7,7,7,7,7,7,7,7,7,7,7,7,7,7,7,7,7,7,7,7,7,7,7,7,7,7,7,7,7,7,7,7,7,7,7,7,7,7,7,7,7,7,7,7,7,7,7,7,7,7,7,7,7,7,7,7,7,7,7,7,7,7,7,7,7,7,7,7,7,7,7,7,7,7,7,7,7,7,7,7,7,7,7,7,7,7,7,7,7,7,7,7,7,7,7,7,7,7,7,7,7,7,7,7,7,7,7,7,7,7,7,7,7,7,7,7,7,7,7,7,7,7,7,7,7,7,7,7,7,7,7,7,7,7,7,7,7,7,7,7,7,7,7,7,7,7,7,7,7,7,7,7,7,7,7,7,7,7,7,7,7,7,7,7,7,7,7,7,7,7,7,7,7,7,7,7,7,7,7,7,7,7,7,7,7,7,7,7,7,7,7,7,7,7,7,7,7,7,7,7,7,7,7,7,7,7,7,7,7,7,7,7,7,7,7,7,7,7,7,7,7,7,7,7,7,7,7,7,7,7,7,7,7,7,7,7,7,7,7,7,7,7,7,7,7,7,7,7,7,7,7,7,7,7,7,7,7
=== Entry: Multi-zone S/R Breakout ===,,,,,,,,,,,,,,,,,,,,,,,,,,,,,,,,,,,,,,,,,,,,,,,,,,,,,,,,,,,,,,,,,,,,,,,,,,,,,,,,,,,,,,,,,,,,,,,,,,,,,,,,,,,,,,,,,,,,,,,,,,,,,,,,,,,,,,,,,,,,,,,,,,,,,,,,,,,,,,,,,,,,,,,,,,,,,,,,,,,,,,,,,,,,,,,,,,,,,,,,,,,,,,,,,,,,,,,,,,,,,,,,,,,,,,,,,,,,,,,,,,,,,,,,,,,,,,,,,,,,,,,,,,,,,,,,,,,,,,,,,,,,,,,,,,,,,,,,,,,,,,,,,,,,,,,,,,,,,,,,
Zone Width ATR Mult,0.35,0.15,0.80,float,Half-width k of zone around wick extreme,0.47,0.47,0.47,0.47,0.47,0.47,0.4685,0.4723,0.4664,0.47,0.462,0.4687,0.4743,0.4687,0.4324,0.4687,0.4815,0.4715,0.4654,0.4654,0.4654,0.462,0.4698,0.4684,0.4659,0.4689,0.4656,0.4689,0.4707,0.4626,0.4654,0.4647,0.4319,0.4817,0.4817,0.4817,0.4687,0.4657,0.4687,0.4586,0.4589,0.4574,0.4603,0.4641,0.4109,0.4109,0.4596,0.4577,0.4555,0.4143,0.4527,0.457,0.4577,0.4577,0.4328,0.472,0.4234,0.4683,0.4673,0.4637,0.4659,0.4659,0.4656,0.469,0.469,0.4317,0.4696,0.472,0.4087,0.411,0.4699,0.4698,0.411,0.4698,0.4634,0.4713,0.411,0.411,0.4533,0.4565,0.4715,0.4551,0.4645,0.4142,0.469,0.4154,0.4668,0.397,0.4565,0.4147,0.4179,0.4723,0.4626,0.411,0.4571,0.4571,0.4571,0.4693,0.4507,0.464,0.4604,0.4233,0.4233,0.4154,0.4604,0.4709,0.4154,0.456,0.4718,0.4548,0.397,0.4197,0.4562,0.4135,0.4571,0.4154,0.4548,0.4548,0.4238,0.4583,0.4601,0.4254,0.4588,0.4783,0.4602,0.4159,0.4655,0.4655,0.4659,0.4678,0.4587,0.4655,0.4572,0.4555,0.4479,0.4283,0.4594,0.4479,0.4544,0.4689,0.4231,0.4652,0.4136,0.4595,0.4659,0.4741,0.455,0.4249,0.4653,0.4613,0.4557,0.4077,0.4595,0.4118,0.4086,0.3999,0.4192,0.4464,0.4663,0.4704,0.4622,0.3818,0.4345,0.4658,0.4622,0.4658,0.4658,0.4658,0.4649,0.4622,0.4622,0.4622,0.4309,0.4622,0.4622,0.4592,0.4327,0.4327,0.4327,0.4592,0.4622,0.4622,0.4742,0.472,0.4615,0.4615,0.4615,0.4615,0.4663,0.4074,0.4622,0.4505,0.4705,0.4622,0.4622,0.4622,0.4258,0.4655,0.4698,0.4698,0.409,0.4622,0.409,0.4443,0.4074,0.4195,0.15,0.4638,0.15,0.15,0.15,0.4039,0.1612,0.4705,0.15,0.1629,0.15,0.4114,0.4114,0.15,0.4098,0.15,0.4492,0.4593,0.4642,0.4636,0.15,0.4612,0.15,0.15,0.15,0.471,0.4276,0.4276,0.1517,0.4382,0.4382,0.4197,0.4197,0.4276,0.413,0.4624,0.15,0.15,0.1517,0.4276,0.15,0.4622,0.4622,0.462,0.462,0.462,0.462,0.3999,0.3999,0.3999,0.15,0.4492,0.4622,0.15,0.15,0.15,0.15,0.15,0.1601,0.15,0.15,0.15,0.15,0.4647,0.464,0.4558,0.4647,0.15,0.15,0.1537,0.1588,0.15,0.15,0.15,0.1609,0.15,0.1618,0.1618,0.1618,0.1618,0.15,0.1609,0.15,0.15,0.161,0.161,0.161,0.4481,0.15,0.15,0.15,0.15,0.1528,0.1609,0.15,0.15,0.1541,0.1555,0.15,0.1545,0.1518,0.1552,0.1528,0.1528,0.15,0.15,0.4197,0.15,0.15
Strength Threshold,2.0,1.0,6.0,float,Min zone strength for breakout entry,4.6055,4.6055,4.6055,4.6055,4.6055,4.6055,4.0017,3.2742,3.4235,4.3346,3.3326,3.4004,4.1805,3.4004,3.5431,3.8889,4.1876,4.1986,3.8379,3.8379,3.8379,3.3326,3.8436,3.9907,3.8304,3.9999,4.0331,3.9484,3.8564,3.8774,3.7105,4.0661,3.9486,3.753,3.753,3.753,3.5493,3.7403,3.84,3.7646,3.7238,3.6571,3.7241,3.8282,3.3728,3.3728,3.6121,3.5654,3.6969,3.8564,3.7069,3.6821,3.5654,3.5654,4.2525,3.449,3.6921,3.8111,3.8202,3.878,3.3532,3.3532,3.4065,3.4406,3.4406,3.6277,3.3399,3.2403,3.7464,3.6968,3.2428,3.1372,3.6968,3.1372,3.2054,3.012,3.6968,3.6968,4.633,4.4286,3.478,4.289,3.0487,3.7963,3.3502,3.7173,3.4054,3.8282,4.4286,3.85,3.7466,2.8428,4.5469,3.4749,4.919,4.919,4.919,3.5231,4.221,3.3346,4.2586,3.2449,3.2449,3.5049,4.2586,3.6937,3.1017,4.2584,1.6265,4.2022,3.8282,2.2871,4.2391,4.2548,4.1547,3.7173,4.1292,4.1292,2.1624,4.1758,4.0325,4.8596,3.9959,1.4773,3.7228,3.7246,3.8642,3.8642,3.8186,3.7075,3.5068,3.8197,3.7007,3.6969,2.2753,4.4614,3.5636,2.2753,3.9043,2.4605,3.6887,4.0775,1.9218,3.6218,3.5834,2.2957,3.4952,3.8489,2.3566,3.6453,3.9963,2.9535,3.6218,3.7146,2.7401,1.0,3.3777,1.1411,5.0313,3.0743,4.9622,1.0,1.0729,6.0,5.0032,6.0,6.0,6.0,4.8946,4.9129,4.9129,4.9129,3.1113,4.9129,4.9129,6.0,2.1208,2.1208,2.1208,6.0,4.8663,4.8663,3.9805,3.9376,5.4304,5.4304,5.4304,5.4304,4.8115,1.0,4.7972,6.0,2.7693,4.7972,4.7972,4.7143,3.8278,4.7142,2.4985,2.4985,1.0,4.6328,1.0,6.0,1.0,3.6913,3.779,5.4281,4.0393,4.0393,3.7404,1.1197,3.595,2.2037,4.1467,4.0795,4.281,1.0,1.0,3.7131,1.0,4.0393,2.5046,2.5315,4.9943,5.3299,3.82,5.1751,3.8285,3.8285,2.2226,4.7781,4.2855,4.2855,2.3084,4.8777,4.8777,1.0,1.0,4.2855,1.3673,5.2222,2.2517,2.5901,2.3084,4.878,2.1831,4.7236,4.8317,5.2056,5.2056,5.2056,5.2056,1.0614,1.0,1.0,2.5677,2.362,4.9942,2.3446,2.3446,2.4169,2.5677,2.5677,2.9465,2.7959,2.4169,2.0247,2.2417,5.0459,4.8381,2.1258,4.8988,2.3189,2.5901,2.5322,2.7217,2.3181,3.111,2.3252,3.159,3.111,3.111,3.111,3.111,3.111,2.9069,3.159,2.7515,2.7515,3.2694,2.2032,2.2032,1.0,1.8755,2.0829,2.0829,1.938,2.2226,3.159,2.237,2.2413,2.237,2.0926,2.2088,2.2717,2.4062,2.2636,2.2226,2.2226,2.1791,2.1953,1.0,1.8194,2.0725
Volume Mult,1.25,1.0,2.5,float,Entry volume >= mult x volume MA,1.0,1.0,1.0,1.0,1.0,1.0,1.0,1.0,1.0,1.0,1.0,1.0,1.0,1.0,1.0,1.0,1.0,1.0,1.0,1.0,1.0,1.0,1.0,1.0,1.0,1.0,1.0,1.0,1.0,1.0,1.0,1.0,1.0,1.0,1.0,1.0,1.0,1.0,1.0,1.0,1.001,1.0,1.0,1.0,1.0,1.0,1.0,1.0,1.0,1.004,1.0,1.0,1.0,1.0,1.0161,1.0,1.0,1.0,1.0,1.0,1.0,1.0,1.0,1.0,1.0,1.0017,1.0,1.0,1.0,1.0,1.0,1.0,1.0,1.0,1.0,1.0,1.0,1.0,1.0,1.0,1.0,1.0,1.0,1.0,1.0,1.0,1.0,1.0,1.0,1.0,1.0,1.0,1.0,1.0,1.0,1.0,1.0,1.0,1.0,1.0,1.0,1.019,1.019,1.0,1.0,1.0,1.0,1.0,1.0,1.0,1.0,1.0,1.0,1.0,1.0,1.0,1.0,1.0,1.0,1.0,1.0,1.0,1.0,1.0,1.0,1.0,1.0,1.0,1.0,1.0,1.008,1.0,1.0,1.0,1.0,1.0,1.0,1.0,1.0,1.0,1.0,1.0,1.0,1.0,1.0,1.0,1.0,1.0,1.0,1.0,1.0,1.0,1.0,1.0,1.0,1.0,1.0187,1.0,1.0149,1.0,1.0,1.0,1.0,1.0,1.0,1.0,1.0,1.0,1.0,1.0,1.0,1.0,1.0,1.0,1.0,1.0,1.0,1.0,1.0,1.0,1.0,1.0,1.0,1.0,1.0,1.0,1.0,1.0,1.0149,1.0,1.0,1.0,1.0,1.0,1.0,1.0,1.0,1.0,1.0,1.0,1.0,1.0,1.0,1.0,1.0,1.0,1.0,1.0,1.0,1.0,1.0185,1.0,1.0,1.0,1.0,1.0,1.0426,1.0,1.0,1.0,1.0,1.0,1.0,1.0,1.0,1.0,1.0,1.0,1.0,1.0,1.0342,1.0,1.011,1.011,1.0,1.0,1.0,1.0,1.0,1.0,1.0,1.0,1.0442,1.0,1.0,1.0,1.0,1.0,1.0,1.0,1.0,1.0,1.0,1.0,1.0,1.0,1.0,1.0,1.0,1.2819,1.2819,1.0,1.0,1.0,1.0,1.0,1.0,1.0,1.0,1.0,1.0,1.0,1.0,1.0,1.1602,1.0,1.0,1.0,1.0,1.0,1.0,1.0,1.0,1.0,1.0,1.0,1.0,1.0,1.0,1.0,1.0,1.0,1.0,1.0,1.0,1.0,1.0,1.0,1.0,1.0,1.0,1.0,1.0,1.0,1.0,1.0,1.0,1.0,1.0,1.0,1.0158,1.0158,1.0,1.0,1.0
Dissipation (per bar),0.25,0.05,2.0,float,Linear strength loss per bar (max(0 strength - d)),1.0403,1.0403,1.0403,1.0403,1.0403,1.0403,1.1441,1.1981,1.1999,1.0403,1.1831,1.1805,1.0526,1.1805,1.2026,1.0507,1.0478,1.0376,1.047,1.047,1.047,1.1831,1.0441,1.0367,1.0252,1.0215,1.022,1.0215,1.0244,1.0185,1.047,1.0066,1.023,1.0303,1.0303,1.0303,1.0507,1.0384,1.0123,1.0314,1.0438,1.043,1.0265,0.9951,1.1805,1.1805,1.0297,1.0385,1.0251,1.0244,1.0341,1.0232,1.0385,1.0385,0.9724,1.0279,1.0509,0.9834,0.9726,0.9791,1.0252,1.0252,1.0198,1.0137,1.0137,1.0212,1.0227,1.0279,1.0252,1.0264,1.0525,1.0258,1.0264,1.0258,1.0448,1.0366,1.017,1.017,1.0003,0.8187,0.9976,0.8418,1.0329,1.0036,1.0064,0.985,0.9892,0.9951,0.8187,0.9783,0.9725,1.0483,0.8376,1.017,1.0128,1.0128,1.0128,0.9684,0.8224,1.0002,0.8122,1.0144,1.0144,0.985,0.8122,1.0333,1.0225,0.8187,1.1794,0.8187,0.9951,1.1659,0.8187,0.8146,0.8151,0.9246,0.813,0.813,1.1653,0.8144,0.81,0.72,0.8146,1.1924,0.8424,0.9063,0.8053,0.8053,0.8116,0.8432,0.8591,0.8053,0.8102,0.8233,1.1112,0.7159,0.8249,1.1112,0.9878,1.0285,1.0252,0.9839,1.161,0.8063,0.8183,1.0441,0.8376,0.7954,1.0395,0.807,0.7687,1.0282,0.8063,0.8883,1.0321,1.1671,0.86,1.2392,0.5704,1.031,0.5795,1.1588,1.1682,0.4427,0.5719,0.4427,0.4427,0.4427,0.5782,0.5719,0.5719,0.5715,1.0791,0.5722,0.5722,0.4434,1.1911,1.1911,1.1911,0.4434,0.5795,0.5795,0.9345,0.9406,0.5025,0.5025,0.5025,0.5025,0.5704,1.0976,0.5795,0.4427,1.0276,0.5795,0.5795,0.5808,0.7062,0.5793,1.0357,1.0357,1.061,0.5808,1.061,0.4427,0.9682,0.7099,0.5144,0.4447,0.4431,0.4431,0.4101,0.9603,0.4707,1.0276,0.4249,0.4506,0.443,0.9559,0.9559,0.4125,0.9924,0.4431,0.9826,0.9854,0.4433,0.4356,0.5606,0.4388,0.3767,0.3767,0.4472,0.4434,0.4475,0.4475,0.4235,0.4427,0.4427,0.6982,0.6982,0.4297,0.7732,0.4056,0.4181,0.3663,0.4235,0.4622,0.4652,0.4452,0.4452,0.4194,0.4194,0.4194,0.4194,0.6303,0.6303,0.6303,0.363,0.9826,0.4105,0.4218,0.4218,0.3704,0.363,0.363,0.3285,0.3459,0.3704,0.4458,0.3704,0.3768,0.4096,1.0119,0.3768,0.3746,0.3663,0.3535,0.3505,0.3459,0.2354,0.3744,0.2829,0.2354,0.2354,0.2354,0.2354,0.2354,0.2408,0.2829,0.2406,0.2406,0.2547,0.3622,0.3622,1.1139,0.3441,0.3591,0.3591,0.3467,0.24,0.2829,0.2392,0.2655,0.2392,0.2877,0.2713,0.2461,0.2774,0.2484,0.24,0.24,0.2831,0.2831,0.6982,0.2785,0.242
Stop Pad ATR,0.15,0.0,0.50,float,Stop beyond origin zone edge in ATR,0.4367,0.4367,0.4367,0.4367,0.4367,0.4367,0.4627,0.5,0.4999,0.4367,0.448,0.4998,0.4152,0.4998,0.4698,0.428,0.5,0.4696,0.436,0.436,0.436,0.5,0.4652,0.4685,0.4455,0.4917,0.5,0.4917,0.4843,0.4013,0.4301,0.4516,0.4597,0.4983,0.4983,0.4983,0.428,0.5,0.4,0.4973,0.4213,0.5,0.5,0.5,0.4998,0.4998,0.4929,0.5,0.5,0.4843,0.5,0.4809,0.4869,0.4869,0.5,0.3973,0.4725,0.4843,0.4739,0.5,0.4455,0.4455,0.5,0.4967,0.4967,0.5,0.4911,0.499,0.4642,0.4715,0.4365,0.429,0.4715,0.429,0.4186,0.3976,0.4715,0.4715,0.4813,0.4676,0.3985,0.4817,0.4114,0.5,0.4868,0.5,0.5,0.5,0.4676,0.4807,0.5,0.4341,0.5,0.4715,0.3183,0.3183,0.3183,0.4045,0.5,0.4052,0.4535,0.5,0.5,0.5,0.4535,0.3016,0.4719,0.4577,0.4997,0.5,0.5,0.4581,0.4603,0.4933,0.5,0.5,0.4812,0.4812,0.4721,0.4149,0.4109,0.479,0.4933,0.4693,0.4988,0.5,0.4707,0.5,0.4656,0.4766,0.5,0.4707,0.4705,0.4798,0.4992,0.5,0.4918,0.4992,0.3309,0.5,0.3578,0.3037,0.4602,0.5,0.499,0.3941,0.5,0.5,0.5,0.4107,0.4957,0.472,0.458,0.5,0.4859,0.4506,0.5,0.4789,0.4972,0.3007,0.5,0.4768,0.479,0.4697,0.4046,0.5,0.5,0.5,0.4695,0.4046,0.4046,0.4046,0.3116,0.4046,0.4046,0.4831,0.3379,0.3379,0.3379,0.4831,0.5,0.5,0.3137,0.3167,0.5,0.4651,0.4651,0.4651,0.4972,0.4585,0.5,0.4993,0.3037,0.5,0.5,0.5,0.5,0.4187,0.2815,0.2815,0.4719,0.5,0.4719,0.5,0.5,0.5,0.4367,0.4962,0.4947,0.4947,0.4362,0.4611,0.3996,0.3037,0.4475,0.4244,0.5,0.4791,0.4791,0.4358,0.4657,0.4947,0.3366,0.3023,0.4922,0.5,0.4577,0.5,0.4591,0.4591,0.4362,0.4919,0.5,0.5,0.4084,0.5,0.5,0.4831,0.4831,0.5,0.5,0.5,0.4316,0.4323,0.4759,0.5,0.4766,0.4883,0.4883,0.5,0.5,0.5,0.5,0.5,0.5,0.5,0.482,0.3366,0.4974,0.5,0.5,0.437,0.3626,0.482,0.391,0.4546,0.437,0.4702,0.437,0.4751,0.4175,0.3259,0.4751,0.4442,0.5,0.4187,0.4258,0.4361,0.3948,0.4779,0.4268,0.3948,0.3948,0.3948,0.3948,0.3948,0.4058,0.4268,0.402,0.402,0.4011,0.4356,0.4356,0.2623,0.3982,0.4834,0.4834,0.3975,0.4115,0.4268,0.4158,0.4315,0.4158,0.413,0.4437,0.3952,0.4408,0.3977,0.4115,0.4115,0.4621,0.4358,0.2368,0.4282,0.4311
Max Hold (bars),24,6,60,int,Time exit,49,49,49,49,49,49,49,49,49,49,49,49,49,49,49,49,49,49,49,49,49,49,49,49,49,49,49,49,49,49,49,49,49,49,49,49,49,49,49,49,49,49,49,49,49,49,49,49,50,49,49,49,49,49,49,49,49,49,49,49,49,49,49,49,49,49,49,49,49,49,49,49,49,49,49,49,49,49,49,49,49,49,49,49,49,49,49,49,49,49,49,49,49,49,49,49,49,49,49,49,49,49,49,49,49,49,49,49,49,49,49,49,49,49,49,49,49,49,49,49,49,49,49,49,49,49,49,49,49,49,49,49,49,49,49,48,49,49,49,49,49,49,49,49,49,49,49,49,49,49,49,49,49,49,49,49,49,49,49,49,49,49,49,49,49,49,49,49,49,49,49,49,49,49,49,48,49,49,49,48,50,50,49,49,49,49,49,49,49,49,49,49,49,49,49,49,49,49,49,49,49,49,48,49,49,49,49,49,49,49,49,49,47,49,49,49,49,49,49,49,49,49,49,49,49,49,49,49,48,48,49,49,49,49,49,49,49,49,49,49,49,49,49,49,49,49,49,48,48,49,49,49,49,49,49,49,49,49,48,49,49,49,50,49,49,49,49,48,49,49,49,49,49,49,49,50,50,49,48,49,49,48,48,48,48,48,49,49,49,49,49,49,49,49,50,49,49,49,49,49,49,49,49,49,48,49,48,49,49,49,49,49,49,49,49
Min Opposite Zone Dist (ATR),0.5,0.5,0.5,float,LOCKED min room entry→opposite zone (ATR); blocks micro post-entry TP,0.5,0.5,0.5,0.5,0.5,0.5,0.5,0.5,0.5,0.5,0.5,0.5,0.5,0.5,0.5,0.5,0.5,0.5,0.5,0.5,0.5,0.5,0.5,0.5,0.5,0.5,0.5,0.5,0.5,0.5,0.5,0.5,0.5,0.5,0.5,0.5,0.5,0.5,0.5,0.5,0.5,0.5,0.5,0.5,0.5,0.5,0.5,0.5,0.5,0.5,0.5,0.5,0.5,0.5,0.5,0.5,0.5,0.5,0.5,0.5,0.5,0.5,0.5,0.5,0.5,0.5,0.5,0.5,0.5,0.5,0.5,0.5,0.5,0.5,0.5,0.5,0.5,0.5,0.5,0.5,0.5,0.5,0.5,0.5,0.5,0.5,0.5,0.5,0.5,0.5,0.5,0.5,0.5,0.5,0.5,0.5,0.5,0.5,0.5,0.5,0.5,0.5,0.5,0.5,0.5,0.5,0.5,0.5,0.5,0.5,0.5,0.5,0.5,0.5,0.5,0.5,0.5,0.5,0.5,0.5,0.5,0.5,0.5,0.5,0.5,0.5,0.5,0.5,0.5,0.5,0.5,0.5,0.5,0.5,0.5,0.5,0.5,0.5,0.5,0.5,0.5,0.5,0.5,0.5,0.5,0.5,0.5,0.5,0.5,0.5,0.5,0.5,0.5,0.5,0.5,0.5,0.5,0.5,0.5,0.5,0.5,0.5,0.5,0.5,0.5,0.5,0.5,0.5,0.5,0.5,0.5,0.5,0.5,0.5,0.5,0.5,0.5,0.5,0.5,0.5,0.5,0.5,0.5,0.5,0.5,0.5,0.5,0.5,0.5,0.5,0.5,0.5,0.5,0.5,0.5,0.5,0.5,0.5,0.5,0.5,0.5,0.5,0.5,0.5,0.5,0.5,0.5,0.5,0.5,0.5,0.5,0.5,0.5,0.5,0.5,0.5,0.5,0.5,0.5,0.5,0.5,0.5,0.5,0.5,0.5,0.5,0.5,0.5,0.5,0.5,0.5,0.5,0.5,0.5,0.5,0.5,0.5,0.5,0.5,0.5,0.5,0.5,0.5,0.5,0.5,0.5,0.5,0.5,0.5,0.5,0.5,0.5,0.5,0.5,0.5,0.5,0.5,0.5,0.5,0.5,0.5,0.5,0.5,0.5,0.5,0.5,0.5,0.5,0.5,0.5,0.5,0.5,0.5,0.5,0.5,0.5,0.5,0.5,0.5,0.5,0.5,0.5,0.5,0.5,0.5,0.5,0.5,0.5,0.5,0.5,0.5,0.5,0.5,0.5,0.5,0.5,0.5,0.5,0.5,0.5,0.5,0.5,0.5,0.5,0.5,0.5,0.5,0.5,0.5,0.5,0.5,0.5,0.5,0.5,0.5
Entry Headroom (ATR),0.5,0.0,2.5,float,Min clearance entry→next strong opposite zone (ATR); 0=off; overlap-aware,0.5178,0.5178,0.5178,0.5178,0.5178,0.5178,0.9204,0.4407,0.364,0.5178,0.5875,0.4076,0.8094,0.5184,0.4746,0.4719,0.7941,0.5235,0.5849,0.4227,0.3491,0.5875,0.4486,0.3323,0.5325,0.7172,0.5601,0.7172,0.4803,0.6345,0.3873,0.6739,0.4372,0.4904,0.552,0.552,0.8212,0.4555,0.3698,0.5549,0.4688,0.4305,0.5479,0.5556,0.4076,0.4076,0.6148,0.4828,0.6725,0.4803,0.3309,0.3829,0.4828,0.3989,0.9932,0.7852,0.4847,0.4357,1.2319,0.7762,0.5962,0.5962,1.2809,0.4485,0.5524,0.4411,0.5943,0.7852,0.555,0.4859,0.0,0.5667,0.3342,0.3528,0.4589,0.3752,0.46,0.4859,1.0682,0.7415,0.5565,0.6129,0.7001,0.3792,0.382,0.4203,0.5929,0.5556,0.1446,0.4518,0.4567,0.3763,0.2747,0.4143,0.7602,0.7602,0.7602,0.4689,1.2124,0.3034,0.8258,0.5218,0.4753,0.6454,0.552,1.2184,0.4791,0.6553,0.3762,0.9263,0.0,0.3128,0.5048,0.9081,0.5447,0.4607,0.5898,0.5898,0.3761,0.0622,0.4041,0.3839,0.9081,0.4455,0.4241,0.4614,0.3863,0.3863,0.8831,0.4458,0.549,0.3863,0.8976,0.6725,0.4706,1.2986,0.9907,0.4706,1.168,0.8238,0.451,0.9049,0.5032,0.869,0.8174,0.6263,0.7611,0.6101,0.5466,0.6399,0.8443,0.5194,0.869,0.444,0.7166,0.3258,0.5488,0.4943,1.0887,1.1891,0.677,0.0568,0.4606,1.0157,1.0884,1.0157,1.0157,1.0157,0.6466,1.0884,1.0884,1.0884,0.4405,1.0686,1.0884,1.6705,0.4448,0.4448,0.4448,1.0569,0.677,0.677,0.1606,0.3714,0.1836,0.1836,0.1836,0.1836,1.0887,0.0,0.7105,0.9487,1.1755,0.677,0.6697,0.4536,0.5736,0.6596,0.6811,0.6811,0.1965,0.7351,0.1925,1.1146,0.1764,0.5965,0.3893,1.0551,0.4899,0.4899,0.4817,0.1662,1.4856,1.1755,0.3137,1.5424,0.6617,0.4452,0.4452,0.4358,0.2486,0.2666,0.4464,0.4194,1.0413,0.8419,0.7208,0.9381,1.4529,1.4529,1.0234,0.795,0.6249,0.5943,2.1855,1.1067,0.7724,0.6267,0.6267,0.7159,0.678,0.5819,1.4387,1.502,2.0981,0.4464,0.4344,1.0443,1.0443,0.6563,0.6563,0.6563,0.5063,0.6648,0.6648,0.3258,1.3275,0.4827,1.0487,0.5066,0.5057,1.2137,1.0158,1.0158,1.1639,0.8588,1.0521,0.2052,1.2137,1.0319,0.6447,0.7496,1.0319,0.6103,1.4137,0.4869,0.195,1.1094,1.1656,0.2783,1.1583,1.1479,1.1656,1.1656,1.1656,1.1656,1.3743,1.0121,1.5106,1.4426,1.1005,1.1939,1.1939,0.1409,0.4162,0.3973,0.3973,1.1363,1.1794,0.7059,1.0712,1.132,1.0712,1.2932,0.499,0.531,1.2154,0.6523,0.6548,0.6548,1.0776,0.858,0.6267,1.2707,0.1777
=== Filters ===,,,,,,,,,,,,,,,,,,,,,,,,,,,,,,,,,,,,,,,,,,,,,,,,,,,,,,,,,,,,,,,,,,,,,,,,,,,,,,,,,,,,,,,,,,,,,,,,,,,,,,,,,,,,,,,,,,,,,,,,,,,,,,,,,,,,,,,,,,,,,,,,,,,,,,,,,,,,,,,,,,,,,,,,,,,,,,,,,,,,,,,,,,,,,,,,,,,,,,,,,,,,,,,,,,,,,,,,,,,,,,,,,,,,,,,,,,,,,,,,,,,,,,,,,,,,,,,,,,,,,,,,,,,,,,,,,,,,,,,,,,,,,,,,,,,,,,,,,,,,,,,,,,,,,,,,,,,,,,,,
Enable RTH Filter,1,1,1,int,LOCKED RTH only,1,1,1,1,1,1,1,1,1,1,1,1,1,1,1,1,1,1,1,1,1,1,1,1,1,1,1,1,1,1,1,1,1,1,1,1,1,1,1,1,1,1,1,1,1,1,1,1,1,1,1,1,1,1,1,1,1,1,1,1,1,1,1,1,1,1,1,1,1,1,1,1,1,1,1,1,1,1,1,1,1,1,1,1,1,1,1,1,1,1,1,1,1,1,1,1,1,1,1,1,1,1,1,1,1,1,1,1,1,1,1,1,1,1,1,1,1,1,1,1,1,1,1,1,1,1,1,1,1,1,1,1,1,1,1,1,1,1,1,1,1,1,1,1,1,1,1,1,1,1,1,1,1,1,1,1,1,1,1,1,1,1,1,1,1,1,1,1,1,1,1,1,1,1,1,1,1,1,1,1,1,1,1,1,1,1,1,1,1,1,1,1,1,1,1,1,1,1,1,1,1,1,1,1,1,1,1,1,1,1,1,1,1,1,1,1,1,1,1,1,1,1,1,1,1,1,1,1,1,1,1,1,1,1,1,1,1,1,1,1,1,1,1,1,1,1,1,1,1,1,1,1,1,1,1,1,1,1,1,1,1,1,1,1,1,1,1,1,1,1,1,1,1,1,1,1,1,1,1,1,1,1,1,1,1,1,1,1,1,1,1,1,1,1,1,1,1,1,1,1,1,1,1,1,1,1,1,1,1,1,1,1,1,1,1
RTH Start (HH:MM),09:30,,,str,RTH open Eastern,09:30,09:30,09:30,09:30,09:30,09:30,09:30,09:30,09:30,09:30,09:30,09:30,09:30,09:30,09:30,09:30,09:30,09:30,09:30,09:30,09:30,09:30,09:30,09:30,09:30,09:30,09:30,09:30,09:30,09:30,09:30,09:30,09:30,09:30,09:30,09:30,09:30,09:30,09:30,09:30,09:30,09:30,09:30,09:30,09:30,09:30,09:30,09:30,09:30,09:30,09:30,09:30,09:30,09:30,09:30,09:30,09:30,09:30,09:30,09:30,09:30,09:30,09:30,09:30,09:30,09:30,09:30,09:30,09:30,09:30,09:30,09:30,09:30,09:30,09:30,09:30,09:30,09:30,09:30,09:30,09:30,09:30,09:30,09:30,09:30,09:30,09:30,09:30,09:30,09:30,09:30,09:30,09:30,09:30,09:30,09:30,09:30,09:30,09:30,09:30,09:30,09:30,09:30,09:30,09:30,09:30,09:30,09:30,09:30,09:30,09:30,09:30,09:30,09:30,09:30,09:30,09:30,09:30,09:30,09:30,09:30,09:30,09:30,09:30,09:30,09:30,09:30,09:30,09:30,09:30,09:30,09:30,09:30,09:30,09:30,09:30,09:30,09:30,09:30,09:30,09:30,09:30,09:30,09:30,09:30,09:30,09:30,09:30,09:30,09:30,09:30,09:30,09:30,09:30,09:30,09:30,09:30,09:30,09:30,09:30,09:30,09:30,09:30,09:30,09:30,09:30,09:30,09:30,09:30,09:30,09:30,09:30,09:30,09:30,09:30,09:30,09:30,09:30,09:30,09:30,09:30,09:30,09:30,09:30,09:30,09:30,09:30,09:30,09:30,09:30,09:30,09:30,09:30,09:30,09:30,09:30,09:30,09:30,09:30,09:30,09:30,09:30,09:30,09:30,09:30,09:30,09:30,09:30,09:30,09:30,09:30,09:30,09:30,09:30,09:30,09:30,09:30,09:30,09:30,09:30,09:30,09:30,09:30,09:30,09:30,09:30,09:30,09:30,09:30,09:30,09:30,09:30,09:30,09:30,09:30,09:30,09:30,09:30,09:30,09:30,09:30,09:30,09:30,09:30,09:30,09:30,09:30,09:30,09:30,09:30,09:30,09:30,09:30,09:30,09:30,09:30,09:30,09:30,09:30,09:30,09:30,09:30,09:30,09:30,09:30,09:30,09:30,09:30,09:30,09:30,09:30,09:30,09:30,09:30,09:30,09:30,09:30,09:30,09:30,09:30,09:30,09:30,09:30,09:30,09:30,09:30,09:30,09:30,09:30,09:30,09:30,09:30,09:30,09:30,09:30,09:30,09:30,09:30,09:30,09:30,09:30,09:30,09:30,09:30,09:30,09:30,09:30,09:30,09:30,09:30,09:30,09:30,09:30,09:30,09:30
RTH End (HH:MM),16:00,,,str,RTH close Eastern,16:00,16:00,16:00,16:00,16:00,16:00,16:00,16:00,16:00,16:00,16:00,16:00,16:00,16:00,16:00,16:00,16:00,16:00,16:00,16:00,16:00,16:00,16:00,16:00,16:00,16:00,16:00,16:00,16:00,16:00,16:00,16:00,16:00,16:00,16:00,16:00,16:00,16:00,16:00,16:00,16:00,16:00,16:00,16:00,16:00,16:00,16:00,16:00,16:00,16:00,16:00,16:00,16:00,16:00,16:00,16:00,16:00,16:00,16:00,16:00,16:00,16:00,16:00,16:00,16:00,16:00,16:00,16:00,16:00,16:00,16:00,16:00,16:00,16:00,16:00,16:00,16:00,16:00,16:00,16:00,16:00,16:00,16:00,16:00,16:00,16:00,16:00,16:00,16:00,16:00,16:00,16:00,16:00,16:00,16:00,16:00,16:00,16:00,16:00,16:00,16:00,16:00,16:00,16:00,16:00,16:00,16:00,16:00,16:00,16:00,16:00,16:00,16:00,16:00,16:00,16:00,16:00,16:00,16:00,16:00,16:00,16:00,16:00,16:00,16:00,16:00,16:00,16:00,16:00,16:00,16:00,16:00,16:00,16:00,16:00,16:00,16:00,16:00,16:00,16:00,16:00,16:00,16:00,16:00,16:00,16:00,16:00,16:00,16:00,16:00,16:00,16:00,16:00,16:00,16:00,16:00,16:00,16:00,16:00,16:00,16:00,16:00,16:00,16:00,16:00,16:00,16:00,16:00,16:00,16:00,16:00,16:00,16:00,16:00,16:00,16:00,16:00,16:00,16:00,16:00,16:00,16:00,16:00,16:00,16:00,16:00,16:00,16:00,16:00,16:00,16:00,16:00,16:00,16:00,16:00,16:00,16:00,16:00,16:00,16:00,16:00,16:00,16:00,16:00,16:00,16:00,16:00,16:00,16:00,16:00,16:00,16:00,16:00,16:00,16:00,16:00,16:00,16:00,16:00,16:00,16:00,16:00,16:00,16:00,16:00,16:00,16:00,16:00,16:00,16:00,16:00,16:00,16:00,16:00,16:00,16:00,16:00,16:00,16:00,16:00,16:00,16:00,16:00,16:00,16:00,16:00,16:00,16:00,16:00,16:00,16:00,16:00,16:00,16:00,16:00,16:00,16:00,16:00,16:00,16:00,16:00,16:00,16:00,16:00,16:00,16:00,16:00,16:00,16:00,16:00,16:00,16:00,16:00,16:00,16:00,16:00,16:00,16:00,16:00,16:00,16:00,16:00,16:00,16:00,16:00,16:00,16:00,16:00,16:00,16:00,16:00,16:00,16:00,16:00,16:00,16:00,16:00,16:00,16:00,16:00,16:00,16:00,16:00,16:00,16:00,16:00,16:00,16:00,16:00,16:00,16:00,16:00,16:00,16:00,16:00
RTH Exit Buffer (minutes),5,5,5,int,LOCKED flatten before close,5,5,5,5,5,5,5,5,5,5,5,5,5,5,5,5,5,5,5,5,5,5,5,5,5,5,5,5,5,5,5,5,5,5,5,5,5,5,5,5,5,5,5,5,5,5,5,5,5,5,5,5,5,5,5,5,5,5,5,5,5,5,5,5,5,5,5,5,5,5,5,5,5,5,5,5,5,5,5,5,5,5,5,5,5,5,5,5,5,5,5,5,5,5,5,5,5,5,5,5,5,5,5,5,5,5,5,5,5,5,5,5,5,5,5,5,5,5,5,5,5,5,5,5,5,5,5,5,5,5,5,5,5,5,5,5,5,5,5,5,5,5,5,5,5,5,5,5,5,5,5,5,5,5,5,5,5,5,5,5,5,5,5,5,5,5,5,5,5,5,5,5,5,5,5,5,5,5,5,5,5,5,5,5,5,5,5,5,5,5,5,5,5,5,5,5,5,5,5,5,5,5,5,5,5,5,5,5,5,5,5,5,5,5,5,5,5,5,5,5,5,5,5,5,5,5,5,5,5,5,5,5,5,5,5,5,5,5,5,5,5,5,5,5,5,5,5,5,5,5,5,5,5,5,5,5,5,5,5,5,5,5,5,5,5,5,5,5,5,5,5,5,5,5,5,5,5,5,5,5,5,5,5,5,5,5,5,5,5,5,5,5,5,5,5,5,5,5,5,5,5,5,5,5,5,5,5,5,5,5,5,5,5,5,5
Enable Maintenance Filter,1,1,1,int,LOCKED,1,1,1,1,1,1,1,1,1,1,1,1,1,1,1,1,1,1,1,1,1,1,1,1,1,1,1,1,1,1,1,1,1,1,1,1,1,1,1,1,1,1,1,1,1,1,1,1,1,1,1,1,1,1,1,1,1,1,1,1,1,1,1,1,1,1,1,1,1,1,1,1,1,1,1,1,1,1,1,1,1,1,1,1,1,1,1,1,1,1,1,1,1,1,1,1,1,1,1,1,1,1,1,1,1,1,1,1,1,1,1,1,1,1,1,1,1,1,1,1,1,1,1,1,1,1,1,1,1,1,1,1,1,1,1,1,1,1,1,1,1,1,1,1,1,1,1,1,1,1,1,1,1,1,1,1,1,1,1,1,1,1,1,1,1,1,1,1,1,1,1,1,1,1,1,1,1,1,1,1,1,1,1,1,1,1,1,1,1,1,1,1,1,1,1,1,1,1,1,1,1,1,1,1,1,1,1,1,1,1,1,1,1,1,1,1,1,1,1,1,1,1,1,1,1,1,1,1,1,1,1,1,1,1,1,1,1,1,1,1,1,1,1,1,1,1,1,1,1,1,1,1,1,1,1,1,1,1,1,1,1,1,1,1,1,1,1,1,1,1,1,1,1,1,1,1,1,1,1,1,1,1,1,1,1,1,1,1,1,1,1,1,1,1,1,1,1,1,1,1,1,1,1,1,1,1,1,1,1,1,1,1,1,1,1
Daily Maintenance Start (HH:MM),17:00,,,str,Daily maintenance start,17:00,17:00,17:00,17:00,17:00,17:00,17:00,17:00,17:00,17:00,17:00,17:00,17:00,17:00,17:00,17:00,17:00,17:00,17:00,17:00,17:00,17:00,17:00,17:00,17:00,17:00,17:00,17:00,17:00,17:00,17:00,17:00,17:00,17:00,17:00,17:00,17:00,17:00,17:00,17:00,17:00,17:00,17:00,17:00,17:00,17:00,17:00,17:00,17:00,17:00,17:00,17:00,17:00,17:00,17:00,17:00,17:00,17:00,17:00,17:00,17:00,17:00,17:00,17:00,17:00,17:00,17:00,17:00,17:00,17:00,17:00,17:00,17:00,17:00,17:00,17:00,17:00,17:00,17:00,17:00,17:00,17:00,17:00,17:00,17:00,17:00,17:00,17:00,17:00,17:00,17:00,17:00,17:00,17:00,17:00,17:00,17:00,17:00,17:00,17:00,17:00,17:00,17:00,17:00,17:00,17:00,17:00,17:00,17:00,17:00,17:00,17:00,17:00,17:00,17:00,17:00,17:00,17:00,17:00,17:00,17:00,17:00,17:00,17:00,17:00,17:00,17:00,17:00,17:00,17:00,17:00,17:00,17:00,17:00,17:00,17:00,17:00,17:00,17:00,17:00,17:00,17:00,17:00,17:00,17:00,17:00,17:00,17:00,17:00,17:00,17:00,17:00,17:00,17:00,17:00,17:00,17:00,17:00,17:00,17:00,17:00,17:00,17:00,17:00,17:00,17:00,17:00,17:00,17:00,17:00,17:00,17:00,17:00,17:00,17:00,17:00,17:00,17:00,17:00,17:00,17:00,17:00,17:00,17:00,17:00,17:00,17:00,17:00,17:00,17:00,17:00,17:00,17:00,17:00,17:00,17:00,17:00,17:00,17:00,17:00,17:00,17:00,17:00,17:00,17:00,17:00,17:00,17:00,17:00,17:00,17:00,17:00,17:00,17:00,17:00,17:00,17:00,17:00,17:00,17:00,17:00,17:00,17:00,17:00,17:00,17:00,17:00,17:00,17:00,17:00,17:00,17:00,17:00,17:00,17:00,17:00,17:00,17:00,17:00,17:00,17:00,17:00,17:00,17:00,17:00,17:00,17:00,17:00,17:00,17:00,17:00,17:00,17:00,17:00,17:00,17:00,17:00,17:00,17:00,17:00,17:00,17:00,17:00,17:00,17:00,17:00,17:00,17:00,17:00,17:00,17:00,17:00,17:00,17:00,17:00,17:00,17:00,17:00,17:00,17:00,17:00,17:00,17:00,17:00,17:00,17:00,17:00,17:00,17:00,17:00,17:00,17:00,17:00,17:00,17:00,17:00,17:00,17:00,17:00,17:00,17:00,17:00,17:00,17:00,17:00,17:00,17:00,17:00,17:00,17:00,17:00,17:00,17:00,17:00,17:00
Daily Maintenance End (HH:MM),17:30,,,str,Daily maintenance end,17:30,17:30,17:30,17:30,17:30,17:30,17:30,17:30,17:30,17:30,17:30,17:30,17:30,17:30,17:30,17:30,17:30,17:30,17:30,17:30,17:30,17:30,17:30,17:30,17:30,17:30,17:30,17:30,17:30,17:30,17:30,17:30,17:30,17:30,17:30,17:30,17:30,17:30,17:30,17:30,17:30,17:30,17:30,17:30,17:30,17:30,17:30,17:30,17:30,17:30,17:30,17:30,17:30,17:30,17:30,17:30,17:30,17:30,17:30,17:30,17:30,17:30,17:30,17:30,17:30,17:30,17:30,17:30,17:30,17:30,17:30,17:30,17:30,17:30,17:30,17:30,17:30,17:30,17:30,17:30,17:30,17:30,17:30,17:30,17:30,17:30,17:30,17:30,17:30,17:30,17:30,17:30,17:30,17:30,17:30,17:30,17:30,17:30,17:30,17:30,17:30,17:30,17:30,17:30,17:30,17:30,17:30,17:30,17:30,17:30,17:30,17:30,17:30,17:30,17:30,17:30,17:30,17:30,17:30,17:30,17:30,17:30,17:30,17:30,17:30,17:30,17:30,17:30,17:30,17:30,17:30,17:30,17:30,17:30,17:30,17:30,17:30,17:30,17:30,17:30,17:30,17:30,17:30,17:30,17:30,17:30,17:30,17:30,17:30,17:30,17:30,17:30,17:30,17:30,17:30,17:30,17:30,17:30,17:30,17:30,17:30,17:30,17:30,17:30,17:30,17:30,17:30,17:30,17:30,17:30,17:30,17:30,17:30,17:30,17:30,17:30,17:30,17:30,17:30,17:30,17:30,17:30,17:30,17:30,17:30,17:30,17:30,17:30,17:30,17:30,17:30,17:30,17:30,17:30,17:30,17:30,17:30,17:30,17:30,17:30,17:30,17:30,17:30,17:30,17:30,17:30,17:30,17:30,17:30,17:30,17:30,17:30,17:30,17:30,17:30,17:30,17:30,17:30,17:30,17:30,17:30,17:30,17:30,17:30,17:30,17:30,17:30,17:30,17:30,17:30,17:30,17:30,17:30,17:30,17:30,17:30,17:30,17:30,17:30,17:30,17:30,17:30,17:30,17:30,17:30,17:30,17:30,17:30,17:30,17:30,17:30,17:30,17:30,17:30,17:30,17:30,17:30,17:30,17:30,17:30,17:30,17:30,17:30,17:30,17:30,17:30,17:30,17:30,17:30,17:30,17:30,17:30,17:30,17:30,17:30,17:30,17:30,17:30,17:30,17:30,17:30,17:30,17:30,17:30,17:30,17:30,17:30,17:30,17:30,17:30,17:30,17:30,17:30,17:30,17:30,17:30,17:30,17:30,17:30,17:30,17:30,17:30,17:30,17:30,17:30,17:30,17:30,17:30,17:30,17:30,17:30,17:30,17:30,17:30,17:30
Weekend Maintenance Start Day,4,4,4,int,Friday,4,4,4,4,4,4,4,4,4,4,4,4,4,4,4,4,4,4,4,4,4,4,4,4,4,4,4,4,4,4,4,4,4,4,4,4,4,4,4,4,4,4,4,4,4,4,4,4,4,4,4,4,4,4,4,4,4,4,4,4,4,4,4,4,4,4,4,4,4,4,4,4,4,4,4,4,4,4,4,4,4,4,4,4,4,4,4,4,4,4,4,4,4,4,4,4,4,4,4,4,4,4,4,4,4,4,4,4,4,4,4,4,4,4,4,4,4,4,4,4,4,4,4,4,4,4,4,4,4,4,4,4,4,4,4,4,4,4,4,4,4,4,4,4,4,4,4,4,4,4,4,4,4,4,4,4,4,4,4,4,4,4,4,4,4,4,4,4,4,4,4,4,4,4,4,4,4,4,4,4,4,4,4,4,4,4,4,4,4,4,4,4,4,4,4,4,4,4,4,4,4,4,4,4,4,4,4,4,4,4,4,4,4,4,4,4,4,4,4,4,4,4,4,4,4,4,4,4,4,4,4,4,4,4,4,4,4,4,4,4,4,4,4,4,4,4,4,4,4,4,4,4,4,4,4,4,4,4,4,4,4,4,4,4,4,4,4,4,4,4,4,4,4,4,4,4,4,4,4,4,4,4,4,4,4,4,4,4,4,4,4,4,4,4,4,4,4,4,4,4,4,4,4,4,4,4,4,4,4,4,4,4,4,4,4
Weekend Maintenance Start Time (HH:MM),17:00,,,str,Friday maintenance start,17:00,17:00,17:00,17:00,17:00,17:00,17:00,17:00,17:00,17:00,17:00,17:00,17:00,17:00,17:00,17:00,17:00,17:00,17:00,17:00,17:00,17:00,17:00,17:00,17:00,17:00,17:00,17:00,17:00,17:00,17:00,17:00,17:00,17:00,17:00,17:00,17:00,17:00,17:00,17:00,17:00,17:00,17:00,17:00,17:00,17:00,17:00,17:00,17:00,17:00,17:00,17:00,17:00,17:00,17:00,17:00,17:00,17:00,17:00,17:00,17:00,17:00,17:00,17:00,17:00,17:00,17:00,17:00,17:00,17:00,17:00,17:00,17:00,17:00,17:00,17:00,17:00,17:00,17:00,17:00,17:00,17:00,17:00,17:00,17:00,17:00,17:00,17:00,17:00,17:00,17:00,17:00,17:00,17:00,17:00,17:00,17:00,17:00,17:00,17:00,17:00,17:00,17:00,17:00,17:00,17:00,17:00,17:00,17:00,17:00,17:00,17:00,17:00,17:00,17:00,17:00,17:00,17:00,17:00,17:00,17:00,17:00,17:00,17:00,17:00,17:00,17:00,17:00,17:00,17:00,17:00,17:00,17:00,17:00,17:00,17:00,17:00,17:00,17:00,17:00,17:00,17:00,17:00,17:00,17:00,17:00,17:00,17:00,17:00,17:00,17:00,17:00,17:00,17:00,17:00,17:00,17:00,17:00,17:00,17:00,17:00,17:00,17:00,17:00,17:00,17:00,17:00,17:00,17:00,17:00,17:00,17:00,17:00,17:00,17:00,17:00,17:00,17:00,17:00,17:00,17:00,17:00,17:00,17:00,17:00,17:00,17:00,17:00,17:00,17:00,17:00,17:00,17:00,17:00,17:00,17:00,17:00,17:00,17:00,17:00,17:00,17:00,17:00,17:00,17:00,17:00,17:00,17:00,17:00,17:00,17:00,17:00,17:00,17:00,17:00,17:00,17:00,17:00,17:00,17:00,17:00,17:00,17:00,17:00,17:00,17:00,17:00,17:00,17:00,17:00,17:00,17:00,17:00,17:00,17:00,17:00,17:00,17:00,17:00,17:00,17:00,17:00,17:00,17:00,17:00,17:00,17:00,17:00,17:00,17:00,17:00,17:00,17:00,17:00,17:00,17:00,17:00,17:00,17:00,17:00,17:00,17:00,17:00,17:00,17:00,17:00,17:00,17:00,17:00,17:00,17:00,17:00,17:00,17:00,17:00,17:00,17:00,17:00,17:00,17:00,17:00,17:00,17:00,17:00,17:00,17:00,17:00,17:00,17:00,17:00,17:00,17:00,17:00,17:00,17:00,17:00,17:00,17:00,17:00,17:00,17:00,17:00,17:00,17:00,17:00,17:00,17:00,17:00,17:00,17:00,17:00,17:00,17:00,17:00,17:00
Weekend Maintenance End Day,6,6,6,int,Sunday,6,6,6,6,6,6,6,6,6,6,6,6,6,6,6,6,6,6,6,6,6,6,6,6,6,6,6,6,6,6,6,6,6,6,6,6,6,6,6,6,6,6,6,6,6,6,6,6,6,6,6,6,6,6,6,6,6,6,6,6,6,6,6,6,6,6,6,6,6,6,6,6,6,6,6,6,6,6,6,6,6,6,6,6,6,6,6,6,6,6,6,6,6,6,6,6,6,6,6,6,6,6,6,6,6,6,6,6,6,6,6,6,6,6,6,6,6,6,6,6,6,6,6,6,6,6,6,6,6,6,6,6,6,6,6,6,6,6,6,6,6,6,6,6,6,6,6,6,6,6,6,6,6,6,6,6,6,6,6,6,6,6,6,6,6,6,6,6,6,6,6,6,6,6,6,6,6,6,6,6,6,6,6,6,6,6,6,6,6,6,6,6,6,6,6,6,6,6,6,6,6,6,6,6,6,6,6,6,6,6,6,6,6,6,6,6,6,6,6,6,6,6,6,6,6,6,6,6,6,6,6,6,6,6,6,6,6,6,6,6,6,6,6,6,6,6,6,6,6,6,6,6,6,6,6,6,6,6,6,6,6,6,6,6,6,6,6,6,6,6,6,6,6,6,6,6,6,6,6,6,6,6,6,6,6,6,6,6,6,6,6,6,6,6,6,6,6,6,6,6,6,6,6,6,6,6,6,6,6,6,6,6,6,6,6
Weekend Maintenance End Time (HH:MM),18:00,,,str,Sunday maintenance end,18:00,18:00,18:00,18:00,18:00,18:00,18:00,18:00,18:00,18:00,18:00,18:00,18:00,18:00,18:00,18:00,18:00,18:00,18:00,18:00,18:00,18:00,18:00,18:00,18:00,18:00,18:00,18:00,18:00,18:00,18:00,18:00,18:00,18:00,18:00,18:00,18:00,18:00,18:00,18:00,18:00,18:00,18:00,18:00,18:00,18:00,18:00,18:00,18:00,18:00,18:00,18:00,18:00,18:00,18:00,18:00,18:00,18:00,18:00,18:00,18:00,18:00,18:00,18:00,18:00,18:00,18:00,18:00,18:00,18:00,18:00,18:00,18:00,18:00,18:00,18:00,18:00,18:00,18:00,18:00,18:00,18:00,18:00,18:00,18:00,18:00,18:00,18:00,18:00,18:00,18:00,18:00,18:00,18:00,18:00,18:00,18:00,18:00,18:00,18:00,18:00,18:00,18:00,18:00,18:00,18:00,18:00,18:00,18:00,18:00,18:00,18:00,18:00,18:00,18:00,18:00,18:00,18:00,18:00,18:00,18:00,18:00,18:00,18:00,18:00,18:00,18:00,18:00,18:00,18:00,18:00,18:00,18:00,18:00,18:00,18:00,18:00,18:00,18:00,18:00,18:00,18:00,18:00,18:00,18:00,18:00,18:00,18:00,18:00,18:00,18:00,18:00,18:00,18:00,18:00,18:00,18:00,18:00,18:00,18:00,18:00,18:00,18:00,18:00,18:00,18:00,18:00,18:00,18:00,18:00,18:00,18:00,18:00,18:00,18:00,18:00,18:00,18:00,18:00,18:00,18:00,18:00,18:00,18:00,18:00,18:00,18:00,18:00,18:00,18:00,18:00,18:00,18:00,18:00,18:00,18:00,18:00,18:00,18:00,18:00,18:00,18:00,18:00,18:00,18:00,18:00,18:00,18:00,18:00,18:00,18:00,18:00,18:00,18:00,18:00,18:00,18:00,18:00,18:00,18:00,18:00,18:00,18:00,18:00,18:00,18:00,18:00,18:00,18:00,18:00,18:00,18:00,18:00,18:00,18:00,18:00,18:00,18:00,18:00,18:00,18:00,18:00,18:00,18:00,18:00,18:00,18:00,18:00,18:00,18:00,18:00,18:00,18:00,18:00,18:00,18:00,18:00,18:00,18:00,18:00,18:00,18:00,18:00,18:00,18:00,18:00,18:00,18:00,18:00,18:00,18:00,18:00,18:00,18:00,18:00,18:00,18:00,18:00,18:00,18:00,18:00,18:00,18:00,18:00,18:00,18:00,18:00,18:00,18:00,18:00,18:00,18:00,18:00,18:00,18:00,18:00,18:00,18:00,18:00,18:00,18:00,18:00,18:00,18:00,18:00,18:00,18:00,18:00,18:00,18:00,18:00,18:00,18:00,18:00,18:00
Maintenance Buffer Minutes,22,5,60,int,Exit force-flat buffer before maintenance (minutes),44,44,44,44,44,44,43,44,44,44,44,44,44,44,44,43,44,44,44,44,44,44,44,44,43,44,44,44,43,44,44,44,44,44,44,44,43,44,44,43,43,44,44,44,44,44,44,44,44,43,44,44,44,44,44,44,44,44,44,44,43,44,44,44,44,44,44,44,43,44,44,43,44,43,44,43,44,44,44,44,44,44,43,44,44,44,44,44,44,44,44,44,44,44,44,44,44,44,44,44,44,43,43,44,44,44,44,44,44,44,44,44,44,44,44,44,44,44,44,44,44,44,44,44,44,44,44,44,44,44,43,44,43,43,44,44,43,44,44,44,44,44,44,44,44,44,44,44,44,44,44,44,44,44,44,44,43,44,44,44,44,44,44,44,44,44,44,44,44,44,44,44,44,44,44,44,44,44,44,44,44,44,44,44,44,44,44,44,44,44,44,44,44,44,44,44,44,44,44,44,44,44,44,44,44,43,44,44,44,44,44,44,44,44,44,44,44,44,44,44,44,44,44,44,45,44,44,44,44,44,44,44,44,44,44,44,44,44,44,44,44,44,44,44,44,44,45,45,44,44,44,44,44,44,44,44,45,44,44,44,44,45,45,45,44,45,45,45,45,44,44,44,44,44,44,44,44,45,44,44,44,44,44,44,44,44,44,44,44,44,44,44,44,43,45,45,45,45,44,44,44,44,44,44,44,44,45,45,44,44,44,44,44,44,44
Maintenance Entry Buffer (minutes),90,30,240,int,Block new entries within N min of maint/RTH force-flat,105,105,105,105,105,105,105,106,105,105,106,106,104,105,107,106,104,105,105,105,105,106,105,105,105,105,106,105,108,105,105,106,108,108,108,108,106,106,104,106,107,106,104,105,106,106,107,107,106,108,106,105,107,107,104,105,105,104,104,105,105,105,105,105,105,105,106,105,105,105,105,105,105,105,105,102,105,105,105,105,103,106,105,104,105,104,105,105,105,104,104,105,106,105,106,106,106,105,108,104,105,103,103,104,105,105,105,106,106,106,105,106,105,105,105,104,105,105,107,105,105,107,105,106,106,106,106,106,105,104,103,106,106,106,106,106,106,105,105,104,102,105,106,105,105,106,105,107,104,106,106,106,105,106,105,108,103,107,104,105,104,106,107,105,105,105,105,105,105,105,105,105,104,104,104,105,105,105,105,105,104,104,105,104,106,106,106,106,104,108,104,105,105,104,104,105,105,104,106,106,107,105,107,105,108,108,110,105,105,105,106,106,103,105,109,103,106,107,107,105,108,105,105,105,105,105,106,105,106,106,102,105,105,105,105,105,105,108,108,105,106,105,102,101,105,105,104,105,105,105,105,105,105,108,108,108,103,105,105,105,105,103,103,103,103,102,103,103,103,105,104,105,105,106,101,103,103,102,102,104,103,102,103,103,102,102,102,103,103,103,103,103,103,105,104,105,105,102,102,103,102,103,102,107,107,103,102,103,102,102,101,101,108,102,111
=== Exit Logic ===,,,,,,,,,,,,,,,,,,,,,,,,,,,,,,,,,,,,,,,,,,,,,,,,,,,,,,,,,,,,,,,,,,,,,,,,,,,,,,,,,,,,,,,,,,,,,,,,,,,,,,,,,,,,,,,,,,,,,,,,,,,,,,,,,,,,,,,,,,,,,,,,,,,,,,,,,,,,,,,,,,,,,,,,,,,,,,,,,,,,,,,,,,,,,,,,,,,,,,,,,,,,,,,,,,,,,,,,,,,,,,,,,,,,,,,,,,,,,,,,,,,,,,,,,,,,,,,,,,,,,,,,,,,,,,,,,,,,,,,,,,,,,,,,,,,,,,,,,,,,,,,,,,,,,,,,,,,,,,,,
Enable Stop Loss,1,1,1,int,LOCKED origin-zone stop on,1,1,1,1,1,1,1,1,1,1,1,1,1,1,1,1,1,1,1,1,1,1,1,1,1,1,1,1,1,1,1,1,1,1,1,1,1,1,1,1,1,1,1,1,1,1,1,1,1,1,1,1,1,1,1,1,1,1,1,1,1,1,1,1,1,1,1,1,1,1,1,1,1,1,1,1,1,1,1,1,1,1,1,1,1,1,1,1,1,1,1,1,1,1,1,1,1,1,1,1,1,1,1,1,1,1,1,1,1,1,1,1,1,1,1,1,1,1,1,1,1,1,1,1,1,1,1,1,1,1,1,1,1,1,1,1,1,1,1,1,1,1,1,1,1,1,1,1,1,1,1,1,1,1,1,1,1,1,1,1,1,1,1,1,1,1,1,1,1,1,1,1,1,1,1,1,1,1,1,1,1,1,1,1,1,1,1,1,1,1,1,1,1,1,1,1,1,1,1,1,1,1,1,1,1,1,1,1,1,1,1,1,1,1,1,1,1,1,1,1,1,1,1,1,1,1,1,1,1,1,1,1,1,1,1,1,1,1,1,1,1,1,1,1,1,1,1,1,1,1,1,1,1,1,1,1,1,1,1,1,1,1,1,1,1,1,1,1,1,1,1,1,1,1,1,1,1,1,1,1,1,1,1,1,1,1,1,1,1,1,1,1,1,1,1,1,1,1,1,1,1,1,1,1,1,1,1,1,1,1,1,1,1,1,1
Stop ATR Multiplier,1.0,1.0,1.0,float,Unused (stop from zone edge + pad),1.0,1.0,1.0,1.0,1.0,1.0,1.0,1.0,1.0,1.0,1.0,1.0,1.0,1.0,1.0,1.0,1.0,1.0,1.0,1.0,1.0,1.0,1.0,1.0,1.0,1.0,1.0,1.0,1.0,1.0,1.0,1.0,1.0,1.0,1.0,1.0,1.0,1.0,1.0,1.0,1.0,1.0,1.0,1.0,1.0,1.0,1.0,1.0,1.0,1.0,1.0,1.0,1.0,1.0,1.0,1.0,1.0,1.0,1.0,1.0,1.0,1.0,1.0,1.0,1.0,1.0,1.0,1.0,1.0,1.0,1.0,1.0,1.0,1.0,1.0,1.0,1.0,1.0,1.0,1.0,1.0,1.0,1.0,1.0,1.0,1.0,1.0,1.0,1.0,1.0,1.0,1.0,1.0,1.0,1.0,1.0,1.0,1.0,1.0,1.0,1.0,1.0,1.0,1.0,1.0,1.0,1.0,1.0,1.0,1.0,1.0,1.0,1.0,1.0,1.0,1.0,1.0,1.0,1.0,1.0,1.0,1.0,1.0,1.0,1.0,1.0,1.0,1.0,1.0,1.0,1.0,1.0,1.0,1.0,1.0,1.0,1.0,1.0,1.0,1.0,1.0,1.0,1.0,1.0,1.0,1.0,1.0,1.0,1.0,1.0,1.0,1.0,1.0,1.0,1.0,1.0,1.0,1.0,1.0,1.0,1.0,1.0,1.0,1.0,1.0,1.0,1.0,1.0,1.0,1.0,1.0,1.0,1.0,1.0,1.0,1.0,1.0,1.0,1.0,1.0,1.0,1.0,1.0,1.0,1.0,1.0,1.0,1.0,1.0,1.0,1.0,1.0,1.0,1.0,1.0,1.0,1.0,1.0,1.0,1.0,1.0,1.0,1.0,1.0,1.0,1.0,1.0,1.0,1.0,1.0,1.0,1.0,1.0,1.0,1.0,1.0,1.0,1.0,1.0,1.0,1.0,1.0,1.0,1.0,1.0,1.0,1.0,1.0,1.0,1.0,1.0,1.0,1.0,1.0,1.0,1.0,1.0,1.0,1.0,1.0,1.0,1.0,1.0,1.0,1.0,1.0,1.0,1.0,1.0,1.0,1.0,1.0,1.0,1.0,1.0,1.0,1.0,1.0,1.0,1.0,1.0,1.0,1.0,1.0,1.0,1.0,1.0,1.0,1.0,1.0,1.0,1.0,1.0,1.0,1.0,1.0,1.0,1.0,1.0,1.0,1.0,1.0,1.0,1.0,1.0,1.0,1.0,1.0,1.0,1.0,1.0,1.0,1.0,1.0,1.0,1.0,1.0,1.0,1.0,1.0,1.0,1.0,1.0,1.0,1.0,1.0,1.0,1.0,1.0,1.0,1.0,1.0,1.0,1.0,1.0
Enable Take Profit,0,0,0,int,LOCKED off (opposite-zone exit),0,0,0,0,0,0,0,0,0,0,0,0,0,0,0,0,0,0,0,0,0,0,0,0,0,0,0,0,0,0,0,0,0,0,0,0,0,0,0,0,0,0,0,0,0,0,0,0,0,0,0,0,0,0,0,0,0,0,0,0,0,0,0,0,0,0,0,0,0,0,0,0,0,0,0,0,0,0,0,0,0,0,0,0,0,0,0,0,0,0,0,0,0,0,0,0,0,0,0,0,0,0,0,0,0,0,0,0,0,0,0,0,0,0,0,0,0,0,0,0,0,0,0,0,0,0,0,0,0,0,0,0,0,0,0,0,0,0,0,0,0,0,0,0,0,0,0,0,0,0,0,0,0,0,0,0,0,0,0,0,0,0,0,0,0,0,0,0,0,0,0,0,0,0,0,0,0,0,0,0,0,0,0,0,0,0,0,0,0,0,0,0,0,0,0,0,0,0,0,0,0,0,0,0,0,0,0,0,0,0,0,0,0,0,0,0,0,0,0,0,0,0,0,0,0,0,0,0,0,0,0,0,0,0,0,0,0,0,0,0,0,0,0,0,0,0,0,0,0,0,0,0,0,0,0,0,0,0,0,0,0,0,0,0,0,0,0,0,0,0,0,0,0,0,0,0,0,0,0,0,0,0,0,0,0,0,0,0,0,0,0,0,0,0,0,0,0,0,0,0,0,0,0,0,0,0,0,0,0,0,0,0,0,0,0
Take Profit ATR Multiplier,2.0,2.0,2.0,float,Unused,2.0,2.0,2.0,2.0,2.0,2.0,2.0,2.0,2.0,2.0,2.0,2.0,2.0,2.0,2.0,2.0,2.0,2.0,2.0,2.0,2.0,2.0,2.0,2.0,2.0,2.0,2.0,2.0,2.0,2.0,2.0,2.0,2.0,2.0,2.0,2.0,2.0,2.0,2.0,2.0,2.0,2.0,2.0,2.0,2.0,2.0,2.0,2.0,2.0,2.0,2.0,2.0,2.0,2.0,2.0,2.0,2.0,2.0,2.0,2.0,2.0,2.0,2.0,2.0,2.0,2.0,2.0,2.0,2.0,2.0,2.0,2.0,2.0,2.0,2.0,2.0,2.0,2.0,2.0,2.0,2.0,2.0,2.0,2.0,2.0,2.0,2.0,2.0,2.0,2.0,2.0,2.0,2.0,2.0,2.0,2.0,2.0,2.0,2.0,2.0,2.0,2.0,2.0,2.0,2.0,2.0,2.0,2.0,2.0,2.0,2.0,2.0,2.0,2.0,2.0,2.0,2.0,2.0,2.0,2.0,2.0,2.0,2.0,2.0,2.0,2.0,2.0,2.0,2.0,2.0,2.0,2.0,2.0,2.0,2.0,2.0,2.0,2.0,2.0,2.0,2.0,2.0,2.0,2.0,2.0,2.0,2.0,2.0,2.0,2.0,2.0,2.0,2.0,2.0,2.0,2.0,2.0,2.0,2.0,2.0,2.0,2.0,2.0,2.0,2.0,2.0,2.0,2.0,2.0,2.0,2.0,2.0,2.0,2.0,2.0,2.0,2.0,2.0,2.0,2.0,2.0,2.0,2.0,2.0,2.0,2.0,2.0,2.0,2.0,2.0,2.0,2.0,2.0,2.0,2.0,2.0,2.0,2.0,2.0,2.0,2.0,2.0,2.0,2.0,2.0,2.0,2.0,2.0,2.0,2.0,2.0,2.0,2.0,2.0,2.0,2.0,2.0,2.0,2.0,2.0,2.0,2.0,2.0,2.0,2.0,2.0,2.0,2.0,2.0,2.0,2.0,2.0,2.0,2.0,2.0,2.0,2.0,2.0,2.0,2.0,2.0,2.0,2.0,2.0,2.0,2.0,2.0,2.0,2.0,2.0,2.0,2.0,2.0,2.0,2.0,2.0,2.0,2.0,2.0,2.0,2.0,2.0,2.0,2.0,2.0,2.0,2.0,2.0,2.0,2.0,2.0,2.0,2.0,2.0,2.0,2.0,2.0,2.0,2.0,2.0,2.0,2.0,2.0,2.0,2.0,2.0,2.0,2.0,2.0,2.0,2.0,2.0,2.0,2.0,2.0,2.0,2.0,2.0,2.0,2.0,2.0,2.0,2.0,2.0,2.0,2.0,2.0,2.0,2.0,2.0,2.0,2.0,2.0,2.0,2.0
Enable Trailing Stop,0,0,0,int,LOCKED off (classic ATR trail),0,0,0,0,0,0,0,0,0,0,0,0,0,0,0,0,0,0,0,0,0,0,0,0,0,0,0,0,0,0,0,0,0,0,0,0,0,0,0,0,0,0,0,0,0,0,0,0,0,0,0,0,0,0,0,0,0,0,0,0,0,0,0,0,0,0,0,0,0,0,0,0,0,0,0,0,0,0,0,0,0,0,0,0,0,0,0,0,0,0,0,0,0,0,0,0,0,0,0,0,0,0,0,0,0,0,0,0,0,0,0,0,0,0,0,0,0,0,0,0,0,0,0,0,0,0,0,0,0,0,0,0,0,0,0,0,0,0,0,0,0,0,0,0,0,0,0,0,0,0,0,0,0,0,0,0,0,0,0,0,0,0,0,0,0,0,0,0,0,0,0,0,0,0,0,0,0,0,0,0,0,0,0,0,0,0,0,0,0,0,0,0,0,0,0,0,0,0,0,0,0,0,0,0,0,0,0,0,0,0,0,0,0,0,0,0,0,0,0,0,0,0,0,0,0,0,0,0,0,0,0,0,0,0,0,0,0,0,0,0,0,0,0,0,0,0,0,0,0,0,0,0,0,0,0,0,0,0,0,0,0,0,0,0,0,0,0,0,0,0,0,0,0,0,0,0,0,0,0,0,0,0,0,0,0,0,0,0,0,0,0,0,0,0,0,0,0,0,0,0,0,0,0,0,0,0,0,0,0,0,0,0,0,0,0
Trailing Delay (bars),1,1,1,int,Unused,1,1,1,1,1,1,1,1,1,1,1,1,1,1,1,1,1,1,1,1,1,1,1,1,1,1,1,1,1,1,1,1,1,1,1,1,1,1,1,1,1,1,1,1,1,1,1,1,1,1,1,1,1,1,1,1,1,1,1,1,1,1,1,1,1,1,1,1,1,1,1,1,1,1,1,1,1,1,1,1,1,1,1,1,1,1,1,1,1,1,1,1,1,1,1,1,1,1,1,1,1,1,1,1,1,1,1,1,1,1,1,1,1,1,1,1,1,1,1,1,1,1,1,1,1,1,1,1,1,1,1,1,1,1,1,1,1,1,1,1,1,1,1,1,1,1,1,1,1,1,1,1,1,1,1,1,1,1,1,1,1,1,1,1,1,1,1,1,1,1,1,1,1,1,1,1,1,1,1,1,1,1,1,1,1,1,1,1,1,1,1,1,1,1,1,1,1,1,1,1,1,1,1,1,1,1,1,1,1,1,1,1,1,1,1,1,1,1,1,1,1,1,1,1,1,1,1,1,1,1,1,1,1,1,1,1,1,1,1,1,1,1,1,1,1,1,1,1,1,1,1,1,1,1,1,1,1,1,1,1,1,1,1,1,1,1,1,1,1,1,1,1,1,1,1,1,1,1,1,1,1,1,1,1,1,1,1,1,1,1,1,1,1,1,1,1,1,1,1,1,1,1,1,1,1,1,1,1,1,1,1,1,1,1,1
ATR Multiplier for Trailing Stop,2.0,2.0,2.0,float,Unused,2.0,2.0,2.0,2.0,2.0,2.0,2.0,2.0,2.0,2.0,2.0,2.0,2.0,2.0,2.0,2.0,2.0,2.0,2.0,2.0,2.0,2.0,2.0,2.0,2.0,2.0,2.0,2.0,2.0,2.0,2.0,2.0,2.0,2.0,2.0,2.0,2.0,2.0,2.0,2.0,2.0,2.0,2.0,2.0,2.0,2.0,2.0,2.0,2.0,2.0,2.0,2.0,2.0,2.0,2.0,2.0,2.0,2.0,2.0,2.0,2.0,2.0,2.0,2.0,2.0,2.0,2.0,2.0,2.0,2.0,2.0,2.0,2.0,2.0,2.0,2.0,2.0,2.0,2.0,2.0,2.0,2.0,2.0,2.0,2.0,2.0,2.0,2.0,2.0,2.0,2.0,2.0,2.0,2.0,2.0,2.0,2.0,2.0,2.0,2.0,2.0,2.0,2.0,2.0,2.0,2.0,2.0,2.0,2.0,2.0,2.0,2.0,2.0,2.0,2.0,2.0,2.0,2.0,2.0,2.0,2.0,2.0,2.0,2.0,2.0,2.0,2.0,2.0,2.0,2.0,2.0,2.0,2.0,2.0,2.0,2.0,2.0,2.0,2.0,2.0,2.0,2.0,2.0,2.0,2.0,2.0,2.0,2.0,2.0,2.0,2.0,2.0,2.0,2.0,2.0,2.0,2.0,2.0,2.0,2.0,2.0,2.0,2.0,2.0,2.0,2.0,2.0,2.0,2.0,2.0,2.0,2.0,2.0,2.0,2.0,2.0,2.0,2.0,2.0,2.0,2.0,2.0,2.0,2.0,2.0,2.0,2.0,2.0,2.0,2.0,2.0,2.0,2.0,2.0,2.0,2.0,2.0,2.0,2.0,2.0,2.0,2.0,2.0,2.0,2.0,2.0,2.0,2.0,2.0,2.0,2.0,2.0,2.0,2.0,2.0,2.0,2.0,2.0,2.0,2.0,2.0,2.0,2.0,2.0,2.0,2.0,2.0,2.0,2.0,2.0,2.0,2.0,2.0,2.0,2.0,2.0,2.0,2.0,2.0,2.0,2.0,2.0,2.0,2.0,2.0,2.0,2.0,2.0,2.0,2.0,2.0,2.0,2.0,2.0,2.0,2.0,2.0,2.0,2.0,2.0,2.0,2.0,2.0,2.0,2.0,2.0,2.0,2.0,2.0,2.0,2.0,2.0,2.0,2.0,2.0,2.0,2.0,2.0,2.0,2.0,2.0,2.0,2.0,2.0,2.0,2.0,2.0,2.0,2.0,2.0,2.0,2.0,2.0,2.0,2.0,2.0,2.0,2.0,2.0,2.0,2.0,2.0,2.0,2.0,2.0,2.0,2.0,2.0,2.0,2.0,2.0,2.0,2.0,2.0,2.0
Enable Breakeven Stop,0,0,1,int,After MFE>=trigger ATR move stop to entry+/-pad,0,0,0,0,0,0,0,0,0,0,0,0,0,0,0,0,0,0,0,0,0,0,0,0,0,0,0,0,0,0,0,0,0,0,0,0,0,0,0,0,0,0,0,0,0,0,0,0,0,0,0,0,0,0,0,0,0,0,0,0,0,0,0,0,0,0,0,0,0,0,0,0,0,0,0,0,0,0,1,0,0,0,0,0,0,0,0,0,0,0,0,0,0,0,0,0,0,0,0,0,0,0,0,0,0,0,0,0,0,0,0,0,0,0,0,0,0,0,0,0,0,0,0,0,0,0,0,0,0,0,0,0,0,0,0,0,0,0,0,0,0,0,0,0,0,0,0,0,0,0,0,0,0,0,0,0,0,0,0,0,0,0,0,0,0,0,0,0,0,0,0,0,0,0,0,0,0,0,0,0,0,0,0,0,0,0,0,0,0,0,0,0,0,0,0,0,0,0,0,0,0,0,0,0,0,0,0,0,0,0,0,0,0,0,0,0,0,0,0,0,0,0,0,0,0,0,0,0,0,0,0,0,0,0,0,0,0,0,0,0,0,0,0,0,0,0,0,0,0,0,0,0,0,0,0,0,0,0,0,0,0,0,0,0,0,0,0,0,0,0,0,0,0,0,0,0,0,0,0,0,0,0,0,0,0,0,0,0,0,0,0,0,0,0,0,0,0,0,0,0,0,0,0,0,0,0,0,0,0,0,0,0,0,0,0
Breakeven Trigger (ATR),0.5,0.25,2.0,float,MFE in ATR units before arming breakeven stop,0.6259,0.6129,0.5542,0.5843,0.7995,0.6469,0.4562,0.7047,1.0318,0.6469,0.8428,0.8801,0.4872,0.8801,0.9854,0.8228,0.5396,0.5483,0.6356,0.9732,0.9732,0.8428,0.7358,0.5699,0.571,1.3368,0.3477,1.3368,0.9216,0.9759,0.9732,0.8814,0.9853,0.25,0.25,0.4084,0.8228,0.6279,0.9778,0.5316,0.9732,0.3536,0.9372,0.9996,0.8437,0.616,0.5835,0.6523,0.8627,0.9216,0.7382,1.0982,0.547,0.547,0.7749,0.6234,0.9716,0.9501,1.0457,1.0443,0.571,0.571,0.7469,0.9897,0.9897,0.9353,1.1387,0.6234,0.6456,0.9511,1.0296,1.362,0.9511,1.8127,0.9211,1.5071,0.9511,0.9511,1.7038,0.9616,0.7173,1.0492,1.0119,0.5406,1.0745,0.5633,0.25,0.9996,0.9616,0.6491,0.5485,1.0085,0.8293,0.9511,1.0712,0.8649,0.9009,1.1413,0.7432,0.4536,0.9848,0.6711,0.6711,1.0817,0.6333,1.0032,1.033,0.9526,0.9399,0.9487,1.2061,0.9355,0.9596,0.966,1.0062,0.5633,1.1008,0.917,0.7607,0.949,0.472,0.794,0.966,0.612,0.8364,0.5015,0.5428,0.4827,1.3788,0.9128,0.72,0.6864,0.7628,0.8627,0.8162,0.9611,0.9116,0.8162,0.9543,0.3203,0.6287,1.1624,0.8147,0.9955,0.4877,0.9132,0.6427,1.3563,0.6474,0.8486,0.873,0.9749,0.9955,0.8421,0.7548,0.7637,0.7012,0.4886,0.7473,1.2431,0.6994,0.9339,0.7408,1.0276,0.4205,0.791,0.8577,1.0276,0.5083,0.7842,0.4205,0.3285,1.0264,0.6203,0.539,0.6754,1.1956,1.0927,0.9707,1.0389,0.8365,0.6994,1.083,1.0237,0.4426,0.4426,0.8611,0.7422,0.5173,1.1238,1.0219,1.0605,0.25,0.6994,0.6994,0.8961,0.668,0.6602,0.5992,0.6765,0.9414,0.8961,0.9414,0.8599,1.1238,0.4644,0.7203,0.8812,1.4866,1.1959,1.1418,0.9433,0.777,0.6655,0.25,0.7102,0.7731,0.9086,0.8106,0.8543,1.091,1.3841,0.6005,0.932,0.9071,0.5613,1.1592,1.1731,0.6736,0.7961,1.272,1.1813,0.7586,0.7301,1.1962,0.8824,1.1157,0.9764,1.028,0.7586,1.046,0.9619,1.0353,1.1107,1.1962,0.7516,1.1585,0.9306,0.9323,0.4596,1.0075,0.8167,1.0075,0.9721,0.7637,0.7637,1.3335,1.0541,0.6743,1.2989,1.2989,1.2992,1.3335,1.3335,0.7422,1.1216,1.2992,1.0315,1.2992,1.0123,0.7525,0.25,1.0123,1.3106,1.1107,1.259,0.823,1.3927,0.5503,1.197,0.9638,0.5503,0.8001,0.7445,0.3423,0.5503,1.1037,0.9638,1.271,1.271,0.9835,0.7626,0.8073,1.0032,1.1637,1.3478,1.0278,0.8898,1.272,0.8827,1.2213,1.2642,1.2213,1.58,1.0669,1.1696,1.1073,1.1383,1.4541,1.272,0.6786,0.6786,0.9764,1.2125,0.9892
Breakeven Pad (ATR),0.0,0.0,0.0,float,LOCKED pad beyond entry when BE arms (0=exact entry),0.0,0.0,0.0,0.0,0.0,0.0,0.0,0.0,0.0,0.0,0.0,0.0,0.0,0.0,0.0,0.0,0.0,0.0,0.0,0.0,0.0,0.0,0.0,0.0,0.0,0.0,0.0,0.0,0.0,0.0,0.0,0.0,0.0,0.0,0.0,0.0,0.0,0.0,0.0,0.0,0.0,0.0,0.0,0.0,0.0,0.0,0.0,0.0,0.0,0.0,0.0,0.0,0.0,0.0,0.0,0.0,0.0,0.0,0.0,0.0,0.0,0.0,0.0,0.0,0.0,0.0,0.0,0.0,0.0,0.0,0.0,0.0,0.0,0.0,0.0,0.0,0.0,0.0,0.0,0.0,0.0,0.0,0.0,0.0,0.0,0.0,0.0,0.0,0.0,0.0,0.0,0.0,0.0,0.0,0.0,0.0,0.0,0.0,0.0,0.0,0.0,0.0,0.0,0.0,0.0,0.0,0.0,0.0,0.0,0.0,0.0,0.0,0.0,0.0,0.0,0.0,0.0,0.0,0.0,0.0,0.0,0.0,0.0,0.0,0.0,0.0,0.0,0.0,0.0,0.0,0.0,0.0,0.0,0.0,0.0,0.0,0.0,0.0,0.0,0.0,0.0,0.0,0.0,0.0,0.0,0.0,0.0,0.0,0.0,0.0,0.0,0.0,0.0,0.0,0.0,0.0,0.0,0.0,0.0,0.0,0.0,0.0,0.0,0.0,0.0,0.0,0.0,0.0,0.0,0.0,0.0,0.0,0.0,0.0,0.0,0.0,0.0,0.0,0.0,0.0,0.0,0.0,0.0,0.0,0.0,0.0,0.0,0.0,0.0,0.0,0.0,0.0,0.0,0.0,0.0,0.0,0.0,0.0,0.0,0.0,0.0,0.0,0.0,0.0,0.0,0.0,0.0,0.0,0.0,0.0,0.0,0.0,0.0,0.0,0.0,0.0,0.0,0.0,0.0,0.0,0.0,0.0,0.0,0.0,0.0,0.0,0.0,0.0,0.0,0.0,0.0,0.0,0.0,0.0,0.0,0.0,0.0,0.0,0.0,0.0,0.0,0.0,0.0,0.0,0.0,0.0,0.0,0.0,0.0,0.0,0.0,0.0,0.0,0.0,0.0,0.0,0.0,0.0,0.0,0.0,0.0,0.0,0.0,0.0,0.0,0.0,0.0,0.0,0.0,0.0,0.0,0.0,0.0,0.0,0.0,0.0,0.0,0.0,0.0,0.0,0.0,0.0,0.0,0.0,0.0,0.0,0.0,0.0,0.0,0.0,0.0,0.0,0.0,0.0,0.0,0.0,0.0,0.0,0.0,0.0,0.0,0.0,0.0,0.0,0.0,0.0,0.0,0.0,0.0,0.0,0.0,0.0,0.0,0.0,0.0
=== GA Criteria ===,,,,,,,,,,,,,,,,,,,,,,,,,,,,,,,,,,,,,,,,,,,,,,,,,,,,,,,,,,,,,,,,,,,,,,,,,,,,,,,,,,,,,,,,,,,,,,,,,,,,,,,,,,,,,,,,,,,,,,,,,,,,,,,,,,,,,,,,,,,,,,,,,,,,,,,,,,,,,,,,,,,,,,,,,,,,,,,,,,,,,,,,,,,,,,,,,,,,,,,,,,,,,,,,,,,,,,,,,,,,,,,,,,,,,,,,,,,,,,,,,,,,,,,,,,,,,,,,,,,,,,,,,,,,,,,,,,,,,,,,,,,,,,,,,,,,,,,,,,,,,,,,,,,,,,,,,,,,,,,,
POP_SIZE,150,150,150,int,Short diagnostic pop,150,150,150,150,150,150,150,150,150,150,150,150,150,150,150,150,150,150,150,150,150,150,150,150,150,150,150,150,150,150,150,150,150,150,150,150,150,150,150,150,150,150,150,150,150,150,150,150,150,150,150,150,150,150,150,150,150,150,150,150,150,150,150,150,150,150,150,150,150,150,150,150,150,150,150,150,150,150,150,150,150,150,150,150,150,150,150,150,150,150,150,150,150,150,150,150,150,150,150,150,150,150,150,150,150,150,150,150,150,150,150,150,150,150,150,150,150,150,150,150,150,150,150,150,150,150,150,150,150,150,150,150,150,150,150,150,150,150,150,150,150,150,150,150,150,150,150,150,150,150,150,150,150,150,150,150,150,150,150,150,150,150,150,150,150,150,150,150,150,150,150,150,150,150,150,150,150,150,150,150,150,150,150,150,150,150,150,150,150,150,150,150,150,150,150,150,150,150,150,150,150,150,150,150,150,150,150,150,150,150,150,150,150,150,150,150,150,150,150,150,150,150,150,150,150,150,150,150,150,150,150,150,150,150,150,150,150,150,150,150,150,150,150,150,150,150,150,150,150,150,150,150,150,150,150,150,150,150,150,150,150,150,150,150,150,150,150,150,150,150,150,150,150,150,150,150,150,150,150,150,150,150,150,150,150,150,150,150,150,150,150,150,150,150,150,150,150,150,150,150,150,150,150,150,150,150,150,150,150,150,150,150,150,150,150
NUM_GEN,25,25,25,int,Short diagnostic gens,25,25,25,25,25,25,25,25,25,25,25,25,25,25,25,25,25,25,25,25,25,25,25,25,25,25,25,25,25,25,25,25,25,25,25,25,25,25,25,25,25,25,25,25,25,25,25,25,25,25,25,25,25,25,25,25,25,25,25,25,25,25,25,25,25,25,25,25,25,25,25,25,25,25,25,25,25,25,25,25,25,25,25,25,25,25,25,25,25,25,25,25,25,25,25,25,25,25,25,25,25,25,25,25,25,25,25,25,25,25,25,25,25,25,25,25,25,25,25,25,25,25,25,25,25,25,25,25,25,25,25,25,25,25,25,25,25,25,25,25,25,25,25,25,25,25,25,25,25,25,25,25,25,25,25,25,25,25,25,25,25,25,25,25,25,25,25,25,25,25,25,25,25,25,25,25,25,25,25,25,25,25,25,25,25,25,25,25,25,25,25,25,25,25,25,25,25,25,25,25,25,25,25,25,25,25,25,25,25,25,25,25,25,25,25,25,25,25,25,25,25,25,25,25,25,25,25,25,25,25,25,25,25,25,25,25,25,25,25,25,25,25,25,25,25,25,25,25,25,25,25,25,25,25,25,25,25,25,25,25,25,25,25,25,25,25,25,25,25,25,25,25,25,25,25,25,25,25,25,25,25,25,25,25,25,25,25,25,25,25,25,25,25,25,25,25,25,25,25,25,25,25,25,25,25,25,25,25,25,25,25,25,25,25,25
CX_PB,0.5,0.5,0.5,float,Crossover,0.5,0.5,0.5,0.5,0.5,0.5,0.5,0.5,0.5,0.5,0.5,0.5,0.5,0.5,0.5,0.5,0.5,0.5,0.5,0.5,0.5,0.5,0.5,0.5,0.5,0.5,0.5,0.5,0.5,0.5,0.5,0.5,0.5,0.5,0.5,0.5,0.5,0.5,0.5,0.5,0.5,0.5,0.5,0.5,0.5,0.5,0.5,0.5,0.5,0.5,0.5,0.5,0.5,0.5,0.5,0.5,0.5,0.5,0.5,0.5,0.5,0.5,0.5,0.5,0.5,0.5,0.5,0.5,0.5,0.5,0.5,0.5,0.5,0.5,0.5,0.5,0.5,0.5,0.5,0.5,0.5,0.5,0.5,0.5,0.5,0.5,0.5,0.5,0.5,0.5,0.5,0.5,0.5,0.5,0.5,0.5,0.5,0.5,0.5,0.5,0.5,0.5,0.5,0.5,0.5,0.5,0.5,0.5,0.5,0.5,0.5,0.5,0.5,0.5,0.5,0.5,0.5,0.5,0.5,0.5,0.5,0.5,0.5,0.5,0.5,0.5,0.5,0.5,0.5,0.5,0.5,0.5,0.5,0.5,0.5,0.5,0.5,0.5,0.5,0.5,0.5,0.5,0.5,0.5,0.5,0.5,0.5,0.5,0.5,0.5,0.5,0.5,0.5,0.5,0.5,0.5,0.5,0.5,0.5,0.5,0.5,0.5,0.5,0.5,0.5,0.5,0.5,0.5,0.5,0.5,0.5,0.5,0.5,0.5,0.5,0.5,0.5,0.5,0.5,0.5,0.5,0.5,0.5,0.5,0.5,0.5,0.5,0.5,0.5,0.5,0.5,0.5,0.5,0.5,0.5,0.5,0.5,0.5,0.5,0.5,0.5,0.5,0.5,0.5,0.5,0.5,0.5,0.5,0.5,0.5,0.5,0.5,0.5,0.5,0.5,0.5,0.5,0.5,0.5,0.5,0.5,0.5,0.5,0.5,0.5,0.5,0.5,0.5,0.5,0.5,0.5,0.5,0.5,0.5,0.5,0.5,0.5,0.5,0.5,0.5,0.5,0.5,0.5,0.5,0.5,0.5,0.5,0.5,0.5,0.5,0.5,0.5,0.5,0.5,0.5,0.5,0.5,0.5,0.5,0.5,0.5,0.5,0.5,0.5,0.5,0.5,0.5,0.5,0.5,0.5,0.5,0.5,0.5,0.5,0.5,0.5,0.5,0.5,0.5,0.5,0.5,0.5,0.5,0.5,0.5,0.5,0.5,0.5,0.5,0.5,0.5,0.5,0.5,0.5,0.5,0.5,0.5,0.5,0.5,0.5,0.5,0.5,0.5,0.5,0.5,0.5,0.5,0.5,0.5,0.5,0.5,0.5,0.5,0.5,0.5
MUT_PB,0.4,0.4,0.4,float,Mutation,0.4,0.4,0.4,0.4,0.4,0.4,0.4,0.4,0.4,0.4,0.4,0.4,0.4,0.4,0.4,0.4,0.4,0.4,0.4,0.4,0.4,0.4,0.4,0.4,0.4,0.4,0.4,0.4,0.4,0.4,0.4,0.4,0.4,0.4,0.4,0.4,0.4,0.4,0.4,0.4,0.4,0.4,0.4,0.4,0.4,0.4,0.4,0.4,0.4,0.4,0.4,0.4,0.4,0.4,0.4,0.4,0.4,0.4,0.4,0.4,0.4,0.4,0.4,0.4,0.4,0.4,0.4,0.4,0.4,0.4,0.4,0.4,0.4,0.4,0.4,0.4,0.4,0.4,0.4,0.4,0.4,0.4,0.4,0.4,0.4,0.4,0.4,0.4,0.4,0.4,0.4,0.4,0.4,0.4,0.4,0.4,0.4,0.4,0.4,0.4,0.4,0.4,0.4,0.4,0.4,0.4,0.4,0.4,0.4,0.4,0.4,0.4,0.4,0.4,0.4,0.4,0.4,0.4,0.4,0.4,0.4,0.4,0.4,0.4,0.4,0.4,0.4,0.4,0.4,0.4,0.4,0.4,0.4,0.4,0.4,0.4,0.4,0.4,0.4,0.4,0.4,0.4,0.4,0.4,0.4,0.4,0.4,0.4,0.4,0.4,0.4,0.4,0.4,0.4,0.4,0.4,0.4,0.4,0.4,0.4,0.4,0.4,0.4,0.4,0.4,0.4,0.4,0.4,0.4,0.4,0.4,0.4,0.4,0.4,0.4,0.4,0.4,0.4,0.4,0.4,0.4,0.4,0.4,0.4,0.4,0.4,0.4,0.4,0.4,0.4,0.4,0.4,0.4,0.4,0.4,0.4,0.4,0.4,0.4,0.4,0.4,0.4,0.4,0.4,0.4,0.4,0.4,0.4,0.4,0.4,0.4,0.4,0.4,0.4,0.4,0.4,0.4,0.4,0.4,0.4,0.4,0.4,0.4,0.4,0.4,0.4,0.4,0.4,0.4,0.4,0.4,0.4,0.4,0.4,0.4,0.4,0.4,0.4,0.4,0.4,0.4,0.4,0.4,0.4,0.4,0.4,0.4,0.4,0.4,0.4,0.4,0.4,0.4,0.4,0.4,0.4,0.4,0.4,0.4,0.4,0.4,0.4,0.4,0.4,0.4,0.4,0.4,0.4,0.4,0.4,0.4,0.4,0.4,0.4,0.4,0.4,0.4,0.4,0.4,0.4,0.4,0.4,0.4,0.4,0.4,0.4,0.4,0.4,0.4,0.4,0.4,0.4,0.4,0.4,0.4,0.4,0.4,0.4,0.4,0.4,0.4,0.4,0.4,0.4,0.4,0.4,0.4,0.4,0.4,0.4,0.4,0.4,0.4,0.4,0.4
MUT_MU,0,0,0,float,Mutation mean,0.0,0.0,0.0,0.0,0.0,0.0,0.0,0.0,0.0,0.0,0.0,0.0,0.0,0.0,0.0,0.0,0.0,0.0,0.0,0.0,0.0,0.0,0.0,0.0,0.0,0.0,0.0,0.0,0.0,0.0,0.0,0.0,0.0,0.0,0.0,0.0,0.0,0.0,0.0,0.0,0.0,0.0,0.0,0.0,0.0,0.0,0.0,0.0,0.0,0.0,0.0,0.0,0.0,0.0,0.0,0.0,0.0,0.0,0.0,0.0,0.0,0.0,0.0,0.0,0.0,0.0,0.0,0.0,0.0,0.0,0.0,0.0,0.0,0.0,0.0,0.0,0.0,0.0,0.0,0.0,0.0,0.0,0.0,0.0,0.0,0.0,0.0,0.0,0.0,0.0,0.0,0.0,0.0,0.0,0.0,0.0,0.0,0.0,0.0,0.0,0.0,0.0,0.0,0.0,0.0,0.0,0.0,0.0,0.0,0.0,0.0,0.0,0.0,0.0,0.0,0.0,0.0,0.0,0.0,0.0,0.0,0.0,0.0,0.0,0.0,0.0,0.0,0.0,0.0,0.0,0.0,0.0,0.0,0.0,0.0,0.0,0.0,0.0,0.0,0.0,0.0,0.0,0.0,0.0,0.0,0.0,0.0,0.0,0.0,0.0,0.0,0.0,0.0,0.0,0.0,0.0,0.0,0.0,0.0,0.0,0.0,0.0,0.0,0.0,0.0,0.0,0.0,0.0,0.0,0.0,0.0,0.0,0.0,0.0,0.0,0.0,0.0,0.0,0.0,0.0,0.0,0.0,0.0,0.0,0.0,0.0,0.0,0.0,0.0,0.0,0.0,0.0,0.0,0.0,0.0,0.0,0.0,0.0,0.0,0.0,0.0,0.0,0.0,0.0,0.0,0.0,0.0,0.0,0.0,0.0,0.0,0.0,0.0,0.0,0.0,0.0,0.0,0.0,0.0,0.0,0.0,0.0,0.0,0.0,0.0,0.0,0.0,0.0,0.0,0.0,0.0,0.0,0.0,0.0,0.0,0.0,0.0,0.0,0.0,0.0,0.0,0.0,0.0,0.0,0.0,0.0,0.0,0.0,0.0,0.0,0.0,0.0,0.0,0.0,0.0,0.0,0.0,0.0,0.0,0.0,0.0,0.0,0.0,0.0,0.0,0.0,0.0,0.0,0.0,0.0,0.0,0.0,0.0,0.0,0.0,0.0,0.0,0.0,0.0,0.0,0.0,0.0,0.0,0.0,0.0,0.0,0.0,0.0,0.0,0.0,0.0,0.0,0.0,0.0,0.0,0.0,0.0,0.0,0.0,0.0,0.0,0.0,0.0,0.0,0.0,0.0,0.0,0.0,0.0,0.0,0.0,0.0,0.0,0.0,0.0
MUT_SIGMA,0.3,0.3,0.3,float,Mutation sigma,0.3,0.3,0.3,0.3,0.3,0.3,0.3,0.3,0.3,0.3,0.3,0.3,0.3,0.3,0.3,0.3,0.3,0.3,0.3,0.3,0.3,0.3,0.3,0.3,0.3,0.3,0.3,0.3,0.3,0.3,0.3,0.3,0.3,0.3,0.3,0.3,0.3,0.3,0.3,0.3,0.3,0.3,0.3,0.3,0.3,0.3,0.3,0.3,0.3,0.3,0.3,0.3,0.3,0.3,0.3,0.3,0.3,0.3,0.3,0.3,0.3,0.3,0.3,0.3,0.3,0.3,0.3,0.3,0.3,0.3,0.3,0.3,0.3,0.3,0.3,0.3,0.3,0.3,0.3,0.3,0.3,0.3,0.3,0.3,0.3,0.3,0.3,0.3,0.3,0.3,0.3,0.3,0.3,0.3,0.3,0.3,0.3,0.3,0.3,0.3,0.3,0.3,0.3,0.3,0.3,0.3,0.3,0.3,0.3,0.3,0.3,0.3,0.3,0.3,0.3,0.3,0.3,0.3,0.3,0.3,0.3,0.3,0.3,0.3,0.3,0.3,0.3,0.3,0.3,0.3,0.3,0.3,0.3,0.3,0.3,0.3,0.3,0.3,0.3,0.3,0.3,0.3,0.3,0.3,0.3,0.3,0.3,0.3,0.3,0.3,0.3,0.3,0.3,0.3,0.3,0.3,0.3,0.3,0.3,0.3,0.3,0.3,0.3,0.3,0.3,0.3,0.3,0.3,0.3,0.3,0.3,0.3,0.3,0.3,0.3,0.3,0.3,0.3,0.3,0.3,0.3,0.3,0.3,0.3,0.3,0.3,0.3,0.3,0.3,0.3,0.3,0.3,0.3,0.3,0.3,0.3,0.3,0.3,0.3,0.3,0.3,0.3,0.3,0.3,0.3,0.3,0.3,0.3,0.3,0.3,0.3,0.3,0.3,0.3,0.3,0.3,0.3,0.3,0.3,0.3,0.3,0.3,0.3,0.3,0.3,0.3,0.3,0.3,0.3,0.3,0.3,0.3,0.3,0.3,0.3,0.3,0.3,0.3,0.3,0.3,0.3,0.3,0.3,0.3,0.3,0.3,0.3,0.3,0.3,0.3,0.3,0.3,0.3,0.3,0.3,0.3,0.3,0.3,0.3,0.3,0.3,0.3,0.3,0.3,0.3,0.3,0.3,0.3,0.3,0.3,0.3,0.3,0.3,0.3,0.3,0.3,0.3,0.3,0.3,0.3,0.3,0.3,0.3,0.3,0.3,0.3,0.3,0.3,0.3,0.3,0.3,0.3,0.3,0.3,0.3,0.3,0.3,0.3,0.3,0.3,0.3,0.3,0.3,0.3,0.3,0.3,0.3,0.3,0.3,0.3,0.3,0.3,0.3,0.3,0.3
TARGET_TRADES_DAY,1.5,1.5,1.5,float,Activity target,1.5,1.5,1.5,1.5,1.5,1.5,1.5,1.5,1.5,1.5,1.5,1.5,1.5,1.5,1.5,1.5,1.5,1.5,1.5,1.5,1.5,1.5,1.5,1.5,1.5,1.5,1.5,1.5,1.5,1.5,1.5,1.5,1.5,1.5,1.5,1.5,1.5,1.5,1.5,1.5,1.5,1.5,1.5,1.5,1.5,1.5,1.5,1.5,1.5,1.5,1.5,1.5,1.5,1.5,1.5,1.5,1.5,1.5,1.5,1.5,1.5,1.5,1.5,1.5,1.5,1.5,1.5,1.5,1.5,1.5,1.5,1.5,1.5,1.5,1.5,1.5,1.5,1.5,1.5,1.5,1.5,1.5,1.5,1.5,1.5,1.5,1.5,1.5,1.5,1.5,1.5,1.5,1.5,1.5,1.5,1.5,1.5,1.5,1.5,1.5,1.5,1.5,1.5,1.5,1.5,1.5,1.5,1.5,1.5,1.5,1.5,1.5,1.5,1.5,1.5,1.5,1.5,1.5,1.5,1.5,1.5,1.5,1.5,1.5,1.5,1.5,1.5,1.5,1.5,1.5,1.5,1.5,1.5,1.5,1.5,1.5,1.5,1.5,1.5,1.5,1.5,1.5,1.5,1.5,1.5,1.5,1.5,1.5,1.5,1.5,1.5,1.5,1.5,1.5,1.5,1.5,1.5,1.5,1.5,1.5,1.5,1.5,1.5,1.5,1.5,1.5,1.5,1.5,1.5,1.5,1.5,1.5,1.5,1.5,1.5,1.5,1.5,1.5,1.5,1.5,1.5,1.5,1.5,1.5,1.5,1.5,1.5,1.5,1.5,1.5,1.5,1.5,1.5,1.5,1.5,1.5,1.5,1.5,1.5,1.5,1.5,1.5,1.5,1.5,1.5,1.5,1.5,1.5,1.5,1.5,1.5,1.5,1.5,1.5,1.5,1.5,1.5,1.5,1.5,1.5,1.5,1.5,1.5,1.5,1.5,1.5,1.5,1.5,1.5,1.5,1.5,1.5,1.5,1.5,1.5,1.5,1.5,1.5,1.5,1.5,1.5,1.5,1.5,1.5,1.5,1.5,1.5,1.5,1.5,1.5,1.5,1.5,1.5,1.5,1.5,1.5,1.5,1.5,1.5,1.5,1.5,1.5,1.5,1.5,1.5,1.5,1.5,1.5,1.5,1.5,1.5,1.5,1.5,1.5,1.5,1.5,1.5,1.5,1.5,1.5,1.5,1.5,1.5,1.5,1.5,1.5,1.5,1.5,1.5,1.5,1.5,1.5,1.5,1.5,1.5,1.5,1.5,1.5,1.5,1.5,1.5,1.5,1.5,1.5,1.5,1.5,1.5,1.5,1.5,1.5,1.5,1.5,1.5,1.5,1.5
TRADES_PENALTY_WEIGHT,0.25,0.25,0.25,float,Excess trade penalty,0.25,0.25,0.25,0.25,0.25,0.25,0.25,0.25,0.25,0.25,0.25,0.25,0.25,0.25,0.25,0.25,0.25,0.25,0.25,0.25,0.25,0.25,0.25,0.25,0.25,0.25,0.25,0.25,0.25,0.25,0.25,0.25,0.25,0.25,0.25,0.25,0.25,0.25,0.25,0.25,0.25,0.25,0.25,0.25,0.25,0.25,0.25,0.25,0.25,0.25,0.25,0.25,0.25,0.25,0.25,0.25,0.25,0.25,0.25,0.25,0.25,0.25,0.25,0.25,0.25,0.25,0.25,0.25,0.25,0.25,0.25,0.25,0.25,0.25,0.25,0.25,0.25,0.25,0.25,0.25,0.25,0.25,0.25,0.25,0.25,0.25,0.25,0.25,0.25,0.25,0.25,0.25,0.25,0.25,0.25,0.25,0.25,0.25,0.25,0.25,0.25,0.25,0.25,0.25,0.25,0.25,0.25,0.25,0.25,0.25,0.25,0.25,0.25,0.25,0.25,0.25,0.25,0.25,0.25,0.25,0.25,0.25,0.25,0.25,0.25,0.25,0.25,0.25,0.25,0.25,0.25,0.25,0.25,0.25,0.25,0.25,0.25,0.25,0.25,0.25,0.25,0.25,0.25,0.25,0.25,0.25,0.25,0.25,0.25,0.25,0.25,0.25,0.25,0.25,0.25,0.25,0.25,0.25,0.25,0.25,0.25,0.25,0.25,0.25,0.25,0.25,0.25,0.25,0.25,0.25,0.25,0.25,0.25,0.25,0.25,0.25,0.25,0.25,0.25,0.25,0.25,0.25,0.25,0.25,0.25,0.25,0.25,0.25,0.25,0.25,0.25,0.25,0.25,0.25,0.25,0.25,0.25,0.25,0.25,0.25,0.25,0.25,0.25,0.25,0.25,0.25,0.25,0.25,0.25,0.25,0.25,0.25,0.25,0.25,0.25,0.25,0.25,0.25,0.25,0.25,0.25,0.25,0.25,0.25,0.25,0.25,0.25,0.25,0.25,0.25,0.25,0.25,0.25,0.25,0.25,0.25,0.25,0.25,0.25,0.25,0.25,0.25,0.25,0.25,0.25,0.25,0.25,0.25,0.25,0.25,0.25,0.25,0.25,0.25,0.25,0.25,0.25,0.25,0.25,0.25,0.25,0.25,0.25,0.25,0.25,0.25,0.25,0.25,0.25,0.25,0.25,0.25,0.25,0.25,0.25,0.25,0.25,0.25,0.25,0.25,0.25,0.25,0.25,0.25,0.25,0.25,0.25,0.25,0.25,0.25,0.25,0.25,0.25,0.25,0.25,0.25,0.25,0.25,0.25,0.25,0.25,0.25,0.25,0.25,0.25,0.25,0.25,0.25,0.25,0.25,0.25,0.25,0.25,0.25,0.25
DD_WEIGHT,0.5,0.5,0.5,float,Drawdown weight,0.5,0.5,0.5,0.5,0.5,0.5,0.5,0.5,0.5,0.5,0.5,0.5,0.5,0.5,0.5,0.5,0.5,0.5,0.5,0.5,0.5,0.5,0.5,0.5,0.5,0.5,0.5,0.5,0.5,0.5,0.5,0.5,0.5,0.5,0.5,0.5,0.5,0.5,0.5,0.5,0.5,0.5,0.5,0.5,0.5,0.5,0.5,0.5,0.5,0.5,0.5,0.5,0.5,0.5,0.5,0.5,0.5,0.5,0.5,0.5,0.5,0.5,0.5,0.5,0.5,0.5,0.5,0.5,0.5,0.5,0.5,0.5,0.5,0.5,0.5,0.5,0.5,0.5,0.5,0.5,0.5,0.5,0.5,0.5,0.5,0.5,0.5,0.5,0.5,0.5,0.5,0.5,0.5,0.5,0.5,0.5,0.5,0.5,0.5,0.5,0.5,0.5,0.5,0.5,0.5,0.5,0.5,0.5,0.5,0.5,0.5,0.5,0.5,0.5,0.5,0.5,0.5,0.5,0.5,0.5,0.5,0.5,0.5,0.5,0.5,0.5,0.5,0.5,0.5,0.5,0.5,0.5,0.5,0.5,0.5,0.5,0.5,0.5,0.5,0.5,0.5,0.5,0.5,0.5,0.5,0.5,0.5,0.5,0.5,0.5,0.5,0.5,0.5,0.5,0.5,0.5,0.5,0.5,0.5,0.5,0.5,0.5,0.5,0.5,0.5,0.5,0.5,0.5,0.5,0.5,0.5,0.5,0.5,0.5,0.5,0.5,0.5,0.5,0.5,0.5,0.5,0.5,0.5,0.5,0.5,0.5,0.5,0.5,0.5,0.5,0.5,0.5,0.5,0.5,0.5,0.5,0.5,0.5,0.5,0.5,0.5,0.5,0.5,0.5,0.5,0.5,0.5,0.5,0.5,0.5,0.5,0.5,0.5,0.5,0.5,0.5,0.5,0.5,0.5,0.5,0.5,0.5,0.5,0.5,0.5,0.5,0.5,0.5,0.5,0.5,0.5,0.5,0.5,0.5,0.5,0.5,0.5,0.5,0.5,0.5,0.5,0.5,0.5,0.5,0.5,0.5,0.5,0.5,0.5,0.5,0.5,0.5,0.5,0.5,0.5,0.5,0.5,0.5,0.5,0.5,0.5,0.5,0.5,0.5,0.5,0.5,0.5,0.5,0.5,0.5,0.5,0.5,0.5,0.5,0.5,0.5,0.5,0.5,0.5,0.5,0.5,0.5,0.5,0.5,0.5,0.5,0.5,0.5,0.5,0.5,0.5,0.5,0.5,0.5,0.5,0.5,0.5,0.5,0.5,0.5,0.5,0.5,0.5,0.5,0.5,0.5,0.5,0.5,0.5,0.5,0.5,0.5,0.5,0.5,0.5
DATA_SPLITS,0.65,0.65,0.65,float,IS fraction,0.65,0.65,0.65,0.65,0.65,0.65,0.65,0.65,0.65,0.65,0.65,0.65,0.65,0.65,0.65,0.65,0.65,0.65,0.65,0.65,0.65,0.65,0.65,0.65,0.65,0.65,0.65,0.65,0.65,0.65,0.65,0.65,0.65,0.65,0.65,0.65,0.65,0.65,0.65,0.65,0.65,0.65,0.65,0.65,0.65,0.65,0.65,0.65,0.65,0.65,0.65,0.65,0.65,0.65,0.65,0.65,0.65,0.65,0.65,0.65,0.65,0.65,0.65,0.65,0.65,0.65,0.65,0.65,0.65,0.65,0.65,0.65,0.65,0.65,0.65,0.65,0.65,0.65,0.65,0.65,0.65,0.65,0.65,0.65,0.65,0.65,0.65,0.65,0.65,0.65,0.65,0.65,0.65,0.65,0.65,0.65,0.65,0.65,0.65,0.65,0.65,0.65,0.65,0.65,0.65,0.65,0.65,0.65,0.65,0.65,0.65,0.65,0.65,0.65,0.65,0.65,0.65,0.65,0.65,0.65,0.65,0.65,0.65,0.65,0.65,0.65,0.65,0.65,0.65,0.65,0.65,0.65,0.65,0.65,0.65,0.65,0.65,0.65,0.65,0.65,0.65,0.65,0.65,0.65,0.65,0.65,0.65,0.65,0.65,0.65,0.65,0.65,0.65,0.65,0.65,0.65,0.65,0.65,0.65,0.65,0.65,0.65,0.65,0.65,0.65,0.65,0.65,0.65,0.65,0.65,0.65,0.65,0.65,0.65,0.65,0.65,0.65,0.65,0.65,0.65,0.65,0.65,0.65,0.65,0.65,0.65,0.65,0.65,0.65,0.65,0.65,0.65,0.65,0.65,0.65,0.65,0.65,0.65,0.65,0.65,0.65,0.65,0.65,0.65,0.65,0.65,0.65,0.65,0.65,0.65,0.65,0.65,0.65,0.65,0.65,0.65,0.65,0.65,0.65,0.65,0.65,0.65,0.65,0.65,0.65,0.65,0.65,0.65,0.65,0.65,0.65,0.65,0.65,0.65,0.65,0.65,0.65,0.65,0.65,0.65,0.65,0.65,0.65,0.65,0.65,0.65,0.65,0.65,0.65,0.65,0.65,0.65,0.65,0.65,0.65,0.65,0.65,0.65,0.65,0.65,0.65,0.65,0.65,0.65,0.65,0.65,0.65,0.65,0.65,0.65,0.65,0.65,0.65,0.65,0.65,0.65,0.65,0.65,0.65,0.65,0.65,0.65,0.65,0.65,0.65,0.65,0.65,0.65,0.65,0.65,0.65,0.65,0.65,0.65,0.65,0.65,0.65,0.65,0.65,0.65,0.65,0.65,0.65,0.65,0.65,0.65,0.65,0.65,0.65,0.65,0.65,0.65,0.65,0.65,0.65
DATA_SIZE,0,0,0,int,0 = full history,0,0,0,0,0,0,0,0,0,0,0,0,0,0,0,0,0,0,0,0,0,0,0,0,0,0,0,0,0,0,0,0,0,0,0,0,0,0,0,0,0,0,0,0,0,0,0,0,0,0,0,0,0,0,0,0,0,0,0,0,0,0,0,0,0,0,0,0,0,0,0,0,0,0,0,0,0,0,0,0,0,0,0,0,0,0,0,0,0,0,0,0,0,0,0,0,0,0,0,0,0,0,0,0,0,0,0,0,0,0,0,0,0,0,0,0,0,0,0,0,0,0,0,0,0,0,0,0,0,0,0,0,0,0,0,0,0,0,0,0,0,0,0,0,0,0,0,0,0,0,0,0,0,0,0,0,0,0,0,0,0,0,0,0,0,0,0,0,0,0,0,0,0,0,0,0,0,0,0,0,0,0,0,0,0,0,0,0,0,0,0,0,0,0,0,0,0,0,0,0,0,0,0,0,0,0,0,0,0,0,0,0,0,0,0,0,0,0,0,0,0,0,0,0,0,0,0,0,0,0,0,0,0,0,0,0,0,0,0,0,0,0,0,0,0,0,0,0,0,0,0,0,0,0,0,0,0,0,0,0,0,0,0,0,0,0,0,0,0,0,0,0,0,0,0,0,0,0,0,0,0,0,0,0,0,0,0,0,0,0,0,0,0,0,0,0,0,0,0,0,0,0,0,0,0,0,0,0,0,0,0,0,0,0,0
USE_INTERLEAVED_SPLIT,TRUE,TRUE,TRUE,bool,Interleaved IS/OOS,True,True,True,True,True,True,True,True,True,True,True,True,True,True,True,True,True,True,True,True,True,True,True,True,True,True,True,True,True,True,True,True,True,True,True,True,True,True,True,True,True,True,True,True,True,True,True,True,True,True,True,True,True,True,True,True,True,True,True,True,True,True,True,True,True,True,True,True,True,True,True,True,True,True,True,True,True,True,True,True,True,True,True,True,True,True,True,True,True,True,True,True,True,True,True,True,True,True,True,True,True,True,True,True,True,True,True,True,True,True,True,True,True,True,True,True,True,True,True,True,True,True,True,True,True,True,True,True,True,True,True,True,True,True,True,True,True,True,True,True,True,True,True,True,True,True,True,True,True,True,True,True,True,True,True,True,True,True,True,True,True,True,True,True,True,True,True,True,True,True,True,True,True,True,True,True,True,True,True,True,True,True,True,True,True,True,True,True,True,True,True,True,True,True,True,True,True,True,True,True,True,True,True,True,True,True,True,True,True,True,True,True,True,True,True,True,True,True,True,True,True,True,True,True,True,True,True,True,True,True,True,True,True,True,True,True,True,True,True,True,True,True,True,True,True,True,True,True,True,True,True,True,True,True,True,True,True,True,True,True,True,True,True,True,True,True,True,True,True,True,True,True,True,True,True,True,True,True,True,True,True,True,True,True,True,True,True,True,True,True,True,True,True,True,True,True,True,True,True,True,True,True,True,True,True,True,True,True,True,True,True,True,True,True,True
NUM_SPLIT_PERIODS,11,11,11,int,OOS slices,11,11,11,11,11,11,11,11,11,11,11,11,11,11,11,11,11,11,11,11,11,11,11,11,11,11,11,11,11,11,11,11,11,11,11,11,11,11,11,11,11,11,11,11,11,11,11,11,11,11,11,11,11,11,11,11,11,11,11,11,11,11,11,11,11,11,11,11,11,11,11,11,11,11,11,11,11,11,11,11,11,11,11,11,11,11,11,11,11,11,11,11,11,11,11,11,11,11,11,11,11,11,11,11,11,11,11,11,11,11,11,11,11,11,11,11,11,11,11,11,11,11,11,11,11,11,11,11,11,11,11,11,11,11,11,11,11,11,11,11,11,11,11,11,11,11,11,11,11,11,11,11,11,11,11,11,11,11,11,11,11,11,11,11,11,11,11,11,11,11,11,11,11,11,11,11,11,11,11,11,11,11,11,11,11,11,11,11,11,11,11,11,11,11,11,11,11,11,11,11,11,11,11,11,11,11,11,11,11,11,11,11,11,11,11,11,11,11,11,11,11,11,11,11,11,11,11,11,11,11,11,11,11,11,11,11,11,11,11,11,11,11,11,11,11,11,11,11,11,11,11,11,11,11,11,11,11,11,11,11,11,11,11,11,11,11,11,11,11,11,11,11,11,11,11,11,11,11,11,11,11,11,11,11,11,11,11,11,11,11,11,11,11,11,11,11,11,11,11,11,11,11,11,11,11,11,11,11,11,11,11,11,11,11,11
MIN_TRADES_DAY,0.3,0.3,0.3,float,Activity floor,0.3,0.3,0.3,0.3,0.3,0.3,0.3,0.3,0.3,0.3,0.3,0.3,0.3,0.3,0.3,0.3,0.3,0.3,0.3,0.3,0.3,0.3,0.3,0.3,0.3,0.3,0.3,0.3,0.3,0.3,0.3,0.3,0.3,0.3,0.3,0.3,0.3,0.3,0.3,0.3,0.3,0.3,0.3,0.3,0.3,0.3,0.3,0.3,0.3,0.3,0.3,0.3,0.3,0.3,0.3,0.3,0.3,0.3,0.3,0.3,0.3,0.3,0.3,0.3,0.3,0.3,0.3,0.3,0.3,0.3,0.3,0.3,0.3,0.3,0.3,0.3,0.3,0.3,0.3,0.3,0.3,0.3,0.3,0.3,0.3,0.3,0.3,0.3,0.3,0.3,0.3,0.3,0.3,0.3,0.3,0.3,0.3,0.3,0.3,0.3,0.3,0.3,0.3,0.3,0.3,0.3,0.3,0.3,0.3,0.3,0.3,0.3,0.3,0.3,0.3,0.3,0.3,0.3,0.3,0.3,0.3,0.3,0.3,0.3,0.3,0.3,0.3,0.3,0.3,0.3,0.3,0.3,0.3,0.3,0.3,0.3,0.3,0.3,0.3,0.3,0.3,0.3,0.3,0.3,0.3,0.3,0.3,0.3,0.3,0.3,0.3,0.3,0.3,0.3,0.3,0.3,0.3,0.3,0.3,0.3,0.3,0.3,0.3,0.3,0.3,0.3,0.3,0.3,0.3,0.3,0.3,0.3,0.3,0.3,0.3,0.3,0.3,0.3,0.3,0.3,0.3,0.3,0.3,0.3,0.3,0.3,0.3,0.3,0.3,0.3,0.3,0.3,0.3,0.3,0.3,0.3,0.3,0.3,0.3,0.3,0.3,0.3,0.3,0.3,0.3,0.3,0.3,0.3,0.3,0.3,0.3,0.3,0.3,0.3,0.3,0.3,0.3,0.3,0.3,0.3,0.3,0.3,0.3,0.3,0.3,0.3,0.3,0.3,0.3,0.3,0.3,0.3,0.3,0.3,0.3,0.3,0.3,0.3,0.3,0.3,0.3,0.3,0.3,0.3,0.3,0.3,0.3,0.3,0.3,0.3,0.3,0.3,0.3,0.3,0.3,0.3,0.3,0.3,0.3,0.3,0.3,0.3,0.3,0.3,0.3,0.3,0.3,0.3,0.3,0.3,0.3,0.3,0.3,0.3,0.3,0.3,0.3,0.3,0.3,0.3,0.3,0.3,0.3,0.3,0.3,0.3,0.3,0.3,0.3,0.3,0.3,0.3,0.3,0.3,0.3,0.3,0.3,0.3,0.3,0.3,0.3,0.3,0.3,0.3,0.3,0.3,0.3,0.3,0.3,0.3,0.3,0.3,0.3,0.3,0.3
MIN_PROFIT_PER_TRADE,15,15,15,float,Min profit/trade norm,15.0,15.0,15.0,15.0,15.0,15.0,15.0,15.0,15.0,15.0,15.0,15.0,15.0,15.0,15.0,15.0,15.0,15.0,15.0,15.0,15.0,15.0,15.0,15.0,15.0,15.0,15.0,15.0,15.0,15.0,15.0,15.0,15.0,15.0,15.0,15.0,15.0,15.0,15.0,15.0,15.0,15.0,15.0,15.0,15.0,15.0,15.0,15.0,15.0,15.0,15.0,15.0,15.0,15.0,15.0,15.0,15.0,15.0,15.0,15.0,15.0,15.0,15.0,15.0,15.0,15.0,15.0,15.0,15.0,15.0,15.0,15.0,15.0,15.0,15.0,15.0,15.0,15.0,15.0,15.0,15.0,15.0,15.0,15.0,15.0,15.0,15.0,15.0,15.0,15.0,15.0,15.0,15.0,15.0,15.0,15.0,15.0,15.0,15.0,15.0,15.0,15.0,15.0,15.0,15.0,15.0,15.0,15.0,15.0,15.0,15.0,15.0,15.0,15.0,15.0,15.0,15.0,15.0,15.0,15.0,15.0,15.0,15.0,15.0,15.0,15.0,15.0,15.0,15.0,15.0,15.0,15.0,15.0,15.0,15.0,15.0,15.0,15.0,15.0,15.0,15.0,15.0,15.0,15.0,15.0,15.0,15.0,15.0,15.0,15.0,15.0,15.0,15.0,15.0,15.0,15.0,15.0,15.0,15.0,15.0,15.0,15.0,15.0,15.0,15.0,15.0,15.0,15.0,15.0,15.0,15.0,15.0,15.0,15.0,15.0,15.0,15.0,15.0,15.0,15.0,15.0,15.0,15.0,15.0,15.0,15.0,15.0,15.0,15.0,15.0,15.0,15.0,15.0,15.0,15.0,15.0,15.0,15.0,15.0,15.0,15.0,15.0,15.0,15.0,15.0,15.0,15.0,15.0,15.0,15.0,15.0,15.0,15.0,15.0,15.0,15.0,15.0,15.0,15.0,15.0,15.0,15.0,15.0,15.0,15.0,15.0,15.0,15.0,15.0,15.0,15.0,15.0,15.0,15.0,15.0,15.0,15.0,15.0,15.0,15.0,15.0,15.0,15.0,15.0,15.0,15.0,15.0,15.0,15.0,15.0,15.0,15.0,15.0,15.0,15.0,15.0,15.0,15.0,15.0,15.0,15.0,15.0,15.0,15.0,15.0,15.0,15.0,15.0,15.0,15.0,15.0,15.0,15.0,15.0,15.0,15.0,15.0,15.0,15.0,15.0,15.0,15.0,15.0,15.0,15.0,15.0,15.0,15.0,15.0,15.0,15.0,15.0,15.0,15.0,15.0,15.0,15.0,15.0,15.0,15.0,15.0,15.0,15.0,15.0,15.0,15.0,15.0,15.0,15.0,15.0,15.0,15.0,15.0,15.0,15.0
MIN_TRADES_PEN_WEIGHT,-120,-120,-120,float,Low-trade penalty,-120.0,-120.0,-120.0,-120.0,-120.0,-120.0,-120.0,-120.0,-120.0,-120.0,-120.0,-120.0,-120.0,-120.0,-120.0,-120.0,-120.0,-120.0,-120.0,-120.0,-120.0,-120.0,-120.0,-120.0,-120.0,-120.0,-120.0,-120.0,-120.0,-120.0,-120.0,-120.0,-120.0,-120.0,-120.0,-120.0,-120.0,-120.0,-120.0,-120.0,-120.0,-120.0,-120.0,-120.0,-120.0,-120.0,-120.0,-120.0,-120.0,-120.0,-120.0,-120.0,-120.0,-120.0,-120.0,-120.0,-120.0,-120.0,-120.0,-120.0,-120.0,-120.0,-120.0,-120.0,-120.0,-120.0,-120.0,-120.0,-120.0,-120.0,-120.0,-120.0,-120.0,-120.0,-120.0,-120.0,-120.0,-120.0,-120.0,-120.0,-120.0,-120.0,-120.0,-120.0,-120.0,-120.0,-120.0,-120.0,-120.0,-120.0,-120.0,-120.0,-120.0,-120.0,-120.0,-120.0,-120.0,-120.0,-120.0,-120.0,-120.0,-120.0,-120.0,-120.0,-120.0,-120.0,-120.0,-120.0,-120.0,-120.0,-120.0,-120.0,-120.0,-120.0,-120.0,-120.0,-120.0,-120.0,-120.0,-120.0,-120.0,-120.0,-120.0,-120.0,-120.0,-120.0,-120.0,-120.0,-120.0,-120.0,-120.0,-120.0,-120.0,-120.0,-120.0,-120.0,-120.0,-120.0,-120.0,-120.0,-120.0,-120.0,-120.0,-120.0,-120.0,-120.0,-120.0,-120.0,-120.0,-120.0,-120.0,-120.0,-120.0,-120.0,-120.0,-120.0,-120.0,-120.0,-120.0,-120.0,-120.0,-120.0,-120.0,-120.0,-120.0,-120.0,-120.0,-120.0,-120.0,-120.0,-120.0,-120.0,-120.0,-120.0,-120.0,-120.0,-120.0,-120.0,-120.0,-120.0,-120.0,-120.0,-120.0,-120.0,-120.0,-120.0,-120.0,-120.0,-120.0,-120.0,-120.0,-120.0,-120.0,-120.0,-120.0,-120.0,-120.0,-120.0,-120.0,-120.0,-120.0,-120.0,-120.0,-120.0,-120.0,-120.0,-120.0,-120.0,-120.0,-120.0,-120.0,-120.0,-120.0,-120.0,-120.0,-120.0,-120.0,-120.0,-120.0,-120.0,-120.0,-120.0,-120.0,-120.0,-120.0,-120.0,-120.0,-120.0,-120.0,-120.0,-120.0,-120.0,-120.0,-120.0,-120.0,-120.0,-120.0,-120.0,-120.0,-120.0,-120.0,-120.0,-120.0,-120.0,-120.0,-120.0,-120.0,-120.0,-120.0,-120.0,-120.0,-120.0,-120.0,-120.0,-120.0,-120.0,-120.0,-120.0,-120.0,-120.0,-120.0,-120.0,-120.0,-120.0,-120.0,-120.0,-120.0,-120.0,-120.0,-120.0,-120.0,-120.0,-120.0,-120.0,-120.0,-120.0,-120.0,-120.0,-120.0,-120.0,-120.0,-120.0,-120.0,-120.0,-120.0,-120.0,-120.0,-120.0,-120.0,-120.0,-120.0,-120.0,-120.0,-120.0,-120.0,-120.0,-120.0,-120.0,-120.0,-120.0,-120.0,-120.0,-120.0,-120.0,-120.0,-120.0,-120.0,-120.0,-120.0,-120.0,-120.0,-120.0,-120.0,-120.0,-120.0
NORM_SORTINO_MAX,8,8,8,float,Sortino cap,8.0,8.0,8.0,8.0,8.0,8.0,8.0,8.0,8.0,8.0,8.0,8.0,8.0,8.0,8.0,8.0,8.0,8.0,8.0,8.0,8.0,8.0,8.0,8.0,8.0,8.0,8.0,8.0,8.0,8.0,8.0,8.0,8.0,8.0,8.0,8.0,8.0,8.0,8.0,8.0,8.0,8.0,8.0,8.0,8.0,8.0,8.0,8.0,8.0,8.0,8.0,8.0,8.0,8.0,8.0,8.0,8.0,8.0,8.0,8.0,8.0,8.0,8.0,8.0,8.0,8.0,8.0,8.0,8.0,8.0,8.0,8.0,8.0,8.0,8.0,8.0,8.0,8.0,8.0,8.0,8.0,8.0,8.0,8.0,8.0,8.0,8.0,8.0,8.0,8.0,8.0,8.0,8.0,8.0,8.0,8.0,8.0,8.0,8.0,8.0,8.0,8.0,8.0,8.0,8.0,8.0,8.0,8.0,8.0,8.0,8.0,8.0,8.0,8.0,8.0,8.0,8.0,8.0,8.0,8.0,8.0,8.0,8.0,8.0,8.0,8.0,8.0,8.0,8.0,8.0,8.0,8.0,8.0,8.0,8.0,8.0,8.0,8.0,8.0,8.0,8.0,8.0,8.0,8.0,8.0,8.0,8.0,8.0,8.0,8.0,8.0,8.0,8.0,8.0,8.0,8.0,8.0,8.0,8.0,8.0,8.0,8.0,8.0,8.0,8.0,8.0,8.0,8.0,8.0,8.0,8.0,8.0,8.0,8.0,8.0,8.0,8.0,8.0,8.0,8.0,8.0,8.0,8.0,8.0,8.0,8.0,8.0,8.0,8.0,8.0,8.0,8.0,8.0,8.0,8.0,8.0,8.0,8.0,8.0,8.0,8.0,8.0,8.0,8.0,8.0,8.0,8.0,8.0,8.0,8.0,8.0,8.0,8.0,8.0,8.0,8.0,8.0,8.0,8.0,8.0,8.0,8.0,8.0,8.0,8.0,8.0,8.0,8.0,8.0,8.0,8.0,8.0,8.0,8.0,8.0,8.0,8.0,8.0,8.0,8.0,8.0,8.0,8.0,8.0,8.0,8.0,8.0,8.0,8.0,8.0,8.0,8.0,8.0,8.0,8.0,8.0,8.0,8.0,8.0,8.0,8.0,8.0,8.0,8.0,8.0,8.0,8.0,8.0,8.0,8.0,8.0,8.0,8.0,8.0,8.0,8.0,8.0,8.0,8.0,8.0,8.0,8.0,8.0,8.0,8.0,8.0,8.0,8.0,8.0,8.0,8.0,8.0,8.0,8.0,8.0,8.0,8.0,8.0,8.0,8.0,8.0,8.0,8.0,8.0,8.0,8.0,8.0,8.0,8.0,8.0,8.0,8.0,8.0,8.0,8.0
NORM_DD_MAX,80000,80000,80000,float,DD norm cap,80000.0,80000.0,80000.0,80000.0,80000.0,80000.0,80000.0,80000.0,80000.0,80000.0,80000.0,80000.0,80000.0,80000.0,80000.0,80000.0,80000.0,80000.0,80000.0,80000.0,80000.0,80000.0,80000.0,80000.0,80000.0,80000.0,80000.0,80000.0,80000.0,80000.0,80000.0,80000.0,80000.0,80000.0,80000.0,80000.0,80000.0,80000.0,80000.0,80000.0,80000.0,80000.0,80000.0,80000.0,80000.0,80000.0,80000.0,80000.0,80000.0,80000.0,80000.0,80000.0,80000.0,80000.0,80000.0,80000.0,80000.0,80000.0,80000.0,80000.0,80000.0,80000.0,80000.0,80000.0,80000.0,80000.0,80000.0,80000.0,80000.0,80000.0,80000.0,80000.0,80000.0,80000.0,80000.0,80000.0,80000.0,80000.0,80000.0,80000.0,80000.0,80000.0,80000.0,80000.0,80000.0,80000.0,80000.0,80000.0,80000.0,80000.0,80000.0,80000.0,80000.0,80000.0,80000.0,80000.0,80000.0,80000.0,80000.0,80000.0,80000.0,80000.0,80000.0,80000.0,80000.0,80000.0,80000.0,80000.0,80000.0,80000.0,80000.0,80000.0,80000.0,80000.0,80000.0,80000.0,80000.0,80000.0,80000.0,80000.0,80000.0,80000.0,80000.0,80000.0,80000.0,80000.0,80000.0,80000.0,80000.0,80000.0,80000.0,80000.0,80000.0,80000.0,80000.0,80000.0,80000.0,80000.0,80000.0,80000.0,80000.0,80000.0,80000.0,80000.0,80000.0,80000.0,80000.0,80000.0,80000.0,80000.0,80000.0,80000.0,80000.0,80000.0,80000.0,80000.0,80000.0,80000.0,80000.0,80000.0,80000.0,80000.0,80000.0,80000.0,80000.0,80000.0,80000.0,80000.0,80000.0,80000.0,80000.0,80000.0,80000.0,80000.0,80000.0,80000.0,80000.0,80000.0,80000.0,80000.0,80000.0,80000.0,80000.0,80000.0,80000.0,80000.0,80000.0,80000.0,80000.0,80000.0,80000.0,80000.0,80000.0,80000.0,80000.0,80000.0,80000.0,80000.0,80000.0,80000.0,80000.0,80000.0,80000.0,80000.0,80000.0,80000.0,80000.0,80000.0,80000.0,80000.0,80000.0,80000.0,80000.0,80000.0,80000.0,80000.0,80000.0,80000.0,80000.0,80000.0,80000.0,80000.0,80000.0,80000.0,80000.0,80000.0,80000.0,80000.0,80000.0,80000.0,80000.0,80000.0,80000.0,80000.0,80000.0,80000.0,80000.0,80000.0,80000.0,80000.0,80000.0,80000.0,80000.0,80000.0,80000.0,80000.0,80000.0,80000.0,80000.0,80000.0,80000.0,80000.0,80000.0,80000.0,80000.0,80000.0,80000.0,80000.0,80000.0,80000.0,80000.0,80000.0,80000.0,80000.0,80000.0,80000.0,80000.0,80000.0,80000.0,80000.0,80000.0,80000.0,80000.0,80000.0,80000.0,80000.0,80000.0,80000.0,80000.0,80000.0,80000.0,80000.0,80000.0,80000.0,80000.0,80000.0,80000.0,80000.0,80000.0,80000.0,80000.0,80000.0,80000.0,80000.0,80000.0,80000.0,80000.0,80000.0,80000.0,80000.0,80000.0,80000.0,80000.0,80000.0,80000.0,80000.0,80000.0,80000.0,80000.0,80000.0,80000.0,80000.0,80000.0,80000.0,80000.0
NORM_PF_MAX,2.5,2.5,2.5,float,PF norm cap,2.5,2.5,2.5,2.5,2.5,2.5,2.5,2.5,2.5,2.5,2.5,2.5,2.5,2.5,2.5,2.5,2.5,2.5,2.5,2.5,2.5,2.5,2.5,2.5,2.5,2.5,2.5,2.5,2.5,2.5,2.5,2.5,2.5,2.5,2.5,2.5,2.5,2.5,2.5,2.5,2.5,2.5,2.5,2.5,2.5,2.5,2.5,2.5,2.5,2.5,2.5,2.5,2.5,2.5,2.5,2.5,2.5,2.5,2.5,2.5,2.5,2.5,2.5,2.5,2.5,2.5,2.5,2.5,2.5,2.5,2.5,2.5,2.5,2.5,2.5,2.5,2.5,2.5,2.5,2.5,2.5,2.5,2.5,2.5,2.5,2.5,2.5,2.5,2.5,2.5,2.5,2.5,2.5,2.5,2.5,2.5,2.5,2.5,2.5,2.5,2.5,2.5,2.5,2.5,2.5,2.5,2.5,2.5,2.5,2.5,2.5,2.5,2.5,2.5,2.5,2.5,2.5,2.5,2.5,2.5,2.5,2.5,2.5,2.5,2.5,2.5,2.5,2.5,2.5,2.5,2.5,2.5,2.5,2.5,2.5,2.5,2.5,2.5,2.5,2.5,2.5,2.5,2.5,2.5,2.5,2.5,2.5,2.5,2.5,2.5,2.5,2.5,2.5,2.5,2.5,2.5,2.5,2.5,2.5,2.5,2.5,2.5,2.5,2.5,2.5,2.5,2.5,2.5,2.5,2.5,2.5,2.5,2.5,2.5,2.5,2.5,2.5,2.5,2.5,2.5,2.5,2.5,2.5,2.5,2.5,2.5,2.5,2.5,2.5,2.5,2.5,2.5,2.5,2.5,2.5,2.5,2.5,2.5,2.5,2.5,2.5,2.5,2.5,2.5,2.5,2.5,2.5,2.5,2.5,2.5,2.5,2.5,2.5,2.5,2.5,2.5,2.5,2.5,2.5,2.5,2.5,2.5,2.5,2.5,2.5,2.5,2.5,2.5,2.5,2.5,2.5,2.5,2.5,2.5,2.5,2.5,2.5,2.5,2.5,2.5,2.5,2.5,2.5,2.5,2.5,2.5,2.5,2.5,2.5,2.5,2.5,2.5,2.5,2.5,2.5,2.5,2.5,2.5,2.5,2.5,2.5,2.5,2.5,2.5,2.5,2.5,2.5,2.5,2.5,2.5,2.5,2.5,2.5,2.5,2.5,2.5,2.5,2.5,2.5,2.5,2.5,2.5,2.5,2.5,2.5,2.5,2.5,2.5,2.5,2.5,2.5,2.5,2.5,2.5,2.5,2.5,2.5,2.5,2.5,2.5,2.5,2.5,2.5,2.5,2.5,2.5,2.5,2.5,2.5,2.5,2.5,2.5,2.5,2.5,2.5
NORM_TRADES_MAX,3.0,3.0,3.0,float,Trades/day norm,3.0,3.0,3.0,3.0,3.0,3.0,3.0,3.0,3.0,3.0,3.0,3.0,3.0,3.0,3.0,3.0,3.0,3.0,3.0,3.0,3.0,3.0,3.0,3.0,3.0,3.0,3.0,3.0,3.0,3.0,3.0,3.0,3.0,3.0,3.0,3.0,3.0,3.0,3.0,3.0,3.0,3.0,3.0,3.0,3.0,3.0,3.0,3.0,3.0,3.0,3.0,3.0,3.0,3.0,3.0,3.0,3.0,3.0,3.0,3.0,3.0,3.0,3.0,3.0,3.0,3.0,3.0,3.0,3.0,3.0,3.0,3.0,3.0,3.0,3.0,3.0,3.0,3.0,3.0,3.0,3.0,3.0,3.0,3.0,3.0,3.0,3.0,3.0,3.0,3.0,3.0,3.0,3.0,3.0,3.0,3.0,3.0,3.0,3.0,3.0,3.0,3.0,3.0,3.0,3.0,3.0,3.0,3.0,3.0,3.0,3.0,3.0,3.0,3.0,3.0,3.0,3.0,3.0,3.0,3.0,3.0,3.0,3.0,3.0,3.0,3.0,3.0,3.0,3.0,3.0,3.0,3.0,3.0,3.0,3.0,3.0,3.0,3.0,3.0,3.0,3.0,3.0,3.0,3.0,3.0,3.0,3.0,3.0,3.0,3.0,3.0,3.0,3.0,3.0,3.0,3.0,3.0,3.0,3.0,3.0,3.0,3.0,3.0,3.0,3.0,3.0,3.0,3.0,3.0,3.0,3.0,3.0,3.0,3.0,3.0,3.0,3.0,3.0,3.0,3.0,3.0,3.0,3.0,3.0,3.0,3.0,3.0,3.0,3.0,3.0,3.0,3.0,3.0,3.0,3.0,3.0,3.0,3.0,3.0,3.0,3.0,3.0,3.0,3.0,3.0,3.0,3.0,3.0,3.0,3.0,3.0,3.0,3.0,3.0,3.0,3.0,3.0,3.0,3.0,3.0,3.0,3.0,3.0,3.0,3.0,3.0,3.0,3.0,3.0,3.0,3.0,3.0,3.0,3.0,3.0,3.0,3.0,3.0,3.0,3.0,3.0,3.0,3.0,3.0,3.0,3.0,3.0,3.0,3.0,3.0,3.0,3.0,3.0,3.0,3.0,3.0,3.0,3.0,3.0,3.0,3.0,3.0,3.0,3.0,3.0,3.0,3.0,3.0,3.0,3.0,3.0,3.0,3.0,3.0,3.0,3.0,3.0,3.0,3.0,3.0,3.0,3.0,3.0,3.0,3.0,3.0,3.0,3.0,3.0,3.0,3.0,3.0,3.0,3.0,3.0,3.0,3.0,3.0,3.0,3.0,3.0,3.0,3.0,3.0,3.0,3.0,3.0,3.0,3.0,3.0,3.0,3.0,3.0,3.0,3.0
NORM_PNL_MAX,150000,150000,150000,float,PnL norm cap,150000.0,150000.0,150000.0,150000.0,150000.0,150000.0,150000.0,150000.0,150000.0,150000.0,150000.0,150000.0,150000.0,150000.0,150000.0,150000.0,150000.0,150000.0,150000.0,150000.0,150000.0,150000.0,150000.0,150000.0,150000.0,150000.0,150000.0,150000.0,150000.0,150000.0,150000.0,150000.0,150000.0,150000.0,150000.0,150000.0,150000.0,150000.0,150000.0,150000.0,150000.0,150000.0,150000.0,150000.0,150000.0,150000.0,150000.0,150000.0,150000.0,150000.0,150000.0,150000.0,150000.0,150000.0,150000.0,150000.0,150000.0,150000.0,150000.0,150000.0,150000.0,150000.0,150000.0,150000.0,150000.0,150000.0,150000.0,150000.0,150000.0,150000.0,150000.0,150000.0,150000.0,150000.0,150000.0,150000.0,150000.0,150000.0,150000.0,150000.0,150000.0,150000.0,150000.0,150000.0,150000.0,150000.0,150000.0,150000.0,150000.0,150000.0,150000.0,150000.0,150000.0,150000.0,150000.0,150000.0,150000.0,150000.0,150000.0,150000.0,150000.0,150000.0,150000.0,150000.0,150000.0,150000.0,150000.0,150000.0,150000.0,150000.0,150000.0,150000.0,150000.0,150000.0,150000.0,150000.0,150000.0,150000.0,150000.0,150000.0,150000.0,150000.0,150000.0,150000.0,150000.0,150000.0,150000.0,150000.0,150000.0,150000.0,150000.0,150000.0,150000.0,150000.0,150000.0,150000.0,150000.0,150000.0,150000.0,150000.0,150000.0,150000.0,150000.0,150000.0,150000.0,150000.0,150000.0,150000.0,150000.0,150000.0,150000.0,150000.0,150000.0,150000.0,150000.0,150000.0,150000.0,150000.0,150000.0,150000.0,150000.0,150000.0,150000.0,150000.0,150000.0,150000.0,150000.0,150000.0,150000.0,150000.0,150000.0,150000.0,150000.0,150000.0,150000.0,150000.0,150000.0,150000.0,150000.0,150000.0,150000.0,150000.0,150000.0,150000.0,150000.0,150000.0,150000.0,150000.0,150000.0,150000.0,150000.0,150000.0,150000.0,150000.0,150000.0,150000.0,150000.0,150000.0,150000.0,150000.0,150000.0,150000.0,150000.0,150000.0,150000.0,150000.0,150000.0,150000.0,150000.0,150000.0,150000.0,150000.0,150000.0,150000.0,150000.0,150000.0,150000.0,150000.0,150000.0,150000.0,150000.0,150000.0,150000.0,150000.0,150000.0,150000.0,150000.0,150000.0,150000.0,150000.0,150000.0,150000.0,150000.0,150000.0,150000.0,150000.0,150000.0,150000.0,150000.0,150000.0,150000.0,150000.0,150000.0,150000.0,150000.0,150000.0,150000.0,150000.0,150000.0,150000.0,150000.0,150000.0,150000.0,150000.0,150000.0,150000.0,150000.0,150000.0,150000.0,150000.0,150000.0,150000.0,150000.0,150000.0,150000.0,150000.0,150000.0,150000.0,150000.0,150000.0,150000.0,150000.0,150000.0,150000.0,150000.0,150000.0,150000.0,150000.0,150000.0,150000.0,150000.0,150000.0,150000.0,150000.0,150000.0,150000.0,150000.0,150000.0,150000.0,150000.0,150000.0,150000.0,150000.0,150000.0,150000.0,150000.0,150000.0,150000.0,150000.0,150000.0,150000.0,150000.0,150000.0,150000.0,150000.0,150000.0,150000.0,150000.0,150000.0,150000.0,150000.0,150000.0,150000.0,150000.0,150000.0
NORM_PROFIT_TRADE_MAX,100,100,100,float,PPT norm cap,100.0,100.0,100.0,100.0,100.0,100.0,100.0,100.0,100.0,100.0,100.0,100.0,100.0,100.0,100.0,100.0,100.0,100.0,100.0,100.0,100.0,100.0,100.0,100.0,100.0,100.0,100.0,100.0,100.0,100.0,100.0,100.0,100.0,100.0,100.0,100.0,100.0,100.0,100.0,100.0,100.0,100.0,100.0,100.0,100.0,100.0,100.0,100.0,100.0,100.0,100.0,100.0,100.0,100.0,100.0,100.0,100.0,100.0,100.0,100.0,100.0,100.0,100.0,100.0,100.0,100.0,100.0,100.0,100.0,100.0,100.0,100.0,100.0,100.0,100.0,100.0,100.0,100.0,100.0,100.0,100.0,100.0,100.0,100.0,100.0,100.0,100.0,100.0,100.0,100.0,100.0,100.0,100.0,100.0,100.0,100.0,100.0,100.0,100.0,100.0,100.0,100.0,100.0,100.0,100.0,100.0,100.0,100.0,100.0,100.0,100.0,100.0,100.0,100.0,100.0,100.0,100.0,100.0,100.0,100.0,100.0,100.0,100.0,100.0,100.0,100.0,100.0,100.0,100.0,100.0,100.0,100.0,100.0,100.0,100.0,100.0,100.0,100.0,100.0,100.0,100.0,100.0,100.0,100.0,100.0,100.0,100.0,100.0,100.0,100.0,100.0,100.0,100.0,100.0,100.0,100.0,100.0,100.0,100.0,100.0,100.0,100.0,100.0,100.0,100.0,100.0,100.0,100.0,100.0,100.0,100.0,100.0,100.0,100.0,100.0,100.0,100.0,100.0,100.0,100.0,100.0,100.0,100.0,100.0,100.0,100.0,100.0,100.0,100.0,100.0,100.0,100.0,100.0,100.0,100.0,100.0,100.0,100.0,100.0,100.0,100.0,100.0,100.0,100.0,100.0,100.0,100.0,100.0,100.0,100.0,100.0,100.0,100.0,100.0,100.0,100.0,100.0,100.0,100.0,100.0,100.0,100.0,100.0,100.0,100.0,100.0,100.0,100.0,100.0,100.0,100.0,100.0,100.0,100.0,100.0,100.0,100.0,100.0,100.0,100.0,100.0,100.0,100.0,100.0,100.0,100.0,100.0,100.0,100.0,100.0,100.0,100.0,100.0,100.0,100.0,100.0,100.0,100.0,100.0,100.0,100.0,100.0,100.0,100.0,100.0,100.0,100.0,100.0,100.0,100.0,100.0,100.0,100.0,100.0,100.0,100.0,100.0,100.0,100.0,100.0,100.0,100.0,100.0,100.0,100.0,100.0,100.0,100.0,100.0,100.0,100.0,100.0,100.0,100.0,100.0,100.0,100.0,100.0,100.0,100.0,100.0,100.0,100.0,100.0,100.0,100.0,100.0,100.0,100.0,100.0,100.0,100.0,100.0,100.0,100.0
MIN_WIN_RATE,0.35,0.35,0.35,float,Min win rate,0.35,0.35,0.35,0.35,0.35,0.35,0.35,0.35,0.35,0.35,0.35,0.35,0.35,0.35,0.35,0.35,0.35,0.35,0.35,0.35,0.35,0.35,0.35,0.35,0.35,0.35,0.35,0.35,0.35,0.35,0.35,0.35,0.35,0.35,0.35,0.35,0.35,0.35,0.35,0.35,0.35,0.35,0.35,0.35,0.35,0.35,0.35,0.35,0.35,0.35,0.35,0.35,0.35,0.35,0.35,0.35,0.35,0.35,0.35,0.35,0.35,0.35,0.35,0.35,0.35,0.35,0.35,0.35,0.35,0.35,0.35,0.35,0.35,0.35,0.35,0.35,0.35,0.35,0.35,0.35,0.35,0.35,0.35,0.35,0.35,0.35,0.35,0.35,0.35,0.35,0.35,0.35,0.35,0.35,0.35,0.35,0.35,0.35,0.35,0.35,0.35,0.35,0.35,0.35,0.35,0.35,0.35,0.35,0.35,0.35,0.35,0.35,0.35,0.35,0.35,0.35,0.35,0.35,0.35,0.35,0.35,0.35,0.35,0.35,0.35,0.35,0.35,0.35,0.35,0.35,0.35,0.35,0.35,0.35,0.35,0.35,0.35,0.35,0.35,0.35,0.35,0.35,0.35,0.35,0.35,0.35,0.35,0.35,0.35,0.35,0.35,0.35,0.35,0.35,0.35,0.35,0.35,0.35,0.35,0.35,0.35,0.35,0.35,0.35,0.35,0.35,0.35,0.35,0.35,0.35,0.35,0.35,0.35,0.35,0.35,0.35,0.35,0.35,0.35,0.35,0.35,0.35,0.35,0.35,0.35,0.35,0.35,0.35,0.35,0.35,0.35,0.35,0.35,0.35,0.35,0.35,0.35,0.35,0.35,0.35,0.35,0.35,0.35,0.35,0.35,0.35,0.35,0.35,0.35,0.35,0.35,0.35,0.35,0.35,0.35,0.35,0.35,0.35,0.35,0.35,0.35,0.35,0.35,0.35,0.35,0.35,0.35,0.35,0.35,0.35,0.35,0.35,0.35,0.35,0.35,0.35,0.35,0.35,0.35,0.35,0.35,0.35,0.35,0.35,0.35,0.35,0.35,0.35,0.35,0.35,0.35,0.35,0.35,0.35,0.35,0.35,0.35,0.35,0.35,0.35,0.35,0.35,0.35,0.35,0.35,0.35,0.35,0.35,0.35,0.35,0.35,0.35,0.35,0.35,0.35,0.35,0.35,0.35,0.35,0.35,0.35,0.35,0.35,0.35,0.35,0.35,0.35,0.35,0.35,0.35,0.35,0.35,0.35,0.35,0.35,0.35,0.35,0.35,0.35,0.35,0.35,0.35,0.35,0.35,0.35,0.35,0.35,0.35,0.35,0.35,0.35,0.35,0.35,0.35,0.35
SORTINO_CAP,8,8,8,float,Sortino cap,8.0,8.0,8.0,8.0,8.0,8.0,8.0,8.0,8.0,8.0,8.0,8.0,8.0,8.0,8.0,8.0,8.0,8.0,8.0,8.0,8.0,8.0,8.0,8.0,8.0,8.0,8.0,8.0,8.0,8.0,8.0,8.0,8.0,8.0,8.0,8.0,8.0,8.0,8.0,8.0,8.0,8.0,8.0,8.0,8.0,8.0,8.0,8.0,8.0,8.0,8.0,8.0,8.0,8.0,8.0,8.0,8.0,8.0,8.0,8.0,8.0,8.0,8.0,8.0,8.0,8.0,8.0,8.0,8.0,8.0,8.0,8.0,8.0,8.0,8.0,8.0,8.0,8.0,8.0,8.0,8.0,8.0,8.0,8.0,8.0,8.0,8.0,8.0,8.0,8.0,8.0,8.0,8.0,8.0,8.0,8.0,8.0,8.0,8.0,8.0,8.0,8.0,8.0,8.0,8.0,8.0,8.0,8.0,8.0,8.0,8.0,8.0,8.0,8.0,8.0,8.0,8.0,8.0,8.0,8.0,8.0,8.0,8.0,8.0,8.0,8.0,8.0,8.0,8.0,8.0,8.0,8.0,8.0,8.0,8.0,8.0,8.0,8.0,8.0,8.0,8.0,8.0,8.0,8.0,8.0,8.0,8.0,8.0,8.0,8.0,8.0,8.0,8.0,8.0,8.0,8.0,8.0,8.0,8.0,8.0,8.0,8.0,8.0,8.0,8.0,8.0,8.0,8.0,8.0,8.0,8.0,8.0,8.0,8.0,8.0,8.0,8.0,8.0,8.0,8.0,8.0,8.0,8.0,8.0,8.0,8.0,8.0,8.0,8.0,8.0,8.0,8.0,8.0,8.0,8.0,8.0,8.0,8.0,8.0,8.0,8.0,8.0,8.0,8.0,8.0,8.0,8.0,8.0,8.0,8.0,8.0,8.0,8.0,8.0,8.0,8.0,8.0,8.0,8.0,8.0,8.0,8.0,8.0,8.0,8.0,8.0,8.0,8.0,8.0,8.0,8.0,8.0,8.0,8.0,8.0,8.0,8.0,8.0,8.0,8.0,8.0,8.0,8.0,8.0,8.0,8.0,8.0,8.0,8.0,8.0,8.0,8.0,8.0,8.0,8.0,8.0,8.0,8.0,8.0,8.0,8.0,8.0,8.0,8.0,8.0,8.0,8.0,8.0,8.0,8.0,8.0,8.0,8.0,8.0,8.0,8.0,8.0,8.0,8.0,8.0,8.0,8.0,8.0,8.0,8.0,8.0,8.0,8.0,8.0,8.0,8.0,8.0,8.0,8.0,8.0,8.0,8.0,8.0,8.0,8.0,8.0,8.0,8.0,8.0,8.0,8.0,8.0,8.0,8.0,8.0,8.0,8.0,8.0,8.0,8.0
GA_START_DATE,2020-01-02,2020-01-02,2020-01-02,str,Backtest start,2020-01-02,2020-01-02,2020-01-02,2020-01-02,2020-01-02,2020-01-02,2020-01-02,2020-01-02,2020-01-02,2020-01-02,2020-01-02,2020-01-02,2020-01-02,2020-01-02,2020-01-02,2020-01-02,2020-01-02,2020-01-02,2020-01-02,2020-01-02,2020-01-02,2020-01-02,2020-01-02,2020-01-02,2020-01-02,2020-01-02,2020-01-02,2020-01-02,2020-01-02,2020-01-02,2020-01-02,2020-01-02,2020-01-02,2020-01-02,2020-01-02,2020-01-02,2020-01-02,2020-01-02,2020-01-02,2020-01-02,2020-01-02,2020-01-02,2020-01-02,2020-01-02,2020-01-02,2020-01-02,2020-01-02,2020-01-02,2020-01-02,2020-01-02,2020-01-02,2020-01-02,2020-01-02,2020-01-02,2020-01-02,2020-01-02,2020-01-02,2020-01-02,2020-01-02,2020-01-02,2020-01-02,2020-01-02,2020-01-02,2020-01-02,2020-01-02,2020-01-02,2020-01-02,2020-01-02,2020-01-02,2020-01-02,2020-01-02,2020-01-02,2020-01-02,2020-01-02,2020-01-02,2020-01-02,2020-01-02,2020-01-02,2020-01-02,2020-01-02,2020-01-02,2020-01-02,2020-01-02,2020-01-02,2020-01-02,2020-01-02,2020-01-02,2020-01-02,2020-01-02,2020-01-02,2020-01-02,2020-01-02,2020-01-02,2020-01-02,2020-01-02,2020-01-02,2020-01-02,2020-01-02,2020-01-02,2020-01-02,2020-01-02,2020-01-02,2020-01-02,2020-01-02,2020-01-02,2020-01-02,2020-01-02,2020-01-02,2020-01-02,2020-01-02,2020-01-02,2020-01-02,2020-01-02,2020-01-02,2020-01-02,2020-01-02,2020-01-02,2020-01-02,2020-01-02,2020-01-02,2020-01-02,2020-01-02,2020-01-02,2020-01-02,2020-01-02,2020-01-02,2020-01-02,2020-01-02,2020-01-02,2020-01-02,2020-01-02,2020-01-02,2020-01-02,2020-01-02,2020-01-02,2020-01-02,2020-01-02,2020-01-02,2020-01-02,2020-01-02,2020-01-02,2020-01-02,2020-01-02,2020-01-02,2020-01-02,2020-01-02,2020-01-02,2020-01-02,2020-01-02,2020-01-02,2020-01-02,2020-01-02,2020-01-02,2020-01-02,2020-01-02,2020-01-02,2020-01-02,2020-01-02,2020-01-02,2020-01-02,2020-01-02,2020-01-02,2020-01-02,2020-01-02,2020-01-02,2020-01-02,2020-01-02,2020-01-02,2020-01-02,2020-01-02,2020-01-02,2020-01-02,2020-01-02,2020-01-02,2020-01-02,2020-01-02,2020-01-02,2020-01-02,2020-01-02,2020-01-02,2020-01-02,2020-01-02,2020-01-02,2020-01-02,2020-01-02,2020-01-02,2020-01-02,2020-01-02,2020-01-02,2020-01-02,2020-01-02,2020-01-02,2020-01-02,2020-01-02,2020-01-02,2020-01-02,2020-01-02,2020-01-02,2020-01-02,2020-01-02,2020-01-02,2020-01-02,2020-01-02,2020-01-02,2020-01-02,2020-01-02,2020-01-02,2020-01-02,2020-01-02,2020-01-02,2020-01-02,2020-01-02,2020-01-02,2020-01-02,2020-01-02,2020-01-02,2020-01-02,2020-01-02,2020-01-02,2020-01-02,2020-01-02,2020-01-02,2020-01-02,2020-01-02,2020-01-02,2020-01-02,2020-01-02,2020-01-02,2020-01-02,2020-01-02,2020-01-02,2020-01-02,2020-01-02,2020-01-02,2020-01-02,2020-01-02,2020-01-02,2020-01-02,2020-01-02,2020-01-02,2020-01-02,2020-01-02,2020-01-02,2020-01-02,2020-01-02,2020-01-02,2020-01-02,2020-01-02,2020-01-02,2020-01-02,2020-01-02,2020-01-02,2020-01-02,2020-01-02,2020-01-02,2020-01-02,2020-01-02,2020-01-02,2020-01-02,2020-01-02,2020-01-02,2020-01-02,2020-01-02,2020-01-02,2020-01-02,2020-01-02,2020-01-02,2020-01-02,2020-01-02,2020-01-02,2020-01-02,2020-01-02,2020-01-02,2020-01-02,2020-01-02,2020-01-02,2020-01-02,2020-01-02,2020-01-02,2020-01-02,2020-01-02,2020-01-02,2020-01-02,2020-01-02,2020-01-02,2020-01-02,2020-01-02,2020-01-02,2020-01-02,2020-01-02,2020-01-02,2020-01-02,2020-01-02,2020-01-02,2020-01-02,2020-01-02,2020-01-02,2020-01-02,2020-01-02,2020-01-02,2020-01-02,2020-01-02,2020-01-02,2020-01-02,2020-01-02,2020-01-02,2020-01-02,2020-01-02,2020-01-02,2020-01-02,2020-01-02,2020-01-02,2020-01-02,2020-01-02,2020-01-02
GA_END_DATE,2025-10-10,2025-10-10,2025-10-10,str,Backtest end,2025-10-10,2025-10-10,2025-10-10,2025-10-10,2025-10-10,2025-10-10,2025-10-10,2025-10-10,2025-10-10,2025-10-10,2025-10-10,2025-10-10,2025-10-10,2025-10-10,2025-10-10,2025-10-10,2025-10-10,2025-10-10,2025-10-10,2025-10-10,2025-10-10,2025-10-10,2025-10-10,2025-10-10,2025-10-10,2025-10-10,2025-10-10,2025-10-10,2025-10-10,2025-10-10,2025-10-10,2025-10-10,2025-10-10,2025-10-10,2025-10-10,2025-10-10,2025-10-10,2025-10-10,2025-10-10,2025-10-10,2025-10-10,2025-10-10,2025-10-10,2025-10-10,2025-10-10,2025-10-10,2025-10-10,2025-10-10,2025-10-10,2025-10-10,2025-10-10,2025-10-10,2025-10-10,2025-10-10,2025-10-10,2025-10-10,2025-10-10,2025-10-10,2025-10-10,2025-10-10,2025-10-10,2025-10-10,2025-10-10,2025-10-10,2025-10-10,2025-10-10,2025-10-10,2025-10-10,2025-10-10,2025-10-10,2025-10-10,2025-10-10,2025-10-10,2025-10-10,2025-10-10,2025-10-10,2025-10-10,2025-10-10,2025-10-10,2025-10-10,2025-10-10,2025-10-10,2025-10-10,2025-10-10,2025-10-10,2025-10-10,2025-10-10,2025-10-10,2025-10-10,2025-10-10,2025-10-10,2025-10-10,2025-10-10,2025-10-10,2025-10-10,2025-10-10,2025-10-10,2025-10-10,2025-10-10,2025-10-10,2025-10-10,2025-10-10,2025-10-10,2025-10-10,2025-10-10,2025-10-10,2025-10-10,2025-10-10,2025-10-10,2025-10-10,2025-10-10,2025-10-10,2025-10-10,2025-10-10,2025-10-10,2025-10-10,2025-10-10,2025-10-10,2025-10-10,2025-10-10,2025-10-10,2025-10-10,2025-10-10,2025-10-10,2025-10-10,2025-10-10,2025-10-10,2025-10-10,2025-10-10,2025-10-10,2025-10-10,2025-10-10,2025-10-10,2025-10-10,2025-10-10,2025-10-10,2025-10-10,2025-10-10,2025-10-10,2025-10-10,2025-10-10,2025-10-10,2025-10-10,2025-10-10,2025-10-10,2025-10-10,2025-10-10,2025-10-10,2025-10-10,2025-10-10,2025-10-10,2025-10-10,2025-10-10,2025-10-10,2025-10-10,2025-10-10,2025-10-10,2025-10-10,2025-10-10,2025-10-10,2025-10-10,2025-10-10,2025-10-10,2025-10-10,2025-10-10,2025-10-10,2025-10-10,2025-10-10,2025-10-10,2025-10-10,2025-10-10,2025-10-10,2025-10-10,2025-10-10,2025-10-10,2025-10-10,2025-10-10,2025-10-10,2025-10-10,2025-10-10,2025-10-10,2025-10-10,2025-10-10,2025-10-10,2025-10-10,2025-10-10,2025-10-10,2025-10-10,2025-10-10,2025-10-10,2025-10-10,2025-10-10,2025-10-10,2025-10-10,2025-10-10,2025-10-10,2025-10-10,2025-10-10,2025-10-10,2025-10-10,2025-10-10,2025-10-10,2025-10-10,2025-10-10,2025-10-10,2025-10-10,2025-10-10,2025-10-10,2025-10-10,2025-10-10,2025-10-10,2025-10-10,2025-10-10,2025-10-10,2025-10-10,2025-10-10,2025-10-10,2025-10-10,2025-10-10,2025-10-10,2025-10-10,2025-10-10,2025-10-10,2025-10-10,2025-10-10,2025-10-10,2025-10-10,2025-10-10,2025-10-10,2025-10-10,2025-10-10,2025-10-10,2025-10-10,2025-10-10,2025-10-10,2025-10-10,2025-10-10,2025-10-10,2025-10-10,2025-10-10,2025-10-10,2025-10-10,2025-10-10,2025-10-10,2025-10-10,2025-10-10,2025-10-10,2025-10-10,2025-10-10,2025-10-10,2025-10-10,2025-10-10,2025-10-10,2025-10-10,2025-10-10,2025-10-10,2025-10-10,2025-10-10,2025-10-10,2025-10-10,2025-10-10,2025-10-10,2025-10-10,2025-10-10,2025-10-10,2025-10-10,2025-10-10,2025-10-10,2025-10-10,2025-10-10,2025-10-10,2025-10-10,2025-10-10,2025-10-10,2025-10-10,2025-10-10,2025-10-10,2025-10-10,2025-10-10,2025-10-10,2025-10-10,2025-10-10,2025-10-10,2025-10-10,2025-10-10,2025-10-10,2025-10-10,2025-10-10,2025-10-10,2025-10-10,2025-10-10,2025-10-10,2025-10-10,2025-10-10,2025-10-10,2025-10-10,2025-10-10,2025-10-10,2025-10-10,2025-10-10,2025-10-10,2025-10-10,2025-10-10,2025-10-10,2025-10-10,2025-10-10,2025-10-10,2025-10-10,2025-10-10,2025-10-10,2025-10-10,2025-10-10,2025-10-10,2025-10-10,2025-10-10
GA_LIVE_STYLE_ENTRY,1,1,1,int,LOCKED enter signal-bar close,1,1,1,1,1,1,1,1,1,1,1,1,1,1,1,1,1,1,1,1,1,1,1,1,1,1,1,1,1,1,1,1,1,1,1,1,1,1,1,1,1,1,1,1,1,1,1,1,1,1,1,1,1,1,1,1,1,1,1,1,1,1,1,1,1,1,1,1,1,1,1,1,1,1,1,1,1,1,1,1,1,1,1,1,1,1,1,1,1,1,1,1,1,1,1,1,1,1,1,1,1,1,1,1,1,1,1,1,1,1,1,1,1,1,1,1,1,1,1,1,1,1,1,1,1,1,1,1,1,1,1,1,1,1,1,1,1,1,1,1,1,1,1,1,1,1,1,1,1,1,1,1,1,1,1,1,1,1,1,1,1,1,1,1,1,1,1,1,1,1,1,1,1,1,1,1,1,1,1,1,1,1,1,1,1,1,1,1,1,1,1,1,1,1,1,1,1,1,1,1,1,1,1,1,1,1,1,1,1,1,1,1,1,1,1,1,1,1,1,1,1,1,1,1,1,1,1,1,1,1,1,1,1,1,1,1,1,1,1,1,1,1,1,1,1,1,1,1,1,1,1,1,1,1,1,1,1,1,1,1,1,1,1,1,1,1,1,1,1,1,1,1,1,1,1,1,1,1,1,1,1,1,1,1,1,1,1,1,1,1,1,1,1,1,1,1,1,1,1,1,1,1,1,1,1,1,1,1,1,1,1,1,1,1,1
GA_CONSERVATIVE_STOP_SLIPPAGE,1,1,1,float,LOCKED,1.0,1.0,1.0,1.0,1.0,1.0,1.0,1.0,1.0,1.0,1.0,1.0,1.0,1.0,1.0,1.0,1.0,1.0,1.0,1.0,1.0,1.0,1.0,1.0,1.0,1.0,1.0,1.0,1.0,1.0,1.0,1.0,1.0,1.0,1.0,1.0,1.0,1.0,1.0,1.0,1.0,1.0,1.0,1.0,1.0,1.0,1.0,1.0,1.0,1.0,1.0,1.0,1.0,1.0,1.0,1.0,1.0,1.0,1.0,1.0,1.0,1.0,1.0,1.0,1.0,1.0,1.0,1.0,1.0,1.0,1.0,1.0,1.0,1.0,1.0,1.0,1.0,1.0,1.0,1.0,1.0,1.0,1.0,1.0,1.0,1.0,1.0,1.0,1.0,1.0,1.0,1.0,1.0,1.0,1.0,1.0,1.0,1.0,1.0,1.0,1.0,1.0,1.0,1.0,1.0,1.0,1.0,1.0,1.0,1.0,1.0,1.0,1.0,1.0,1.0,1.0,1.0,1.0,1.0,1.0,1.0,1.0,1.0,1.0,1.0,1.0,1.0,1.0,1.0,1.0,1.0,1.0,1.0,1.0,1.0,1.0,1.0,1.0,1.0,1.0,1.0,1.0,1.0,1.0,1.0,1.0,1.0,1.0,1.0,1.0,1.0,1.0,1.0,1.0,1.0,1.0,1.0,1.0,1.0,1.0,1.0,1.0,1.0,1.0,1.0,1.0,1.0,1.0,1.0,1.0,1.0,1.0,1.0,1.0,1.0,1.0,1.0,1.0,1.0,1.0,1.0,1.0,1.0,1.0,1.0,1.0,1.0,1.0,1.0,1.0,1.0,1.0,1.0,1.0,1.0,1.0,1.0,1.0,1.0,1.0,1.0,1.0,1.0,1.0,1.0,1.0,1.0,1.0,1.0,1.0,1.0,1.0,1.0,1.0,1.0,1.0,1.0,1.0,1.0,1.0,1.0,1.0,1.0,1.0,1.0,1.0,1.0,1.0,1.0,1.0,1.0,1.0,1.0,1.0,1.0,1.0,1.0,1.0,1.0,1.0,1.0,1.0,1.0,1.0,1.0,1.0,1.0,1.0,1.0,1.0,1.0,1.0,1.0,1.0,1.0,1.0,1.0,1.0,1.0,1.0,1.0,1.0,1.0,1.0,1.0,1.0,1.0,1.0,1.0,1.0,1.0,1.0,1.0,1.0,1.0,1.0,1.0,1.0,1.0,1.0,1.0,1.0,1.0,1.0,1.0,1.0,1.0,1.0,1.0,1.0,1.0,1.0,1.0,1.0,1.0,1.0,1.0,1.0,1.0,1.0,1.0,1.0,1.0,1.0,1.0,1.0,1.0,1.0,1.0,1.0,1.0,1.0,1.0,1.0,1.0
GA_CONSERVATIVE_ENTRY_SLIPPAGE,1,1,1,float,LOCKED,1.0,1.0,1.0,1.0,1.0,1.0,1.0,1.0,1.0,1.0,1.0,1.0,1.0,1.0,1.0,1.0,1.0,1.0,1.0,1.0,1.0,1.0,1.0,1.0,1.0,1.0,1.0,1.0,1.0,1.0,1.0,1.0,1.0,1.0,1.0,1.0,1.0,1.0,1.0,1.0,1.0,1.0,1.0,1.0,1.0,1.0,1.0,1.0,1.0,1.0,1.0,1.0,1.0,1.0,1.0,1.0,1.0,1.0,1.0,1.0,1.0,1.0,1.0,1.0,1.0,1.0,1.0,1.0,1.0,1.0,1.0,1.0,1.0,1.0,1.0,1.0,1.0,1.0,1.0,1.0,1.0,1.0,1.0,1.0,1.0,1.0,1.0,1.0,1.0,1.0,1.0,1.0,1.0,1.0,1.0,1.0,1.0,1.0,1.0,1.0,1.0,1.0,1.0,1.0,1.0,1.0,1.0,1.0,1.0,1.0,1.0,1.0,1.0,1.0,1.0,1.0,1.0,1.0,1.0,1.0,1.0,1.0,1.0,1.0,1.0,1.0,1.0,1.0,1.0,1.0,1.0,1.0,1.0,1.0,1.0,1.0,1.0,1.0,1.0,1.0,1.0,1.0,1.0,1.0,1.0,1.0,1.0,1.0,1.0,1.0,1.0,1.0,1.0,1.0,1.0,1.0,1.0,1.0,1.0,1.0,1.0,1.0,1.0,1.0,1.0,1.0,1.0,1.0,1.0,1.0,1.0,1.0,1.0,1.0,1.0,1.0,1.0,1.0,1.0,1.0,1.0,1.0,1.0,1.0,1.0,1.0,1.0,1.0,1.0,1.0,1.0,1.0,1.0,1.0,1.0,1.0,1.0,1.0,1.0,1.0,1.0,1.0,1.0,1.0,1.0,1.0,1.0,1.0,1.0,1.0,1.0,1.0,1.0,1.0,1.0,1.0,1.0,1.0,1.0,1.0,1.0,1.0,1.0,1.0,1.0,1.0,1.0,1.0,1.0,1.0,1.0,1.0,1.0,1.0,1.0,1.0,1.0,1.0,1.0,1.0,1.0,1.0,1.0,1.0,1.0,1.0,1.0,1.0,1.0,1.0,1.0,1.0,1.0,1.0,1.0,1.0,1.0,1.0,1.0,1.0,1.0,1.0,1.0,1.0,1.0,1.0,1.0,1.0,1.0,1.0,1.0,1.0,1.0,1.0,1.0,1.0,1.0,1.0,1.0,1.0,1.0,1.0,1.0,1.0,1.0,1.0,1.0,1.0,1.0,1.0,1.0,1.0,1.0,1.0,1.0,1.0,1.0,1.0,1.0,1.0,1.0,1.0,1.0,1.0,1.0,1.0,1.0,1.0,1.0,1.0,1.0,1.0,1.0,1.0,1.0
GA_CONSERVATIVE_CHANNEL_SLIPPAGE,0.25,0.25,0.25,float,LOCKED,0.25,0.25,0.25,0.25,0.25,0.25,0.25,0.25,0.25,0.25,0.25,0.25,0.25,0.25,0.25,0.25,0.25,0.25,0.25,0.25,0.25,0.25,0.25,0.25,0.25,0.25,0.25,0.25,0.25,0.25,0.25,0.25,0.25,0.25,0.25,0.25,0.25,0.25,0.25,0.25,0.25,0.25,0.25,0.25,0.25,0.25,0.25,0.25,0.25,0.25,0.25,0.25,0.25,0.25,0.25,0.25,0.25,0.25,0.25,0.25,0.25,0.25,0.25,0.25,0.25,0.25,0.25,0.25,0.25,0.25,0.25,0.25,0.25,0.25,0.25,0.25,0.25,0.25,0.25,0.25,0.25,0.25,0.25,0.25,0.25,0.25,0.25,0.25,0.25,0.25,0.25,0.25,0.25,0.25,0.25,0.25,0.25,0.25,0.25,0.25,0.25,0.25,0.25,0.25,0.25,0.25,0.25,0.25,0.25,0.25,0.25,0.25,0.25,0.25,0.25,0.25,0.25,0.25,0.25,0.25,0.25,0.25,0.25,0.25,0.25,0.25,0.25,0.25,0.25,0.25,0.25,0.25,0.25,0.25,0.25,0.25,0.25,0.25,0.25,0.25,0.25,0.25,0.25,0.25,0.25,0.25,0.25,0.25,0.25,0.25,0.25,0.25,0.25,0.25,0.25,0.25,0.25,0.25,0.25,0.25,0.25,0.25,0.25,0.25,0.25,0.25,0.25,0.25,0.25,0.25,0.25,0.25,0.25,0.25,0.25,0.25,0.25,0.25,0.25,0.25,0.25,0.25,0.25,0.25,0.25,0.25,0.25,0.25,0.25,0.25,0.25,0.25,0.25,0.25,0.25,0.25,0.25,0.25,0.25,0.25,0.25,0.25,0.25,0.25,0.25,0.25,0.25,0.25,0.25,0.25,0.25,0.25,0.25,0.25,0.25,0.25,0.25,0.25,0.25,0.25,0.25,0.25,0.25,0.25,0.25,0.25,0.25,0.25,0.25,0.25,0.25,0.25,0.25,0.25,0.25,0.25,0.25,0.25,0.25,0.25,0.25,0.25,0.25,0.25,0.25,0.25,0.25,0.25,0.25,0.25,0.25,0.25,0.25,0.25,0.25,0.25,0.25,0.25,0.25,0.25,0.25,0.25,0.25,0.25,0.25,0.25,0.25,0.25,0.25,0.25,0.25,0.25,0.25,0.25,0.25,0.25,0.25,0.25,0.25,0.25,0.25,0.25,0.25,0.25,0.25,0.25,0.25,0.25,0.25,0.25,0.25,0.25,0.25,0.25,0.25,0.25,0.25,0.25,0.25,0.25,0.25,0.25,0.25,0.25,0.25,0.25,0.25,0.25,0.25,0.25,0.25,0.25,0.25,0.25,0.25
GA_PESSIMISTIC_STOPS,1,1,1,int,LOCKED,1,1,1,1,1,1,1,1,1,1,1,1,1,1,1,1,1,1,1,1,1,1,1,1,1,1,1,1,1,1,1,1,1,1,1,1,1,1,1,1,1,1,1,1,1,1,1,1,1,1,1,1,1,1,1,1,1,1,1,1,1,1,1,1,1,1,1,1,1,1,1,1,1,1,1,1,1,1,1,1,1,1,1,1,1,1,1,1,1,1,1,1,1,1,1,1,1,1,1,1,1,1,1,1,1,1,1,1,1,1,1,1,1,1,1,1,1,1,1,1,1,1,1,1,1,1,1,1,1,1,1,1,1,1,1,1,1,1,1,1,1,1,1,1,1,1,1,1,1,1,1,1,1,1,1,1,1,1,1,1,1,1,1,1,1,1,1,1,1,1,1,1,1,1,1,1,1,1,1,1,1,1,1,1,1,1,1,1,1,1,1,1,1,1,1,1,1,1,1,1,1,1,1,1,1,1,1,1,1,1,1,1,1,1,1,1,1,1,1,1,1,1,1,1,1,1,1,1,1,1,1,1,1,1,1,1,1,1,1,1,1,1,1,1,1,1,1,1,1,1,1,1,1,1,1,1,1,1,1,1,1,1,1,1,1,1,1,1,1,1,1,1,1,1,1,1,1,1,1,1,1,1,1,1,1,1,1,1,1,1,1,1,1,1,1,1,1,1,1,1,1,1,1,1,1,1,1,1,1,1,1,1,1,1,1
GA_DIVERSE_SEED,0,0,0,int,Off,0,0,0,0,0,0,0,0,0,0,0,0,0,0,0,0,0,0,0,0,0,0,0,0,0,0,0,0,0,0,0,0,0,0,0,0,0,0,0,0,0,0,0,0,0,0,0,0,0,0,0,0,0,0,0,0,0,0,0,0,0,0,0,0,0,0,0,0,0,0,0,0,0,0,0,0,0,0,0,0,0,0,0,0,0,0,0,0,0,0,0,0,0,0,0,0,0,0,0,0,0,0,0,0,0,0,0,0,0,0,0,0,0,0,0,0,0,0,0,0,0,0,0,0,0,0,0,0,0,0,0,0,0,0,0,0,0,0,0,0,0,0,0,0,0,0,0,0,0,0,0,0,0,0,0,0,0,0,0,0,0,0,0,0,0,0,0,0,0,0,0,0,0,0,0,0,0,0,0,0,0,0,0,0,0,0,0,0,0,0,0,0,0,0,0,0,0,0,0,0,0,0,0,0,0,0,0,0,0,0,0,0,0,0,0,0,0,0,0,0,0,0,0,0,0,0,0,0,0,0,0,0,0,0,0,0,0,0,0,0,0,0,0,0,0,0,0,0,0,0,0,0,0,0,0,0,0,0,0,0,0,0,0,0,0,0,0,0,0,0,0,0,0,0,0,0,0,0,0,0,0,0,0,0,0,0,0,0,0,0,0,0,0,0,0,0,0,0,0,0,0,0,0,0,0,0,0,0,0,0,0,0,0,0,0
WEIGHT_SORTINO,1,,,float,Fitness: Sortino,1.0,1.0,1.0,1.0,1.0,1.0,1.0,1.0,1.0,1.0,1.0,1.0,1.0,1.0,1.0,1.0,1.0,1.0,1.0,1.0,1.0,1.0,1.0,1.0,1.0,1.0,1.0,1.0,1.0,1.0,1.0,1.0,1.0,1.0,1.0,1.0,1.0,1.0,1.0,1.0,1.0,1.0,1.0,1.0,1.0,1.0,1.0,1.0,1.0,1.0,1.0,1.0,1.0,1.0,1.0,1.0,1.0,1.0,1.0,1.0,1.0,1.0,1.0,1.0,1.0,1.0,1.0,1.0,1.0,1.0,1.0,1.0,1.0,1.0,1.0,1.0,1.0,1.0,1.0,1.0,1.0,1.0,1.0,1.0,1.0,1.0,1.0,1.0,1.0,1.0,1.0,1.0,1.0,1.0,1.0,1.0,1.0,1.0,1.0,1.0,1.0,1.0,1.0,1.0,1.0,1.0,1.0,1.0,1.0,1.0,1.0,1.0,1.0,1.0,1.0,1.0,1.0,1.0,1.0,1.0,1.0,1.0,1.0,1.0,1.0,1.0,1.0,1.0,1.0,1.0,1.0,1.0,1.0,1.0,1.0,1.0,1.0,1.0,1.0,1.0,1.0,1.0,1.0,1.0,1.0,1.0,1.0,1.0,1.0,1.0,1.0,1.0,1.0,1.0,1.0,1.0,1.0,1.0,1.0,1.0,1.0,1.0,1.0,1.0,1.0,1.0,1.0,1.0,1.0,1.0,1.0,1.0,1.0,1.0,1.0,1.0,1.0,1.0,1.0,1.0,1.0,1.0,1.0,1.0,1.0,1.0,1.0,1.0,1.0,1.0,1.0,1.0,1.0,1.0,1.0,1.0,1.0,1.0,1.0,1.0,1.0,1.0,1.0,1.0,1.0,1.0,1.0,1.0,1.0,1.0,1.0,1.0,1.0,1.0,1.0,1.0,1.0,1.0,1.0,1.0,1.0,1.0,1.0,1.0,1.0,1.0,1.0,1.0,1.0,1.0,1.0,1.0,1.0,1.0,1.0,1.0,1.0,1.0,1.0,1.0,1.0,1.0,1.0,1.0,1.0,1.0,1.0,1.0,1.0,1.0,1.0,1.0,1.0,1.0,1.0,1.0,1.0,1.0,1.0,1.0,1.0,1.0,1.0,1.0,1.0,1.0,1.0,1.0,1.0,1.0,1.0,1.0,1.0,1.0,1.0,1.0,1.0,1.0,1.0,1.0,1.0,1.0,1.0,1.0,1.0,1.0,1.0,1.0,1.0,1.0,1.0,1.0,1.0,1.0,1.0,1.0,1.0,1.0,1.0,1.0,1.0,1.0,1.0,1.0,1.0,1.0,1.0,1.0,1.0,1.0,1.0,1.0,1.0,1.0,1.0
WEIGHT_DRAWDOWN,-1.0,,,float,Fitness: drawdown,-1.0,-1.0,-1.0,-1.0,-1.0,-1.0,-1.0,-1.0,-1.0,-1.0,-1.0,-1.0,-1.0,-1.0,-1.0,-1.0,-1.0,-1.0,-1.0,-1.0,-1.0,-1.0,-1.0,-1.0,-1.0,-1.0,-1.0,-1.0,-1.0,-1.0,-1.0,-1.0,-1.0,-1.0,-1.0,-1.0,-1.0,-1.0,-1.0,-1.0,-1.0,-1.0,-1.0,-1.0,-1.0,-1.0,-1.0,-1.0,-1.0,-1.0,-1.0,-1.0,-1.0,-1.0,-1.0,-1.0,-1.0,-1.0,-1.0,-1.0,-1.0,-1.0,-1.0,-1.0,-1.0,-1.0,-1.0,-1.0,-1.0,-1.0,-1.0,-1.0,-1.0,-1.0,-1.0,-1.0,-1.0,-1.0,-1.0,-1.0,-1.0,-1.0,-1.0,-1.0,-1.0,-1.0,-1.0,-1.0,-1.0,-1.0,-1.0,-1.0,-1.0,-1.0,-1.0,-1.0,-1.0,-1.0,-1.0,-1.0,-1.0,-1.0,-1.0,-1.0,-1.0,-1.0,-1.0,-1.0,-1.0,-1.0,-1.0,-1.0,-1.0,-1.0,-1.0,-1.0,-1.0,-1.0,-1.0,-1.0,-1.0,-1.0,-1.0,-1.0,-1.0,-1.0,-1.0,-1.0,-1.0,-1.0,-1.0,-1.0,-1.0,-1.0,-1.0,-1.0,-1.0,-1.0,-1.0,-1.0,-1.0,-1.0,-1.0,-1.0,-1.0,-1.0,-1.0,-1.0,-1.0,-1.0,-1.0,-1.0,-1.0,-1.0,-1.0,-1.0,-1.0,-1.0,-1.0,-1.0,-1.0,-1.0,-1.0,-1.0,-1.0,-1.0,-1.0,-1.0,-1.0,-1.0,-1.0,-1.0,-1.0,-1.0,-1.0,-1.0,-1.0,-1.0,-1.0,-1.0,-1.0,-1.0,-1.0,-1.0,-1.0,-1.0,-1.0,-1.0,-1.0,-1.0,-1.0,-1.0,-1.0,-1.0,-1.0,-1.0,-1.0,-1.0,-1.0,-1.0,-1.0,-1.0,-1.0,-1.0,-1.0,-1.0,-1.0,-1.0,-1.0,-1.0,-1.0,-1.0,-1.0,-1.0,-1.0,-1.0,-1.0,-1.0,-1.0,-1.0,-1.0,-1.0,-1.0,-1.0,-1.0,-1.0,-1.0,-1.0,-1.0,-1.0,-1.0,-1.0,-1.0,-1.0,-1.0,-1.0,-1.0,-1.0,-1.0,-1.0,-1.0,-1.0,-1.0,-1.0,-1.0,-1.0,-1.0,-1.0,-1.0,-1.0,-1.0,-1.0,-1.0,-1.0,-1.0,-1.0,-1.0,-1.0,-1.0,-1.0,-1.0,-1.0,-1.0,-1.0,-1.0,-1.0,-1.0,-1.0,-1.0,-1.0,-1.0,-1.0,-1.0,-1.0,-1.0,-1.0,-1.0,-1.0,-1.0,-1.0,-1.0,-1.0,-1.0,-1.0,-1.0,-1.0,-1.0,-1.0,-1.0,-1.0,-1.0,-1.0,-1.0,-1.0,-1.0,-1.0,-1.0,-1.0,-1.0,-1.0,-1.0,-1.0,-1.0,-1.0,-1.0,-1.0,-1.0,-1.0,-1.0,-1.0,-1.0,-1.0,-1.0,-1.0,-1.0
WEIGHT_PF,2,,,float,Fitness: profit factor,2.0,2.0,2.0,2.0,2.0,2.0,2.0,2.0,2.0,2.0,2.0,2.0,2.0,2.0,2.0,2.0,2.0,2.0,2.0,2.0,2.0,2.0,2.0,2.0,2.0,2.0,2.0,2.0,2.0,2.0,2.0,2.0,2.0,2.0,2.0,2.0,2.0,2.0,2.0,2.0,2.0,2.0,2.0,2.0,2.0,2.0,2.0,2.0,2.0,2.0,2.0,2.0,2.0,2.0,2.0,2.0,2.0,2.0,2.0,2.0,2.0,2.0,2.0,2.0,2.0,2.0,2.0,2.0,2.0,2.0,2.0,2.0,2.0,2.0,2.0,2.0,2.0,2.0,2.0,2.0,2.0,2.0,2.0,2.0,2.0,2.0,2.0,2.0,2.0,2.0,2.0,2.0,2.0,2.0,2.0,2.0,2.0,2.0,2.0,2.0,2.0,2.0,2.0,2.0,2.0,2.0,2.0,2.0,2.0,2.0,2.0,2.0,2.0,2.0,2.0,2.0,2.0,2.0,2.0,2.0,2.0,2.0,2.0,2.0,2.0,2.0,2.0,2.0,2.0,2.0,2.0,2.0,2.0,2.0,2.0,2.0,2.0,2.0,2.0,2.0,2.0,2.0,2.0,2.0,2.0,2.0,2.0,2.0,2.0,2.0,2.0,2.0,2.0,2.0,2.0,2.0,2.0,2.0,2.0,2.0,2.0,2.0,2.0,2.0,2.0,2.0,2.0,2.0,2.0,2.0,2.0,2.0,2.0,2.0,2.0,2.0,2.0,2.0,2.0,2.0,2.0,2.0,2.0,2.0,2.0,2.0,2.0,2.0,2.0,2.0,2.0,2.0,2.0,2.0,2.0,2.0,2.0,2.0,2.0,2.0,2.0,2.0,2.0,2.0,2.0,2.0,2.0,2.0,2.0,2.0,2.0,2.0,2.0,2.0,2.0,2.0,2.0,2.0,2.0,2.0,2.0,2.0,2.0,2.0,2.0,2.0,2.0,2.0,2.0,2.0,2.0,2.0,2.0,2.0,2.0,2.0,2.0,2.0,2.0,2.0,2.0,2.0,2.0,2.0,2.0,2.0,2.0,2.0,2.0,2.0,2.0,2.0,2.0,2.0,2.0,2.0,2.0,2.0,2.0,2.0,2.0,2.0,2.0,2.0,2.0,2.0,2.0,2.0,2.0,2.0,2.0,2.0,2.0,2.0,2.0,2.0,2.0,2.0,2.0,2.0,2.0,2.0,2.0,2.0,2.0,2.0,2.0,2.0,2.0,2.0,2.0,2.0,2.0,2.0,2.0,2.0,2.0,2.0,2.0,2.0,2.0,2.0,2.0,2.0,2.0,2.0,2.0,2.0,2.0,2.0,2.0,2.0,2.0,2.0,2.0
WEIGHT_TRADES,0.5,,,float,Fitness: trades/day,0.5,0.5,0.5,0.5,0.5,0.5,0.5,0.5,0.5,0.5,0.5,0.5,0.5,0.5,0.5,0.5,0.5,0.5,0.5,0.5,0.5,0.5,0.5,0.5,0.5,0.5,0.5,0.5,0.5,0.5,0.5,0.5,0.5,0.5,0.5,0.5,0.5,0.5,0.5,0.5,0.5,0.5,0.5,0.5,0.5,0.5,0.5,0.5,0.5,0.5,0.5,0.5,0.5,0.5,0.5,0.5,0.5,0.5,0.5,0.5,0.5,0.5,0.5,0.5,0.5,0.5,0.5,0.5,0.5,0.5,0.5,0.5,0.5,0.5,0.5,0.5,0.5,0.5,0.5,0.5,0.5,0.5,0.5,0.5,0.5,0.5,0.5,0.5,0.5,0.5,0.5,0.5,0.5,0.5,0.5,0.5,0.5,0.5,0.5,0.5,0.5,0.5,0.5,0.5,0.5,0.5,0.5,0.5,0.5,0.5,0.5,0.5,0.5,0.5,0.5,0.5,0.5,0.5,0.5,0.5,0.5,0.5,0.5,0.5,0.5,0.5,0.5,0.5,0.5,0.5,0.5,0.5,0.5,0.5,0.5,0.5,0.5,0.5,0.5,0.5,0.5,0.5,0.5,0.5,0.5,0.5,0.5,0.5,0.5,0.5,0.5,0.5,0.5,0.5,0.5,0.5,0.5,0.5,0.5,0.5,0.5,0.5,0.5,0.5,0.5,0.5,0.5,0.5,0.5,0.5,0.5,0.5,0.5,0.5,0.5,0.5,0.5,0.5,0.5,0.5,0.5,0.5,0.5,0.5,0.5,0.5,0.5,0.5,0.5,0.5,0.5,0.5,0.5,0.5,0.5,0.5,0.5,0.5,0.5,0.5,0.5,0.5,0.5,0.5,0.5,0.5,0.5,0.5,0.5,0.5,0.5,0.5,0.5,0.5,0.5,0.5,0.5,0.5,0.5,0.5,0.5,0.5,0.5,0.5,0.5,0.5,0.5,0.5,0.5,0.5,0.5,0.5,0.5,0.5,0.5,0.5,0.5,0.5,0.5,0.5,0.5,0.5,0.5,0.5,0.5,0.5,0.5,0.5,0.5,0.5,0.5,0.5,0.5,0.5,0.5,0.5,0.5,0.5,0.5,0.5,0.5,0.5,0.5,0.5,0.5,0.5,0.5,0.5,0.5,0.5,0.5,0.5,0.5,0.5,0.5,0.5,0.5,0.5,0.5,0.5,0.5,0.5,0.5,0.5,0.5,0.5,0.5,0.5,0.5,0.5,0.5,0.5,0.5,0.5,0.5,0.5,0.5,0.5,0.5,0.5,0.5,0.5,0.5,0.5,0.5,0.5,0.5,0.5,0.5,0.5,0.5,0.5,0.5,0.5,0.5
WEIGHT_PNL,1.2,,,float,Fitness: total PnL,1.2,1.2,1.2,1.2,1.2,1.2,1.2,1.2,1.2,1.2,1.2,1.2,1.2,1.2,1.2,1.2,1.2,1.2,1.2,1.2,1.2,1.2,1.2,1.2,1.2,1.2,1.2,1.2,1.2,1.2,1.2,1.2,1.2,1.2,1.2,1.2,1.2,1.2,1.2,1.2,1.2,1.2,1.2,1.2,1.2,1.2,1.2,1.2,1.2,1.2,1.2,1.2,1.2,1.2,1.2,1.2,1.2,1.2,1.2,1.2,1.2,1.2,1.2,1.2,1.2,1.2,1.2,1.2,1.2,1.2,1.2,1.2,1.2,1.2,1.2,1.2,1.2,1.2,1.2,1.2,1.2,1.2,1.2,1.2,1.2,1.2,1.2,1.2,1.2,1.2,1.2,1.2,1.2,1.2,1.2,1.2,1.2,1.2,1.2,1.2,1.2,1.2,1.2,1.2,1.2,1.2,1.2,1.2,1.2,1.2,1.2,1.2,1.2,1.2,1.2,1.2,1.2,1.2,1.2,1.2,1.2,1.2,1.2,1.2,1.2,1.2,1.2,1.2,1.2,1.2,1.2,1.2,1.2,1.2,1.2,1.2,1.2,1.2,1.2,1.2,1.2,1.2,1.2,1.2,1.2,1.2,1.2,1.2,1.2,1.2,1.2,1.2,1.2,1.2,1.2,1.2,1.2,1.2,1.2,1.2,1.2,1.2,1.2,1.2,1.2,1.2,1.2,1.2,1.2,1.2,1.2,1.2,1.2,1.2,1.2,1.2,1.2,1.2,1.2,1.2,1.2,1.2,1.2,1.2,1.2,1.2,1.2,1.2,1.2,1.2,1.2,1.2,1.2,1.2,1.2,1.2,1.2,1.2,1.2,1.2,1.2,1.2,1.2,1.2,1.2,1.2,1.2,1.2,1.2,1.2,1.2,1.2,1.2,1.2,1.2,1.2,1.2,1.2,1.2,1.2,1.2,1.2,1.2,1.2,1.2,1.2,1.2,1.2,1.2,1.2,1.2,1.2,1.2,1.2,1.2,1.2,1.2,1.2,1.2,1.2,1.2,1.2,1.2,1.2,1.2,1.2,1.2,1.2,1.2,1.2,1.2,1.2,1.2,1.2,1.2,1.2,1.2,1.2,1.2,1.2,1.2,1.2,1.2,1.2,1.2,1.2,1.2,1.2,1.2,1.2,1.2,1.2,1.2,1.2,1.2,1.2,1.2,1.2,1.2,1.2,1.2,1.2,1.2,1.2,1.2,1.2,1.2,1.2,1.2,1.2,1.2,1.2,1.2,1.2,1.2,1.2,1.2,1.2,1.2,1.2,1.2,1.2,1.2,1.2,1.2,1.2,1.2,1.2,1.2,1.2,1.2,1.2,1.2,1.2,1.2
WEIGHT_PPT,1.0,,,float,Fitness: profit/trade,1.0,1.0,1.0,1.0,1.0,1.0,1.0,1.0,1.0,1.0,1.0,1.0,1.0,1.0,1.0,1.0,1.0,1.0,1.0,1.0,1.0,1.0,1.0,1.0,1.0,1.0,1.0,1.0,1.0,1.0,1.0,1.0,1.0,1.0,1.0,1.0,1.0,1.0,1.0,1.0,1.0,1.0,1.0,1.0,1.0,1.0,1.0,1.0,1.0,1.0,1.0,1.0,1.0,1.0,1.0,1.0,1.0,1.0,1.0,1.0,1.0,1.0,1.0,1.0,1.0,1.0,1.0,1.0,1.0,1.0,1.0,1.0,1.0,1.0,1.0,1.0,1.0,1.0,1.0,1.0,1.0,1.0,1.0,1.0,1.0,1.0,1.0,1.0,1.0,1.0,1.0,1.0,1.0,1.0,1.0,1.0,1.0,1.0,1.0,1.0,1.0,1.0,1.0,1.0,1.0,1.0,1.0,1.0,1.0,1.0,1.0,1.0,1.0,1.0,1.0,1.0,1.0,1.0,1.0,1.0,1.0,1.0,1.0,1.0,1.0,1.0,1.0,1.0,1.0,1.0,1.0,1.0,1.0,1.0,1.0,1.0,1.0,1.0,1.0,1.0,1.0,1.0,1.0,1.0,1.0,1.0,1.0,1.0,1.0,1.0,1.0,1.0,1.0,1.0,1.0,1.0,1.0,1.0,1.0,1.0,1.0,1.0,1.0,1.0,1.0,1.0,1.0,1.0,1.0,1.0,1.0,1.0,1.0,1.0,1.0,1.0,1.0,1.0,1.0,1.0,1.0,1.0,1.0,1.0,1.0,1.0,1.0,1.0,1.0,1.0,1.0,1.0,1.0,1.0,1.0,1.0,1.0,1.0,1.0,1.0,1.0,1.0,1.0,1.0,1.0,1.0,1.0,1.0,1.0,1.0,1.0,1.0,1.0,1.0,1.0,1.0,1.0,1.0,1.0,1.0,1.0,1.0,1.0,1.0,1.0,1.0,1.0,1.0,1.0,1.0,1.0,1.0,1.0,1.0,1.0,1.0,1.0,1.0,1.0,1.0,1.0,1.0,1.0,1.0,1.0,1.0,1.0,1.0,1.0,1.0,1.0,1.0,1.0,1.0,1.0,1.0,1.0,1.0,1.0,1.0,1.0,1.0,1.0,1.0,1.0,1.0,1.0,1.0,1.0,1.0,1.0,1.0,1.0,1.0,1.0,1.0,1.0,1.0,1.0,1.0,1.0,1.0,1.0,1.0,1.0,1.0,1.0,1.0,1.0,1.0,1.0,1.0,1.0,1.0,1.0,1.0,1.0,1.0,1.0,1.0,1.0,1.0,1.0,1.0,1.0,1.0,1.0,1.0,1.0,1.0,1.0,1.0,1.0,1.0,1.0
MIN_TRADE_DURATION,3,3,3,float,Min avg hold minutes,3.0,3.0,3.0,3.0,3.0,3.0,3.0,3.0,3.0,3.0,3.0,3.0,3.0,3.0,3.0,3.0,3.0,3.0,3.0,3.0,3.0,3.0,3.0,3.0,3.0,3.0,3.0,3.0,3.0,3.0,3.0,3.0,3.0,3.0,3.0,3.0,3.0,3.0,3.0,3.0,3.0,3.0,3.0,3.0,3.0,3.0,3.0,3.0,3.0,3.0,3.0,3.0,3.0,3.0,3.0,3.0,3.0,3.0,3.0,3.0,3.0,3.0,3.0,3.0,3.0,3.0,3.0,3.0,3.0,3.0,3.0,3.0,3.0,3.0,3.0,3.0,3.0,3.0,3.0,3.0,3.0,3.0,3.0,3.0,3.0,3.0,3.0,3.0,3.0,3.0,3.0,3.0,3.0,3.0,3.0,3.0,3.0,3.0,3.0,3.0,3.0,3.0,3.0,3.0,3.0,3.0,3.0,3.0,3.0,3.0,3.0,3.0,3.0,3.0,3.0,3.0,3.0,3.0,3.0,3.0,3.0,3.0,3.0,3.0,3.0,3.0,3.0,3.0,3.0,3.0,3.0,3.0,3.0,3.0,3.0,3.0,3.0,3.0,3.0,3.0,3.0,3.0,3.0,3.0,3.0,3.0,3.0,3.0,3.0,3.0,3.0,3.0,3.0,3.0,3.0,3.0,3.0,3.0,3.0,3.0,3.0,3.0,3.0,3.0,3.0,3.0,3.0,3.0,3.0,3.0,3.0,3.0,3.0,3.0,3.0,3.0,3.0,3.0,3.0,3.0,3.0,3.0,3.0,3.0,3.0,3.0,3.0,3.0,3.0,3.0,3.0,3.0,3.0,3.0,3.0,3.0,3.0,3.0,3.0,3.0,3.0,3.0,3.0,3.0,3.0,3.0,3.0,3.0,3.0,3.0,3.0,3.0,3.0,3.0,3.0,3.0,3.0,3.0,3.0,3.0,3.0,3.0,3.0,3.0,3.0,3.0,3.0,3.0,3.0,3.0,3.0,3.0,3.0,3.0,3.0,3.0,3.0,3.0,3.0,3.0,3.0,3.0,3.0,3.0,3.0,3.0,3.0,3.0,3.0,3.0,3.0,3.0,3.0,3.0,3.0,3.0,3.0,3.0,3.0,3.0,3.0,3.0,3.0,3.0,3.0,3.0,3.0,3.0,3.0,3.0,3.0,3.0,3.0,3.0,3.0,3.0,3.0,3.0,3.0,3.0,3.0,3.0,3.0,3.0,3.0,3.0,3.0,3.0,3.0,3.0,3.0,3.0,3.0,3.0,3.0,3.0,3.0,3.0,3.0,3.0,3.0,3.0,3.0,3.0,3.0,3.0,3.0,3.0,3.0,3.0,3.0,3.0,3.0,3.0,3.0
MAX_WIN_RATE_CAP,0.85,0.85,0.85,float,Suspicious win-rate cap,0.85,0.85,0.85,0.85,0.85,0.85,0.85,0.85,0.85,0.85,0.85,0.85,0.85,0.85,0.85,0.85,0.85,0.85,0.85,0.85,0.85,0.85,0.85,0.85,0.85,0.85,0.85,0.85,0.85,0.85,0.85,0.85,0.85,0.85,0.85,0.85,0.85,0.85,0.85,0.85,0.85,0.85,0.85,0.85,0.85,0.85,0.85,0.85,0.85,0.85,0.85,0.85,0.85,0.85,0.85,0.85,0.85,0.85,0.85,0.85,0.85,0.85,0.85,0.85,0.85,0.85,0.85,0.85,0.85,0.85,0.85,0.85,0.85,0.85,0.85,0.85,0.85,0.85,0.85,0.85,0.85,0.85,0.85,0.85,0.85,0.85,0.85,0.85,0.85,0.85,0.85,0.85,0.85,0.85,0.85,0.85,0.85,0.85,0.85,0.85,0.85,0.85,0.85,0.85,0.85,0.85,0.85,0.85,0.85,0.85,0.85,0.85,0.85,0.85,0.85,0.85,0.85,0.85,0.85,0.85,0.85,0.85,0.85,0.85,0.85,0.85,0.85,0.85,0.85,0.85,0.85,0.85,0.85,0.85,0.85,0.85,0.85,0.85,0.85,0.85,0.85,0.85,0.85,0.85,0.85,0.85,0.85,0.85,0.85,0.85,0.85,0.85,0.85,0.85,0.85,0.85,0.85,0.85,0.85,0.85,0.85,0.85,0.85,0.85,0.85,0.85,0.85,0.85,0.85,0.85,0.85,0.85,0.85,0.85,0.85,0.85,0.85,0.85,0.85,0.85,0.85,0.85,0.85,0.85,0.85,0.85,0.85,0.85,0.85,0.85,0.85,0.85,0.85,0.85,0.85,0.85,0.85,0.85,0.85,0.85,0.85,0.85,0.85,0.85,0.85,0.85,0.85,0.85,0.85,0.85,0.85,0.85,0.85,0.85,0.85,0.85,0.85,0.85,0.85,0.85,0.85,0.85,0.85,0.85,0.85,0.85,0.85,0.85,0.85,0.85,0.85,0.85,0.85,0.85,0.85,0.85,0.85,0.85,0.85,0.85,0.85,0.85,0.85,0.85,0.85,0.85,0.85,0.85,0.85,0.85,0.85,0.85,0.85,0.85,0.85,0.85,0.85,0.85,0.85,0.85,0.85,0.85,0.85,0.85,0.85,0.85,0.85,0.85,0.85,0.85,0.85,0.85,0.85,0.85,0.85,0.85,0.85,0.85,0.85,0.85,0.85,0.85,0.85,0.85,0.85,0.85,0.85,0.85,0.85,0.85,0.85,0.85,0.85,0.85,0.85,0.85,0.85,0.85,0.85,0.85,0.85,0.85,0.85,0.85,0.85,0.85,0.85,0.85,0.85,0.85,0.85,0.85,0.85,0.85,0.85
LIMIT_MAX_LOSS,50000,50000,50000,float,Loss soft-gate,50000.0,50000.0,50000.0,50000.0,50000.0,50000.0,50000.0,50000.0,50000.0,50000.0,50000.0,50000.0,50000.0,50000.0,50000.0,50000.0,50000.0,50000.0,50000.0,50000.0,50000.0,50000.0,50000.0,50000.0,50000.0,50000.0,50000.0,50000.0,50000.0,50000.0,50000.0,50000.0,50000.0,50000.0,50000.0,50000.0,50000.0,50000.0,50000.0,50000.0,50000.0,50000.0,50000.0,50000.0,50000.0,50000.0,50000.0,50000.0,50000.0,50000.0,50000.0,50000.0,50000.0,50000.0,50000.0,50000.0,50000.0,50000.0,50000.0,50000.0,50000.0,50000.0,50000.0,50000.0,50000.0,50000.0,50000.0,50000.0,50000.0,50000.0,50000.0,50000.0,50000.0,50000.0,50000.0,50000.0,50000.0,50000.0,50000.0,50000.0,50000.0,50000.0,50000.0,50000.0,50000.0,50000.0,50000.0,50000.0,50000.0,50000.0,50000.0,50000.0,50000.0,50000.0,50000.0,50000.0,50000.0,50000.0,50000.0,50000.0,50000.0,50000.0,50000.0,50000.0,50000.0,50000.0,50000.0,50000.0,50000.0,50000.0,50000.0,50000.0,50000.0,50000.0,50000.0,50000.0,50000.0,50000.0,50000.0,50000.0,50000.0,50000.0,50000.0,50000.0,50000.0,50000.0,50000.0,50000.0,50000.0,50000.0,50000.0,50000.0,50000.0,50000.0,50000.0,50000.0,50000.0,50000.0,50000.0,50000.0,50000.0,50000.0,50000.0,50000.0,50000.0,50000.0,50000.0,50000.0,50000.0,50000.0,50000.0,50000.0,50000.0,50000.0,50000.0,50000.0,50000.0,50000.0,50000.0,50000.0,50000.0,50000.0,50000.0,50000.0,50000.0,50000.0,50000.0,50000.0,50000.0,50000.0,50000.0,50000.0,50000.0,50000.0,50000.0,50000.0,50000.0,50000.0,50000.0,50000.0,50000.0,50000.0,50000.0,50000.0,50000.0,50000.0,50000.0,50000.0,50000.0,50000.0,50000.0,50000.0,50000.0,50000.0,50000.0,50000.0,50000.0,50000.0,50000.0,50000.0,50000.0,50000.0,50000.0,50000.0,50000.0,50000.0,50000.0,50000.0,50000.0,50000.0,50000.0,50000.0,50000.0,50000.0,50000.0,50000.0,50000.0,50000.0,50000.0,50000.0,50000.0,50000.0,50000.0,50000.0,50000.0,50000.0,50000.0,50000.0,50000.0,50000.0,50000.0,50000.0,50000.0,50000.0,50000.0,50000.0,50000.0,50000.0,50000.0,50000.0,50000.0,50000.0,50000.0,50000.0,50000.0,50000.0,50000.0,50000.0,50000.0,50000.0,50000.0,50000.0,50000.0,50000.0,50000.0,50000.0,50000.0,50000.0,50000.0,50000.0,50000.0,50000.0,50000.0,50000.0,50000.0,50000.0,50000.0,50000.0,50000.0,50000.0,50000.0,50000.0,50000.0,50000.0,50000.0,50000.0,50000.0,50000.0,50000.0,50000.0,50000.0,50000.0,50000.0,50000.0,50000.0,50000.0,50000.0,50000.0,50000.0,50000.0,50000.0,50000.0,50000.0,50000.0,50000.0,50000.0,50000.0,50000.0,50000.0,50000.0,50000.0,50000.0,50000.0,50000.0,50000.0,50000.0,50000.0,50000.0,50000.0,50000.0,50000.0,50000.0,50000.0,50000.0,50000.0
LIMIT_MIN_SORTINO,0.4,0.4,0.4,float,Sortino soft-gate,0.4,0.4,0.4,0.4,0.4,0.4,0.4,0.4,0.4,0.4,0.4,0.4,0.4,0.4,0.4,0.4,0.4,0.4,0.4,0.4,0.4,0.4,0.4,0.4,0.4,0.4,0.4,0.4,0.4,0.4,0.4,0.4,0.4,0.4,0.4,0.4,0.4,0.4,0.4,0.4,0.4,0.4,0.4,0.4,0.4,0.4,0.4,0.4,0.4,0.4,0.4,0.4,0.4,0.4,0.4,0.4,0.4,0.4,0.4,0.4,0.4,0.4,0.4,0.4,0.4,0.4,0.4,0.4,0.4,0.4,0.4,0.4,0.4,0.4,0.4,0.4,0.4,0.4,0.4,0.4,0.4,0.4,0.4,0.4,0.4,0.4,0.4,0.4,0.4,0.4,0.4,0.4,0.4,0.4,0.4,0.4,0.4,0.4,0.4,0.4,0.4,0.4,0.4,0.4,0.4,0.4,0.4,0.4,0.4,0.4,0.4,0.4,0.4,0.4,0.4,0.4,0.4,0.4,0.4,0.4,0.4,0.4,0.4,0.4,0.4,0.4,0.4,0.4,0.4,0.4,0.4,0.4,0.4,0.4,0.4,0.4,0.4,0.4,0.4,0.4,0.4,0.4,0.4,0.4,0.4,0.4,0.4,0.4,0.4,0.4,0.4,0.4,0.4,0.4,0.4,0.4,0.4,0.4,0.4,0.4,0.4,0.4,0.4,0.4,0.4,0.4,0.4,0.4,0.4,0.4,0.4,0.4,0.4,0.4,0.4,0.4,0.4,0.4,0.4,0.4,0.4,0.4,0.4,0.4,0.4,0.4,0.4,0.4,0.4,0.4,0.4,0.4,0.4,0.4,0.4,0.4,0.4,0.4,0.4,0.4,0.4,0.4,0.4,0.4,0.4,0.4,0.4,0.4,0.4,0.4,0.4,0.4,0.4,0.4,0.4,0.4,0.4,0.4,0.4,0.4,0.4,0.4,0.4,0.4,0.4,0.4,0.4,0.4,0.4,0.4,0.4,0.4,0.4,0.4,0.4,0.4,0.4,0.4,0.4,0.4,0.4,0.4,0.4,0.4,0.4,0.4,0.4,0.4,0.4,0.4,0.4,0.4,0.4,0.4,0.4,0.4,0.4,0.4,0.4,0.4,0.4,0.4,0.4,0.4,0.4,0.4,0.4,0.4,0.4,0.4,0.4,0.4,0.4,0.4,0.4,0.4,0.4,0.4,0.4,0.4,0.4,0.4,0.4,0.4,0.4,0.4,0.4,0.4,0.4,0.4,0.4,0.4,0.4,0.4,0.4,0.4,0.4,0.4,0.4,0.4,0.4,0.4,0.4,0.4,0.4,0.4,0.4,0.4,0.4,0.4,0.4,0.4,0.4,0.4,0.4
=== SOLUTION STATISTICS ===,,,,,,,,,,,,,,,,,,,,,,,,,,,,,,,,,,,,,,,,,,,,,,,,,,,,,,,,,,,,,,,,,,,,,,,,,,,,,,,,,,,,,,,,,,,,,,,,,,,,,,,,,,,,,,,,,,,,,,,,,,,,,,,,,,,,,,,,,,,,,,,,,,,,,,,,,,,,,,,,,,,,,,,,,,,,,,,,,,,,,,,,,,,,,,,,,,,,,,,,,,,,,,,,,,,,,,,,,,,,,,,,,,,,,,,,,,,,,,,,,,,,,,,,,,,,,,,,,,,,,,,,,,,,,,,,,,,,,,,,,,,,,,,,,,,,,,,,,,,,,,,,,,,,,,,,,,,,,,,,
Sortino Ratio (IS aggregate),,,,statistic,Sortino Ratio (IS aggregate) for each solution,13.1984,13.1984,13.1984,13.1984,13.1984,13.1984,12.7742,12.7469,12.4679,12.4677,12.4606,12.3431,12.3245,12.2605,12.1511,12.0095,12.0057,11.7922,11.7894,11.7894,11.7888,11.7212,11.5286,11.5246,11.4995,11.4546,11.2776,11.2572,11.2230,11.0240,10.9169,10.9137,10.9040,10.8869,10.8869,10.8869,10.8373,10.7737,10.6771,10.6537,10.6215,10.5666,10.5564,10.4025,10.2657,10.2657,10.0531,10.0496,10.0481,10.0228,10.0160,10.0141,10.0069,10.0069,9.9545,9.9317,9.9021,9.8420,9.5458,9.5391,9.5317,9.5317,9.4925,9.4451,9.4451,9.4300,9.3707,9.0661,9.0315,8.9766,8.9087,8.8352,8.8225,8.7730,8.7398,8.6949,8.6882,8.6882,8.6524,8.5191,8.4798,8.4742,8.4426,8.4016,8.3904,8.3537,8.2712,8.2077,8.2042,8.1632,8.1418,8.1268,7.9743,7.8598,7.8064,7.8064,7.8064,7.7502,7.7183,7.7076,7.6638,7.6630,7.6630,7.6412,7.6044,7.5113,7.4986,7.4871,7.4844,7.4612,7.4363,7.3821,7.3359,7.3058,7.2856,7.2843,7.2491,7.2491,7.1143,6.9961,6.9692,6.9670,6.9542,6.8999,6.8667,6.6683,6.6531,6.6527,6.6495,6.6041,6.5742,6.5740,6.5648,6.4975,6.4931,6.4594,6.4433,6.4357,6.3788,6.3752,6.3640,6.3356,6.2024,6.0911,6.0871,6.0177,5.9635,5.9409,5.9363,5.9071,5.9040,5.8944,5.8144,5.7684,5.6804,5.5846,5.5665,5.5079,5.5057,5.4917,5.4781,5.4613,5.4348,5.4132,5.4034,5.3291,5.3291,5.3291,5.2436,5.1981,5.1981,5.1981,5.1594,5.0927,5.0927,4.9786,4.9541,4.9541,4.9541,4.8937,4.8896,4.8896,4.6561,4.5829,4.4632,4.4130,4.4130,4.4130,4.3781,4.2481,4.2070,4.2002,4.1934,4.1754,4.1754,4.1626,4.0732,4.0559,4.0298,4.0298,4.0024,3.9957,3.9817,3.9710,3.9082,3.8927,3.7708,3.7635,3.7285,3.7285,3.7257,3.6483,3.6199,3.6148,3.5983,3.5892,3.4708,3.4286,3.4286,3.4023,3.3853,3.3726,3.3346,3.3210,3.2827,3.2349,3.1262,3.1213,3.0606,3.0606,3.0177,2.9941,2.9857,2.9583,2.9372,2.9193,2.9097,2.8324,2.8324,2.8197,2.7957,2.7953,2.7946,2.7687,2.7681,2.7575,2.7440,2.6665,2.6060,2.5786,2.5786,2.5786,2.5705,2.5400,2.5228,2.4580,2.4281,2.3978,2.3382,2.3091,2.3091,2.2529,2.1876,2.1856,2.1566,2.1347,2.1318,2.0905,2.0697,2.0660,2.0548,2.0207,1.9798,1.9180,1.8552,1.8462,1.6194,1.5920,1.5549,1.5525,1.5249,1.4951,1.4559,1.4559,1.4138,1.4138,1.3569,1.3567,1.3454,1.3401,1.3265,1.3147,1.3147,1.2943,1.2542,1.2464,1.2464,1.1564,1.1281,1.0031,0.9546,0.8065,0.7844,0.7668,0.7595,0.7528,0.6698,0.6646,0.6412,0.6412,0.5436,0.5269,0.4967,0.4650,0.1170
Max Drawdown ($) (IS aggregate),,,,statistic,Max Drawdown ($) (IS aggregate) for each solution,"$14,371.00","$14,371.00","$14,371.00","$14,371.00","$14,371.00","$14,371.00","$13,316.50","$15,491.50","$14,189.50","$14,902.50","$15,563.50","$14,185.50","$12,144.50","$14,788.00","$13,037.50","$13,924.00","$11,543.00","$12,590.00","$12,844.00","$12,844.00","$12,805.50","$15,248.50","$13,607.50","$14,390.00","$12,318.50","$13,319.00","$11,790.00","$13,139.50","$12,470.00","$14,802.00","$13,441.00","$12,069.00","$15,363.00","$12,291.00","$12,291.00","$12,291.00","$14,549.50","$12,355.50","$12,322.50","$12,936.50","$15,227.00","$14,107.50","$13,539.00","$11,869.50","$10,871.50","$10,871.50","$14,837.50","$15,438.00","$15,177.50","$10,377.50","$14,108.00","$15,669.00","$15,525.50","$15,525.50","$13,300.50","$17,017.00","$13,675.50","$13,047.00","$13,253.00","$13,031.50","$16,496.00","$16,496.00","$17,977.50","$16,717.00","$16,717.00","$15,773.50","$16,074.50","$15,902.00","$11,055.50","$10,956.50","$18,597.50","$15,782.00","$11,776.00","$15,782.00","$16,360.50","$15,403.00","$11,739.50","$11,739.50","$11,288.00","$17,187.50","$15,423.00","$17,364.50","$15,478.00","$11,060.50","$14,870.00","$14,755.00","$15,687.50","$10,615.50","$18,053.50","$12,053.50","$14,898.00","$16,299.00","$17,076.00","$14,729.00","$8,843.50","$8,843.50","$8,843.50","$15,779.00","$21,040.00","$14,689.50","$20,362.50","$16,203.00","$16,203.00","$16,020.50","$19,907.00","$9,750.00","$13,771.50","$19,263.00","$15,288.00","$18,394.00","$12,105.50","$12,639.00","$18,772.50","$18,440.50","$19,527.50","$16,334.50","$18,034.00","$18,034.00","$13,153.00","$21,595.00","$19,848.00","$18,061.00","$18,923.50","$14,493.00","$17,668.00","$17,325.50","$19,549.50","$18,787.00","$18,432.00","$17,224.50","$18,240.00","$18,498.00","$20,279.50","$20,457.50","$16,088.00","$22,797.00","$17,859.00","$16,690.50","$10,137.50","$14,236.00","$9,911.50","$9,748.00","$14,421.50","$18,625.00","$17,518.00","$16,770.50","$19,498.50","$18,594.00","$15,756.00","$18,394.50","$21,818.50","$13,096.00","$18,625.00","$16,788.50","$14,189.00","$17,207.00","$17,696.50","$17,181.00","$24,425.50","$11,437.50","$23,613.00","$21,490.00","$16,081.50","$13,811.00","$27,807.50","$13,734.00","$13,734.00","$13,734.00","$26,379.00","$28,658.50","$28,658.50","$28,658.50","$12,618.00","$28,658.50","$28,658.50","$13,495.00","$11,574.00","$11,574.00","$11,574.00","$13,495.00","$28,633.50","$28,633.50","$11,232.00","$9,678.00","$27,800.50","$28,081.50","$28,081.50","$28,081.50","$26,296.50","$17,877.00","$26,921.00","$15,522.00","$11,092.00","$27,387.50","$27,387.50","$26,394.50","$17,841.00","$26,160.00","$10,883.00","$10,883.00","$17,336.50","$24,114.50","$17,092.00","$16,127.00","$18,303.50","$16,323.00","$35,431.00","$15,320.50","$37,539.50","$37,539.50","$35,994.50","$18,118.00","$29,514.50","$12,015.50","$33,233.50","$33,651.50","$31,933.00","$18,036.50","$18,036.50","$33,892.50","$18,036.50","$35,704.00","$10,666.50","$10,929.00","$17,081.00","$15,508.00","$27,797.00","$16,120.00","$30,654.00","$30,654.00","$24,460.00","$19,217.00","$23,893.00","$23,893.00","$24,222.00","$19,275.00","$19,275.00","$17,440.00","$17,440.00","$23,465.00","$21,907.50","$15,383.00","$21,829.50","$23,686.00","$22,846.00","$18,107.00","$25,542.50","$18,460.00","$17,457.50","$15,362.50","$15,362.50","$15,362.50","$15,362.50","$20,549.50","$20,170.00","$19,682.00","$21,174.00","$12,921.50","$17,168.50","$16,933.50","$16,933.50","$26,875.00","$21,302.00","$21,662.50","$19,811.50","$24,356.50","$27,823.00","$31,939.50","$26,329.50","$16,508.00","$17,405.00","$12,777.50","$16,863.50","$28,160.50","$17,005.00","$28,535.50","$31,573.50","$29,169.00","$36,307.50","$31,946.00","$25,013.50","$36,802.00","$28,730.50","$28,730.50","$28,767.50","$28,767.50","$33,699.00","$25,612.50","$35,098.00","$35,350.50","$24,927.00","$21,227.00","$21,227.00","$14,837.00","$38,252.00","$29,327.00","$29,327.00","$32,786.50","$32,103.50","$27,396.00","$37,050.50","$32,024.50","$33,781.50","$28,501.00","$28,513.00","$28,891.00","$26,727.50","$28,708.00","$36,059.50","$36,059.50","$24,304.00","$26,480.00","$19,286.00","$27,036.50","$53,865.00"
Profit Factor (IS aggregate),,,,statistic,Profit Factor (IS aggregate) for each solution,1.7988,1.7988,1.7988,1.7988,1.7988,1.7988,1.7774,1.8091,1.7762,1.7472,1.7488,1.7731,1.7333,1.7649,1.7442,1.7204,1.7299,1.7181,1.6976,1.6976,1.6980,1.7236,1.7062,1.7066,1.6835,1.7038,1.6860,1.6880,1.6935,1.6489,1.6579,1.6504,1.6362,1.6810,1.6810,1.6810,1.6520,1.6710,1.6479,1.6540,1.6261,1.6509,1.6469,1.6523,1.6469,1.6469,1.6114,1.6129,1.6008,1.5971,1.6098,1.6090,1.6068,1.6068,1.5947,1.6005,1.5959,1.6197,1.5912,1.5938,1.5771,1.5771,1.5874,1.5980,1.5980,1.5644,1.5829,1.5557,1.5702,1.5623,1.5262,1.5298,1.5491,1.5246,1.5202,1.5236,1.5415,1.5415,1.6555,1.5060,1.5246,1.5173,1.5053,1.5267,1.5195,1.5127,1.5118,1.5043,1.4823,1.4983,1.5009,1.4857,1.4684,1.4930,1.4424,1.4424,1.4424,1.4761,1.4636,1.4679,1.4608,1.4683,1.4683,1.4651,1.4573,1.4517,1.4515,1.4517,1.4519,1.4561,1.4564,1.4429,1.4497,1.4347,1.4453,1.4386,1.4405,1.4405,1.4239,1.4180,1.4203,1.4007,1.4239,1.4188,1.4176,1.4012,1.4029,1.4038,1.4019,1.3986,1.3987,1.3963,1.3918,1.3923,1.3859,1.3841,1.3914,1.3814,1.3862,1.3842,1.3780,1.3866,1.3680,1.3689,1.3665,1.3663,1.3558,1.3532,1.3577,1.3538,1.3591,1.3630,1.3545,1.3618,1.3416,1.3276,1.3319,1.3263,1.3501,1.3292,1.3478,1.3224,1.3212,1.3610,1.3361,1.3595,1.3595,1.3595,1.3293,1.3219,1.3219,1.3219,1.2956,1.3149,1.3149,1.3298,1.2951,1.2951,1.2951,1.3231,1.3049,1.3049,1.2795,1.2770,1.2884,1.2830,1.2830,1.2830,1.2957,1.2650,1.2835,1.2695,1.2528,1.2811,1.2811,1.2803,1.2467,1.2681,1.2454,1.2454,1.2478,1.2700,1.2481,1.2505,1.2470,1.2356,1.2091,1.2644,1.2191,1.2191,1.2153,1.2266,1.2040,1.2141,1.2066,1.2067,1.2065,1.2130,1.2130,1.1947,1.2115,1.1957,1.1991,1.2006,1.2256,1.2248,1.1774,1.2155,1.1753,1.1753,1.1815,1.2083,1.1954,1.1932,1.1766,1.1957,1.1954,1.1847,1.1847,1.1825,1.1812,1.1972,1.1653,1.1657,1.1669,1.1775,1.1662,1.1839,1.1798,1.1792,1.1792,1.1792,1.1789,1.1651,1.1638,1.1600,1.1461,1.1560,1.1605,1.1433,1.1433,1.1340,1.1311,1.1310,1.1330,1.1266,1.1271,1.1218,1.1219,1.1403,1.1404,1.1281,1.1343,1.1134,1.1137,1.1122,1.0971,1.0939,1.0983,1.0932,1.0953,1.0945,1.0905,1.0905,1.0878,1.0878,1.0857,1.0847,1.0845,1.0842,1.0835,1.0762,1.0762,1.0800,1.0755,1.0742,1.0742,1.0686,1.0720,1.0629,1.0607,1.0513,1.0498,1.0490,1.0501,1.0481,1.0439,1.0421,1.0409,1.0409,1.0349,1.0336,1.0321,1.0296,1.0076
Avg Trades/Day (IS aggregate),,,,statistic,Avg Trades/Day (IS aggregate) for each solution,0.307,0.307,0.307,0.307,0.307,0.307,0.309,0.317,0.310,0.324,0.332,0.319,0.329,0.320,0.318,0.341,0.328,0.333,0.349,0.349,0.349,0.331,0.346,0.343,0.358,0.346,0.348,0.350,0.352,0.359,0.365,0.354,0.371,0.353,0.353,0.353,0.366,0.359,0.363,0.366,0.371,0.373,0.374,0.380,0.348,0.348,0.381,0.381,0.382,0.376,0.381,0.384,0.382,0.382,0.382,0.386,0.385,0.386,0.390,0.390,0.402,0.402,0.392,0.394,0.394,0.397,0.400,0.405,0.397,0.399,0.406,0.410,0.401,0.411,0.411,0.419,0.401,0.401,0.326,0.451,0.407,0.444,0.420,0.400,0.410,0.413,0.417,0.402,0.458,0.411,0.420,0.423,0.426,0.415,0.309,0.309,0.309,0.421,0.462,0.422,0.460,0.426,0.426,0.432,0.464,0.368,0.438,0.464,0.446,0.461,0.414,0.427,0.467,0.472,0.471,0.448,0.474,0.474,0.437,0.477,0.483,0.482,0.479,0.451,0.481,0.458,0.491,0.489,0.487,0.480,0.485,0.495,0.502,0.504,0.453,0.509,0.504,0.454,0.385,0.456,0.403,0.371,0.458,0.508,0.502,0.469,0.509,0.525,0.463,0.513,0.510,0.449,0.510,0.473,0.458,0.532,0.510,0.480,0.531,0.414,0.547,0.541,0.521,0.545,0.548,0.544,0.544,0.544,0.551,0.557,0.557,0.557,0.422,0.558,0.558,0.546,0.432,0.432,0.432,0.549,0.555,0.555,0.410,0.407,0.556,0.557,0.557,0.557,0.554,0.583,0.564,0.559,0.440,0.565,0.565,0.572,0.578,0.575,0.457,0.457,0.596,0.578,0.596,0.570,0.651,0.591,0.785,0.594,0.813,0.813,0.871,0.649,0.850,0.484,0.831,0.803,0.730,0.649,0.649,0.913,0.636,0.831,0.506,0.497,0.642,0.609,0.732,0.623,0.881,0.881,1.025,0.653,0.713,0.715,1.036,0.669,0.671,0.839,0.839,0.734,0.755,0.656,1.013,1.082,1.029,0.671,1.078,0.665,0.657,0.642,0.642,0.642,0.646,0.882,0.882,0.897,1.082,0.521,0.665,0.747,0.747,1.117,1.133,1.105,1.103,1.128,1.127,1.158,1.142,0.675,0.694,0.519,0.682,1.164,0.836,1.180,1.182,1.184,1.223,1.196,1.139,1.226,1.205,1.205,1.212,1.212,1.213,1.152,1.215,1.218,1.178,1.161,1.161,0.576,1.311,1.226,1.226,1.230,1.315,1.187,1.335,1.273,1.329,1.237,1.335,1.396,1.253,1.365,1.400,1.400,1.250,1.286,0.879,1.312,1.415
Total Profit ($) (IS aggregate),,,,statistic,Total Profit ($) (IS aggregate) for each solution,"$97,161.00","$97,161.00","$97,161.00","$97,161.00","$97,161.00","$97,161.00","$97,894.00","$102,669.00","$97,608.00","$97,442.50","$101,040.00","$100,053.00","$97,623.50","$99,450.50","$96,680.00","$98,947.00","$97,638.00","$97,340.50","$98,815.50","$98,815.50","$98,854.00","$99,033.50","$99,036.00","$98,508.00","$98,884.50","$99,048.50","$98,137.00","$98,018.50","$98,717.00","$94,197.50","$96,476.00","$95,459.00","$96,588.50","$97,354.00","$97,354.00","$97,354.00","$95,949.50","$98,076.50","$95,038.50","$97,012.00","$93,441.50","$97,647.00","$97,660.00","$101,068.50","$91,900.50","$91,900.50","$94,282.50","$94,449.00","$93,979.00","$91,834.50","$94,223.00","$94,283.50","$93,870.00","$93,870.00","$95,050.50","$92,301.00","$93,367.50","$97,140.00","$94,400.50","$94,719.50","$94,148.00","$94,148.00","$94,713.50","$96,008.00","$96,008.00","$92,253.50","$94,772.00","$91,897.00","$91,659.00","$91,320.50","$88,646.00","$87,656.50","$89,936.00","$87,091.50","$87,263.00","$87,463.50","$88,679.00","$88,679.00","$75,350.50","$93,591.00","$87,587.50","$93,518.50","$85,671.00","$87,728.00","$88,058.00","$88,082.00","$88,459.50","$83,031.50","$91,277.50","$85,239.50","$86,806.50","$83,373.50","$84,173.50","$83,953.50","$53,552.50","$53,552.50","$53,552.50","$82,528.00","$89,062.00","$81,888.00","$88,205.00","$81,900.00","$81,900.00","$83,533.50","$88,036.00","$64,227.50","$80,452.00","$87,092.50","$85,255.50","$87,853.00","$78,401.50","$78,668.00","$87,250.00","$84,478.00","$87,543.00","$80,990.50","$87,054.50","$87,054.50","$77,342.50","$82,737.00","$83,278.50","$79,795.50","$85,117.00","$81,234.00","$83,488.50","$76,575.50","$83,419.50","$83,541.50","$82,671.00","$80,226.00","$80,191.50","$82,893.00","$81,870.50","$82,450.00","$72,243.00","$80,954.00","$82,408.00","$71,640.50","$59,256.50","$73,918.00","$59,996.00","$57,677.00","$70,400.00","$78,386.00","$77,758.00","$71,118.50","$75,578.50","$77,269.00","$69,868.50","$75,134.50","$77,140.50","$67,081.50","$75,812.00","$71,530.50","$65,222.50","$73,058.00","$71,071.00","$68,076.00","$78,803.50","$53,208.00","$80,303.00","$71,672.50","$71,853.50","$80,023.00","$77,099.00","$79,790.00","$79,790.00","$79,790.00","$76,232.50","$74,868.50","$74,868.50","$74,868.50","$49,981.50","$73,545.00","$73,545.00","$73,496.50","$51,573.00","$51,573.00","$51,573.00","$72,450.50","$72,135.00","$72,135.00","$46,483.50","$45,227.50","$67,080.00","$65,999.50","$65,999.50","$65,999.50","$70,473.00","$65,441.50","$68,828.50","$62,136.00","$43,955.50","$68,362.00","$68,362.00","$68,493.00","$59,858.00","$65,348.50","$44,032.50","$44,032.50","$62,310.00","$67,093.00","$62,189.00","$59,737.50","$67,189.00","$58,851.50","$55,309.00","$66,974.00","$62,158.00","$62,158.00","$63,057.00","$61,639.00","$58,593.50","$41,505.50","$58,300.00","$57,355.00","$52,719.00","$57,988.50","$57,988.50","$60,295.00","$57,283.50","$56,745.50","$40,761.00","$40,009.50","$61,431.00","$58,369.50","$45,016.50","$57,108.50","$54,266.50","$54,266.50","$61,755.50","$57,575.00","$57,477.50","$57,017.00","$61,038.00","$55,807.00","$55,767.00","$62,111.50","$62,111.50","$55,546.50","$56,359.50","$54,729.00","$55,592.00","$60,100.50","$59,230.50","$50,831.00","$60,869.50","$52,122.00","$50,552.50","$48,691.50","$48,691.50","$48,691.50","$48,754.50","$57,560.00","$57,145.50","$56,835.50","$54,279.50","$33,716.00","$46,012.00","$37,197.50","$37,197.50","$50,242.00","$48,657.50","$49,866.50","$49,683.00","$48,620.00","$48,196.00","$48,377.50","$46,856.50","$41,205.00","$41,094.50","$27,348.00","$39,714.50","$44,680.50","$33,431.00","$44,099.00","$39,020.00","$37,388.00","$39,632.50","$38,496.00","$37,543.00","$38,247.50","$36,568.50","$36,568.50","$35,682.50","$35,682.50","$34,126.50","$33,804.50","$33,670.50","$33,615.50","$33,748.50","$30,189.50","$30,189.50","$19,000.00","$32,425.50","$31,520.50","$31,520.50","$28,038.00","$31,225.50","$25,990.00","$26,717.50","$21,909.50","$22,043.00","$20,573.00","$22,370.00","$21,933.00","$18,579.00","$19,014.50","$18,829.50","$18,829.50","$15,015.00","$14,508.50","$10,663.50","$13,063.50","$3,605.00"
Avg Profit/Trade ($) (IS aggregate),,,,statistic,Avg Profit/Trade ($) (IS aggregate) for each solution,$321.73,$321.73,$321.73,$321.73,$321.73,$321.73,$322.02,$329.07,$320.03,$305.46,$308.99,$318.64,$301.31,$315.72,$308.88,$294.49,$302.28,$296.77,$287.25,$287.25,$287.37,$303.78,$290.43,$291.44,$280.13,$290.46,$286.11,$284.11,$284.49,$266.09,$267.99,$273.52,$264.63,$279.75,$279.75,$279.75,$265.79,$277.05,$265.47,$268.73,$256.00,$266.07,$265.38,$270.24,$267.93,$267.93,$251.42,$251.86,$249.94,$248.20,$251.26,$249.43,$249.65,$249.65,$252.79,$242.90,$246.35,$255.63,$245.83,$246.67,$237.75,$237.75,$245.37,$247.44,$247.44,$235.94,$240.54,$230.32,$234.42,$232.37,$221.62,$216.97,$227.69,$215.04,$215.46,$211.78,$224.50,$224.50,$234.74,$210.79,$218.42,$214.00,$206.93,$222.66,$217.97,$216.42,$215.23,$209.68,$202.39,$210.47,$209.68,$199.94,$200.41,$205.27,$176.16,$176.16,$176.16,$198.86,$195.74,$196.85,$194.71,$195.00,$195.00,$196.09,$192.64,$177.42,$186.66,$190.57,$194.20,$193.51,$192.16,$186.86,$189.67,$181.67,$188.67,$183.65,$186.41,$186.41,$179.87,$176.04,$174.95,$167.99,$180.33,$182.96,$176.14,$169.79,$172.35,$173.32,$172.23,$169.61,$167.76,$169.86,$165.73,$166.23,$161.98,$161.58,$166.15,$160.27,$156.35,$164.63,$151.12,$158.02,$156.10,$156.77,$157.40,$153.94,$150.86,$149.46,$153.22,$148.78,$153.67,$151.77,$151.02,$153.50,$144.62,$139.42,$141.58,$143.92,$150.68,$130.41,$148.99,$134.47,$140.07,$149.02,$142.78,$148.86,$148.86,$148.86,$140.39,$136.37,$136.37,$136.37,$120.15,$133.72,$133.72,$136.61,$121.06,$121.06,$121.06,$133.92,$131.87,$131.87,$115.06,$112.79,$122.41,$120.22,$120.22,$120.22,$129.07,$114.01,$123.79,$112.77,$101.51,$122.73,$122.73,$121.66,$105.20,$115.46,$97.85,$97.85,$106.15,$117.91,$105.94,$106.48,$104.82,$101.12,$71.55,$114.49,$77.60,$77.60,$73.49,$96.46,$70.00,$87.01,$71.18,$72.51,$73.32,$90.75,$90.75,$67.07,$91.51,$69.29,$81.85,$81.65,$97.20,$97.28,$62.44,$93.01,$62.52,$62.52,$61.14,$89.54,$81.88,$80.99,$59.84,$84.68,$84.37,$75.20,$75.20,$76.83,$75.75,$84.72,$55.70,$56.38,$58.41,$76.90,$57.32,$79.58,$78.13,$77.04,$77.04,$77.04,$76.66,$66.24,$65.76,$64.29,$50.92,$65.72,$70.25,$50.54,$50.54,$45.67,$43.60,$45.83,$45.75,$43.76,$43.42,$42.40,$41.65,$61.96,$60.08,$53.52,$59.10,$38.95,$40.62,$37.95,$33.52,$32.07,$32.89,$32.68,$33.46,$31.66,$30.81,$30.81,$29.88,$29.88,$28.56,$29.78,$28.13,$28.01,$29.09,$26.39,$26.39,$33.51,$25.12,$26.09,$26.09,$23.13,$24.11,$22.23,$20.32,$17.47,$16.84,$16.89,$17.01,$15.95,$15.06,$14.14,$13.65,$13.65,$12.20,$11.45,$12.31,$10.11,$2.59
"Avg Trade Span (min, bar grid) (IS aggregate)",,,,statistic,"Avg Trade Span (min, bar grid) (IS aggregate) for each solution",1091.42,1091.42,1091.42,1091.42,1091.42,1091.42,1088.45,1068.58,1088.33,1041.33,1023.61,1061.59,1027.68,1058.33,1062.79,995.52,1036.72,1019.08,975.83,975.83,975.89,1028.98,983.96,991.43,954.95,986.63,981.80,977.10,972.52,950.44,937.12,964.56,928.12,971.17,971.17,971.17,936.25,955.48,941.28,939.53,924.54,925.87,923.35,910.86,979.84,979.84,908.41,908.32,908.16,918.44,908.94,903.09,906.46,906.46,906.46,891.04,900.64,898.19,890.18,889.11,871.39,871.39,894.28,889.02,889.02,877.26,877.33,866.82,873.19,869.89,863.10,854.05,865.82,852.13,850.73,835.17,865.13,865.13,1008.89,779.90,857.21,790.97,834.50,868.89,857.27,843.56,845.16,862.87,769.86,845.06,831.70,829.41,819.80,838.27,155.08,155.08,155.08,831.33,765.32,830.51,764.50,822.10,822.10,817.70,758.79,155.70,806.25,759.88,799.31,766.36,842.87,823.51,755.65,747.57,751.44,784.83,746.15,746.15,811.64,738.35,729.34,733.20,740.03,792.78,743.95,767.59,729.17,733.66,733.12,743.98,731.27,723.24,715.84,714.82,789.32,703.03,714.51,787.63,152.41,779.32,153.68,154.36,773.97,709.41,716.32,756.45,710.03,689.53,770.15,698.13,700.77,789.83,704.60,753.09,776.21,682.95,698.69,749.47,678.37,153.06,660.36,675.19,700.35,662.17,654.64,664.39,664.39,664.39,654.16,644.32,644.32,644.32,154.32,643.26,643.26,662.63,154.59,154.59,154.59,659.32,651.51,651.51,147.38,146.27,649.47,647.03,647.03,647.03,652.00,634.32,641.75,649.28,149.70,640.87,640.87,635.12,635.46,627.44,145.27,145.27,620.81,628.44,620.08,638.22,576.63,622.42,468.92,617.32,458.07,458.07,423.52,576.14,435.15,144.43,446.32,460.06,496.71,575.69,575.69,412.26,586.04,449.88,144.12,142.40,575.65,602.62,498.66,591.23,424.60,424.60,366.32,565.60,527.15,525.97,367.52,556.64,555.05,461.49,461.49,519.63,505.59,565.74,368.32,353.70,373.70,553.56,358.83,557.49,563.72,576.08,576.08,576.08,573.36,440.09,440.17,434.89,356.82,141.66,558.40,470.42,470.42,345.17,337.36,350.45,345.00,341.80,342.33,338.93,338.89,551.24,534.24,140.40,545.90,333.58,429.86,328.99,329.08,328.55,314.26,329.22,336.43,313.56,317.80,317.80,316.30,316.30,315.01,332.90,314.57,313.86,324.40,334.12,334.12,137.56,298.80,322.71,322.71,315.10,296.49,324.54,292.07,305.62,293.41,313.24,294.75,281.39,311.27,286.59,280.71,280.71,308.62,299.65,107.54,297.59,279.23
Max Drawdown ($) (OOS aggregate),,,,statistic,Max Drawdown ($) (OOS aggregate) for each solution,"$9,691.00","$9,691.00","$9,691.00","$9,691.00","$9,691.00","$9,691.00","$10,675.00","$18,454.50","$12,640.50","$9,419.00","$12,816.00","$16,990.50","$11,136.50","$12,902.50","$13,153.50","$13,017.00","$11,842.00","$9,638.50","$12,112.50","$12,112.50","$12,112.50","$15,716.50","$12,192.00","$11,270.50","$14,308.50","$12,420.50","$14,364.50","$12,277.00","$14,696.50","$12,144.00","$12,718.00","$12,618.00","$13,878.00","$15,282.00","$15,942.00","$15,942.00","$18,557.00","$17,376.50","$13,895.50","$12,118.00","$12,284.50","$18,509.00","$13,390.00","$14,699.00","$14,073.00","$14,073.00","$15,446.50","$19,847.00","$17,179.50","$14,536.50","$16,743.00","$13,430.00","$18,834.00","$18,834.00","$12,830.50","$13,573.00","$14,909.50","$12,938.50","$13,303.50","$15,331.50","$13,654.50","$13,654.50","$13,981.50","$14,648.50","$15,537.00","$13,798.00","$21,361.50","$15,724.00","$14,473.00","$14,473.00","$12,046.50","$12,275.00","$14,473.00","$12,046.50","$12,682.50","$12,190.00","$15,046.00","$15,046.00","$24,602.00","$20,632.00","$15,910.00","$22,994.00","$12,292.00","$15,435.00","$15,598.00","$14,940.00","$17,290.00","$15,077.50","$17,378.00","$14,956.50","$14,371.00","$13,238.50","$15,679.50","$13,366.50","$10,753.50","$10,753.50","$10,753.50","$12,063.50","$22,314.50","$12,338.50","$20,171.00","$21,167.50","$21,167.50","$14,940.00","$20,963.50","$13,527.50","$11,727.50","$19,211.00","$22,334.00","$23,236.50","$15,868.00","$13,169.00","$16,225.00","$21,842.50","$23,171.50","$17,272.00","$26,228.00","$26,228.00","$13,662.50","$20,174.00","$17,129.00","$28,138.50","$22,434.50","$19,338.00","$14,540.00","$19,994.00","$17,297.00","$19,412.50","$16,867.00","$14,834.50","$21,453.00","$18,066.00","$16,939.50","$20,124.00","$18,850.00","$25,716.50","$22,204.50","$15,513.00","$11,273.50","$10,559.00","$14,485.50","$11,663.00","$13,243.50","$30,396.50","$23,712.50","$19,760.50","$28,223.50","$22,768.00","$14,119.50","$22,558.00","$22,010.00","$19,383.00","$25,993.50","$20,584.50","$13,555.50","$19,841.00","$19,122.00","$19,273.00","$19,240.00","$11,743.00","$22,715.50","$20,003.00","$17,731.50","$20,796.50","$16,099.50","$24,092.00","$24,092.00","$24,092.00","$16,667.50","$16,245.50","$16,245.50","$16,245.50","$13,398.50","$16,245.50","$16,245.50","$23,276.50","$10,430.00","$10,430.00","$10,430.00","$23,559.00","$22,203.50","$22,203.50","$12,105.00","$12,148.00","$36,842.00","$30,158.00","$30,158.00","$30,158.00","$18,382.50","$21,006.00","$22,858.00","$27,674.50","$11,805.00","$22,858.00","$22,858.00","$21,306.00","$29,091.50","$18,670.50","$17,065.00","$17,065.00","$23,408.00","$25,674.50","$24,219.00","$29,167.00","$28,194.50","$28,955.00","$49,167.50","$27,106.50","$50,672.00","$50,672.00","$47,570.00","$31,441.50","$49,771.50","$13,058.50","$40,030.50","$46,242.00","$42,248.00","$27,534.00","$27,534.00","$47,252.50","$26,240.00","$52,409.00","$13,529.00","$13,784.50","$19,184.00","$24,899.00","$30,589.00","$24,309.50","$57,967.50","$57,967.50","$53,206.50","$25,505.00","$41,487.50","$40,993.00","$44,393.00","$22,901.00","$22,605.00","$20,745.00","$20,745.00","$37,502.00","$47,860.00","$23,057.00","$54,509.50","$71,080.00","$44,867.00","$31,003.00","$57,405.50","$23,112.00","$22,148.00","$21,765.50","$21,765.50","$21,765.50","$22,577.00","$28,225.00","$27,142.50","$32,082.50","$68,203.50","$11,235.00","$18,767.00","$30,426.00","$30,426.00","$74,335.50","$68,059.00","$68,743.50","$57,696.50","$74,709.00","$75,118.50","$69,513.50","$78,753.00","$23,612.50","$24,348.00","$11,125.50","$29,629.50","$82,162.00","$55,318.00","$77,852.50","$87,202.00","$86,453.50","$78,184.00","$80,691.50","$72,519.50","$78,778.50","$67,897.50","$67,897.50","$70,165.50","$70,165.50","$68,953.00","$74,183.00","$72,757.00","$75,436.00","$60,377.50","$78,064.50","$78,064.50","$13,982.50","$92,742.50","$80,200.50","$80,200.50","$83,275.50","$78,621.50","$78,018.50","$83,129.00","$87,732.00","$82,198.50","$70,989.00","$91,961.50","$84,587.50","$81,260.50","$76,157.00","$82,930.50","$82,930.50","$68,099.00","$78,312.00","$22,102.00","$95,421.00","$82,935.00"
Profit Factor (OOS aggregate),,,,statistic,Profit Factor (OOS aggregate) for each solution,1.0918,1.0918,1.0918,1.0918,1.0918,1.0918,1.1264,0.9599,1.0643,1.0734,1.0117,0.9691,1.0193,1.0079,1.0591,0.9963,1.0238,1.0613,1.0156,1.0210,1.0210,0.9815,1.0051,1.0534,1.0234,1.0241,0.9739,1.0171,0.9885,1.0355,1.0131,0.9989,1.0715,0.9839,0.9785,0.9785,0.9601,0.9721,1.0181,1.0158,1.0186,0.9720,1.0176,0.9685,0.9703,0.9703,0.9901,0.9557,0.9794,1.0007,0.9855,1.0097,0.9632,0.9632,1.0286,1.0124,1.0394,0.9910,0.9940,0.9657,0.9981,0.9981,0.9821,0.9712,0.9645,1.0092,0.9222,0.9830,1.0353,1.0350,1.0240,1.0268,1.0350,1.0310,1.0123,1.0216,0.9798,0.9798,0.7951,0.9460,0.9854,0.9403,1.0470,0.9874,0.9654,1.0143,0.9481,0.9351,0.9685,0.9900,1.0313,1.0142,0.9673,1.0055,1.0939,1.0939,1.0939,0.9823,0.9372,1.0017,0.9499,0.9789,0.9789,1.0005,0.9427,1.0451,1.0323,0.9691,0.9245,0.9403,0.9372,1.0309,0.9919,0.9294,0.9324,1.0017,0.9111,0.9111,1.0147,0.9833,0.9828,0.8731,0.9541,0.9448,0.9887,0.9453,0.9766,0.9607,0.9712,0.9776,0.9424,0.9675,1.0123,0.9793,0.9108,0.9027,0.9463,0.9404,1.0732,1.0479,1.0461,1.0686,0.9803,0.9058,0.9237,0.9590,0.9144,0.9720,0.9943,0.9475,0.9533,0.9691,0.9293,0.9152,1.0393,0.9647,0.9518,0.9394,0.9111,1.0244,0.8981,0.9794,0.9905,0.9338,0.9625,0.9055,0.9055,0.9055,0.9576,0.9616,0.9616,0.9616,0.9890,0.9600,0.9600,0.9042,1.0379,1.0379,1.0379,0.9008,0.9019,0.9019,1.0081,0.9854,0.8513,0.8842,0.8842,0.8842,0.9250,1.0251,0.8970,0.8677,1.0490,0.8970,0.8970,0.9053,0.9215,0.9585,0.9975,0.9975,0.9966,0.9057,0.9911,0.8547,0.9912,0.8814,0.8163,0.8969,0.8366,0.8366,0.8299,0.9470,0.8252,1.0191,0.8567,0.8480,0.8754,0.9746,0.9746,0.8368,0.9863,0.8358,1.0058,1.0164,0.9372,0.9164,0.9245,0.9301,0.7989,0.7989,0.8414,0.9141,0.8316,0.8337,0.8698,0.9560,0.9532,0.9511,0.9511,0.8544,0.8254,0.9397,0.8351,0.7945,0.8745,0.8875,0.8417,0.9216,0.9269,0.9349,0.9349,0.9349,0.9319,0.9222,0.9259,0.9264,0.8082,1.0219,0.9482,0.9241,0.9241,0.7908,0.8042,0.8100,0.8386,0.8047,0.7909,0.8160,0.7823,0.9671,0.9419,1.0272,0.9474,0.7759,0.8218,0.7915,0.7800,0.7680,0.7949,0.7912,0.8050,0.7936,0.8214,0.8214,0.8162,0.8162,0.8185,0.8046,0.8080,0.8021,0.8399,0.7907,0.7907,1.0177,0.7706,0.7988,0.7988,0.7811,0.8038,0.7983,0.7959,0.7802,0.7970,0.8134,0.7818,0.8017,0.7898,0.8179,0.8037,0.8037,0.8265,0.8007,0.9360,0.7627,0.8062
Avg Trades/Day (OOS aggregate),,,,statistic,Avg Trades/Day (OOS aggregate) for each solution,0.299,0.299,0.299,0.299,0.299,0.299,0.286,0.311,0.304,0.308,0.316,0.310,0.319,0.311,0.313,0.339,0.308,0.311,0.343,0.343,0.343,0.313,0.344,0.337,0.350,0.339,0.337,0.343,0.339,0.353,0.352,0.344,0.359,0.338,0.338,0.338,0.364,0.344,0.355,0.347,0.352,0.354,0.355,0.355,0.341,0.341,0.363,0.361,0.358,0.371,0.355,0.361,0.361,0.361,0.352,0.369,0.373,0.363,0.361,0.355,0.377,0.377,0.367,0.371,0.370,0.387,0.372,0.376,0.387,0.391,0.383,0.387,0.391,0.389,0.382,0.393,0.394,0.394,0.308,0.412,0.378,0.405,0.391,0.389,0.383,0.408,0.384,0.392,0.418,0.403,0.408,0.397,0.387,0.404,0.297,0.297,0.297,0.393,0.412,0.393,0.422,0.406,0.406,0.412,0.425,0.354,0.415,0.423,0.421,0.416,0.395,0.406,0.426,0.443,0.421,0.429,0.426,0.426,0.412,0.436,0.438,0.438,0.423,0.428,0.434,0.436,0.442,0.437,0.434,0.429,0.429,0.444,0.448,0.446,0.416,0.453,0.453,0.417,0.356,0.426,0.395,0.353,0.442,0.460,0.451,0.438,0.455,0.460,0.429,0.466,0.446,0.427,0.465,0.440,0.442,0.521,0.449,0.454,0.488,0.386,0.506,0.539,0.498,0.522,0.502,0.518,0.518,0.518,0.518,0.513,0.513,0.513,0.410,0.515,0.515,0.518,0.415,0.415,0.415,0.521,0.513,0.513,0.388,0.380,0.533,0.538,0.538,0.538,0.501,0.571,0.517,0.540,0.418,0.517,0.517,0.524,0.516,0.532,0.438,0.438,0.582,0.529,0.582,0.535,0.616,0.517,0.807,0.556,0.845,0.845,0.903,0.620,0.866,0.459,0.858,0.804,0.771,0.630,0.630,0.936,0.612,0.860,0.476,0.472,0.589,0.580,0.757,0.589,0.883,0.883,1.058,0.609,0.663,0.664,1.060,0.617,0.628,0.803,0.803,0.679,0.704,0.623,1.047,1.108,1.041,0.613,1.114,0.606,0.602,0.613,0.613,0.613,0.622,0.852,0.850,0.875,1.103,0.493,0.614,0.797,0.797,1.136,1.165,1.129,1.135,1.148,1.152,1.193,1.165,0.635,0.656,0.483,0.653,1.179,0.911,1.223,1.227,1.202,1.265,1.223,1.164,1.266,1.238,1.238,1.242,1.242,1.253,1.181,1.254,1.260,1.206,1.161,1.161,0.556,1.341,1.252,1.252,1.257,1.341,1.214,1.367,1.320,1.352,1.258,1.376,1.432,1.252,1.416,1.433,1.433,1.258,1.309,0.841,1.305,1.461
Total Profit ($) (OOS aggregate),,,,statistic,Total Profit ($) (OOS aggregate) for each solution,"$9,473.00","$9,473.00","$9,473.00","$9,473.00","$9,473.00","$9,473.00","$12,620.00","$-4,690.50","$7,182.00","$7,855.00","$1,332.00","$-3,577.00","$2,183.00",$919.00,"$6,520.50",$-441.00,"$2,696.50","$6,819.50","$1,902.50","$2,562.50","$2,562.50","$-2,136.50",$633.50,"$6,362.00","$2,917.00","$2,974.00","$-3,244.00","$2,119.50","$-1,414.50","$4,437.00","$1,654.00",$-140.00,"$8,743.50","$-1,973.00","$-2,633.00","$-2,633.00","$-5,189.00","$-3,515.50","$2,258.50","$1,967.50","$2,307.50","$-3,618.00","$2,264.00","$-4,099.00","$-3,677.50","$-3,677.50","$-1,281.00","$-5,802.00","$-2,654.00",$95.50,"$-1,852.00","$1,250.50","$-4,789.00","$-4,789.00","$3,607.00","$1,590.00","$5,132.00","$-1,174.50",$-772.50,"$-4,487.00",$-257.50,$-257.50,"$-2,338.50","$-3,812.50","$-4,701.00","$1,259.50","$-10,479.00","$-2,315.50","$4,797.50","$4,765.50","$3,214.00","$3,607.50","$4,765.50","$4,188.00","$1,638.00","$2,944.50","$-2,820.00","$-2,820.00","$-20,070.50","$-7,986.50","$-1,921.00","$-8,799.00","$6,320.00","$-1,752.50","$-4,715.50","$2,052.50","$-7,243.50","$-9,263.00","$-4,732.50","$-1,422.00","$4,481.00","$1,969.00","$-4,646.50",$772.50,"$9,183.50","$9,183.50","$9,183.50","$-2,404.00","$-9,308.00",$225.00,"$-7,632.50","$-3,034.00","$-3,034.00",$67.50,"$-8,790.50","$5,424.00","$4,588.50","$-4,637.00","$-12,095.00","$-8,937.50","$-9,049.00","$4,313.50","$-1,213.00","$-11,240.00","$-10,218.00",$261.50,"$-13,514.00","$-13,514.00","$2,099.00","$-2,533.00","$-2,647.00","$-19,768.50","$-6,996.50","$-8,749.00","$-1,746.00","$-8,371.00","$-3,654.00","$-6,189.00","$-4,441.00","$-3,397.50","$-8,929.00","$-5,112.00","$1,888.00","$-3,230.50","$-13,539.50","$-15,361.00","$-8,617.50","$-9,043.50","$8,880.00","$7,145.00","$6,115.50","$8,225.00","$-3,011.50","$-15,696.00","$-12,392.00","$-6,287.50","$-14,128.50","$-4,492.00",$-878.50,"$-8,511.00","$-7,405.00","$-4,626.50","$-11,648.00","$-13,202.50","$6,000.00","$-6,392.00","$-7,630.50","$-10,060.00","$-15,622.50","$3,197.50","$-18,584.50","$-3,876.00","$-1,683.00","$-12,518.00","$-6,444.00","$-18,119.50","$-18,119.50","$-18,119.50","$-7,581.00","$-6,699.50","$-6,699.50","$-6,699.50","$-1,526.50","$-6,996.00","$-6,996.00","$-18,172.50","$5,279.00","$5,279.00","$5,279.00","$-18,879.00","$-18,014.00","$-18,014.00","$1,074.50","$-1,910.00","$-29,443.00","$-22,537.50","$-22,537.50","$-22,537.50","$-13,416.00","$4,960.00","$-19,083.50","$-26,179.50","$6,847.00","$-19,083.50","$-19,083.50","$-17,782.50","$-14,111.50","$-7,491.50",$-372.00,$-372.00,$-686.50,"$-17,840.00","$-1,799.00","$-28,365.00","$-1,898.00","$-21,395.00","$-46,426.00","$-20,944.50","$-43,623.00","$-43,623.00","$-46,489.00","$-11,658.50","$-46,536.00","$2,918.00","$-38,030.00","$-38,216.50","$-30,191.00","$-5,571.00","$-5,571.00","$-46,171.50","$-2,920.50","$-44,589.50",$918.50,"$2,592.50","$-13,269.00","$-17,621.50","$-17,144.00","$-14,879.00","$-56,256.00","$-56,256.00","$-49,849.00","$-19,038.00","$-40,284.00","$-39,789.50","$-40,394.00","$-9,439.50","$-10,217.00","$-13,022.50","$-13,022.50","$-34,974.00","$-44,097.00","$-13,603.00","$-51,557.00","$-67,722.50","$-39,534.50","$-24,471.50","$-53,099.00","$-17,179.00","$-15,875.00","$-14,503.50","$-14,503.50","$-14,503.50","$-15,315.00","$-22,232.50","$-21,150.00","$-21,581.50","$-64,202.00","$3,571.50","$-11,509.00","$-18,215.50","$-18,215.50","$-70,978.00","$-65,294.00","$-64,742.00","$-53,420.50","$-67,079.50","$-71,761.00","$-65,720.00","$-75,800.50","$-7,496.50","$-13,490.00","$4,398.50","$-12,394.50","$-79,209.50","$-49,847.50","$-74,633.50","$-80,071.50","$-83,501.00","$-75,204.50","$-77,095.00","$-68,122.00","$-75,799.00","$-63,999.50","$-63,999.50","$-66,267.50","$-66,267.50","$-65,973.50","$-69,056.00","$-69,777.50","$-72,456.50","$-55,938.00","$-74,193.50","$-74,193.50","$3,270.00","$-89,643.50","$-75,968.50","$-75,968.50","$-80,323.00","$-76,047.00","$-72,891.50","$-80,554.50","$-85,157.50","$-79,624.00","$-68,414.50","$-87,983.00","$-81,635.00","$-78,686.00","$-73,582.50","$-80,356.00","$-80,356.00","$-64,305.50","$-75,737.50","$-16,753.50","$-92,131.50","$-80,360.50"
Avg Profit/Trade ($) (OOS aggregate),,,,statistic,Avg Profit/Trade ($) (OOS aggregate) for each solution,$38.51,$38.51,$38.51,$38.51,$38.51,$38.51,$53.70,$-18.32,$28.73,$31.05,$5.12,$-14.03,$8.33,$3.59,$25.37,$-1.58,$10.66,$26.64,$6.75,$9.09,$9.09,$-8.31,$2.24,$22.97,$10.13,$10.66,$-11.71,$7.52,$-5.07,$15.30,$5.72,$-0.49,$29.64,$-7.10,$-9.47,$-9.47,$-17.35,$-12.42,$7.73,$6.90,$7.98,$-12.43,$7.75,$-14.04,$-13.13,$-13.13,$-4.30,$-19.54,$-9.03,$0.31,$-6.34,$4.21,$-16.12,$-16.12,$12.48,$5.25,$16.72,$-3.94,$-2.60,$-15.37,$-0.83,$-0.83,$-7.74,$-12.50,$-15.46,$3.96,$-34.25,$-7.49,$15.09,$14.85,$10.20,$11.34,$14.85,$13.09,$5.22,$9.12,$-8.70,$-8.70,$-79.33,$-23.56,$-6.18,$-26.42,$19.69,$-5.48,$-14.97,$6.13,$-22.92,$-28.77,$-13.76,$-4.30,$13.38,$6.04,$-14.61,$2.33,$37.64,$37.64,$37.64,$-7.44,$-27.46,$0.70,$-22.00,$-9.08,$-9.08,$0.20,$-25.19,$18.64,$13.46,$-13.32,$-34.96,$-26.13,$-27.84,$12.91,$-3.47,$-30.88,$-29.53,$0.74,$-38.61,$-38.61,$6.19,$-7.08,$-7.35,$-54.91,$-20.10,$-24.86,$-4.89,$-23.38,$-10.07,$-17.24,$-12.44,$-9.62,$-25.29,$-14.01,$5.13,$-8.80,$-39.59,$-41.29,$-23.17,$-26.37,$30.31,$20.41,$18.82,$28.36,$-8.30,$-41.52,$-33.40,$-17.47,$-37.78,$-11.88,$-2.49,$-22.22,$-20.18,$-13.18,$-30.49,$-36.47,$16.53,$-14.93,$-20.68,$-26.97,$-38.96,$10.09,$-44.67,$-8.75,$-4.11,$-29.18,$-15.60,$-42.53,$-42.53,$-42.53,$-17.80,$-15.88,$-15.88,$-15.88,$-4.53,$-16.54,$-16.54,$-42.66,$15.48,$15.48,$15.48,$-44.11,$-42.69,$-42.69,$3.37,$-6.12,$-67.22,$-50.99,$-50.99,$-50.99,$-32.56,$10.58,$-44.90,$-58.96,$19.90,$-44.90,$-44.90,$-41.26,$-33.28,$-17.14,$-1.03,$-1.03,$-1.44,$-41.01,$-3.76,$-64.47,$-3.75,$-50.34,$-70.02,$-45.83,$-62.77,$-62.77,$-62.65,$-22.86,$-65.36,$7.74,$-53.94,$-57.82,$-47.62,$-10.75,$-10.75,$-60.04,$-5.81,$-63.07,$2.35,$6.68,$-27.42,$-36.94,$-27.56,$-30.74,$-77.49,$-77.49,$-57.30,$-38.00,$-73.92,$-72.87,$-46.38,$-18.62,$-19.80,$-19.73,$-19.73,$-62.68,$-76.16,$-26.57,$-59.88,$-74.34,$-46.19,$-48.55,$-57.97,$-34.50,$-32.07,$-28.78,$-28.78,$-28.78,$-29.97,$-31.76,$-30.26,$-30.02,$-70.79,$8.82,$-22.79,$-27.81,$-27.81,$-75.99,$-68.16,$-69.77,$-57.26,$-71.06,$-75.78,$-66.99,$-79.12,$-14.36,$-25.03,$11.08,$-23.08,$-81.74,$-66.55,$-74.26,$-79.36,$-84.52,$-72.31,$-76.71,$-71.18,$-72.81,$-62.87,$-62.87,$-64.90,$-64.90,$-64.05,$-71.12,$-67.68,$-69.94,$-56.45,$-77.77,$-77.77,$7.16,$-81.35,$-73.83,$-73.83,$-77.76,$-69.01,$-73.04,$-71.67,$-78.49,$-71.67,$-66.16,$-77.79,$-69.36,$-76.47,$-63.22,$-68.21,$-68.21,$-62.19,$-70.39,$-24.25,$-85.86,$-66.91
"Avg Trade Span (min, bar grid) (OOS aggregate)",,,,statistic,"Avg Trade Span (min, bar grid) (OOS aggregate) for each solution",183.76,183.76,183.76,183.76,183.76,183.76,173.69,176.15,178.53,182.03,173.25,176.65,181.39,176.39,161.30,179.14,187.28,182.98,179.20,179.29,179.29,176.23,179.45,181.14,178.67,182.45,182.45,182.42,182.85,174.93,178.29,179.70,166.69,183.79,183.69,183.69,176.57,181.78,174.95,182.29,177.45,181.13,180.39,179.67,158.22,158.22,179.53,177.85,181.52,164.65,166.73,176.30,177.64,177.64,165.04,173.73,165.36,179.23,175.82,179.53,180.44,180.44,183.88,183.10,182.48,164.81,182.11,182.93,160.56,160.89,182.36,176.67,160.89,176.79,179.19,175.56,157.54,157.54,141.30,178.57,178.02,180.32,176.68,161.33,182.13,161.04,181.87,160.98,178.54,160.07,158.37,178.26,184.49,158.13,175.03,175.03,175.03,174.89,177.97,177.88,175.97,162.59,162.59,164.24,175.50,169.01,163.46,177.33,172.39,178.23,160.87,161.69,177.60,172.90,177.99,167.48,173.72,173.72,169.76,174.30,175.31,171.40,179.49,172.57,181.61,171.11,177.24,179.17,176.61,180.91,178.47,176.04,175.06,176.47,169.90,169.60,174.04,169.73,157.51,179.18,151.33,168.34,164.63,171.89,173.57,173.97,174.57,174.13,177.40,168.95,174.92,160.62,170.22,177.88,163.49,156.03,174.32,157.30,164.96,168.09,164.52,155.36,162.90,156.35,160.81,158.80,158.80,158.80,161.59,159.08,159.08,159.08,155.85,158.95,158.95,158.52,151.99,151.99,151.99,158.06,163.79,163.79,179.70,163.27,158.09,155.96,155.96,155.96,162.51,153.22,162.65,155.07,167.29,162.65,162.65,166.46,165.67,160.58,164.07,164.07,150.82,165.55,150.05,154.83,160.83,165.05,109.27,156.30,109.35,109.35,100.37,156.24,102.45,163.73,106.52,107.07,113.47,156.70,156.70,99.69,155.17,109.84,165.44,173.54,156.65,154.91,115.87,152.92,101.99,101.99,90.44,154.95,142.20,142.06,91.43,149.83,148.56,137.59,137.59,141.77,144.28,153.81,90.41,88.78,95.13,149.85,92.41,153.58,154.13,154.39,154.39,154.39,153.82,138.53,138.44,136.93,90.80,164.49,154.30,84.95,84.95,87.61,84.83,90.49,87.21,88.49,87.39,89.60,86.10,158.41,146.34,162.53,156.82,86.56,91.65,84.93,86.11,85.93,79.60,87.77,85.15,79.54,80.27,80.27,80.10,80.10,80.98,84.73,81.54,81.39,82.05,88.50,88.50,142.80,81.25,86.42,86.42,83.15,80.32,83.33,79.80,81.62,79.68,78.60,80.35,77.51,79.56,77.98,78.18,78.18,79.93,81.24,124.36,81.78,78.82
Derived Trailing Delay (bars from minutes/timeframe),,,,statistic,"Effective trailing delay in bars using the active GA gene (minutes when optimizable, else bars).",1,1,1,1,1,1,1,1,1,1,1,1,1,1,1,1,1,1,1,1,1,1,1,1,1,1,1,1,1,1,1,1,1,1,1,1,1,1,1,1,1,1,1,1,1,1,1,1,1,1,1,1,1,1,1,1,1,1,1,1,1,1,1,1,1,1,1,1,1,1,1,1,1,1,1,1,1,1,1,1,1,1,1,1,1,1,1,1,1,1,1,1,1,1,1,1,1,1,1,1,1,1,1,1,1,1,1,1,1,1,1,1,1,1,1,1,1,1,1,1,1,1,1,1,1,1,1,1,1,1,1,1,1,1,1,1,1,1,1,1,1,1,1,1,1,1,1,1,1,1,1,1,1,1,1,1,1,1,1,1,1,1,1,1,1,1,1,1,1,1,1,1,1,1,1,1,1,1,1,1,1,1,1,1,1,1,1,1,1,1,1,1,1,1,1,1,1,1,1,1,1,1,1,1,1,1,1,1,1,1,1,1,1,1,1,1,1,1,1,1,1,1,1,1,1,1,1,1,1,1,1,1,1,1,1,1,1,1,1,1,1,1,1,1,1,1,1,1,1,1,1,1,1,1,1,1,1,1,1,1,1,1,1,1,1,1,1,1,1,1,1,1,1,1,1,1,1,1,1,1,1,1,1,1,1,1,1,1,1,1,1,1,1,1,1,1,1,1,1,1,1,1,1,1,1,1,1,1,1,1,1,1,1,1,1
Derived RSI filter (effective entry gates),,,,statistic,"Trend: long if RSI < Max Buy, short if RSI > Min Sell. Bollinger: mean-reversion long if RSI < Oversold, short if RSI > Overbought.",filter off (RSI not applied to entries),filter off (RSI not applied to entries),filter off (RSI not applied to entries),filter off (RSI not applied to entries),filter off (RSI not applied to entries),filter off (RSI not applied to entries),filter off (RSI not applied to entries),filter off (RSI not applied to entries),filter off (RSI not applied to entries),filter off (RSI not applied to entries),filter off (RSI not applied to entries),filter off (RSI not applied to entries),filter off (RSI not applied to entries),filter off (RSI not applied to entries),filter off (RSI not applied to entries),filter off (RSI not applied to entries),filter off (RSI not applied to entries),filter off (RSI not applied to entries),filter off (RSI not applied to entries),filter off (RSI not applied to entries),filter off (RSI not applied to entries),filter off (RSI not applied to entries),filter off (RSI not applied to entries),filter off (RSI not applied to entries),filter off (RSI not applied to entries),filter off (RSI not applied to entries),filter off (RSI not applied to entries),filter off (RSI not applied to entries),filter off (RSI not applied to entries),filter off (RSI not applied to entries),filter off (RSI not applied to entries),filter off (RSI not applied to entries),filter off (RSI not applied to entries),filter off (RSI not applied to entries),filter off (RSI not applied to entries),filter off (RSI not applied to entries),filter off (RSI not applied to entries),filter off (RSI not applied to entries),filter off (RSI not applied to entries),filter off (RSI not applied to entries),filter off (RSI not applied to entries),filter off (RSI not applied to entries),filter off (RSI not applied to entries),filter off (RSI not applied to entries),filter off (RSI not applied to entries),filter off (RSI not applied to entries),filter off (RSI not applied to entries),filter off (RSI not applied to entries),filter off (RSI not applied to entries),filter off (RSI not applied to entries),filter off (RSI not applied to entries),filter off (RSI not applied to entries),filter off (RSI not applied to entries),filter off (RSI not applied to entries),filter off (RSI not applied to entries),filter off (RSI not applied to entries),filter off (RSI not applied to entries),filter off (RSI not applied to entries),filter off (RSI not applied to entries),filter off (RSI not applied to entries),filter off (RSI not applied to entries),filter off (RSI not applied to entries),filter off (RSI not applied to entries),filter off (RSI not applied to entries),filter off (RSI not applied to entries),filter off (RSI not applied to entries),filter off (RSI not applied to entries),filter off (RSI not applied to entries),filter off (RSI not applied to entries),filter off (RSI not applied to entries),filter off (RSI not applied to entries),filter off (RSI not applied to entries),filter off (RSI not applied to entries),filter off (RSI not applied to entries),filter off (RSI not applied to entries),filter off (RSI not applied to entries),filter off (RSI not applied to entries),filter off (RSI not applied to entries),filter off (RSI not applied to entries),filter off (RSI not applied to entries),filter off (RSI not applied to entries),filter off (RSI not applied to entries),filter off (RSI not applied to entries),filter off (RSI not applied to entries),filter off (RSI not applied to entries),filter off (RSI not applied to entries),filter off (RSI not applied to entries),filter off (RSI not applied to entries),filter off (RSI not applied to entries),filter off (RSI not applied to entries),filter off (RSI not applied to entries),filter off (RSI not applied to entries),filter off (RSI not applied to entries),filter off (RSI not applied to entries),filter off (RSI not applied to entries),filter off (RSI not applied to entries),filter off (RSI not applied to entries),filter off (RSI not applied to entries),filter off (RSI not applied to entries),filter off (RSI not applied to entries),filter off (RSI not applied to entries),filter off (RSI not applied to entries),filter off (RSI not applied to entries),filter off (RSI not applied to entries),filter off (RSI not applied to entries),filter off (RSI not applied to entries),filter off (RSI not applied to entries),filter off (RSI not applied to entries),filter off (RSI not applied to entries),filter off (RSI not applied to entries),filter off (RSI not applied to entries),filter off (RSI not applied to entries),filter off (RSI not applied to entries),filter off (RSI not applied to entries),filter off (RSI not applied to entries),filter off (RSI not applied to entries),filter off (RSI not applied to entries),filter off (RSI not applied to entries),filter off (RSI not applied to entries),filter off (RSI not applied to entries),filter off (RSI not applied to entries),filter off (RSI not applied to entries),filter off (RSI not applied to entries),filter off (RSI not applied to entries),filter off (RSI not applied to entries),filter off (RSI not applied to entries),filter off (RSI not applied to entries),filter off (RSI not applied to entries),filter off (RSI not applied to entries),filter off (RSI not applied to entries),filter off (RSI not applied to entries),filter off (RSI not applied to entries),filter off (RSI not applied to entries),filter off (RSI not applied to entries),filter off (RSI not applied to entries),filter off (RSI not applied to entries),filter off (RSI not applied to entries),filter off (RSI not applied to entries),filter off (RSI not applied to entries),filter off (RSI not applied to entries),filter off (RSI not applied to entries),filter off (RSI not applied to entries),filter off (RSI not applied to entries),filter off (RSI not applied to entries),filter off (RSI not applied to entries),filter off (RSI not applied to entries),filter off (RSI not applied to entries),filter off (RSI not applied to entries),filter off (RSI not applied to entries),filter off (RSI not applied to entries),filter off (RSI not applied to entries),filter off (RSI not applied to entries),filter off (RSI not applied to entries),filter off (RSI not applied to entries),filter off (RSI not applied to entries),filter off (RSI not applied to entries),filter off (RSI not applied to entries),filter off (RSI not applied to entries),filter off (RSI not applied to entries),filter off (RSI not applied to entries),filter off (RSI not applied to entries),filter off (RSI not applied to entries),filter off (RSI not applied to entries),filter off (RSI not applied to entries),filter off (RSI not applied to entries),filter off (RSI not applied to entries),filter off (RSI not applied to entries),filter off (RSI not applied to entries),filter off (RSI not applied to entries),filter off (RSI not applied to entries),filter off (RSI not applied to entries),filter off (RSI not applied to entries),filter off (RSI not applied to entries),filter off (RSI not applied to entries),filter off (RSI not applied to entries),filter off (RSI not applied to entries),filter off (RSI not applied to entries),filter off (RSI not applied to entries),filter off (RSI not applied to entries),filter off (RSI not applied to entries),filter off (RSI not applied to entries),filter off (RSI not applied to entries),filter off (RSI not applied to entries),filter off (RSI not applied to entries),filter off (RSI not applied to entries),filter off (RSI not applied to entries),filter off (RSI not applied to entries),filter off (RSI not applied to entries),filter off (RSI not applied to entries),filter off (RSI not applied to entries),filter off (RSI not applied to entries),filter off (RSI not applied to entries),filter off (RSI not applied to entries),filter off (RSI not applied to entries),filter off (RSI not applied to entries),filter off (RSI not applied to entries),filter off (RSI not applied to entries),filter off (RSI not applied to entries),filter off (RSI not applied to entries),filter off (RSI not applied to entries),filter off (RSI not applied to entries),filter off (RSI not applied to entries),filter off (RSI not applied to entries),filter off (RSI not applied to entries),filter off (RSI not applied to entries),filter off (RSI not applied to entries),filter off (RSI not applied to entries),filter off (RSI not applied to entries),filter off (RSI not applied to entries),filter off (RSI not applied to entries),filter off (RSI not applied to entries),filter off (RSI not applied to entries),filter off (RSI not applied to entries),filter off (RSI not applied to entries),filter off (RSI not applied to entries),filter off (RSI not applied to entries),filter off (RSI not applied to entries),filter off (RSI not applied to entries),filter off (RSI not applied to entries),filter off (RSI not applied to entries),filter off (RSI not applied to entries),filter off (RSI not applied to entries),filter off (RSI not applied to entries),filter off (RSI not applied to entries),filter off (RSI not applied to entries),filter off (RSI not applied to entries),filter off (RSI not applied to entries),filter off (RSI not applied to entries),filter off (RSI not applied to entries),filter off (RSI not applied to entries),filter off (RSI not applied to entries),filter off (RSI not applied to entries),filter off (RSI not applied to entries),filter off (RSI not applied to entries),filter off (RSI not applied to entries),filter off (RSI not applied to entries),filter off (RSI not applied to entries),filter off (RSI not applied to entries),filter off (RSI not applied to entries),filter off (RSI not applied to entries),filter off (RSI not applied to entries),filter off (RSI not applied to entries),filter off (RSI not applied to entries),filter off (RSI not applied to entries),filter off (RSI not applied to entries),filter off (RSI not applied to entries),filter off (RSI not applied to entries),filter off (RSI not applied to entries),filter off (RSI not applied to entries),filter off (RSI not applied to entries),filter off (RSI not applied to entries),filter off (RSI not applied to entries),filter off (RSI not applied to entries),filter off (RSI not applied to entries),filter off (RSI not applied to entries),filter off (RSI not applied to entries),filter off (RSI not applied to entries),filter off (RSI not applied to entries),filter off (RSI not applied to entries),filter off (RSI not applied to entries),filter off (RSI not applied to entries),filter off (RSI not applied to entries),filter off (RSI not applied to entries),filter off (RSI not applied to entries),filter off (RSI not applied to entries),filter off (RSI not applied to entries),filter off (RSI not applied to entries),filter off (RSI not applied to entries),filter off (RSI not applied to entries),filter off (RSI not applied to entries),filter off (RSI not applied to entries),filter off (RSI not applied to entries),filter off (RSI not applied to entries),filter off (RSI not applied to entries),filter off (RSI not applied to entries),filter off (RSI not applied to entries),filter off (RSI not applied to entries),filter off (RSI not applied to entries),filter off (RSI not applied to entries),filter off (RSI not applied to entries),filter off (RSI not applied to entries),filter off (RSI not applied to entries),filter off (RSI not applied to entries),filter off (RSI not applied to entries),filter off (RSI not applied to entries),filter off (RSI not applied to entries),filter off (RSI not applied to entries),filter off (RSI not applied to entries),filter off (RSI not applied to entries),filter off (RSI not applied to entries),filter off (RSI not applied to entries),filter off (RSI not applied to entries),filter off (RSI not applied to entries),filter off (RSI not applied to entries),filter off (RSI not applied to entries),filter off (RSI not applied to entries),filter off (RSI not applied to entries),filter off (RSI not applied to entries),filter off (RSI not applied to entries),filter off (RSI not applied to entries),filter off (RSI not applied to entries),filter off (RSI not applied to entries),filter off (RSI not applied to entries),filter off (RSI not applied to entries),filter off (RSI not applied to entries),filter off (RSI not applied to entries),filter off (RSI not applied to entries),filter off (RSI not applied to entries),filter off (RSI not applied to entries),filter off (RSI not applied to entries),filter off (RSI not applied to entries),filter off (RSI not applied to entries),filter off (RSI not applied to entries),filter off (RSI not applied to entries),filter off (RSI not applied to entries)
Solution Rank,,,,statistic,Rank by Sortino (0 = highest),#0 (SELECTED),#1,#2,#3,#4,#5,#6,#7,#8,#9,#10,#11,#12,#13,#14,#15,#16,#17,#18,#19,#20,#21,#22,#23,#24,#25,#26,#27,#28,#29,#30,#31,#32,#33,#34,#35,#36,#37,#38,#39,#40,#41,#42,#43,#44,#45,#46,#47,#48,#49,#50,#51,#52,#53,#54,#55,#56,#57,#58,#59,#60,#61,#62,#63,#64,#65,#66,#67,#68,#69,#70,#71,#72,#73,#74,#75,#76,#77,#78,#79,#80,#81,#82,#83,#84,#85,#86,#87,#88,#89,#90,#91,#92,#93,#94,#95,#96,#97,#98,#99,#100,#101,#102,#103,#104,#105,#106,#107,#108,#109,#110,#111,#112,#113,#114,#115,#116,#117,#118,#119,#120,#121,#122,#123,#124,#125,#126,#127,#128,#129,#130,#131,#132,#133,#134,#135,#136,#137,#138,#139,#140,#141,#142,#143,#144,#145,#146,#147,#148,#149,#150,#151,#152,#153,#154,#155,#156,#157,#158,#159,#160,#161,#162,#163,#164,#165,#166,#167,#168,#169,#170,#171,#172,#173,#174,#175,#176,#177,#178,#179,#180,#181,#182,#183,#184,#185,#186,#187,#188,#189,#190,#191,#192,#193,#194,#195,#196,#197,#198,#199,#200,#201,#202,#203,#204,#205,#206,#207,#208,#209,#210,#211,#212,#213,#214,#215,#216,#217,#218,#219,#220,#221,#222,#223,#224,#225,#226,#227,#228,#229,#230,#231,#232,#233,#234,#235,#236,#237,#238,#239,#240,#241,#242,#243,#244,#245,#246,#247,#248,#249,#250,#251,#252,#253,#254,#255,#256,#257,#258,#259,#260,#261,#262,#263,#264,#265,#266,#267,#268,#269,#270,#271,#272,#273,#274,#275,#276,#277,#278,#279,#280,#281,#282,#283,#284,#285,#286,#287,#288,#289,#290,#291,#292,#293,#294,#295,#296,#297,#298,#299,#300,#301,#302,#303,#304,#305,#306,#307,#308,#309,#310,#311,#312,#313,#314
"--- GA FITNESS VECTOR (normalized, per DEAP) ---",,,,,,,,,,,,,,,,,,,,,,,,,,,,,,,,,,,,,,,,,,,,,,,,,,,,,,,,,,,,,,,,,,,,,,,,,,,,,,,,,,,,,,,,,,,,,,,,,,,,,,,,,,,,,,,,,,,,,,,,,,,,,,,,,,,,,,,,,,,,,,,,,,,,,,,,,,,,,,,,,,,,,,,,,,,,,,,,,,,,,,,,,,,,,,,,,,,,,,,,,,,,,,,,,,,,,,,,,,,,,,,,,,,,,,,,,,,,,,,,,,,,,,,,,,,,,,,,,,,,,,,,,,,,,,,,,,,,,,,,,,,,,,,,,,,,,,,,,,,,,,,,,,,,,,,,,,,,,,,,
Fitness[0] norm Sortino obj,,,,statistic,Normalized objective after penalties; see Sortino row for raw IS aggregate,0.494940,0.494940,0.494940,0.494940,0.494940,0.494940,0.479031,0.478010,0.467546,0.467540,0.467271,0.462866,0.462168,0.459769,0.455667,0.450357,0.450215,0.442208,0.442102,0.442102,0.442079,0.439545,0.432321,0.432174,0.431230,0.429549,0.422912,0.422145,0.420863,0.413401,0.409382,0.409264,0.408902,0.408257,0.408257,0.408257,0.406398,0.404015,0.400392,0.399515,0.398305,0.396248,0.395866,0.390092,0.384963,0.384963,0.376990,0.376858,0.376803,0.375856,0.375600,0.375529,0.375258,0.375258,0.373293,0.372440,0.371330,0.369074,0.357968,0.357717,0.357438,0.357438,0.355969,0.354192,0.354192,0.353625,0.351402,0.339977,0.338682,0.336624,0.334076,0.331320,0.330845,0.328988,0.327743,0.326057,0.325808,0.325808,0.324466,0.319465,0.317991,0.317782,0.316598,0.315062,0.314638,0.313265,0.310170,0.307788,0.307657,0.306120,0.305316,0.304754,0.299037,0.294744,0.292740,0.292740,0.292740,0.290633,0.289436,0.289035,0.287394,0.287364,0.287364,0.286543,0.285164,0.281675,0.281199,0.280767,0.280666,0.279795,0.278862,0.276828,0.275098,0.273968,0.273208,0.273161,0.271842,0.271842,0.266785,0.262355,0.261344,0.261262,0.260784,0.258748,0.257500,0.250062,0.249489,0.249475,0.249355,0.247653,0.246534,0.246524,0.246180,0.243655,0.243492,0.242227,0.241624,0.241338,0.239205,0.239068,0.238649,0.237585,0.232588,0.228417,0.228268,0.225664,0.223630,0.222784,0.222613,0.221515,0.221401,0.221039,0.218040,0.216313,0.213014,0.209424,0.208745,0.206548,0.206462,0.205940,0.205428,0.204797,0.203807,0.202995,0.202627,0.199841,0.199841,0.199841,0.196635,0.194927,0.194927,0.194927,0.193476,0.190974,0.190974,0.186699,0.185778,0.185778,0.185778,0.183516,0.183360,0.183360,0.174605,0.171858,0.167371,0.165489,0.165489,0.165489,0.164179,0.159303,0.157763,0.157508,0.157251,0.156579,0.156579,0.156099,0.152746,0.152095,0.151117,0.151117,0.150088,0.149840,0.149316,0.148914,0.146558,0.145974,0.133496,0.141132,0.139477,0.139477,0.139680,0.136810,0.122759,0.135555,0.129582,0.119263,0.129617,0.128574,0.128574,0.125762,0.126949,0.125573,0.125048,0.124539,0.123101,0.121309,0.112233,0.117050,0.112778,0.112778,0.113164,0.112280,0.111962,0.110938,0.110146,0.109475,0.109115,0.106216,0.106216,0.105739,0.104839,0.104823,0.104799,0.103827,0.103805,0.103405,0.102899,0.099995,0.097724,0.096699,0.096699,0.096699,0.096393,0.095251,0.094604,0.092176,0.091053,0.089917,0.087681,0.086593,0.086593,0.084482,0.081506,0.081959,0.080719,0.080051,0.079944,0.078392,0.077614,0.077474,0.077056,0.075777,0.074243,0.071925,0.069569,0.069232,0.060728,0.059701,0.058307,0.058217,0.057185,0.056065,0.054596,0.054596,0.053017,0.053017,0.050882,0.050874,0.050453,0.050255,0.049742,0.049302,0.049302,0.048536,0.047032,0.046738,0.046738,0.043365,0.042305,0.037615,0.035799,0.030242,0.029416,0.028756,0.028482,0.028228,0.025117,0.024923,0.024044,0.024044,0.020386,0.019758,0.018627,0.017439,0.004388
Fitness[1] norm DD obj,,,,statistic,Normalized objective after penalties; see Sortino row for raw IS aggregate,0.179638,0.179638,0.179638,0.179638,0.179638,0.179638,0.166456,0.193644,0.177369,0.186281,0.194544,0.177319,0.151806,0.184850,0.162969,0.174050,0.144288,0.157375,0.160550,0.160550,0.160069,0.190606,0.170094,0.179875,0.153981,0.166487,0.147375,0.164244,0.155875,0.185025,0.168012,0.150862,0.192037,0.153637,0.153637,0.153637,0.181869,0.154444,0.154031,0.161706,0.190337,0.176344,0.169237,0.148369,0.135894,0.135894,0.185469,0.192975,0.189719,0.129719,0.176350,0.195862,0.194069,0.194069,0.166256,0.212713,0.170944,0.163088,0.165663,0.162894,0.206200,0.206200,0.224719,0.208963,0.208963,0.197169,0.200931,0.198775,0.138194,0.136956,0.232469,0.197275,0.147200,0.197275,0.204506,0.192538,0.146744,0.146744,0.141100,0.214844,0.192788,0.217056,0.193475,0.138256,0.185875,0.184437,0.196094,0.132694,0.225669,0.150669,0.186225,0.203738,0.213450,0.184112,0.110544,0.110544,0.110544,0.197238,0.263000,0.183619,0.254531,0.202537,0.202537,0.200256,0.248837,0.121875,0.172144,0.240787,0.191100,0.229925,0.151319,0.157988,0.234656,0.230506,0.244094,0.204181,0.225425,0.225425,0.164412,0.269937,0.248100,0.225763,0.236544,0.181162,0.220850,0.216569,0.244369,0.234837,0.230400,0.215306,0.228000,0.231225,0.253494,0.255719,0.201100,0.284963,0.223238,0.208631,0.126719,0.177950,0.123894,0.121850,0.180269,0.232813,0.218975,0.209631,0.243731,0.232425,0.196950,0.229931,0.272731,0.163700,0.232813,0.209856,0.177362,0.215087,0.221206,0.214763,0.305319,0.142969,0.295163,0.268625,0.201019,0.172638,0.347594,0.171675,0.171675,0.171675,0.329738,0.358231,0.358231,0.358231,0.157725,0.358231,0.358231,0.168688,0.144675,0.144675,0.144675,0.168688,0.357919,0.357919,0.140400,0.120975,0.347506,0.351019,0.351019,0.351019,0.328706,0.223463,0.336513,0.194025,0.138650,0.342344,0.342344,0.329931,0.223012,0.327000,0.136037,0.136037,0.216706,0.301431,0.213650,0.201588,0.228794,0.204038,0.449818,0.191506,0.469544,0.469544,0.449960,0.226475,0.380365,0.150194,0.420137,0.434157,0.399640,0.225456,0.225456,0.425273,0.225456,0.447100,0.133331,0.136613,0.213513,0.193850,0.351936,0.201500,0.384962,0.384962,0.305750,0.240212,0.298663,0.298663,0.302775,0.240938,0.240938,0.218000,0.218000,0.293313,0.273844,0.192288,0.272869,0.296075,0.285575,0.226337,0.319281,0.230750,0.218219,0.192031,0.192031,0.192031,0.192031,0.256869,0.252125,0.246025,0.264675,0.161519,0.214606,0.211669,0.211669,0.335937,0.266764,0.270781,0.247784,0.304456,0.347787,0.399244,0.329119,0.206350,0.217563,0.159719,0.210794,0.352006,0.212562,0.356694,0.394669,0.364612,0.453844,0.399325,0.312669,0.460025,0.359131,0.359131,0.359594,0.359594,0.421237,0.320156,0.438725,0.441881,0.311587,0.265337,0.265337,0.185462,0.478150,0.366587,0.366587,0.409831,0.401294,0.342450,0.463131,0.400306,0.422269,0.356263,0.356413,0.361137,0.334094,0.358850,0.450744,0.450744,0.303800,0.331000,0.241075,0.337956,0.673312
Fitness[2] norm PF obj,,,,statistic,Normalized objective after penalties; see Sortino row for raw IS aggregate,0.215860,0.215860,0.215860,0.215860,0.215860,0.215860,0.213285,0.217089,0.213142,0.209659,0.209856,0.212773,0.207996,0.211787,0.209309,0.206453,0.207587,0.206169,0.203710,0.203710,0.203765,0.206832,0.204750,0.204789,0.202020,0.204461,0.202325,0.202566,0.203223,0.197866,0.198948,0.198046,0.196349,0.201717,0.201717,0.201717,0.198243,0.200523,0.197754,0.198485,0.195133,0.198105,0.197634,0.198272,0.197629,0.197629,0.193369,0.193542,0.192091,0.191647,0.193171,0.193080,0.192818,0.192818,0.191359,0.192066,0.191508,0.194358,0.190945,0.191260,0.189257,0.189257,0.190482,0.191759,0.191759,0.187728,0.189953,0.186687,0.188425,0.187479,0.183139,0.183580,0.185894,0.182955,0.182430,0.182833,0.184975,0.184975,0.198665,0.180722,0.182955,0.182081,0.180633,0.183205,0.182340,0.181521,0.181416,0.180519,0.177877,0.179793,0.180110,0.178283,0.176207,0.179156,0.173084,0.173084,0.173084,0.177133,0.175631,0.176153,0.175292,0.176193,0.176193,0.175808,0.174871,0.174207,0.174185,0.174198,0.174232,0.174732,0.174768,0.173144,0.173969,0.172160,0.173435,0.172634,0.172860,0.172860,0.170871,0.170155,0.170436,0.168086,0.170863,0.170252,0.170109,0.168147,0.168346,0.168457,0.168226,0.167833,0.167849,0.167561,0.167021,0.167076,0.166304,0.166097,0.166965,0.165770,0.166342,0.166107,0.165360,0.166390,0.164160,0.164266,0.163978,0.163951,0.162691,0.162390,0.162918,0.162462,0.163088,0.163555,0.162544,0.163418,0.160997,0.159309,0.159833,0.159151,0.162012,0.159498,0.161740,0.158690,0.158541,0.163322,0.160328,0.163144,0.163144,0.163144,0.159515,0.158630,0.158630,0.158630,0.155474,0.157794,0.157794,0.159582,0.155410,0.155410,0.155410,0.158766,0.156587,0.156587,0.153545,0.153244,0.154612,0.153961,0.153961,0.153961,0.155489,0.151802,0.154022,0.152345,0.150338,0.153727,0.153727,0.153638,0.149606,0.152176,0.149454,0.149454,0.149731,0.152399,0.149768,0.150063,0.149637,0.148272,0.137159,0.151727,0.145950,0.145950,0.145807,0.147192,0.131390,0.145692,0.139390,0.129334,0.144232,0.145565,0.145565,0.141520,0.145380,0.142574,0.143888,0.144071,0.147076,0.146974,0.136183,0.145859,0.138991,0.138991,0.141774,0.144999,0.143444,0.143184,0.141194,0.143487,0.143443,0.142162,0.142162,0.141894,0.141748,0.143658,0.139834,0.139887,0.140025,0.141296,0.139945,0.142068,0.141576,0.141509,0.141509,0.141509,0.141464,0.139811,0.139659,0.139198,0.137532,0.138715,0.139263,0.137191,0.137191,0.136082,0.135180,0.135723,0.135806,0.135198,0.135256,0.134613,0.134623,0.136831,0.136844,0.135372,0.136118,0.133605,0.133649,0.133463,0.131655,0.131271,0.131797,0.131181,0.131436,0.131338,0.130860,0.130860,0.130540,0.130540,0.130289,0.130161,0.130135,0.130108,0.130020,0.129148,0.129148,0.129601,0.129062,0.128903,0.128903,0.128234,0.128635,0.127549,0.127279,0.126159,0.125976,0.125886,0.126010,0.125772,0.125272,0.125054,0.124911,0.124911,0.124188,0.124028,0.123848,0.123555,0.120910
Fitness[3] norm Trades obj,,,,statistic,Normalized objective after penalties; see Sortino row for raw IS aggregate,0.102200,0.102200,0.102200,0.102200,0.102200,0.102200,0.102876,0.105584,0.103215,0.107953,0.110660,0.106261,0.109645,0.106599,0.105922,0.113706,0.109306,0.110998,0.116413,0.116413,0.116413,0.110321,0.115398,0.114382,0.119459,0.115398,0.116074,0.116751,0.117428,0.119797,0.121827,0.118105,0.123519,0.117766,0.117766,0.117766,0.122166,0.119797,0.121151,0.122166,0.123519,0.124196,0.124535,0.126565,0.116074,0.116074,0.126904,0.126904,0.127242,0.125212,0.126904,0.127919,0.127242,0.127242,0.127242,0.128596,0.128257,0.128596,0.129949,0.129949,0.134010,0.134010,0.130626,0.131303,0.131303,0.132318,0.133333,0.135025,0.132318,0.132995,0.135364,0.136717,0.133672,0.137056,0.137056,0.139763,0.133672,0.133672,0.108629,0.150254,0.135702,0.147885,0.140102,0.133333,0.136717,0.137733,0.139086,0.134010,0.152623,0.137056,0.140102,0.141117,0.142132,0.138409,0.102876,0.102876,0.102876,0.140440,0.153976,0.140778,0.153299,0.142132,0.142132,0.144162,0.154653,0.122504,0.145854,0.154653,0.148562,0.153638,0.138071,0.142470,0.155668,0.157360,0.157022,0.149239,0.158037,0.158037,0.145516,0.159052,0.161083,0.160745,0.159729,0.150254,0.160406,0.152623,0.163790,0.163113,0.162437,0.160068,0.161760,0.165144,0.167174,0.167851,0.150931,0.169543,0.167851,0.151269,0.128257,0.151946,0.134349,0.123519,0.152623,0.169205,0.167174,0.156345,0.169543,0.174958,0.154315,0.170897,0.169882,0.149577,0.169882,0.157699,0.152623,0.177327,0.169882,0.160068,0.176988,0.138071,0.182403,0.180372,0.173604,0.181726,0.182741,0.181387,0.181387,0.181387,0.183756,0.185787,0.185787,0.185787,0.140778,0.186125,0.186125,0.182064,0.144162,0.144162,0.144162,0.183080,0.185110,0.185110,0.136717,0.135702,0.185448,0.185787,0.185787,0.185787,0.184772,0.194247,0.188156,0.186464,0.146531,0.188494,0.188494,0.190525,0.192555,0.191540,0.152284,0.152284,0.198646,0.192555,0.198646,0.189848,0.216920,0.196954,0.254660,0.197970,0.270765,0.270765,0.290327,0.216244,0.271815,0.161421,0.272440,0.254168,0.242839,0.216244,0.216244,0.302613,0.211844,0.276357,0.168528,0.165821,0.213875,0.203046,0.239520,0.207783,0.291952,0.291952,0.341794,0.217597,0.237563,0.238240,0.345178,0.223012,0.223689,0.279526,0.279526,0.244670,0.251777,0.218613,0.337733,0.360745,0.343147,0.223689,0.359391,0.221658,0.218951,0.213875,0.213875,0.213875,0.215228,0.294078,0.294078,0.299154,0.360745,0.173604,0.221658,0.249069,0.249069,0.372250,0.377176,0.368190,0.367373,0.375973,0.375635,0.386125,0.380711,0.225042,0.231472,0.172927,0.227411,0.388156,0.278511,0.393232,0.393909,0.394585,0.407783,0.398646,0.379695,0.408799,0.401692,0.401692,0.404061,0.404061,0.404399,0.384095,0.405076,0.406091,0.392555,0.387140,0.387140,0.191878,0.436887,0.408799,0.408799,0.410152,0.438240,0.395601,0.445008,0.424365,0.442978,0.412183,0.445008,0.465313,0.417597,0.455161,0.466667,0.466667,0.416582,0.428765,0.293063,0.437225,0.471743
Fitness[4] norm PnL obj,,,,statistic,Normalized objective after penalties; see Sortino row for raw IS aggregate,0.647740,0.647740,0.647740,0.647740,0.647740,0.647740,0.652627,0.684460,0.650720,0.649617,0.673600,0.667020,0.650823,0.663003,0.644533,0.659647,0.650920,0.648937,0.658770,0.658770,0.659027,0.660223,0.660240,0.656720,0.659230,0.660323,0.654247,0.653457,0.658113,0.627983,0.643173,0.636393,0.643923,0.649027,0.649027,0.649027,0.639663,0.653843,0.633590,0.646747,0.622943,0.650980,0.651067,0.673790,0.612670,0.612670,0.628550,0.629660,0.626527,0.612230,0.628153,0.628557,0.625800,0.625800,0.633670,0.615340,0.622450,0.647600,0.629337,0.631463,0.627653,0.627653,0.631423,0.640053,0.640053,0.615023,0.631813,0.612647,0.611060,0.608803,0.590973,0.584377,0.599573,0.580610,0.581753,0.583090,0.591193,0.591193,0.502337,0.623940,0.583917,0.623457,0.571140,0.584853,0.587053,0.587213,0.589730,0.553543,0.608517,0.568263,0.578710,0.555823,0.561157,0.559690,0.357017,0.357017,0.357017,0.550187,0.593747,0.545920,0.588033,0.546000,0.546000,0.556890,0.586907,0.428183,0.536347,0.580617,0.568370,0.585687,0.522677,0.524453,0.581667,0.563187,0.583620,0.539937,0.580363,0.580363,0.515617,0.551580,0.555190,0.531970,0.567447,0.541560,0.556590,0.510503,0.556130,0.556943,0.551140,0.534840,0.534610,0.552620,0.545803,0.549667,0.481620,0.539693,0.549387,0.477603,0.395043,0.492787,0.399973,0.384513,0.469333,0.522573,0.518387,0.474123,0.503857,0.515127,0.465790,0.500897,0.514270,0.447210,0.505413,0.476870,0.434817,0.487053,0.473807,0.453840,0.525357,0.354720,0.535353,0.477817,0.479023,0.533487,0.513993,0.531933,0.531933,0.531933,0.508217,0.499123,0.499123,0.499123,0.333210,0.490300,0.490300,0.489977,0.343820,0.343820,0.343820,0.483003,0.480900,0.480900,0.309890,0.301517,0.447200,0.439997,0.439997,0.439997,0.469820,0.436277,0.458857,0.414240,0.293037,0.455747,0.455747,0.456620,0.399053,0.435657,0.293550,0.293550,0.415400,0.447287,0.414593,0.398250,0.447927,0.392343,0.361796,0.446493,0.414086,0.414086,0.420352,0.410927,0.379189,0.276703,0.383949,0.368853,0.350982,0.386590,0.386590,0.400350,0.381890,0.377503,0.271740,0.266730,0.409540,0.389130,0.295636,0.380723,0.359989,0.359989,0.411703,0.383833,0.383183,0.380113,0.406920,0.372047,0.371780,0.414077,0.414077,0.370310,0.375730,0.364860,0.370613,0.400670,0.394870,0.338873,0.405797,0.347480,0.337017,0.324610,0.324610,0.324610,0.325030,0.383733,0.380970,0.378903,0.361863,0.224773,0.306747,0.247983,0.247983,0.334947,0.323895,0.332443,0.331080,0.324133,0.321307,0.322517,0.312377,0.274700,0.273963,0.182320,0.264763,0.297870,0.222873,0.293993,0.260133,0.249253,0.264217,0.256640,0.250287,0.254983,0.243790,0.243790,0.237883,0.237883,0.227510,0.225363,0.224470,0.224103,0.224990,0.201263,0.201263,0.126667,0.216170,0.210137,0.210137,0.186920,0.208170,0.173267,0.178117,0.146063,0.146953,0.137153,0.149133,0.146220,0.123860,0.126763,0.125530,0.125530,0.100100,0.096723,0.071090,0.087090,0.024033
Fitness[5] norm PPT obj,,,,statistic,Normalized objective after penalties; see Sortino row for raw IS aggregate,1.000000,1.000000,1.000000,1.000000,1.000000,1.000000,1.000000,1.000000,1.000000,1.000000,1.000000,1.000000,1.000000,1.000000,1.000000,1.000000,1.000000,1.000000,1.000000,1.000000,1.000000,1.000000,1.000000,1.000000,1.000000,1.000000,1.000000,1.000000,1.000000,1.000000,1.000000,1.000000,1.000000,1.000000,1.000000,1.000000,1.000000,1.000000,1.000000,1.000000,1.000000,1.000000,1.000000,1.000000,1.000000,1.000000,1.000000,1.000000,1.000000,1.000000,1.000000,1.000000,1.000000,1.000000,1.000000,1.000000,1.000000,1.000000,1.000000,1.000000,1.000000,1.000000,1.000000,1.000000,1.000000,1.000000,1.000000,1.000000,1.000000,1.000000,1.000000,1.000000,1.000000,1.000000,1.000000,1.000000,1.000000,1.000000,1.000000,1.000000,1.000000,1.000000,1.000000,1.000000,1.000000,1.000000,1.000000,1.000000,1.000000,1.000000,1.000000,1.000000,1.000000,1.000000,1.000000,1.000000,1.000000,1.000000,1.000000,1.000000,1.000000,1.000000,1.000000,1.000000,1.000000,1.000000,1.000000,1.000000,1.000000,1.000000,1.000000,1.000000,1.000000,1.000000,1.000000,1.000000,1.000000,1.000000,1.000000,1.000000,1.000000,1.000000,1.000000,1.000000,1.000000,1.000000,1.000000,1.000000,1.000000,1.000000,1.000000,1.000000,1.000000,1.000000,1.000000,1.000000,1.000000,1.000000,1.000000,1.000000,1.000000,1.000000,1.000000,1.000000,1.000000,1.000000,1.000000,1.000000,1.000000,1.000000,1.000000,1.000000,1.000000,1.000000,1.000000,1.000000,1.000000,1.000000,1.000000,1.000000,1.000000,1.000000,1.000000,1.000000,1.000000,1.000000,1.000000,1.000000,1.000000,1.000000,1.000000,1.000000,1.000000,1.000000,1.000000,1.000000,1.000000,1.000000,1.000000,1.000000,1.000000,1.000000,1.000000,1.000000,1.000000,1.000000,1.000000,1.000000,1.000000,1.000000,1.000000,1.000000,1.000000,1.000000,1.000000,1.000000,1.000000,1.000000,0.978500,0.978500,1.000000,1.000000,1.000000,1.000000,1.000000,1.000000,0.708581,1.000000,0.775704,0.775704,0.734902,0.964617,0.688608,0.870136,0.707126,0.711581,0.732749,0.907488,0.907488,0.669073,0.915072,0.692063,0.818494,0.816520,0.972009,0.972825,0.619888,0.930106,0.623403,0.623403,0.611441,0.895412,0.818768,0.809901,0.598412,0.846844,0.843676,0.751955,0.751955,0.768278,0.757520,0.847198,0.557034,0.563795,0.584127,0.769002,0.573159,0.795756,0.781337,0.770435,0.770435,0.770435,0.766580,0.662371,0.657601,0.642936,0.509189,0.657232,0.702473,0.505401,0.505401,0.456745,0.435510,0.458332,0.457346,0.437624,0.434198,0.423992,0.416502,0.619624,0.600797,0.535186,0.590990,0.389542,0.406209,0.379509,0.335223,0.320652,0.328900,0.326791,0.334608,0.316618,0.308075,0.308075,0.298848,0.298848,0.285577,0.297837,0.281291,0.280129,0.290935,0.263894,0.263894,0.335097,0.251166,0.260931,0.260931,0.231337,0.241124,0.222327,0.203175,0.174717,0.168396,0.168908,0.170114,0.159513,0.150559,0.141372,0.136545,0.136545,0.121974,0.114511,0.123135,0.101111,0.025861
--- ROBUSTNESS EVALUATION ---,,,,,,,,,,,,,,,,,,,,,,,,,,,,,,,,,,,,,,,,,,,,,,,,,,,,,,,,,,,,,,,,,,,,,,,,,,,,,,,,,,,,,,,,,,,,,,,,,,,,,,,,,,,,,,,,,,,,,,,,,,,,,,,,,,,,,,,,,,,,,,,,,,,,,,,,,,,,,,,,,,,,,,,,,,,,,,,,,,,,,,,,,,,,,,,,,,,,,,,,,,,,,,,,,,,,,,,,,,,,,,,,,,,,,,,,,,,,,,,,,,,,,,,,,,,,,,,,,,,,,,,,,,,,,,,,,,,,,,,,,,,,,,,,,,,,,,,,,,,,,,,,,,,,,,,,,,,,,,,,
Aggregate IS Sortino,,,,robustness,,13.1984,13.1984,13.1984,13.1984,13.1984,13.1984,12.7742,12.7469,12.4679,12.4677,12.4606,12.3431,12.3245,12.2605,12.1511,12.0095,12.0057,11.7922,11.7894,11.7894,11.7888,11.7212,11.5286,11.5246,11.4995,11.4546,11.2776,11.2572,11.2230,11.0240,10.9169,10.9137,10.9040,10.8869,10.8869,10.8869,10.8373,10.7737,10.6771,10.6537,10.6215,10.5666,10.5564,10.4025,10.2657,10.2657,10.0531,10.0496,10.0481,10.0228,10.0160,10.0141,10.0069,10.0069,9.9545,9.9317,9.9021,9.8420,9.5458,9.5391,9.5317,9.5317,9.4925,9.4451,9.4451,9.4300,9.3707,9.0661,9.0315,8.9766,8.9087,8.8352,8.8225,8.7730,8.7398,8.6949,8.6882,8.6882,8.6524,8.5191,8.4798,8.4742,8.4426,8.4016,8.3904,8.3537,8.2712,8.2077,8.2042,8.1632,8.1418,8.1268,7.9743,7.8598,7.8064,7.8064,7.8064,7.7502,7.7183,7.7076,7.6638,7.6630,7.6630,7.6412,7.6044,7.5113,7.4986,7.4871,7.4844,7.4612,7.4363,7.3821,7.3359,7.3058,7.2856,7.2843,7.2491,7.2491,7.1143,6.9961,6.9692,6.9670,6.9542,6.8999,6.8667,6.6683,6.6531,6.6527,6.6495,6.6041,6.5742,6.5740,6.5648,6.4975,6.4931,6.4594,6.4433,6.4357,6.3788,6.3752,6.3640,6.3356,6.2024,6.0911,6.0871,6.0177,5.9635,5.9409,5.9363,5.9071,5.9040,5.8944,5.8144,5.7684,5.6804,5.5846,5.5665,5.5079,5.5057,5.4917,5.4781,5.4613,5.4348,5.4132,5.4034,5.3291,5.3291,5.3291,5.2436,5.1981,5.1981,5.1981,5.1594,5.0927,5.0927,4.9786,4.9541,4.9541,4.9541,4.8937,4.8896,4.8896,4.6561,4.5829,4.4632,4.4130,4.4130,4.4130,4.3781,4.2481,4.2070,4.2002,4.1934,4.1754,4.1754,4.1626,4.0732,4.0559,4.0298,4.0298,4.0024,3.9957,3.9817,3.9710,3.9082,3.8927,3.7708,3.7635,3.7285,3.7285,3.7257,3.6483,3.6199,3.6148,3.5983,3.5892,3.4708,3.4286,3.4286,3.4023,3.3853,3.3726,3.3346,3.3210,3.2827,3.2349,3.1262,3.1213,3.0606,3.0606,3.0177,2.9941,2.9857,2.9583,2.9372,2.9193,2.9097,2.8324,2.8324,2.8197,2.7957,2.7953,2.7946,2.7687,2.7681,2.7575,2.7440,2.6665,2.6060,2.5786,2.5786,2.5786,2.5705,2.5400,2.5228,2.4580,2.4281,2.3978,2.3382,2.3091,2.3091,2.2529,2.1876,2.1856,2.1566,2.1347,2.1318,2.0905,2.0697,2.0660,2.0548,2.0207,1.9798,1.9180,1.8552,1.8462,1.6194,1.5920,1.5549,1.5525,1.5249,1.4951,1.4559,1.4559,1.4138,1.4138,1.3569,1.3567,1.3454,1.3401,1.3265,1.3147,1.3147,1.2943,1.2542,1.2464,1.2464,1.1564,1.1281,1.0031,0.9546,0.8065,0.7844,0.7668,0.7595,0.7528,0.6698,0.6646,0.6412,0.6412,0.5436,0.5269,0.4967,0.4650,0.1170
Aggregate OOS Sortino,,,,robustness,,1.7608,1.7608,1.7608,1.7608,1.7608,1.7608,2.4453,-0.7988,1.2828,1.4352,0.2331,-0.6190,0.3780,0.1584,1.1834,-0.0729,0.4644,1.1782,0.3119,0.4201,0.4201,-0.3680,0.1005,1.0363,0.4614,0.4689,-0.5148,0.3319,-0.2213,0.7027,0.2616,-0.0222,1.4009,-0.3145,-0.4197,-0.4197,-0.7964,-0.5503,0.3548,0.3079,0.3648,-0.5561,0.3437,-0.6073,-0.5879,-0.5879,-0.1932,-0.8737,-0.4092,0.0145,-0.2880,0.1905,-0.7264,-0.7264,0.5488,0.2379,0.7997,-0.1698,-0.1124,-0.6626,-0.0371,-0.0371,-0.3432,-0.5550,-0.6866,0.1801,-1.4945,-0.3247,0.7127,0.7030,0.4617,0.5138,0.7030,0.5926,0.2338,0.4137,-0.4136,-0.4136,-3.2596,-1.0202,-0.2726,-1.1251,0.8901,-0.2480,-0.6560,0.2725,-0.9780,-1.3068,-0.5947,-0.1962,0.5923,0.2742,-0.6084,0.1085,1.8104,1.8104,1.8104,-0.3308,-1.1848,0.0314,-0.9345,-0.4036,-0.4036,0.0087,-1.0744,0.8899,0.6137,-0.5830,-1.5145,-1.1123,-1.2555,0.5979,-0.1517,-1.3328,-1.2680,0.0331,-1.6735,-1.6735,0.2876,-0.3045,-0.3178,-2.4069,-0.8477,-1.0944,-0.2077,-1.0664,-0.4252,-0.7197,-0.5297,-0.4105,-1.0720,-0.5919,0.2243,-0.3787,-1.7793,-1.8341,-0.9812,-1.1850,1.3892,0.9021,0.9194,1.3030,-0.3711,-1.7518,-1.4057,-0.7834,-1.6061,-0.5224,-0.1090,-0.9716,-0.8759,-0.6089,-1.3160,-1.6396,0.7657,-0.6883,-0.8884,-1.2330,-1.6599,0.4753,-1.9129,-0.4112,-0.1897,-1.0900,-0.7095,-1.5636,-1.5636,-1.5636,-0.7899,-0.7265,-0.7265,-0.7265,-0.2188,-0.7566,-0.7566,-1.6006,0.7574,0.7574,0.7574,-1.6561,-1.8398,-1.8398,0.1568,-0.2814,-2.7547,-2.1512,-2.1512,-2.1512,-1.4002,0.4719,-1.9320,-2.2621,0.9591,-1.9320,-1.9320,-1.7731,-1.4113,-0.7868,-0.0504,-0.0504,-0.0643,-1.7693,-0.1683,-2.5589,-0.1612,-2.1257,-3.0704,-1.7185,-2.7227,-2.7227,-3.0014,-1.0126,-2.8136,0.3635,-2.5217,-2.4819,-2.1127,-0.4810,-0.4810,-2.7262,-0.2529,-2.7532,0.1099,0.3120,-1.0299,-1.3889,-1.5155,-1.1625,-3.3206,-3.3206,-2.6849,-1.4439,-2.9530,-2.9114,-2.1670,-0.7396,-0.7906,-0.8769,-0.8769,-2.5039,-3.2984,-1.0176,-2.7199,-3.4043,-2.1213,-1.9066,-2.6458,-1.3170,-1.2226,-1.1025,-1.1025,-1.1025,-1.1481,-1.4140,-1.3446,-1.3443,-3.2361,0.4087,-0.8697,-1.2160,-1.2160,-3.5069,-3.2508,-3.2075,-2.6235,-3.2428,-3.5128,-3.1058,-3.6685,-0.5449,-0.9872,0.5198,-0.8824,-3.8110,-2.9514,-3.5403,-3.6159,-3.8634,-3.4925,-3.5574,-3.2417,-3.5191,-3.0137,-3.0137,-3.0888,-3.0888,-2.9957,-3.2410,-3.1921,-3.3042,-2.6850,-3.5255,-3.5255,0.3530,-3.8683,-3.4513,-3.4513,-3.6469,-3.2464,-3.3555,-3.3577,-3.7449,-3.3768,-3.1347,-3.7035,-3.3024,-3.5680,-3.0725,-3.2485,-3.2485,-2.9225,-3.3540,-1.1836,-3.9811,-3.1681
Sortino IS-to-OOS Degradation,,,,robustness,,86.66%,86.66%,86.66%,86.66%,86.66%,86.66%,80.86%,106.27%,89.71%,88.49%,98.13%,105.02%,96.93%,98.71%,90.26%,100.61%,96.13%,90.01%,97.35%,96.44%,96.44%,103.14%,99.13%,91.01%,95.99%,95.91%,104.56%,97.05%,101.97%,93.63%,97.60%,100.20%,87.15%,102.89%,103.86%,103.86%,107.35%,105.11%,96.68%,97.11%,96.57%,105.26%,96.74%,105.84%,105.73%,105.73%,101.92%,108.69%,104.07%,99.86%,102.88%,98.10%,107.26%,107.26%,94.49%,97.60%,91.92%,101.73%,101.18%,106.95%,100.39%,100.39%,103.62%,105.88%,107.27%,98.09%,115.95%,103.58%,92.11%,92.17%,94.82%,94.18%,92.03%,93.24%,97.33%,95.24%,104.76%,104.76%,137.67%,111.98%,103.22%,113.28%,89.46%,102.95%,107.82%,96.74%,111.82%,115.92%,107.25%,102.40%,92.73%,96.63%,107.63%,98.62%,76.81%,76.81%,76.81%,104.27%,115.35%,99.59%,112.19%,105.27%,105.27%,99.89%,114.13%,88.15%,91.82%,107.79%,120.24%,114.91%,116.88%,91.90%,102.07%,118.24%,117.40%,99.54%,123.09%,123.09%,95.96%,104.35%,104.56%,134.55%,112.19%,115.86%,103.03%,115.99%,106.39%,110.82%,107.97%,106.22%,116.31%,109.00%,96.58%,105.83%,127.40%,128.39%,115.23%,118.41%,78.22%,85.85%,85.55%,79.43%,105.98%,128.76%,123.09%,113.02%,126.93%,108.79%,101.84%,116.45%,114.84%,110.33%,122.63%,128.42%,86.52%,112.32%,115.96%,122.39%,130.15%,91.35%,134.92%,107.53%,103.49%,120.14%,113.13%,129.34%,129.34%,129.34%,115.07%,113.98%,113.98%,113.98%,104.24%,114.86%,114.86%,132.15%,84.71%,84.71%,84.71%,133.84%,137.63%,137.63%,96.63%,106.14%,161.72%,148.75%,148.75%,148.75%,131.98%,88.89%,145.92%,153.86%,77.13%,146.27%,146.27%,142.60%,134.65%,119.40%,101.25%,101.25%,101.61%,144.28%,104.23%,164.44%,104.12%,154.61%,181.43%,145.66%,173.02%,173.02%,180.56%,127.76%,177.73%,89.94%,170.08%,169.15%,160.87%,114.03%,114.03%,180.13%,107.47%,181.63%,96.70%,90.61%,131.37%,142.94%,148.48%,137.24%,208.50%,208.50%,188.97%,148.22%,198.90%,198.41%,173.78%,125.34%,127.17%,130.96%,130.96%,188.80%,217.98%,136.40%,197.33%,222.96%,176.63%,169.14%,196.42%,149.39%,146.91%,142.76%,142.76%,142.76%,144.66%,155.67%,153.30%,154.69%,233.28%,82.96%,137.19%,152.66%,152.66%,255.66%,248.60%,246.76%,221.65%,251.91%,264.78%,248.57%,277.25%,126.37%,148.04%,74.28%,144.57%,298.70%,259.09%,291.76%,323.28%,342.67%,324.62%,329.15%,312.58%,335.38%,307.00%,307.00%,318.47%,318.47%,320.78%,338.90%,337.26%,346.56%,302.42%,368.16%,368.16%,72.73%,408.43%,376.91%,376.91%,415.37%,387.77%,434.52%,451.72%,564.37%,530.48%,508.80%,587.62%,538.71%,632.70%,562.29%,606.64%,606.64%,637.60%,736.58%,338.28%,956.07%,2807.60%
Positive OOS Splits,,,,robustness,,4/5,4/5,4/5,4/5,4/5,4/5,4/5,1/5,4/5,4/5,2/5,1/5,2/5,2/5,3/5,2/5,3/5,4/5,2/5,2/5,2/5,1/5,2/5,3/5,2/5,3/5,2/5,3/5,3/5,2/5,2/5,3/5,2/5,3/5,3/5,3/5,2/5,1/5,2/5,3/5,2/5,2/5,2/5,1/5,2/5,2/5,2/5,2/5,2/5,2/5,2/5,2/5,2/5,2/5,2/5,2/5,2/5,2/5,2/5,1/5,3/5,3/5,2/5,2/5,2/5,1/5,1/5,2/5,2/5,2/5,2/5,2/5,2/5,2/5,2/5,2/5,2/5,2/5,2/5,1/5,3/5,1/5,2/5,2/5,2/5,2/5,2/5,1/5,3/5,2/5,2/5,3/5,1/5,2/5,5/5,5/5,5/5,1/5,1/5,2/5,2/5,1/5,1/5,2/5,2/5,3/5,2/5,2/5,1/5,1/5,2/5,4/5,2/5,1/5,1/5,1/5,1/5,1/5,2/5,2/5,2/5,1/5,2/5,1/5,1/5,1/5,2/5,1/5,2/5,1/5,2/5,2/5,2/5,1/5,1/5,1/5,2/5,1/5,3/5,3/5,3/5,4/5,3/5,1/5,2/5,2/5,2/5,1/5,3/5,1/5,1/5,3/5,1/5,1/5,3/5,2/5,1/5,2/5,1/5,2/5,0/5,2/5,3/5,3/5,2/5,2/5,2/5,2/5,2/5,2/5,2/5,2/5,2/5,2/5,2/5,1/5,3/5,3/5,3/5,1/5,1/5,1/5,2/5,3/5,0/5,1/5,1/5,1/5,1/5,3/5,1/5,1/5,3/5,1/5,1/5,2/5,1/5,2/5,3/5,3/5,3/5,1/5,2/5,1/5,2/5,1/5,1/5,1/5,0/5,0/5,1/5,2/5,0/5,3/5,1/5,0/5,1/5,2/5,2/5,1/5,3/5,0/5,2/5,3/5,1/5,0/5,3/5,2/5,0/5,0/5,1/5,1/5,1/5,1/5,1/5,2/5,1/5,1/5,1/5,1/5,0/5,1/5,1/5,0/5,1/5,1/5,0/5,0/5,0/5,2/5,2/5,2/5,1/5,0/5,0/5,1/5,0/5,3/5,2/5,2/5,2/5,0/5,0/5,0/5,0/5,0/5,0/5,0/5,0/5,2/5,2/5,3/5,1/5,0/5,0/5,0/5,0/5,0/5,0/5,0/5,0/5,0/5,0/5,0/5,0/5,0/5,0/5,0/5,0/5,0/5,0/5,0/5,0/5,2/5,0/5,0/5,0/5,0/5,0/5,0/5,0/5,0/5,0/5,0/5,0/5,0/5,0/5,0/5,0/5,0/5,0/5,0/5,1/5,0/5,0/5
Live-Ready Robustness Score,,,,robustness,,48.8,48.8,48.8,48.8,48.8,48.8,55.4,8.0,44.3,45.8,18.2,8.0,19.6,17.5,35.4,16.0,28.5,43.4,19.0,20.1,20.1,8.0,17.0,34.1,20.5,28.6,16.0,27.2,24.0,22.9,18.6,24.0,29.8,24.0,24.0,24.0,16.0,8.0,19.5,27.0,19.6,16.0,19.4,8.0,16.0,16.0,16.0,16.0,16.0,16.1,16.0,17.9,16.0,16.0,21.5,18.4,24.0,16.0,16.0,8.0,24.0,24.0,16.0,16.0,16.0,9.8,8.0,16.0,23.3,23.2,20.7,21.3,23.2,22.1,18.4,20.3,16.0,16.0,16.0,8.0,24.0,8.0,25.2,16.0,16.0,18.8,16.0,8.0,24.0,16.0,22.2,26.9,8.0,17.1,59.1,59.1,59.1,8.0,8.0,16.3,16.0,8.0,8.0,16.1,16.0,33.5,22.5,16.0,8.0,8.0,16.0,38.4,16.0,8.0,8.0,8.4,8.0,8.0,19.1,16.0,16.0,8.0,16.0,8.0,8.0,8.0,16.0,8.0,16.0,8.0,16.0,16.0,18.5,8.0,8.0,8.0,16.0,8.0,39.5,34.0,34.2,46.5,24.0,8.0,16.0,16.0,16.0,8.0,24.0,8.0,8.0,24.0,8.0,8.0,32.8,16.0,8.0,16.0,8.0,21.5,0.0,16.0,24.0,24.0,16.0,16.0,16.0,16.0,16.0,16.0,16.0,16.0,16.0,16.0,16.0,8.0,33.1,33.1,33.1,8.0,8.0,8.0,17.9,24.0,0.0,8.0,8.0,8.0,8.0,30.0,8.0,8.0,36.2,8.0,8.0,16.0,8.0,16.0,24.0,24.0,24.0,8.0,16.0,8.0,16.0,8.0,8.0,8.0,0.0,0.0,8.0,16.0,0.0,28.9,8.0,0.0,8.0,16.0,16.0,8.0,24.0,0.0,17.5,28.4,8.0,0.0,24.0,16.0,0.0,0.0,8.0,8.0,8.0,8.0,8.0,16.0,8.0,8.0,8.0,8.0,0.0,8.0,8.0,0.0,8.0,8.0,0.0,0.0,0.0,16.0,16.0,16.0,8.0,0.0,0.0,8.0,0.0,30.7,16.0,16.0,16.0,0.0,0.0,0.0,0.0,0.0,0.0,0.0,0.0,16.0,16.0,33.3,8.0,0.0,0.0,0.0,0.0,0.0,0.0,0.0,0.0,0.0,0.0,0.0,0.0,0.0,0.0,0.0,0.0,0.0,0.0,0.0,0.0,24.3,0.0,0.0,0.0,0.0,0.0,0.0,0.0,0.0,0.0,0.0,0.0,0.0,0.0,0.0,0.0,0.0,0.0,0.0,8.0,0.0,0.0
--- PER-SPLIT DETAIL (In-Sample) ---,,,,,,,,,,,,,,,,,,,,,,,,,,,,,,,,,,,,,,,,,,,,,,,,,,,,,,,,,,,,,,,,,,,,,,,,,,,,,,,,,,,,,,,,,,,,,,,,,,,,,,,,,,,,,,,,,,,,,,,,,,,,,,,,,,,,,,,,,,,,,,,,,,,,,,,,,,,,,,,,,,,,,,,,,,,,,,,,,,,,,,,,,,,,,,,,,,,,,,,,,,,,,,,,,,,,,,,,,,,,,,,,,,,,,,,,,,,,,,,,,,,,,,,,,,,,,,,,,,,,,,,,,,,,,,,,,,,,,,,,,,,,,,,,,,,,,,,,,,,,,,,,,,,,,,,,,,,,,,,,
  Sortino (P1),,,,split_detail,,40.5348,40.5348,40.5348,40.5348,40.5348,40.5348,33.4226,37.5654,34.6321,33.4133,41.0046,35.2478,32.8684,35.2478,29.6170,35.8845,28.5600,31.4527,36.5072,36.5072,36.5072,35.9511,32.5244,31.7515,33.4587,31.5062,31.5062,29.8966,30.8109,33.8541,32.4841,34.2201,29.5834,28.2740,28.2740,28.2740,32.1622,28.7373,32.0549,32.2516,34.4924,30.8728,29.2200,26.9588,26.4721,26.4721,28.6526,28.7826,28.3499,27.7720,29.8919,28.7480,28.7826,28.7826,25.8453,30.9233,27.7094,26.1651,25.9236,26.1651,27.8525,27.8525,26.5844,26.2179,26.2179,23.7289,25.7705,25.1942,25.3113,25.3113,29.6408,28.3020,25.3113,28.3020,28.1572,26.9894,25.3113,25.3113,38.7279,27.4994,22.7831,26.5171,27.5591,23.2882,24.0248,22.6776,23.5023,21.5127,27.4994,20.8529,21.4050,28.1422,24.4101,24.8782,7.2999,7.2999,7.2999,20.9809,26.4931,21.7425,23.3169,21.7887,21.7887,22.2344,23.0668,3.5056,23.5063,23.1745,23.4972,23.6637,19.5266,20.7834,21.2846,20.8956,24.0557,22.3347,23.4016,23.4016,20.3949,22.0926,20.7296,21.6876,21.7914,22.2986,20.8253,21.6719,21.0578,21.0578,20.0708,18.9097,21.0293,21.1737,23.0817,21.4508,22.2229,22.3314,21.1647,22.2229,-1.5803,21.5451,2.8127,-0.4522,17.9865,21.1647,19.3175,22.3583,20.4172,20.1502,19.8286,17.5881,21.7258,21.0527,18.7235,21.7040,19.3902,13.2971,19.2782,17.3713,23.6529,1.5483,21.6017,13.8022,14.5099,17.1429,22.0345,17.1429,17.1429,17.1429,21.6913,21.4376,21.4376,21.4376,2.4305,20.9869,20.9869,16.8372,3.7770,3.7770,3.7770,16.8372,20.7927,20.7927,-1.9874,-1.3219,20.6576,20.6576,20.6576,20.6576,13.9710,12.5008,12.8600,16.7376,1.9696,12.8600,12.8600,13.1358,16.3233,12.3955,2.2794,2.2794,12.3456,12.5431,12.8445,13.2551,11.6739,13.4446,19.0980,9.5343,15.3487,15.3487,15.4915,9.6317,15.3474,2.8049,15.4674,14.8680,15.1587,10.9081,10.9081,13.3158,10.7486,15.8062,1.1880,0.4890,8.0726,9.0406,16.1359,8.9254,12.3018,12.3018,11.5669,8.5028,11.7747,11.7747,11.7517,7.8946,7.8946,10.1971,10.1971,10.2976,10.7062,7.3016,11.1084,10.7353,11.2700,13.4389,11.6452,8.2316,8.4456,7.5661,7.5661,7.5661,7.5621,10.5178,10.2943,9.5049,10.1413,-0.3936,7.3161,15.8487,15.8487,9.6623,9.8629,10.0294,9.8849,9.8999,9.5525,11.0712,9.1637,7.7343,6.5163,0.0714,7.8110,8.7111,12.0013,8.6518,9.3091,7.7646,8.1675,8.5282,8.7282,8.1675,7.9434,7.9434,7.8639,7.8639,7.5277,8.7282,7.1903,7.1219,7.2837,7.3685,7.3685,-1.4633,9.0149,6.5515,6.5515,7.6711,6.4800,8.0367,6.3714,5.2884,5.9957,6.1521,5.3922,5.6012,4.8485,5.7250,5.6419,5.6419,4.8119,5.3032,-1.2150,5.5604,6.5746
  Trades/D (P1),,,,split_detail,,0.205,0.205,0.205,0.205,0.205,0.205,0.235,0.241,0.229,0.229,0.253,0.235,0.247,0.235,0.253,0.253,0.247,0.235,0.253,0.253,0.253,0.253,0.247,0.253,0.265,0.253,0.253,0.265,0.259,0.265,0.277,0.259,0.271,0.271,0.271,0.271,0.283,0.271,0.277,0.259,0.265,0.271,0.283,0.301,0.259,0.259,0.289,0.289,0.283,0.289,0.271,0.289,0.289,0.289,0.283,0.289,0.295,0.301,0.301,0.301,0.307,0.307,0.295,0.301,0.301,0.313,0.301,0.307,0.319,0.319,0.295,0.307,0.319,0.307,0.307,0.313,0.319,0.319,0.211,0.331,0.319,0.325,0.313,0.319,0.319,0.337,0.325,0.343,0.331,0.331,0.343,0.331,0.319,0.325,0.181,0.181,0.181,0.325,0.337,0.325,0.349,0.337,0.337,0.343,0.355,0.277,0.337,0.355,0.361,0.343,0.349,0.325,0.355,0.373,0.355,0.343,0.349,0.349,0.355,0.361,0.380,0.367,0.373,0.380,0.386,0.367,0.404,0.404,0.392,0.398,0.386,0.404,0.392,0.392,0.349,0.392,0.392,0.349,0.271,0.367,0.313,0.283,0.380,0.392,0.398,0.386,0.392,0.404,0.373,0.410,0.404,0.343,0.392,0.367,0.361,0.446,0.398,0.386,0.434,0.301,0.446,0.446,0.452,0.434,0.446,0.434,0.434,0.434,0.446,0.446,0.446,0.446,0.313,0.452,0.452,0.434,0.319,0.319,0.319,0.434,0.458,0.458,0.313,0.313,0.440,0.440,0.440,0.440,0.470,0.476,0.488,0.434,0.343,0.488,0.488,0.482,0.440,0.488,0.367,0.367,0.494,0.488,0.494,0.458,0.548,0.452,0.627,0.530,0.675,0.675,0.729,0.548,0.729,0.380,0.687,0.705,0.596,0.542,0.542,0.759,0.536,0.675,0.398,0.392,0.572,0.554,0.566,0.560,0.747,0.747,0.880,0.614,0.602,0.602,0.904,0.584,0.584,0.717,0.717,0.627,0.620,0.608,0.904,0.964,0.904,0.572,0.880,0.590,0.578,0.590,0.590,0.590,0.596,0.759,0.765,0.771,0.952,0.410,0.602,0.578,0.578,0.982,0.982,0.952,0.970,0.988,0.982,0.946,1.006,0.596,0.639,0.416,0.602,0.982,0.735,1.024,1.018,1.048,1.151,1.000,1.024,1.151,1.133,1.133,1.139,1.139,1.175,1.024,1.169,1.175,1.102,1.048,1.048,0.446,1.181,1.060,1.060,1.145,1.301,1.054,1.277,1.241,1.295,1.187,1.217,1.319,1.211,1.313,1.361,1.361,1.169,1.193,0.753,1.283,1.247
  Profit Fac (P1),,,,split_detail,,3.2937,3.2937,3.2937,3.2937,3.2937,3.2937,3.1355,3.8642,3.3160,2.8560,3.7661,3.4192,2.7633,3.4192,3.1009,3.1402,2.6461,2.9408,3.1721,3.1721,3.1721,3.6572,3.1098,3.0770,2.9731,3.0610,3.0610,2.9018,2.9457,3.0028,3.0027,3.0906,3.0883,2.8143,2.8143,2.8143,2.9462,2.8845,2.8715,3.0945,3.1275,3.1130,2.9632,2.7760,2.8117,2.8117,2.9660,2.9749,2.8203,2.7332,3.0459,2.9725,2.9749,2.9749,2.8167,2.9400,2.7950,2.7237,2.6490,2.7237,2.6539,2.6539,2.7245,2.7354,2.7354,2.7186,2.6370,2.5865,2.5935,2.5935,2.7560,2.6512,2.5935,2.6512,2.6680,2.5735,2.5935,2.5935,3.5602,2.7658,2.4795,2.7742,2.6161,2.5270,2.4940,2.5177,2.4891,2.2803,2.7658,2.3255,2.3790,2.7165,2.5433,2.5958,1.3929,1.3929,1.3929,2.3098,2.7894,2.3687,2.5341,2.4411,2.4411,2.4754,2.5438,1.2026,2.4686,2.5510,2.9085,2.6005,2.1796,2.3575,2.5018,2.4401,2.6841,2.4820,2.6105,2.6105,2.4079,2.4525,2.3787,2.3545,2.4687,2.7487,2.3844,2.4683,2.4246,2.4246,2.3173,2.2109,2.4334,2.4324,2.4639,2.4483,2.5845,2.6422,2.3859,2.5845,0.9078,2.4462,1.1731,0.9736,2.2136,2.3859,2.2506,2.5435,2.3370,2.3937,2.3866,2.0943,2.4698,2.2786,2.2392,2.4736,2.2318,1.8608,2.2915,2.3894,2.6628,1.0869,2.3894,1.8682,2.0628,2.1176,2.4484,2.1176,2.1176,2.1176,2.4476,2.4091,2.4091,2.4091,1.1516,2.3488,2.3488,2.0742,1.2737,1.2737,1.2737,2.0742,2.3328,2.3328,0.8860,0.9222,2.4917,2.4917,2.4917,2.4917,2.2541,1.8018,2.0786,1.9944,1.1217,2.0786,2.0786,2.1244,2.0700,2.0073,1.1443,1.1443,1.7952,2.0462,1.8274,1.8767,1.8212,1.8379,2.3383,1.7929,2.0916,2.0916,2.1075,1.6490,2.0298,1.1824,2.0408,2.0004,2.0348,1.7443,1.7443,1.9135,1.7301,2.1170,1.0796,1.0335,1.6571,1.7379,2.0181,1.7600,1.8121,1.8121,1.7539,1.7103,1.9362,1.9362,1.7898,1.6583,1.6583,1.7684,1.7684,1.7990,1.7691,1.6064,1.7260,1.7129,1.7521,1.9388,1.7532,1.6840,1.7026,1.6293,1.6293,1.6293,1.6354,1.8132,1.7881,1.7266,1.6498,0.9671,1.5882,2.0298,2.0298,1.6286,1.6406,1.6415,1.6572,1.6264,1.6206,1.7145,1.5850,1.6337,1.5107,1.0060,1.6470,1.5497,1.7310,1.5698,1.6123,1.4961,1.6249,1.5363,1.6581,1.6249,1.5858,1.5858,1.5800,1.5800,1.5750,1.6581,1.5343,1.5303,1.5316,1.4622,1.4622,0.8904,1.5967,1.4058,1.4058,1.4974,1.4753,1.5924,1.4634,1.3656,1.4284,1.4322,1.4044,1.4118,1.3663,1.4156,1.4076,1.4076,1.3417,1.3671,0.9071,1.3837,1.5076
  Max DD (P1),,,,split_detail,,"$4,108.50","$4,108.50","$4,108.50","$4,108.50","$4,108.50","$4,108.50","$4,108.50","$3,861.50","$5,083.50","$4,108.50","$3,303.50","$3,861.50","$4,998.50","$3,861.50","$6,237.00","$3,893.50","$5,749.50","$4,195.50","$3,893.50","$3,893.50","$3,893.50","$3,861.50","$4,195.50","$4,238.00","$4,108.50","$4,238.00","$4,238.00","$4,238.00","$4,195.50","$3,792.50","$3,893.50","$4,108.50","$5,812.50","$5,749.50","$5,749.50","$5,749.50","$4,705.00","$4,238.00","$5,010.50","$4,045.00","$3,711.00","$4,045.00","$5,263.00","$5,263.00","$9,614.00","$9,614.00","$5,263.00","$5,263.00","$7,297.50","$8,143.50","$6,063.50","$5,263.00","$5,263.00","$5,263.00","$6,765.50","$4,662.50","$6,152.00","$6,584.00","$6,679.00","$6,584.00","$4,833.00","$4,833.00","$5,391.00","$5,391.00","$5,391.00","$7,703.50","$5,348.50","$5,348.50","$9,378.00","$9,378.00","$4,790.50","$4,828.00","$9,378.00","$4,828.00","$5,174.50","$4,828.00","$9,378.00","$9,378.00","$4,415.50","$6,464.50","$7,220.50","$7,537.00","$5,174.50","$9,919.50","$5,391.00","$9,919.50","$6,679.00","$8,987.00","$6,464.50","$9,361.50","$9,919.50","$4,662.50","$5,423.50","$9,378.00","$3,353.00","$3,353.00","$3,353.00","$8,728.50","$7,537.00","$7,394.00","$5,906.50","$7,217.00","$7,217.00","$9,919.50","$5,906.50","$4,063.00","$9,691.50","$5,906.50","$7,178.50","$9,395.50","$10,409.50","$12,639.00","$6,464.50","$9,548.50","$7,377.00","$9,919.50","$9,395.50","$9,395.50","$10,647.50","$6,130.50","$6,212.00","$9,591.00","$7,622.50","$8,732.50","$7,377.00","$9,089.00","$7,377.00","$7,377.00","$7,622.50","$8,268.50","$6,336.00","$7,377.00","$7,289.50","$7,377.00","$7,175.50","$8,442.50","$8,202.00","$7,175.50","$9,225.00","$7,720.50","$7,832.50","$8,106.00","$14,082.50","$8,202.00","$7,821.00","$8,594.00","$9,945.00","$9,303.00","$7,678.00","$7,307.50","$7,079.00","$9,378.00","$7,289.50","$8,775.50","$11,590.00","$15,937.50","$8,513.00","$9,334.00","$5,183.00","$4,234.00","$5,829.00","$15,453.00","$14,252.50","$8,093.50","$5,593.50","$8,093.50","$8,093.50","$8,093.50","$5,332.50","$5,593.50","$5,593.50","$5,593.50","$7,597.50","$5,593.50","$5,593.50","$9,022.00","$9,932.50","$9,932.50","$9,932.50","$9,022.00","$6,049.00","$6,049.00","$11,232.00","$9,678.00","$6,139.00","$6,139.00","$6,139.00","$6,139.00","$7,418.00","$17,877.00","$7,520.00","$11,094.50","$6,298.00","$7,520.00","$7,520.00","$7,418.00","$10,848.00","$8,175.50","$9,309.00","$9,309.00","$17,336.50","$8,102.50","$17,092.00","$12,397.00","$18,303.50","$16,269.50","$8,131.00","$14,519.50","$11,332.50","$11,332.50","$11,770.00","$18,118.00","$12,241.00","$7,598.00","$11,307.50","$11,416.50","$10,429.50","$18,036.50","$18,036.50","$13,560.00","$18,036.50","$10,835.00","$8,268.00","$10,306.00","$16,469.00","$14,519.50","$10,083.50","$14,607.50","$13,671.50","$13,671.50","$13,554.00","$14,519.50","$11,251.00","$11,251.00","$14,405.00","$18,390.50","$18,390.50","$16,519.00","$16,519.00","$12,077.00","$17,233.50","$15,362.50","$12,393.00","$15,972.50","$15,833.50","$10,535.00","$15,633.50","$15,063.50","$15,063.50","$15,362.50","$15,362.50","$15,362.50","$15,362.50","$14,167.50","$14,167.50","$16,085.00","$16,380.00","$12,400.50","$16,056.00","$10,281.00","$10,281.00","$17,003.50","$16,488.50","$16,380.00","$15,156.50","$15,975.00","$17,003.50","$17,249.50","$17,003.50","$13,630.00","$14,983.50","$11,940.50","$13,630.00","$16,710.00","$14,073.50","$16,018.00","$14,142.50","$17,080.00","$15,038.50","$18,596.00","$17,342.00","$15,038.50","$15,462.50","$15,462.50","$15,462.50","$15,462.50","$15,513.50","$17,342.00","$16,423.50","$16,603.50","$18,321.50","$18,813.00","$18,813.00","$11,893.50","$14,876.00","$19,893.00","$19,893.00","$16,989.50","$16,173.00","$19,612.50","$15,717.50","$20,374.00","$17,268.50","$22,549.00","$21,960.00","$19,992.50","$22,330.00","$19,420.50","$17,650.00","$17,650.00","$22,132.00","$21,940.50","$16,475.00","$20,702.00","$16,201.00"
  Total PNL (P1),,,,split_detail,,"$41,407.00","$41,407.00","$41,407.00","$41,407.00","$41,407.00","$41,407.00","$43,477.50","$52,309.00","$44,690.00","$39,252.50","$51,833.50","$46,681.50","$40,735.00","$46,681.50","$48,432.00","$46,025.50","$39,712.50","$42,129.50","$46,225.50","$46,225.50","$46,225.50","$51,275.50","$45,799.00","$45,806.50","$44,801.00","$45,452.50","$45,452.50","$44,243.00","$44,589.50","$44,805.00","$45,362.00","$45,664.00","$47,903.50","$44,023.00","$44,023.00","$44,023.00","$45,341.00","$44,103.00","$44,148.50","$45,164.00","$45,028.00","$45,859.50","$44,998.50","$44,866.00","$45,947.00","$45,947.00","$45,063.50","$45,268.00","$42,558.00","$45,595.00","$44,402.50","$45,213.50","$45,268.00","$45,268.00","$45,420.00","$45,292.00","$46,929.50","$43,545.00","$42,602.50","$43,545.00","$42,947.00","$42,947.00","$43,445.00","$43,720.50","$43,720.50","$45,989.00","$42,780.50","$42,270.50","$45,309.00","$45,309.00","$43,944.00","$42,748.50","$45,309.00","$42,748.50","$42,912.00","$41,967.50","$45,309.00","$45,309.00","$41,534.00","$45,790.00","$40,956.00","$44,577.50","$42,402.00","$44,560.00","$41,282.50","$45,263.50","$41,146.50","$39,425.50","$45,790.00","$42,031.50","$42,619.00","$46,740.00","$41,182.00","$45,374.00","$6,148.50","$6,148.50","$6,148.50","$38,119.50","$45,774.50","$39,661.50","$43,520.50","$43,509.50","$43,509.50","$44,753.50","$43,796.00","$4,768.50","$43,909.00","$44,000.50","$52,532.00","$43,916.00","$38,003.00","$42,740.50","$43,442.50","$45,030.50","$46,210.00","$44,955.50","$44,191.50","$44,191.50","$45,348.00","$42,430.50","$41,444.50","$42,625.50","$43,568.50","$52,364.00","$42,680.50","$46,429.00","$46,341.00","$46,341.00","$42,850.50","$40,470.00","$43,301.50","$46,596.00","$44,681.50","$44,649.50","$45,109.50","$50,560.50","$43,564.50","$45,109.50","$-2,371.50","$45,797.50","$4,923.50",$-709.00,"$41,522.00","$43,564.50","$41,438.50","$47,987.50","$42,026.00","$46,453.50","$43,204.50","$37,862.00","$47,811.00","$39,313.50","$40,797.00","$46,132.50","$40,907.50","$34,888.00","$43,484.00","$44,214.00","$54,127.00","$2,262.50","$49,288.00","$35,598.50","$41,543.50","$40,496.50","$50,276.50","$40,496.50","$40,496.50","$40,496.50","$50,060.00","$48,914.50","$48,914.50","$48,914.50","$4,268.00","$48,023.00","$48,023.00","$36,880.00","$7,932.00","$7,932.00","$7,932.00","$36,880.00","$47,890.50","$47,890.50","$-3,459.00","$-2,269.50","$49,043.00","$49,043.00","$49,043.00","$49,043.00","$48,223.00","$34,256.50","$44,626.50","$34,204.50","$3,648.50","$44,626.50","$44,626.50","$45,518.00","$42,060.50","$42,335.00","$4,462.00","$4,462.00","$33,712.50","$43,979.00","$34,913.50","$32,806.50","$36,852.50","$36,637.00","$48,239.50","$36,638.50","$45,301.00","$45,301.00","$47,829.00","$30,764.50","$45,517.50","$5,714.50","$43,918.50","$42,449.00","$38,954.00","$34,807.50","$34,807.50","$43,451.50","$33,837.50","$45,798.50","$2,696.50","$1,103.00","$32,642.50","$35,665.00","$37,195.50","$35,759.50","$39,275.50","$39,275.50","$38,666.00","$36,588.50","$42,478.00","$42,478.00","$43,010.50","$32,627.50","$32,627.50","$39,944.00","$39,944.00","$39,278.00","$37,312.00","$31,557.50","$38,769.50","$42,335.00","$42,097.50","$42,647.50","$40,770.50","$33,936.00","$34,418.00","$32,015.50","$32,015.50","$32,015.50","$32,325.00","$43,234.50","$42,380.00","$40,462.50","$39,177.00","$-1,251.50","$31,049.00","$37,866.50","$37,866.50","$38,426.50","$38,283.00","$38,872.50","$38,929.50","$39,231.00","$38,122.00","$42,224.50","$37,018.50","$32,864.00","$28,318.50",$218.50,"$33,472.50","$35,089.00","$34,513.00","$36,232.00","$39,278.50","$32,652.50","$42,007.50","$35,457.00","$41,653.00","$42,007.50","$39,684.50","$39,684.50","$39,434.50","$39,434.50","$38,859.00","$41,653.00","$36,508.00","$36,328.00","$36,318.50","$31,201.50","$31,201.50","$-4,155.00","$42,002.50","$29,569.50","$29,569.50","$34,581.00","$36,278.00","$39,340.00","$35,234.00","$28,674.00","$33,472.50","$32,791.00","$31,870.00","$32,843.00","$28,477.50","$32,958.50","$32,979.50","$32,979.50","$26,791.00","$28,471.00","$-5,028.00","$30,466.00","$37,629.50"
  Avg Profit/Tr (P1),,,,split_detail,,"$1,217.85","$1,217.85","$1,217.85","$1,217.85","$1,217.85","$1,217.85","$1,114.81","$1,307.72","$1,176.05","$1,032.96","$1,234.13","$1,196.96",$993.54,"$1,196.96","$1,153.14","$1,095.85",$968.60,"$1,080.24","$1,100.61","$1,100.61","$1,100.61","$1,220.85","$1,117.05","$1,090.63","$1,018.20","$1,082.20","$1,082.20","$1,005.52","$1,036.97","$1,018.30",$986.13,"$1,061.95","$1,064.52",$978.29,$978.29,$978.29,$964.70,$980.07,$959.75,"$1,050.33","$1,023.36","$1,019.10",$957.41,$897.32,"$1,068.53","$1,068.53",$938.82,$943.08,$905.49,$949.90,$986.72,$941.95,$943.08,$943.08,$966.38,$943.58,$957.74,$870.90,$852.05,$870.90,$842.10,$842.10,$886.63,$874.41,$874.41,$884.40,$855.61,$828.83,$854.89,$854.89,$896.82,$838.21,$854.89,$838.21,$841.41,$807.07,$854.89,$854.89,"$1,186.69",$832.55,$772.75,$825.51,$815.42,$840.75,$778.92,$808.28,$761.97,$691.68,$832.55,$764.21,$747.70,$849.82,$777.02,$840.26,$204.95,$204.95,$204.95,$705.92,$817.40,$734.47,$750.35,$776.96,$776.96,$785.15,$742.31,$103.66,$784.09,$745.77,$875.53,$770.46,$655.22,$791.49,$736.31,$726.30,$783.22,$788.69,$761.92,$761.92,$768.61,$707.17,$657.85,$698.78,$702.72,$831.17,$666.88,$761.13,$691.66,$691.66,$659.24,$613.18,$676.59,$695.46,$687.41,$686.92,$777.75,$777.85,$670.22,$777.75,$-52.70,$750.78,$94.68,$-15.09,$659.08,$670.22,$627.86,$749.80,$646.55,$693.34,$696.85,$556.79,$713.60,$689.71,$627.65,$756.27,$681.79,$471.46,$658.85,$690.84,$751.76,$45.25,$666.05,$481.06,$553.91,$562.45,$679.41,$562.45,$562.45,$562.45,$676.49,$661.01,$661.01,$661.01,$82.08,$640.31,$640.31,$512.22,$149.66,$149.66,$149.66,$512.22,$630.14,$630.14,$-66.52,$-43.64,$671.82,$671.82,$671.82,$671.82,$618.24,$433.63,$550.94,$475.06,$64.01,$550.94,$550.94,$568.97,$576.17,$522.65,$73.15,$73.15,$411.13,$542.95,$425.77,$431.66,$404.97,$488.49,$463.84,$416.35,$404.47,$404.47,$395.28,$338.07,$376.18,$90.71,$385.25,$362.81,$393.47,$386.75,$386.75,$344.85,$380.20,$408.92,$40.86,$16.97,$343.61,$387.66,$395.70,$384.51,$316.74,$316.74,$264.84,$358.71,$424.78,$424.78,$286.74,$336.37,$336.37,$335.66,$335.66,$377.67,$362.25,$312.45,$258.46,$264.59,$280.65,$448.92,$279.25,$346.29,$358.52,$326.69,$326.69,$326.69,$326.52,$343.13,$333.70,$316.11,$247.96,$-18.40,$310.49,$394.44,$394.44,$235.75,$234.87,$246.03,$241.80,$239.21,$233.88,$268.95,$221.67,$331.96,$267.16,$3.17,$334.72,$215.27,$282.89,$213.13,$232.42,$187.66,$219.93,$213.60,$245.02,$219.93,$211.09,$211.09,$208.65,$208.65,$199.28,$245.02,$188.19,$186.30,$198.46,$179.32,$179.32,$-56.15,$214.30,$168.01,$168.01,$182.01,$167.95,$224.80,$166.20,$139.19,$155.69,$166.45,$157.77,$149.97,$141.68,$151.19,$145.93,$145.93,$138.10,$143.79,$-40.22,$143.03,$181.79
  Span (min) (P1),,,,split_detail,,8411.53,8411.53,8411.53,8411.53,8411.53,8411.53,7354.85,7198.27,7555.21,7541.03,6859.00,7369.03,7000.51,7369.03,6863.50,6839.17,7006.83,7356.46,6840.83,6840.83,6840.83,6859.33,7006.32,6841.67,6538.48,6841.33,6841.33,6538.80,6689.07,6530.05,6249.63,6684.02,6405.47,6394.42,6394.42,6394.42,6129.17,6394.11,6254.04,6687.77,6528.45,6393.33,6128.87,5769.82,6707.47,6707.47,6008.33,6008.48,6129.62,6020.15,6393.02,6008.19,6008.48,6008.48,6136.02,6002.21,5902.43,5766.32,5768.28,5766.32,5662.04,5662.04,5890.86,5775.00,5775.00,5569.31,5774.16,5662.59,5460.79,5460.79,5885.14,5656.00,5460.79,5656.00,5655.86,5545.21,5460.79,5460.79,8145.60,5257.51,5440.19,5347.09,5548.71,5465.81,5451.02,5184.62,5351.37,5085.68,5257.51,5268.20,5095.26,5259.55,5452.34,5366.02,150.97,150.97,150.97,5340.87,5162.62,5340.48,4988.10,5184.88,5184.88,5095.14,4905.22,155.22,5176.38,4905.34,4847.15,5074.39,5001.86,5370.94,4905.58,4685.48,4909.85,5092.81,4988.59,4988.59,4938.44,4818.45,4602.11,4755.07,4685.26,4625.00,4541.80,4770.21,4348.88,4348.88,4476.66,4409.36,4541.14,4348.57,4472.03,4473.32,5009.22,4477.42,4472.35,5009.22,144.36,4761.84,169.35,147.89,4616.56,4472.35,4408.52,4542.23,4468.69,4347.52,4690.56,4268.04,4343.34,5087.77,4468.48,4769.30,4844.00,3943.65,4414.45,4543.22,4053.39,146.44,3943.36,3939.58,3909.17,4028.69,3930.88,4028.69,4028.69,4028.69,3944.12,3929.84,3929.84,3929.84,159.92,3877.72,3877.72,4025.88,175.79,175.79,175.79,4025.88,3842.63,3842.63,141.21,139.73,3987.79,3987.79,3987.79,3987.79,3748.50,3689.44,3611.14,4028.31,146.75,3611.14,3611.14,3656.01,3995.27,3599.38,148.38,148.38,3555.15,3610.70,3554.63,3827.43,3220.08,3889.39,2821.74,3320.47,2623.62,2623.62,2435.13,3212.23,2426.92,149.33,2579.75,2512.10,2955.56,3249.63,3249.63,2342.33,3285.91,2625.31,147.74,143.88,3083.83,3180.97,3102.34,3148.80,2373.96,2373.96,2019.16,2885.30,2950.78,2950.78,1972.18,3030.21,3030.21,2472.47,2472.47,2841.87,2853.28,2906.94,1966.67,1850.32,1975.73,3098.35,2025.35,2994.36,3056.59,2993.64,2993.64,2993.64,2964.75,2340.06,2321.74,2303.93,1875.03,145.15,2935.87,3022.76,3022.76,1816.35,1813.17,1874.98,1833.17,1805.83,1816.31,1888.66,1773.98,2965.88,2768.76,143.55,2938.60,1816.31,2390.67,1741.31,1752.44,1700.80,1553.89,1787.19,1740.98,1553.89,1574.22,1574.22,1566.00,1566.00,1521.94,1740.98,1528.31,1520.69,1619.26,1703.01,1703.01,136.59,1515.89,1689.03,1689.03,1560.48,1381.17,1693.04,1404.62,1444.48,1385.84,1507.38,1473.99,1360.65,1478.01,1365.45,1321.70,1321.70,1530.69,1499.27,102.37,1396.94,1440.31
  Sortino (P3),,,,split_detail,,20.1869,20.1869,20.1869,20.1869,20.1869,20.1869,19.4539,13.9495,12.6578,18.3551,8.5256,11.8910,18.6606,11.8910,4.1821,10.0952,9.7007,14.6986,10.0952,10.0952,10.0952,7.4754,10.0952,9.6333,9.8936,8.9489,8.9489,8.9489,8.7332,11.3104,10.7973,10.0952,4.6881,6.7738,6.7738,6.7738,7.3130,10.0273,12.5523,10.1975,12.3990,8.0389,9.3377,9.5126,1.8098,1.8098,6.5888,6.5888,5.3213,2.4280,6.6162,7.1020,6.5888,6.5888,5.2277,8.3109,1.8835,7.5979,8.0606,8.6311,6.9565,6.9565,6.0750,6.5833,6.5833,1.9759,6.5833,6.7680,2.1592,1.6050,6.4097,6.1417,1.6050,6.1417,7.6629,5.2881,0.7334,0.7334,11.7358,4.9498,7.6969,4.6999,4.7719,1.5934,4.4394,0.1012,5.4124,1.3725,4.4153,0.6417,-0.3415,4.1094,3.6134,0.4785,24.2608,24.2608,24.2608,5.9186,4.0847,6.0894,5.2721,-1.0522,-1.0522,-1.6469,4.7352,11.6503,-1.1934,4.4153,0.6937,4.3476,1.2380,0.1235,4.4153,-3.7716,3.8740,-2.1589,4.0778,4.0778,-1.2902,4.6395,5.4297,-0.9764,3.7483,-1.5996,3.3633,-2.1672,3.7043,3.2165,3.2438,3.7507,2.2585,3.4587,2.9520,2.5552,-0.4575,-1.5961,2.0328,-0.4575,15.5743,0.3121,1.6439,15.4805,-1.6755,1.7313,1.9135,2.3913,1.9284,-1.8556,1.0873,3.3002,2.3830,-2.3082,2.2978,-1.6106,-3.5396,-2.5141,-4.7628,-1.9167,-0.0338,7.6698,0.3817,-1.8227,-2.1008,-0.6450,1.0610,-0.6270,-0.6270,-0.6270,0.2424,1.2910,1.2910,1.2910,4.4965,0.9762,0.9762,-0.0160,0.0204,0.0204,0.0204,-0.0160,-0.2966,-0.2966,10.3937,9.1929,-0.7855,-0.6636,-0.6636,-0.6636,-0.3041,-2.9501,0.0798,-0.2234,4.5813,0.0798,0.0798,-0.5894,-3.2705,-0.2069,4.2752,4.2752,-2.6238,-0.2152,-2.3772,-1.0768,-3.6208,-4.2590,-2.3110,-0.7282,-0.1002,-0.1002,-1.4010,-4.2838,-2.3537,1.2171,-1.3484,-4.0681,0.2445,-4.0221,-4.0221,-0.8418,-4.6723,0.5635,0.5992,1.7153,-1.0121,-1.0547,-1.1815,-2.0214,-2.3878,-2.3878,-1.9428,-1.6028,-0.9863,-0.9863,-2.0979,-1.9569,-1.9514,-1.7729,-1.7729,-2.3509,-5.1808,-0.3204,-2.4491,-1.9524,-1.1027,-2.0969,-1.9138,-1.6378,-1.5804,-1.8356,-1.8356,-1.8356,-1.6920,-3.1050,-2.9966,-2.6735,-2.0102,-0.0015,-0.4423,-3.0470,-3.0470,-1.8337,-3.0419,-2.2414,-4.4769,-3.1556,-2.0247,-2.0019,-2.7625,-1.1502,-0.0487,-0.0173,-0.8998,-3.6238,-3.3253,-3.2384,-3.7759,-2.4067,-3.7310,-3.0589,-5.0991,-3.8549,-4.3488,-4.3488,-4.1632,-4.1632,-3.6817,-5.1701,-3.0857,-3.0857,-5.0059,-4.0762,-4.0762,-2.0469,-4.1444,-2.9625,-2.9625,-2.9780,-3.3599,-5.2296,-3.3329,-3.5346,-3.7137,-4.9278,-4.2937,-4.9998,-3.5977,-5.1042,-4.0923,-4.0923,-3.7345,-3.7516,-2.4707,-3.8284,-4.2212
  Trades/D (P3),,,,split_detail,,0.280,0.280,0.280,0.280,0.280,0.280,0.280,0.311,0.293,0.293,0.317,0.305,0.299,0.305,0.305,0.323,0.299,0.305,0.323,0.323,0.323,0.317,0.323,0.323,0.329,0.323,0.323,0.323,0.329,0.329,0.348,0.323,0.341,0.335,0.335,0.335,0.366,0.341,0.341,0.341,0.341,0.360,0.354,0.360,0.335,0.335,0.366,0.366,0.372,0.348,0.372,0.366,0.366,0.366,0.354,0.366,0.384,0.384,0.396,0.378,0.372,0.372,0.372,0.378,0.378,0.390,0.378,0.372,0.396,0.396,0.372,0.378,0.396,0.378,0.372,0.390,0.402,0.402,0.293,0.470,0.378,0.463,0.390,0.384,0.384,0.402,0.390,0.396,0.476,0.415,0.421,0.396,0.427,0.409,0.268,0.268,0.268,0.415,0.470,0.384,0.463,0.402,0.402,0.415,0.470,0.366,0.409,0.476,0.421,0.470,0.396,0.415,0.476,0.482,0.476,0.451,0.482,0.482,0.427,0.476,0.482,0.494,0.482,0.415,0.488,0.457,0.488,0.488,0.494,0.488,0.494,0.494,0.500,0.506,0.415,0.506,0.500,0.415,0.366,0.415,0.402,0.335,0.445,0.512,0.506,0.421,0.512,0.555,0.427,0.512,0.500,0.439,0.512,0.482,0.433,0.524,0.543,0.457,0.524,0.390,0.530,0.549,0.506,0.512,0.530,0.512,0.512,0.512,0.524,0.530,0.530,0.530,0.396,0.530,0.530,0.500,0.433,0.433,0.433,0.500,0.530,0.530,0.409,0.415,0.524,0.524,0.524,0.524,0.543,0.555,0.543,0.530,0.415,0.543,0.543,0.549,0.604,0.555,0.415,0.415,0.573,0.561,0.573,0.543,0.628,0.616,0.768,0.549,0.823,0.823,0.848,0.616,0.805,0.451,0.799,0.780,0.762,0.652,0.652,0.890,0.628,0.835,0.457,0.451,0.591,0.555,0.738,0.567,0.860,0.860,1.018,0.610,0.695,0.695,0.982,0.659,0.671,0.835,0.835,0.701,0.768,0.604,1.006,1.006,0.988,0.683,1.073,0.604,0.604,0.591,0.591,0.591,0.598,0.841,0.835,0.866,1.018,0.488,0.610,0.805,0.805,1.043,1.091,1.049,1.024,1.079,1.067,1.122,1.079,0.628,0.634,0.470,0.622,1.128,0.841,1.116,1.079,1.146,1.183,1.159,1.110,1.195,1.152,1.152,1.165,1.165,1.152,1.134,1.146,1.146,1.171,1.079,1.079,0.537,1.250,1.183,1.183,1.152,1.226,1.171,1.287,1.244,1.256,1.165,1.329,1.329,1.207,1.317,1.360,1.360,1.244,1.287,0.890,1.244,1.348
  Profit Fac (P3),,,,split_detail,,2.1478,2.1478,2.1478,2.1478,2.1478,2.1478,2.0360,1.7965,1.6979,1.9554,1.5743,1.6648,1.9260,1.6648,1.1935,1.6586,1.4884,1.8507,1.6586,1.6586,1.6586,1.4904,1.6586,1.6325,1.6338,1.5709,1.5709,1.5709,1.5485,1.7379,1.7109,1.6586,1.2654,1.4061,1.4061,1.4061,1.4625,1.6531,1.8493,1.6800,1.8324,1.5087,1.5995,1.6132,1.0840,1.0840,1.4166,1.4166,1.3450,1.1591,1.4155,1.4710,1.4166,1.4166,1.2804,1.5399,1.1200,1.4755,1.5392,1.5481,1.4344,1.4344,1.3716,1.4093,1.4093,1.1113,1.4093,1.4203,1.1389,1.1034,1.4005,1.3898,1.1034,1.3898,1.4778,1.3511,1.0468,1.0468,1.8670,1.3124,1.5054,1.2912,1.3002,1.1007,1.2734,1.0060,1.3372,1.0826,1.2720,1.0395,0.9797,1.2592,1.2133,1.0302,2.4813,2.4813,2.4813,1.3682,1.2540,1.3944,1.3388,0.9363,0.9363,0.9046,1.2967,1.7197,0.9279,1.2720,1.0387,1.2703,1.0763,1.0067,1.2720,0.7947,1.2402,0.8748,1.2558,1.2558,0.9324,1.2904,1.3505,0.9434,1.2388,0.9163,1.2077,0.8767,1.2276,1.1954,1.2021,1.2349,1.1354,1.2109,1.1837,1.1595,0.9730,0.9095,1.1222,0.9730,1.9704,1.0178,1.1032,2.0117,0.9124,1.1038,1.1147,1.1400,1.1157,0.8957,1.0638,1.1970,1.1450,0.8593,1.1389,0.9053,0.7938,0.8762,0.7438,0.8971,0.9981,1.4786,1.0222,0.9098,0.8938,0.9628,1.0626,0.9631,0.9631,0.9631,1.0138,1.0750,1.0750,1.0750,1.2465,1.0576,1.0576,0.9990,1.0011,1.0011,1.0011,0.9990,0.9823,0.9823,1.5918,1.5583,0.9544,0.9622,0.9622,0.9622,0.9832,0.8403,1.0046,0.9861,1.2819,1.0046,1.0046,0.9681,0.8201,0.9889,1.2541,1.2541,0.8550,0.9880,0.8682,0.9383,0.8064,0.7702,0.8766,0.9581,0.9944,0.9944,0.9202,0.7745,0.8704,1.0704,0.9258,0.7824,1.0140,0.7846,0.7846,0.9522,0.7555,1.0321,1.0344,1.1022,0.9439,0.9402,0.9360,0.8903,0.8626,0.8626,0.8713,0.9131,0.9452,0.9452,0.8541,0.8979,0.8978,0.8784,0.8784,0.8746,0.6494,0.9824,0.8397,0.8674,0.9150,0.8806,0.8610,0.9114,0.9145,0.9013,0.9013,0.9013,0.9081,0.7921,0.7983,0.8193,0.8481,0.9999,0.9756,0.7709,0.7709,0.8752,0.7930,0.8304,0.7111,0.7909,0.8608,0.8704,0.8179,0.9386,0.9974,0.9991,0.9523,0.7655,0.7501,0.7849,0.7522,0.8390,0.7539,0.7806,0.6861,0.7427,0.7313,0.7313,0.7411,0.7411,0.7579,0.6779,0.7970,0.7970,0.6843,0.7436,0.7436,0.8907,0.7353,0.7891,0.7891,0.8007,0.7812,0.6733,0.7797,0.7666,0.7584,0.6849,0.7253,0.6836,0.7674,0.6771,0.7329,0.7329,0.7600,0.7562,0.8338,0.7515,0.7295
  Max DD (P3),,,,split_detail,,"$3,331.00","$3,331.00","$3,331.00","$3,331.00","$3,331.00","$3,331.00","$3,331.00","$3,446.50","$3,197.50","$3,331.00","$3,379.00","$3,446.50","$3,331.00","$3,446.50","$7,343.50","$3,331.00","$4,320.50","$3,197.50","$3,331.00","$3,331.00","$3,331.00","$4,082.50","$3,331.00","$3,331.00","$3,331.00","$3,197.50","$3,197.50","$3,197.50","$3,197.50","$3,149.50","$3,331.00","$3,331.00","$3,714.00","$4,054.50","$4,054.50","$4,054.50","$3,331.00","$3,197.50","$3,149.50","$3,197.50","$3,331.00","$3,446.50","$3,446.50","$3,197.50","$7,475.50","$7,475.50","$3,446.50","$3,446.50","$3,474.50","$3,594.50","$3,446.50","$3,197.50","$3,446.50","$3,446.50","$3,387.50","$3,149.50","$5,279.50","$3,688.00","$3,466.50","$3,466.50","$3,641.50","$3,641.50","$3,508.00","$3,446.50","$3,446.50","$5,509.50","$3,446.50","$3,446.50","$4,072.00","$5,409.00","$3,641.50","$3,331.00","$5,409.00","$3,331.00","$3,641.50","$3,149.50","$5,409.00","$5,409.00","$3,177.50","$4,293.50","$3,149.50","$4,952.50","$3,331.00","$4,422.50","$3,446.50","$5,563.50","$3,446.50","$4,981.00","$4,952.50","$4,601.00","$5,832.50","$3,739.50","$4,837.00","$5,719.50","$2,713.00","$2,713.00","$2,713.00","$3,814.50","$4,591.50","$3,149.50","$3,940.50","$7,306.00","$7,306.00","$7,746.00","$4,571.50","$2,713.00","$6,914.50","$4,952.50","$5,175.00","$4,293.50","$4,981.00","$5,446.50","$4,952.50","$10,956.00","$4,641.00","$8,267.00","$4,952.50","$4,952.50","$7,035.50","$4,557.50","$5,007.50","$6,599.00","$5,398.00","$7,703.00","$5,091.00","$8,284.00","$5,162.00","$5,287.00","$5,538.50","$5,162.00","$4,725.00","$5,162.00","$5,398.00","$5,779.00","$6,516.00","$7,236.50","$5,696.00","$6,516.00","$2,713.00","$5,700.00","$4,486.50","$2,713.00","$7,600.00","$5,467.50","$5,663.50","$5,827.50","$5,779.00","$8,663.00","$5,737.50","$5,148.00","$5,779.00","$6,988.00","$5,398.00","$8,439.00","$7,991.50","$7,914.00","$12,419.00","$8,130.00","$6,844.50","$2,713.00","$6,546.50","$7,353.00","$8,140.50","$5,961.50","$6,761.00","$6,031.00","$6,031.00","$6,031.00","$7,206.50","$6,761.00","$6,761.00","$6,761.00","$3,623.00","$6,761.00","$6,761.00","$5,961.50","$5,932.50","$5,932.50","$5,932.50","$5,961.50","$6,546.50","$6,546.50","$3,619.50","$3,619.50","$6,462.50","$6,379.00","$6,379.00","$6,379.00","$6,844.50","$9,564.50","$6,546.50","$5,712.50","$3,121.50","$6,546.50","$6,546.50","$7,276.00","$10,486.00","$7,178.50","$3,121.50","$3,121.50","$9,683.50","$6,546.50","$9,377.00","$6,333.50","$12,543.00","$11,493.00","$12,830.00","$7,029.00","$11,217.00","$11,217.00","$12,479.00","$13,478.50","$10,534.50","$4,993.50","$13,006.00","$12,971.00","$10,492.00","$13,772.50","$13,772.50","$12,621.00","$14,511.50","$10,989.00","$4,005.00","$4,741.00","$8,530.00","$6,987.00","$10,548.00","$8,139.50","$13,113.00","$13,113.00","$13,071.00","$7,618.00","$11,419.00","$11,419.00","$11,698.00","$11,347.00","$11,685.00","$14,846.00","$14,846.00","$11,965.50","$21,137.00","$8,113.00","$13,129.50","$13,401.50","$12,124.50","$11,335.00","$15,977.50","$8,166.50","$8,068.50","$8,327.00","$8,327.00","$8,327.00","$8,113.00","$20,549.50","$20,170.00","$19,383.00","$15,164.00","$4,504.50","$7,876.00","$16,933.50","$16,933.50","$12,561.50","$15,541.50","$16,619.00","$19,111.50","$18,680.50","$13,748.00","$15,576.00","$14,554.50","$9,354.00","$8,442.00","$5,318.00","$8,870.50","$18,013.00","$15,198.50","$16,811.00","$18,158.50","$15,778.50","$19,383.50","$17,297.00","$20,524.50","$20,558.00","$19,545.00","$19,545.00","$19,716.00","$19,716.00","$17,824.50","$21,739.50","$15,826.50","$15,826.50","$20,661.00","$17,850.50","$17,850.50","$8,339.50","$21,625.00","$19,399.50","$19,399.50","$17,699.50","$19,636.50","$22,344.50","$20,633.50","$18,353.00","$21,988.00","$22,458.50","$23,540.00","$23,613.50","$17,956.00","$23,905.50","$24,214.00","$24,214.00","$20,577.00","$21,019.50","$16,388.00","$20,275.50","$22,117.00"
  Total PNL (P3),,,,split_detail,,"$11,295.00","$11,295.00","$11,295.00","$11,295.00","$11,295.00","$11,295.00","$10,646.00","$9,829.50","$8,542.00","$10,326.50","$7,476.00","$8,306.00","$10,086.00","$8,306.00","$2,583.00","$8,605.00","$6,119.50","$9,715.50","$8,605.00","$8,605.00","$8,605.00","$6,717.00","$8,605.00","$8,395.50","$8,406.50","$7,846.00","$7,846.00","$7,846.00","$7,647.50","$9,201.00","$9,610.50","$8,605.00","$3,942.50","$5,941.50","$5,941.50","$5,941.50","$7,314.50","$9,106.00","$10,589.50","$9,329.00","$10,506.50","$7,771.00","$8,639.00","$9,425.50","$1,241.00","$1,241.00","$6,778.50","$6,778.50","$6,009.50","$2,580.50","$6,517.00","$7,406.00","$6,778.50","$6,778.50","$4,445.50","$8,109.00","$2,169.50","$8,195.00","$8,977.00","$8,795.50","$7,004.00","$7,004.00","$6,245.00","$6,878.50","$6,878.50","$2,027.50","$6,878.50","$7,007.50","$2,469.00","$1,897.00","$6,614.00","$6,285.00","$1,897.00","$6,285.00","$7,478.00","$5,785.00",$904.50,$904.50,"$8,517.00","$6,473.50","$8,070.50","$5,946.50","$5,135.50","$1,877.00","$4,854.00",$125.00,"$6,072.00","$1,655.00","$5,814.50",$796.50,$-435.00,"$4,582.00","$4,327.00",$594.00,"$11,735.50","$11,735.50","$11,735.50","$6,532.50","$5,421.00","$6,421.50","$6,881.50","$-1,285.00","$-1,285.00","$-2,057.50","$6,222.50","$9,804.50","$-1,455.00","$5,814.50",$813.50,"$5,770.00","$1,538.00",$133.00,"$5,814.50","$-5,304.00","$5,265.00","$-2,876.00","$5,554.00","$5,554.00","$-1,456.00","$6,136.00","$7,172.00","$-1,450.50","$5,311.00","$-1,761.00","$4,736.00","$-2,893.00","$5,118.00","$4,499.00","$4,640.50","$5,251.50","$3,175.50","$4,807.50","$4,260.50","$3,776.50",$-535.00,"$-2,421.00","$2,948.50",$-535.00,"$12,364.00",$375.00,"$1,903.00","$11,787.00","$-1,903.50","$2,574.00","$2,814.50","$2,742.50","$2,838.50","$-3,011.00","$1,348.50","$4,517.50","$3,416.50","$-3,068.00","$3,347.00","$-2,330.00","$-4,703.00","$-3,416.00","$-7,829.00","$-2,345.00",$-51.00,"$7,296.50",$582.50,"$-2,673.50","$-2,815.50",$-974.50,"$1,569.50",$-966.00,$-966.00,$-966.00,$346.00,"$1,876.00","$1,876.00","$1,876.00","$4,040.50","$1,444.00","$1,444.00",$-24.50,$22.00,$22.00,$22.00,$-24.50,$-477.00,$-477.00,"$9,631.50","$9,358.50","$-1,200.00",$-985.00,$-985.00,$-985.00,$-458.50,"$-4,890.00",$123.50,$-359.50,"$4,943.00",$123.50,$123.50,$-865.00,"$-5,762.00",$-292.50,"$4,426.00","$4,426.00","$-4,459.00",$-334.00,"$-4,069.00","$-1,681.00","$-6,900.50","$-7,831.00","$-4,336.50","$-1,174.00",$-207.00,$-207.00,"$-3,055.00","$-7,960.50","$-4,591.50","$1,502.50","$-2,696.00","$-7,950.00",$462.50,"$-7,888.50","$-7,888.50","$-1,896.00","$-8,869.00","$1,181.50",$750.50,"$2,170.00","$-1,701.50","$-1,706.50","$-2,052.00","$-3,300.00","$-5,274.00","$-5,274.00","$-6,239.00","$-2,733.50","$-1,952.50","$-1,952.50","$-6,625.00","$-3,476.00","$-3,516.00","$-5,706.50","$-5,706.50","$-4,621.50","$-15,796.00",$-554.50,"$-7,740.00","$-6,251.00","$-4,003.50","$-4,209.00","$-7,271.50","$-2,794.50","$-2,696.50","$-3,113.00","$-3,113.00","$-3,113.00","$-2,899.00","$-10,114.00","$-9,734.50","$-8,947.50","$-7,488.00",$-2.00,$-795.00,"$-9,527.50","$-9,527.50","$-6,016.50","$-10,256.00","$-8,659.00","$-14,097.50","$-10,856.00","$-6,919.00","$-6,904.00","$-9,176.00","$-2,063.50",$-85.50,$-21.50,"$-1,580.00","$-12,676.50","$-10,423.50","$-11,412.00","$-12,918.00","$-8,628.50","$-12,946.50","$-12,338.00","$-16,938.00","$-13,837.00","$-14,310.50","$-14,310.50","$-13,834.00","$-13,834.00","$-12,579.50","$-17,869.00","$-10,412.00","$-10,412.00","$-17,395.50","$-13,351.50","$-13,351.50","$-2,845.00","$-15,430.00","$-12,168.50","$-12,168.50","$-10,573.00","$-12,070.00","$-18,474.00","$-12,783.00","$-13,526.50","$-13,855.50","$-17,297.50","$-17,143.50","$-19,125.00","$-12,895.50","$-19,375.00","$-16,260.50","$-16,260.50","$-14,177.00","$-14,619.50","$-7,718.50","$-14,169.00","$-16,699.00"
  Avg Profit/Tr (P3),,,,split_detail,,$245.54,$245.54,$245.54,$245.54,$245.54,$245.54,$231.43,$192.74,$177.96,$215.14,$143.77,$166.12,$205.84,$166.12,$51.66,$162.36,$124.89,$194.31,$162.36,$162.36,$162.36,$129.17,$162.36,$158.41,$155.68,$148.04,$148.04,$148.04,$141.62,$170.39,$168.61,$162.36,$70.40,$108.03,$108.03,$108.03,$121.91,$162.61,$189.10,$166.59,$187.62,$131.71,$148.95,$159.75,$22.56,$22.56,$112.98,$112.98,$98.52,$45.27,$106.84,$123.43,$112.98,$112.98,$76.65,$135.15,$34.44,$130.08,$138.11,$141.86,$114.82,$114.82,$102.38,$110.94,$110.94,$31.68,$110.94,$114.88,$37.98,$29.18,$108.43,$101.37,$29.18,$101.37,$122.59,$90.39,$13.70,$13.70,$177.44,$84.07,$130.17,$78.24,$80.24,$29.79,$77.05,$1.89,$94.88,$25.46,$74.54,$11.71,$-6.30,$70.49,$61.81,$8.87,$266.72,$266.72,$266.72,$96.07,$70.40,$101.93,$90.55,$-19.47,$-19.47,$-30.26,$80.81,$163.41,$-21.72,$74.54,$11.79,$74.94,$23.66,$1.96,$74.54,$-67.14,$67.50,$-38.86,$70.30,$70.30,$-20.80,$78.67,$90.78,$-17.91,$67.23,$-25.90,$59.20,$-38.57,$63.98,$56.24,$57.29,$65.64,$39.20,$59.35,$51.96,$45.50,$-7.87,$-29.17,$35.96,$-7.87,$206.07,$5.51,$28.83,$214.31,$-26.08,$30.64,$33.91,$39.75,$33.79,$-33.09,$19.26,$53.78,$41.66,$-42.61,$39.85,$-29.49,$-66.24,$-39.72,$-87.97,$-31.27,$-0.59,$114.01,$6.70,$-29.71,$-33.92,$-11.60,$18.04,$-11.50,$-11.50,$-11.50,$4.02,$21.56,$21.56,$21.56,$62.16,$16.60,$16.60,$-0.30,$0.31,$0.31,$0.31,$-0.30,$-5.48,$-5.48,$143.75,$137.63,$-13.95,$-11.45,$-11.45,$-11.45,$-5.15,$-53.74,$1.39,$-4.13,$72.69,$1.39,$1.39,$-9.61,$-58.20,$-3.21,$65.09,$65.09,$-47.44,$-3.63,$-43.29,$-18.89,$-67.00,$-77.53,$-34.42,$-13.04,$-1.53,$-1.53,$-21.98,$-78.82,$-34.78,$20.30,$-20.58,$-62.11,$3.70,$-73.72,$-73.72,$-12.99,$-86.11,$8.62,$10.01,$29.32,$-17.54,$-18.75,$-16.96,$-35.48,$-37.40,$-37.40,$-37.36,$-27.33,$-17.13,$-17.13,$-41.15,$-32.19,$-31.96,$-41.65,$-41.65,$-40.19,$-125.37,$-5.60,$-46.91,$-37.88,$-24.71,$-37.58,$-41.32,$-28.23,$-27.24,$-32.09,$-32.09,$-32.09,$-29.58,$-73.29,$-71.05,$-63.01,$-44.84,$-0.02,$-7.95,$-72.18,$-72.18,$-35.18,$-57.30,$-50.34,$-83.91,$-61.33,$-39.54,$-37.52,$-51.84,$-20.03,$-0.82,$-0.28,$-15.49,$-68.52,$-75.53,$-62.36,$-72.98,$-45.90,$-66.73,$-64.94,$-93.07,$-70.60,$-75.72,$-75.72,$-72.43,$-72.43,$-66.56,$-96.07,$-55.38,$-55.38,$-90.60,$-75.43,$-75.43,$-32.33,$-75.27,$-62.72,$-62.72,$-55.94,$-60.05,$-96.22,$-60.58,$-66.31,$-67.26,$-90.56,$-78.64,$-87.73,$-65.13,$-89.70,$-72.92,$-72.92,$-69.50,$-69.29,$-52.87,$-69.46,$-75.56
  Span (min) (P3),,,,split_detail,,196.76,196.76,196.76,196.76,196.76,196.76,196.30,198.20,195.12,196.88,192.63,192.78,200.00,192.78,171.36,195.87,205.14,200.48,196.00,196.00,196.00,197.35,196.00,196.26,193.02,200.62,200.62,200.62,197.56,191.72,195.39,196.00,176.62,206.31,206.31,206.31,191.10,202.50,197.12,201.25,196.62,196.83,196.36,197.90,157.44,157.44,194.13,194.13,194.16,170.21,191.87,193.55,194.13,194.13,175.36,190.05,169.89,192.56,185.66,190.81,188.31,188.31,192.33,191.60,191.60,175.11,191.60,195.08,162.51,164.98,191.98,186.97,164.98,186.97,187.51,184.19,163.02,163.02,166.10,162.91,187.31,166.71,179.38,167.11,188.89,161.11,191.19,158.42,164.23,154.51,156.13,182.75,171.40,160.79,197.43,197.43,197.43,178.60,165.64,185.00,164.50,163.97,163.97,156.68,165.82,187.25,158.28,162.53,181.90,165.64,166.06,156.88,164.23,137.08,166.92,145.49,164.81,164.81,158.40,166.12,158.16,135.07,159.14,174.07,162.05,143.08,159.07,162.05,154.60,161.09,156.25,157.46,151.01,151.81,175.93,142.19,153.57,175.93,186.90,176.54,165.24,190.40,153.04,151.42,152.06,181.90,150.58,133.54,180.10,148.42,152.98,154.10,148.83,144.96,152.62,150.50,126.79,162.31,146.76,175.11,146.44,152.44,156.78,141.75,143.06,144.17,144.17,144.17,143.66,142.49,142.49,142.49,165.52,142.98,142.98,145.46,157.94,157.94,157.94,145.46,147.16,147.16,177.40,170.16,144.31,141.71,141.71,141.71,143.15,150.85,144.25,143.14,171.40,144.25,144.25,144.36,129.04,136.92,166.76,166.76,147.37,139.85,146.18,135.91,135.17,127.52,116.22,139.22,118.27,118.27,106.71,138.34,108.34,165.54,112.00,112.38,122.98,132.87,132.87,105.38,133.20,119.46,157.27,162.23,131.56,136.92,121.66,135.26,108.23,108.23,100.31,122.43,121.76,121.76,98.39,125.42,123.71,123.80,123.80,121.50,128.72,139.15,99.65,99.27,103.57,122.75,102.93,126.99,128.05,137.69,137.69,137.69,138.50,116.46,117.06,116.49,102.11,156.71,135.31,94.92,94.92,98.90,90.34,99.75,88.58,93.85,97.16,102.95,95.15,130.21,127.01,157.45,128.75,93.57,98.76,91.57,95.47,93.12,84.94,96.23,90.31,84.36,86.67,86.67,86.57,86.57,85.70,88.89,86.83,86.83,84.84,93.85,93.85,154.48,81.58,94.28,94.28,86.59,88.18,87.57,84.03,85.54,86.04,88.87,83.29,79.95,87.85,80.60,82.84,82.84,85.92,84.43,106.25,85.17,84.63
  Sortino (P5),,,,split_detail,,20.3297,20.3297,20.3297,20.3297,20.3297,20.3297,19.5447,19.6311,18.6146,22.5790,19.0299,18.2009,21.1444,18.2009,21.3806,20.7264,21.5504,20.1692,20.7264,20.7264,20.7264,18.2479,20.7534,20.2722,20.7534,19.8942,19.4382,19.8942,19.8942,20.2851,19.0801,17.6854,21.2365,18.8990,18.8990,18.8990,19.4278,18.3591,16.9561,17.2723,18.5620,17.5920,18.5515,17.0001,17.8053,17.8053,18.8815,17.9050,18.3785,18.7941,17.5920,18.1952,18.4418,18.4418,18.5119,19.2832,18.5633,15.8385,16.7247,15.8674,18.4424,18.4424,18.8648,17.3073,17.3073,19.9588,17.3149,16.9377,14.3702,15.1248,17.3074,15.9601,15.1248,15.9601,16.8095,15.7802,15.0147,15.0147,7.6439,16.4304,15.3386,15.9686,15.9619,13.6281,14.4848,17.3674,14.0900,13.2914,16.5981,16.5014,17.5918,13.5587,16.4519,14.7704,13.2045,13.2045,13.2045,15.1150,15.3435,14.8721,15.8115,13.6341,13.6341,15.6386,15.3834,20.3052,14.5848,15.7511,12.3722,14.5722,13.3172,14.4744,15.6760,18.4542,14.1204,15.8746,14.5062,14.5062,13.7591,15.2265,14.7596,17.2218,13.9656,10.5074,13.5252,12.7716,13.0969,12.7730,13.9710,13.0334,12.5789,12.3665,13.5714,13.9641,9.1544,16.0756,13.3237,9.1544,19.8122,8.7854,20.6771,18.8705,10.6969,12.0183,12.4370,6.8428,11.4335,13.2384,9.0989,12.6016,10.4906,8.9245,12.3180,11.9703,10.0159,12.7647,11.2872,12.4750,9.7017,16.3596,10.4629,13.1994,10.6606,7.7056,10.2481,7.5368,7.5368,7.5368,9.9115,9.5029,9.5029,9.5029,15.4695,9.5029,9.5029,6.6625,14.7765,14.7765,14.7765,6.6625,9.9869,9.9869,16.2288,13.7196,6.9083,7.0517,7.0517,7.0517,9.3913,8.8201,9.3857,5.6885,12.3027,9.1352,9.1352,9.1352,8.2008,9.1430,10.1498,10.1498,11.0088,8.3582,10.6965,6.6037,10.4970,8.2102,5.6004,5.5705,11.3981,11.3981,9.1557,10.2781,6.9343,9.9019,7.2008,8.7201,5.5964,9.0565,9.0565,9.7980,8.8958,9.1003,10.7931,10.1818,6.5912,4.5416,7.3949,4.4453,7.6550,7.6550,5.5211,5.6273,4.3073,4.3073,4.7962,6.4689,6.4689,6.7444,6.7444,4.5512,6.3881,3.9113,2.1688,3.8384,3.9313,3.0955,5.6625,3.7153,3.6411,4.6582,4.6582,4.6582,4.6582,7.2245,7.2245,7.2378,2.3348,10.7012,2.8979,1.1674,1.1674,1.7531,2.1513,1.9348,4.5362,3.4928,1.4761,3.9249,1.7935,2.3486,2.3968,7.3862,2.0821,2.4013,1.3247,0.8019,2.5473,1.1057,1.2112,2.3520,4.2637,1.0918,2.3974,2.3974,2.2092,2.2092,1.0027,4.1603,1.5191,1.5191,4.1477,1.9220,1.9220,4.7103,0.4733,2.2449,2.2449,-0.0643,1.8423,3.5283,2.1356,2.8778,1.5643,0.7329,2.4857,2.4037,0.7158,2.0065,1.5323,1.5323,0.8982,2.0073,5.3593,0.5252,-1.2840
  Trades/D (P5),,,,split_detail,,0.311,0.311,0.311,0.311,0.311,0.311,0.311,0.323,0.317,0.335,0.341,0.329,0.335,0.329,0.293,0.360,0.329,0.341,0.360,0.360,0.360,0.341,0.360,0.354,0.360,0.360,0.354,0.360,0.360,0.360,0.372,0.366,0.366,0.360,0.360,0.360,0.372,0.372,0.384,0.378,0.378,0.378,0.372,0.402,0.323,0.323,0.372,0.378,0.378,0.360,0.378,0.378,0.378,0.378,0.396,0.384,0.378,0.409,0.409,0.415,0.390,0.390,0.384,0.390,0.390,0.378,0.396,0.402,0.378,0.378,0.409,0.402,0.378,0.402,0.409,0.427,0.378,0.378,0.323,0.463,0.421,0.445,0.415,0.390,0.415,0.409,0.427,0.366,0.470,0.402,0.409,0.421,0.457,0.378,0.317,0.317,0.317,0.427,0.457,0.427,0.463,0.415,0.415,0.421,0.470,0.372,0.409,0.463,0.470,0.470,0.384,0.396,0.463,0.433,0.482,0.427,0.482,0.482,0.409,0.488,0.500,0.470,0.494,0.488,0.488,0.439,0.512,0.512,0.500,0.494,0.494,0.524,0.512,0.512,0.445,0.500,0.518,0.445,0.396,0.494,0.396,0.384,0.433,0.530,0.518,0.506,0.524,0.518,0.494,0.537,0.530,0.409,0.530,0.445,0.415,0.518,0.500,0.488,0.579,0.409,0.598,0.537,0.524,0.579,0.604,0.579,0.579,0.579,0.610,0.616,0.616,0.616,0.402,0.616,0.616,0.579,0.409,0.409,0.409,0.579,0.610,0.610,0.409,0.415,0.616,0.616,0.616,0.616,0.604,0.573,0.610,0.573,0.433,0.616,0.616,0.616,0.585,0.628,0.470,0.470,0.573,0.628,0.573,0.579,0.646,0.585,0.762,0.622,0.774,0.774,0.823,0.622,0.835,0.506,0.780,0.744,0.689,0.640,0.640,0.878,0.622,0.787,0.524,0.518,0.665,0.634,0.726,0.640,0.866,0.866,0.988,0.689,0.683,0.683,1.049,0.683,0.683,0.860,0.860,0.738,0.787,0.689,0.976,1.091,1.024,0.652,1.049,0.683,0.683,0.671,0.671,0.671,0.671,0.866,0.866,0.866,1.091,0.543,0.695,0.677,0.677,1.140,1.159,1.122,1.122,1.159,1.146,1.177,1.171,0.701,0.726,0.543,0.707,1.220,0.787,1.207,1.213,1.232,1.232,1.213,1.152,1.238,1.232,1.232,1.238,1.238,1.195,1.165,1.213,1.213,1.189,1.201,1.201,0.579,1.360,1.268,1.268,1.268,1.317,1.213,1.341,1.244,1.323,1.232,1.354,1.402,1.256,1.360,1.396,1.396,1.244,1.268,0.902,1.323,1.476
  Profit Fac (P5),,,,split_detail,,2.2067,2.2067,2.2067,2.2067,2.2067,2.2067,2.1127,2.3149,2.1797,2.3600,2.0816,2.1289,2.2926,2.1289,2.2195,2.3467,2.4557,2.2487,2.3467,2.3467,2.3467,2.1193,2.3537,2.2999,2.3537,2.3749,2.3206,2.3749,2.3749,2.2446,2.2303,2.0766,2.3954,2.3592,2.3592,2.3592,2.2527,2.2556,1.9875,2.1884,2.1028,2.2103,2.2120,2.1497,2.0621,2.0621,2.2335,2.2319,2.2422,2.2494,2.2103,2.1923,2.1966,2.1966,2.1773,2.2049,2.2682,2.0406,2.0063,2.0581,2.1870,2.1870,2.2976,2.1624,2.1624,2.3078,2.1516,2.1107,1.9825,2.0861,2.0272,1.9686,2.0861,1.9686,1.9853,1.9164,2.0782,2.0782,1.5852,1.9866,1.8679,1.9689,1.9488,1.9237,1.8936,2.1641,1.8833,1.9087,2.0055,2.0861,2.1791,1.8522,2.0308,2.0607,1.6040,1.6040,1.6040,1.8732,1.9415,1.8166,1.9158,1.8321,1.8321,1.9934,1.8948,2.1996,1.9408,1.9302,1.6165,1.8933,1.9174,1.7696,1.9413,2.1384,1.8560,2.0288,1.8447,1.8447,1.7013,1.8811,1.8297,1.9870,1.8274,1.4814,1.8085,1.7849,1.7446,1.7451,1.7963,1.7083,1.7204,1.6803,1.7659,1.7905,1.4995,1.9071,1.7657,1.4995,2.1374,1.4555,2.1834,2.1022,1.4915,1.6848,1.6918,1.3518,1.6427,1.7347,1.4718,1.6600,1.5862,1.5689,1.6843,1.7225,1.6007,1.5730,1.6045,1.5483,1.5878,1.9145,1.6418,1.6654,1.4634,1.4810,1.5709,1.4814,1.4814,1.4814,1.5733,1.5117,1.5117,1.5117,1.7624,1.5117,1.5117,1.4059,1.7109,1.7109,1.7109,1.4059,1.5839,1.5839,1.9157,1.7553,1.4048,1.4045,1.4045,1.4045,1.5433,1.4854,1.5446,1.3446,1.6609,1.5306,1.5306,1.5306,1.4217,1.4907,1.5167,1.5167,1.6188,1.4767,1.6047,1.3639,1.5966,1.4254,1.2552,1.3502,1.5827,1.5827,1.4220,1.5760,1.3446,1.4593,1.3724,1.4645,1.2807,1.5105,1.5105,1.4516,1.4854,1.4509,1.5290,1.4973,1.3915,1.2691,1.3703,1.2654,1.3441,1.3441,1.2696,1.3397,1.2610,1.2610,1.2360,1.3710,1.3710,1.3550,1.3550,1.2582,1.3299,1.2465,1.0989,1.1793,1.1850,1.1792,1.2738,1.2241,1.2236,1.2861,1.2861,1.2861,1.2861,1.3881,1.3881,1.3872,1.1056,1.5097,1.1719,1.0507,1.0507,1.0789,1.0978,1.0861,1.2318,1.1658,1.0660,1.1778,1.0802,1.1284,1.1349,1.3277,1.1149,1.1091,1.0627,1.0380,1.1274,1.0498,1.0596,1.1069,1.2091,1.0535,1.1213,1.1213,1.1110,1.1110,1.0481,1.2036,1.0730,1.0730,1.2060,1.0900,1.0900,1.2279,1.0224,1.1023,1.1023,0.9971,1.0929,1.1741,1.1059,1.1440,1.0792,1.0365,1.1272,1.1287,1.0350,1.1036,1.0786,1.0786,1.0429,1.0977,1.2576,1.0263,0.9333
  Max DD (P5),,,,split_detail,,"$5,367.50","$5,367.50","$5,367.50","$5,367.50","$5,367.50","$5,367.50","$6,256.00","$7,355.00","$6,256.00","$6,523.50","$7,228.50","$6,256.00","$7,116.50","$6,256.00","$6,340.50","$7,116.50","$7,271.00","$7,032.00","$7,116.50","$7,116.50","$7,116.50","$7,144.00","$7,032.00","$7,032.00","$7,032.00","$7,271.00","$7,271.00","$7,271.00","$7,271.00","$7,116.50","$7,116.50","$7,032.00","$8,027.00","$7,271.00","$7,271.00","$7,271.00","$7,116.50","$7,271.00","$7,116.50","$8,181.50","$8,004.50","$8,181.50","$8,159.00","$5,080.50","$6,722.50","$6,722.50","$8,159.00","$8,181.50","$8,181.50","$7,605.50","$8,181.50","$7,942.50","$8,181.50","$8,181.50","$7,009.00","$7,198.50","$7,139.00","$5,968.50","$6,913.50","$5,968.50","$5,700.50","$5,700.50","$6,262.50","$6,262.50","$6,262.50","$7,942.50","$5,939.50","$7,628.50","$8,489.50","$8,489.50","$7,151.00","$7,151.00","$8,489.50","$7,151.00","$7,151.00","$6,640.00","$8,489.50","$8,489.50","$5,019.00","$11,126.50","$7,153.00","$10,136.50","$7,151.00","$8,405.00","$6,827.50","$7,150.50","$6,217.00","$6,611.50","$11,126.50","$6,672.00","$7,150.50","$7,151.00","$9,790.00","$9,052.50","$6,779.00","$6,779.00","$6,779.00","$7,561.00","$10,353.00","$6,673.00","$11,126.50","$9,445.00","$9,445.00","$7,150.50","$11,126.50","$6,751.50","$9,996.00","$11,126.50","$10,010.00","$11,365.50","$6,611.50","$9,197.50","$11,126.50","$8,396.50","$11,365.50","$7,150.50","$11,126.50","$11,126.50","$9,872.50","$11,211.00","$11,211.00","$10,454.00","$11,365.50","$10,660.00","$10,353.00","$8,419.00","$11,126.50","$11,365.50","$11,126.50","$10,903.50","$11,945.50","$12,099.50","$12,099.50","$11,087.00","$9,420.00","$11,082.00","$10,688.50","$9,420.00","$6,211.00","$10,631.00","$7,513.50","$5,818.00","$12,594.00","$11,701.00","$12,024.00","$12,137.00","$10,688.50","$11,456.00","$10,631.00","$11,546.50","$13,761.50","$10,880.00","$11,462.00","$8,419.00","$9,996.00","$13,879.00","$12,825.00","$12,994.50","$12,709.00","$6,912.50","$12,240.00","$15,801.00","$14,981.50","$13,495.00","$13,733.00","$13,734.00","$13,734.00","$13,734.00","$13,157.00","$14,889.00","$14,889.00","$14,889.00","$10,792.00","$14,889.00","$14,889.00","$13,495.00","$10,325.00","$10,325.00","$10,325.00","$13,495.00","$13,761.50","$13,761.50","$7,196.00","$8,464.50","$15,716.00","$15,477.00","$15,477.00","$15,477.00","$14,230.50","$16,191.50","$13,295.00","$14,053.50","$7,800.50","$13,761.50","$13,761.50","$13,761.50","$15,311.00","$13,607.00","$8,942.00","$8,942.00","$14,304.00","$13,295.00","$14,304.00","$13,701.50","$13,991.50","$13,630.50","$12,821.50","$14,024.00","$6,342.50","$6,342.50","$6,582.50","$13,131.50","$5,844.50","$12,015.50","$5,089.00","$7,516.00","$5,359.00","$14,076.00","$14,076.00","$6,951.00","$14,076.00","$7,258.50","$10,666.50","$8,827.00","$15,180.00","$14,024.00","$9,007.00","$14,024.00","$7,791.50","$7,791.50","$10,683.50","$13,574.50","$14,347.00","$14,347.00","$10,299.00","$14,828.00","$14,828.00","$15,809.00","$15,809.00","$14,957.50","$21,907.50","$15,383.00","$9,601.50","$11,552.50","$11,424.00","$14,975.50","$11,808.00","$15,180.00","$15,180.00","$13,456.00","$13,456.00","$13,456.00","$13,456.00","$14,744.00","$14,744.00","$16,012.50","$11,898.50","$12,921.50","$17,168.50","$9,354.50","$9,354.50","$13,264.50","$10,842.50","$12,615.00","$8,090.50","$11,453.00","$14,251.00","$13,744.00","$13,149.50","$15,225.50","$16,384.50","$12,777.50","$15,225.50","$15,626.00","$8,966.00","$14,484.50","$13,015.00","$13,503.50","$16,675.50","$16,219.00","$9,878.00","$17,170.00","$10,715.00","$10,715.00","$10,715.00","$10,715.00","$15,075.50","$9,878.00","$15,397.00","$15,397.00","$9,786.50","$11,218.00","$11,218.00","$13,008.50","$19,177.00","$16,107.00","$16,107.00","$16,649.50","$14,239.00","$10,334.50","$14,922.00","$14,326.50","$14,228.50","$12,472.50","$15,698.50","$13,723.50","$14,154.00","$14,452.00","$14,950.50","$14,950.50","$13,172.00","$12,308.50","$13,956.00","$15,441.50","$27,539.00"
  Total PNL (P5),,,,split_detail,,"$31,925.00","$31,925.00","$31,925.00","$31,925.00","$31,925.00","$31,925.00","$30,480.50","$34,584.50","$32,153.50","$37,553.50","$32,510.00","$32,326.50","$35,842.50","$32,326.50","$31,692.00","$38,185.00","$37,684.00","$35,301.00","$38,185.00","$38,185.00","$38,185.00","$33,044.00","$38,269.50","$36,748.50","$38,269.50","$38,522.00","$37,001.00","$38,522.00","$38,522.00","$36,448.00","$36,964.00","$33,947.50","$40,837.00","$37,687.50","$37,687.50","$37,687.50","$37,637.50","$37,301.00","$32,934.50","$36,385.50","$35,140.50","$37,059.00","$37,081.50","$37,906.50","$29,801.50","$29,801.50","$37,741.00","$37,718.50","$38,227.00","$36,036.00","$37,059.00","$36,806.50","$37,227.00","$37,227.00","$39,157.00","$36,616.00","$38,132.00","$35,616.00","$35,446.00","$36,213.50","$36,718.00","$36,718.00","$39,206.00","$37,181.00","$37,181.00","$40,374.00","$36,209.50","$35,600.50","$32,442.00","$34,852.50","$35,176.50","$32,103.50","$34,852.50","$32,103.50","$33,576.00","$31,469.00","$34,599.00","$34,599.00","$15,590.00","$38,516.50","$31,367.50","$37,010.00","$32,352.50","$31,792.50","$31,806.00","$38,133.00","$32,048.00","$29,124.50","$39,648.00","$35,669.50","$38,625.50","$28,629.00","$39,486.50","$34,036.00","$19,271.00","$19,271.00","$19,271.00","$31,856.50","$37,241.50","$30,296.50","$36,227.50","$28,959.00","$28,959.00","$34,446.50","$35,789.00","$36,205.50","$31,332.00","$36,523.00","$27,129.50","$35,978.50","$30,409.00","$27,332.50","$36,748.00","$39,580.50","$35,479.50","$35,427.50","$35,227.00","$35,227.00","$25,943.00","$36,431.00","$35,270.00","$39,117.50","$35,215.00","$23,260.00","$33,876.50","$28,898.50","$32,922.00","$32,935.00","$34,193.00","$30,964.50","$31,301.50","$31,229.50","$33,906.00","$34,960.50","$20,197.50","$38,722.50","$34,489.50","$20,197.50","$37,464.00","$20,078.50","$37,987.00","$35,230.00","$20,711.00","$31,645.00","$31,637.00","$16,536.00","$29,739.00","$33,156.50","$20,795.00","$30,954.50","$27,927.50","$20,894.50","$31,632.00","$27,153.50","$21,294.00","$28,215.50","$27,857.50","$26,270.50","$27,823.00","$30,572.00","$30,978.50","$31,737.00","$23,645.00","$22,217.00","$28,391.50","$22,230.00","$22,230.00","$22,230.00","$28,795.00","$26,445.50","$26,445.50","$26,445.50","$28,141.00","$26,445.50","$26,445.50","$19,662.00","$26,653.50","$26,653.50","$26,653.50","$19,662.00","$29,412.00","$29,412.00","$32,151.50","$27,182.00","$21,181.50","$21,168.50","$21,168.50","$21,168.50","$27,493.00","$25,319.50","$27,811.50","$16,879.50","$23,650.00","$27,345.00","$27,345.00","$27,345.00","$22,874.50","$25,892.00","$21,030.50","$21,030.50","$30,451.50","$25,617.00","$29,721.00","$18,493.00","$32,474.00","$22,846.00","$14,169.00","$18,805.50","$31,340.00","$31,340.00","$24,559.50","$30,861.50","$20,847.00","$20,577.00","$19,945.50","$24,188.00","$14,004.50","$27,632.00","$27,632.00","$27,655.50","$26,465.00","$25,163.50","$24,135.50","$22,786.00","$22,222.00","$14,820.50","$19,396.00","$14,705.00","$22,153.50","$22,153.50","$18,636.50","$19,863.50","$16,322.50","$16,322.50","$17,669.00","$22,558.50","$22,558.50","$25,659.50","$25,659.50","$17,095.00","$22,602.50","$14,655.00","$7,072.50","$13,690.00","$14,271.50","$11,533.50","$20,509.00","$13,828.50","$13,801.00","$16,004.50","$16,004.50","$16,004.50","$16,004.50","$27,833.50","$27,833.50","$27,943.50","$8,456.50","$24,403.50","$10,872.50","$2,746.00","$2,746.00","$6,427.50","$7,934.00","$7,130.00","$18,270.00","$13,519.50","$5,441.00","$15,403.00","$6,700.00","$8,595.00","$8,789.00","$16,404.50","$7,686.00","$9,489.00","$3,693.50","$3,315.00","$11,148.50","$4,346.00","$5,107.50","$9,521.00","$16,999.50","$4,613.00","$10,457.00","$10,457.00","$9,652.50","$9,652.50","$4,001.00","$16,749.50","$6,129.50","$6,129.50","$17,023.00","$7,658.00","$7,658.00","$12,294.00","$2,131.50","$9,353.50","$9,353.50",$-256.50,"$8,446.00","$14,938.50","$9,702.50","$12,142.00","$7,320.00","$3,180.50","$11,562.50","$12,071.50","$3,090.00","$9,733.00","$7,561.00","$7,561.00","$3,845.00","$8,542.50","$19,121.50","$2,445.50","$-7,184.00"
  Avg Profit/Tr (P5),,,,split_detail,,$625.98,$625.98,$625.98,$625.98,$625.98,$625.98,$597.66,$652.54,$618.34,$682.79,$580.54,$598.64,$651.68,$598.64,$660.25,$647.20,$697.85,$630.38,$647.20,$647.20,$647.20,$590.07,$648.64,$633.59,$648.64,$652.92,$637.95,$652.92,$652.92,$617.76,$605.97,$565.79,$680.62,$638.77,$638.77,$638.77,$617.01,$611.49,$522.77,$586.86,$566.78,$597.73,$607.89,$574.34,$562.29,$562.29,$618.70,$608.36,$616.56,$610.78,$597.73,$593.65,$600.44,$600.44,$602.42,$581.21,$615.03,$531.58,$529.04,$532.55,$573.72,$573.72,$622.32,$580.95,$580.95,$651.19,$557.07,$539.40,$523.26,$562.14,$525.02,$486.42,$562.14,$486.42,$501.13,$449.56,$558.05,$558.05,$294.15,$506.80,$454.60,$506.99,$475.77,$496.76,$467.74,$569.15,$457.83,$485.41,$514.91,$540.45,$576.50,$414.91,$526.49,$548.97,$370.60,$370.60,$370.60,$455.09,$496.55,$432.81,$476.68,$425.87,$425.87,$499.22,$464.79,$593.53,$467.64,$480.57,$352.33,$467.25,$482.68,$420.50,$483.53,$557.47,$449.11,$506.11,$445.91,$445.91,$387.21,$455.39,$430.12,$508.02,$434.75,$290.75,$423.46,$401.37,$391.93,$392.08,$416.99,$382.28,$386.44,$363.13,$403.64,$416.20,$276.68,$472.23,$405.76,$276.68,$576.37,$247.88,$584.42,$559.21,$291.70,$363.74,$372.20,$199.23,$345.80,$390.08,$256.73,$351.76,$321.01,$311.86,$363.59,$371.97,$313.15,$331.95,$339.73,$328.38,$292.87,$456.30,$316.11,$360.65,$274.94,$233.86,$286.78,$234.00,$234.00,$234.00,$287.95,$261.84,$261.84,$261.84,$426.38,$261.84,$261.84,$206.97,$397.81,$397.81,$397.81,$206.97,$294.12,$294.12,$479.87,$399.74,$209.72,$209.59,$209.59,$209.59,$277.71,$269.36,$278.11,$179.57,$333.10,$270.74,$270.74,$270.74,$238.28,$251.38,$273.12,$273.12,$323.95,$248.71,$316.18,$194.66,$306.36,$237.98,$113.35,$184.37,$246.77,$246.77,$181.92,$302.56,$152.17,$247.92,$155.82,$198.26,$123.93,$263.16,$263.16,$192.05,$259.46,$195.07,$280.65,$268.07,$203.87,$142.50,$162.99,$140.05,$156.01,$156.01,$115.04,$175.78,$145.74,$145.74,$102.73,$201.42,$201.42,$181.98,$181.98,$141.28,$175.21,$129.69,$44.20,$76.48,$84.95,$107.79,$119.24,$123.47,$123.22,$145.50,$145.50,$145.50,$145.50,$196.01,$196.01,$196.79,$47.24,$274.20,$95.37,$24.74,$24.74,$34.37,$41.76,$38.75,$99.29,$71.16,$28.94,$79.81,$34.90,$74.74,$73.86,$184.32,$66.26,$47.45,$28.63,$16.74,$56.02,$21.51,$25.28,$47.84,$89.94,$22.72,$51.77,$51.77,$47.55,$47.55,$20.41,$87.69,$30.80,$30.80,$87.30,$38.87,$38.87,$129.41,$9.56,$44.97,$44.97,$-1.23,$39.10,$75.07,$44.10,$59.52,$33.73,$15.75,$52.08,$52.48,$15.00,$43.65,$33.02,$33.02,$18.85,$41.07,$129.20,$11.27,$-29.69
  Span (min) (P5),,,,split_detail,,176.92,176.92,176.92,176.92,176.92,176.92,177.88,177.91,176.62,182.00,176.88,175.00,178.82,175.00,177.04,184.37,180.96,182.00,184.37,184.37,184.37,177.38,184.49,181.76,184.49,184.85,182.12,184.85,184.85,184.25,179.93,181.30,178.85,180.58,180.58,180.58,179.59,180.39,173.89,177.15,174.66,176.81,177.18,172.98,168.40,168.40,177.07,176.69,177.60,171.80,176.81,176.47,176.47,176.47,171.23,169.00,172.74,170.61,170.61,170.47,173.69,173.69,177.44,174.78,174.78,174.44,172.31,170.23,171.61,171.39,172.18,168.00,171.39,168.00,167.79,159.50,170.48,170.48,139.47,158.79,161.30,160.33,163.57,163.73,166.97,158.39,164.80,160.30,160.18,160.36,158.60,156.33,166.32,166.31,160.06,160.06,160.06,160.30,159.79,162.90,158.88,154.00,154.00,154.10,157.45,172.82,152.85,157.41,153.45,158.09,167.00,150.55,157.50,157.45,156.48,157.70,156.22,156.22,149.93,155.75,151.01,158.18,154.60,149.71,153.39,152.44,152.08,153.92,154.43,152.10,153.31,150.42,151.83,152.58,157.74,152.80,154.74,157.74,167.78,145.01,162.29,170.56,140.79,152.95,156.47,143.04,152.29,148.24,145.96,148.67,150.14,147.10,151.18,148.44,141.44,137.45,143.84,156.54,149.21,157.87,149.64,139.28,147.49,148.99,145.80,150.61,150.61,150.61,145.95,143.81,143.81,143.81,150.29,143.81,143.81,146.78,147.94,147.94,147.94,146.78,147.28,147.28,161.94,154.93,148.04,146.51,146.51,146.51,146.86,141.12,146.16,146.78,147.20,146.24,146.24,146.24,141.53,142.17,142.09,142.09,143.50,143.40,142.90,142.14,137.49,140.15,110.21,150.02,114.54,114.54,107.85,136.36,105.15,137.39,109.21,113.03,120.80,133.40,133.40,106.12,138.08,111.08,138.86,135.88,146.17,145.86,117.29,144.67,104.41,104.41,95.32,141.24,133.88,133.88,90.31,138.31,138.31,124.86,124.86,129.59,125.73,141.12,88.46,88.30,94.62,139.15,94.17,142.31,142.50,141.34,141.34,141.34,141.34,117.96,117.96,118.56,90.22,136.22,139.02,90.12,90.12,88.87,82.56,89.78,87.88,88.38,88.62,93.25,88.92,141.70,134.06,131.03,140.12,89.14,93.44,84.32,90.58,84.97,80.88,92.41,90.78,80.66,81.16,81.16,80.97,80.97,81.43,90.19,81.19,81.19,85.51,87.80,87.80,137.20,77.22,87.16,87.16,78.85,75.83,88.29,76.24,82.35,75.39,79.63,80.56,76.18,82.61,77.66,74.31,74.31,82.63,81.48,106.80,80.55,77.72
  Sortino (P7),,,,split_detail,,8.5124,8.5124,8.5124,8.5124,8.5124,8.5124,6.2081,-0.1684,1.8814,5.9199,6.4228,7.6475,4.0084,7.6475,1.1223,1.7312,3.8205,4.3211,0.5846,0.5846,0.5846,3.3253,2.5978,2.5978,1.0548,2.7439,0.6449,2.7439,2.3072,-2.6047,-0.5988,-0.1240,-2.8918,3.0636,3.0636,3.0636,1.3889,1.3170,1.2521,0.2028,-1.1975,0.2028,0.2028,0.7510,3.7489,3.7489,-0.2705,-0.1698,1.9366,-0.6035,-0.4246,-0.7934,-0.2451,-0.2451,-0.5612,1.8937,1.2128,3.1505,1.8295,0.7510,6.0043,6.0043,6.3922,8.2493,8.2493,-1.4039,8.4530,6.6452,-0.2498,-1.0541,6.3312,4.7991,-1.7384,4.7991,2.8523,4.3601,-1.3842,-1.3842,1.2547,1.8504,6.4016,2.6060,1.8906,0.7470,8.1165,0.4448,7.7473,3.6114,1.8504,0.1021,1.2660,3.7161,-2.0307,0.1925,3.2420,3.2420,3.2420,6.4016,1.0551,3.0823,0.8345,5.6038,5.6038,4.6839,0.8345,1.7871,1.2851,1.5779,3.3309,2.6223,3.6470,2.0936,2.2439,0.9718,1.0169,3.1886,2.4779,2.4779,1.9644,-0.1286,-0.1578,0.2328,2.7543,4.3337,3.1763,3.1966,2.3730,2.3873,2.3524,4.7821,2.8890,2.3730,2.2377,3.6339,2.9621,-1.5940,2.8850,2.9621,1.4179,3.9395,1.7081,-1.2981,1.5020,2.4891,2.0390,2.3352,3.3679,1.8489,1.8581,1.3371,2.1729,2.0725,2.3744,2.6262,1.5292,6.8368,2.3560,3.5829,-3.5871,5.0918,-1.7212,9.2902,3.8137,3.7783,-2.9151,3.3582,3.3582,3.3582,-1.5438,-1.7248,-1.7248,-1.7248,2.4756,-1.7248,-1.7248,3.6417,3.0048,3.0048,3.0048,3.4795,-1.7452,-1.7452,1.1701,1.4141,-0.2875,-0.5994,-0.5994,-0.5994,-2.5019,3.4165,-1.0579,1.8045,2.9295,-1.0579,-1.0579,-0.3354,1.4696,-0.4311,4.3355,4.3355,1.0458,0.0072,0.9486,2.1173,2.2234,1.4031,-6.1094,2.6410,-7.5119,-7.5119,-6.3082,3.4827,-6.4721,3.2487,-7.6598,-9.0890,-8.0751,2.2623,2.2623,-5.4116,0.9870,-7.1512,3.1584,2.8801,3.1946,2.3302,-3.7243,3.1475,-7.4222,-7.4222,-4.4055,1.6054,0.8610,0.6411,-5.7193,1.6966,1.6966,0.5802,0.5802,1.9143,3.9530,3.2152,-4.5184,-3.5376,-5.7475,0.9100,-4.0949,3.2581,2.2781,3.1085,3.1085,3.1085,2.8193,-1.7485,-1.5017,-1.1308,-3.1719,3.3738,4.8384,0.3221,0.3221,-4.0204,-3.5278,-2.8462,-2.3540,-2.5173,-3.8416,-4.5587,-2.9154,2.8299,3.8333,3.4722,2.1071,-4.3036,2.4508,-2.8604,-3.4595,-2.2211,-5.1049,-4.6094,-3.2812,-5.1049,-5.5198,-5.5198,-5.2104,-5.2104,-4.2034,-3.2812,-4.9094,-4.9917,-3.9968,-2.2273,-2.2273,2.8399,-3.3438,-3.0513,-3.0513,-1.6665,-3.7791,-3.8587,-4.1548,-3.0002,-4.1588,-1.4858,-3.7663,-3.9311,-3.3270,-3.4041,-4.1569,-4.1569,-2.4978,-2.7922,-1.0309,-1.4757,-4.4518
  Trades/D (P7),,,,split_detail,,0.354,0.354,0.354,0.354,0.354,0.354,0.348,0.335,0.335,0.372,0.360,0.335,0.360,0.335,0.360,0.384,0.366,0.378,0.402,0.402,0.402,0.354,0.390,0.390,0.421,0.384,0.396,0.384,0.396,0.427,0.421,0.409,0.439,0.390,0.390,0.390,0.402,0.409,0.415,0.421,0.439,0.421,0.421,0.415,0.409,0.409,0.427,0.421,0.433,0.445,0.445,0.433,0.427,0.427,0.421,0.433,0.433,0.402,0.415,0.415,0.457,0.457,0.445,0.427,0.427,0.457,0.433,0.445,0.463,0.457,0.457,0.470,0.463,0.470,0.482,0.476,0.457,0.457,0.384,0.470,0.445,0.470,0.494,0.451,0.439,0.451,0.439,0.451,0.470,0.451,0.445,0.476,0.433,0.476,0.366,0.366,0.366,0.445,0.488,0.476,0.470,0.470,0.470,0.482,0.470,0.415,0.518,0.476,0.457,0.470,0.457,0.488,0.482,0.506,0.457,0.482,0.482,0.482,0.482,0.476,0.488,0.518,0.482,0.470,0.476,0.488,0.488,0.476,0.488,0.476,0.470,0.488,0.500,0.512,0.524,0.549,0.500,0.524,0.451,0.488,0.445,0.421,0.518,0.494,0.500,0.512,0.518,0.555,0.506,0.506,0.518,0.537,0.506,0.500,0.543,0.567,0.530,0.530,0.524,0.476,0.549,0.543,0.549,0.543,0.573,0.537,0.537,0.537,0.561,0.579,0.579,0.579,0.506,0.579,0.579,0.530,0.482,0.482,0.482,0.543,0.555,0.555,0.415,0.409,0.567,0.573,0.573,0.573,0.537,0.652,0.555,0.561,0.488,0.555,0.555,0.579,0.598,0.585,0.506,0.506,0.671,0.573,0.671,0.567,0.695,0.616,0.799,0.585,0.805,0.805,0.896,0.701,0.872,0.518,0.854,0.805,0.713,0.695,0.695,0.915,0.689,0.841,0.561,0.537,0.640,0.598,0.774,0.598,0.896,0.896,1.037,0.622,0.750,0.756,1.018,0.671,0.671,0.866,0.866,0.732,0.774,0.610,1.024,1.079,1.012,0.695,1.079,0.671,0.659,0.610,0.610,0.610,0.616,0.915,0.909,0.927,1.085,0.567,0.628,0.774,0.774,1.140,1.116,1.104,1.134,1.128,1.146,1.146,1.146,0.646,0.665,0.567,0.652,1.177,0.835,1.201,1.195,1.159,1.220,1.201,1.146,1.220,1.201,1.201,1.207,1.207,1.189,1.146,1.195,1.201,1.171,1.159,1.159,0.640,1.256,1.195,1.195,1.177,1.299,1.171,1.311,1.226,1.305,1.195,1.268,1.335,1.220,1.299,1.348,1.348,1.232,1.262,0.890,1.244,1.384
  Profit Fac (P7),,,,split_detail,,1.3134,1.3134,1.3134,1.3134,1.3134,1.3134,1.2640,0.9922,1.0750,1.2213,1.2512,1.3183,1.1497,1.3183,1.0468,1.0663,1.1421,1.1713,1.0227,1.0227,1.0227,1.1562,1.1050,1.1050,1.0421,1.1063,1.0254,1.1063,1.0949,0.9012,0.9761,0.9951,0.8868,1.1230,1.1230,1.1230,1.0549,1.0544,1.0489,1.0081,0.9536,1.0081,1.0081,1.0304,1.1588,1.1588,0.9890,0.9932,1.0770,0.9739,0.9824,0.9679,0.9900,0.9900,0.9769,1.0733,1.0516,1.1316,1.0745,1.0304,1.2548,1.2548,1.2810,1.3534,1.3534,0.9407,1.3673,1.2706,0.9893,0.9557,1.2551,1.1855,0.9278,1.1855,1.1155,1.1690,0.9419,0.9419,1.0766,1.0780,1.2620,1.1130,1.0742,1.0336,1.3608,1.0200,1.3297,1.1593,1.0780,1.0045,1.0573,1.1443,0.9166,1.0082,1.1109,1.1109,1.1109,1.2620,1.0465,1.1277,1.0358,1.2443,1.2443,1.2205,1.0358,1.0689,1.0541,1.0668,1.1509,1.1109,1.1553,1.0859,1.0962,1.0437,1.0431,1.1475,1.1074,1.1074,1.0791,0.9949,0.9934,1.0101,1.1281,1.2088,1.1406,1.1464,1.1099,1.1081,1.1088,1.2140,1.1263,1.1099,1.1040,1.1684,1.1303,0.9297,1.1362,1.1303,1.0511,1.1741,1.0710,0.9534,1.0621,1.1147,1.0922,1.0880,1.1492,1.0823,1.0809,1.0567,1.0983,1.0887,1.1106,1.1198,1.0663,1.2917,1.1031,1.1604,0.8651,1.1959,0.9299,1.3780,1.1730,1.1720,0.8929,1.1484,1.1484,1.1484,0.9357,0.9367,0.9367,0.9367,1.1020,0.9367,0.9367,1.1662,1.1243,1.1243,1.1243,1.1582,0.9279,0.9279,1.0446,1.0536,0.9883,0.9756,0.9756,0.9756,0.9038,1.1543,0.9564,1.0819,1.1120,0.9564,0.9564,0.9859,1.0657,0.9824,1.1728,1.1728,1.0479,1.0003,1.0442,1.0983,1.1183,1.0626,0.7698,1.1148,0.7140,0.7140,0.7650,1.1787,0.7520,1.1268,0.7094,0.6731,0.6993,1.1200,1.1200,0.7966,1.0504,0.7212,1.1316,1.1095,1.1482,1.1009,0.8500,1.1389,0.7297,0.7297,0.8207,1.0749,1.0394,1.0292,0.7699,1.0810,1.0810,1.0268,1.0268,1.0917,1.1943,1.1434,0.8185,0.8555,0.7750,1.0409,0.8316,1.1498,1.1031,1.1377,1.1377,1.1377,1.1239,0.9204,0.9309,0.9469,0.8719,1.1414,1.2316,1.0149,1.0149,0.8353,0.8562,0.8841,0.8935,0.8956,0.8418,0.8143,0.8802,1.1288,1.1779,1.1316,1.0947,0.8279,1.1075,0.8791,0.8567,0.9074,0.7885,0.8153,0.8640,0.7885,0.7745,0.7745,0.7860,0.7860,0.8239,0.8640,0.7981,0.7946,0.8312,0.9071,0.9071,1.1219,0.8623,0.8755,0.8755,0.9294,0.8379,0.8416,0.8253,0.8751,0.8233,0.9385,0.8419,0.8317,0.8619,0.8547,0.8227,0.8227,0.8985,0.8855,0.9569,0.9390,0.8124
  Max DD (P7),,,,split_detail,,"$5,945.50","$5,945.50","$5,945.50","$5,945.50","$5,945.50","$5,945.50","$6,713.50","$7,317.00","$7,996.50","$5,945.50","$7,141.50","$6,535.50","$5,945.50","$6,535.50","$9,877.50","$6,556.00","$6,629.50","$6,569.50","$7,235.50","$7,235.50","$7,235.50","$7,215.00","$6,569.50","$6,569.50","$7,805.00","$6,629.50","$7,309.00","$6,629.50","$6,629.50","$7,940.00","$7,805.00","$7,235.50","$10,889.00","$6,629.50","$6,629.50","$6,629.50","$7,125.50","$7,309.00","$7,125.50","$7,309.00","$7,681.00","$7,309.00","$7,309.00","$7,309.00","$8,597.00","$8,597.00","$7,309.00","$7,309.00","$7,823.50","$10,377.50","$10,186.50","$7,920.00","$7,309.00","$7,309.00","$10,126.50","$7,125.50","$10,338.50","$6,629.50","$7,920.00","$7,309.00","$7,429.50","$7,429.50","$6,933.50","$6,254.00","$6,254.00","$11,472.00","$6,254.00","$6,254.00","$10,076.50","$10,187.00","$6,776.00","$6,750.00","$10,213.00","$6,750.00","$7,305.50","$6,750.00","$10,187.00","$10,187.00","$6,424.50","$8,502.50","$6,750.00","$8,333.00","$7,305.50","$10,352.00","$6,254.00","$10,352.00","$6,933.50","$8,223.00","$8,502.50","$10,338.50","$10,352.00","$7,124.00","$7,492.00","$10,187.00","$6,198.50","$6,198.50","$6,198.50","$6,750.00","$10,186.50","$7,305.50","$7,805.00","$9,976.50","$9,976.50","$9,976.50","$7,805.00","$6,823.00","$10,835.00","$8,502.50","$7,696.50","$7,823.50","$8,249.00","$10,924.50","$8,319.50","$10,908.00","$7,309.00","$9,976.50","$8,333.00","$8,333.00","$11,159.00","$8,015.00","$8,058.50","$10,409.50","$6,933.50","$6,437.50","$6,933.50","$9,976.50","$7,443.00","$6,933.50","$7,429.50","$6,933.50","$6,933.50","$7,443.00","$7,429.50","$7,957.50","$10,456.50","$10,843.00","$6,933.50","$10,456.50","$7,893.00","$6,663.00","$9,911.50","$6,904.50","$11,263.50","$6,933.50","$6,933.50","$8,060.50","$7,448.00","$10,533.50","$7,342.50","$7,305.50","$7,448.00","$10,408.00","$7,429.50","$10,381.00","$10,683.50","$9,847.00","$10,848.50","$9,383.50","$11,553.00","$6,296.00","$11,127.50","$10,273.00","$9,582.50","$8,482.50","$12,417.50","$8,584.00","$8,584.00","$8,584.00","$10,986.00","$11,350.00","$11,350.00","$11,350.00","$10,394.50","$11,350.00","$11,350.00","$8,873.00","$9,956.50","$9,956.50","$9,956.50","$8,873.00","$11,297.00","$11,297.00","$6,823.00","$6,823.00","$10,968.00","$11,464.00","$11,464.00","$11,464.00","$10,681.50","$11,568.00","$10,700.00","$12,176.50","$6,839.00","$10,700.00","$10,700.00","$9,270.00","$10,062.00","$10,345.00","$7,003.50","$7,003.50","$12,339.00","$9,270.00","$12,462.50","$11,622.00","$10,101.50","$9,814.00","$12,642.00","$9,651.50","$13,376.50","$13,376.50","$14,883.00","$10,082.50","$14,646.00","$7,821.00","$14,098.50","$15,335.50","$15,308.00","$11,671.00","$11,671.00","$14,883.00","$11,252.50","$14,019.00","$9,880.50","$7,197.00","$8,362.50","$10,066.00","$8,454.00","$8,858.50","$15,461.50","$15,461.50","$13,983.50","$10,228.00","$13,560.00","$14,005.50","$13,744.00","$13,627.50","$13,627.50","$10,337.50","$10,337.50","$13,866.00","$10,755.50","$9,078.50","$13,348.50","$12,392.00","$14,455.00","$11,878.00","$14,304.00","$7,864.50","$8,109.50","$9,271.00","$9,271.00","$9,271.00","$9,716.50","$9,618.50","$9,618.50","$10,017.50","$12,128.50","$9,880.50","$6,982.50","$7,665.00","$7,665.00","$13,593.00","$12,657.00","$11,560.50","$10,831.50","$10,741.00","$13,593.00","$14,922.00","$12,084.00","$7,173.00","$9,648.50","$7,942.00","$7,962.50","$13,423.00","$6,150.50","$11,492.50","$13,931.00","$11,675.00","$15,128.50","$15,459.50","$11,735.00","$15,128.50","$15,629.50","$15,629.50","$14,959.00","$14,959.00","$13,000.50","$11,735.00","$14,650.50","$14,903.00","$13,200.50","$11,933.00","$11,933.00","$12,967.50","$14,394.50","$13,146.50","$13,146.50","$11,570.00","$15,574.50","$12,046.50","$15,434.00","$12,745.00","$16,154.50","$9,145.00","$13,661.00","$14,881.00","$13,269.00","$13,805.50","$15,595.00","$15,595.00","$12,435.00","$12,706.00","$8,405.00","$10,546.00","$16,756.00"
  Total PNL (P7),,,,split_detail,,"$6,202.50","$6,202.50","$6,202.50","$6,202.50","$6,202.50","$6,202.50","$5,219.00",$-164.50,"$1,478.00","$4,709.50","$5,037.00","$6,056.50","$3,118.50","$6,056.50","$1,032.00","$1,511.00","$3,150.00","$3,801.00",$569.00,$569.00,$569.00,"$3,389.00","$2,470.00","$2,470.00","$1,086.00","$2,497.50",$643.00,"$2,497.50","$2,253.50","$-2,661.50",$-616.50,$-128.50,"$-3,347.00","$2,905.50","$2,905.50","$2,905.50","$1,288.50","$1,385.00","$1,181.50",$215.00,"$-1,256.00",$215.00,$215.00,$793.00,"$3,813.00","$3,813.00",$-295.00,$-180.00,"$2,091.00",$-743.50,$-520.50,$-878.50,$-267.50,$-267.50,$-656.50,"$1,832.50","$1,373.50","$3,124.50","$1,861.50",$793.00,"$6,671.50","$6,671.50","$7,273.50","$8,491.00","$8,491.00","$-1,792.00","$8,825.00","$6,925.00",$-302.50,"$-1,261.50","$6,607.50","$4,928.00","$-2,119.50","$4,928.00","$3,242.00","$4,527.00","$-1,656.50","$-1,656.50","$1,471.00","$2,286.00","$6,433.00","$3,236.50","$2,163.50",$942.00,"$8,710.00",$561.00,"$8,145.50","$4,278.50","$2,286.00",$127.50,"$1,548.00","$4,056.00","$-2,333.50",$238.00,"$2,302.50","$2,302.50","$2,302.50","$6,433.00","$1,464.50","$3,545.50","$1,042.50","$6,695.00","$6,695.00","$6,262.50","$1,042.50","$1,633.50","$1,707.00","$1,978.00","$4,203.00","$3,232.00","$4,184.00","$2,518.00","$2,849.00","$1,371.00","$1,232.50","$4,417.50","$3,167.00","$3,167.00","$2,348.50",$-145.50,$-189.00,$328.50,"$3,654.00","$5,758.00","$3,965.50","$4,435.50","$3,185.50","$3,099.50","$3,158.00","$5,736.00","$3,560.50","$3,185.50","$3,059.50","$5,045.50","$4,134.50","$-2,440.00","$3,944.50","$4,134.50","$1,359.50","$4,942.50","$1,834.00","$-1,185.50","$1,936.00","$3,335.00","$2,744.00","$2,544.50","$4,545.50","$2,772.00","$2,496.00","$1,650.50","$3,008.50","$2,905.00","$3,269.00","$3,686.50","$2,246.50","$9,155.00","$3,255.00","$5,091.50","$-4,690.50","$5,130.50","$-2,438.50","$11,019.00","$5,732.00","$5,415.00","$-3,772.00","$4,718.00","$4,718.00","$4,718.00","$-2,256.00","$-2,193.50","$-2,193.50","$-2,193.50","$3,065.00","$-2,193.50","$-2,193.50","$5,157.50","$3,470.00","$3,470.00","$3,470.00","$4,996.00","$-2,524.50","$-2,524.50","$1,084.00","$1,272.50",$-410.50,$-865.50,$-865.50,$-865.50,"$-3,309.00","$5,707.50","$-1,501.00","$2,841.00","$3,034.00","$-1,501.00","$-1,501.00",$-493.00,"$2,326.50",$-601.50,"$4,685.50","$4,685.50","$1,873.50",$10.50,"$1,708.50","$3,395.50","$4,838.00","$2,247.00","$-9,184.00","$4,066.50","$-11,632.50","$-11,632.50","$-10,465.50","$7,023.00","$-10,742.50","$3,548.50","$-12,597.50","$-13,710.50","$-10,955.50","$4,794.50","$4,794.50","$-9,195.50","$2,064.50","$-11,919.00","$4,252.00","$3,229.00","$5,396.00","$3,652.00","$-5,644.00","$4,900.00","$-12,548.00","$-12,548.00","$-8,749.50","$2,737.50","$1,760.50","$1,315.00","$-11,329.50","$3,214.00","$3,214.00","$1,316.50","$1,316.50","$3,898.50","$8,290.00","$5,159.00","$-8,711.00","$-7,427.50","$-11,287.50","$1,690.00","$-8,590.00","$5,708.50","$3,902.00","$4,980.50","$4,980.50","$4,980.50","$4,535.00","$-4,158.00","$-3,566.50","$-2,754.50","$-6,690.00","$4,574.50","$8,063.00",$510.00,$510.00,"$-8,916.50","$-7,439.00","$-6,090.50","$-5,662.00","$-5,549.50","$-8,565.50","$-10,098.00","$-6,371.00","$4,750.00","$6,406.50","$4,055.50","$3,565.50","$-9,596.50","$4,099.00","$-6,631.00","$-8,083.50","$-4,899.50","$-12,578.00","$-10,726.00","$-7,336.00","$-12,578.00","$-13,079.00","$-13,079.00","$-12,408.50","$-12,408.50","$-10,006.50","$-7,336.00","$-11,619.50","$-11,872.00","$-9,258.50","$-4,927.50","$-4,927.50","$4,417.50","$-7,949.50","$-6,934.50","$-6,934.50","$-3,741.50","$-9,754.00","$-8,848.50","$-10,739.50","$-6,900.00","$-10,770.00","$-3,254.00","$-9,155.50","$-10,350.00","$-7,658.00","$-8,700.00","$-11,141.50","$-11,141.50","$-5,577.50","$-6,465.00","$-1,989.00","$-3,384.00","$-12,266.50"
  Avg Profit/Tr (P7),,,,split_detail,,$106.94,$106.94,$106.94,$106.94,$106.94,$106.94,$91.56,$-2.99,$26.87,$77.20,$85.37,$110.12,$52.86,$110.12,$17.49,$23.98,$52.50,$61.31,$8.62,$8.62,$8.62,$58.43,$38.59,$38.59,$15.74,$39.64,$9.89,$39.64,$34.67,$-38.02,$-8.93,$-1.92,$-46.49,$45.40,$45.40,$45.40,$19.52,$20.67,$17.37,$3.12,$-17.44,$3.12,$3.12,$11.66,$56.91,$56.91,$-4.21,$-2.61,$29.45,$-10.18,$-7.13,$-12.37,$-3.82,$-3.82,$-9.51,$25.81,$19.35,$47.34,$27.38,$11.66,$88.95,$88.95,$99.64,$121.30,$121.30,$-23.89,$124.30,$94.86,$-3.98,$-16.82,$88.10,$64.00,$-27.89,$64.00,$41.04,$58.04,$-22.09,$-22.09,$23.35,$29.69,$88.12,$42.03,$26.71,$12.73,$120.97,$7.58,$113.13,$57.82,$29.69,$1.72,$21.21,$52.00,$-32.87,$3.05,$38.38,$38.38,$38.38,$88.12,$18.31,$45.46,$13.54,$86.95,$86.95,$79.27,$13.54,$24.02,$20.08,$25.36,$56.04,$41.97,$55.79,$31.47,$36.06,$16.52,$16.43,$55.92,$40.09,$40.09,$29.73,$-1.87,$-2.36,$3.86,$46.25,$74.78,$50.84,$55.44,$39.82,$39.74,$39.48,$73.54,$46.24,$39.82,$37.31,$60.07,$48.08,$-27.11,$48.10,$48.08,$18.37,$61.78,$25.12,$-17.18,$22.78,$41.17,$33.46,$30.29,$53.48,$30.46,$30.07,$19.89,$35.39,$33.01,$39.39,$44.96,$25.24,$98.44,$37.41,$58.52,$-54.54,$65.78,$-27.09,$123.81,$63.69,$60.84,$-40.13,$53.61,$53.61,$53.61,$-24.52,$-23.09,$-23.09,$-23.09,$36.93,$-23.09,$-23.09,$59.28,$43.92,$43.92,$43.92,$56.13,$-27.74,$-27.74,$15.94,$18.99,$-4.41,$-9.21,$-9.21,$-9.21,$-37.60,$53.34,$-16.49,$30.88,$37.93,$-16.49,$-16.49,$-5.19,$23.74,$-6.27,$56.45,$56.45,$17.03,$0.11,$15.53,$36.51,$42.44,$22.25,$-70.11,$42.36,$-88.13,$-88.13,$-71.19,$61.07,$-75.12,$41.75,$-89.98,$-103.87,$-93.64,$42.06,$42.06,$-61.30,$18.27,$-86.37,$46.22,$36.69,$51.39,$37.27,$-44.44,$50.00,$-85.36,$-85.36,$-51.47,$26.84,$14.31,$10.60,$-67.84,$29.22,$29.22,$9.27,$9.27,$32.49,$65.28,$51.59,$-51.85,$-41.96,$-68.00,$14.82,$-48.53,$51.90,$36.13,$49.81,$49.81,$49.81,$44.90,$-27.72,$-23.94,$-18.12,$-37.58,$49.19,$78.28,$4.02,$4.02,$-47.68,$-40.65,$-33.65,$-30.44,$-30.00,$-45.56,$-53.71,$-33.89,$44.81,$58.78,$43.61,$33.32,$-49.72,$29.92,$-33.66,$-41.24,$-25.79,$-62.89,$-54.45,$-39.02,$-62.89,$-66.39,$-66.39,$-62.67,$-62.67,$-51.32,$-39.02,$-59.28,$-60.26,$-48.22,$-25.93,$-25.93,$42.07,$-38.59,$-35.38,$-35.38,$-19.39,$-45.79,$-46.09,$-49.95,$-34.33,$-50.33,$-16.60,$-44.02,$-47.26,$-38.29,$-40.85,$-50.41,$-50.41,$-27.61,$-31.23,$-13.62,$-16.59,$-54.04
  Span (min) (P7),,,,split_detail,,159.19,159.19,159.19,159.19,159.19,159.19,164.19,167.87,172.33,160.20,168.59,174.62,153.53,174.62,158.63,152.89,162.63,160.77,157.50,157.50,157.50,174.03,156.95,156.95,155.42,160.89,161.32,160.89,160.14,151.20,151.26,156.51,144.08,155.09,155.09,155.09,151.35,158.49,145.66,156.74,145.54,156.74,156.74,158.43,161.63,161.63,157.60,156.54,156.27,155.63,153.14,155.28,157.50,157.50,154.20,141.28,154.79,159.09,157.19,158.43,152.88,152.88,159.27,156.20,156.20,150.27,155.08,151.41,148.75,149.33,152.51,146.91,147.83,146.91,144.87,143.23,149.15,149.15,126.67,143.73,144.79,144.00,143.72,157.22,156.14,157.12,155.65,158.16,143.73,154.57,158.70,149.69,149.86,148.35,145.48,145.48,145.48,144.79,146.12,142.96,140.00,151.91,151.91,155.15,140.00,144.12,146.59,142.24,165.01,145.91,159.04,152.95,141.59,145.23,143.92,156.84,139.29,139.29,155.51,135.15,135.28,143.71,145.67,166.73,146.73,153.47,142.80,146.55,142.36,145.74,145.91,142.80,140.00,142.00,162.47,139.07,145.04,162.47,143.03,152.95,144.22,148.32,147.25,143.20,144.70,138.17,146.75,141.23,153.49,135.61,138.85,149.70,139.07,148.11,150.54,149.26,140.32,158.51,136.01,141.53,134.01,154.08,152.37,134.57,123.77,136.18,136.18,136.18,130.72,120.62,120.62,120.62,147.25,120.62,120.62,136.78,147.09,147.09,147.09,135.20,132.69,132.69,137.63,141.25,131.49,129.13,129.13,129.13,131.09,147.59,130.00,135.74,139.39,130.00,130.00,127.25,136.79,121.99,138.14,138.14,140.19,128.46,139.36,135.11,141.29,135.70,84.69,133.07,87.18,87.18,81.67,141.70,86.55,137.04,81.55,87.71,84.48,140.68,140.68,83.07,137.27,86.99,137.41,137.14,127.73,131.93,88.57,131.43,80.48,80.48,81.57,128.81,127.59,127.19,84.63,133.57,133.57,123.58,123.58,128.86,136.47,128.80,81.12,79.37,89.99,122.93,87.92,129.12,128.27,130.34,130.34,130.34,129.81,112.19,112.75,112.83,83.10,135.26,130.08,91.50,91.50,80.37,77.54,82.65,78.81,78.36,80.24,85.71,81.73,130.29,121.95,133.53,129.53,80.74,87.27,83.32,80.43,83.30,74.38,84.78,78.56,74.38,74.55,74.55,74.70,74.70,72.69,78.56,71.79,71.49,75.14,85.69,85.69,136.47,80.13,86.50,86.50,82.11,73.88,77.77,74.30,79.58,74.45,80.46,79.19,75.79,80.81,76.31,73.04,73.04,79.15,78.25,108.02,79.61,73.27
  Sortino (P9),,,,split_detail,,-7.4959,-7.4959,-7.4959,-7.4959,-7.4959,-7.4959,-6.6619,-8.1828,-7.0298,-7.9387,-8.9813,-7.1538,-5.6046,-7.6640,-5.7110,-6.9681,-3.8003,-5.9390,-5.6761,-5.6761,-5.6294,-8.7285,-6.4595,-7.3153,-5.0192,-6.1697,-4.7150,-5.8959,-5.3183,-5.1102,-5.7471,-4.8436,-5.4007,-4.6670,-4.6670,-4.6670,-7.4125,-5.3395,-5.1882,-5.1342,-6.3500,-6.1172,-5.5696,-4.7037,-3.7192,-3.7192,-6.4990,-7.1340,-7.4698,-3.1989,-5.9109,-6.6354,-7.1340,-7.1340,-5.4393,-7.0513,-6.3083,-5.7239,-5.9093,-5.5209,-6.3803,-6.3803,-7.3291,-6.5722,-6.5722,-6.7981,-6.0852,-5.9662,-3.5258,-3.4113,-6.7399,-5.7890,-3.3740,-5.7890,-6.4049,-5.5917,-3.6936,-3.6936,-4.9571,-6.1756,-5.9273,-5.8626,-5.0643,-3.2108,-5.2733,-5.1330,-5.6558,-2.9277,-6.4756,-3.9643,-5.1530,-6.1119,-5.3086,-5.2613,-4.0890,-4.0890,-4.0890,-5.9650,-6.7189,-5.1893,-6.0628,-5.8560,-5.8560,-5.7800,-5.8339,-2.9598,-3.6106,-6.0781,-4.2469,-6.2328,-4.0045,-3.8603,-6.1807,-5.8602,-5.7304,-6.2031,-6.0212,-6.0212,-3.8629,-5.9856,-5.1772,-6.9025,-6.2146,-3.6957,-5.1513,-6.1808,-5.4889,-5.4543,-5.9929,-5.1900,-5.4129,-5.4889,-5.1143,-5.7886,-6.3032,-6.3538,-5.3043,-6.6952,-2.9512,-4.1309,-2.0944,-1.9686,-1.8743,-5.5539,-5.2561,-4.9623,-6.0124,-5.5418,-5.0442,-4.8949,-6.2214,-3.3826,-5.4043,-5.6464,-3.8568,-0.2207,-4.3313,-5.4232,-5.2315,-3.1843,-5.0164,-0.0238,-2.9396,-0.9368,-5.5891,-0.9762,-0.9762,-0.9762,-5.6625,-5.7161,-5.7161,-5.7161,-4.5336,-5.7161,-5.7161,-1.6884,0.8099,0.8099,0.8099,-1.6884,-6.2937,-6.2937,-3.6152,-2.6987,-6.1680,-6.2093,-6.2093,-6.2093,-5.5497,-0.0275,-6.0429,-2.2624,-2.2422,-6.0429,-6.0429,-6.0272,-4.6455,-5.6096,-1.4474,-1.4474,-2.4134,-5.3594,-2.8110,-2.5351,-2.1938,-2.2591,-6.0569,-2.3759,-6.5911,-6.5911,-6.0125,-2.4277,-4.6719,-0.2250,-4.9014,-4.5236,-5.1225,-2.7481,-2.7481,-5.2928,-1.5060,-5.7773,-1.4083,-1.0498,-2.4895,-2.2151,-6.4063,-1.8683,-4.0217,-4.0217,-1.5526,-3.5714,-1.3214,-1.3238,-0.3858,-2.2738,-2.2738,-0.2861,-0.2861,-1.0736,-0.1287,0.2193,-0.3683,-1.4371,-0.0353,-3.5782,-1.6763,-1.8169,-2.4914,-1.0524,-1.0524,-1.0524,-1.0554,0.1459,0.1459,0.1565,-0.7290,-1.6861,-0.7423,1.3319,1.3319,-1.0374,-0.3830,-0.8119,-1.1793,-2.4038,-1.1172,-2.5165,-1.8943,-0.7959,0.0127,-1.3699,-0.8783,-0.6560,-2.5296,-1.1908,-2.5058,-2.6360,0.2809,-1.4971,-2.8016,0.2809,0.0366,0.0366,-0.2125,-0.2125,-0.9625,-2.9455,-0.6413,-0.5449,-1.8349,-2.1123,-2.1123,1.5237,-2.2402,-2.1631,-2.1631,-2.3102,-1.5085,-2.8187,-2.0301,-3.2240,-1.6801,-2.1775,-1.8521,-1.0203,-1.2492,-1.1315,-1.5095,-1.5095,-1.5542,-2.7454,0.5402,-2.2131,-1.8419
  Trades/D (P9),,,,split_detail,,0.360,0.360,0.360,0.360,0.360,0.360,0.341,0.341,0.354,0.366,0.360,0.348,0.384,0.354,0.366,0.366,0.384,0.378,0.384,0.384,0.384,0.360,0.384,0.372,0.409,0.390,0.390,0.402,0.402,0.409,0.402,0.402,0.421,0.396,0.396,0.396,0.409,0.396,0.402,0.433,0.427,0.427,0.439,0.427,0.390,0.390,0.451,0.445,0.445,0.415,0.433,0.457,0.445,0.445,0.439,0.445,0.427,0.433,0.433,0.439,0.457,0.457,0.445,0.445,0.445,0.445,0.451,0.451,0.433,0.439,0.451,0.457,0.439,0.457,0.445,0.451,0.445,0.445,0.402,0.500,0.457,0.500,0.457,0.445,0.457,0.470,0.463,0.445,0.512,0.451,0.476,0.457,0.470,0.476,0.402,0.402,0.402,0.476,0.524,0.463,0.530,0.488,0.488,0.482,0.530,0.409,0.482,0.518,0.470,0.524,0.470,0.445,0.530,0.500,0.530,0.494,0.524,0.524,0.457,0.537,0.530,0.512,0.524,0.482,0.543,0.494,0.524,0.524,0.518,0.518,0.549,0.524,0.537,0.543,0.482,0.549,0.537,0.488,0.445,0.494,0.463,0.427,0.463,0.549,0.524,0.488,0.549,0.537,0.488,0.549,0.549,0.482,0.549,0.518,0.500,0.567,0.537,0.530,0.549,0.463,0.579,0.598,0.543,0.585,0.561,0.585,0.585,0.585,0.573,0.579,0.579,0.579,0.463,0.579,0.579,0.616,0.470,0.470,0.470,0.616,0.579,0.579,0.488,0.476,0.591,0.591,0.591,0.591,0.573,0.622,0.591,0.628,0.482,0.591,0.591,0.598,0.604,0.585,0.488,0.488,0.634,0.604,0.634,0.634,0.720,0.610,0.927,0.604,0.927,0.927,0.994,0.713,0.994,0.537,0.976,0.970,0.835,0.689,0.689,1.055,0.695,0.957,0.567,0.567,0.646,0.628,0.860,0.659,1.018,1.018,1.183,0.665,0.756,0.762,1.201,0.671,0.671,0.866,0.866,0.780,0.793,0.677,1.177,1.250,1.201,0.701,1.244,0.689,0.677,0.665,0.665,0.665,0.671,0.988,0.988,0.994,1.238,0.579,0.695,0.799,0.799,1.274,1.268,1.244,1.250,1.274,1.280,1.354,1.317,0.726,0.713,0.585,0.738,1.311,0.939,1.329,1.378,1.366,1.378,1.372,1.274,1.378,1.317,1.317,1.329,1.329,1.409,1.287,1.390,1.396,1.262,1.354,1.354,0.634,1.506,1.390,1.390,1.439,1.488,1.317,1.524,1.439,1.518,1.415,1.518,1.598,1.415,1.561,1.591,1.591,1.433,1.482,0.909,1.518,1.634
  Profit Fac (P9),,,,split_detail,,0.6616,0.6616,0.6616,0.6616,0.6616,0.6616,0.7012,0.6377,0.6903,0.6473,0.6212,0.6727,0.7454,0.6560,0.7395,0.6809,0.8247,0.7341,0.7409,0.7409,0.7420,0.6274,0.7044,0.6680,0.7733,0.7191,0.7813,0.7316,0.7553,0.7663,0.7404,0.7789,0.7584,0.7795,0.7795,0.7795,0.6717,0.7542,0.7612,0.7632,0.7171,0.7219,0.7473,0.7862,0.8151,0.8151,0.7102,0.6861,0.6866,0.8497,0.7349,0.7087,0.6861,0.6861,0.7536,0.6320,0.7242,0.7411,0.7321,0.7497,0.6739,0.6739,0.6332,0.6623,0.6623,0.7080,0.6822,0.6860,0.8337,0.8401,0.6474,0.7002,0.8413,0.7002,0.6693,0.7054,0.8283,0.8283,0.6854,0.6998,0.6915,0.6817,0.7314,0.8523,0.7234,0.7325,0.7053,0.8591,0.6864,0.8189,0.7280,0.6848,0.7371,0.7226,0.8283,0.8283,0.8283,0.6883,0.6469,0.7274,0.6718,0.6983,0.6983,0.7001,0.6842,0.8761,0.8064,0.6725,0.8073,0.6668,0.8103,0.8309,0.6696,0.6820,0.6896,0.6820,0.6786,0.6786,0.8243,0.6769,0.7148,0.6668,0.6701,0.8268,0.7152,0.6650,0.6932,0.6942,0.6759,0.7137,0.7046,0.6932,0.7155,0.6879,0.7252,0.6540,0.7101,0.7121,0.8774,0.7822,0.9141,0.9159,0.9118,0.6913,0.7131,0.7362,0.6800,0.6944,0.7438,0.7228,0.6619,0.8138,0.6961,0.6810,0.7887,0.9886,0.7586,0.7395,0.6948,0.8377,0.7123,0.9987,0.8571,0.9487,0.6805,0.9465,0.9465,0.9465,0.6760,0.6776,0.6776,0.6776,0.8219,0.6776,0.6776,0.9080,1.0347,1.0347,1.0347,0.9080,0.6555,0.6555,0.8365,0.8780,0.6411,0.6400,0.6400,0.6400,0.6832,0.9986,0.6620,0.8842,0.8849,0.6620,0.6620,0.6656,0.7442,0.6814,0.9240,0.9240,0.8682,0.6941,0.8468,0.8705,0.8805,0.8723,0.6874,0.8610,0.6666,0.6666,0.6917,0.8698,0.7648,0.9881,0.7533,0.7653,0.7345,0.8505,0.8505,0.7286,0.9180,0.7042,0.9266,0.9450,0.8595,0.8699,0.6731,0.8895,0.7917,0.7917,0.9127,0.7959,0.9242,0.9247,0.9791,0.8777,0.8777,0.9836,0.9836,0.9381,0.9925,1.0131,0.9802,0.9212,0.9981,0.8030,0.9089,0.8945,0.8579,0.9374,0.9374,0.9374,0.9378,1.0087,1.0087,1.0092,0.9601,0.9118,0.9566,1.0743,1.0743,0.9424,0.9778,0.9557,0.9347,0.8711,0.9381,0.8646,0.8973,0.9537,1.0008,0.9301,0.9488,0.9640,0.8675,0.9324,0.8635,0.8580,1.0154,0.9140,0.8544,1.0154,1.0020,1.0020,0.9883,0.9883,0.9465,0.8472,0.9645,0.9697,0.9029,0.8913,0.8913,1.0723,0.8748,0.8868,0.8868,0.8705,0.9198,0.8537,0.8922,0.8275,0.9103,0.8770,0.8978,0.9450,0.9302,0.9385,0.9194,0.9194,0.9148,0.8505,1.0303,0.8745,0.8984
  Max DD (P9),,,,split_detail,,"$12,050.00","$12,050.00","$12,050.00","$12,050.00","$12,050.00","$12,050.00","$10,995.50","$12,008.00","$11,868.50","$12,581.50","$13,242.50","$11,864.50","$9,823.50","$12,467.00","$10,683.00","$11,603.00","$9,222.00","$10,118.00","$10,523.00","$10,523.00","$10,484.50","$12,927.50","$11,286.50","$12,069.00","$9,997.50","$10,998.00","$9,469.00","$10,818.50","$10,149.00","$10,103.50","$10,343.50","$9,748.00","$11,241.00","$8,903.00","$8,903.00","$8,903.00","$11,553.50","$9,803.00","$10,001.50","$10,615.50","$11,973.50","$11,786.50","$11,218.00","$9,317.00","$9,105.00","$9,105.00","$11,916.50","$12,632.00","$12,856.50","$8,508.00","$11,590.00","$12,793.00","$12,632.00","$12,632.00","$11,534.00","$13,910.00","$11,909.00","$10,494.50","$10,781.00","$10,479.00","$14,175.00","$14,175.00","$14,395.00","$13,134.50","$13,134.50","$12,134.00","$13,493.50","$13,321.00","$9,289.00","$9,175.00","$14,803.50","$13,461.00","$9,136.50","$13,461.00","$14,039.50","$13,082.00","$9,563.00","$9,563.00","$8,770.50","$13,547.50","$12,316.00","$14,675.00","$12,457.50","$9,294.00","$12,289.00","$12,988.50","$13,106.50","$8,656.50","$14,413.50","$10,287.00","$13,131.50","$13,978.00","$11,195.50","$12,962.50","$8,843.50","$8,843.50","$8,843.50","$12,672.00","$15,937.00","$12,368.50","$14,850.50","$14,436.50","$14,436.50","$14,254.00","$14,395.00","$6,640.50","$12,005.00","$15,315.00","$11,620.50","$15,533.50","$10,319.00","$9,423.50","$15,067.00","$16,350.00","$14,667.50","$14,568.00","$15,121.50","$15,121.50","$9,303.00","$15,370.00","$13,579.50","$15,823.50","$15,468.00","$11,624.50","$14,785.00","$15,559.00","$13,395.50","$13,278.00","$14,506.00","$13,898.50","$15,712.50","$13,395.50","$14,670.00","$16,019.00","$14,321.50","$16,882.50","$15,331.50","$14,924.00","$7,816.50","$11,915.00","$6,899.00","$7,402.00","$7,684.50","$15,387.50","$14,481.50","$13,472.50","$16,856.00","$16,827.50","$13,435.00","$14,425.50","$15,644.50","$11,329.50","$15,138.50","$14,818.50","$12,422.50","$7,632.50","$15,930.00","$13,514.50","$17,079.00","$9,116.50","$16,350.50","$8,984.50","$10,765.50","$9,063.50","$17,923.00","$9,104.00","$9,104.00","$9,104.00","$17,702.00","$17,778.00","$17,778.00","$17,778.00","$10,851.50","$17,778.00","$17,778.00","$9,560.50","$6,089.50","$6,089.50","$6,089.50","$9,560.50","$18,287.50","$18,287.50","$8,261.50","$7,341.50","$19,308.50","$19,386.50","$19,386.50","$19,386.50","$17,391.50","$7,426.50","$18,795.00","$10,797.00","$7,844.50","$18,795.00","$18,795.00","$18,339.50","$15,775.00","$17,715.00","$7,511.50","$7,511.50","$12,197.00","$17,975.00","$12,745.00","$11,211.50","$12,163.50","$14,556.50","$16,335.00","$10,817.00","$20,540.50","$20,540.50","$18,417.00","$12,491.00","$14,145.50","$6,286.00","$14,367.00","$14,916.00","$14,738.50","$13,373.50","$13,373.50","$18,078.00","$10,300.50","$18,145.50","$8,365.00","$7,495.00","$12,060.50","$9,860.00","$16,983.00","$10,917.50","$12,881.00","$12,881.00","$11,705.50","$15,392.00","$10,420.00","$10,420.00","$10,089.50","$11,772.50","$11,772.50","$11,368.50","$11,368.50","$10,224.50","$12,202.50","$10,100.50","$9,549.50","$13,270.50","$8,632.50","$11,965.50","$11,880.50","$11,212.00","$12,808.50","$10,274.50","$10,274.50","$10,274.50","$10,274.50","$7,991.50","$7,991.50","$8,711.50","$9,329.00","$8,984.50","$12,380.50","$7,837.50","$7,837.50","$10,721.00","$9,116.00","$9,329.00","$10,795.50","$14,075.50","$10,721.00","$13,663.50","$12,257.00","$13,272.00","$10,557.00","$8,056.00","$13,521.50","$9,202.50","$11,679.00","$12,152.00","$17,041.50","$15,739.00","$10,592.00","$11,301.50","$11,611.50","$10,592.00","$9,071.00","$9,071.00","$9,778.50","$9,778.50","$11,819.50","$11,898.00","$11,675.50","$11,675.50","$10,496.50","$12,382.50","$12,382.50","$6,225.00","$15,978.50","$10,876.00","$10,876.00","$15,685.50","$10,706.50","$11,621.00","$13,545.00","$14,968.50","$11,695.50","$10,499.00","$9,763.50","$10,792.00","$9,005.00","$10,228.50","$11,665.50","$11,665.50","$10,514.50","$13,097.00","$9,458.00","$11,495.50","$16,956.00"
  Total PNL (P9),,,,split_detail,,"$-8,177.50","$-8,177.50","$-8,177.50","$-8,177.50","$-8,177.50","$-8,177.50","$-7,123.00","$-8,632.50","$-7,754.50","$-8,709.00","$-10,087.00","$-7,750.50","$-6,395.00","$-8,353.00","$-6,376.00","$-7,730.50","$-4,305.00","$-6,689.50","$-6,650.50","$-6,650.50","$-6,612.00","$-9,825.00","$-7,414.00","$-8,196.50","$-6,125.00","$-7,178.50","$-5,649.50","$-6,999.00","$-6,329.50","$-6,231.00","$-6,915.00","$-5,875.50","$-6,661.00","$-5,527.50","$-5,527.50","$-5,527.50","$-8,753.50","$-6,427.50","$-6,129.00","$-6,703.50","$-8,061.50","$-7,874.50","$-7,306.00","$-5,941.50","$-4,543.00","$-4,543.00","$-8,633.00","$-9,348.50","$-9,534.00","$-3,928.00","$-7,678.00","$-8,881.00","$-9,348.50","$-9,348.50","$-6,954.00","$-11,110.00","$-7,773.00","$-7,119.00","$-7,352.50","$-7,103.50","$-10,373.50","$-10,373.50","$-11,648.00","$-10,387.50","$-10,387.50","$-8,626.50","$-9,745.00","$-9,572.50","$-4,454.00","$-4,340.00","$-11,002.00","$-9,304.00","$-4,301.50","$-9,304.00","$-10,238.00","$-8,925.00","$-4,728.00","$-4,728.00","$-6,849.50","$-10,132.50","$-9,516.00","$-11,260.00","$-8,300.50","$-4,120.50","$-8,540.50","$-8,443.50","$-9,358.00","$-3,821.50","$-10,998.50","$-5,113.50","$-8,586.50","$-9,821.00","$-8,330.00","$-8,756.00","$-4,487.50","$-4,487.50","$-4,487.50","$-9,872.00","$-13,163.50","$-8,567.00","$-12,064.00","$-9,927.50","$-9,927.50","$-9,709.00","$-11,608.50","$-3,074.50","$-6,103.00","$-11,900.00","$-5,996.50","$-12,285.00","$-5,484.00","$-4,871.50","$-12,280.50","$-11,025.00","$-11,419.00","$-10,506.50","$-11,860.00","$-11,860.00","$-5,103.00","$-12,108.50","$-10,318.00","$-11,307.50","$-12,219.50","$-5,446.00","$-10,535.00","$-11,497.50","$-10,999.50","$-10,948.00","$-11,728.00","$-10,119.00","$-11,107.00","$-10,999.50","$-10,407.00","$-11,756.00","$-8,995.50","$-12,841.00","$-10,726.00","$-9,598.00","$-3,460.50","$-7,165.00","$-2,404.50","$-2,198.50","$-2,486.50","$-11,519.50","$-10,412.50","$-8,669.50","$-12,250.50","$-11,146.00","$-8,685.00","$-10,162.50","$-12,778.00","$-5,766.00","$-11,257.50","$-11,095.50","$-6,859.00",$-387.00,"$-8,773.00","$-9,284.00","$-11,312.00","$-4,841.00","$-11,212.00",$-48.00,"$-4,901.50","$-1,860.50","$-12,090.00","$-1,941.00","$-1,941.00","$-1,941.00","$-12,497.50","$-12,573.50","$-12,573.50","$-12,573.50","$-5,147.00","$-12,573.50","$-12,573.50","$-3,516.50",$988.00,$988.00,$988.00,"$-3,516.50","$-13,738.50","$-13,738.50","$-4,855.00","$-3,451.50","$-14,335.50","$-14,400.50","$-14,400.50","$-14,400.50","$-12,253.00",$-54.50,"$-13,656.50","$-4,713.50","$-3,569.00","$-13,656.50","$-13,656.50","$-13,671.50","$-10,240.00","$-12,510.50","$-2,333.00","$-2,333.00","$-5,628.50","$-12,361.50","$-6,545.50","$-5,325.00","$-5,595.00","$-5,057.50","$-16,726.50","$-5,514.00","$-19,777.00","$-19,777.00","$-17,930.50","$-6,054.00","$-13,277.50",$-398.00,"$-14,008.50","$-13,495.50","$-14,057.50","$-6,805.00","$-6,805.00","$-16,608.00","$-3,732.00","$-17,655.00","$-2,676.00","$-1,986.00","$-5,976.50","$-5,287.00","$-17,374.50","$-4,639.50","$-12,265.00","$-12,265.00","$-5,772.00","$-8,714.50","$-3,538.50","$-3,553.50","$-1,337.00","$-5,280.50","$-5,280.50",$-925.50,$-925.50,"$-2,939.00",$-379.00,$554.00,"$-1,236.00","$-5,308.00",$-122.50,"$-9,146.00","$-6,493.00","$-4,601.00","$-6,197.50","$-2,625.00","$-2,625.00","$-2,625.00","$-2,640.00",$535.50,$535.50,$570.50,"$-2,673.00","$-3,295.50","$-1,897.00","$3,337.00","$3,337.00","$-3,917.00","$-1,413.50","$-2,985.50","$-4,348.00","$-9,141.50","$-4,229.50","$-10,410.00","$-7,320.50","$-2,155.00",$33.00,"$-2,600.50","$-2,404.50","$-2,513.50","$-7,374.00","$-4,752.50","$-10,194.00","$-10,672.00","$1,104.50","$-6,505.50","$-10,350.50","$1,104.50",$143.00,$143.00,$-835.50,$-835.50,"$-3,969.00","$-10,949.50","$-2,577.00","$-2,199.50","$-6,994.00","$-8,046.00","$-8,046.00","$2,785.00","$-9,789.00","$-8,724.50","$-8,724.50","$-9,790.50","$-6,425.00","$-10,672.50","$-8,754.50","$-13,646.50","$-7,266.00","$-9,374.50","$-8,192.00","$-4,533.00","$-5,236.50","$-5,023.50","$-6,758.00","$-6,758.00","$-6,639.00","$-11,893.50","$1,661.50","$-10,173.50","$-8,796.00"
  Avg Profit/Tr (P9),,,,split_detail,,$-138.60,$-138.60,$-138.60,$-138.60,$-138.60,$-138.60,$-127.20,$-154.15,$-133.70,$-145.15,$-170.97,$-135.97,$-101.51,$-144.02,$-106.27,$-128.84,$-68.33,$-107.90,$-105.56,$-105.56,$-104.95,$-166.53,$-117.68,$-134.37,$-91.42,$-112.16,$-88.27,$-106.05,$-95.90,$-93.00,$-104.77,$-89.02,$-96.54,$-85.04,$-85.04,$-85.04,$-130.65,$-98.88,$-92.86,$-94.42,$-115.16,$-112.49,$-101.47,$-84.88,$-70.98,$-70.98,$-116.66,$-128.06,$-130.60,$-57.76,$-108.14,$-118.41,$-128.06,$-128.06,$-96.58,$-152.19,$-111.04,$-100.27,$-103.56,$-98.66,$-138.31,$-138.31,$-159.56,$-142.29,$-142.29,$-118.17,$-131.69,$-129.36,$-62.73,$-60.28,$-148.68,$-124.05,$-59.74,$-124.05,$-140.25,$-120.61,$-64.77,$-64.77,$-103.78,$-123.57,$-126.88,$-137.32,$-110.67,$-56.45,$-113.87,$-109.66,$-123.13,$-52.35,$-130.93,$-69.10,$-110.08,$-130.95,$-108.18,$-112.26,$-67.99,$-67.99,$-67.99,$-126.56,$-153.06,$-112.72,$-138.67,$-124.09,$-124.09,$-122.90,$-133.43,$-45.89,$-77.25,$-140.00,$-77.88,$-142.85,$-71.22,$-66.73,$-141.16,$-134.45,$-131.25,$-129.71,$-137.91,$-137.91,$-68.04,$-137.60,$-118.60,$-134.61,$-142.09,$-68.94,$-118.37,$-141.94,$-127.90,$-127.30,$-137.98,$-119.05,$-123.41,$-127.90,$-118.26,$-132.09,$-113.87,$-142.68,$-121.89,$-119.97,$-47.40,$-88.46,$-31.64,$-31.41,$-32.72,$-127.99,$-121.08,$-108.37,$-136.12,$-126.66,$-108.56,$-112.92,$-141.98,$-72.99,$-125.08,$-130.54,$-83.65,$-4.16,$-99.69,$-106.71,$-125.69,$-63.70,$-118.02,$-0.49,$-55.07,$-19.38,$-131.41,$-20.22,$-20.22,$-20.22,$-132.95,$-132.35,$-132.35,$-132.35,$-67.72,$-132.35,$-132.35,$-34.82,$12.83,$12.83,$12.83,$-34.82,$-144.62,$-144.62,$-60.69,$-44.25,$-147.79,$-148.46,$-148.46,$-148.46,$-130.35,$-0.53,$-140.79,$-45.76,$-45.18,$-140.79,$-140.79,$-139.51,$-103.43,$-130.32,$-29.16,$-29.16,$-54.12,$-124.86,$-62.94,$-51.20,$-47.42,$-50.57,$-110.04,$-55.70,$-130.11,$-130.11,$-110.00,$-51.74,$-81.46,$-4.52,$-87.55,$-84.88,$-102.61,$-60.22,$-60.22,$-96.00,$-32.74,$-112.45,$-28.77,$-21.35,$-56.38,$-51.33,$-123.22,$-42.96,$-73.44,$-73.44,$-29.75,$-79.95,$-28.54,$-28.43,$-6.79,$-48.00,$-48.00,$-6.52,$-6.52,$-22.96,$-2.92,$4.99,$-6.40,$-25.89,$-0.62,$-79.53,$-31.83,$-40.72,$-55.83,$-24.08,$-24.08,$-24.08,$-24.00,$3.31,$3.31,$3.50,$-13.17,$-34.69,$-16.64,$25.47,$25.47,$-18.74,$-6.80,$-14.63,$-21.21,$-43.74,$-20.14,$-46.89,$-33.89,$-18.11,$0.28,$-27.09,$-19.87,$-11.69,$-47.88,$-21.80,$-45.11,$-47.64,$4.89,$-28.91,$-49.52,$4.89,$0.66,$0.66,$-3.83,$-3.83,$-17.18,$-51.89,$-11.30,$-9.60,$-33.79,$-36.24,$-36.24,$26.78,$-39.63,$-38.27,$-38.27,$-41.49,$-26.33,$-49.41,$-35.02,$-57.82,$-29.18,$-40.41,$-32.90,$-17.30,$-22.57,$-19.62,$-25.89,$-25.89,$-28.25,$-48.94,$11.15,$-40.86,$-32.82
  Span (min) (P9),,,,split_detail,,128.97,128.97,128.97,128.97,128.97,128.97,140.75,141.12,136.38,127.17,133.12,141.72,135.56,139.88,147.23,126.93,141.22,134.47,125.33,125.33,125.67,133.71,128.22,125.77,128.93,132.12,130.70,132.47,133.21,128.30,129.18,127.70,140.71,139.14,139.14,139.14,129.24,131.49,131.94,134.18,129.60,131.40,132.81,130.70,151.48,151.48,129.69,127.25,135.11,142.16,136.94,131.88,127.25,127.25,140.29,127.82,141.90,133.69,137.44,130.47,128.80,128.80,128.01,126.29,126.29,139.23,129.12,128.18,138.23,140.88,125.53,124.88,141.17,124.88,126.29,123.45,139.23,139.23,109.56,126.85,124.13,127.54,127.31,137.41,128.61,132.09,129.04,138.47,126.67,134.89,135.24,121.99,126.82,134.44,126.95,126.95,126.95,123.31,127.14,128.67,122.62,138.43,138.43,131.23,122.86,132.79,127.06,125.01,127.45,126.16,133.64,136.64,123.18,128.82,123.34,127.56,124.05,124.05,134.49,119.48,119.16,126.75,121.69,131.58,124.35,124.19,115.99,117.37,117.27,119.16,121.33,115.99,123.38,123.72,122.99,124.37,121.70,121.89,128.11,122.80,137.51,126.20,130.05,122.03,117.21,115.06,122.81,127.19,118.56,119.39,121.80,132.03,120.79,129.46,130.44,129.61,127.03,131.47,129.89,122.41,125.12,135.86,131.35,134.97,125.62,135.41,135.41,135.41,124.21,124.45,124.45,124.45,129.04,124.45,124.45,139.79,131.09,131.09,131.09,139.79,124.82,124.82,126.70,127.53,125.78,124.70,124.70,124.70,127.64,129.64,126.07,138.37,124.41,126.07,126.07,126.29,128.26,125.34,119.17,119.17,128.02,125.01,127.28,136.57,125.35,128.10,85.15,132.86,81.70,81.70,75.07,121.57,79.23,118.44,82.25,83.96,81.14,122.47,122.47,76.84,125.20,83.29,122.46,120.35,125.27,129.74,89.71,132.16,81.74,81.74,68.88,118.61,118.27,118.50,71.46,123.39,123.39,109.09,109.09,122.55,115.23,125.24,67.10,72.32,73.91,123.93,73.50,120.12,120.89,126.06,126.06,126.06,126.25,111.91,111.91,111.57,74.86,117.08,122.07,67.44,67.44,71.54,70.71,74.60,71.20,72.21,71.30,70.50,71.20,118.12,119.36,117.69,117.21,71.11,67.86,70.93,71.18,72.09,65.60,70.68,69.77,65.60,67.93,67.93,67.78,67.78,62.94,69.34,63.80,63.67,68.21,70.98,70.98,116.44,68.98,74.21,74.21,70.18,66.07,68.70,64.74,65.88,65.45,68.46,67.81,64.92,70.84,65.52,64.29,64.29,70.36,65.65,96.83,65.76,63.50
  Sortino (P11),,,,split_detail,,11.6518,11.6518,11.6518,11.6518,11.6518,11.6518,12.2638,11.0013,14.4656,11.0886,10.6921,10.6415,11.2321,10.6415,19.8888,9.2194,12.0054,9.8331,8.6532,8.6532,8.6532,10.6415,8.2437,9.7206,9.1179,8.6021,9.2089,8.6021,8.6924,9.2849,8.8193,9.7039,12.1810,9.0247,9.0247,9.0247,9.6723,9.0915,9.2013,9.0991,8.8272,10.1974,9.9498,9.9424,13.9049,13.9049,9.5407,9.7923,10.1338,10.2583,10.0248,10.1974,9.7923,9.7923,10.9547,7.9554,10.8036,9.2655,8.7645,8.3661,7.1366,7.1366,6.6458,6.4223,6.4223,11.8738,6.1184,5.8777,13.6037,12.2883,4.6160,6.8032,11.7669,6.4231,6.3264,7.6750,11.7819,11.7819,10.5766,5.9790,6.6260,8.7347,7.3031,10.3700,6.1098,9.7937,6.0827,9.7619,4.8487,9.2081,9.9422,5.5821,6.1296,9.6396,25.7476,25.7476,25.7476,5.7849,7.1138,6.4342,7.1385,10.5624,10.5624,6.8742,7.1597,11.0022,7.5471,5.7000,3.5420,6.0898,7.1953,7.0013,5.7000,9.3327,5.3767,6.5590,5.3767,5.3767,6.7197,5.1683,5.1775,6.2283,4.8504,3.9319,4.8913,7.4984,3.4519,3.8443,4.8251,4.4277,5.4570,4.0194,2.9828,2.7458,7.8927,5.3503,3.8022,7.8927,9.8577,5.7175,13.7768,10.5813,6.7078,4.0616,4.6233,5.6725,4.3708,4.7392,6.0368,4.9246,3.6970,8.4130,3.7065,3.5235,7.8929,2.4405,7.6001,2.5339,4.1712,8.0291,4.1905,-2.2721,4.8411,4.3334,4.2776,4.3232,4.3232,4.3232,3.8492,4.0523,4.0523,4.0523,12.0339,4.0523,4.0523,4.4850,9.0781,9.0781,9.0781,4.2221,3.6181,3.6181,7.9007,8.7616,4.0165,3.7821,3.7821,3.7821,3.3942,1.7882,3.5827,3.9183,7.3032,3.5827,3.5827,3.3364,4.1479,3.4202,6.9128,6.9128,2.2030,3.1806,2.2088,3.7527,1.8341,4.6702,8.6688,4.0861,5.0032,5.0032,6.4291,2.4891,7.3785,5.9366,7.1390,8.2570,7.6454,2.0181,2.0181,4.7472,2.5623,4.1435,6.5172,7.0777,2.3757,3.1012,5.2679,2.6340,6.4134,6.4134,6.5014,2.5583,0.6856,0.6856,5.1386,1.7210,1.7210,0.4710,0.4710,0.7697,1.2568,0.8587,7.5268,5.4888,4.7568,2.5071,5.1846,1.6078,1.9647,0.3760,0.3760,0.3760,0.3760,0.0605,-0.0799,-0.1136,5.4963,4.9598,-0.3396,0.7061,0.7061,5.6231,4.8809,4.8712,3.5730,4.8787,5.5277,4.1996,6.0077,-0.2073,-0.6047,4.9597,-0.2665,5.5138,2.4640,6.0056,4.4300,5.6268,3.3827,4.9559,2.6382,3.3827,2.7858,2.7858,2.7858,2.7858,3.6390,2.2126,3.1563,3.1563,2.6579,4.1612,4.1612,2.4999,4.3473,4.2595,4.2595,3.9491,2.6377,1.7485,2.4727,2.6874,2.3184,2.6425,2.1722,1.9252,2.2818,1.6872,2.1272,2.1272,1.9820,1.8847,1.2097,1.3981,1.8019
  Trades/D (P11),,,,split_detail,,0.331,0.331,0.331,0.331,0.331,0.331,0.337,0.350,0.331,0.350,0.362,0.362,0.350,0.362,0.331,0.362,0.344,0.362,0.374,0.374,0.374,0.362,0.374,0.368,0.368,0.368,0.374,0.368,0.368,0.368,0.374,0.368,0.387,0.368,0.368,0.368,0.368,0.368,0.362,0.368,0.374,0.380,0.374,0.374,0.374,0.374,0.380,0.387,0.380,0.399,0.387,0.380,0.387,0.387,0.399,0.399,0.393,0.387,0.387,0.393,0.429,0.429,0.411,0.423,0.423,0.399,0.442,0.454,0.393,0.405,0.454,0.448,0.411,0.454,0.454,0.460,0.405,0.405,0.344,0.472,0.423,0.460,0.454,0.411,0.448,0.411,0.460,0.411,0.491,0.417,0.429,0.460,0.454,0.429,0.319,0.319,0.319,0.442,0.497,0.460,0.485,0.448,0.448,0.454,0.491,0.368,0.472,0.497,0.497,0.491,0.429,0.497,0.497,0.540,0.528,0.491,0.528,0.528,0.491,0.528,0.521,0.534,0.521,0.472,0.509,0.503,0.534,0.534,0.534,0.509,0.521,0.540,0.571,0.558,0.503,0.558,0.577,0.503,0.380,0.479,0.399,0.374,0.509,0.571,0.564,0.503,0.558,0.583,0.491,0.564,0.558,0.485,0.571,0.528,0.497,0.571,0.552,0.491,0.577,0.448,0.583,0.577,0.552,0.620,0.577,0.620,0.620,0.620,0.595,0.595,0.595,0.595,0.454,0.595,0.595,0.620,0.485,0.485,0.485,0.626,0.601,0.601,0.429,0.417,0.601,0.601,0.601,0.601,0.601,0.620,0.601,0.632,0.479,0.601,0.601,0.607,0.638,0.607,0.497,0.497,0.632,0.613,0.632,0.638,0.669,0.669,0.828,0.675,0.877,0.877,0.939,0.693,0.865,0.515,0.896,0.816,0.785,0.675,0.675,0.982,0.644,0.896,0.528,0.521,0.736,0.687,0.730,0.718,0.902,0.902,1.049,0.718,0.791,0.791,1.061,0.748,0.748,0.890,0.890,0.828,0.791,0.748,0.994,1.104,1.049,0.724,1.147,0.755,0.742,0.724,0.724,0.724,0.724,0.926,0.933,0.963,1.110,0.540,0.761,0.853,0.853,1.123,1.184,1.160,1.117,1.141,1.141,1.209,1.135,0.755,0.791,0.534,0.773,1.172,0.877,1.202,1.209,1.153,1.178,1.233,1.129,1.178,1.196,1.196,1.196,1.196,1.160,1.160,1.178,1.178,1.172,1.129,1.129,0.620,1.313,1.264,1.264,1.202,1.258,1.196,1.270,1.245,1.276,1.227,1.325,1.393,1.209,1.344,1.344,1.344,1.178,1.227,0.933,1.258,1.405
  Profit Fac (P11),,,,split_detail,,1.6220,1.6220,1.6220,1.6220,1.6220,1.6220,1.6255,1.5863,1.8328,1.5754,1.5397,1.5492,1.5592,1.5492,1.9204,1.4505,1.6235,1.4880,1.4212,1.4212,1.4212,1.5492,1.3956,1.4812,1.4503,1.4275,1.4580,1.4275,1.4320,1.4603,1.4308,1.4792,1.5041,1.4457,1.4457,1.4457,1.4710,1.4589,1.4485,1.4595,1.4315,1.5322,1.5109,1.5102,1.6184,1.6184,1.4890,1.5099,1.5362,1.4416,1.5153,1.5322,1.5099,1.5099,1.4695,1.3888,1.4542,1.4783,1.4358,1.4226,1.3482,1.3482,1.3245,1.3185,1.3185,1.5129,1.2932,1.2850,1.6098,1.5329,1.2053,1.3333,1.5025,1.3107,1.3096,1.3892,1.5109,1.5109,1.7087,1.2943,1.3236,1.4244,1.3718,1.4463,1.2968,1.4302,1.3020,1.4452,1.2291,1.3957,1.4398,1.2712,1.2831,1.4201,1.9941,1.9941,1.9941,1.2799,1.3344,1.3148,1.3374,1.4742,1.4742,1.3049,1.3427,1.5654,1.3489,1.2819,1.1771,1.2994,1.3207,1.3321,1.2819,1.4071,1.2669,1.2822,1.2669,1.2669,1.3112,1.2490,1.2461,1.2910,1.2351,1.1979,1.2235,1.3263,1.1595,1.1786,1.2272,1.1999,1.2607,1.1875,1.1417,1.1318,1.3621,1.2422,1.1860,1.3621,1.5112,1.2887,1.6078,1.5435,1.3136,1.2013,1.2232,1.2875,1.2094,1.2192,1.3126,1.2448,1.1815,1.4021,1.1824,1.2065,1.3729,1.1139,1.3645,1.1066,1.2740,1.4136,1.2782,0.8983,1.2180,1.3249,1.2716,1.3371,1.3371,1.3371,1.2462,1.2608,1.2608,1.2608,1.5445,1.2608,1.2608,1.3383,1.3964,1.3964,1.3964,1.3127,1.2390,1.2390,1.3906,1.4477,1.2778,1.2594,1.2594,1.2594,1.2202,1.1104,1.2350,1.2889,1.3772,1.2350,1.2350,1.2159,1.2066,1.2145,1.3614,1.3614,1.1344,1.2031,1.1373,1.2548,1.1119,1.2340,1.5217,1.2814,1.3323,1.3323,1.4382,1.1403,1.4397,1.3019,1.4749,1.5506,1.5347,1.1107,1.1107,1.3086,1.1593,1.2634,1.3348,1.3750,1.1566,1.2206,1.3214,1.1753,1.4309,1.4309,1.4461,1.1765,1.0406,1.0406,1.3412,1.1066,1.1066,1.0305,1.0305,1.0456,1.0774,1.0596,1.5195,1.3784,1.3092,1.1551,1.3507,1.1027,1.1276,1.0259,1.0259,1.0259,1.0259,1.0037,0.9951,0.9931,1.3752,1.2512,0.9785,1.0473,1.0473,1.3910,1.3307,1.3262,1.2483,1.3359,1.3859,1.2711,1.4142,0.9865,0.9611,1.2540,0.9827,1.3907,1.1706,1.4269,1.2961,1.3879,1.2548,1.3396,1.1921,1.2548,1.2002,1.2002,1.2002,1.2002,1.2771,1.1592,1.2409,1.2409,1.1973,1.2749,1.2749,1.1452,1.3085,1.2915,1.2915,1.2625,1.2069,1.1284,1.1952,1.2112,1.1805,1.2003,1.1756,1.1413,1.1803,1.1229,1.1650,1.1650,1.1532,1.1469,1.0814,1.1051,1.1366
  Max DD (P11),,,,split_detail,,"$11,155.00","$11,155.00","$11,155.00","$11,155.00","$11,155.00","$11,155.00","$10,355.00","$10,996.50","$8,819.00","$11,634.00","$10,499.00","$10,336.50","$11,896.50","$10,336.50","$7,674.00","$12,213.50","$10,906.50","$12,466.00","$12,493.50","$12,493.50","$12,493.50","$10,336.50","$13,068.50","$11,091.00","$11,928.50","$12,466.00","$11,531.00","$12,466.00","$12,341.00","$11,928.50","$12,493.50","$11,128.50","$10,225.50","$12,291.00","$12,291.00","$12,291.00","$11,038.50","$11,766.00","$12,251.00","$11,753.00","$12,480.50","$9,758.00","$10,343.00","$10,356.00","$8,506.50","$8,506.50","$10,343.00","$9,758.00","$9,520.50","$10,340.50","$10,166.50","$9,758.00","$9,758.00","$9,758.00","$10,200.00","$11,524.00","$10,340.50","$9,858.50","$10,771.00","$10,573.50","$11,647.50","$11,647.50","$13,001.50","$13,069.00","$13,069.00","$10,518.00","$13,005.00","$13,410.00","$8,540.50","$9,683.00","$15,522.50","$12,370.00","$10,248.00","$12,935.00","$12,972.50","$11,960.50","$10,295.50","$10,295.50","$9,294.00","$14,666.00","$13,106.50","$10,661.00","$11,347.50","$10,860.50","$13,130.00","$10,010.50","$13,655.50","$10,615.50","$16,586.00","$10,725.50","$10,290.50","$13,888.50","$13,547.50","$10,295.50","$8,177.50","$8,177.50","$8,177.50","$14,147.00","$13,546.50","$12,735.50","$14,893.00","$9,956.50","$9,956.50","$12,160.50","$14,695.50","$9,750.00","$13,243.50","$14,647.00","$15,288.00","$14,169.50","$12,105.50","$12,184.50","$14,647.00","$14,166.50","$15,981.50","$11,860.50","$15,981.50","$15,981.50","$13,153.00","$17,686.00","$16,555.00","$15,628.50","$16,676.50","$14,493.00","$16,082.00","$12,858.00","$19,549.50","$18,787.00","$16,978.50","$16,500.00","$14,347.00","$18,328.00","$20,279.50","$18,709.00","$11,200.50","$14,652.00","$16,296.00","$11,200.50","$9,552.00","$12,996.00","$8,416.00","$9,287.50","$13,045.50","$17,862.50","$15,184.00","$12,591.50","$16,501.50","$17,619.50","$12,176.00","$16,764.00","$18,894.50","$11,797.00","$18,625.00","$14,445.00","$11,343.00","$17,207.00","$12,559.50","$16,212.50","$14,207.50","$10,553.50","$14,010.00","$15,723.00","$16,081.50","$13,811.00","$14,820.00","$13,048.50","$13,048.50","$13,048.50","$15,569.00","$15,144.00","$15,144.00","$15,144.00","$9,854.50","$15,144.00","$15,144.00","$12,257.00","$11,574.00","$11,574.00","$11,574.00","$13,141.50","$14,369.00","$14,369.00","$10,710.00","$9,505.00","$15,645.00","$16,407.50","$16,407.50","$16,407.50","$15,516.00","$14,364.00","$14,869.00","$15,256.50","$11,092.00","$14,869.00","$14,869.00","$15,634.00","$14,771.00","$16,196.50","$10,883.00","$10,883.00","$14,916.00","$16,111.50","$14,904.50","$16,127.00","$16,951.00","$15,276.00","$5,400.00","$13,823.00","$8,655.00","$8,655.00","$7,008.00","$17,604.50","$7,745.00","$11,193.50","$8,357.50","$8,686.50","$6,609.00","$16,958.50","$16,958.50","$10,100.50","$15,023.50","$11,612.50","$10,477.00","$10,929.00","$17,081.00","$13,468.50","$6,001.50","$16,120.00","$11,188.50","$11,188.50","$7,912.00","$15,716.00","$23,893.00","$23,893.00","$9,899.00","$19,275.00","$19,275.00","$17,440.00","$17,440.00","$23,465.00","$18,153.50","$13,290.50","$7,632.50","$10,718.50","$10,339.00","$17,942.50","$9,649.00","$18,460.00","$17,457.50","$14,742.00","$14,742.00","$14,742.00","$14,742.00","$18,849.00","$19,380.00","$19,682.00","$9,763.50","$12,792.50","$15,433.50","$8,698.00","$8,698.00","$9,035.50","$11,274.00","$10,727.00","$12,017.00","$9,486.50","$8,926.50","$13,729.00","$8,930.50","$16,399.00","$17,405.00","$12,463.00","$16,234.00","$9,739.50","$9,335.00","$10,099.00","$14,726.50","$9,223.00","$11,528.50","$11,215.00","$12,190.50","$11,528.50","$12,084.50","$12,084.50","$12,084.50","$12,084.50","$11,513.00","$13,803.00","$11,206.00","$11,206.00","$11,750.50","$11,790.50","$11,790.50","$13,763.00","$8,328.50","$11,087.50","$11,087.50","$11,827.50","$13,038.50","$15,653.00","$12,881.00","$11,308.50","$13,058.50","$14,268.00","$11,673.00","$15,858.00","$8,217.00","$15,643.00","$14,656.00","$14,656.00","$9,609.00","$10,556.00","$15,875.50","$16,362.00","$17,028.50"
  Total PNL (P11),,,,split_detail,,"$14,509.00","$14,509.00","$14,509.00","$14,509.00","$14,509.00","$14,509.00","$15,194.00","$14,743.00","$18,499.00","$14,309.50","$14,270.50","$14,433.00","$14,236.50","$14,433.00","$19,317.00","$12,351.00","$15,277.00","$13,083.00","$11,881.50","$11,881.50","$11,881.50","$14,433.00","$11,306.50","$13,284.00","$12,446.50","$11,909.00","$12,844.00","$11,909.00","$12,034.00","$12,636.00","$12,071.00","$13,246.50","$13,913.50","$12,324.00","$12,324.00","$12,324.00","$13,121.50","$12,609.00","$12,313.50","$12,622.00","$12,084.00","$14,617.00","$14,032.00","$14,019.00","$15,641.00","$15,641.00","$13,627.50","$14,212.50","$14,627.50","$12,294.50","$14,443.00","$14,617.00","$14,212.50","$14,212.50","$13,638.50","$11,561.50","$12,536.00","$13,778.50","$12,866.00","$12,476.00","$11,181.00","$11,181.00","$10,192.00","$10,124.50","$10,124.50","$14,281.50","$9,823.50","$9,666.00","$16,195.50","$14,863.50","$7,306.00","$10,895.50","$14,298.50","$10,330.50","$10,293.00","$12,640.00","$14,251.00","$14,251.00","$15,088.00","$10,657.50","$10,276.50","$14,008.00","$11,918.00","$12,677.00","$9,946.00","$12,443.00","$10,405.50","$12,369.50","$8,737.50","$11,728.00","$13,035.50","$9,187.50","$9,841.50","$12,467.50","$18,582.50","$18,582.50","$18,582.50","$9,458.50","$12,324.00","$10,530.00","$12,597.00","$13,949.00","$13,949.00","$9,837.50","$12,794.50","$14,890.00","$11,062.00","$10,676.50","$6,574.00","$11,241.50","$9,751.50","$10,815.50","$10,676.50","$14,825.00","$10,775.00","$9,572.50","$10,775.00","$10,775.00","$10,262.00","$9,993.50","$9,899.00","$10,482.00","$9,588.00","$7,059.00","$8,765.00","$11,203.00","$6,852.50","$7,615.00","$9,557.00","$7,923.00","$9,959.50","$8,074.00","$6,370.00","$5,774.00","$12,332.00","$9,373.00","$8,187.00","$12,332.00","$13,901.00","$9,889.50","$15,753.00","$14,753.00","$10,621.00","$8,787.00","$9,536.50","$9,977.50","$8,680.00","$9,044.00","$10,709.50","$10,312.50","$7,755.00","$12,802.50","$8,024.50","$7,983.50","$12,336.50","$4,602.50","$13,076.50","$4,129.00","$12,907.00","$12,787.50","$13,104.50","$-3,960.50","$8,650.00","$14,729.50","$12,723.50","$15,252.50","$15,252.50","$15,252.50","$11,785.00","$12,399.50","$12,399.50","$12,399.50","$15,614.00","$12,399.50","$12,399.50","$15,338.00","$12,507.50","$12,507.50","$12,507.50","$14,453.50","$11,572.50","$11,572.50","$11,930.50","$13,135.50","$12,801.50","$12,039.00","$12,039.00","$12,039.00","$10,777.50","$5,102.50","$11,424.50","$13,284.00","$12,249.00","$11,424.50","$11,424.50","$10,659.50","$8,598.50","$10,526.00","$11,761.50","$11,761.50","$6,360.00","$10,182.00","$6,460.50","$12,048.50","$5,520.00","$10,010.00","$23,147.50","$14,151.50","$17,133.50","$17,133.50","$22,119.50","$7,004.50","$20,840.50","$10,561.00","$23,738.00","$25,874.00","$24,311.00","$5,448.00","$5,448.00","$16,887.50","$7,517.50","$14,176.00","$11,602.50","$12,707.50","$8,848.50","$11,225.50","$13,495.50","$9,683.50","$22,924.50","$22,924.50","$25,213.50","$9,833.50","$2,407.50","$2,407.50","$19,650.00","$6,163.50","$6,163.50","$1,823.50","$1,823.50","$2,835.50","$4,330.00","$3,358.00","$27,437.00","$23,062.00","$18,275.00","$8,315.00","$21,944.50","$6,044.50","$7,325.50","$1,429.00","$1,429.00","$1,429.00","$1,429.00",$228.50,$-302.50,$-439.00,"$23,497.00","$9,287.00","$-1,280.50","$2,265.50","$2,265.50","$24,238.00","$21,549.00","$21,599.00","$16,591.00","$21,416.50","$24,347.00","$18,162.00","$26,005.50",$-785.50,"$-2,367.00","$9,291.50","$-1,025.00","$24,889.00","$8,923.00","$27,347.50","$19,788.50","$24,589.50","$16,937.50","$23,087.50","$13,515.00","$16,937.50","$13,673.50","$13,673.50","$13,673.50","$13,673.50","$17,821.50","$11,556.50","$15,641.50","$15,641.50","$14,055.00","$17,655.00","$17,655.00","$6,503.50","$21,460.00","$20,425.00","$20,425.00","$17,818.50","$14,750.50","$9,706.50","$14,058.00","$15,166.50","$13,142.00","$14,527.50","$13,428.50","$11,026.50","$12,801.50","$9,421.50","$12,449.00","$12,449.00","$10,772.50","$10,473.00","$4,616.00","$7,878.50","$10,921.00"
  Avg Profit/Tr (P11),,,,split_detail,,$268.69,$268.69,$268.69,$268.69,$268.69,$268.69,$276.25,$258.65,$342.57,$251.04,$241.87,$244.63,$249.76,$244.63,$357.72,$209.34,$272.80,$221.75,$194.78,$194.78,$194.78,$244.63,$185.35,$221.40,$207.44,$198.48,$210.56,$198.48,$200.57,$210.60,$197.89,$220.77,$220.85,$205.40,$205.40,$205.40,$218.69,$210.15,$208.70,$210.37,$198.10,$235.76,$230.03,$229.82,$256.41,$256.41,$219.80,$225.60,$235.93,$189.15,$229.25,$235.76,$225.60,$225.60,$209.82,$177.87,$195.87,$218.71,$204.22,$194.94,$159.73,$159.73,$152.12,$146.73,$146.73,$219.72,$136.44,$130.62,$253.05,$225.20,$98.73,$149.25,$213.41,$139.60,$139.09,$168.53,$215.92,$215.92,$269.43,$138.41,$148.93,$186.77,$161.05,$189.21,$136.25,$185.72,$138.74,$184.62,$109.22,$172.47,$186.22,$122.50,$132.99,$178.11,$357.36,$357.36,$357.36,$131.37,$152.15,$140.40,$159.46,$191.08,$191.08,$132.94,$159.93,$248.17,$143.66,$131.81,$81.16,$140.52,$139.31,$133.52,$131.81,$168.47,$125.29,$119.66,$125.29,$125.29,$128.27,$116.20,$116.46,$120.48,$112.80,$91.68,$105.60,$136.62,$78.76,$87.53,$109.85,$95.46,$117.17,$91.75,$68.49,$63.45,$150.39,$103.00,$87.10,$150.39,$224.21,$126.79,$242.35,$241.85,$127.96,$94.48,$103.66,$121.68,$95.38,$95.20,$133.87,$112.09,$85.22,$162.06,$86.28,$92.83,$152.30,$49.49,$145.29,$51.61,$137.31,$175.17,$137.94,$-42.13,$96.11,$145.84,$135.36,$151.01,$151.01,$151.01,$121.49,$127.83,$127.83,$127.83,$211.00,$127.83,$127.83,$151.86,$158.32,$158.32,$158.32,$141.70,$118.09,$118.09,$170.44,$193.17,$130.63,$122.85,$122.85,$122.85,$109.97,$50.52,$116.58,$128.97,$157.04,$116.58,$116.58,$107.67,$82.68,$106.32,$145.20,$145.20,$61.75,$101.82,$62.72,$115.85,$50.64,$91.83,$171.46,$128.65,$119.81,$119.81,$144.57,$61.99,$147.80,$125.73,$162.59,$194.54,$189.93,$49.53,$49.53,$105.55,$71.60,$97.10,$134.91,$149.50,$73.74,$100.23,$113.41,$82.76,$155.95,$155.95,$147.45,$84.05,$18.66,$18.66,$113.58,$50.52,$50.52,$12.58,$12.58,$21.00,$33.57,$27.52,$169.36,$128.12,$106.87,$70.47,$117.35,$49.14,$60.54,$12.11,$12.11,$12.11,$12.11,$1.51,$-1.99,$-2.80,$129.82,$105.53,$-10.33,$16.30,$16.30,$132.45,$111.65,$114.28,$91.16,$115.14,$130.90,$92.19,$140.57,$-6.39,$-18.35,$106.80,$-8.13,$130.31,$62.40,$139.53,$100.45,$130.80,$88.22,$114.86,$73.45,$88.22,$70.12,$70.12,$70.12,$70.12,$94.29,$61.15,$81.47,$81.47,$73.59,$95.95,$95.95,$64.39,$100.28,$99.15,$99.15,$90.91,$71.95,$49.78,$67.91,$74.71,$63.18,$72.64,$62.17,$48.57,$64.98,$43.02,$56.84,$56.84,$56.11,$52.37,$30.37,$38.43,$47.69
  Span (min) (P11),,,,split_detail,,161.13,161.13,161.13,161.13,161.13,161.13,158.33,154.25,164.89,153.75,151.15,155.54,152.89,155.54,169.04,148.19,162.50,149.73,144.48,144.48,144.48,155.54,145.51,151.55,145.60,149.57,153.66,149.57,150.97,145.48,144.36,150.62,155.78,154.12,154.12,154.12,147.47,149.92,147.24,150.03,144.48,153.32,150.21,150.10,156.64,156.64,148.02,151.11,154.23,153.68,152.33,153.32,151.11,151.11,159.92,139.68,152.91,149.89,150.33,148.64,179.70,179.70,188.90,187.99,187.99,153.03,184.92,181.05,151.16,147.74,174.24,181.14,146.69,179.73,172.35,177.52,145.83,145.83,146.12,143.27,185.35,146.53,177.84,148.99,182.10,148.46,181.35,150.55,139.91,146.90,148.00,174.63,141.42,142.10,163.42,163.42,163.42,181.12,145.10,174.91,139.03,148.82,148.82,189.28,137.46,145.83,185.36,141.81,166.79,145.95,146.40,172.84,141.81,141.99,140.49,141.14,140.49,140.49,176.66,133.08,131.35,140.56,138.11,176.27,171.20,136.07,168.32,170.49,165.18,170.87,137.45,164.74,166.34,169.54,174.83,144.46,163.23,174.83,148.58,173.21,150.34,149.30,176.52,165.52,163.43,165.18,175.69,172.72,171.50,160.62,136.38,184.13,163.33,169.47,183.73,166.42,143.58,172.64,135.76,178.07,134.47,163.23,166.60,143.81,133.52,144.99,144.99,144.99,130.84,131.12,131.12,131.12,178.03,131.12,131.12,145.96,173.41,173.41,173.41,145.15,131.36,131.36,142.40,145.15,132.71,131.57,131.57,131.57,130.57,164.60,130.57,142.99,171.41,130.57,130.57,129.96,167.87,128.62,161.00,161.00,163.24,130.27,162.77,142.22,157.79,162.35,122.63,137.90,130.26,130.26,98.64,154.31,117.46,163.83,124.80,127.00,113.37,157.25,157.25,119.17,160.27,127.68,165.72,160.09,128.86,133.94,128.88,130.37,126.67,126.67,92.19,129.11,122.09,122.09,112.49,127.84,127.84,133.53,133.53,143.21,135.82,125.94,95.10,110.76,119.29,124.22,109.64,125.37,127.16,127.36,127.36,127.36,127.36,131.19,131.11,132.64,115.64,164.10,124.76,93.92,93.92,109.90,104.64,112.11,105.65,110.68,108.65,109.09,109.92,125.03,120.25,164.78,123.44,107.60,98.05,106.79,102.09,109.06,100.92,108.80,100.89,100.92,98.18,98.18,98.18,98.18,99.41,99.00,98.73,98.73,96.68,108.50,108.50,146.72,98.85,108.13,108.13,103.21,95.88,97.21,94.82,98.00,95.21,99.26,94.66,89.77,101.62,91.54,91.26,91.26,83.60,79.42,123.79,94.96,87.06
--- PER-SPLIT DETAIL (Out-of-Sample) ---,,,,,,,,,,,,,,,,,,,,,,,,,,,,,,,,,,,,,,,,,,,,,,,,,,,,,,,,,,,,,,,,,,,,,,,,,,,,,,,,,,,,,,,,,,,,,,,,,,,,,,,,,,,,,,,,,,,,,,,,,,,,,,,,,,,,,,,,,,,,,,,,,,,,,,,,,,,,,,,,,,,,,,,,,,,,,,,,,,,,,,,,,,,,,,,,,,,,,,,,,,,,,,,,,,,,,,,,,,,,,,,,,,,,,,,,,,,,,,,,,,,,,,,,,,,,,,,,,,,,,,,,,,,,,,,,,,,,,,,,,,,,,,,,,,,,,,,,,,,,,,,,,,,,,,,,,,,,,,,,
  Sortino (P2),,,,split_detail,,-3.2157,-3.2157,-3.2157,-3.2157,-3.2157,-3.2157,-3.1679,0.0135,0.9698,-4.2129,0.1494,-0.3501,-1.5445,-0.3501,2.3898,-4.6023,-5.6217,-3.1313,-5.6201,-5.6201,-5.6201,-0.1032,-4.9894,-4.0252,-6.2435,-4.1989,-4.9932,-3.9460,-4.3745,-4.9210,-1.0448,-5.3421,-1.6406,-3.4374,-3.4374,-3.4374,-2.5135,-1.3536,-5.7143,-1.2370,-1.0157,-1.3235,-1.8490,-6.1265,-1.8181,-1.8181,-2.5506,-3.6114,-2.4025,-3.8979,-1.0345,-4.3555,-3.5761,-3.5761,-0.3569,-2.0828,-0.0992,-5.6128,-4.8813,-6.4269,-3.1931,-3.1931,-5.6987,-5.6987,-5.6987,-4.0916,-5.6987,-2.3924,-0.4287,-0.9108,-1.2947,-2.5920,-0.9108,-2.5920,-2.5398,-1.6005,-5.5852,-5.5852,-13.0887,-6.4993,-5.2671,-5.5620,-2.0157,-3.3229,-5.6987,-3.1171,-6.2518,-2.9943,-6.4993,-3.7167,-2.2348,-3.2238,-5.5541,-5.8918,0.4040,0.4040,0.4040,-5.5828,-6.0308,-5.7139,-7.7388,-2.4307,-2.4307,-3.3585,-7.7388,0.2086,-3.6054,-5.7589,-3.2771,-4.7423,-4.4808,1.3901,-6.4511,-4.7544,-5.5881,-2.4859,-5.8760,-5.8760,-1.1964,-2.9771,-8.1646,-5.8237,-7.4767,-2.0141,-7.2676,-3.4247,-4.9642,-5.1021,-5.5984,-6.3887,-5.0102,-4.9642,-5.6862,-4.9057,-3.0031,-3.4318,-7.1582,-3.0031,-2.3226,-2.5007,1.6259,-3.7326,0.4100,-7.6658,-6.2226,-4.9009,-6.2230,-2.7653,-5.1085,-7.2786,-5.8064,-3.5474,-8.0952,-6.1216,-4.2792,4.5550,-2.6136,-0.0756,-5.7201,-2.3127,-6.1012,3.5297,1.8647,-5.0030,-4.7850,-4.8757,-4.8757,-4.8757,-6.5510,-5.7791,-5.7791,-5.7791,-2.3280,-5.7791,-5.7791,-4.0518,-1.3165,-1.3165,-1.3165,-4.0518,-7.2090,-7.2090,-3.5656,-3.5489,-6.2739,-6.6049,-6.6049,-6.6049,-6.9771,4.1434,-6.9066,-5.2825,-3.9049,-6.9066,-6.9066,-7.2503,-1.7404,-5.7402,-4.4110,-4.4110,5.0628,-4.4689,6.2973,-6.6777,3.3968,-4.4317,-4.5976,-3.1574,-5.4487,-5.4487,-8.2251,2.9422,-5.8166,-4.1918,-6.3156,-3.8965,-3.4873,3.3223,3.3223,-7.9117,2.3240,-5.2549,-1.8407,-2.9477,-4.3462,-4.1413,-2.6056,-3.7131,-8.2430,-8.2430,-7.8189,-5.3425,-4.6674,-4.6674,-7.7277,-2.9244,-3.2302,-2.3010,-2.3010,-4.8248,-2.7588,-4.6492,-7.8076,-7.4847,-7.6531,-4.0713,-6.8115,-6.2350,-4.8876,-4.4366,-4.4366,-4.4366,-4.4366,-3.0620,-3.0346,-2.5525,-7.9190,-3.1301,-6.3492,-3.2591,-3.2591,-9.1582,-9.8957,-7.9380,-6.3781,-6.4035,-9.0976,-5.2180,-8.7750,-4.6704,-5.2328,-3.3032,-5.8011,-7.9967,-5.7064,-7.3906,-4.3272,-8.0245,-6.5470,-7.6689,-6.3178,-6.5470,-5.4686,-5.4686,-5.5295,-5.5295,-5.9475,-6.1104,-6.9527,-7.0965,-4.6309,-7.6202,-7.6202,-3.8444,-6.4497,-6.4405,-6.4405,-6.8688,-5.7970,-6.2462,-5.5598,-6.5611,-5.5368,-4.5752,-4.8867,-6.1600,-6.0351,-5.3184,-4.8457,-4.8457,-5.4500,-5.6179,-2.4713,-5.7245,-3.7074
  Trades/D (P2),,,,split_detail,,0.319,0.319,0.319,0.319,0.319,0.319,0.307,0.331,0.331,0.319,0.337,0.337,0.319,0.337,0.349,0.355,0.301,0.319,0.361,0.361,0.361,0.337,0.367,0.361,0.380,0.361,0.355,0.367,0.367,0.380,0.386,0.361,0.398,0.367,0.367,0.367,0.404,0.386,0.386,0.386,0.392,0.392,0.392,0.386,0.361,0.361,0.398,0.398,0.398,0.404,0.392,0.392,0.398,0.398,0.380,0.404,0.416,0.398,0.398,0.386,0.404,0.404,0.404,0.404,0.404,0.434,0.404,0.398,0.434,0.434,0.404,0.404,0.434,0.404,0.410,0.416,0.428,0.428,0.325,0.386,0.404,0.386,0.422,0.422,0.404,0.428,0.410,0.422,0.386,0.410,0.422,0.422,0.373,0.422,0.325,0.325,0.325,0.416,0.404,0.410,0.392,0.422,0.422,0.422,0.392,0.392,0.422,0.392,0.434,0.398,0.422,0.434,0.398,0.452,0.404,0.446,0.410,0.410,0.446,0.398,0.416,0.440,0.416,0.440,0.428,0.452,0.434,0.434,0.434,0.434,0.434,0.434,0.446,0.446,0.464,0.464,0.452,0.464,0.380,0.464,0.434,0.373,0.470,0.458,0.452,0.470,0.458,0.476,0.464,0.464,0.452,0.446,0.458,0.458,0.458,0.542,0.458,0.464,0.512,0.410,0.512,0.572,0.506,0.560,0.536,0.554,0.554,0.554,0.536,0.554,0.554,0.554,0.440,0.554,0.554,0.548,0.464,0.464,0.464,0.548,0.524,0.524,0.386,0.386,0.536,0.542,0.542,0.542,0.530,0.584,0.524,0.584,0.452,0.524,0.524,0.524,0.506,0.548,0.470,0.470,0.578,0.542,0.578,0.596,0.614,0.494,0.807,0.584,0.861,0.861,0.970,0.614,0.904,0.494,0.898,0.855,0.819,0.614,0.614,0.988,0.608,0.873,0.506,0.494,0.633,0.608,0.771,0.633,0.922,0.922,1.084,0.639,0.753,0.753,1.090,0.687,0.693,0.825,0.825,0.753,0.687,0.657,1.084,1.169,1.072,0.639,1.108,0.645,0.645,0.645,0.645,0.645,0.645,0.904,0.904,0.922,1.157,0.536,0.651,0.831,0.831,1.181,1.223,1.175,1.181,1.205,1.193,1.205,1.217,0.663,0.699,0.524,0.687,1.163,1.024,1.253,1.241,1.229,1.331,1.229,1.235,1.331,1.301,1.301,1.313,1.313,1.325,1.253,1.331,1.337,1.277,1.211,1.211,0.572,1.386,1.295,1.295,1.307,1.434,1.271,1.470,1.404,1.440,1.343,1.470,1.542,1.301,1.518,1.536,1.536,1.380,1.428,0.867,1.386,1.548
  Profit Fac (P2),,,,split_detail,,0.8970,0.8970,0.8970,0.8970,0.8970,0.8970,0.8912,1.0005,1.0344,0.8688,1.0053,0.9875,0.9474,0.9875,1.0898,0.8547,0.8151,0.8949,0.8164,0.8164,0.8164,0.9963,0.8272,0.8616,0.7889,0.8557,0.8312,0.8621,0.8442,0.8329,0.9661,0.8204,0.9435,0.8821,0.8821,0.8821,0.9175,0.9526,0.8092,0.9567,0.9655,0.9544,0.9364,0.7907,0.9315,0.9315,0.9139,0.8745,0.9225,0.8512,0.9640,0.8499,0.8764,0.8764,0.9867,0.9280,0.9965,0.8086,0.8334,0.7805,0.8895,0.8895,0.7989,0.7989,0.7989,0.8566,0.7989,0.9143,0.9839,0.9676,0.9559,0.9139,0.9676,0.9139,0.9133,0.9433,0.8041,0.8041,0.4571,0.7882,0.8179,0.8128,0.9294,0.8708,0.7989,0.8794,0.7807,0.8836,0.7882,0.8599,0.9131,0.8879,0.8152,0.7848,1.0144,1.0144,1.0144,0.8113,0.8016,0.8048,0.7580,0.9042,0.9042,0.8646,0.7580,1.0072,0.8639,0.8136,0.8842,0.8411,0.8303,1.0547,0.7948,0.8326,0.8179,0.9051,0.8098,0.8098,0.9562,0.9010,0.7443,0.7961,0.7563,0.9282,0.7314,0.8734,0.8224,0.8180,0.8035,0.7618,0.8123,0.8224,0.7922,0.8154,0.8910,0.8850,0.7370,0.8910,0.9168,0.9110,1.0613,0.8727,1.0165,0.7227,0.7714,0.8259,0.7681,0.9033,0.8182,0.7379,0.7884,0.8625,0.7113,0.7713,0.8358,1.1966,0.8971,0.9972,0.7868,0.9212,0.7761,1.1511,1.0726,0.8145,0.8232,0.8143,0.8143,0.8143,0.7651,0.7915,0.7915,0.7915,0.9206,0.7915,0.7915,0.8652,0.9534,0.9534,0.9534,0.8652,0.7484,0.7484,0.8756,0.8776,0.7665,0.7609,0.7609,0.7609,0.7479,1.1706,0.7508,0.8153,0.8697,0.7508,0.7508,0.7384,0.9317,0.7951,0.8552,0.8552,1.2081,0.8369,1.2529,0.7643,1.1417,0.8261,0.8048,0.8892,0.7810,0.7810,0.6635,1.1219,0.7592,0.8590,0.7321,0.8306,0.8526,1.1324,1.1324,0.6749,1.0977,0.7858,0.9349,0.9005,0.8551,0.8551,0.8930,0.8728,0.6781,0.6781,0.6425,0.8069,0.8338,0.8338,0.6659,0.8965,0.8865,0.9095,0.9095,0.8275,0.8931,0.8399,0.6349,0.6423,0.6748,0.8654,0.7101,0.8053,0.8446,0.8516,0.8516,0.8516,0.8516,0.8806,0.8816,0.9022,0.6571,0.8917,0.7846,0.8588,0.8588,0.6037,0.5797,0.6520,0.7258,0.6918,0.6064,0.7783,0.6197,0.8302,0.8196,0.8884,0.7889,0.6514,0.7172,0.6686,0.8032,0.6128,0.6911,0.6590,0.7204,0.6911,0.7543,0.7543,0.7329,0.7329,0.7143,0.7280,0.6912,0.6865,0.7882,0.6761,0.6761,0.8673,0.7137,0.7198,0.7198,0.6704,0.7124,0.7231,0.7232,0.7096,0.7224,0.7943,0.7796,0.7162,0.7031,0.7614,0.7555,0.7555,0.7334,0.7240,0.9070,0.7255,0.8248
  Max DD (P2),,,,split_detail,,"$6,012.00","$6,012.00","$6,012.00","$6,012.00","$6,012.00","$6,012.00","$5,957.00","$7,415.50","$6,869.00","$6,618.50","$7,178.50","$7,415.50","$6,201.50","$7,415.50","$6,302.00","$8,079.50","$8,468.00","$7,188.00","$9,084.50","$9,084.50","$9,084.50","$7,387.50","$9,136.00","$8,214.50","$10,256.00","$8,382.00","$8,382.00","$8,238.50","$9,160.00","$9,116.00","$8,609.50","$8,663.50","$8,339.00","$9,827.50","$9,827.50","$9,827.50","$9,128.00","$8,721.00","$9,787.00","$8,721.00","$8,724.50","$9,730.50","$9,239.50","$9,831.00","$5,431.50","$5,431.50","$9,239.50","$9,730.50","$9,887.00","$8,153.50","$9,489.00","$9,723.00","$9,674.50","$9,674.50","$7,103.50","$9,229.00","$7,579.50","$9,497.00","$9,072.00","$9,831.00","$9,128.00","$9,128.00","$9,617.50","$9,617.50","$9,617.50","$10,065.50","$9,617.50","$9,267.50","$6,802.50","$7,206.00","$9,128.00","$9,128.00","$7,206.00","$9,128.00","$9,243.00","$9,229.00","$7,819.00","$7,819.00","$10,792.50","$9,992.00","$9,573.50","$9,177.50","$9,229.00","$7,800.50","$9,617.50","$7,247.50","$9,784.00","$7,286.00","$9,992.00","$7,815.50","$7,400.50","$10,162.50","$7,987.50","$7,731.00","$6,073.00","$6,073.00","$6,073.00","$9,229.00","$8,904.50","$9,504.00","$8,936.00","$8,676.00","$8,676.00","$7,247.50","$8,936.00","$9,020.50","$7,206.00","$8,755.50","$8,183.00","$8,330.50","$7,286.00","$6,095.50","$9,343.00","$8,960.00","$9,029.50","$7,194.00","$9,269.00","$9,269.00","$6,017.00","$8,012.50","$9,921.00","$9,743.00","$9,182.00","$8,155.00","$10,627.00","$7,416.50","$8,723.50","$8,891.00","$9,357.50","$9,918.00","$9,544.00","$8,723.50","$10,584.50","$9,783.50","$6,696.50","$7,819.50","$11,152.50","$6,696.50","$8,336.00","$7,675.00","$7,168.50","$7,789.50","$7,061.00","$11,754.00","$10,499.50","$8,638.50","$11,559.50","$7,733.00","$8,515.00","$11,766.00","$10,672.50","$8,059.50","$12,179.00","$8,412.50","$7,748.00","$6,068.50","$8,696.50","$6,297.50","$9,065.00","$9,020.50","$9,665.00","$5,787.00","$7,993.00","$7,860.00","$8,025.50","$7,999.00","$7,999.00","$7,999.00","$9,443.50","$8,520.50","$8,520.50","$8,520.50","$8,211.00","$8,520.50","$8,520.50","$7,777.50","$5,862.00","$5,862.00","$5,862.00","$7,777.50","$9,665.00","$9,665.00","$8,648.00","$8,488.00","$9,209.00","$9,685.50","$9,685.50","$9,685.50","$9,665.00","$6,393.00","$9,665.00","$8,821.00","$9,465.50","$9,665.00","$9,665.00","$9,665.00","$8,008.00","$8,211.50","$8,831.00","$8,831.00","$5,059.50","$9,665.00","$5,018.50","$8,895.00","$6,867.00","$10,584.00","$9,923.50","$8,710.00","$12,558.50","$12,558.50","$18,818.50","$6,603.50","$14,564.00","$8,311.50","$14,379.00","$10,648.00","$10,687.50","$6,488.50","$6,488.50","$19,534.50","$6,292.00","$12,340.50","$6,025.50","$6,647.00","$9,656.00","$8,723.50","$9,140.00","$9,476.00","$17,599.50","$17,599.50","$21,074.00","$10,104.00","$11,940.00","$11,940.00","$18,894.00","$9,643.00","$9,643.00","$8,056.00","$8,056.00","$11,801.50","$8,574.00","$10,117.50","$21,287.00","$21,749.50","$18,311.00","$9,405.50","$17,384.00","$10,048.50","$9,868.50","$9,489.50","$9,489.50","$9,489.50","$9,489.50","$11,514.00","$11,514.00","$11,504.00","$20,342.00","$6,881.00","$10,117.50","$8,199.50","$8,199.50","$24,354.50","$26,455.00","$21,027.50","$17,411.50","$23,830.00","$24,354.00","$14,384.00","$24,578.00","$9,616.50","$11,019.50","$7,513.00","$11,520.50","$21,178.00","$15,218.00","$20,493.00","$15,806.50","$25,047.50","$22,056.50","$21,277.00","$19,412.50","$22,056.50","$17,417.50","$17,417.50","$19,343.50","$19,343.50","$20,612.00","$19,763.50","$21,245.50","$21,707.00","$15,890.50","$20,720.00","$20,720.00","$7,447.00","$19,715.50","$20,029.50","$20,029.50","$21,820.00","$20,588.00","$20,281.00","$20,084.00","$19,997.00","$19,908.50","$13,216.50","$17,200.50","$21,205.00","$19,732.00","$17,316.50","$18,043.50","$18,043.50","$18,845.00","$19,377.00","$8,969.50","$19,412.50","$12,708.00"
  Total PNL (P2),,,,split_detail,,"$-2,023.50","$-2,023.50","$-2,023.50","$-2,023.50","$-2,023.50","$-2,023.50","$-2,107.00",$10.50,$730.50,"$-2,630.00",$115.00,$-274.50,"$-1,010.00",$-274.50,"$1,902.50","$-3,112.00","$-3,696.50","$-2,135.00","$-4,117.00","$-4,117.00","$-4,117.00",$-80.00,"$-3,986.50","$-3,065.00","$-5,106.50","$-3,218.50","$-3,763.50","$-3,075.00","$-3,548.00","$-3,828.00",$-793.50,"$-4,059.00","$-1,278.50","$-2,791.00","$-2,791.00","$-2,791.00","$-2,032.50","$-1,132.50","$-4,499.00","$-1,035.00",$-811.00,"$-1,112.00","$-1,553.50","$-5,087.50","$-1,495.50","$-1,495.50","$-2,153.50","$-3,155.00","$-1,920.50","$-3,457.00",$-870.50,"$-3,641.00","$-3,099.00","$-3,099.00",$-293.00,"$-1,754.50",$-86.50,"$-4,753.50","$-4,112.50","$-5,337.00","$-2,810.50","$-2,810.50","$-5,054.00","$-5,054.00","$-5,054.00","$-3,743.50","$-5,054.00","$-2,131.50",$-387.00,$-790.50,"$-1,051.00","$-2,130.00",$-790.50,"$-2,130.00","$-2,147.50","$-1,434.00","$-4,780.00","$-4,780.00","$-10,806.50","$-5,207.00","$-4,437.00","$-4,475.50","$-1,813.00","$-3,104.00","$-5,054.00","$-2,890.00","$-5,640.50","$-2,797.00","$-5,207.00","$-3,230.00","$-2,052.50","$-3,009.00","$-4,376.00","$-5,193.00",$268.50,$268.50,$268.50,"$-4,748.50","$-5,006.00","$-4,830.00","$-6,186.50","$-2,324.50","$-2,324.50","$-3,192.00","$-6,186.50",$162.50,"$-3,187.50","$-4,653.50","$-3,316.00","$-3,919.00","$-4,149.50","$1,390.00","$-5,241.00","$-4,438.00","$-4,618.00","$-2,373.00","$-4,871.50","$-4,871.50","$-1,228.50","$-2,279.00","$-6,751.50","$-5,506.00","$-6,527.00","$-2,036.00","$-7,582.00","$-3,266.50","$-5,054.50","$-5,208.00","$-5,688.50","$-6,715.50","$-5,300.50","$-5,054.50","$-6,073.50","$-5,272.50","$-3,174.50","$-3,201.50","$-7,980.00","$-3,174.50","$-1,781.50","$-2,661.50","$1,434.50","$-2,703.00",$440.50,"$-8,581.50","$-6,937.00","$-5,092.50","$-7,034.50","$-2,706.00","$-5,400.00","$-7,995.50","$-6,318.00","$-3,643.50","$-9,020.50","$-6,191.50","$-4,576.00","$5,564.00","$-2,749.00",$-80.50,"$-7,106.50","$-1,932.50","$-7,536.50","$4,520.50","$2,186.00","$-6,513.50","$-5,880.00","$-6,522.50","$-6,522.50","$-6,522.50","$-8,128.00","$-7,212.50","$-7,212.50","$-7,212.50","$-2,018.50","$-7,212.50","$-7,212.50","$-4,490.00","$-1,294.50","$-1,294.50","$-1,294.50","$-4,490.00","$-8,739.50","$-8,739.50","$-2,779.50","$-2,730.50","$-8,032.00","$-8,287.00","$-8,287.00","$-8,287.00","$-8,840.00","$5,263.00","$-8,670.00","$-6,633.50","$-3,640.00","$-8,670.00","$-8,670.00","$-9,101.50","$-2,047.00","$-7,056.00","$-4,208.00","$-4,208.00","$6,373.00","$-5,758.00","$7,776.50","$-8,867.50","$4,732.50","$-5,092.50","$-8,159.00","$-3,956.50","$-9,875.00","$-9,875.00","$-17,564.50","$3,985.50","$-11,885.00","$-4,215.50","$-12,499.00","$-7,398.00","$-6,165.00","$4,449.00","$4,449.00","$-17,203.00","$3,131.50","$-9,657.00","$-1,916.50","$-2,957.50","$-5,732.50","$-5,439.00","$-4,075.00","$-5,010.00","$-16,475.50","$-16,475.50","$-20,681.00","$-7,900.50","$-7,858.50","$-7,858.50","$-18,501.00","$-4,269.50","$-4,732.00","$-4,282.00","$-4,282.00","$-8,122.00","$-4,314.00","$-6,641.00","$-20,894.00","$-21,356.50","$-17,918.00","$-5,283.00","$-16,284.00","$-8,004.00","$-6,201.00","$-6,039.50","$-6,039.50","$-6,039.50","$-6,039.50","$-6,159.50","$-6,104.50","$-5,193.00","$-19,949.00","$-3,371.00","$-9,115.00","$-5,560.00","$-5,560.00","$-23,961.50","$-26,062.00","$-20,634.50","$-16,785.00","$-19,068.50","$-23,961.00","$-13,198.00","$-23,399.50","$-7,233.00","$-7,827.00","$-3,478.00","$-9,459.50","$-20,785.00","$-14,578.50","$-20,052.00","$-11,648.00","$-24,496.50","$-21,375.00","$-20,884.00","$-17,516.00","$-21,375.00","$-16,183.00","$-16,183.00","$-18,109.00","$-18,109.00","$-19,466.00","$-17,137.50","$-20,824.00","$-21,285.50","$-13,357.50","$-20,046.00","$-20,046.00","$-4,311.00","$-18,879.50","$-18,031.00","$-18,031.00","$-21,269.00","$-20,418.50","$-17,655.00","$-19,914.50","$-19,830.50","$-19,739.00","$-13,009.00","$-15,235.00","$-21,047.50","$-19,181.00","$-17,159.00","$-17,970.00","$-17,970.00","$-18,103.50","$-19,080.50","$-4,254.00","$-18,669.50","$-12,634.50"
  Avg Profit/Tr (P2),,,,split_detail,,$-38.18,$-38.18,$-38.18,$-38.18,$-38.18,$-38.18,$-41.31,$0.19,$13.28,$-49.62,$2.05,$-4.90,$-19.06,$-4.90,$32.80,$-52.75,$-73.93,$-40.28,$-68.62,$-68.62,$-68.62,$-1.43,$-65.35,$-51.08,$-81.06,$-53.64,$-63.79,$-50.41,$-58.16,$-60.76,$-12.40,$-67.65,$-19.37,$-45.75,$-45.75,$-45.75,$-30.34,$-17.70,$-70.30,$-16.17,$-12.48,$-17.11,$-23.90,$-79.49,$-24.92,$-24.92,$-32.63,$-47.80,$-29.10,$-51.60,$-13.39,$-56.02,$-46.95,$-46.95,$-4.65,$-26.19,$-1.25,$-72.02,$-62.31,$-83.39,$-41.95,$-41.95,$-75.43,$-75.43,$-75.43,$-51.99,$-75.43,$-32.30,$-5.37,$-10.98,$-15.69,$-31.79,$-10.98,$-31.79,$-31.58,$-20.78,$-67.32,$-67.32,$-200.12,$-81.36,$-66.22,$-69.93,$-25.90,$-44.34,$-75.43,$-40.70,$-82.95,$-39.96,$-81.36,$-47.50,$-29.32,$-42.99,$-70.58,$-74.19,$4.97,$4.97,$4.97,$-68.82,$-74.72,$-71.03,$-95.18,$-33.21,$-33.21,$-45.60,$-95.18,$2.50,$-45.54,$-71.59,$-46.06,$-59.38,$-59.28,$19.31,$-79.41,$-59.17,$-68.93,$-32.07,$-71.64,$-71.64,$-16.60,$-34.53,$-97.85,$-75.42,$-94.59,$-27.89,$-106.79,$-43.55,$-70.20,$-72.33,$-79.01,$-93.27,$-73.62,$-70.20,$-82.07,$-71.25,$-41.23,$-41.58,$-106.40,$-41.23,$-28.28,$-34.56,$19.92,$-43.60,$5.65,$-112.91,$-92.49,$-65.29,$-92.56,$-34.25,$-70.13,$-103.84,$-84.24,$-49.24,$-118.69,$-81.47,$-60.21,$61.82,$-36.17,$-1.05,$-83.61,$-28.42,$-88.66,$47.58,$26.02,$-70.04,$-66.07,$-70.90,$-70.90,$-70.90,$-91.33,$-78.40,$-78.40,$-78.40,$-27.65,$-78.40,$-78.40,$-49.34,$-16.81,$-16.81,$-16.81,$-49.34,$-100.45,$-100.45,$-43.43,$-42.66,$-90.25,$-92.08,$-92.08,$-92.08,$-100.45,$54.26,$-99.66,$-68.39,$-48.53,$-99.66,$-99.66,$-104.61,$-24.37,$-77.54,$-53.95,$-53.95,$66.39,$-63.98,$81.01,$-89.57,$46.40,$-62.10,$-60.89,$-40.79,$-69.06,$-69.06,$-109.10,$39.07,$-79.23,$-51.41,$-83.89,$-52.10,$-45.33,$43.62,$43.62,$-104.90,$31.00,$-66.60,$-22.82,$-36.07,$-54.60,$-53.85,$-31.84,$-47.71,$-107.68,$-107.68,$-114.89,$-74.53,$-62.87,$-62.87,$-102.22,$-37.45,$-41.15,$-31.26,$-31.26,$-64.98,$-37.84,$-60.93,$-116.08,$-110.09,$-100.66,$-49.84,$-88.50,$-74.80,$-57.95,$-56.44,$-56.44,$-56.44,$-56.44,$-41.06,$-40.70,$-33.94,$-103.90,$-37.88,$-84.40,$-40.29,$-40.29,$-122.25,$-128.38,$-105.82,$-85.64,$-95.34,$-121.02,$-65.99,$-115.84,$-65.75,$-67.47,$-39.98,$-82.98,$-107.69,$-85.76,$-96.40,$-56.54,$-120.08,$-96.72,$-102.37,$-85.44,$-96.72,$-74.92,$-74.92,$-83.07,$-83.07,$-88.48,$-82.39,$-94.23,$-95.88,$-63.01,$-99.73,$-99.73,$-45.38,$-82.08,$-83.87,$-83.87,$-98.01,$-85.79,$-83.67,$-81.62,$-85.11,$-82.59,$-58.34,$-62.44,$-82.22,$-88.80,$-68.09,$-70.47,$-70.47,$-79.05,$-80.51,$-29.54,$-81.17,$-49.16
  Span (min) (P2),,,,split_detail,,194.28,194.28,194.28,194.28,194.28,194.28,204.78,209.24,211.53,198.38,208.00,210.12,197.98,210.12,156.05,193.75,203.84,201.68,192.73,192.73,192.73,209.00,191.98,194.37,193.78,195.18,193.15,197.15,197.61,187.44,194.25,192.85,150.39,200.25,200.25,200.25,191.82,198.30,188.78,198.30,191.37,197.40,195.57,193.81,148.52,148.52,193.45,194.30,197.80,154.42,149.80,192.98,194.20,194.20,148.89,191.40,153.09,189.85,185.08,193.05,193.60,193.60,192.13,192.13,192.13,150.40,192.13,198.55,150.01,150.21,199.45,192.34,150.21,192.34,189.10,192.25,144.54,144.54,110.96,253.75,187.85,256.05,189.90,151.70,192.13,150.65,190.96,157.60,253.75,152.56,148.20,193.20,258.44,146.10,189.65,189.65,189.65,179.77,246.67,184.78,245.54,148.70,148.70,152.10,245.54,189.00,150.00,251.14,198.43,253.48,150.60,161.29,248.50,247.99,248.76,208.86,246.75,246.75,159.20,253.06,236.58,245.77,240.84,197.73,240.27,205.43,237.12,237.81,235.96,238.78,243.15,237.12,236.86,239.32,154.82,241.91,233.24,154.82,138.11,196.82,145.25,182.45,156.60,232.47,235.20,190.08,235.97,240.84,192.82,226.27,239.21,147.76,230.63,243.25,153.91,154.00,247.67,153.55,216.01,183.85,215.68,152.38,157.00,197.88,204.81,201.48,201.48,201.48,208.35,199.96,199.96,199.96,142.68,199.96,199.96,201.85,150.55,150.55,150.55,201.85,213.30,213.30,252.00,182.66,204.34,201.13,201.13,201.13,211.19,144.33,212.66,196.79,184.24,212.66,212.66,212.98,235.17,202.46,180.83,180.83,148.09,212.49,147.07,194.94,217.75,238.26,143.81,199.97,136.92,136.92,124.13,216.73,127.87,182.77,135.96,135.56,147.62,213.98,213.98,123.18,186.92,139.76,197.92,232.79,192.93,196.14,153.95,193.07,129.34,129.34,107.84,189.26,179.87,179.87,111.46,190.78,190.83,174.23,174.23,178.25,189.55,185.60,108.69,110.59,114.95,198.64,112.08,188.02,187.63,188.08,188.08,188.08,188.08,168.70,166.79,165.62,111.89,195.21,187.31,88.16,88.16,108.36,102.97,112.04,109.21,109.94,108.15,111.27,102.61,182.70,176.63,178.70,178.19,109.68,114.18,106.92,109.96,102.74,76.18,109.22,107.66,76.18,79.07,79.07,78.61,78.61,77.86,106.75,96.35,95.98,83.54,103.96,103.96,127.40,99.19,107.41,107.41,99.55,94.71,105.43,93.75,97.43,94.78,79.76,96.45,90.23,81.12,91.78,92.02,92.02,79.66,96.91,158.47,98.70,94.46
  Sortino (P4),,,,split_detail,,4.6212,4.6212,4.6212,4.6212,4.6212,4.6212,5.5077,-2.6532,2.9504,7.2579,-0.4945,-2.4251,5.1772,3.2399,6.5111,-0.5435,5.9682,5.8098,3.9284,4.6958,4.6958,-0.8092,4.7179,4.7179,6.5208,5.7367,0.5856,5.7367,1.5976,7.6296,3.3049,0.9543,9.2852,2.3260,1.5146,1.5146,-1.9297,-0.4064,6.6517,4.5130,3.7231,3.1118,7.5650,2.6483,5.6748,5.6748,3.2352,0.3928,4.5164,8.3570,3.4053,9.9883,0.3928,0.3928,6.7451,4.5163,9.5116,4.4826,3.2483,1.5646,1.8217,1.8217,4.4095,4.5455,3.7661,11.4626,-1.7731,5.0058,11.5760,10.8490,4.5108,4.8018,10.8490,5.3916,3.6542,4.2751,10.8490,10.8490,3.3030,2.7313,1.5378,3.6170,4.9815,11.6848,4.5642,7.1213,2.2346,4.9891,2.2730,6.8944,6.9573,4.3621,2.1148,9.0057,3.8497,3.8497,3.8497,4.3538,4.6119,5.1630,2.9333,8.8750,8.8750,5.6393,2.5692,3.6205,6.9437,3.0966,-0.8149,2.1845,4.9891,2.7497,3.4646,2.8144,2.1775,7.3378,2.1811,2.1811,3.4443,3.0423,3.4940,1.9180,3.4255,-1.8030,4.6045,4.0345,3.3873,2.9265,2.9512,2.9801,2.1361,3.0272,5.3486,5.4416,0.2568,2.8416,3.3587,3.3453,5.1345,3.0010,10.1587,4.1461,0.4696,4.7821,1.1355,-1.5986,2.9752,6.7742,2.1451,5.0321,5.2859,4.1300,5.2149,4.1243,6.5414,-2.8373,2.8194,-2.5349,0.7230,5.1189,-0.0647,-2.8396,-1.9202,2.3266,1.1759,2.2028,2.2028,2.2028,1.8629,1.6056,1.6056,1.6056,3.9116,1.4138,1.4138,0.6831,2.3943,2.3943,2.3943,0.4201,0.5766,0.5766,3.8129,3.8129,-3.3018,-3.6169,-3.6169,-3.6169,2.4214,0.7686,0.3550,1.1596,5.2647,0.3550,0.3550,0.3127,4.6443,2.4049,-1.6872,-1.6872,0.5473,0.9955,-0.0545,1.7407,-0.3476,2.2809,-3.5581,0.6258,-0.9776,-0.9776,-3.1778,-1.9276,-1.3896,0.8804,-0.3526,-0.1027,2.3624,-1.0693,-1.0693,-2.1975,0.0485,-0.7926,2.0989,0.3172,0.4626,-0.3656,0.1042,1.0579,-2.6364,-2.6364,-0.7857,1.7583,0.3876,0.3876,0.0839,2.0278,2.0278,-0.8978,-0.8978,1.1045,-1.5951,2.0412,-0.8166,-3.7412,2.1013,2.0563,-0.4268,-0.2764,-0.3463,0.1444,0.1444,0.1444,-0.4885,-0.9014,-1.0663,-1.6985,-2.2293,1.9165,1.5682,1.7173,1.7173,-3.2140,-3.7074,-2.0889,-2.0384,-2.4713,-2.8924,-2.0247,-4.0986,-0.5070,0.2351,1.1519,-0.4622,-3.6138,-0.5372,-2.7877,-3.4175,-4.2968,-3.3099,-1.9203,-2.9192,-3.3099,-1.6682,-1.6682,-1.6682,-1.6682,-3.2662,-2.7097,-3.5049,-3.6140,-1.8121,-2.7593,-2.7593,0.9859,-4.6215,-2.6300,-2.6300,-4.3602,-3.0992,-2.8499,-3.1889,-3.7409,-2.9573,-3.7135,-3.3671,-2.5947,-2.6121,-2.6337,-3.0342,-3.0342,-1.8434,-3.2137,-2.8395,-3.8153,-4.4671
  Trades/D (P4),,,,split_detail,,0.258,0.258,0.258,0.258,0.258,0.258,0.245,0.270,0.270,0.270,0.276,0.270,0.276,0.276,0.252,0.282,0.270,0.276,0.288,0.288,0.288,0.276,0.288,0.288,0.301,0.301,0.294,0.301,0.294,0.307,0.294,0.294,0.301,0.288,0.288,0.288,0.301,0.288,0.301,0.294,0.288,0.294,0.313,0.307,0.264,0.264,0.307,0.301,0.301,0.301,0.294,0.307,0.301,0.301,0.325,0.325,0.313,0.319,0.325,0.313,0.337,0.337,0.325,0.337,0.331,0.325,0.331,0.344,0.319,0.325,0.350,0.350,0.325,0.356,0.350,0.350,0.325,0.325,0.270,0.411,0.337,0.393,0.350,0.319,0.350,0.356,0.356,0.331,0.417,0.356,0.368,0.356,0.399,0.344,0.233,0.233,0.233,0.368,0.417,0.356,0.417,0.374,0.374,0.368,0.423,0.301,0.374,0.423,0.405,0.417,0.331,0.356,0.423,0.429,0.423,0.393,0.423,0.423,0.362,0.436,0.429,0.429,0.417,0.405,0.448,0.393,0.442,0.442,0.436,0.436,0.442,0.448,0.448,0.442,0.387,0.436,0.454,0.393,0.307,0.405,0.331,0.307,0.393,0.448,0.448,0.405,0.448,0.436,0.405,0.448,0.448,0.374,0.448,0.399,0.387,0.460,0.436,0.423,0.466,0.350,0.485,0.472,0.448,0.472,0.466,0.472,0.472,0.472,0.485,0.472,0.472,0.472,0.344,0.479,0.479,0.448,0.374,0.374,0.374,0.454,0.491,0.491,0.350,0.350,0.491,0.491,0.491,0.491,0.472,0.503,0.491,0.460,0.393,0.491,0.491,0.503,0.497,0.485,0.411,0.411,0.515,0.485,0.515,0.448,0.577,0.497,0.755,0.479,0.761,0.761,0.828,0.577,0.798,0.442,0.736,0.730,0.687,0.601,0.601,0.853,0.558,0.773,0.460,0.466,0.503,0.503,0.650,0.503,0.804,0.804,1.037,0.540,0.546,0.546,1.049,0.528,0.528,0.755,0.755,0.552,0.681,0.546,1.012,1.086,1.025,0.540,1.080,0.521,0.509,0.521,0.521,0.521,0.540,0.798,0.804,0.840,1.061,0.466,0.534,0.748,0.748,1.117,1.135,1.098,1.129,1.141,1.129,1.123,1.123,0.571,0.564,0.460,0.583,1.135,0.859,1.184,1.209,1.172,1.215,1.160,1.147,1.215,1.209,1.209,1.209,1.209,1.184,1.160,1.190,1.196,1.184,1.074,1.074,0.528,1.252,1.172,1.172,1.184,1.264,1.202,1.258,1.270,1.264,1.202,1.313,1.331,1.221,1.331,1.350,1.350,1.178,1.258,0.791,1.245,1.387
  Profit Fac (P4),,,,split_detail,,1.1976,1.1976,1.1976,1.1976,1.1976,1.1976,1.2407,0.8969,1.1162,1.3251,0.9788,0.9045,1.2135,1.1305,1.2852,0.9776,1.2458,1.2419,1.1654,1.1977,1.1977,0.9663,1.2018,1.2018,1.2897,1.2458,1.0236,1.2458,1.0671,1.3305,1.1366,1.0404,1.4113,1.0947,1.0617,1.0617,0.9181,0.9832,1.2959,1.1981,1.1581,1.1379,1.3562,1.1342,1.2440,1.2440,1.1417,1.0169,1.2111,1.3524,1.1510,1.4610,1.0169,1.0169,1.3422,1.2116,1.4028,1.2521,1.1781,1.0774,1.0955,1.0955,1.2085,1.2132,1.1734,1.5581,0.9082,1.2638,1.4953,1.4779,1.2438,1.2599,1.4779,1.2969,1.1999,1.2263,1.4779,1.4779,1.1963,1.1615,1.0809,1.2272,1.2725,1.4992,1.2494,1.3905,1.1261,1.2417,1.1324,1.3614,1.3804,1.2324,1.1216,1.4446,1.1820,1.1820,1.1820,1.2482,1.2878,1.2874,1.1741,1.4867,1.4867,1.3142,1.1497,1.1522,1.3826,1.1825,0.9604,1.1318,1.2417,1.1524,1.2042,1.1666,1.1289,1.4257,1.1286,1.1286,1.1932,1.1815,1.2091,1.1126,1.2073,0.9125,1.2984,1.2270,1.2161,1.1839,1.1854,1.1878,1.1402,1.1892,1.3457,1.3594,1.0129,1.1732,1.2293,1.1702,1.2758,1.1603,1.4654,1.2149,1.0258,1.3185,1.0724,0.9186,1.2005,1.4382,1.1128,1.3267,1.3508,1.2307,1.3477,1.2471,1.3598,0.8592,1.1799,0.8740,1.0403,1.2776,0.9965,0.8627,0.9031,1.1239,1.0644,1.1174,1.1174,1.1174,1.1062,1.0891,1.0891,1.0891,1.2300,1.0789,1.0789,1.0366,1.1246,1.1246,1.1246,1.0224,1.0323,1.0323,1.2045,1.2045,0.8296,0.8197,0.8197,0.8197,1.1370,1.0405,1.0196,1.0622,1.2976,1.0196,1.0196,1.0173,1.3014,1.1366,0.9138,0.9138,1.0291,1.0546,0.9971,1.0946,0.9800,1.1583,0.7745,1.0333,0.9409,0.9409,0.8115,0.8961,0.9025,1.0475,0.9787,0.9932,1.1217,0.9383,0.9383,0.8721,1.0028,0.9526,1.1270,1.0188,1.0250,0.9808,1.0050,1.0571,0.8332,0.8332,0.9566,1.0957,1.0234,1.0234,1.0050,1.1211,1.1211,0.9478,0.9478,1.0677,0.9063,1.1110,0.9509,0.7895,1.1238,1.1222,0.9734,0.9854,0.9820,1.0074,1.0074,1.0074,0.9745,0.9467,0.9378,0.9004,0.8743,1.1163,1.0848,1.1008,1.1008,0.8148,0.7936,0.8813,0.8753,0.8571,0.8315,0.8774,0.7652,0.9742,1.0124,1.0644,0.9761,0.7910,0.9699,0.8374,0.7989,0.7519,0.8073,0.8881,0.8193,0.8073,0.8952,0.8952,0.8952,0.8952,0.8076,0.8301,0.7952,0.7899,0.8862,0.8380,0.8380,1.0502,0.7322,0.8500,0.8500,0.7501,0.8190,0.8214,0.8117,0.7786,0.8264,0.7712,0.7941,0.8425,0.8457,0.8383,0.8207,0.8207,0.8871,0.8056,0.8418,0.7724,0.7375
  Max DD (P4),,,,split_detail,,"$5,218.50","$5,218.50","$5,218.50","$5,218.50","$5,218.50","$5,218.50","$5,487.50","$6,538.50","$6,541.00","$3,953.50","$5,925.00","$6,370.50","$3,953.50","$6,370.50","$4,514.00","$4,559.00","$3,951.50","$3,981.50","$4,559.00","$4,559.00","$4,559.00","$6,009.00","$4,587.00","$4,587.00","$5,583.50","$5,569.50","$5,835.50","$5,569.50","$5,569.50","$5,028.50","$5,639.50","$5,485.50","$5,611.50","$5,116.50","$5,116.50","$5,116.50","$6,583.50","$5,835.50","$5,639.50","$5,042.50","$5,042.50","$5,042.50","$5,042.50","$5,835.50","$4,220.00","$4,220.00","$5,246.00","$5,246.00","$4,874.00","$5,611.50","$5,042.50","$5,042.50","$5,246.00","$5,246.00","$6,807.50","$5,810.00","$5,611.50","$4,907.50","$5,697.50","$7,031.50","$5,459.50","$5,459.50","$5,711.50","$5,711.50","$5,711.50","$5,611.50","$5,445.50","$4,759.00","$6,048.50","$6,048.50","$5,056.50","$4,613.00","$6,048.50","$4,613.00","$5,134.00","$4,759.00","$6,048.50","$6,048.50","$4,341.50","$8,165.00","$5,810.00","$7,418.50","$4,529.00","$5,611.50","$4,641.00","$4,949.50","$4,833.00","$7,019.00","$9,515.00","$6,131.50","$6,145.50","$4,759.00","$8,768.50","$5,386.50","$5,218.50","$5,218.50","$5,218.50","$5,576.50","$8,052.50","$4,529.00","$8,799.00","$4,949.50","$4,949.50","$4,949.50","$8,799.00","$6,238.50","$5,199.00","$8,799.00","$7,976.00","$9,360.50","$7,019.00","$4,398.50","$8,799.00","$6,674.50","$9,360.50","$6,145.50","$8,799.00","$8,799.00","$4,622.50","$9,995.00","$8,645.00","$7,421.00","$9,360.50","$7,892.00","$6,101.50","$6,145.50","$7,157.00","$7,718.50","$7,157.00","$6,410.50","$8,405.50","$7,157.00","$6,848.00","$6,101.50","$7,962.00","$7,180.00","$9,334.50","$6,140.50","$5,028.50","$6,351.00","$5,597.50","$5,605.00","$5,943.00","$8,801.50","$9,559.50","$6,612.50","$9,334.50","$6,371.00","$6,140.50","$6,694.00","$7,409.50","$5,650.00","$8,240.00","$5,851.50","$6,411.00","$11,082.50","$7,294.50","$8,810.00","$6,666.00","$4,418.00","$8,308.00","$10,568.50","$9,959.00","$6,104.50","$7,592.50","$6,666.00","$6,666.00","$6,666.00","$6,104.50","$7,592.50","$7,592.50","$7,592.50","$5,597.50","$7,592.50","$7,592.50","$6,666.00","$5,415.00","$5,415.00","$5,415.00","$6,666.00","$8,308.00","$8,308.00","$5,941.00","$5,941.00","$10,654.50","$10,093.00","$10,093.00","$10,093.00","$6,666.00","$10,809.00","$8,308.00","$6,666.00","$5,928.50","$8,308.00","$8,308.00","$8,549.00","$6,371.00","$5,950.50","$7,245.00","$7,245.00","$9,538.00","$8,308.00","$9,510.00","$6,666.00","$11,814.00","$9,604.00","$16,620.50","$6,666.00","$15,801.00","$15,801.00","$13,164.00","$14,032.00","$14,818.50","$6,927.50","$13,887.00","$13,864.50","$8,981.00","$13,372.50","$13,372.50","$11,987.00","$10,895.50","$15,801.00","$6,520.50","$7,000.00","$6,666.00","$6,666.00","$11,430.50","$6,666.00","$15,437.50","$15,437.50","$11,490.50","$6,666.00","$7,538.50","$7,538.50","$12,187.50","$8,324.50","$8,324.50","$9,096.50","$9,096.50","$7,538.50","$10,123.50","$6,666.00","$13,188.50","$15,916.50","$11,541.00","$7,538.50","$15,408.50","$6,666.00","$6,666.00","$6,666.00","$6,666.00","$6,666.00","$6,907.00","$9,096.50","$9,096.50","$10,446.50","$15,411.00","$6,520.50","$6,666.00","$7,528.00","$7,528.00","$15,411.00","$16,731.00","$15,411.00","$14,947.50","$14,872.50","$15,411.00","$17,250.00","$17,646.50","$7,040.50","$5,950.50","$7,140.50","$6,974.00","$15,950.50","$9,663.50","$16,084.50","$16,878.00","$19,372.00","$18,066.50","$15,731.00","$18,342.50","$18,066.50","$14,229.00","$14,229.00","$14,229.00","$14,229.00","$17,262.50","$17,570.00","$17,408.50","$17,408.50","$14,961.50","$16,789.00","$16,789.00","$10,402.50","$22,013.00","$17,109.00","$17,109.00","$19,313.50","$17,006.50","$18,173.00","$16,466.00","$18,595.50","$16,466.00","$19,009.00","$17,628.50","$17,589.00","$18,546.50","$16,859.50","$16,859.50","$16,859.50","$16,662.50","$17,179.50","$13,176.00","$21,658.00","$22,734.00"
  Total PNL (P4),,,,split_detail,,"$3,648.50","$3,648.50","$3,648.50","$3,648.50","$3,648.50","$3,648.50","$4,179.00","$-2,068.00","$2,311.50","$6,003.00",$-411.50,"$-1,900.00","$4,189.50","$2,596.00","$4,888.00",$-457.50,"$4,697.00","$4,765.50","$3,378.50","$4,038.50","$4,038.50",$-663.50,"$4,108.50","$4,108.50","$5,921.00","$5,275.00",$513.00,"$5,275.00","$1,439.00","$7,059.00","$2,941.00",$863.00,"$8,183.50","$1,892.00","$1,232.00","$1,232.00","$-1,755.50",$-347.50,"$6,019.00","$3,784.50","$3,008.00","$2,669.00","$7,366.00","$3,041.50","$4,381.00","$4,381.00","$2,840.50",$338.00,"$4,048.50","$7,239.00","$2,921.50","$8,924.00",$338.00,$338.00,"$8,137.00","$4,579.00","$8,650.50","$5,662.00","$4,212.00","$1,845.50","$2,286.00","$2,286.00","$4,523.50","$4,763.50","$3,875.00","$11,669.00","$-2,196.00","$6,308.50","$10,692.50","$10,437.50","$5,855.00","$6,234.50","$10,437.50","$7,123.00","$4,748.00","$5,462.00","$10,437.50","$10,437.50","$3,115.00","$4,813.00","$1,963.00","$6,377.50","$6,472.50","$10,748.00","$5,967.00","$9,548.00","$3,325.50","$6,023.00","$4,123.00","$9,197.50","$9,757.50","$5,663.00","$3,761.00","$10,277.00","$2,719.50","$2,719.50","$2,719.50","$6,223.00","$8,354.50","$6,826.00","$5,334.50","$12,197.00","$12,197.00","$8,089.50","$4,686.00","$3,161.50","$9,779.00","$5,554.00","$-1,223.50","$3,999.00","$6,023.00","$3,697.00","$6,214.00","$5,235.50","$3,996.50","$11,002.50","$3,912.00","$3,912.00","$4,738.00","$5,710.50","$6,439.50","$3,546.50","$6,240.00","$-2,716.00","$9,072.50","$5,985.50","$6,582.50","$5,755.00","$5,653.50","$5,711.00","$4,461.00","$5,893.50","$10,191.50","$10,446.50",$367.50,"$5,248.50","$7,263.00","$4,863.50","$5,919.50","$4,549.00","$10,269.50","$4,751.50",$715.50,"$9,511.00","$2,400.00","$-2,385.50","$6,348.00","$12,621.00","$3,250.50","$9,730.50","$10,257.00","$5,876.50","$10,156.50","$6,411.00","$9,470.50","$-4,890.00","$5,781.00","$-4,041.00","$1,279.00","$6,514.50",$-118.50,"$-4,983.00","$-3,283.50","$3,939.50","$2,026.50","$3,792.00","$3,792.00","$3,792.00","$3,340.50","$2,803.50","$2,803.50","$2,803.50","$5,412.50","$2,507.00","$2,507.00","$1,118.00","$3,311.50","$3,311.50","$3,311.50",$694.00,"$1,079.50","$1,079.50","$5,042.00","$5,042.00","$-6,133.00","$-6,490.00","$-6,490.00","$-6,490.00","$4,311.00","$1,467.50",$658.50,"$1,940.00","$7,498.00",$658.50,$658.50,$598.00,"$9,533.50","$4,254.00","$-2,515.00","$-2,515.00","$1,084.00","$1,806.50",$-108.00,"$2,875.00",$-847.00,"$5,230.50","$-11,850.00","$1,089.50","$-3,036.50","$-3,036.50","$-9,576.50","$-4,616.50","$-4,999.00","$1,482.50","$-1,055.00",$-321.50,"$5,081.50","$-2,662.50","$-2,662.50","$-6,731.00",$113.50,"$-2,484.00","$4,083.00",$625.00,$840.00,$-678.00,$200.50,"$1,921.00","$-8,694.00","$-8,694.00","$-2,681.50","$3,356.50",$841.50,$841.50,$316.50,"$4,263.50","$4,263.50","$-2,751.00","$-2,751.00","$2,429.50","$-4,648.00","$3,974.00","$-3,014.00","$-14,735.50","$7,706.00","$4,469.00","$-1,801.50",$-514.00,$-627.50,$264.50,$264.50,$264.50,$-944.00,"$-2,926.50","$-3,477.50","$-5,881.00","$-8,798.00","$3,772.50","$2,990.50","$4,554.00","$4,554.00","$-13,326.50","$-14,519.50","$-8,462.00","$-8,596.50","$-10,335.50","$-12,125.00","$-8,730.50","$-17,042.00","$-1,006.50",$470.00,"$2,095.00",$-940.00,"$-15,117.50","$-1,627.50","$-12,222.50","$-15,557.50","$-18,532.00","$-13,983.50","$-8,278.00","$-13,024.00","$-13,983.50","$-7,455.00","$-7,455.00","$-7,455.00","$-7,455.00","$-13,663.00","$-12,251.50","$-14,670.00","$-15,150.00","$-8,024.50","$-11,501.00","$-11,501.00","$1,980.00","$-21,180.00","$-11,341.00","$-11,341.00","$-18,709.00","$-13,741.00","$-13,258.00","$-14,132.50","$-17,393.00","$-13,143.50","$-17,307.50","$-16,552.00","$-12,426.00","$-11,788.00","$-12,874.50","$-14,318.50","$-14,318.50","$-8,192.50","$-14,850.00","$-8,757.50","$-18,081.50","$-21,657.50"
  Avg Profit/Tr (P4),,,,split_detail,,$86.87,$86.87,$86.87,$86.87,$86.87,$86.87,$104.47,$-47.00,$52.53,$136.43,$-9.14,$-43.18,$93.10,$57.69,$119.22,$-9.95,$106.75,$105.90,$71.88,$85.93,$85.93,$-14.74,$87.41,$87.41,$120.84,$107.65,$10.69,$107.65,$29.98,$141.18,$61.27,$17.98,$167.01,$40.26,$26.21,$26.21,$-35.83,$-7.39,$122.84,$78.84,$64.00,$55.60,$144.43,$60.83,$101.88,$101.88,$56.81,$6.90,$82.62,$147.73,$60.86,$178.48,$6.90,$6.90,$153.53,$86.40,$169.62,$108.88,$79.47,$36.19,$41.56,$41.56,$85.35,$86.61,$71.76,$220.17,$-40.67,$112.65,$205.62,$196.93,$102.72,$109.38,$196.93,$122.81,$83.30,$95.82,$196.93,$196.93,$70.80,$71.84,$35.69,$99.65,$113.55,$206.69,$104.68,$164.62,$57.34,$111.54,$60.63,$158.58,$162.62,$97.64,$57.86,$183.52,$71.57,$71.57,$71.57,$103.72,$122.86,$117.69,$78.45,$199.95,$199.95,$134.82,$67.91,$64.52,$160.31,$80.49,$-18.54,$58.81,$111.54,$63.74,$90.06,$74.79,$57.92,$171.91,$56.70,$56.70,$80.31,$80.43,$91.99,$50.66,$91.76,$-41.15,$124.28,$93.52,$91.42,$79.93,$79.63,$80.44,$61.96,$80.73,$139.61,$145.09,$5.83,$73.92,$98.15,$75.99,$118.39,$68.92,$190.18,$95.03,$11.18,$130.29,$32.88,$-36.14,$86.96,$177.76,$49.25,$133.29,$140.51,$96.34,$139.13,$98.63,$150.33,$-65.20,$81.42,$-58.57,$16.83,$114.29,$-1.50,$-64.71,$-44.98,$51.16,$26.66,$49.25,$49.25,$49.25,$42.28,$36.41,$36.41,$36.41,$96.65,$32.14,$32.14,$15.32,$54.29,$54.29,$54.29,$9.38,$13.49,$13.49,$88.46,$88.46,$-76.66,$-81.12,$-81.12,$-81.12,$55.99,$17.90,$8.23,$25.87,$117.16,$8.23,$8.23,$7.29,$117.70,$53.85,$-37.54,$-37.54,$12.90,$22.87,$-1.29,$39.38,$-9.01,$64.57,$-96.34,$13.97,$-24.49,$-24.49,$-70.94,$-49.11,$-38.45,$20.59,$-8.79,$-2.70,$45.37,$-27.17,$-27.17,$-48.42,$1.25,$-19.71,$54.44,$8.22,$10.24,$-8.27,$1.89,$23.43,$-66.37,$-66.37,$-15.87,$38.14,$9.46,$9.46,$1.85,$49.58,$49.58,$-22.37,$-22.37,$26.99,$-41.87,$44.65,$-18.27,$-83.25,$46.14,$50.78,$-10.24,$-6.05,$-7.56,$3.11,$3.11,$3.11,$-10.73,$-22.51,$-26.55,$-42.93,$-50.86,$49.64,$34.37,$37.33,$37.33,$-73.22,$-78.48,$-47.27,$-46.72,$-55.57,$-65.90,$-47.71,$-93.13,$-10.82,$5.11,$27.93,$-9.89,$-81.72,$-11.63,$-63.33,$-78.97,$-97.03,$-70.62,$-43.80,$-69.65,$-70.62,$-37.84,$-37.84,$-37.84,$-37.84,$-70.79,$-64.82,$-75.62,$-77.69,$-41.58,$-65.72,$-65.72,$23.02,$-103.82,$-59.38,$-59.38,$-96.94,$-66.70,$-67.64,$-68.94,$-84.02,$-63.80,$-88.30,$-77.35,$-57.26,$-59.24,$-59.33,$-65.08,$-65.08,$-42.67,$-72.44,$-67.89,$-89.07,$-95.83
  Span (min) (P4),,,,split_detail,,153.50,153.50,153.50,153.50,153.50,153.50,151.90,162.11,160.20,155.27,161.31,161.32,157.58,160.22,167.15,157.80,161.00,159.13,156.23,156.83,156.83,162.09,157.28,157.28,157.00,159.14,160.56,159.14,160.71,161.28,155.46,159.98,161.43,163.38,162.79,162.79,154.43,155.34,156.43,164.06,160.55,162.60,162.10,156.94,169.30,169.30,164.22,158.00,165.86,159.57,162.46,164.36,158.00,158.00,156.25,162.85,153.59,164.63,161.53,154.69,158.84,158.84,161.26,165.33,161.52,165.49,159.96,163.00,158.85,159.94,158.54,159.77,159.94,163.41,160.75,162.96,159.94,159.94,139.20,160.58,162.78,167.02,159.28,155.62,165.54,156.90,165.95,151.15,159.25,156.17,154.35,165.22,162.08,166.62,145.71,145.71,145.71,165.20,161.00,166.55,158.32,158.36,158.36,157.38,158.57,148.14,160.20,160.49,160.89,157.71,151.15,162.09,160.90,149.60,158.26,154.88,157.86,157.86,166.93,157.85,157.40,144.40,156.57,157.29,162.53,155.86,158.38,158.76,154.59,159.52,157.89,157.84,156.40,161.00,168.00,146.31,155.14,167.12,153.44,162.48,147.52,147.56,157.94,154.29,148.15,158.24,155.63,151.34,158.98,158.89,152.95,162.95,154.10,161.97,159.22,147.00,139.31,157.35,144.97,151.18,147.89,144.45,152.75,139.55,145.71,142.73,142.73,142.73,144.08,143.09,143.09,143.09,150.88,142.60,142.60,143.36,149.07,149.07,149.07,142.65,145.69,145.69,155.35,155.35,134.57,132.91,132.91,132.91,141.45,152.98,145.34,142.61,149.73,145.34,145.34,144.35,144.75,140.80,144.70,144.70,145.75,144.61,145.08,141.44,138.29,137.93,104.03,138.03,115.61,115.61,99.24,131.21,98.00,145.64,109.61,102.76,113.81,132.71,132.71,98.20,137.23,115.00,153.35,150.04,132.83,134.62,115.43,133.85,101.95,101.95,88.14,133.00,118.69,118.69,90.26,125.76,125.76,124.35,124.35,119.08,128.77,131.35,90.07,87.01,94.31,127.67,90.24,128.72,130.81,134.40,134.40,134.40,134.51,141.18,140.75,139.49,90.55,151.70,130.67,89.51,89.51,87.42,83.21,89.67,83.16,86.26,86.66,86.52,86.07,128.71,124.86,149.24,128.06,86.42,95.55,84.40,82.86,82.90,95.31,87.74,83.03,95.31,96.19,96.19,96.19,96.19,96.08,82.52,79.56,79.44,96.59,86.24,86.24,140.00,78.82,84.59,84.59,80.19,77.92,81.54,77.61,78.76,76.97,79.86,78.54,75.00,84.14,75.13,76.08,76.08,84.15,79.42,110.37,79.83,74.77
  Sortino (P6),,,,split_detail,,4.4501,4.4501,4.4501,4.4501,4.4501,4.4501,8.5746,-1.3941,4.3311,3.0881,3.8591,0.1527,-0.1442,0.1527,7.7905,2.7513,-2.6501,0.5297,3.2568,3.2568,3.2568,0.6405,1.8202,3.8237,2.3232,0.3153,-0.3341,0.3153,0.1188,2.8058,1.8291,3.0733,6.2434,0.0168,0.0168,0.0168,0.7275,-0.3341,2.5081,0.1012,1.7859,-2.0112,-0.5222,-0.2311,-2.5094,-2.5094,-0.3360,-2.1848,-1.6904,0.2329,-1.6183,-1.0185,-2.0063,-2.0063,2.0378,-0.0783,2.2828,0.4064,1.9876,-0.2311,0.5756,0.5756,-1.2146,-2.1163,-2.1163,-0.2417,-2.0643,-4.0508,-3.3023,-1.1464,-0.7819,-0.3501,-1.1464,-0.3501,-0.2364,-0.4880,-2.5959,-2.5959,0.0356,-2.0657,0.0086,-2.5120,-0.2095,-2.6891,-2.9805,-2.1977,-3.0370,-6.7838,0.1192,-1.5847,-2.2521,-1.8970,-0.1185,-3.1120,2.2764,2.2764,2.2764,-0.2068,-2.0162,-0.7346,0.6335,-2.7942,-2.7942,-3.0059,0.6335,2.3593,-2.5166,0.0704,-3.5958,-2.3945,-7.1610,0.6371,2.2691,-4.1534,-2.1138,-3.6914,-2.6021,-2.6021,3.2590,1.6631,1.2629,-1.2511,-1.8147,-3.8840,-0.3401,-4.0328,0.9458,-1.1035,-0.5848,-0.3435,-3.9294,0.4839,-1.0719,-2.3236,-2.2887,-0.1924,-3.6048,-2.2887,2.7000,-1.1694,1.8302,3.7209,-2.7325,-5.9950,-4.9546,-2.4672,-5.2847,-2.0272,-1.6104,-1.9256,-3.7810,-8.3679,-3.1577,-3.7753,-3.4788,0.5423,-2.3346,3.8740,-1.8053,-0.6566,-1.3774,-2.2580,4.8984,0.5445,2.3615,-1.4338,-1.4338,-1.4338,1.9039,2.8052,2.8052,2.8052,2.0208,2.8052,2.8052,-0.0375,4.7967,4.7967,4.7967,-0.0375,-0.7162,-0.7162,-0.7409,0.5646,-2.0262,1.0932,1.0932,1.0932,-1.2719,-2.4903,-0.9325,-1.5982,0.9422,-0.9325,-0.9325,0.1039,-1.5047,2.0725,2.0168,2.0168,-4.7949,-0.7531,-4.4394,-0.8282,-4.4604,-2.6257,-1.0242,-1.6588,-0.5958,-0.5958,2.1046,-4.8779,-1.4698,-1.3152,0.7640,-0.0662,-0.0189,-3.2754,-3.2754,0.5393,-4.7864,-0.9854,-1.5824,-0.8366,-0.7646,-2.2623,1.9944,-2.2030,-0.8248,-0.8248,0.1089,-3.6767,-5.2761,-5.0896,-0.4316,-0.7447,-1.0555,-1.0125,-1.0125,-4.9045,-5.5883,-1.4214,0.2057,-1.1732,-0.5811,-1.9420,-0.0664,-1.9493,-1.9956,-0.6538,-0.6538,-0.6538,-0.5134,-1.8566,-1.6779,-1.8210,-1.8758,-1.2122,-1.3261,1.1301,1.1301,-1.5154,-1.1757,-2.0004,-2.4528,-2.2713,-1.8356,-1.6965,-1.9583,-1.9404,-1.4967,-0.1738,-2.4543,-2.1335,-1.8889,-1.5490,-2.6542,-2.1767,-3.0322,-1.6250,-2.2459,-3.0322,-4.0160,-4.0160,-4.0160,-4.0160,-2.5142,-2.1320,-2.1077,-2.3781,-2.6412,-2.3183,-2.3183,4.6533,-1.9345,-2.0571,-2.0571,-1.9640,-2.3819,-1.9295,-2.8929,-2.6121,-2.7817,-0.5697,-2.4573,-2.0465,-2.1985,-2.3026,-2.6844,-2.6844,-1.5892,-1.3696,-0.2612,-2.0389,-2.4848
  Trades/D (P6),,,,split_detail,,0.305,0.305,0.305,0.305,0.305,0.305,0.299,0.329,0.299,0.323,0.329,0.323,0.360,0.323,0.348,0.366,0.329,0.335,0.360,0.360,0.360,0.323,0.366,0.360,0.366,0.360,0.360,0.360,0.348,0.366,0.366,0.366,0.396,0.335,0.335,0.335,0.378,0.360,0.366,0.360,0.366,0.378,0.366,0.366,0.402,0.402,0.378,0.390,0.384,0.439,0.396,0.390,0.390,0.390,0.384,0.372,0.421,0.366,0.354,0.366,0.378,0.378,0.366,0.372,0.372,0.433,0.378,0.378,0.433,0.439,0.390,0.390,0.439,0.390,0.384,0.384,0.451,0.451,0.323,0.439,0.378,0.427,0.390,0.463,0.390,0.470,0.384,0.445,0.451,0.470,0.470,0.396,0.378,0.463,0.311,0.311,0.311,0.390,0.421,0.396,0.439,0.445,0.445,0.476,0.439,0.366,0.470,0.439,0.451,0.427,0.451,0.470,0.439,0.476,0.433,0.476,0.433,0.433,0.470,0.451,0.439,0.470,0.409,0.445,0.421,0.476,0.427,0.421,0.409,0.409,0.402,0.427,0.427,0.433,0.439,0.470,0.439,0.439,0.378,0.427,0.445,0.366,0.500,0.445,0.439,0.451,0.457,0.470,0.433,0.463,0.439,0.470,0.457,0.482,0.494,0.567,0.482,0.488,0.512,0.390,0.530,0.591,0.543,0.537,0.524,0.530,0.530,0.530,0.555,0.530,0.530,0.530,0.445,0.530,0.530,0.530,0.451,0.451,0.451,0.530,0.543,0.543,0.396,0.378,0.567,0.579,0.579,0.579,0.530,0.622,0.549,0.561,0.421,0.549,0.549,0.567,0.543,0.573,0.451,0.451,0.671,0.567,0.671,0.543,0.689,0.555,0.909,0.591,0.915,0.915,0.976,0.701,0.884,0.457,0.927,0.835,0.829,0.695,0.695,1.012,0.683,0.933,0.494,0.482,0.610,0.610,0.860,0.591,0.982,0.982,1.159,0.671,0.683,0.689,1.177,0.634,0.652,0.866,0.866,0.701,0.762,0.646,1.146,1.220,1.165,0.634,1.238,0.652,0.640,0.628,0.628,0.628,0.652,0.921,0.915,0.951,1.238,0.512,0.646,0.890,0.890,1.250,1.287,1.262,1.201,1.256,1.268,1.323,1.268,0.671,0.713,0.488,0.689,1.311,0.970,1.311,1.311,1.317,1.390,1.341,1.287,1.390,1.305,1.305,1.305,1.305,1.390,1.305,1.366,1.384,1.299,1.238,1.238,0.573,1.445,1.360,1.360,1.348,1.457,1.335,1.512,1.427,1.482,1.335,1.488,1.543,1.335,1.524,1.567,1.567,1.335,1.396,0.890,1.409,1.598
  Profit Fac (P6),,,,split_detail,,1.1749,1.1749,1.1749,1.1749,1.1749,1.1749,1.3425,0.9539,1.1442,1.1169,1.1552,1.0053,0.9941,1.0053,1.2975,1.1168,0.9080,1.0224,1.1391,1.1391,1.1391,1.0217,1.0788,1.1601,1.0991,1.0118,0.9879,1.0118,1.0045,1.1189,1.0793,1.1374,1.2522,1.0006,1.0006,1.0006,1.0305,0.9879,1.1063,1.0039,1.0772,0.9229,0.9811,0.9915,0.9086,0.9086,0.9871,0.9185,0.9343,1.0087,0.9408,0.9565,0.9256,0.9256,1.0859,0.9967,1.0882,1.0155,1.0903,0.9915,1.0245,1.0245,0.9541,0.9222,0.9222,0.9901,0.9229,0.8555,0.8883,0.9598,0.9670,0.9854,0.9598,0.9854,0.9900,0.9802,0.9121,0.9121,1.0023,0.9009,1.0004,0.8877,0.9914,0.8978,0.8874,0.9176,0.8867,0.7686,1.0058,0.9420,0.9156,0.9229,0.9952,0.8911,1.0919,1.0919,1.0919,0.9912,0.9113,0.9692,1.0324,0.8866,0.8866,0.8852,1.0324,1.1044,0.9076,1.0035,0.8747,0.8924,0.7422,1.0222,1.1157,0.8296,0.9042,0.8626,0.8735,0.8735,1.1234,1.0847,1.0636,0.9445,0.9159,0.8620,0.9854,0.8527,1.0468,0.9503,0.9708,0.9855,0.8421,1.0239,0.9467,0.8837,0.9130,0.9910,0.8372,0.9130,1.1229,0.9544,1.0720,1.1725,0.8964,0.7506,0.7859,0.8963,0.7924,0.9096,0.9377,0.9066,0.8370,0.7152,0.8520,0.8577,0.8755,1.0204,0.9061,1.1551,0.9126,0.9717,0.9334,0.9157,1.2086,1.0384,1.1206,0.9061,0.9061,0.9061,1.0958,1.1450,1.1450,1.1450,1.0804,1.1450,1.1450,0.9975,1.1867,1.1867,1.1867,0.9975,0.9643,0.9643,0.9691,1.0238,0.8978,1.0603,1.0603,1.0603,0.9379,0.8953,0.9544,0.8971,1.0408,0.9544,0.9544,1.0051,0.9231,1.1053,1.0902,1.0902,0.8084,0.9631,0.8205,0.9449,0.8184,0.8854,0.9313,0.8925,0.9597,0.9597,1.1276,0.8095,0.8977,0.9407,1.0436,0.9955,0.9987,0.8685,0.8685,1.0374,0.8112,0.9347,0.9330,0.9636,0.9506,0.8598,1.0942,0.8654,0.9429,0.9429,1.0074,0.7972,0.6970,0.7051,0.9713,0.9524,0.9343,0.9497,0.9497,0.7165,0.7547,0.9151,1.0140,0.9216,0.9623,0.8751,0.9956,0.8848,0.8822,0.9603,0.9603,0.9603,0.9682,0.9130,0.9209,0.9137,0.8787,0.9474,0.9219,1.0825,1.0825,0.9003,0.9211,0.8720,0.8314,0.8513,0.8812,0.8929,0.8731,0.8900,0.9108,0.9922,0.8633,0.8629,0.8722,0.8989,0.8288,0.8552,0.8233,0.8960,0.8586,0.8233,0.7666,0.7666,0.7666,0.7666,0.8422,0.8656,0.8660,0.8503,0.8452,0.8517,0.8517,1.2127,0.8703,0.8696,0.8696,0.8681,0.8523,0.8770,0.8209,0.8478,0.8315,0.9649,0.8554,0.8703,0.8701,0.8637,0.8354,0.8354,0.9044,0.9157,0.9858,0.8753,0.8414
  Max DD (P6),,,,split_detail,,"$8,246.00","$8,246.00","$8,246.00","$8,246.00","$8,246.00","$8,246.00","$6,326.00","$10,622.50","$7,085.00","$8,246.00","$7,116.00","$7,984.50","$8,078.00","$7,984.50","$6,626.00","$6,114.50","$9,607.00","$8,694.50","$6,114.50","$6,114.50","$6,114.50","$8,770.00","$6,030.00","$6,030.00","$6,114.50","$7,683.50","$7,949.50","$7,683.50","$8,511.50","$6,014.50","$6,114.50","$6,014.50","$6,094.00","$7,405.50","$7,405.50","$7,405.50","$7,700.00","$7,949.50","$6,014.50","$7,486.50","$6,014.50","$8,947.50","$7,977.00","$8,117.50","$11,741.50","$11,741.50","$8,520.00","$9,981.00","$8,802.50","$9,718.50","$8,681.50","$9,099.00","$9,715.00","$9,715.00","$6,286.00","$8,793.00","$7,234.50","$7,851.50","$6,592.00","$8,117.50","$7,294.00","$7,294.00","$8,414.50","$9,412.00","$9,412.00","$8,260.50","$9,146.00","$11,700.50","$12,538.00","$10,289.50","$7,871.00","$7,115.00","$10,289.50","$7,115.00","$7,123.00","$8,614.00","$11,398.00","$11,398.00","$6,028.50","$10,353.50","$8,936.00","$10,584.50","$6,944.00","$11,044.50","$9,932.50","$10,424.00","$10,198.50","$12,573.00","$8,177.00","$10,438.50","$10,424.00","$9,375.50","$8,177.00","$11,537.00","$9,111.00","$9,111.00","$9,111.00","$7,884.50","$10,974.50","$7,884.50","$9,861.50","$8,642.50","$8,642.50","$10,806.00","$9,861.50","$8,502.00","$10,260.50","$10,438.00","$12,087.00","$11,177.00","$14,049.50","$10,551.00","$9,021.50","$15,216.50","$12,290.00","$12,875.50","$12,843.50","$12,843.50","$8,004.50","$8,065.50","$10,079.50","$10,711.50","$12,878.50","$10,488.50","$9,759.50","$13,801.50","$10,011.00","$10,948.50","$11,320.00","$9,947.00","$13,927.00","$10,011.00","$11,872.50","$14,306.00","$7,801.50","$9,832.00","$13,907.50","$7,801.50","$7,198.50","$8,770.50","$7,703.00","$6,832.00","$10,631.00","$15,691.50","$15,664.50","$10,340.00","$14,055.00","$14,832.00","$10,192.50","$12,492.00","$13,371.00","$14,075.50","$13,084.00","$16,189.50","$12,521.00","$12,344.00","$13,093.00","$9,383.00","$9,827.50","$9,431.50","$10,940.50","$13,430.00","$11,064.50","$11,938.00","$9,631.50","$11,938.00","$11,938.00","$11,938.00","$10,940.50","$9,631.50","$9,631.50","$9,631.50","$9,069.00","$9,631.50","$9,631.50","$11,615.50","$8,925.00","$8,925.00","$8,925.00","$11,615.50","$10,940.50","$10,940.50","$9,400.50","$8,823.50","$10,171.50","$9,766.50","$9,766.50","$9,766.50","$9,827.50","$14,125.50","$10,940.50","$11,930.00","$9,854.00","$10,940.50","$10,940.50","$10,940.50","$11,333.00","$10,744.50","$6,976.00","$6,976.00","$17,775.00","$10,940.50","$17,491.50","$11,930.00","$14,871.50","$14,267.00","$15,631.50","$11,516.00","$16,340.00","$16,340.00","$10,092.00","$17,156.50","$12,836.00","$8,646.00","$7,874.50","$11,736.00","$15,808.50","$12,534.50","$12,534.50","$13,680.50","$16,608.00","$16,340.00","$8,596.50","$7,712.50","$12,978.00","$13,573.00","$8,112.50","$11,426.50","$18,090.00","$18,090.00","$16,412.00","$15,738.00","$22,109.00","$21,614.50","$15,577.00","$11,273.50","$12,196.50","$11,362.50","$11,362.50","$21,137.50","$19,468.50","$15,063.50","$15,283.50","$20,230.50","$16,010.00","$13,412.50","$19,377.00","$12,978.00","$12,978.00","$12,357.00","$12,357.00","$12,357.00","$12,357.00","$13,054.50","$13,054.50","$13,056.50","$21,337.50","$9,079.50","$15,199.00","$13,204.50","$13,204.50","$20,737.50","$20,235.50","$21,997.50","$18,552.00","$23,395.00","$21,077.50","$20,004.00","$21,119.50","$15,071.50","$16,116.00","$8,883.50","$15,071.50","$21,503.00","$18,627.50","$20,307.00","$21,723.50","$21,583.50","$21,322.50","$23,614.50","$20,590.00","$21,322.50","$24,319.00","$24,319.00","$24,319.00","$24,319.00","$20,428.00","$20,590.00","$19,315.00","$19,315.00","$19,290.50","$20,824.00","$20,824.00","$10,577.00","$24,403.00","$25,897.00","$25,897.00","$22,065.50","$20,440.50","$20,590.00","$22,459.50","$22,215.00","$20,538.50","$18,460.00","$26,307.00","$24,172.00","$21,256.00","$23,710.50","$22,341.00","$22,341.00","$25,102.00","$26,690.50","$11,287.00","$21,002.50","$22,541.50"
  Total PNL (P6),,,,split_detail,,"$4,231.00","$4,231.00","$4,231.00","$4,231.00","$4,231.00","$4,231.00","$7,828.50","$-1,395.00","$3,711.50","$3,040.00","$4,207.50",$154.00,$-176.00,$154.00,"$8,149.00","$3,435.50","$-2,753.50",$618.50,"$4,012.50","$4,012.50","$4,012.50",$630.00,"$2,400.50","$4,567.50","$2,983.50",$367.00,$-384.50,$367.00,$135.50,"$3,557.00","$2,414.50","$4,010.00","$7,749.00",$17.00,$17.00,$17.00,$981.00,$-384.50,"$3,179.50",$121.50,"$2,365.00","$-2,620.50",$-614.00,$-270.50,"$-3,416.50","$-3,416.50",$-419.50,"$-2,833.00","$-2,215.50",$327.50,"$-2,025.00","$-1,439.50","$-2,567.00","$-2,567.00","$2,745.00",$-102.50,"$3,007.00",$481.00,"$2,594.00",$-270.50,$775.00,$775.00,"$-1,480.00","$-2,593.00","$-2,593.00",$-369.50,"$-2,567.00","$-5,010.50","$-4,407.00","$-1,558.00","$-1,096.50",$-479.00,"$-1,558.00",$-479.00,$-323.50,$-649.00,"$-3,586.50","$-3,586.50",$50.50,"$-3,430.00",$11.50,"$-3,958.00",$-283.00,"$-4,254.00","$-3,820.50","$-3,395.50","$-3,846.50","$-9,585.50",$203.00,"$-2,315.50","$-3,479.50","$-2,660.50",$-153.50,"$-4,485.50","$2,228.50","$2,228.50","$2,228.50",$-282.50,"$-3,012.00","$-1,008.00","$1,058.00","$-4,403.00","$-4,403.00","$-4,775.50","$1,058.00","$3,026.00","$-3,692.50",$116.00,"$-5,563.50","$-3,727.50","$-11,062.00",$865.00,"$3,775.50","$-7,171.00","$-3,305.50","$-5,847.00","$-4,348.50","$-4,348.50","$4,582.50","$2,854.00","$2,095.50","$-2,104.50","$-2,754.00","$-5,853.00",$-495.50,"$-6,199.50","$1,533.50","$-1,708.50",$-913.50,$-481.00,"$-5,442.50",$784.50,"$-1,744.50","$-3,910.50","$-3,383.50",$-339.50,"$-5,754.50","$-3,383.50","$3,617.50","$-1,705.00","$2,558.50","$4,844.00","$-4,582.00","$-9,650.00","$-7,886.00","$-4,137.50","$-8,061.50","$-3,500.00","$-2,419.50","$-3,292.50","$-5,984.50","$-12,161.00","$-5,419.50","$-6,168.50","$-5,375.50",$977.00,"$-3,804.50","$6,234.00","$-3,663.50",$-894.50,"$-2,884.50","$-4,458.50","$8,968.50","$1,624.50","$4,628.00","$-4,225.00","$-4,225.00","$-4,225.00","$3,949.00","$5,561.50","$5,561.50","$5,561.50","$2,800.50","$5,561.50","$5,561.50",$-109.00,"$6,405.00","$6,405.00","$6,405.00",$-109.00,"$-1,554.00","$-1,554.00","$-1,016.50",$739.50,"$-4,825.00","$2,628.50","$2,628.50","$2,628.50","$-2,636.00","$-5,819.50","$-2,005.50","$-4,682.50","$1,362.00","$-2,005.50","$-2,005.50",$229.00,"$-3,494.50","$4,358.50","$3,147.00","$3,147.00","$-11,541.50","$-1,660.50","$-10,763.50","$-2,394.50","$-11,307.00","$-5,349.00","$-4,391.00","$-5,280.00","$-2,617.00","$-2,617.00","$8,137.00","$-11,971.00","$-6,349.50","$-2,239.50","$2,716.50",$-265.00,$-77.00,"$-7,899.50","$-7,899.50","$2,575.50","$-11,402.00","$-4,356.00","$-2,603.50","$-1,364.50","$-2,507.50","$-7,282.50","$5,463.00","$-6,878.50","$-4,091.50","$-4,091.50",$563.50,"$-12,201.00","$-18,489.00","$-17,994.50","$-2,285.50","$-2,439.50","$-3,503.50","$-3,348.00","$-3,348.00","$-17,517.50","$-16,230.50","$-4,692.50","$1,076.50","$-6,440.00","$-3,063.50","$-6,583.50",$-365.50,"$-6,485.00","$-6,552.50","$-2,113.50","$-2,113.50","$-2,113.50","$-1,716.50","$-6,434.50","$-5,802.00","$-6,540.00","$-10,500.00","$-2,178.50","$-4,360.00","$5,069.50","$5,069.50","$-8,406.50","$-6,640.00","$-11,318.00","$-13,903.00","$-13,168.00","$-10,242.00","$-9,608.50","$-10,915.00","$-6,628.00","$-5,321.50",$-312.50,"$-8,533.00","$-12,335.00","$-8,863.50","$-8,830.50","$-15,784.50","$-13,004.00","$-16,637.50","$-9,594.50","$-12,628.50","$-16,637.50","$-20,994.50","$-20,994.50","$-20,994.50","$-20,994.50","$-15,192.50","$-12,122.00","$-12,566.50","$-14,304.00","$-13,735.00","$-12,831.00","$-12,831.00","$9,055.00","$-12,329.00","$-12,340.00","$-12,340.00","$-11,688.00","$-14,669.00","$-11,201.50","$-18,627.50","$-14,658.00","$-17,232.00","$-3,035.00","$-14,640.00","$-13,488.00","$-11,890.50","$-13,888.00","$-17,552.50","$-17,552.50","$-8,625.00","$-7,707.00",$-897.50,"$-11,418.50","$-17,414.50"
  Avg Profit/Tr (P6),,,,split_detail,,$84.62,$84.62,$84.62,$84.62,$84.62,$84.62,$159.77,$-25.83,$75.74,$57.36,$77.92,$2.91,$-2.98,$2.91,$142.96,$57.26,$-50.99,$11.25,$68.01,$68.01,$68.01,$11.89,$40.01,$77.42,$49.73,$6.22,$-6.52,$6.22,$2.38,$59.28,$40.24,$66.83,$119.22,$0.31,$0.31,$0.31,$15.82,$-6.52,$52.99,$2.06,$39.42,$-42.27,$-10.23,$-4.51,$-51.77,$-51.77,$-6.77,$-44.27,$-35.17,$4.55,$-31.15,$-22.49,$-40.11,$-40.11,$43.57,$-1.68,$43.58,$8.02,$44.72,$-4.51,$12.50,$12.50,$-24.67,$-42.51,$-42.51,$-5.20,$-41.40,$-80.81,$-62.07,$-21.64,$-17.13,$-7.48,$-21.64,$-7.48,$-5.13,$-10.30,$-48.47,$-48.47,$0.95,$-47.64,$0.19,$-56.54,$-4.42,$-55.97,$-59.70,$-44.10,$-61.06,$-131.31,$2.74,$-30.07,$-45.19,$-40.93,$-2.48,$-59.02,$43.70,$43.70,$43.70,$-4.41,$-43.65,$-15.51,$14.69,$-60.32,$-60.32,$-61.22,$14.69,$50.43,$-47.95,$1.61,$-75.18,$-53.25,$-149.49,$11.23,$52.44,$-91.94,$-46.56,$-74.96,$-61.25,$-61.25,$59.51,$38.57,$29.10,$-27.33,$-41.10,$-80.18,$-7.18,$-79.48,$21.91,$-24.76,$-13.63,$-7.18,$-82.46,$11.21,$-24.92,$-55.08,$-46.99,$-4.41,$-79.92,$-46.99,$58.35,$-24.36,$35.05,$80.73,$-55.88,$-132.19,$-109.53,$-55.91,$-107.49,$-45.45,$-34.08,$-43.32,$-83.12,$-157.94,$-72.26,$-78.08,$-66.36,$10.51,$-48.16,$77.93,$-43.61,$-13.98,$-33.16,$-45.96,$100.77,$18.46,$53.81,$-48.56,$-48.56,$-48.56,$43.40,$63.93,$63.93,$63.93,$38.36,$63.93,$63.93,$-1.25,$86.55,$86.55,$86.55,$-1.25,$-17.46,$-17.46,$-15.64,$11.93,$-51.88,$27.67,$27.67,$27.67,$-30.30,$-57.05,$-22.28,$-50.90,$19.74,$-22.28,$-22.28,$2.46,$-39.26,$46.37,$42.53,$42.53,$-104.92,$-17.85,$-97.85,$-26.90,$-100.06,$-58.78,$-29.47,$-54.43,$-17.45,$-17.45,$50.86,$-104.10,$-43.79,$-29.86,$17.87,$-1.93,$-0.57,$-69.29,$-69.29,$15.52,$-101.80,$-28.47,$-32.14,$-17.27,$-25.07,$-72.82,$38.74,$-70.91,$-25.41,$-25.41,$2.97,$-110.92,$-165.08,$-159.24,$-11.84,$-23.46,$-32.74,$-23.58,$-23.58,$-152.33,$-129.84,$-44.27,$5.73,$-32.20,$-16.04,$-63.30,$-1.80,$-60.61,$-62.40,$-20.52,$-20.52,$-20.52,$-16.04,$-42.61,$-38.68,$-41.92,$-51.72,$-25.93,$-41.13,$34.72,$34.72,$-41.01,$-31.47,$-54.68,$-70.57,$-63.92,$-49.24,$-44.28,$-52.48,$-60.25,$-45.48,$-3.91,$-75.51,$-57.37,$-55.75,$-41.07,$-73.42,$-60.20,$-72.97,$-43.61,$-59.85,$-72.97,$-98.11,$-98.11,$-98.11,$-98.11,$-66.63,$-56.64,$-56.10,$-63.01,$-64.48,$-63.21,$-63.21,$96.33,$-52.02,$-55.34,$-55.34,$-52.89,$-61.38,$-51.15,$-75.11,$-62.64,$-70.91,$-13.86,$-60.00,$-53.31,$-54.29,$-55.55,$-68.30,$-68.30,$-39.38,$-33.66,$-6.15,$-49.43,$-66.47
  Span (min) (P6),,,,split_detail,,230.58,230.58,230.58,230.58,230.58,230.58,172.29,170.20,176.71,223.47,165.67,170.38,215.22,170.38,162.23,221.32,229.70,218.65,224.83,224.83,224.83,168.79,222.60,221.39,218.52,221.98,222.34,221.75,223.88,214.67,222.37,222.60,202.35,224.51,224.51,224.51,214.74,222.10,215.13,216.88,214.20,213.84,219.10,223.30,142.86,142.86,212.60,205.19,209.67,186.18,201.60,201.58,205.08,205.08,198.11,202.77,199.45,222.95,219.90,223.30,207.52,207.52,213.97,210.80,210.80,185.45,211.92,207.97,177.17,180.83,209.56,200.59,180.83,200.59,209.44,196.78,176.89,176.89,190.06,187.74,204.24,187.20,197.42,183.29,209.89,180.45,208.78,175.10,188.05,182.18,178.18,198.80,208.87,169.29,213.84,213.84,213.84,202.45,192.14,203.97,191.33,177.11,177.11,175.09,191.33,208.37,172.73,189.78,155.80,189.60,174.05,134.45,194.25,173.65,191.37,175.63,182.39,182.39,180.91,186.26,186.47,186.45,186.28,159.08,190.12,172.40,187.90,190.22,183.25,192.45,177.97,187.50,177.70,177.86,186.86,179.09,176.36,186.86,203.11,190.60,182.96,212.10,166.21,171.07,176.26,189.19,173.97,171.45,191.17,170.86,180.83,161.73,170.33,166.23,168.35,162.81,167.11,148.57,177.58,189.44,174.36,161.51,178.70,173.33,172.40,176.85,176.85,176.85,171.54,173.07,173.07,173.07,176.44,173.07,173.07,176.45,135.93,135.93,135.93,176.45,173.58,173.58,202.89,207.40,173.87,171.39,171.39,171.39,174.52,152.35,172.51,169.45,183.52,172.51,172.51,175.98,160.21,167.85,177.36,177.36,147.76,170.71,147.45,172.33,147.12,160.62,112.66,170.96,111.02,111.02,103.91,142.86,108.67,174.72,107.67,111.44,115.29,147.00,147.00,101.25,147.00,109.85,166.19,170.22,169.82,168.14,119.00,168.00,101.35,101.35,89.86,162.08,142.06,141.42,87.12,157.30,154.65,143.55,143.55,140.43,141.57,161.46,85.97,82.36,91.37,153.12,92.83,162.70,164.47,163.72,163.72,163.72,161.13,138.42,139.21,135.24,84.62,169.33,162.06,86.73,86.73,81.10,79.72,85.89,80.77,83.73,82.59,86.00,79.59,158.45,147.66,172.03,154.37,81.36,78.85,81.56,81.43,82.28,77.09,84.29,79.09,77.09,76.90,76.90,76.90,76.90,76.29,79.91,77.38,77.15,79.43,83.90,83.90,158.77,77.97,81.30,81.30,78.77,75.07,78.85,75.81,76.10,77.58,78.95,77.14,76.36,76.62,76.36,74.06,74.06,80.04,76.60,131.75,75.06,76.81
  Sortino (P8),,,,split_detail,,1.4275,1.4275,1.4275,1.4275,1.4275,1.4275,2.1978,-0.6309,-0.8025,1.4275,-0.5364,-0.8025,1.9103,-0.8025,-1.0490,-0.8793,2.4857,1.6837,-0.8344,-0.8344,-0.8344,-1.3194,-0.4290,-0.4290,-0.8344,-1.1378,-1.2865,-1.1378,-0.1099,-1.9613,-1.3561,-1.4082,-1.2107,-1.5497,-1.5497,-1.5497,-2.4629,-1.7407,-2.4823,-3.3075,-2.1145,-3.3075,-3.8062,-0.9325,3.1894,3.1894,-3.7347,-3.5115,-3.7168,-0.6997,-3.3628,-3.4808,-2.9840,-2.9840,-4.3011,-2.1644,-1.4955,-0.7787,-0.3920,-0.4992,-2.7933,-2.7933,-2.4051,-2.4051,-2.4051,-1.8761,-2.9802,-2.9473,0.9456,1.2353,-2.8573,-1.9424,1.2353,-1.9424,-1.4835,-2.5630,0.3329,0.3329,-4.3687,-2.7780,-0.5807,-2.7712,-1.1803,0.2348,-3.6819,0.5376,-2.8896,-0.2504,-3.3805,0.1918,1.6428,1.3273,-1.6688,0.3329,0.5276,0.5276,0.5276,-2.5284,-4.1285,-2.5157,-4.6831,-7.4056,-7.4056,1.0452,-4.6831,-1.0224,-1.0890,-3.2327,3.5460,-3.6536,0.9567,4.0583,-3.2327,-3.4574,-3.8497,-0.4052,-4.0030,-4.0030,-0.1568,-5.4610,-2.6701,-7.1545,-3.6691,6.3590,-1.8802,-1.5441,-2.5156,-2.2777,-2.5156,-0.6362,-3.0189,-2.6498,-1.6313,-2.0610,-0.0041,-4.3560,-1.8444,-0.0041,-1.2715,2.1289,-2.8737,0.2695,5.8268,-3.5363,-0.9656,3.2768,-4.3244,-3.1358,1.5359,-2.6415,-0.8930,0.6706,-3.3790,-2.9314,0.8500,-1.2312,-4.2704,0.7358,-0.2813,-3.4591,-1.4256,0.7271,0.4732,1.2615,-1.2704,0.9856,0.9856,0.9856,-0.2691,-1.8774,-1.8774,-1.8774,-2.9163,-1.8774,-1.8774,-1.3858,2.1136,2.1136,2.1136,-1.3858,-1.5264,-1.5264,0.6048,1.2303,-1.8188,-1.3426,-1.3426,-1.3426,-1.0029,-2.4764,-2.0748,-1.9538,-1.3885,-2.0748,-2.0748,-2.7042,-6.0402,-2.5309,1.0939,1.0939,-1.9078,-3.4532,-2.3862,-3.2246,-2.7555,-4.3396,1.8768,-1.9122,-2.8954,-2.8954,-2.0986,-2.7462,-1.6192,3.2633,-1.0698,-3.0976,-2.5146,-3.4762,-3.4762,-1.4485,-2.4084,-2.7634,2.1268,2.2725,-2.1289,-1.8661,2.7522,-2.6143,-2.3327,-2.3327,-3.0639,-0.4004,-2.8647,-2.8647,-1.7719,-3.5067,-2.7389,1.0441,1.0441,-3.0999,-2.3179,-2.5670,-3.9836,-3.4799,-3.1464,-4.7147,-3.7513,-0.9617,-0.9450,-3.2401,-3.2401,-3.2401,-3.2401,-1.5234,-1.6108,-1.8951,-4.0732,2.2309,-1.1871,-5.0234,-5.0234,-3.0381,-2.5937,-3.7905,-4.6008,-3.7029,-3.2167,-4.4552,-3.4446,0.0212,-1.2571,2.0584,-0.4571,-3.9654,-4.3295,-5.1933,-5.7407,-5.1767,-5.1428,-4.8610,-6.3079,-5.3351,-5.3176,-5.3176,-5.4247,-5.4247,-3.4634,-6.4609,-4.0555,-4.0555,-5.4864,-5.6368,-5.6368,-0.7324,-6.0119,-5.6933,-5.6933,-4.9568,-3.7777,-6.5926,-4.2177,-5.8121,-4.2689,-5.9508,-6.8025,-5.5226,-6.5816,-4.7675,-4.3100,-4.3100,-6.1724,-5.7383,2.0488,-7.3704,-5.0054
  Trades/D (P8),,,,split_detail,,0.276,0.276,0.276,0.276,0.276,0.276,0.239,0.264,0.252,0.276,0.258,0.252,0.282,0.252,0.264,0.301,0.288,0.276,0.301,0.301,0.301,0.258,0.294,0.294,0.301,0.294,0.294,0.294,0.294,0.307,0.307,0.307,0.313,0.313,0.313,0.313,0.319,0.301,0.313,0.313,0.313,0.313,0.319,0.325,0.294,0.294,0.325,0.319,0.325,0.331,0.313,0.325,0.319,0.319,0.313,0.325,0.325,0.331,0.331,0.319,0.337,0.337,0.325,0.325,0.325,0.344,0.331,0.337,0.350,0.356,0.325,0.350,0.356,0.350,0.325,0.368,0.362,0.362,0.288,0.380,0.344,0.374,0.350,0.350,0.344,0.356,0.350,0.356,0.387,0.362,0.356,0.362,0.362,0.362,0.282,0.282,0.282,0.356,0.380,0.356,0.405,0.356,0.356,0.368,0.405,0.313,0.380,0.393,0.350,0.387,0.362,0.337,0.393,0.399,0.393,0.374,0.399,0.399,0.331,0.417,0.429,0.374,0.429,0.362,0.405,0.387,0.429,0.423,0.429,0.399,0.411,0.429,0.442,0.436,0.362,0.417,0.448,0.362,0.331,0.387,0.356,0.325,0.380,0.454,0.436,0.399,0.442,0.442,0.393,0.448,0.429,0.399,0.460,0.393,0.417,0.466,0.393,0.368,0.454,0.344,0.485,0.472,0.436,0.485,0.479,0.485,0.485,0.485,0.485,0.485,0.485,0.485,0.362,0.485,0.485,0.515,0.319,0.319,0.319,0.515,0.485,0.485,0.337,0.331,0.509,0.509,0.509,0.509,0.466,0.528,0.497,0.534,0.387,0.497,0.497,0.503,0.485,0.515,0.393,0.393,0.528,0.528,0.528,0.534,0.540,0.485,0.687,0.540,0.767,0.767,0.779,0.534,0.779,0.436,0.785,0.706,0.669,0.564,0.564,0.822,0.546,0.767,0.429,0.429,0.583,0.558,0.669,0.589,0.748,0.748,0.877,0.577,0.644,0.644,0.871,0.601,0.626,0.742,0.742,0.681,0.650,0.607,0.908,0.945,0.865,0.607,0.957,0.589,0.589,0.607,0.607,0.607,0.607,0.779,0.773,0.785,0.939,0.448,0.601,0.644,0.644,0.969,0.994,0.963,0.945,0.975,0.988,1.049,1.012,0.607,0.626,0.460,0.632,1.043,0.742,1.104,1.092,1.067,1.117,1.104,0.939,1.123,1.104,1.104,1.110,1.110,1.117,0.957,1.104,1.104,0.994,1.049,1.049,0.491,1.233,1.141,1.141,1.135,1.184,1.000,1.209,1.135,1.190,1.074,1.202,1.294,1.098,1.258,1.270,1.270,1.104,1.123,0.773,1.153,1.319
  Profit Fac (P8),,,,split_detail,,1.0837,1.0837,1.0837,1.0837,1.0837,1.0837,1.1318,0.9621,0.9544,1.0837,0.9703,0.9544,1.1211,0.9544,0.9392,0.9516,1.1565,1.1044,0.9539,0.9539,0.9539,0.9262,0.9759,0.9759,0.9539,0.9353,0.9282,0.9353,0.9932,0.9003,0.9269,0.9244,0.9321,0.9105,0.9105,0.9105,0.8708,0.9047,0.8722,0.8235,0.8837,0.8235,0.8015,0.9498,1.1909,1.1909,0.8017,0.8119,0.8097,0.9611,0.8178,0.8191,0.8410,0.8410,0.7722,0.8812,0.9196,0.9567,0.9788,0.9726,0.8576,0.8576,0.8725,0.8725,0.8725,0.9011,0.8440,0.8447,1.0522,1.0693,0.8569,0.9030,1.0693,0.9030,0.9219,0.8727,1.0182,1.0182,0.6872,0.8534,0.9678,0.8561,0.9391,1.0125,0.8114,1.0292,0.8534,0.9874,0.8280,1.0103,1.0910,1.0728,0.9079,1.0182,1.0272,1.0272,1.0272,0.8719,0.7818,0.8725,0.7377,0.6463,0.6463,1.0576,0.7377,0.9476,0.9436,0.8304,1.1980,0.8038,1.0478,1.2294,0.8304,0.8132,0.7962,0.9790,0.7869,0.7869,0.9919,0.7144,0.8522,0.6164,0.7945,1.3629,0.9029,0.9234,0.8595,0.8737,0.8595,0.9670,0.8583,0.8520,0.9133,0.8904,0.9998,0.7570,0.9018,0.9998,0.9377,1.1131,0.8637,1.0130,1.3361,0.8017,0.9481,1.1788,0.7797,0.8337,1.0803,0.8551,0.9525,1.0350,0.8105,0.8583,1.0455,0.9386,0.7929,1.0365,0.9845,0.8348,0.9220,1.0384,1.0213,1.0741,0.9367,1.0564,1.0564,1.0564,0.9853,0.9080,0.9080,0.9080,0.8625,0.9080,0.9080,0.9263,1.1075,1.1075,1.1075,0.9263,0.9179,0.9179,1.0301,1.0633,0.9112,0.9346,0.9346,0.9346,0.9456,0.8742,0.8879,0.9034,0.9355,0.8879,0.8879,0.8567,0.6777,0.8730,1.0486,1.0486,0.9004,0.8180,0.8737,0.8454,0.8586,0.7480,1.0985,0.8985,0.8369,0.8369,0.8818,0.8597,0.9099,1.1605,0.9388,0.8261,0.8525,0.8303,0.8303,0.9169,0.8749,0.8443,1.0972,1.1041,0.8815,0.8980,1.1432,0.8573,0.8747,0.8747,0.8396,0.9769,0.8505,0.8505,0.9032,0.8234,0.8601,1.0646,1.0646,0.8337,0.8707,0.8606,0.7874,0.8111,0.8354,0.7603,0.7990,0.9447,0.9459,0.8268,0.8268,0.8268,0.8268,0.9143,0.9101,0.8962,0.7851,1.1038,0.9331,0.7368,0.7368,0.8355,0.8464,0.7985,0.7723,0.8185,0.8268,0.7714,0.8195,1.0012,0.9334,1.0921,0.9736,0.7941,0.7737,0.7447,0.7089,0.7464,0.7341,0.7540,0.7070,0.7265,0.7412,0.7412,0.7367,0.7367,0.8186,0.7008,0.7910,0.7910,0.7340,0.7180,0.7180,0.9654,0.7006,0.7157,0.7157,0.7462,0.8011,0.6955,0.7802,0.7041,0.7792,0.7074,0.6655,0.7294,0.6749,0.7674,0.7797,0.7797,0.7063,0.7208,1.1067,0.6064,0.7430
  Max DD (P8),,,,split_detail,,"$7,123.50","$7,123.50","$7,123.50","$7,123.50","$7,123.50","$7,123.50","$6,951.00","$7,344.50","$7,243.00","$7,123.50","$7,083.00","$7,243.00","$6,777.00","$7,243.00","$7,121.00","$8,220.00","$6,372.00","$6,844.00","$8,220.00","$8,220.00","$8,220.00","$7,109.50","$7,839.00","$7,839.00","$8,220.00","$7,865.50","$7,999.00","$7,865.50","$7,145.50","$9,227.00","$8,672.00","$8,761.50","$8,060.00","$7,731.00","$7,731.00","$7,731.00","$8,672.00","$8,451.00","$8,963.50","$8,317.50","$8,470.00","$8,317.50","$8,859.00","$7,751.00","$7,287.50","$7,287.50","$8,859.00","$8,317.50","$8,659.00","$9,341.00","$8,664.00","$8,832.50","$8,317.50","$8,317.50","$8,710.00","$8,493.50","$8,725.50","$7,617.50","$7,591.00","$7,299.00","$9,213.50","$9,213.50","$8,992.50","$8,992.50","$8,992.50","$9,707.50","$8,859.00","$9,013.50","$8,054.50","$8,054.50","$8,889.00","$9,954.50","$8,054.50","$9,954.50","$8,470.00","$9,976.00","$8,876.00","$8,876.00","$8,437.00","$9,028.00","$7,252.00","$9,028.00","$9,752.50","$8,697.00","$9,600.00","$8,697.00","$8,492.00","$8,798.00","$9,760.00","$9,078.00","$8,950.50","$9,234.50","$8,313.50","$8,876.00","$7,481.50","$7,481.50","$7,481.50","$8,713.00","$9,743.50","$8,713.00","$11,223.50","$11,417.00","$11,417.00","$9,185.00","$11,223.50","$8,108.00","$10,105.00","$9,409.00","$6,459.50","$9,668.00","$9,015.00","$8,688.00","$9,409.00","$11,463.50","$9,107.50","$10,832.50","$9,878.00","$9,878.00","$9,225.00","$11,999.00","$11,091.50","$12,304.50","$12,272.00","$5,966.50","$9,743.00","$11,374.00","$11,319.00","$10,569.00","$11,319.00","$9,743.00","$11,720.00","$11,532.50","$10,545.00","$10,545.00","$10,207.50","$10,226.50","$11,313.00","$10,207.50","$8,224.50","$9,868.00","$9,423.00","$7,878.00","$5,979.50","$13,100.50","$10,705.00","$9,325.50","$13,194.50","$12,174.50","$10,302.50","$12,474.50","$9,316.00","$10,846.50","$13,050.50","$12,966.50","$11,430.00","$13,013.00","$13,011.50","$6,831.50","$6,828.00","$9,390.50","$8,797.00","$13,104.50","$10,884.50","$6,047.50","$8,022.00","$6,207.50","$6,207.50","$6,207.50","$7,289.50","$8,883.50","$8,883.50","$8,883.50","$9,573.00","$8,883.50","$8,883.50","$8,002.00","$8,640.00","$8,640.00","$8,640.00","$8,002.00","$8,660.50","$8,660.50","$6,921.50","$6,731.50","$8,240.50","$7,438.00","$7,438.00","$7,438.00","$7,926.00","$16,866.50","$9,895.00","$9,440.00","$10,513.50","$9,895.00","$9,895.00","$10,938.00","$12,798.00","$9,906.50","$10,511.50","$10,511.50","$15,530.50","$11,179.00","$15,678.00","$11,583.50","$15,025.50","$11,681.50","$6,408.50","$9,777.50","$13,077.50","$13,077.50","$9,577.00","$14,851.50","$8,322.50","$8,956.00","$8,269.00","$8,400.00","$10,234.50","$17,532.00","$17,532.00","$9,440.50","$15,726.00","$12,798.00","$10,592.50","$10,312.50","$10,905.00","$9,697.50","$5,512.00","$11,649.00","$6,982.50","$6,982.50","$11,203.50","$9,591.00","$10,106.00","$10,106.00","$9,945.00","$12,292.50","$10,932.50","$9,646.00","$9,646.00","$11,279.00","$17,216.50","$11,811.50","$15,163.00","$11,485.50","$12,259.00","$11,751.00","$13,970.00","$9,009.00","$9,009.50","$12,993.50","$12,993.50","$12,993.50","$12,993.50","$15,646.50","$15,837.50","$16,056.00","$13,002.50","$10,445.50","$8,919.00","$14,281.50","$14,281.50","$10,525.50","$9,682.50","$12,479.50","$13,813.00","$11,319.50","$11,100.50","$17,129.00","$11,958.00","$11,158.50","$9,364.00","$11,125.50","$12,391.50","$13,403.00","$11,605.00","$16,880.50","$18,531.50","$16,827.00","$17,110.50","$16,659.50","$17,213.00","$17,705.00","$16,804.50","$16,804.50","$17,146.50","$17,146.50","$12,018.00","$17,788.00","$13,544.50","$13,544.50","$16,219.50","$18,482.00","$18,482.00","$13,982.50","$22,394.00","$19,914.50","$19,914.50","$17,941.50","$13,630.50","$18,599.00","$15,120.50","$20,418.50","$14,904.50","$18,820.00","$23,860.00","$20,264.00","$21,836.00","$16,930.00","$15,823.50","$15,823.50","$20,025.50","$18,990.00","$8,771.50","$28,378.00","$18,559.00"
  Total PNL (P8),,,,split_detail,,"$1,247.50","$1,247.50","$1,247.50","$1,247.50","$1,247.50","$1,247.50","$1,765.00",$-584.00,$-697.50,"$1,247.50",$-446.50,$-697.50,"$1,768.00",$-697.50,$-946.00,$-821.00,"$2,348.50","$1,527.00",$-780.00,$-780.00,$-780.00,"$-1,164.00",$-399.00,$-399.00,$-780.00,"$-1,116.50","$-1,250.00","$-1,116.50",$-110.00,"$-1,787.50","$-1,273.00","$-1,321.50","$-1,208.00","$-1,609.50","$-1,609.50","$-1,609.50","$-2,396.50","$-1,702.00","$-2,366.50","$-3,472.50","$-2,132.50","$-3,472.50","$-4,014.00",$-966.00,"$3,124.00","$3,124.00","$-4,008.50","$-3,753.50","$-3,931.00",$-723.50,"$-3,532.50","$-3,577.50","$-3,062.50","$-3,062.50","$-4,268.00","$-2,177.50","$-1,502.50",$-827.00,$-396.00,$-514.00,"$-2,827.00","$-2,827.00","$-2,488.50","$-2,488.50","$-2,488.50","$-2,008.50","$-3,150.00","$-3,047.00","$1,029.50","$1,368.50","$-2,794.50","$-1,894.50","$1,368.50","$-1,894.50","$-1,403.00","$-2,643.00",$374.00,$374.00,"$-4,814.00","$-3,506.50",$-608.50,"$-3,441.50","$-1,174.00",$255.00,"$-3,962.00",$594.00,"$-3,140.50",$-261.00,"$-4,238.50",$213.00,"$1,819.00","$1,367.50","$-2,064.00",$374.00,$421.00,$421.00,$421.00,"$-2,684.50","$-5,373.50","$-2,671.00","$-7,255.50","$-7,919.00","$-7,919.00","$1,186.50","$-7,255.50",$-877.00,"$-1,261.50","$-4,168.50","$3,782.50","$-4,832.00","$1,003.00","$4,412.50","$-4,168.50","$-4,523.50","$-5,145.50",$-461.00,"$-5,278.00","$-5,278.00",$-163.00,"$-8,037.00","$-4,123.50","$-8,977.00","$-6,071.50","$6,591.50","$-2,565.50","$-1,784.00","$-4,003.50","$-3,540.00","$-4,003.50",$-813.00,"$-3,600.00","$-4,217.00","$-2,368.50","$-3,058.50",$-4.50,"$-6,031.50","$-2,772.50",$-4.50,"$-1,176.50","$2,468.50","$-2,723.00",$231.50,"$6,928.00","$-6,173.00","$-1,389.50","$3,659.00","$-6,540.50","$-4,670.50","$1,776.50","$-4,186.50","$-1,275.50",$808.00,"$-5,836.50","$-3,403.50","$1,079.00","$-1,793.50","$-4,958.00",$795.00,$-412.50,"$-3,175.00","$-2,229.00","$1,101.50",$580.50,"$2,097.00","$-1,723.50","$1,623.50","$1,623.50","$1,623.50",$-408.00,"$-2,585.00","$-2,585.00","$-2,585.00","$-2,872.00","$-2,585.00","$-2,585.00","$-2,403.00","$1,938.50","$1,938.50","$1,938.50","$-2,403.00","$-2,359.00","$-2,359.00",$539.00,"$1,097.00","$-2,880.50","$-2,067.50","$-2,067.50","$-2,067.50","$-1,510.50","$-4,169.00","$-3,327.00","$-3,356.50","$-1,388.00","$-3,327.00","$-3,327.00","$-4,370.00","$-9,734.50","$-3,917.00","$1,093.50","$1,093.50","$-3,199.00","$-6,019.50","$-4,067.00","$-5,500.00","$-4,654.50","$-7,233.50","$3,080.50","$-3,555.00","$-6,129.50","$-6,129.50","$-4,512.50","$-4,537.50","$-3,447.00","$3,597.50","$-2,316.50","$-6,287.50","$-4,893.50","$-5,964.50","$-5,964.50","$-3,265.00","$-4,140.50","$-5,850.00","$2,378.50","$2,564.00","$-4,366.00","$-3,597.50","$4,346.00","$-5,426.50","$-4,727.00","$-4,727.00","$-6,878.00",$-815.50,"$-6,093.50","$-6,093.50","$-3,963.00","$-7,028.00","$-5,668.00","$2,561.50","$2,561.50","$-7,052.00","$-5,030.50","$-5,432.00","$-9,542.50","$-8,939.50","$-7,114.50","$-9,309.00","$-9,554.00","$-2,006.00","$-1,966.50","$-6,893.50","$-6,893.50","$-6,893.50","$-6,893.50","$-3,893.00","$-4,084.00","$-4,822.00","$-10,456.50","$2,582.00","$-2,525.50","$-8,800.50","$-8,800.50","$-7,979.50","$-7,084.00","$-9,933.50","$-10,552.00","$-8,773.50","$-8,554.50","$-11,991.50","$-9,412.00",$44.50,"$-2,556.00","$2,351.50","$-1,002.00","$-10,857.00","$-9,059.00","$-14,188.50","$-15,933.00","$-14,281.00","$-15,069.00","$-14,113.50","$-14,829.00","$-15,663.50","$-14,763.00","$-14,763.00","$-15,105.00","$-15,105.00","$-9,976.50","$-15,404.00","$-11,503.00","$-11,503.00","$-13,835.50","$-15,936.00","$-15,936.00","$-1,004.00","$-19,795.50","$-17,368.50","$-17,368.50","$-15,207.00","$-11,589.00","$-16,215.00","$-13,079.00","$-18,034.50","$-12,863.00","$-16,436.00","$-21,673.50","$-18,222.50","$-19,649.50","$-14,888.50","$-13,782.00","$-13,782.00","$-17,641.50","$-16,606.00","$4,191.00","$-25,994.00","$-16,517.50"
  Avg Profit/Tr (P8),,,,split_detail,,$27.72,$27.72,$27.72,$27.72,$27.72,$27.72,$45.26,$-13.58,$-17.01,$27.72,$-10.63,$-17.01,$38.43,$-17.01,$-22.00,$-16.76,$49.97,$33.93,$-15.92,$-15.92,$-15.92,$-27.71,$-8.31,$-8.31,$-15.92,$-23.26,$-26.04,$-23.26,$-2.29,$-35.75,$-25.46,$-26.43,$-23.69,$-31.56,$-31.56,$-31.56,$-46.09,$-34.73,$-46.40,$-68.09,$-41.81,$-68.09,$-77.19,$-18.23,$65.08,$65.08,$-75.63,$-72.18,$-74.17,$-13.40,$-69.26,$-67.50,$-58.89,$-58.89,$-83.69,$-41.08,$-28.35,$-15.31,$-7.33,$-9.88,$-51.40,$-51.40,$-46.95,$-46.95,$-46.95,$-35.87,$-58.33,$-55.40,$18.06,$23.59,$-52.73,$-33.24,$23.59,$-33.24,$-26.47,$-44.05,$6.34,$6.34,$-102.43,$-56.56,$-10.87,$-56.42,$-20.60,$4.47,$-70.75,$10.24,$-55.10,$-4.50,$-67.28,$3.61,$31.36,$23.18,$-34.98,$6.34,$9.15,$9.15,$9.15,$-46.28,$-86.67,$-46.05,$-109.93,$-136.53,$-136.53,$19.77,$-109.93,$-17.20,$-20.35,$-65.13,$66.36,$-76.70,$17.00,$80.23,$-65.13,$-69.59,$-80.40,$-7.56,$-81.20,$-81.20,$-3.02,$-118.19,$-58.91,$-147.16,$-86.74,$111.72,$-38.87,$-28.32,$-57.19,$-51.30,$-57.19,$-12.51,$-53.73,$-60.24,$-32.90,$-43.08,$-0.08,$-88.70,$-37.98,$-0.08,$-21.79,$39.18,$-46.95,$4.37,$111.74,$-83.42,$-19.57,$56.29,$-90.84,$-64.87,$27.76,$-57.35,$-18.22,$12.43,$-77.82,$-53.18,$15.87,$-23.60,$-77.47,$13.25,$-5.57,$-56.70,$-28.22,$14.31,$8.18,$26.54,$-22.10,$20.55,$20.55,$20.55,$-5.16,$-32.72,$-32.72,$-32.72,$-48.68,$-32.72,$-32.72,$-28.61,$37.28,$37.28,$37.28,$-28.61,$-29.86,$-29.86,$9.80,$20.31,$-34.70,$-24.91,$-24.91,$-24.91,$-19.88,$-48.48,$-41.07,$-38.58,$-22.03,$-41.07,$-41.07,$-53.29,$-123.22,$-46.63,$17.09,$17.09,$-37.20,$-69.99,$-47.29,$-63.22,$-52.89,$-91.56,$27.50,$-40.40,$-49.04,$-49.04,$-35.53,$-52.16,$-27.14,$50.67,$-18.10,$-54.67,$-44.89,$-64.83,$-64.83,$-24.37,$-46.52,$-46.80,$33.98,$36.63,$-45.96,$-39.53,$39.87,$-56.53,$-38.75,$-38.75,$-48.10,$-8.68,$-58.03,$-58.03,$-27.91,$-71.71,$-55.57,$21.17,$21.17,$-63.53,$-47.46,$-54.87,$-64.48,$-58.05,$-50.46,$-94.03,$-61.24,$-20.90,$-20.48,$-69.63,$-69.63,$-69.63,$-69.63,$-30.65,$-32.41,$-37.67,$-68.34,$35.37,$-25.77,$-83.81,$-83.81,$-50.50,$-43.73,$-63.27,$-68.52,$-55.18,$-53.13,$-70.13,$-57.04,$0.45,$-25.06,$31.35,$-9.73,$-63.86,$-74.87,$-78.82,$-89.51,$-82.07,$-82.80,$-78.41,$-96.92,$-85.59,$-82.02,$-82.02,$-83.45,$-83.45,$-54.82,$-98.74,$-63.91,$-63.91,$-85.40,$-93.19,$-93.19,$-12.55,$-98.49,$-93.38,$-93.38,$-82.20,$-60.05,$-99.48,$-66.39,$-97.48,$-66.30,$-93.92,$-110.58,$-86.36,$-109.77,$-72.63,$-66.58,$-66.58,$-98.01,$-90.74,$33.26,$-138.27,$-76.83
  Span (min) (P8),,,,split_detail,,197.24,197.24,197.24,197.24,197.24,197.24,203.72,194.86,197.88,197.24,196.33,197.88,197.37,197.88,186.40,185.86,197.49,196.93,186.57,186.57,186.57,197.83,189.00,189.00,186.57,190.31,190.60,190.31,189.29,180.18,183.26,183.40,177.06,184.47,184.47,184.47,182.81,187.86,178.84,181.59,180.49,181.59,178.63,182.66,190.02,190.02,180.94,184.42,182.40,178.37,175.00,180.28,183.48,183.48,175.27,178.70,176.72,184.59,183.94,185.10,183.53,183.53,184.25,184.25,184.25,175.00,184.46,185.56,175.25,176.33,189.13,179.18,176.33,179.18,184.38,178.97,170.61,170.61,151.47,172.63,179.00,175.34,183.47,172.05,183.88,173.19,185.68,175.00,172.44,171.44,174.76,187.46,175.36,170.61,176.67,176.67,176.67,183.21,173.65,181.03,170.23,169.09,169.09,171.97,170.23,163.61,176.13,173.47,191.82,171.22,180.10,196.00,173.47,160.89,172.70,171.67,165.20,165.20,190.04,165.74,165.40,156.64,170.30,195.05,179.56,172.56,168.00,170.03,168.00,180.71,170.93,166.70,165.18,167.51,186.15,153.28,165.70,186.15,158.15,189.00,149.41,165.75,190.58,163.36,168.30,179.42,162.75,158.47,184.19,159.66,166.90,176.40,161.28,167.56,176.24,171.59,165.16,188.42,160.72,167.25,159.14,175.18,177.96,150.99,156.06,151.78,151.78,151.78,158.34,154.89,154.89,154.89,158.86,154.89,154.89,149.33,176.48,176.48,176.48,149.33,159.58,159.58,170.42,165.93,154.59,153.58,153.58,153.58,157.68,166.94,156.33,145.39,168.78,156.33,156.33,153.74,150.19,150.67,172.59,172.59,167.51,155.95,166.45,144.59,157.90,149.84,102.94,151.61,100.30,100.30,93.20,154.24,98.55,167.51,98.00,101.96,108.21,154.61,154.61,93.40,159.35,100.52,163.00,167.10,147.00,151.77,106.35,145.91,96.34,96.34,92.27,148.12,139.47,139.47,94.55,136.64,134.03,127.45,127.45,136.85,140.46,149.97,93.98,92.59,98.20,138.94,91.09,147.36,147.66,145.73,145.73,145.73,145.73,127.38,126.83,125.23,92.19,159.08,146.93,90.73,90.73,90.34,88.67,90.46,90.23,88.93,89.00,88.71,89.47,146.51,143.36,163.33,147.48,86.14,94.70,82.17,83.80,87.62,80.31,84.47,85.37,79.95,79.88,79.88,79.51,79.51,84.50,84.09,83.57,83.57,83.01,89.20,89.20,155.40,78.85,83.89,83.89,83.81,82.37,81.29,80.84,82.07,78.55,82.24,77.71,74.48,81.97,76.32,78.66,78.66,82.76,80.25,114.44,81.73,74.92
  Sortino (P10),,,,split_detail,,1.4779,1.4779,1.4779,1.4779,1.4779,1.4779,0.5923,-0.3630,0.6274,0.1206,-1.2292,-0.4786,-1.5959,-0.4786,-4.6910,0.2941,1.2011,1.2221,-0.3335,-0.3335,-0.3335,-0.4786,-0.8261,0.6530,-0.0566,0.9126,0.9000,0.3600,0.3600,-0.3146,-0.9220,0.2082,-2.7111,0.2749,0.2749,0.2749,0.0080,0.0278,-0.0408,1.4108,-0.0693,0.4915,0.5864,-0.4402,-3.4747,-3.4747,1.2863,1.8928,0.7493,-1.8367,0.9022,0.5454,1.8928,1.8928,-1.6344,0.5667,-2.7286,-0.9264,-1.6863,-0.1137,1.2308,1.2308,1.1009,0.7947,0.7947,-2.3345,1.2657,0.7789,-1.1551,-2.5414,1.2104,0.9765,-2.5414,0.8030,0.3985,1.1247,-2.8377,-2.8377,-4.4380,-0.3388,0.6066,-1.7074,1.6128,-2.9084,1.0650,-0.9078,1.0340,-1.4030,0.1965,-2.8010,-0.7906,0.3128,-0.9406,-0.1017,2.3757,2.3757,2.3757,-0.4700,-2.1624,0.9717,-0.2963,-0.2907,-0.2907,-0.6246,-0.5513,-0.0292,1.4722,-0.7390,-2.6163,-0.2257,-0.4598,-2.9379,-0.8778,-0.1659,-0.5620,-0.9933,-1.4640,-1.4640,-2.7253,-0.3865,-0.1511,-3.2353,1.0528,-2.1090,-0.0825,-1.4668,-1.3021,-0.7103,0.2558,-0.5168,0.4602,-1.1825,0.9085,-0.7034,-3.5730,-5.4568,0.3010,-3.5730,1.3840,2.1089,-2.9989,0.6605,-2.9824,-0.3674,0.6608,0.8050,0.5554,-2.9742,0.8896,-1.2987,-1.9920,2.2033,-0.7276,-1.8179,2.6033,-2.4560,-0.8798,-5.5768,-2.4759,1.4846,-2.4196,-0.0242,-4.1632,-4.6937,-2.4504,-4.3533,-4.3533,-4.3533,-2.6355,-2.2890,-2.2890,-2.2890,-2.5642,-2.2890,-2.2890,-4.1895,-2.5189,-2.5189,-2.5189,-4.2289,-2.6488,-2.6488,-0.3753,-3.2719,-2.6976,-2.9848,-2.9848,-2.9848,-2.0007,3.0758,-2.3603,-4.4277,1.6321,-2.3603,-2.3603,-2.1038,-3.4957,-2.1985,1.0944,1.0944,2.4588,-2.5421,1.9805,-5.2652,3.4365,-3.6218,-8.1272,-2.9111,-6.0995,-6.0995,-6.3304,1.8961,-5.4953,2.2052,-6.8967,-6.8363,-7.1725,2.2421,2.2421,-5.6556,3.1534,-6.0452,-0.4859,1.7698,-0.4435,-0.1856,-8.0476,0.1511,-6.0549,-6.0549,-4.6432,-0.4368,-2.6857,-2.6857,-3.9554,0.0108,-0.1832,-1.4769,-1.4769,-1.4051,-4.4001,-0.2328,-4.5740,-3.8254,-4.6683,-2.4711,-5.6821,-0.0498,-0.1545,0.0785,0.0785,0.0785,0.0785,-0.7655,-0.4541,0.2320,-3.4743,1.2825,0.4337,-3.9619,-3.9619,-3.9304,-2.5578,-3.4014,-0.7965,-3.6339,-3.7973,-4.5582,-3.2674,2.0410,0.5028,1.8192,2.0793,-4.4286,-4.2474,-4.3146,-4.2993,-2.8277,-1.6512,-5.0894,-2.1064,-1.6512,-0.9298,-0.9298,-0.9298,-0.9298,-1.6229,-2.4906,-2.0913,-2.0913,-1.4153,-2.8578,-2.8578,-1.0498,-3.5567,-3.5677,-3.5677,-2.8063,-2.9779,-2.9571,-2.7658,-2.8308,-3.1350,-3.6309,-3.6726,-3.0304,-3.1191,-2.6875,-3.0872,-3.0872,-2.3276,-3.4001,-2.2408,-3.4016,-2.2762
  Trades/D (P10),,,,split_detail,,0.337,0.337,0.337,0.337,0.337,0.337,0.337,0.361,0.367,0.349,0.380,0.367,0.355,0.367,0.349,0.392,0.349,0.349,0.404,0.404,0.404,0.367,0.404,0.380,0.404,0.380,0.380,0.392,0.392,0.404,0.404,0.392,0.386,0.386,0.386,0.386,0.416,0.386,0.410,0.380,0.398,0.392,0.386,0.392,0.380,0.380,0.404,0.398,0.380,0.380,0.380,0.392,0.398,0.398,0.355,0.416,0.392,0.398,0.398,0.392,0.428,0.428,0.416,0.416,0.416,0.398,0.416,0.422,0.398,0.398,0.446,0.440,0.398,0.446,0.440,0.446,0.404,0.404,0.331,0.446,0.428,0.446,0.440,0.392,0.428,0.428,0.422,0.404,0.452,0.416,0.422,0.446,0.422,0.428,0.331,0.331,0.331,0.434,0.440,0.446,0.458,0.434,0.434,0.428,0.464,0.398,0.428,0.470,0.464,0.452,0.410,0.434,0.476,0.458,0.452,0.458,0.464,0.464,0.452,0.476,0.476,0.476,0.446,0.488,0.470,0.470,0.476,0.464,0.464,0.470,0.458,0.482,0.476,0.476,0.428,0.476,0.470,0.428,0.386,0.446,0.410,0.392,0.464,0.494,0.482,0.464,0.470,0.476,0.452,0.506,0.464,0.446,0.500,0.470,0.452,0.566,0.476,0.524,0.494,0.434,0.518,0.584,0.554,0.554,0.506,0.548,0.548,0.548,0.530,0.524,0.524,0.524,0.458,0.524,0.524,0.548,0.464,0.464,0.464,0.554,0.524,0.524,0.470,0.452,0.560,0.566,0.566,0.566,0.506,0.614,0.524,0.560,0.440,0.524,0.524,0.524,0.548,0.536,0.464,0.464,0.614,0.524,0.614,0.554,0.657,0.554,0.873,0.584,0.922,0.922,0.958,0.675,0.964,0.464,0.940,0.892,0.849,0.675,0.675,1.000,0.663,0.952,0.488,0.488,0.614,0.620,0.831,0.627,0.958,0.958,1.133,0.620,0.687,0.687,1.108,0.633,0.639,0.825,0.825,0.705,0.741,0.657,1.084,1.120,1.078,0.645,1.187,0.620,0.627,0.663,0.663,0.663,0.663,0.855,0.855,0.873,1.120,0.500,0.639,0.867,0.867,1.163,1.187,1.145,1.217,1.163,1.181,1.265,1.205,0.663,0.675,0.482,0.675,1.241,0.958,1.259,1.283,1.223,1.271,1.277,1.211,1.271,1.271,1.271,1.271,1.271,1.247,1.229,1.277,1.277,1.271,1.229,1.229,0.614,1.386,1.289,1.289,1.307,1.361,1.259,1.386,1.361,1.380,1.331,1.404,1.446,1.301,1.446,1.440,1.440,1.289,1.337,0.880,1.331,1.452
  Profit Fac (P10),,,,split_detail,,1.0911,1.0911,1.0911,1.0911,1.0911,1.0911,1.0355,0.9780,1.0382,1.0070,0.9306,0.9709,0.9135,0.9709,0.7423,1.0160,1.0723,1.0707,0.9822,0.9822,0.9822,0.9709,0.9564,1.0365,0.9969,1.0537,1.0529,1.0209,1.0209,0.9828,0.9509,1.0114,0.8498,1.0165,1.0165,1.0165,1.0004,1.0016,0.9977,1.0836,0.9962,1.0291,1.0346,0.9745,0.7936,0.7936,1.0775,1.1155,1.0444,0.8899,1.0541,1.0307,1.1155,1.1155,0.9087,1.0321,0.8435,0.9466,0.9058,0.9934,1.0705,1.0705,1.0672,1.0485,1.0485,0.8661,1.0775,1.0474,0.9313,0.8501,1.0686,1.0561,0.8501,1.0465,1.0223,1.0661,0.8348,0.8348,0.6944,0.9813,1.0353,0.9091,1.0942,0.8314,1.0663,0.9456,1.0640,0.9165,1.0111,0.8385,0.9521,1.0178,0.9454,0.9937,1.1449,1.1449,1.1449,0.9719,0.8795,1.0571,0.9837,0.9825,0.9825,0.9622,0.9698,0.9984,1.0961,0.9598,0.8446,0.9871,0.9720,0.8090,0.9518,0.9902,0.9673,0.9410,0.9206,0.9206,0.8213,0.9782,0.9914,0.8124,1.0636,0.8774,0.9950,0.9121,0.9252,0.9576,1.0147,0.9689,1.0272,0.9310,1.0538,0.9612,0.7796,0.7042,1.0179,0.7796,1.0762,1.1423,0.8285,1.0358,0.8045,0.9777,1.0404,1.0486,1.0335,0.8315,1.0565,0.9265,0.8866,1.1401,0.9584,0.8911,1.1707,0.8480,0.9455,0.6965,0.8638,1.0841,0.8654,0.9986,0.7670,0.7345,0.8671,0.7472,0.7472,0.7472,0.8554,0.8749,0.8749,0.8749,0.8580,0.8749,0.8749,0.7556,0.8439,0.8439,0.8439,0.7514,0.8509,0.8509,0.9800,0.8277,0.8421,0.8292,0.8292,0.8292,0.8873,1.1969,0.8671,0.7342,1.0950,0.8671,0.8671,0.8797,0.8026,0.8800,1.0640,1.0640,1.1542,0.8547,1.1261,0.6988,1.2224,0.7901,0.6024,0.8172,0.6767,0.6767,0.6641,1.1153,0.6955,1.1358,0.6404,0.6317,0.6249,1.1365,1.1365,0.6888,1.2020,0.6814,0.9694,1.1143,0.9702,0.9877,0.6176,1.0102,0.6677,0.6677,0.7331,0.9705,0.8397,0.8397,0.7759,1.0007,0.9878,0.9136,0.9136,0.9112,0.7589,0.9850,0.7353,0.7692,0.7391,0.8449,0.6917,0.9966,0.9896,1.0052,1.0052,1.0052,1.0052,0.9528,0.9715,1.0146,0.7969,1.0827,1.0295,0.7777,0.7777,0.7660,0.8450,0.8016,0.9502,0.7823,0.7743,0.7369,0.8019,1.1454,1.0329,1.1143,1.1476,0.7449,0.7567,0.7560,0.7373,0.8260,0.8902,0.7128,0.8644,0.8902,0.9381,0.9381,0.9381,0.9381,0.8949,0.8417,0.8649,0.8649,0.9069,0.8231,0.8231,0.9409,0.7934,0.7938,0.7938,0.8298,0.8120,0.8159,0.8241,0.8171,0.8040,0.7810,0.7730,0.8118,0.8010,0.8297,0.8073,0.8073,0.8529,0.7907,0.8791,0.7841,0.8589
  Max DD (P10),,,,split_detail,,"$7,244.00","$7,244.00","$7,244.00","$7,244.00","$7,244.00","$7,244.00","$9,278.50","$11,337.50","$9,557.50","$9,419.00","$12,816.00","$11,542.50","$11,136.50","$11,542.50","$13,153.50","$10,125.50","$8,770.00","$9,278.50","$10,125.50","$10,125.50","$10,125.50","$11,542.50","$11,024.00","$8,859.50","$9,342.50","$7,955.50","$7,955.50","$8,572.50","$8,572.50","$10,139.50","$11,169.00","$9,190.50","$13,878.00","$9,224.00","$9,224.00","$9,224.00","$10,317.50","$9,521.50","$9,650.50","$8,058.00","$10,749.00","$10,043.50","$9,521.50","$9,642.00","$14,073.00","$14,073.00","$9,179.50","$8,759.50","$9,076.00","$14,536.50","$9,101.50","$10,578.50","$8,759.50","$8,759.50","$12,013.00","$9,375.50","$14,909.50","$10,124.50","$10,489.00","$8,598.50","$8,970.00","$8,970.00","$9,179.50","$9,179.50","$9,179.50","$13,798.00","$8,264.50","$8,518.50","$14,473.00","$14,473.00","$10,114.50","$8,271.50","$14,473.00","$8,271.50","$10,128.50","$7,966.00","$15,046.00","$15,046.00","$15,171.50","$9,193.00","$9,885.00","$10,693.00","$7,966.00","$15,435.00","$8,264.50","$14,940.00","$8,264.50","$13,917.50","$9,193.00","$14,956.50","$14,371.00","$9,582.50","$8,694.00","$13,366.50","$6,549.50","$6,549.50","$6,549.50","$9,885.00","$8,874.00","$8,970.00","$8,177.50","$13,426.00","$13,426.00","$14,940.00","$8,329.00","$9,754.00","$11,727.50","$9,017.50","$14,297.50","$7,881.50","$13,052.50","$13,169.00","$9,022.00","$10,763.00","$8,240.00","$14,380.00","$10,022.50","$10,022.50","$12,657.00","$8,945.50","$9,365.50","$14,637.50","$6,916.00","$12,913.50","$9,066.50","$14,380.00","$11,307.00","$10,403.00","$8,430.50","$9,066.50","$8,456.00","$11,307.00","$7,057.50","$10,429.00","$13,057.00","$14,987.00","$8,367.00","$13,057.00","$7,859.50","$7,675.00","$13,701.00","$8,858.00","$12,490.00","$9,667.00","$7,379.50","$8,476.50","$7,833.50","$16,737.50","$8,940.00","$11,696.50","$9,905.50","$11,422.00","$10,392.50","$14,380.00","$11,054.50","$16,361.50","$12,080.50","$19,082.00","$12,224.00","$8,717.00","$11,436.50","$11,611.50","$17,731.50","$20,796.50","$11,720.00","$19,892.50","$19,892.50","$19,892.50","$12,340.50","$11,568.50","$11,568.50","$11,568.50","$11,502.50","$11,568.50","$11,568.50","$18,723.50","$10,430.00","$10,430.00","$10,430.00","$18,723.50","$11,436.50","$11,436.50","$8,104.50","$10,895.50","$18,080.50","$18,984.50","$18,984.50","$18,984.50","$11,372.50","$7,772.50","$11,436.50","$18,500.50","$8,717.00","$11,436.50","$11,436.50","$11,436.50","$16,024.50","$12,142.00","$9,063.50","$9,063.50","$9,275.50","$12,480.00","$9,275.50","$18,965.50","$8,652.00","$13,926.50","$27,971.50","$18,050.50","$26,332.50","$26,332.50","$24,644.00","$8,122.50","$24,180.50","$9,360.00","$26,766.50","$25,533.00","$28,631.00","$8,122.50","$8,122.50","$23,645.00","$9,201.00","$26,828.00","$8,424.50","$7,827.00","$12,900.50","$13,192.50","$27,799.00","$13,065.50","$25,214.00","$25,214.00","$23,679.00","$13,461.50","$15,480.00","$15,480.00","$22,248.50","$8,917.50","$8,917.50","$12,916.00","$12,916.00","$13,897.00","$16,519.00","$16,353.00","$22,285.00","$21,503.00","$23,710.00","$16,667.00","$29,550.00","$12,658.00","$12,861.50","$15,623.50","$15,623.50","$15,623.50","$15,623.50","$13,137.50","$13,137.50","$12,921.00","$19,992.00","$7,255.50","$14,256.00","$18,306.50","$18,306.50","$21,494.50","$20,732.00","$19,052.00","$15,382.50","$21,033.50","$20,554.50","$25,711.00","$19,143.50","$12,132.50","$16,285.50","$8,843.50","$11,955.50","$23,217.00","$21,339.00","$22,708.50","$25,435.50","$18,352.50","$18,183.00","$27,971.00","$15,765.00","$18,183.00","$13,258.50","$13,258.50","$13,258.50","$13,258.50","$18,129.50","$16,188.50","$20,249.00","$20,249.00","$15,544.50","$17,900.00","$17,900.00","$10,996.50","$20,423.00","$20,634.00","$20,634.00","$21,158.00","$20,751.00","$18,609.50","$19,951.00","$18,013.50","$20,498.50","$21,351.00","$22,606.50","$19,553.00","$18,901.00","$17,595.00","$19,811.00","$19,811.00","$16,403.00","$20,218.00","$12,564.50","$21,660.00","$15,580.00"
  Total PNL (P10),,,,split_detail,,"$2,369.50","$2,369.50","$2,369.50","$2,369.50","$2,369.50","$2,369.50",$954.50,$-654.00,"$1,126.00",$194.50,"$-2,132.50",$-859.00,"$-2,588.50",$-859.00,"$-7,473.00",$514.00,"$2,101.00","$2,043.50",$-591.50,$-591.50,$-591.50,$-859.00,"$-1,490.00","$1,150.00",$-101.00,"$1,667.00","$1,641.00",$669.00,$669.00,$-563.50,"$-1,635.00",$367.50,"$-4,702.50",$518.50,$518.50,$518.50,$14.50,$51.00,$-74.50,"$2,569.00",$-122.00,$918.00,"$1,079.50",$-816.50,"$-6,270.50","$-6,270.50","$2,460.00","$3,601.50","$1,364.50","$-3,290.50","$1,654.50",$984.50,"$3,601.50","$3,601.50","$-2,714.00","$1,045.50","$-4,936.50","$-1,737.00","$-3,070.00",$-211.00,"$2,319.00","$2,319.00","$2,160.50","$1,559.50","$1,559.50","$-4,288.00","$2,488.00","$1,565.00","$-2,130.50","$-4,692.00","$2,301.00","$1,876.50","$-4,692.00","$1,568.50",$764.00,"$2,208.50","$-5,265.00","$-5,265.00","$-7,615.50",$-656.00,"$1,150.00","$-3,301.50","$3,117.50","$-5,397.50","$2,154.00","$-1,804.00","$2,058.50","$-2,642.50",$387.00,"$-5,287.00","$-1,563.50",$608.00,"$-1,814.00",$-200.00,"$3,546.00","$3,546.00","$3,546.00",$-911.50,"$-4,271.00","$1,908.00",$-583.00,$-584.50,$-584.50,"$-1,241.00","$-1,092.50",$-49.00,"$2,951.00","$-1,485.00","$-5,774.50",$-458.00,$-863.50,"$-6,051.00","$-1,793.00",$-343.00,"$-1,145.50","$-2,060.00","$-2,928.00","$-2,928.00","$-5,830.00",$-781.50,$-307.00,"$-6,727.50","$2,116.00","$-4,735.50",$-175.50,"$-3,106.50","$-2,712.00","$-1,487.50",$511.00,"$-1,099.00",$953.00,"$-2,518.50","$1,883.00","$-1,435.50","$-7,344.50","$-11,037.00",$626.50,"$-7,344.50","$2,301.00","$4,494.00","$-5,424.00","$1,101.00","$-6,513.50",$-802.50,"$1,420.50","$1,669.00","$1,160.00","$-6,236.50","$1,914.00","$-2,767.00","$-4,084.00","$4,493.50","$-1,528.00","$-3,850.00","$5,402.00","$-6,249.50","$-1,900.00","$-12,967.50","$-5,719.00","$2,685.00","$-5,816.00",$-56.50,"$-10,134.50","$-13,665.50","$-5,495.00","$-12,787.50","$-12,787.50","$-12,787.50","$-6,334.50","$-5,267.00","$-5,267.00","$-5,267.00","$-4,849.00","$-5,267.00","$-5,267.00","$-12,288.50","$-5,081.50","$-5,081.50","$-5,081.50","$-12,571.00","$-6,441.00","$-6,441.00",$-710.50,"$-6,058.00","$-7,572.50","$-8,321.50","$-8,321.50","$-8,321.50","$-4,740.50","$8,218.00","$-5,739.50","$-13,447.00","$3,015.00","$-5,739.50","$-5,739.50","$-5,138.00","$-8,369.00","$-5,131.00","$2,110.50","$2,110.50","$6,597.00","$-6,208.50","$5,363.00","$-14,478.00","$10,178.00","$-8,950.50","$-25,106.50","$-9,242.50","$-21,965.00","$-21,965.00","$-22,972.50","$5,481.00","$-19,855.50","$4,293.00","$-24,876.00","$-23,944.50","$-24,137.00","$6,506.50","$6,506.50","$-21,548.00","$9,377.00","$-22,242.50","$-1,023.00","$3,725.50","$-1,503.00",$-624.50,"$-23,078.50",$515.00,"$-22,268.00","$-22,268.00","$-20,172.00","$-1,477.50","$-8,684.50","$-8,684.50","$-15,961.00",$34.00,$-577.00,"$-5,203.00","$-5,203.00","$-4,712.00","$-13,874.00",$-811.50,"$-19,183.00","$-16,251.00","$-19,144.50","$-7,765.00","$-25,094.00",$-170.00,$-527.50,$278.50,$278.50,$278.50,$278.50,"$-2,819.00","$-1,682.00",$854.50,"$-14,498.50","$2,766.50","$1,501.00","$-13,478.50","$-13,478.50","$-17,304.00","$-10,988.50","$-14,394.00","$-3,584.00","$-15,734.00","$-16,878.50","$-22,191.50","$-15,032.00","$7,326.50","$1,744.50","$3,742.50","$7,540.00","$-20,115.00","$-15,719.00","$-19,340.00","$-21,148.50","$-13,187.50","$-8,139.50","$-24,225.00","$-10,124.50","$-8,139.50","$-4,604.00","$-4,604.00","$-4,604.00","$-4,604.00","$-7,675.50","$-12,141.00","$-10,214.00","$-10,214.00","$-6,985.50","$-13,879.50","$-13,879.50","$-2,450.00","$-17,459.50","$-16,888.00","$-16,888.00","$-13,450.00","$-15,629.50","$-14,562.00","$-14,801.00","$-15,241.50","$-16,646.50","$-18,627.00","$-19,882.50","$-16,451.00","$-16,177.00","$-14,772.50","$-16,733.00","$-16,733.00","$-11,743.00","$-17,494.00","$-7,035.50","$-17,968.00","$-12,136.50"
  Avg Profit/Tr (P10),,,,split_detail,,$42.31,$42.31,$42.31,$42.31,$42.31,$42.31,$17.04,$-10.90,$18.46,$3.35,$-33.85,$-14.08,$-43.87,$-14.08,$-128.84,$7.91,$36.22,$35.23,$-8.83,$-8.83,$-8.83,$-14.08,$-22.24,$18.25,$-1.51,$26.46,$26.05,$10.29,$10.29,$-8.41,$-24.40,$5.65,$-73.48,$8.10,$8.10,$8.10,$0.21,$0.80,$-1.10,$40.78,$-1.85,$14.12,$16.87,$-12.56,$-99.53,$-99.53,$36.72,$54.57,$21.66,$-52.23,$26.26,$15.15,$54.57,$54.57,$-46.00,$15.15,$-75.95,$-26.32,$-46.52,$-3.25,$32.66,$32.66,$31.31,$22.60,$22.60,$-64.97,$36.06,$22.36,$-32.28,$-71.09,$31.09,$25.71,$-71.09,$21.20,$10.47,$29.84,$-78.58,$-78.58,$-138.46,$-8.86,$16.20,$-44.61,$42.71,$-83.04,$30.34,$-25.41,$29.41,$-39.44,$5.16,$-76.62,$-22.34,$8.22,$-25.91,$-2.82,$64.47,$64.47,$64.47,$-12.66,$-58.51,$25.78,$-7.67,$-8.12,$-8.12,$-17.48,$-14.19,$-0.74,$41.56,$-19.04,$-74.99,$-6.11,$-12.70,$-84.04,$-22.70,$-4.51,$-15.27,$-27.11,$-38.03,$-38.03,$-77.73,$-9.89,$-3.89,$-85.16,$28.59,$-58.46,$-2.25,$-39.83,$-34.33,$-19.32,$6.64,$-14.09,$12.54,$-31.48,$23.84,$-18.17,$-103.44,$-139.71,$8.03,$-103.44,$35.95,$60.73,$-79.76,$16.94,$-84.59,$-9.79,$17.76,$21.68,$14.87,$-78.94,$25.52,$-32.94,$-53.04,$60.72,$-18.41,$-49.36,$72.03,$-66.48,$-24.05,$-149.05,$-69.74,$37.29,$-67.63,$-0.58,$-110.16,$-148.54,$-65.42,$-140.52,$-140.52,$-140.52,$-71.98,$-60.54,$-60.54,$-60.54,$-63.80,$-60.54,$-60.54,$-135.04,$-65.99,$-65.99,$-65.99,$-136.64,$-74.03,$-74.03,$-9.11,$-80.77,$-81.42,$-88.53,$-88.53,$-88.53,$-56.43,$80.57,$-65.97,$-144.59,$41.30,$-65.97,$-65.97,$-59.06,$-91.97,$-57.65,$27.41,$27.41,$64.68,$-71.36,$52.58,$-157.37,$93.38,$-97.29,$-173.15,$-95.28,$-143.56,$-143.56,$-144.48,$48.94,$-124.10,$55.75,$-159.46,$-161.79,$-171.18,$58.09,$58.09,$-129.81,$85.25,$-140.78,$-12.63,$45.99,$-14.74,$-6.06,$-167.24,$4.95,$-140.05,$-140.05,$-107.30,$-14.34,$-76.18,$-76.18,$-86.74,$0.32,$-5.44,$-37.98,$-37.98,$-40.27,$-112.80,$-7.44,$-106.57,$-87.37,$-106.95,$-72.57,$-127.38,$-1.65,$-5.07,$2.53,$2.53,$2.53,$2.53,$-19.85,$-11.85,$5.89,$-77.95,$33.33,$14.16,$-93.60,$-93.60,$-89.66,$-55.78,$-75.76,$-17.74,$-81.52,$-86.11,$-105.67,$-75.16,$66.60,$15.58,$46.78,$67.32,$-97.65,$-98.86,$-92.54,$-99.29,$-64.96,$-38.58,$-114.27,$-50.37,$-38.58,$-21.82,$-21.82,$-21.82,$-21.82,$-37.08,$-59.51,$-48.18,$-48.18,$-33.11,$-68.04,$-68.04,$-24.02,$-75.91,$-78.92,$-78.92,$-61.98,$-69.16,$-69.67,$-64.35,$-67.44,$-72.69,$-84.29,$-85.33,$-68.55,$-74.89,$-61.55,$-70.01,$-70.01,$-54.87,$-78.80,$-48.19,$-81.30,$-50.36
  Span (min) (P10),,,,split_detail,,143.88,143.88,143.88,143.88,143.88,143.88,141.25,148.05,150.44,137.71,142.00,148.15,138.34,148.15,142.90,136.98,145.19,139.76,137.60,137.60,137.60,148.15,138.12,142.67,138.85,145.44,145.56,144.63,144.63,133.84,136.24,139.68,143.06,147.55,147.55,147.55,138.48,142.84,136.91,148.11,140.00,147.00,144.70,140.54,151.78,151.78,145.54,144.45,147.78,143.11,144.78,140.65,144.45,144.45,146.05,135.43,142.15,135.97,132.68,140.86,158.73,158.73,166.78,163.13,163.13,149.12,161.10,159.90,142.86,137.98,156.84,152.56,137.98,150.78,154.48,148.89,136.55,136.55,117.09,125.91,156.86,123.92,154.10,141.18,159.62,143.85,158.90,144.91,127.59,136.35,136.60,148.99,125.90,140.99,143.56,143.56,143.56,147.10,121.01,155.04,122.68,159.74,159.74,163.56,121.27,133.21,158.44,122.41,159.45,125.91,148.13,164.69,121.13,129.78,124.79,126.09,122.64,122.64,156.33,119.44,136.28,123.34,145.86,158.15,140.27,148.17,138.58,141.73,143.45,137.22,143.78,135.80,141.06,138.49,157.25,124.85,140.72,157.25,135.08,156.55,128.47,132.57,155.73,139.83,141.22,151.91,143.95,144.78,158.95,131.50,134.91,156.55,137.05,147.72,159.97,145.88,149.84,147.16,121.48,148.26,124.21,145.05,149.43,116.79,120.42,118.08,118.08,118.08,122.66,119.80,119.80,119.80,150.04,119.80,119.80,118.69,154.64,154.64,154.64,117.71,124.71,124.71,125.37,114.33,121.41,118.85,118.85,118.85,122.75,151.19,124.23,116.44,148.63,124.23,124.23,142.57,138.92,137.01,144.09,144.09,146.79,140.00,145.90,115.04,143.60,141.14,83.18,116.91,84.27,84.27,79.42,137.44,79.71,146.18,81.89,83.10,82.56,137.12,137.12,81.26,145.79,85.64,144.32,144.41,134.51,120.56,85.22,119.81,80.70,80.70,75.06,137.01,121.89,121.89,74.95,130.00,129.04,115.63,115.63,126.24,122.36,136.40,74.12,71.47,77.78,126.65,76.61,134.63,133.81,136.12,136.12,136.12,136.12,114.32,115.85,116.39,74.85,143.12,139.14,71.99,71.99,71.41,69.96,74.16,73.53,73.16,70.86,76.10,73.47,169.91,133.94,147.18,170.50,70.78,74.62,69.36,72.69,74.34,70.53,73.57,70.35,70.53,70.36,70.36,70.36,70.36,72.30,69.86,70.56,70.56,69.17,79.20,79.20,134.92,70.94,74.51,74.51,73.26,71.15,68.96,70.37,73.28,69.54,73.10,70.72,70.06,74.80,69.18,69.36,69.36,73.96,71.77,104.23,73.01,71.60
